"baseMean","log2FoldChange","lfcSE","stat","pvalue","padj","sgRNA"
10860.799122525,-0.561378275394972,4.32286497712845,-0.129862551424837,0.896675172966987,0.99985898606518,"ATM_CRISPRa_1_CtIP_CasRx_1"
28412.604072862,0.56050083637417,4.28388609174,0.13083934174975,0.895902400278334,0.99985898606518,"ATM_CRISPRa_3_CtIP_CasRx_1"
18093.9147808619,2.464697976178,4.56214993297155,0.540249227313891,0.589025167869877,0.99985898606518,"ATM_CRISPRa_4_CtIP_CasRx_1"
33957.0167145272,-0.985567673499698,4.26578876373197,-0.231039961912569,0.817283756638976,0.99985898606518,"RAD51_CRISPRa_3_CtIP_CasRx_1"
37287.7434305997,10.9562265817233,4.0103219588088,2.73200673019721,0.0062949855054922,0.0266180206072752,"BRCA1_CRISPRa_5_CtIP_CasRx_1"
5753.04558076715,0.170021130557852,4.46755626083123,0.0380568527023358,0.969642352924542,0.99985898606518,"BRCA2_CRISPRa_2_CtIP_CasRx_1"
11941.1825780335,-1.0061931823944,4.56210870703921,-0.220554407404162,0.825439404402225,0.99985898606518,"POLQ_CRISPRa_1_CtIP_CasRx_1"
26806.3462052982,-8.86173604400939,4.21652215338552,-2.10166950905123,0.0355822363167352,0.12511173414594,"POLQ_CRISPRa_4_CtIP_CasRx_1"
13419.7732397983,5.51039546507135,4.56226610279754,1.20781982920558,0.227116572452974,0.552856966690739,"POLD3_CRISPRa_5_CtIP_CasRx_1"
19374.2967676239,-17.5871691977619,4.23559824696852,-4.15222789610638,3.29254130639641e-05,0.000343827158781553,"EXO1_CRISPRa_3_CtIP_CasRx_1"
22789.2783771558,0.582628723199749,4.22605309207207,0.137865926079523,0.890346380252044,0.99985898606518,"MRE11_CRISPRa_4_CtIP_CasRx_1"
32672.7638781968,8.34558091390637,4.22281167954881,1.97630904411964,0.0481197859061435,0.158407751590358,"RAD50_CRISPRa_2_CtIP_CasRx_1"
17226.1606374651,-0.0146522675012621,4.21392197598709,-0.0034771093496172,0.99722567372412,0.99985898606518,"PALB2_CRISPRa_4_CtIP_CasRx_1"
39.6064332758375,-0.255074685939715,4.56779002991862,-0.0558420339527426,0.955467648915345,0.99985898606518,"PALB2_CRISPRa_5_CtIP_CasRx_1"
35526.7069186846,-2.51582063255001,4.28984653262194,-0.586459355461452,0.557566867184586,0.99985898606518,"NBN_CRISPRa_1_CtIP_CasRx_1"
51795.3554859583,-0.933165662980265,3.01703986562707,-0.309298419822608,0.75709453288066,0.99985898606518,"NBN_CRISPRa_5_CtIP_CasRx_1"
27295.134231115,-18.0445033365345,4.30447517214761,-4.19203331762549,2.76465381634864e-05,0.000343827158781553,"DNA-PKcs_CRISPRa_3_CtIP_CasRx_1"
9267.38931499001,7.3804567170426,4.56430381915032,1.6169950576201,0.105879347764606,0.311914835306542,"DNA-PKcs_CRISPRa_4_CtIP_CasRx_1"
14651.9565588592,1.19506680565535,4.24174162517056,0.281739651129104,0.778143148333449,0.99985898606518,"XLF_CRISPRa_5_CtIP_CasRx_1"
18314.9228481704,17.9185144071362,4.23747161165223,4.22858630081762,2.35164310147993e-05,0.000343827158781553,"LIG4_CRISPRa_3_CtIP_CasRx_1"
49045.1275363211,-0.000679504154722451,3.84476805022121,-0.000176734758988479,0.99985898606518,0.99985898606518,"53BP1_CRISPRa_3_CtIP_CasRx_1"
12516.9890346064,7.13039205516755,4.56257596125493,1.56279963681007,0.11809972966091,0.342915080301035,"53BP1_CRISPRa_4_CtIP_CasRx_1"
22322.4160369857,-11.6379361123148,4.04950567846408,-2.87391524704046,0.00405417740428533,0.0175980001486899,"NT_CRISPRa_1_CtIP_CasRx_1"
17367.3364273947,4.86218161375548,4.5622270417618,1.06574740126871,0.286537843752468,0.656760805423297,"NT_CRISPRa_5_CtIP_CasRx_1"
8899.27257784215,-7.60381436077421,4.32141902402829,-1.75956423538076,0.078481719990404,0.240595522845582,"ATM_CRISPRa_1_CtIP_CasRx_2"
28313.3346408662,-0.0752560283781317,4.28387461282002,-0.0175672808333182,0.985984058759948,0.99985898606518,"BRCA1_CRISPRa_5_CtIP_CasRx_2"
12284.1568967531,-4.84779534838288,4.43082848798082,-1.09410584533641,0.273908559079587,0.633736548247817,"EXO1_CRISPRa_4_CtIP_CasRx_2"
9350.1152801268,1.97913197943506,4.37011192914753,0.452879013517882,0.650635863601308,0.99985898606518,"EXO1_CRISPRa_5_CtIP_CasRx_2"
33746.2368999701,10.511076688739,4.16431673871814,2.52408194386639,0.0116000885394391,0.0478138103243266,"NBN_CRISPRa_1_CtIP_CasRx_2"
26194.4858733634,-0.274778795182954,4.56209197456257,-0.0602308758164177,0.951971755001446,0.99985898606518,"KU70_CRISPRa_5_CtIP_CasRx_2"
11882.1884533585,0.522540302279594,4.29443588934395,0.121678449916136,0.903153680877685,0.99985898606518,"DNA-PKcs_CRISPRa_5_CtIP_CasRx_2"
34736.514825591,0.155417434474306,4.24843855791885,0.0365822483614872,0.970818097811129,0.99985898606518,"XRCC4_CRISPRa_1_CtIP_CasRx_2"
26627.2638505234,5.48058165839194,4.5622091380017,1.201299960745,0.22963486566889,0.557603473319754,"LIG4_CRISPRa_3_CtIP_CasRx_2"
23113.3098664965,0.596578811906551,4.22957458737476,0.1410493655053,0.887830944100636,0.99985898606518,"LIG4_CRISPRa_5_CtIP_CasRx_2"
6416.54374634927,-3.48776331015502,4.56270198774142,-0.764407432158746,0.444624481112995,0.936001321828,"53BP1_CRISPRa_3_CtIP_CasRx_2"
9055.35913086906,5.70004894119856,4.56231058657475,1.24937766358384,0.21152697412198,0.524813566898178,"53BP1_CRISPRa_4_CtIP_CasRx_2"
33615.4107302933,0.983378285386174,4.56209254006009,0.21555421700701,0.829335246301723,0.99985898606518,"NT_CRISPRa_5_CtIP_CasRx_2"
20435.0602750584,1.94866160197539,4.21349747398782,0.462480780872785,0.643736581606542,0.99985898606518,"ATM_CRISPRa_4_CtIP_CasRx_3"
8320.24123655328,-0.239181057476212,4.56210978780203,-0.0524277294061891,0.95818787962364,0.99985898606518,"POLQ_CRISPRa_5_CtIP_CasRx_3"
7531.85131510559,7.16805966338828,4.56269127061408,1.5710157094244,0.116178999851226,0.340213727922545,"EXO1_CRISPRa_3_CtIP_CasRx_3"
15704.1408486639,0.0810022679460278,4.22743035063279,0.0191611123608229,0.984712579743421,0.99985898606518,"MRE11_CRISPRa_2_CtIP_CasRx_3"
7193.90837851576,-16.0803506637641,4.45890291747846,-3.60634688876734,0.000310537949877305,0.00167383367488811,"MRE11_CRISPRa_4_CtIP_CasRx_3"
8335.1142084165,1.70909185101787,4.40060518069575,0.388376548415473,0.697737396506363,0.99985898606518,"RAD50_CRISPRa_5_CtIP_CasRx_3"
151099.310660026,-0.643553974435892,1.8883734266059,-0.340798046280811,0.733255621355956,0.99985898606518,"PALB2_CRISPRa_5_CtIP_CasRx_3"
25425.0924401697,0.217988525802976,4.25690898975462,0.0512081715459793,0.959159640437528,0.99985898606518,"NBN_CRISPRa_3_CtIP_CasRx_3"
77239.2866074348,0.962443648648668,2.56232130331483,0.375613958875326,0.707203911772181,0.99985898606518,"KU70_CRISPRa_5_CtIP_CasRx_3"
11454.8470192218,16.9479838750105,4.33323984507727,3.91115758207202,9.18548143800646e-05,0.000672459499304802,"DNA-PKcs_CRISPRa_1_CtIP_CasRx_3"
5219.57688158769,1.38170220376789,4.56216100352775,0.302861341960416,0.761995533169663,0.99985898606518,"DNA-PKcs_CRISPRa_3_CtIP_CasRx_3"
8703.83719214172,0.650443072070042,4.56211228777313,0.142574980851148,0.886625857972232,0.99985898606518,"XRCC4_CRISPRa_1_CtIP_CasRx_3"
13335.1116082779,-0.261490269333203,4.26482384088102,-0.0613132638273719,0.951109727670214,0.99985898606518,"XRCC4_CRISPRa_2_CtIP_CasRx_3"
27366.9976414232,0.449739604794092,4.27664716330096,0.105161727779048,0.916247479089332,0.99985898606518,"LIG3_CRISPRa_3_CtIP_CasRx_3"
6254.24693473546,1.05674554107005,4.45723339478989,0.237085529850264,0.812590437889455,0.99985898606518,"NT_CRISPRa_3_CtIP_CasRx_3"
24215.0057427741,0.775955260627274,4.24221567969957,0.182912732216912,0.85486649257478,0.99985898606518,"NT_CRISPRa_4_CtIP_CasRx_3"
18321.5858612754,0.355917821159769,4.20829102882283,0.084575381959581,0.932598971278135,0.99985898606518,"RAD51_CRISPRa_2_CtIP_CasRx_4"
20680.4933822858,-0.559235701577651,4.21100486882743,-0.132803385177128,0.894348877092136,0.99985898606518,"BRCA1_CRISPRa_1_CtIP_CasRx_4"
1583.59692988759,3.61588926465412,4.42575643015279,0.817010452725996,0.413922454608563,0.880819800370934,"BRCA1_CRISPRa_5_CtIP_CasRx_4"
35707.1405778742,-8.74088446743895,4.1240847911653,-2.11947253998362,0.0340505520435639,0.121479477244268,"NBN_CRISPRa_5_CtIP_CasRx_4"
2720.07672174745,0.367895070345054,4.56216638289069,0.0806404325201195,0.935727910393393,0.99985898606518,"LIG4_CRISPRa_3_CtIP_CasRx_4"
23212.4999239777,0.966281306963673,4.2309892681097,0.228381885590408,0.819349370575943,0.99985898606518,"LIG4_CRISPRa_4_CtIP_CasRx_4"
19291.94791419,17.6610769507671,4.23672006330298,4.16857302037519,3.06512567753125e-05,0.000343827158781553,"BRCA1_CRISPRa_2_CtIP_CasRx_5"
47912.9627468605,-0.347966109147667,4.56208825356281,-0.0762734278268114,0.939201565769163,0.99985898606518,"EXO1_CRISPRa_5_CtIP_CasRx_5"
6322.57616508255,16.264892282295,4.48220520507415,3.62877011161428,0.000284774687733269,0.00156069256238177,"RAD50_CRISPRa_2_CtIP_CasRx_5"
4493.68936292723,-1.14879797402165,4.49254155120209,-0.255712264634316,0.798173024155523,0.99985898606518,"NBN_CRISPRa_5_CtIP_CasRx_5"
34974.4528190279,5.69451690281005,4.56225151451524,1.24818127292903,0.211964680412641,0.524813566898178,"DNA-PKcs_CRISPRa_2_CtIP_CasRx_5"
6353.56148884913,-14.7839820666836,4.50495278172044,-3.28171743035176,0.00103176943154752,0.00488968991472521,"XLF_CRISPRa_5_CtIP_CasRx_5"
26800.5979347508,18.4949599516491,4.29949534485568,4.30165832689601,1.6952457699311e-05,0.000343827158781553,"53BP1_CRISPRa_3_CtIP_CasRx_5"
10334.4890631644,-1.74088537468738,4.56476018133194,-0.381374991353743,0.702925015324183,0.99985898606518,"NT_CRISPRa_4_CtIP_CasRx_5"
18051.6819336635,0.0526587064504361,4.56209546921501,0.0115426577119608,0.990790496123006,0.99985898606518,"CtIP_CRISPRa_3_ATM_CasRx_1"
28533.0574088345,0.656465974883975,4.2845464525132,0.15321714495566,0.878227037589175,0.99985898606518,"BRCA2_CRISPRa_4_ATM_CasRx_1"
19334.5015608915,0.480321946851027,4.20698692926239,0.114172436217966,0.909101101716453,0.99985898606518,"EXO1_CRISPRa_5_ATM_CasRx_1"
28711.6253715772,-0.0656828770347364,4.28592183726324,-0.0153252624589808,0.987772688320816,0.99985898606518,"RAD50_CRISPRa_5_ATM_CasRx_1"
28434.6630627409,0.925466848325359,4.28458827967531,0.215999015054836,0.828988515316856,0.99985898606518,"XRCC1_CRISPRa_3_ATM_CasRx_1"
30145.3971006214,0.0557660766477427,4.28898536665811,0.0130021606231766,0.989626069078702,0.99985898606518,"KU70_CRISPRa_3_ATM_CasRx_1"
16811.3856374881,0.320125577140455,4.21654333790453,0.0759213297448392,0.939481687150902,0.99985898606518,"DNA-PKcs_CRISPRa_1_ATM_CasRx_1"
33937.8791018703,0.541743445862733,4.56209063204343,0.11874894419186,0.905474258993463,0.99985898606518,"DNA-PKcs_CRISPRa_3_ATM_CasRx_1"
20319.8805897733,-0.430273483402823,4.20984522464324,-0.102206485142049,0.918592780316085,0.99985898606518,"XRCC4_CRISPRa_4_ATM_CasRx_1"
19274.3780056033,7.83088931236884,4.12215076926301,1.89970958140595,0.0574712422537916,0.18485012672449,"XLF_CRISPRa_5_ATM_CasRx_1"
9672.93969222758,-13.4679397614404,4.45408458386259,-3.02372788568847,0.0024968090464793,0.0111334985208918,"BRCA1_CRISPRa_4_ATM_CasRx_2"
63838.8608399985,6.06787614990643,4.5621685802532,1.33004207169601,0.183504409929925,0.481772115491427,"POLQ_CRISPRa_1_ATM_CasRx_2"
13830.9040252131,-7.84598817500663,4.26384327354558,-1.84012114696756,0.0657504532750835,0.207399339751952,"POLQ_CRISPRa_4_ATM_CasRx_2"
35614.823919264,5.98796205124986,4.56227638341342,1.31249436641315,0.189353385619003,0.487547693680425,"XLF_CRISPRa_2_ATM_CasRx_2"
19945.0646668426,-17.6098962045261,4.23703404447134,-4.1561847319835,3.23606199771464e-05,0.000343827158781553,"XLF_CRISPRa_4_ATM_CasRx_2"
42159.3714781677,-8.68917561712811,4.09713273703482,-2.12079426633774,0.0339391194257947,0.121479477244268,"LIG4_CRISPRa_2_ATM_CasRx_2"
26642.857371606,0.85409378314033,4.27019653925969,0.200012757091598,0.841470603999591,0.99985898606518,"LIG4_CRISPRa_5_ATM_CasRx_2"
9749.17083771991,-16.5304315996252,4.3786360426842,-3.77524677513312,0.000159849336394668,0.00101826103248811,"BRCA2_CRISPRa_5_ATM_CasRx_3"
8446.66295537796,-13.6911457706143,4.48217848749563,-3.05457397754458,0.00225380422363644,0.0100958079606728,"RAD50_CRISPRa_1_ATM_CasRx_3"
40341.3943187083,-2.57269470360868,4.15733632937812,-0.618832468623851,0.536026730242461,0.99985898606518,"XRCC1_CRISPRa_3_ATM_CasRx_3"
3860.07652249142,0.884723959532272,4.48837460646885,0.197114554176732,0.843737894278861,0.99985898606518,"KU70_CRISPRa_1_ATM_CasRx_3"
28494.4981980428,0.88467139188182,4.28451573249922,0.206481069767429,0.836415150281828,0.99985898606518,"DNA-PKcs_CRISPRa_1_ATM_CasRx_3"
14261.038484491,7.94094909328194,4.56262328361037,1.74043496464129,0.0817826704823005,0.247847378952735,"DNA-PKcs_CRISPRa_4_ATM_CasRx_3"
28359.8457753179,-18.129614624786,4.31123913878612,-4.20519809761484,2.60853578413812e-05,0.000343827158781553,"XLF_CRISPRa_1_ATM_CasRx_3"
16118.3545312669,-0.0660875808129117,4.22333733299385,-0.0156481890036625,0.987515061113996,0.99985898606518,"BRCA2_CRISPRa_5_ATM_CasRx_4"
10875.310848959,-16.7685535689622,4.34658315174469,-3.85787018988269,0.000114379363913233,0.00078465843355861,"EXO1_CRISPRa_4_ATM_CasRx_4"
34488.285417378,0.00269107443232965,4.25293802121582,0.000632756560031019,0.999495133343694,0.99985898606518,"XRCC1_CRISPRa_2_ATM_CasRx_4"
9629.7915599231,-0.0246468504582529,4.56210581165536,-0.0054025161791041,0.99568943672008,0.99985898606518,"DNA-PKcs_CRISPRa_3_ATM_CasRx_4"
16519.8241241467,1.16952439488777,4.21963551630287,0.277162420870055,0.781655393459565,0.99985898606518,"BRCA1_CRISPRa_5_ATM_CasRx_5"
15106.8290927004,0.0870885448692961,4.23521665690202,0.0205629491769613,0.983594296485885,0.99985898606518,"RAD50_CRISPRa_2_ATM_CasRx_5"
15720.8447330657,4.91745933680511,4.56233542087924,1.07783818662273,0.28110597472739,0.645819581282364,"PALB2_CRISPRa_5_ATM_CasRx_5"
19297.4551613464,1.25422199576141,4.20743083331308,0.298096877988079,0.765629224319189,0.99985898606518,"XRCC1_CRISPRa_3_ATM_CasRx_5"
21818.0188982918,5.87977844655143,4.01913942975297,1.46294463014258,0.143482530455848,0.397469490078813,"XRCC4_CRISPRa_1_ATM_CasRx_5"
22683.1982414247,-17.4438166793093,4.25886920715436,-4.09587987581442,4.20567976158544e-05,0.000382014807227162,"XLF_CRISPRa_3_ATM_CasRx_5"
24862.6207070638,9.54558337944353,4.21340035843388,2.26552963578131,0.0234801975214319,0.0903297010530379,"BRCA2_CRISPRa_3_RAD51_CasRx_1"
13487.7075656979,-17.0543640371344,4.2888227447053,-3.97646744859963,6.99465683297398e-05,0.000556298480805851,"POLQ_CRISPRa_3_RAD51_CasRx_1"
40297.9014869071,5.28644925975774,4.56216844879656,1.15875801586244,0.246554835273867,0.58706381894093,"EXO1_CRISPRa_5_RAD51_CasRx_1"
8104.73699035641,16.6749531029035,4.42970243202218,3.76435062146857,0.000166982451356548,0.00105006272295368,"MRE11_CRISPRa_2_RAD51_CasRx_1"
13447.509581946,1.27253727668189,4.26267850584844,0.29852996770363,0.765298707319938,0.99985898606518,"NBN_CRISPRa_1_RAD51_CasRx_1"
10639.9816395911,-2.26964389739316,4.3645055554354,-0.52002314318666,0.603047444736449,0.99985898606518,"NBN_CRISPRa_2_RAD51_CasRx_1"
6654.81566383352,16.4735437072375,4.47134966070415,3.68424412253261,0.000229382321430107,0.00133150329776884,"KU70_CRISPRa_1_RAD51_CasRx_1"
8623.01554486311,7.76943232707302,4.56288930703546,1.70274398616101,0.0886159893951918,0.265847968185575,"XRCC4_CRISPRa_2_RAD51_CasRx_1"
21758.2426199743,0.745718652861543,4.21675677259995,0.176846494373862,0.859628967349214,0.99985898606518,"LIG4_CRISPRa_3_RAD51_CasRx_1"
22498.5131204928,1.10447924996723,4.22364553206493,0.261499039534043,0.793707690099982,0.99985898606518,"CtIP_CRISPRa_1_RAD51_CasRx_2"
546.859451673221,-7.45770836949261,3.80138395594304,-1.96184033392189,0.0497810761887257,0.163047944277089,"ATM_CRISPRa_5_RAD51_CasRx_2"
29106.5375903803,5.01157280698626,4.56229342869858,1.09847665112058,0.271996407786579,0.630800179760364,"BRCA1_CRISPRa_3_RAD51_CasRx_2"
9977.81211372412,-16.1677546314328,4.37544832943381,-3.69510811558938,0.000219793241378926,0.00129112077720195,"BRCA1_CRISPRa_4_RAD51_CasRx_2"
13496.5817672788,-0.107929725775288,4.26115359852354,-0.0253287574080138,0.979792736190972,0.99985898606518,"POLQ_CRISPRa_2_RAD51_CasRx_2"
3993.76817552556,-3.34979227598006,4.56001994519581,-0.734600356191253,0.462582921014899,0.965518820245991,"NBN_CRISPRa_3_RAD51_CasRx_2"
15760.6501686824,1.03289177997003,4.22710277223461,0.244349814902656,0.80695990573194,0.99985898606518,"DNA-PKcs_CRISPRa_3_RAD51_CasRx_2"
1318.40454085352,-0.24598680125549,4.56235935463841,-0.0539165773966057,0.957001629024009,0.99985898606518,"POLQ_CRISPRa_4_RAD51_CasRx_3"
5883.11789037022,6.23577934889597,4.56252452310459,1.36673881254074,0.171707187662471,0.455256084045632,"PALB2_CRISPRa_3_RAD51_CasRx_3"
1291.59642549976,0.682706860927474,4.56228220615661,0.149641523710697,0.881047445830995,0.99985898606518,"DNA-PKcs_CRISPRa_2_RAD51_CasRx_3"
1848.94777086806,0.0118230498628568,4.38847307837393,0.00269411470725888,0.997850410070425,0.99985898606518,"NT_CRISPRa_5_RAD51_CasRx_3"
50431.618044314,0.726363912805548,4.56208874008932,0.159217401104593,0.873497594641853,0.99985898606518,"BRCA1_CRISPRa_5_RAD51_CasRx_4"
44473.2528360271,-18.5638879214664,4.01336040017999,-4.6255222732137,3.73655647561023e-06,0.000264727676766164,"BRCA2_CRISPRa_1_RAD51_CasRx_4"
19015.9576454275,0.288829929719255,4.56209522286185,0.0633108069011478,0.949519010366145,0.99985898606518,"BRCA2_CRISPRa_2_RAD51_CasRx_4"
19703.4655159428,-7.91338563250843,4.10955312517482,-1.92560733283422,0.0541534224200714,0.175328407241221,"BRCA2_CRISPRa_4_RAD51_CasRx_4"
433.162036365234,2.8717431395124,4.10535346551953,0.699511787141326,0.484232249309249,0.99985898606518,"POLQ_CRISPRa_4_RAD51_CasRx_4"
7070.31061188306,-15.6510931040306,4.46398562369238,-3.50608053506338,0.000454757599761684,0.00234798529140112,"POLD3_CRISPRa_2_RAD51_CasRx_4"
61066.1009419131,-1.27733997602742,3.53041194878487,-0.361810461373232,0.717493674004824,0.99985898606518,"POLD3_CRISPRa_5_RAD51_CasRx_4"
27649.4980369065,5.38205016986206,4.56221467209176,1.1797012102007,0.23811907240337,0.571136454835466,"RAD50_CRISPRa_4_RAD51_CasRx_4"
13986.8904333868,17.5024768454854,4.28115732115348,4.08825827516417,4.3462411003165e-05,0.000384113740487431,"PALB2_CRISPRa_1_RAD51_CasRx_4"
62126.0720420133,-8.23075148889153,4.56312077265448,-1.80375490787273,0.0712697376238723,0.222661186652926,"PALB2_CRISPRa_3_RAD51_CasRx_4"
33788.567459616,1.04051222090582,4.56209283743263,0.228077826993845,0.819585737330797,0.99985898606518,"PALB2_CRISPRa_4_RAD51_CasRx_4"
26106.9676591656,5.07724453076731,4.56219453535616,1.11289522869304,0.265753429484823,0.619249677730667,"XRCC1_CRISPRa_3_RAD51_CasRx_4"
21808.302692995,0.6451457735193,4.56209502600958,0.141414365514346,0.887542606274429,0.99985898606518,"XRCC1_CRISPRa_4_RAD51_CasRx_4"
36264.8011337796,0.668977057658549,4.56209054961168,0.146638268220146,0.883417546496688,0.99985898606518,"DNA-PKcs_CRISPRa_1_RAD51_CasRx_4"
41429.1244158441,0.415099900230667,4.56208911585053,0.090988994228202,0.927501336113371,0.99985898606518,"NT_CRISPRa_5_RAD51_CasRx_4"
11271.0777546359,16.2664772880936,4.34690657045919,3.74208118449974,0.000182502532050679,0.00112600618831268,"CtIP_CRISPRa_3_RAD51_CasRx_5"
24381.2657426189,4.32617619902098,4.31497983680129,1.00259476582583,0.316056422270257,0.719376682707939,"BRCA2_CRISPRa_1_RAD51_CasRx_5"
37958.0480854682,0.869039723969021,4.17128942270296,0.208338390340196,0.834964758073152,0.99985898606518,"EXO1_CRISPRa_3_RAD51_CasRx_5"
15623.8640758672,0.706576182680133,4.22833942016741,0.167104887396234,0.867287520502584,0.99985898606518,"PALB2_CRISPRa_1_RAD51_CasRx_5"
964.9517140218,1.38585975396396,4.25555181253146,0.325659236455065,0.744682188877699,0.99985898606518,"NBN_CRISPRa_5_RAD51_CasRx_5"
14127.0001041307,-16.8801840872478,4.27865959101614,-3.9452038023055,7.97321353606966e-05,0.000607485414292166,"KU70_CRISPRa_1_RAD51_CasRx_5"
18065.7712824171,17.8971510783283,4.23830926477223,4.22271003843089,2.41382276845317e-05,0.000343827158781553,"XLF_CRISPRa_4_RAD51_CasRx_5"
16637.5890899934,0.70395411008707,4.2179525012596,0.166894745703478,0.867452867487847,0.99985898606518,"53BP1_CRISPRa_3_RAD51_CasRx_5"
17585.4721868642,-17.3938177080255,4.23997139830709,-4.1023431702795,4.08987066157581e-05,0.000379725678757608,"LIG3_CRISPRa_3_RAD51_CasRx_5"
9087.06205487706,0.951753782400047,4.37346584470887,0.217620033217249,0.827725174308938,0.99985898606518,"NT_CRISPRa_2_RAD51_CasRx_5"
12152.5696037087,-15.8500709638928,4.3302225942748,-3.66033630346138,0.000251884432238284,0.0014366199303823,"NT_CRISPRa_5_RAD51_CasRx_5"
20580.0542849262,-0.689632353490378,4.21195772109456,-0.163732021818862,0.869942107952426,0.99985898606518,"CtIP_CRISPRa_1_BRCA1_CasRx_1"
4797.8161970718,-15.0826860607174,4.51038244309477,-3.34399272146165,0.000825819040194297,0.00407099737904827,"ATM_CRISPRa_1_BRCA1_CasRx_1"
11215.7706497973,-16.812914797201,4.33768859335068,-3.87600779432941,0.000106184283966441,0.000749401313461,"POLD3_CRISPRa_2_BRCA1_CasRx_1"
23736.7149415239,18.1935248701019,4.26503954918059,4.26573415329696,1.99245920763195e-05,0.000343827158781553,"EXO1_CRISPRa_2_BRCA1_CasRx_1"
12158.2019127606,-9.48838858092685,4.12357517162115,-2.30101021226116,0.0213910538495891,0.0832723167716145,"DNA-PKcs_CRISPRa_3_BRCA1_CasRx_1"
19151.207856024,0.820617937497622,4.20710627926983,0.195055195429968,0.84534973766561,0.99985898606518,"DNA-PKcs_CRISPRa_5_BRCA1_CasRx_1"
25254.6200839426,18.1887929058099,4.28674620548167,4.24303003582321,2.20521907345501e-05,0.000343827158781553,"XRCC4_CRISPRa_4_BRCA1_CasRx_1"
59519.7317122924,-18.8382342376555,3.61628846190541,-5.20927310863074,1.89581883197867e-07,6.19932758057026e-05,"XLF_CRISPRa_1_BRCA1_CasRx_1"
24116.448182444,18.3293439526793,4.26886250308241,4.2937302242563,1.75695944630393e-05,0.000343827158781553,"NT_CRISPRa_3_BRCA1_CasRx_1"
16819.5620904093,7.40658889990849,4.14321638780783,1.78764230651909,0.0738337352803462,0.228242485305277,"CtIP_CRISPRa_5_BRCA1_CasRx_2"
17507.9594322511,-0.073447942171711,4.21231601878115,-0.0174364748143857,0.986088410879268,0.99985898606518,"ATM_CRISPRa_3_BRCA1_CasRx_2"
15113.2654867703,0.981591639239463,4.23516076523538,0.231771990167865,0.816715113322811,0.99985898606518,"PALB2_CRISPRa_4_BRCA1_CasRx_2"
33307.0873545746,9.35094380820251,4.26806157507121,2.19091117682539,0.0284582207699641,0.106150245533593,"KU70_CRISPRa_1_BRCA1_CasRx_2"
16652.8664019747,0.824519930745526,4.21791103046912,0.195480635980561,0.845016695507694,0.99985898606518,"XLF_CRISPRa_5_BRCA1_CasRx_2"
33523.9212033486,9.79904620844429,4.21965183536844,2.32224045744966,0.0202199916521301,0.0799831121400792,"53BP1_CRISPRa_3_BRCA1_CasRx_2"
38508.9236452219,7.89110350388538,4.1704638827372,1.89214047304162,0.0584722670400272,0.186359478632745,"MRE11_CRISPRa_2_BRCA1_CasRx_3"
24741.066743087,6.47965243870138,3.99076951141967,1.62365990322411,0.10444841305749,0.309558589756489,"RAD50_CRISPRa_1_BRCA1_CasRx_3"
19993.9574724395,-17.4352448828778,4.23898169220235,-4.11307388162353,3.90425365426753e-05,0.000373186247778863,"PALB2_CRISPRa_1_BRCA1_CasRx_3"
8856.29546252788,7.26259395555498,4.56319496298999,1.59155898760816,0.111483831433015,0.327442031843675,"XRCC1_CRISPRa_2_BRCA1_CasRx_3"
43.2555795838847,-0.142978076162333,3.38553877552673,-0.0422320007662853,0.966313752386567,0.99985898606518,"LIG4_CRISPRa_5_BRCA1_CasRx_3"
7987.08960216884,-0.332396704928612,4.56211138214611,-0.0728602782977749,0.94191730322002,0.99985898606518,"NT_CRISPRa_4_BRCA1_CasRx_3"
18358.6668648341,5.99908939563659,4.56225130578858,1.31494058383521,0.188529871884874,0.487458427731793,"NBN_CRISPRa_5_BRCA1_CasRx_4"
17420.2237034765,4.89186514366602,4.10512124186547,1.1916493704929,0.233398757896018,0.563951185950722,"NT_CRISPRa_1_BRCA1_CasRx_4"
6783.41460953178,-1.66504031640293,4.5621582174812,-0.364967683501824,0.715135529588173,0.99985898606518,"CtIP_CRISPRa_3_BRCA1_CasRx_5"
2575.85067303961,0.23467667003791,4.43982199433066,0.0528572249827978,0.957845666241487,0.99985898606518,"RAD51_CRISPRa_2_BRCA1_CasRx_5"
45268.6819531044,4.60425844310855,3.34551812736323,1.37624674798501,0.168745253457785,0.45109089140676,"NBN_CRISPRa_2_BRCA1_CasRx_5"
16152.9875522799,1.20447542941541,4.22322649176593,0.285202660042928,0.77548888253976,0.99985898606518,"NBN_CRISPRa_4_BRCA1_CasRx_5"
10847.0952155918,-16.220637106539,4.35185393760762,-3.72729354870217,0.000193546986534584,0.00117931424714551,"XRCC4_CRISPRa_1_BRCA1_CasRx_5"
8876.3758561142,-14.8024507358612,4.46319779577537,-3.3165571890792,0.000911339334204151,0.00442586082601125,"XRCC4_CRISPRa_4_BRCA1_CasRx_5"
23324.5119941626,-0.477084220615314,4.23338337751232,-0.112695727759876,0.910271788426578,0.99985898606518,"LIG4_CRISPRa_2_BRCA1_CasRx_5"
29407.9416181916,1.16944359420072,4.28939142648253,0.272636250210374,0.785132843537376,0.99985898606518,"53BP1_CRISPRa_1_BRCA1_CasRx_5"
22166.251150817,18.2252960770392,4.24843744656032,4.28988217580913,1.78767934938715e-05,0.000343827158781553,"53BP1_CRISPRa_3_BRCA1_CasRx_5"
20295.773229697,0.584402299431699,4.20872827876688,0.138854841824791,0.889564856184793,0.99985898606518,"ATM_CRISPRa_1_BRCA2_CasRx_1"
19561.782564026,-16.9041119504097,4.24940579046558,-3.97799428530398,6.94990417008586e-05,0.000556298480805851,"ATM_CRISPRa_5_BRCA2_CasRx_1"
12487.0507416103,1.44487641935124,4.28348379601669,0.337313385122378,0.735880670510232,0.99985898606518,"RAD50_CRISPRa_5_BRCA2_CasRx_1"
14061.3260418045,-0.101247674049551,4.5620988575378,-0.022193222288961,0.982293824090473,0.99985898606518,"XRCC1_CRISPRa_4_BRCA2_CasRx_1"
15766.6988724393,-0.324301179082437,4.22751399617143,-0.0767120296647473,0.938852634454383,0.99985898606518,"XRCC4_CRISPRa_4_BRCA2_CasRx_1"
6905.24229959223,-14.3996164729637,4.5227676156855,-3.18380639832656,0.00145352192085411,0.00666310749699943,"LIG3_CRISPRa_4_BRCA2_CasRx_1"
45924.1053502402,4.65458749728879,4.56217342330741,1.02025658943811,0.307606785561337,0.7017726898504,"ATM_CRISPRa_5_BRCA2_CasRx_2"
29661.6555495018,0.304690712939932,4.28839388570492,0.071050076336411,0.943357901007548,0.99985898606518,"POLQ_CRISPRa_2_BRCA2_CasRx_2"
18802.4299504105,0.136921915846068,4.20749307995947,0.0325423983459973,0.974039504929737,0.99985898606518,"EXO1_CRISPRa_5_BRCA2_CasRx_2"
25167.6645016317,0.750217958999226,4.25399645606475,0.176356037610156,0.86001424019044,0.99985898606518,"NBN_CRISPRa_2_BRCA2_CasRx_2"
12772.293727443,-0.0550589156415129,4.27523352900574,-0.0128785749989937,0.989724667884428,0.99985898606518,"XRCC1_CRISPRa_4_BRCA2_CasRx_2"
24080.0166861844,0.456241423636669,4.56209320953954,0.100007036831831,0.920338738871264,0.99985898606518,"XLF_CRISPRa_2_BRCA2_CasRx_2"
19935.8821566665,0.438057950694086,4.20775290195127,0.104107337313211,0.917084168167942,0.99985898606518,"XLF_CRISPRa_3_BRCA2_CasRx_2"
10792.1296505028,-13.5327087874078,4.42493577750648,-3.05828366056733,0.00222608748313385,0.0100173936741023,"LIG3_CRISPRa_2_BRCA2_CasRx_2"
31680.2955023434,0.682221209374748,4.28418478709652,0.159241779539837,0.873478388491548,0.99985898606518,"NT_CRISPRa_3_BRCA2_CasRx_2"
18046.8699224426,17.8824132234466,4.23777208205719,4.21976757531655,2.44554312610693e-05,0.000343827158781553,"BRCA1_CRISPRa_5_BRCA2_CasRx_3"
18586.083682398,-9.84187259369335,4.1307726175757,-2.38257427964394,0.0171920631988667,0.0694049958769065,"POLD3_CRISPRa_1_BRCA2_CasRx_3"
13968.1564898228,-17.0143606805313,4.28011565838196,-3.97521049395272,7.0317035290444e-05,0.000556298480805851,"NT_CRISPRa_2_BRCA2_CasRx_3"
34813.0062574795,4.09119990197531,4.56234215397092,0.896732372080964,0.369861742270315,0.809898145462452,"POLD3_CRISPRa_1_BRCA2_CasRx_4"
13087.6082744096,0.59314614026724,4.26838701779798,0.138962595892544,0.88947970636329,0.99985898606518,"EXO1_CRISPRa_5_BRCA2_CasRx_4"
17243.4627621196,-6.35220804959102,4.09905722839277,-1.54967537549646,0.12121945133293,0.348728098995908,"PALB2_CRISPRa_4_BRCA2_CasRx_4"
17656.9784430068,0.529027741944393,4.21095904609468,0.125631177162605,0.900023882668192,0.99985898606518,"NBN_CRISPRa_2_BRCA2_CasRx_4"
17299.9281955637,1.08280488448817,4.21350436453212,0.256984398450577,0.797190816949057,0.99985898606518,"XRCC1_CRISPRa_4_BRCA2_CasRx_4"
30730.2980251424,-3.64411284483508,3.95506961261441,-0.921377675177306,0.356853280205784,0.790232658875562,"LIG4_CRISPRa_2_BRCA2_CasRx_4"
23023.3613250782,-7.77420366479698,3.93170904146069,-1.97730899789796,0.048006713217758,0.158407751590358,"LIG4_CRISPRa_4_BRCA2_CasRx_4"
18192.666597257,0.582373352611904,4.208698738907,0.13837373229597,0.889945055881539,0.99985898606518,"53BP1_CRISPRa_5_BRCA2_CasRx_4"
9892.59789500107,-1.99611863814031,4.5621542908313,-0.437538608054525,0.661720782983255,0.99985898606518,"NT_CRISPRa_5_BRCA2_CasRx_4"
10640.9814172535,-16.5457232139886,4.35360990833196,-3.80046066652028,0.00014442734280306,0.000944554821932013,"RAD50_CRISPRa_3_BRCA2_CasRx_5"
21462.8645658552,5.81237805399743,4.56221624852885,1.2740251091499,0.202654517633848,0.51106447763189,"LIG4_CRISPRa_4_BRCA2_CasRx_5"
7164.31490874639,-0.919461442019611,4.56212324810716,-0.201542438030603,0.840274449402439,0.99985898606518,"BRCA1_CRISPRa_3_POLQ_CasRx_1"
22097.2880911317,-17.7762757705241,4.24821198745651,-4.18441354221759,2.85903231458425e-05,0.000343827158781553,"EXO1_CRISPRa_5_POLQ_CasRx_1"
39773.5178899621,19.0209783434196,4.14791752468807,4.58566937028239,4.5253425063024e-06,0.000271150075421975,"NBN_CRISPRa_4_POLQ_CasRx_1"
15070.362307825,0.352295459037329,4.23547068944061,0.0831774045599304,0.933710479019628,0.99985898606518,"KU70_CRISPRa_2_POLQ_CasRx_1"
21375.8303285988,2.00023765985776,4.22057876169595,0.4739249692509,0.635553412831842,0.99985898606518,"KU70_CRISPRa_3_POLQ_CasRx_1"
40480.197461346,5.26530812514436,4.56220810573254,1.15411397356652,0.248453445231185,0.590152130198044,"DNA-PKcs_CRISPRa_5_POLQ_CasRx_1"
12031.5724497927,-16.8711874317044,4.31870327218045,-3.90654008122823,9.36271188020933e-05,0.000680357063295212,"XRCC4_CRISPRa_2_POLQ_CasRx_1"
13140.6935385812,3.12560968720694,4.30466238010461,0.726098683523465,0.467778276030605,0.974289785108329,"XLF_CRISPRa_1_POLQ_CasRx_1"
10456.0259076989,0.508485373078703,4.33174791108782,0.117385725927668,0.906554394927678,0.99985898606518,"53BP1_CRISPRa_1_POLQ_CasRx_1"
30609.4745309006,18.5334940940676,4.31847890102993,4.29167179435506,1.77332927161005e-05,0.000343827158781553,"CtIP_CRISPRa_1_POLQ_CasRx_2"
18256.4317416105,4.78830570786377,4.56233687974959,1.04952918516762,0.29393463010073,0.672144224076494,"RAD51_CRISPRa_5_POLQ_CasRx_2"
43684.2799504216,-8.59618179842614,3.9906075164066,-2.15410354515813,0.0312320525929439,0.113476457754363,"LIG3_CRISPRa_4_POLQ_CasRx_2"
5852.41332105078,-0.147131832290506,4.56212038361016,-0.0322507562095667,0.974272079606815,0.99985898606518,"NT_CRISPRa_1_POLQ_CasRx_2"
18081.578477784,-17.4613941566663,4.23768367484697,-4.12050438316326,3.78043874557942e-05,0.000369649228427976,"CtIP_CRISPRa_1_POLQ_CasRx_3"
7926.65562736276,0.152030875341877,4.56211084465139,0.0333246780972272,0.973415674410537,0.99985898606518,"ATM_CRISPRa_3_POLQ_CasRx_3"
13111.5504866376,-10.4342307707952,4.09210769408758,-2.54984266075669,0.0107771544606882,0.0446092342866462,"ATM_CRISPRa_5_POLQ_CasRx_3"
10876.2986586049,4.93136681997656,4.56227046914658,1.0809019003424,0.279740753235621,0.644191734563719,"MRE11_CRISPRa_4_POLQ_CasRx_3"
42013.2074769515,5.5940057527645,4.56228423086714,1.2261414391758,0.22014545399607,0.539906725925361,"RAD50_CRISPRa_2_POLQ_CasRx_3"
16755.8626940413,0.104649016200238,4.21719532614014,0.0248148373758205,0.980202656188553,0.99985898606518,"NBN_CRISPRa_2_POLQ_CasRx_3"
21373.8306854104,0.51842724290527,4.56209466437095,0.113637984532431,0.909524775072489,0.99985898606518,"NBN_CRISPRa_3_POLQ_CasRx_3"
26469.7471516478,0.843100304553904,4.26844600816803,0.197519261797048,0.843421209610757,0.99985898606518,"XRCC4_CRISPRa_4_POLQ_CasRx_3"
25883.5454035519,2.77966895460102,4.56215048447507,0.609289185891651,0.542332773758793,0.99985898606518,"XLF_CRISPRa_2_POLQ_CasRx_3"
11201.9048593432,0.687949137384554,4.31141663348708,0.159564522723507,0.873224127600295,0.99985898606518,"CtIP_CRISPRa_1_POLQ_CasRx_4"
22481.3098452202,5.44505552457888,3.95030531378816,1.37838852748253,0.168083363586467,0.45109089140676,"ATM_CRISPRa_3_POLQ_CasRx_4"
40228.7168566374,19.0249352078587,4.13471925798552,4.60126408125902,4.19934608422244e-06,0.000271150075421975,"ATM_CRISPRa_4_POLQ_CasRx_4"
33093.0168124819,-2.01327253382985,4.2920859400229,-0.469066221404484,0.639022302610059,0.99985898606518,"BRCA2_CRISPRa_2_POLQ_CasRx_4"
27677.1871875528,-2.2034453191093,4.56211501317372,-0.482987674082428,0.62910448812541,0.99985898606518,"BRCA2_CRISPRa_5_POLQ_CasRx_4"
6483.85509639994,-2.41479830178547,4.51288933978218,-0.535089190089031,0.592588184532747,0.99985898606518,"RAD50_CRISPRa_3_POLQ_CasRx_4"
9080.36131032082,-13.2466896493598,4.47711989021427,-2.958752495843,0.00308887077365708,0.0134674765731449,"NBN_CRISPRa_5_POLQ_CasRx_4"
19852.4936935692,-8.44201531042417,4.19280876565265,-2.01345107355739,0.0440671971900684,0.147040545726044,"KU70_CRISPRa_3_POLQ_CasRx_4"
28907.1720301346,8.19701763351863,4.33279577734729,1.8918541410085,0.0585104173485071,0.186359478632745,"DNA-PKcs_CRISPRa_1_POLQ_CasRx_4"
15574.9149329671,0.110241823830953,4.22914793860486,0.0260671476693059,0.979203780515802,0.99985898606518,"XLF_CRISPRa_4_POLQ_CasRx_4"
17077.584672482,-8.53056144007653,4.16604370902392,-2.04764088806816,0.0405951998344548,0.138279897463069,"LIG4_CRISPRa_1_POLQ_CasRx_4"
6830.76041453955,-1.5974484183913,4.45488966767581,-0.358583160876512,0.719906945820286,0.99985898606518,"CtIP_CRISPRa_1_POLQ_CasRx_5"
17590.7577082717,-0.466284329488115,4.21246095741173,-0.110691667935272,0.911860853400287,0.99985898606518,"CtIP_CRISPRa_2_POLQ_CasRx_5"
20059.0839318629,-0.0401789364939671,4.56209426899337,-0.00880712543952598,0.992973021428668,0.99985898606518,"BRCA1_CRISPRa_2_POLQ_CasRx_5"
20861.1961354291,0.598013756021211,4.21106597361346,0.142010065804802,0.887072054907126,0.99985898606518,"POLD3_CRISPRa_1_POLQ_CasRx_5"
9869.22715380484,2.21959896208466,4.35643515369704,0.509498909951872,0.610402562189931,0.99985898606518,"RAD50_CRISPRa_1_POLQ_CasRx_5"
4928.88172285126,1.30341511607341,4.56216048824304,0.285701285483574,0.775106920046956,0.99985898606518,"RAD50_CRISPRa_3_POLQ_CasRx_5"
32262.9830977248,0.644694213033046,4.56209132395029,0.14131549924231,0.88762070586187,0.99985898606518,"LIG3_CRISPRa_1_POLQ_CasRx_5"
15463.0104591627,-2.27678183198685,4.28404537345094,-0.531456049951409,0.595102789539286,0.99985898606518,"RAD51_CRISPRa_5_POLD3_CasRx_1"
11121.1781233047,-0.192830695319041,4.31429100615794,-0.0446958017073506,0.964349780107999,0.99985898606518,"RAD50_CRISPRa_1_POLD3_CasRx_1"
15163.912456224,0.673142760914626,4.2341755949158,0.158978470737705,0.873685835956067,0.99985898606518,"RAD50_CRISPRa_4_POLD3_CasRx_1"
30271.4212283062,-8.862111016761,4.1991808126176,-2.11043806214115,0.034820640898803,0.123317865421393,"PALB2_CRISPRa_1_POLD3_CasRx_1"
22297.4144580032,-0.497690775378459,4.22268798294909,-0.117861129543101,0.906177692649418,0.99985898606518,"PALB2_CRISPRa_3_POLD3_CasRx_1"
4019.71985160594,-1.61106825251733,4.5016520770567,-0.357883777986391,0.720430291070726,0.99985898606518,"PALB2_CRISPRa_4_POLD3_CasRx_1"
13170.1880300229,-16.8920867746761,4.29471939688662,-3.93322245614503,8.3814603219667e-05,0.000632477890449948,"PALB2_CRISPRa_5_POLD3_CasRx_1"
21293.3960797146,-1.41552801834084,4.56210268653526,-0.310279736253783,0.756348239389954,0.99985898606518,"NBN_CRISPRa_2_POLD3_CasRx_1"
15258.2697112762,0.0836556947928369,4.23318792500743,0.0197618665352992,0.984233338034864,0.99985898606518,"LIG4_CRISPRa_2_POLD3_CasRx_1"
15585.7394432609,17.7177757638343,4.25739908996352,4.16164315100329,3.15965831119315e-05,0.000343827158781553,"LIG3_CRISPRa_1_POLD3_CasRx_1"
29245.732190015,0.656804330168678,4.2874190065207,0.15319340824159,0.878245755777433,0.99985898606518,"POLQ_CRISPRa_2_POLD3_CasRx_2"
28191.828431063,0.145036269438342,4.28282178896569,0.03386465199463,0.972985080632757,0.99985898606518,"EXO1_CRISPRa_5_POLD3_CasRx_2"
40915.2010621775,-8.86085372751283,4.09983594926649,-2.1612703135349,0.0306744647004306,0.112282275638516,"RAD50_CRISPRa_1_POLD3_CasRx_2"
18974.1938709,0.111493179040175,4.20733649882175,0.0264997057096334,0.978858768327451,0.99985898606518,"PALB2_CRISPRa_1_POLD3_CasRx_2"
22594.2109437631,1.38127691571839,4.22591790879984,0.326858435380889,0.743774959576592,0.99985898606518,"PALB2_CRISPRa_4_POLD3_CasRx_2"
11149.30590825,-15.9357296004432,4.36943141424549,-3.64709457356133,0.000265222325429161,0.00146996102398874,"NBN_CRISPRa_4_POLD3_CasRx_2"
46745.5801842246,0.123784274796125,4.56208821112951,0.0271332488692668,0.978353455753955,0.99985898606518,"NBN_CRISPRa_5_POLD3_CasRx_2"
26099.2583337501,-0.890564998995057,4.26736259209915,-0.208692132382634,0.834688582364395,0.99985898606518,"DNA-PKcs_CRISPRa_4_POLD3_CasRx_2"
19736.1985266399,0.600967057399179,4.20737055566576,0.142836731266729,0.886419127143802,0.99985898606518,"XRCC4_CRISPRa_1_POLD3_CasRx_2"
22943.6936938457,2.24776843265415,4.23485659857645,0.530777933167736,0.595572673383717,0.99985898606518,"XLF_CRISPRa_1_POLD3_CasRx_2"
58829.4026117983,-9.55502882016686,4.56270215247728,-2.09416010531808,0.0362457203009259,0.126537550232058,"XLF_CRISPRa_4_POLD3_CasRx_2"
19807.243669867,5.52737760200802,4.56222593328421,1.21155279962846,0.225683611781632,0.550735380989505,"LIG4_CRISPRa_5_POLD3_CasRx_2"
13022.10695321,16.2318639396879,4.31559517738594,3.76121097380592,0.000169092730532469,0.0010565603098876,"53BP1_CRISPRa_5_POLD3_CasRx_2"
22638.0549068634,0.131542541511185,4.22472464273749,0.0311363586115163,0.975160793738338,0.99985898606518,"NT_CRISPRa_2_POLD3_CasRx_2"
14636.9281868862,6.12594952021353,4.56230574995316,1.34273103469149,0.179359081708987,0.472987255797087,"NT_CRISPRa_3_POLD3_CasRx_2"
26361.3640634549,-15.5809501061065,4.35793283706116,-3.57530753425142,0.000349816445831019,0.00184499964172167,"NT_CRISPRa_5_POLD3_CasRx_2"
33761.7952257238,1.89892975227093,4.2697349483477,0.444741834151972,0.656506333318657,0.99985898606518,"CtIP_CRISPRa_5_POLD3_CasRx_3"
24640.5295420526,5.08420310274579,4.56223595554307,1.11441037953518,0.265103172487635,0.619249677730667,"BRCA1_CRISPRa_2_POLD3_CasRx_3"
40544.1802896739,5.77308570563077,4.56217434813643,1.26542417388958,0.20571931406597,0.517463197689016,"POLQ_CRISPRa_4_POLD3_CasRx_3"
21701.8104332805,-17.458235681093,4.24605677771353,-4.11163500514804,3.92867038381641e-05,0.000373186247778863,"POLQ_CRISPRa_5_POLD3_CasRx_3"
25438.7007827607,-0.564525425141724,4.25922213803548,-0.132541907147887,0.894555678280862,0.99985898606518,"XRCC1_CRISPRa_3_POLD3_CasRx_3"
15660.8362362001,-16.8686957050005,4.26253055256806,-3.95743690208567,7.57582903093962e-05,0.000594551062348141,"DNA-PKcs_CRISPRa_5_POLD3_CasRx_3"
28795.125034053,-0.257588321465497,4.2870349859979,-0.0600854255462852,0.952087597718904,0.99985898606518,"XLF_CRISPRa_1_POLD3_CasRx_3"
30343.587166913,0.86512179176602,4.56209280770104,0.189632659446483,0.849596993014108,0.99985898606518,"LIG4_CRISPRa_1_POLD3_CasRx_3"
14780.1644360415,0.343898651877033,4.23912953518948,0.0811248274020155,0.935342681346845,0.99985898606518,"CtIP_CRISPRa_3_POLD3_CasRx_4"
14207.2802176893,6.46976721675603,4.5628331168808,1.41792764517735,0.156211890255139,0.426863131867108,"CtIP_CRISPRa_4_POLD3_CasRx_4"
30864.6209642407,18.708834916291,4.31493907951635,4.33582828668534,1.45212272689047e-05,0.000343827158781553,"ATM_CRISPRa_5_POLD3_CasRx_4"
9862.40262269824,0.447398445262559,4.34917434788672,0.102869742501804,0.918066352254914,0.99985898606518,"BRCA1_CRISPRa_5_POLD3_CasRx_4"
7787.22201840013,-14.8092064852772,4.49574662639671,-3.29404828962672,0.000987555309974319,0.00472581345895028,"POLQ_CRISPRa_4_POLD3_CasRx_4"
6578.72651490165,-14.6301531964535,4.5217002995516,-3.23554243475719,0.00121411837208696,0.00561816095762882,"MRE11_CRISPRa_5_POLD3_CasRx_4"
16694.9236260831,17.7762124806241,4.24673177747476,4.18585712780628,2.84092009780045e-05,0.000343827158781553,"PALB2_CRISPRa_1_POLD3_CasRx_4"
12832.4401356327,-0.111889691985804,4.56210032866369,-0.0245259165570738,0.98043311150693,0.99985898606518,"XLF_CRISPRa_3_POLD3_CasRx_4"
15019.0042483196,7.3887832923873,4.56247263922534,1.61946906352119,0.105346377572724,0.311279507225428,"LIG4_CRISPRa_4_POLD3_CasRx_4"
24061.7898290748,0.646708811780724,4.24027660571736,0.152515713458112,0.87878019786992,0.99985898606518,"LIG3_CRISPRa_1_POLD3_CasRx_4"
28872.5450331495,-8.80314028138602,4.18338228866071,-2.10431169660191,0.0353512664220854,0.12474673510815,"BRCA1_CRISPRa_5_POLD3_CasRx_5"
8172.87957496494,16.4730853456199,4.42916921437452,3.7192269132906,0.000199833470310305,0.00121010268132351,"BRCA2_CRISPRa_5_POLD3_CasRx_5"
31744.3663232872,10.6137600849916,4.14060654033185,2.56333461815499,0.0103672078474765,0.0430941987219258,"POLQ_CRISPRa_1_POLD3_CasRx_5"
212.296386218168,-0.957853047754926,3.86074827596227,-0.248100362750583,0.804056754955939,0.99985898606518,"DNA-PKcs_CRISPRa_3_POLD3_CasRx_5"
15573.5823423642,4.79415449212757,4.30608073806141,1.11334523984933,0.265560183734698,0.619249677730667,"XRCC4_CRISPRa_1_POLD3_CasRx_5"
5734.62733970292,4.34364739529848,4.56253394629212,0.952025222481574,0.341084190387581,0.762194967585916,"XRCC4_CRISPRa_4_POLD3_CasRx_5"
30351.3448553965,0.943575268481384,4.28881336990061,0.220008470199124,0.825864558054963,0.99985898606518,"XLF_CRISPRa_1_POLD3_CasRx_5"
13918.6079922452,-9.01387706986053,4.16974948844216,-2.16173108117058,0.0306389104425972,0.112282275638516,"LIG3_CRISPRa_1_POLD3_CasRx_5"
19854.9579120074,-15.8230341924016,4.28903460912814,-3.68918314595228,0.000224975226890771,0.00131369462845147,"BRCA1_CRISPRa_5_EXO1_CasRx_1"
32730.5344634778,0.0804864508447987,4.27624133033777,0.0188217746911962,0.984983283207238,0.99985898606518,"POLD3_CRISPRa_1_EXO1_CasRx_1"
5587.70843896232,-13.9605932538175,4.55163632449002,-3.06715920573502,0.00216103724245082,0.00976948172739288,"POLD3_CRISPRa_3_EXO1_CasRx_1"
20802.9063150327,9.02094795805494,4.13450958273296,2.181866501345,0.0291193867903144,0.10779667336339,"RAD50_CRISPRa_5_EXO1_CasRx_1"
33830.8286507646,-18.2480239673384,4.29270982287783,-4.25093349428986,2.12881379057623e-05,0.000343827158781553,"PALB2_CRISPRa_5_EXO1_CasRx_1"
26536.8389711418,-0.364497666323899,4.2705348041591,-0.0853517610883097,0.931981742228,0.99985898606518,"BRCA2_CRISPRa_5_EXO1_CasRx_2"
13219.3807373627,17.1948725794155,4.29453277171411,4.0038983268842,6.23071514698345e-05,0.00051799419993142,"POLQ_CRISPRa_2_EXO1_CasRx_2"
6964.89415157975,-3.90890096084836,4.52500551480511,-0.863844463406518,0.387673338626976,0.843253980472425,"POLQ_CRISPRa_4_EXO1_CasRx_2"
16952.5831939152,0.360981442707712,4.56209686491972,0.0791262117828934,0.936932234884682,0.99985898606518,"RAD50_CRISPRa_2_EXO1_CasRx_2"
12569.1170032234,-0.338990174170219,4.56210128413022,-0.0743057098160961,0.940767133817752,0.99985898606518,"PALB2_CRISPRa_2_EXO1_CasRx_2"
29942.8432356545,0.440848708955462,4.56209129071507,0.0966330309638241,0.923017824321534,0.99985898606518,"NBN_CRISPRa_5_EXO1_CasRx_2"
17128.4565709702,0.418751082105322,4.56209694706723,0.0917891677805135,0.926865550587264,0.99985898606518,"DNA-PKcs_CRISPRa_1_EXO1_CasRx_2"
17110.4459965666,-0.0569072163639836,4.56209611190272,-0.0124739187794641,0.990047510892804,0.99985898606518,"XLF_CRISPRa_5_EXO1_CasRx_2"
22896.3082369277,3.91527810611134,4.28724742151128,0.913238197186013,0.361117278700853,0.796081012147273,"LIG4_CRISPRa_4_EXO1_CasRx_2"
11092.313324891,3.47983393091437,4.37536232678657,0.795324745932548,0.426424622475739,0.905460074997187,"LIG3_CRISPRa_5_EXO1_CasRx_2"
10129.9596591744,-15.9568440726577,4.37437292919919,-3.64780148627585,0.000264493865356618,0.00146996102398874,"BRCA2_CRISPRa_3_EXO1_CasRx_3"
9694.32736401857,0.787102888931162,4.35436151781457,0.180761952288749,0.856554428750911,0.99985898606518,"BRCA2_CRISPRa_4_EXO1_CasRx_3"
4815.87542743106,6.94082556074029,4.56291819902089,1.52113740768565,0.128225358818929,0.366688337567116,"POLD3_CRISPRa_4_EXO1_CasRx_3"
88.9900742737826,0.764055977917895,3.6117641195368,0.211546477740602,0.832460868733645,0.99985898606518,"PALB2_CRISPRa_1_EXO1_CasRx_3"
32665.9003852826,0.403940607529892,4.27659639745773,0.0944537594826622,0.92474871274988,0.99985898606518,"PALB2_CRISPRa_3_EXO1_CasRx_3"
11730.2775891503,17.3093494193485,4.32536183514932,4.00182691738919,6.28552727607766e-05,0.000518159853599343,"XRCC1_CRISPRa_4_EXO1_CasRx_3"
26047.4683317224,-9.47164498094632,4.1925160523988,-2.25917918084703,0.0238722413203611,0.0911232246508724,"DNA-PKcs_CRISPRa_3_EXO1_CasRx_3"
14485.0556677216,4.2227415223815,4.56242843399308,0.925546906318423,0.35468149635763,0.787353739109315,"DNA-PKcs_CRISPRa_4_EXO1_CasRx_3"
51653.8099025532,-9.69051759698338,4.5626839352713,-2.12386343968995,0.0336815643250905,0.121476524275418,"DNA-PKcs_CRISPRa_5_EXO1_CasRx_3"
91613.027023956,1.87872080150227,4.1780868416581,0.449660543857122,0.652955225450914,0.99985898606518,"XRCC4_CRISPRa_1_EXO1_CasRx_3"
10841.9527666104,-1.90396581680497,4.56214236203981,-0.417340290089867,0.676429522541678,0.99985898606518,"LIG4_CRISPRa_3_EXO1_CasRx_3"
7865.63876424377,-2.16633894822815,4.56218981928094,-0.474846298387819,0.634896530372973,0.99985898606518,"LIG4_CRISPRa_5_EXO1_CasRx_3"
3871.47102195626,2.25474774278658,4.56232870487584,0.494209840772079,0.621157990583297,0.99985898606518,"NT_CRISPRa_4_EXO1_CasRx_3"
5623.06386388846,-14.857120824043,4.50608624178443,-3.29712305243396,0.000976806950717583,0.00469729224830367,"CtIP_CRISPRa_3_EXO1_CasRx_4"
28236.9022251463,18.4930578156449,4.312083873106,4.28865911699541,1.79755002994196e-05,0.000343827158781553,"ATM_CRISPRa_4_EXO1_CasRx_4"
7382.92163070964,2.18752045540022,4.4336268102882,0.493393005095534,0.621734923875285,0.99985898606518,"BRCA1_CRISPRa_5_EXO1_CasRx_4"
20165.1346081194,5.88231222127072,4.56222755143559,1.28935090478329,0.197276121240635,0.502669805031332,"BRCA2_CRISPRa_4_EXO1_CasRx_4"
14676.402692226,-1.55859671084162,4.56211491822047,-0.341639072838082,0.732622528688003,0.99985898606518,"POLQ_CRISPRa_2_EXO1_CasRx_4"
20757.5668911479,0.46808486454663,4.56209479094242,0.102603055393756,0.918278017787391,0.99985898606518,"POLQ_CRISPRa_3_EXO1_CasRx_4"
6685.74213564962,0.918694609681485,4.56212672689143,0.20137419775436,0.840405989153142,0.99985898606518,"MRE11_CRISPRa_3_EXO1_CasRx_4"
20696.5628184095,0.810889582378711,4.21040198067816,0.192591962976443,0.847278539708441,0.99985898606518,"PALB2_CRISPRa_1_EXO1_CasRx_4"
44822.0841122661,19.2395970033309,4.00064755626753,4.80912070676898,1.51595648922556e-06,0.000148715331593028,"PALB2_CRISPRa_5_EXO1_CasRx_4"
33449.129248057,1.32222043491325,4.56209510926736,0.289827459367805,0.77194823951573,0.99985898606518,"KU70_CRISPRa_4_EXO1_CasRx_4"
9048.11220251083,-0.073863208638726,4.37465286847121,-0.0168843587958874,0.986528870862525,0.99985898606518,"DNA-PKcs_CRISPRa_1_EXO1_CasRx_4"
5204.38883486209,-15.6082421324127,4.5012795074433,-3.46751231657643,0.000525299668602086,0.00268395299426378,"DNA-PKcs_CRISPRa_5_EXO1_CasRx_4"
22275.5780310983,-17.7837708041442,4.24981019563884,-4.18460354356388,2.85664216932206e-05,0.000343827158781553,"XLF_CRISPRa_2_EXO1_CasRx_4"
2759.99333007245,14.7563644661148,4.48446563817915,3.29055135142176,0.000999912494941173,0.00476171921134607,"XLF_CRISPRa_4_EXO1_CasRx_4"
5115.19863996106,16.1160359309325,4.50262250508524,3.57925540343013,0.000344574586767304,0.00182717659253365,"XLF_CRISPRa_5_EXO1_CasRx_4"
7981.01548008834,-1.26567695296588,4.41587740677581,-0.286619585730302,0.7744036161242,0.99985898606518,"LIG4_CRISPRa_4_EXO1_CasRx_4"
39259.996920253,0.832240061141581,3.30428035582697,0.251867266551386,0.801143661585994,0.99985898606518,"53BP1_CRISPRa_1_EXO1_CasRx_4"
799.425513218412,0.831004891696933,4.19287482077874,0.198194538882654,0.842892860079117,0.99985898606518,"LIG3_CRISPRa_1_EXO1_CasRx_4"
7793.42435975775,6.26921141536343,4.5624859027575,1.37407798050935,0.169417474594962,0.451626474395808,"LIG3_CRISPRa_4_EXO1_CasRx_4"
60821.8374286982,0.470287296239435,2.80013167521962,0.167951850408088,0.866621158703293,0.99985898606518,"NT_CRISPRa_3_EXO1_CasRx_4"
19265.5079682747,3.77552301806416,4.56239367298255,0.827531179613443,0.407936057140624,0.873766969552298,"MRE11_CRISPRa_3_EXO1_CasRx_5"
14329.6880263438,-8.5098509422447,4.14332330179175,-2.05387084772378,0.0399881935450508,0.137643571465596,"RAD50_CRISPRa_5_EXO1_CasRx_5"
6688.57645726958,0.628079364548467,4.44619512417256,0.141262213422393,0.887662799542673,0.99985898606518,"PALB2_CRISPRa_1_EXO1_CasRx_5"
21739.2905542446,1.09035238931083,4.56209845538256,0.23900238014907,0.811103737128761,0.99985898606518,"PALB2_CRISPRa_4_EXO1_CasRx_5"
14428.6184964324,17.5592826046377,4.27231428160055,4.11001659692026,3.95630680621832e-05,0.000373186247778863,"XRCC1_CRISPRa_2_EXO1_CasRx_5"
5949.93947762958,-3.19158972895361,4.53006841339433,-0.704534553941137,0.481099939202923,0.997799239657649,"XRCC1_CRISPRa_3_EXO1_CasRx_5"
15147.2255555759,-10.984765842619,3.96998497849168,-2.76695400666037,0.00565827373088637,0.0241337675217371,"KU70_CRISPRa_2_EXO1_CasRx_5"
35048.0927086782,7.48065556670599,4.50944096817819,1.65888756932285,0.0971384499682409,0.290526888472086,"DNA-PKcs_CRISPRa_5_EXO1_CasRx_5"
8285.88403842697,-2.77046503766,4.46054775751468,-0.621104220438533,0.534531052566254,0.99985898606518,"53BP1_CRISPRa_2_EXO1_CasRx_5"
39771.1821707547,1.05854263543257,4.56209154580531,0.232030117064588,0.816514622012209,0.99985898606518,"53BP1_CRISPRa_4_EXO1_CasRx_5"
44436.0725184274,5.7235020924882,4.56218289065,1.25455340780359,0.20964092624603,0.524637113896315,"CtIP_CRISPRa_1_MRE11_CasRx_1"
14659.9571551198,0.938609270877189,4.24113070450072,0.221311092789743,0.824850213322529,0.99985898606518,"ATM_CRISPRa_2_MRE11_CasRx_1"
4895.26630275686,6.91206857959367,4.56369090699119,1.51457859887158,0.129879155277068,0.369308554570446,"RAD51_CRISPRa_2_MRE11_CasRx_1"
17245.6544577689,0.541715348550939,4.21334355590243,0.128571368881623,0.897696822557212,0.99985898606518,"POLQ_CRISPRa_4_MRE11_CasRx_1"
13095.8288580029,0.919086320666545,4.26845379401928,0.215320667627776,0.829517317084604,0.99985898606518,"EXO1_CRISPRa_2_MRE11_CasRx_1"
27643.8822639683,0.42570856807267,4.2788548694194,0.0994912379747142,0.920748244467357,0.99985898606518,"PALB2_CRISPRa_1_MRE11_CasRx_1"
34864.5493746737,5.24204918454399,4.56226840368062,1.14900061125622,0.250555728611427,0.592277517512795,"PALB2_CRISPRa_5_MRE11_CasRx_1"
69.2439190839874,-0.885323945967789,4.56643533642567,-0.193876378562883,0.846272679929555,0.99985898606518,"KU70_CRISPRa_2_MRE11_CasRx_1"
9962.83594962191,0.0224211886553377,4.34652622890245,0.00515841558857895,0.995884198096744,0.99985898606518,"KU70_CRISPRa_3_MRE11_CasRx_1"
9278.99581921615,0.14035686928197,4.36735710112225,0.0321377130452427,0.974362228272041,0.99985898606518,"XLF_CRISPRa_1_MRE11_CasRx_1"
30303.3688187866,18.6553844803677,4.31679399157998,4.32158322050009,1.54913601339808e-05,0.000343827158781553,"NT_CRISPRa_3_MRE11_CasRx_1"
18658.0747883108,0.89953079028351,4.20770553225102,0.213781782824114,0.830717231747168,0.99985898606518,"CtIP_CRISPRa_1_MRE11_CasRx_2"
22872.9385079669,18.2670154233175,4.25520186592844,4.29286694236111,1.76380715634168e-05,0.000343827158781553,"BRCA1_CRISPRa_1_MRE11_CasRx_2"
4320.20875500982,0.200662134206301,4.48832226467135,0.0447076039494223,0.964340372685119,0.99985898606518,"RAD50_CRISPRa_4_MRE11_CasRx_2"
19932.7925163705,18.0314685522001,4.23631247259999,4.25640664347251,2.07738721415582e-05,0.000343827158781553,"XRCC1_CRISPRa_4_MRE11_CasRx_2"
22323.8477118851,-0.467120159065273,4.22281187645112,-0.110618273494543,0.911919056265223,0.99985898606518,"53BP1_CRISPRa_2_MRE11_CasRx_2"
28607.2545716048,0.31563485122317,4.28489545475303,0.0736622058942072,0.941279172379862,0.99985898606518,"NT_CRISPRa_2_MRE11_CasRx_2"
30136.8497504944,18.4649326357342,4.3196864897265,4.27460017750114,1.91480597227988e-05,0.000343827158781553,"NT_CRISPRa_5_MRE11_CasRx_2"
9236.00745793061,-16.4480381899569,4.39427221129984,-3.74306310557203,0.000181790550321981,0.00112600618831268,"POLQ_CRISPRa_5_MRE11_CasRx_3"
13221.6508439218,-0.252123742906012,4.26698292599956,-0.0590871225122025,0.952882715467826,0.99985898606518,"POLD3_CRISPRa_2_MRE11_CasRx_3"
26874.5965043358,-0.433536285425774,4.5620920843739,-0.0950301478812154,0.924290880728523,0.99985898606518,"RAD50_CRISPRa_5_MRE11_CasRx_3"
25410.6572552423,18.1026258565043,4.2903750326805,4.2193574497832,2.44999572677028e-05,0.000343827158781553,"NBN_CRISPRa_4_MRE11_CasRx_3"
15586.944136799,-0.20952568003631,4.56209751859889,-0.0459274882183271,0.963368044859104,0.99985898606518,"KU70_CRISPRa_2_MRE11_CasRx_3"
34816.1581079002,9.00161907970902,4.29051873244237,2.09802581949919,0.0359028646099973,0.125788250651455,"53BP1_CRISPRa_3_MRE11_CasRx_3"
14648.2538907792,16.4512760423357,4.32527679021834,3.80351983011595,0.000142654568375327,0.000939222359571783,"LIG3_CRISPRa_2_MRE11_CasRx_3"
4238.63837250796,-14.684765230013,4.51916655654335,-3.24944102995071,0.00115632050050254,0.00540166862377615,"NT_CRISPRa_2_MRE11_CasRx_3"
6226.4586036148,-13.5931615304768,4.53972891683798,-2.99426723037567,0.00275104878239869,0.0121021473342292,"NT_CRISPRa_3_MRE11_CasRx_3"
15269.911366804,-2.55856257453275,4.56216806706045,-0.560821639388071,0.57491913336791,0.99985898606518,"ATM_CRISPRa_3_MRE11_CasRx_4"
41804.2766012792,0.787473398641012,4.5620900001542,0.172612420757678,0.862956088101387,0.99985898606518,"POLQ_CRISPRa_1_MRE11_CasRx_4"
16312.8996618609,7.92796453170751,4.08668290996829,1.93995098380878,0.0523856471184217,0.170166621931032,"POLQ_CRISPRa_2_MRE11_CasRx_4"
32149.4239919249,6.46178788370265,4.56218852195324,1.41637897088394,0.156664577531648,0.42691097377374,"RAD50_CRISPRa_4_MRE11_CasRx_4"
31883.1602291557,18.5922540051448,4.31326594143341,4.31048172257287,1.62899293335973e-05,0.000343827158781553,"XRCC1_CRISPRa_5_MRE11_CasRx_4"
10035.7361604239,6.33400645516878,4.56241934775528,1.38829992869575,0.16504573393148,0.446032685914,"KU70_CRISPRa_3_MRE11_CasRx_4"
16464.0720508033,0.561165306878074,4.21944046291646,0.132995194934022,0.894197180629716,0.99985898606518,"XLF_CRISPRa_2_MRE11_CasRx_4"
11357.0962019558,-0.479430044384343,4.30940595321516,-0.111252003080993,0.911416515042403,0.99985898606518,"NT_CRISPRa_1_MRE11_CasRx_4"
23083.7615670475,-17.7067583736398,4.25923433749707,-4.15726324747023,3.22082779186843e-05,0.000343827158781553,"RAD51_CRISPRa_1_MRE11_CasRx_5"
20070.1021953152,-17.6220254109534,4.23728984055496,-4.1587963236061,3.19929006528752e-05,0.000343827158781553,"BRCA1_CRISPRa_1_MRE11_CasRx_5"
16522.252328483,17.7816037077042,4.24727993601919,4.1865862329692,2.83181375484578e-05,0.000343827158781553,"BRCA1_CRISPRa_4_MRE11_CasRx_5"
9279.74943918955,-1.70537211888649,4.56214023281735,-0.373809666484833,0.70854592721657,0.99985898606518,"BRCA1_CRISPRa_5_MRE11_CasRx_5"
10683.4805124292,1.41130620243305,4.32799980328977,0.326087399856233,0.744358229920669,0.99985898606518,"RAD50_CRISPRa_5_MRE11_CasRx_5"
5992.62928047151,0.529608590648823,4.4626112863132,0.11867683664789,0.905531388511864,0.99985898606518,"KU70_CRISPRa_5_MRE11_CasRx_5"
16989.4062165211,-17.0457208225613,4.24887949829149,-4.01181554558457,6.02535714401454e-05,0.000505203022075065,"XRCC4_CRISPRa_2_MRE11_CasRx_5"
11796.3054187529,6.50151066426902,4.56237557656233,1.42502750051275,0.15414925182538,0.423586599553777,"LIG4_CRISPRa_2_MRE11_CasRx_5"
7475.77818517751,1.56549582137385,4.42681141744534,0.353639600549616,0.723608992731866,0.99985898606518,"NT_CRISPRa_3_MRE11_CasRx_5"
6604.28073666219,-2.45725054637781,4.50969207443784,-0.544882112973117,0.585834599128989,0.99985898606518,"BRCA1_CRISPRa_3_RAD50_CasRx_1"
7024.71740295599,-0.947165400663866,4.56212471913672,-0.207614973060863,0.835529612294159,0.99985898606518,"POLQ_CRISPRa_1_RAD50_CasRx_1"
18134.3032550658,0.624465152695316,4.20890844940805,0.148367482971302,0.882052760850262,0.99985898606518,"PALB2_CRISPRa_1_RAD50_CasRx_1"
33017.7547475221,6.00438068524863,4.56226403950834,1.3160967084,0.188141585632158,0.487458427731793,"XRCC1_CRISPRa_2_RAD50_CasRx_1"
8449.82292244809,-4.45445081127255,4.5637256490292,-0.976055782893107,0.329036821661518,0.736952333447373,"KU70_CRISPRa_3_RAD50_CasRx_1"
21606.8804183885,-17.7558245561735,4.2440300973184,-4.18371786934136,2.867799850465e-05,0.000343827158781553,"53BP1_CRISPRa_3_RAD50_CasRx_1"
39275.4762561078,0.850326158024591,4.56209065445811,0.1863895793464,0.852139263720347,0.99985898606518,"BRCA2_CRISPRa_3_RAD50_CasRx_2"
44543.1615431886,0.918615376048394,3.97451359023275,0.23112649012092,0.817216536063236,0.99985898606518,"POLQ_CRISPRa_2_RAD50_CasRx_2"
15078.0542011406,-1.48931680723943,4.24505515468889,-0.350835678917952,0.725711628537034,0.99985898606518,"POLQ_CRISPRa_4_RAD50_CasRx_2"
8572.03830650672,-0.581943066627258,4.39225807450724,-0.132492912928971,0.894594428271923,0.99985898606518,"MRE11_CRISPRa_4_RAD50_CasRx_2"
14970.2523457107,0.337633702641577,4.23687662533901,0.0796892929622566,0.936484375348877,0.99985898606518,"NBN_CRISPRa_2_RAD50_CasRx_2"
8832.98361014474,-0.922363128373241,4.38588474937817,-0.210302637000211,0.833431477281996,0.99985898606518,"NBN_CRISPRa_4_RAD50_CasRx_2"
5384.82562227971,4.46142050017661,4.54609180220893,0.981374924722994,0.326407886964445,0.732737155862976,"53BP1_CRISPRa_2_RAD50_CasRx_2"
25050.6871464558,0.988323201343204,4.25264564974017,0.232401964034692,0.816225823603756,0.99985898606518,"LIG3_CRISPRa_2_RAD50_CasRx_2"
10773.8853516071,17.1796842973286,4.34930326042472,3.94998538125643,7.81559665405421e-05,0.000606301634860449,"ATM_CRISPRa_5_RAD50_CasRx_3"
9616.84833379248,-0.267845068702653,4.56210637030462,-0.0587108337600573,0.953182430132157,0.99985898606518,"BRCA1_CRISPRa_2_RAD50_CasRx_3"
4048.01652198264,-1.7861307531629,4.56222379263321,-0.3915044141515,0.695424426511636,0.99985898606518,"POLQ_CRISPRa_3_RAD50_CasRx_3"
15052.1477613803,-0.0316621062766284,4.23566788796717,-0.00747511540424951,0.99403577637295,0.99985898606518,"NBN_CRISPRa_2_RAD50_CasRx_3"
14225.1527454323,1.28039413275922,4.24895890768348,0.301343025568888,0.763152935101382,0.99985898606518,"XLF_CRISPRa_3_RAD50_CasRx_3"
10040.8720820073,0.490962120126736,4.34382774026635,0.113025227859664,0.910010554426951,0.99985898606518,"LIG4_CRISPRa_1_RAD50_CasRx_3"
24543.9849146203,0.186471584971756,4.56209244300491,0.0408741355641915,0.967396237040246,0.99985898606518,"53BP1_CRISPRa_3_RAD50_CasRx_3"
14788.2592146036,6.28342069666256,4.5623195745557,1.37724256137285,0.168437267053312,0.45109089140676,"CtIP_CRISPRa_2_RAD50_CasRx_4"
24110.378964403,0.516813203303065,4.56209340339243,0.113284222308722,0.90980522548707,0.99985898606518,"RAD51_CRISPRa_3_RAD50_CasRx_4"
8141.52645966119,-1.39917545293176,4.56213283687216,-0.306693273291676,0.759076850339718,0.99985898606518,"BRCA1_CRISPRa_1_RAD50_CasRx_4"
44116.9568043379,-18.5986952478343,4.02287262249501,-4.62323742090032,3.77796888351304e-06,0.000264727676766164,"BRCA1_CRISPRa_3_RAD50_CasRx_4"
11246.4269568797,0.399471638873476,4.31024924121229,0.0926794754822858,0.926158203012081,0.99985898606518,"POLQ_CRISPRa_1_RAD50_CasRx_4"
18449.2642751572,0.735899877239841,4.56209770730286,0.161307346850953,0.871851337087749,0.99985898606518,"POLD3_CRISPRa_4_RAD50_CasRx_4"
15101.9970347632,1.08777517001765,4.23550417649685,0.256823066319661,0.797315362814788,0.99985898606518,"MRE11_CRISPRa_4_RAD50_CasRx_4"
31917.6550085912,7.9384749054532,4.56232445802991,1.74000665197783,0.0818578499293437,0.247847378952735,"XLF_CRISPRa_1_RAD50_CasRx_4"
20204.0627679014,-17.6543425567151,4.23734607211906,-4.16636787655306,3.09491128158771e-05,0.000343827158781553,"53BP1_CRISPRa_3_RAD50_CasRx_4"
7913.76850506613,-3.5408115282165,4.48378910883144,-0.789691808038513,0.429707776672149,0.91046075359693,"CtIP_CRISPRa_1_RAD50_CasRx_5"
7175.04407050109,-3.95821388804704,4.52079913468577,-0.875556239090055,0.381271324111737,0.833022648003594,"POLQ_CRISPRa_1_RAD50_CasRx_5"
23647.9954387,8.72780223526637,4.20951878839922,2.07334915794148,0.0381397968987369,0.132677804105181,"POLQ_CRISPRa_2_RAD50_CasRx_5"
37625.3947104758,4.11944479987956,4.56219580038099,0.902952214268303,0.366551256957076,0.805229996516914,"POLD3_CRISPRa_2_RAD50_CasRx_5"
18112.2293504522,17.9394645116148,4.23783877770981,4.23316351862483,2.3042683715601e-05,0.000343827158781553,"POLD3_CRISPRa_4_RAD50_CasRx_5"
23893.3292696186,7.32378558368679,4.03952581237336,1.8130310149903,0.0698270378481361,0.219552320926351,"PALB2_CRISPRa_2_RAD50_CasRx_5"
18316.5989205858,9.58987523474853,4.07307054743597,2.35445841731994,0.0185497190043553,0.073972659932002,"NBN_CRISPRa_3_RAD50_CasRx_5"
24790.1864036792,-0.201571046341963,4.24998171896348,-0.04742868550294,0.962171567014653,0.99985898606518,"NBN_CRISPRa_5_RAD50_CasRx_5"
54231.6342509457,0.795820613094056,2.90856508814594,0.273612791523036,0.784382202795031,0.99985898606518,"XLF_CRISPRa_5_RAD50_CasRx_5"
1842.59040387555,-3.00603922245168,4.45250993960016,-0.675133635461714,0.499590865571191,0.99985898606518,"53BP1_CRISPRa_2_RAD50_CasRx_5"
10820.3060947748,-0.346081862103527,4.56210417563872,-0.0758601401413798,0.939530368999522,0.99985898606518,"53BP1_CRISPRa_3_RAD50_CasRx_5"
20215.8967833673,-5.2079144978881,4.03328852394527,-1.29123281584474,0.196622959188143,0.50231021605096,"ATM_CRISPRa_2_PALB2_CasRx_1"
20681.0470453547,0.951933704229131,4.21049619784579,0.226085871949289,0.821134632679015,0.99985898606518,"ATM_CRISPRa_3_PALB2_CasRx_1"
22477.2921757924,-17.7609583333162,4.25185009966785,-4.17723059773524,2.95079835897591e-05,0.000343827158781553,"ATM_CRISPRa_4_PALB2_CasRx_1"
11924.125698373,-0.736522675754715,4.56210515895932,-0.161443598972788,0.871744030007662,0.99985898606518,"BRCA2_CRISPRa_2_PALB2_CasRx_1"
96709.3541088565,-8.71769169273859,4.56225827693294,-1.91082818279179,0.0560266646772721,0.180796572527644,"BRCA2_CRISPRa_3_PALB2_CasRx_1"
47459.4308521898,-9.73565898573362,3.92641521656734,-2.47952864094822,0.0131556164142136,0.0537735820930981,"EXO1_CRISPRa_1_PALB2_CasRx_1"
39824.5920227641,-9.44061380832682,4.05607704445879,-2.32752329525499,0.0199374306127827,0.0791846940531978,"MRE11_CRISPRa_4_PALB2_CasRx_1"
11947.3063230148,1.7814956784683,4.29652179023272,0.414636714404237,0.678407867080285,0.99985898606518,"KU70_CRISPRa_3_PALB2_CasRx_1"
17594.014068812,-0.763750910371429,4.21411593377385,-0.181236331029808,0.856182078730097,0.99985898606518,"XRCC4_CRISPRa_4_PALB2_CasRx_1"
46063.4431674306,19.2587513814264,3.9654953852532,4.85658146345232,1.19429660054024e-06,0.000146450620641247,"XLF_CRISPRa_1_PALB2_CasRx_1"
44608.7508409314,2.89263660061198,4.56224286021863,0.634038276619354,0.526055842556314,0.99985898606518,"LIG4_CRISPRa_1_PALB2_CasRx_1"
10208.0485574642,16.8709327767188,4.36571133071322,3.86441784596019,0.000111354459952638,0.000769286797278437,"LIG3_CRISPRa_1_PALB2_CasRx_1"
20984.065152933,0.385385060042627,4.21172508319206,0.0915029002202927,0.92709300186347,0.99985898606518,"BRCA1_CRISPRa_3_PALB2_CasRx_2"
23018.3641634477,6.75907290575505,4.56223907675339,1.48152536332335,0.138466631334476,0.389214227332726,"BRCA1_CRISPRa_4_PALB2_CasRx_2"
24328.1724238992,8.48358149169597,4.15591076719919,2.04132907728751,0.0412181287350477,0.138951836044955,"BRCA2_CRISPRa_3_PALB2_CasRx_2"
31808.6725952008,5.70275660018216,4.56217771724128,1.25000755201413,0.211296788609786,0.524813566898178,"BRCA2_CRISPRa_4_PALB2_CasRx_2"
8660.96374752276,0.21132573362144,4.38693935182696,0.0481715648823438,0.961579511806644,0.99985898606518,"BRCA2_CRISPRa_5_PALB2_CasRx_2"
5443.64077419598,-2.00177189985604,4.56221280805299,-0.438772145026338,0.66082664559836,0.99985898606518,"POLQ_CRISPRa_2_PALB2_CasRx_2"
18146.2488523361,0.514319801049128,4.20885451024683,0.12219947251609,0.902741044196208,0.99985898606518,"POLD3_CRISPRa_1_PALB2_CasRx_2"
25336.7378789249,-9.51401809973691,4.1036942233908,-2.31840326833018,0.0204274146011268,0.0804790912598609,"POLD3_CRISPRa_2_PALB2_CasRx_2"
34829.8317199086,-18.4421276883429,4.27439348916328,-4.31456012065772,1.59921009767205e-05,0.000343827158781553,"POLD3_CRISPRa_5_PALB2_CasRx_2"
40422.3392246565,-18.6128263995632,4.12842455442275,-4.50845744041112,6.53006645859653e-06,0.000343827158781553,"MRE11_CRISPRa_3_PALB2_CasRx_2"
28756.5987900819,0.628009417322748,4.28560801507033,0.146539164364626,0.883495774905608,0.99985898606518,"RAD50_CRISPRa_1_PALB2_CasRx_2"
30378.9881637364,-0.469382885924338,4.29048153116864,-0.109400980406152,0.9128844561655,0.99985898606518,"NBN_CRISPRa_1_PALB2_CasRx_2"
18093.7006368052,-0.563045331331989,4.2106101511564,-0.133720603693827,0.893623512095059,0.99985898606518,"KU70_CRISPRa_5_PALB2_CasRx_2"
50779.369202778,-0.351406757200912,3.79633642406002,-0.0925647039534757,0.92624938548241,0.99985898606518,"XRCC4_CRISPRa_2_PALB2_CasRx_2"
6826.24504068427,2.79063553204674,4.45844094633735,0.625921833581596,0.531366212837436,0.99985898606518,"XLF_CRISPRa_4_PALB2_CasRx_2"
32198.8461867356,5.995133065847,4.56225451461785,1.31407247154627,0.188821817062264,0.487458427731793,"XLF_CRISPRa_5_PALB2_CasRx_2"
19962.4989070443,0.764195600449875,4.20788115751114,0.181610547409537,0.855888370871491,0.99985898606518,"LIG4_CRISPRa_1_PALB2_CasRx_2"
29448.5823598936,18.5993866271759,4.31636557599762,4.30903877340767,1.63965623390007e-05,0.000343827158781553,"53BP1_CRISPRa_4_PALB2_CasRx_2"
22983.5600541599,-4.2942643143201,4.31692151616707,-0.994751537232698,0.319857121922143,0.726342214364866,"NT_CRISPRa_5_PALB2_CasRx_2"
13801.6821528473,5.25942273774426,4.02787676176075,1.30575562481836,0.191635675040431,0.490847512309825,"BRCA1_CRISPRa_4_PALB2_CasRx_3"
11027.4233244311,1.31089858408032,4.31742130564807,0.303629989124619,0.761409801549736,0.99985898606518,"MRE11_CRISPRa_3_PALB2_CasRx_3"
44255.9419918434,9.66846924078125,4.00848619383585,2.41200013502583,0.015865275651971,0.0643133694817502,"RAD50_CRISPRa_1_PALB2_CasRx_3"
3033.59760484905,-13.582522308289,4.5298457053106,-2.99845142459607,0.00271355409393423,0.0119909755231958,"DNA-PKcs_CRISPRa_1_PALB2_CasRx_3"
21684.7344515254,11.2796850623198,4.05823598364784,2.77945518884804,0.00544501655472915,0.0233255949353245,"XLF_CRISPRa_2_PALB2_CasRx_3"
24376.4695188679,-0.0244744407234238,4.24456156052778,-0.0057660703878166,0.995399366954382,0.99985898606518,"XLF_CRISPRa_5_PALB2_CasRx_3"
13356.9162932571,0.300376981111416,4.2632457393294,0.0704573462281029,0.943829648918067,0.99985898606518,"LIG3_CRISPRa_5_PALB2_CasRx_3"
16621.2207461201,5.52895603925337,3.93083776515177,1.40655920431758,0.159558137283532,0.43239373667167,"NT_CRISPRa_5_PALB2_CasRx_3"
32243.0224948763,-18.2407906830408,4.30918406427843,-4.23300337394504,2.30591044342228e-05,0.000343827158781553,"RAD51_CRISPRa_4_PALB2_CasRx_4"
9086.42043328875,-3.25321779613023,4.56240927413145,-0.713048216558685,0.475815921322998,0.98893097207174,"BRCA1_CRISPRa_1_PALB2_CasRx_4"
14694.1684166654,-1.59580057645217,4.56211593827777,-0.349793954831977,0.7264933361442,0.99985898606518,"BRCA2_CRISPRa_1_PALB2_CasRx_4"
29805.607593496,5.39910498908469,4.56218393798934,1.18344745903958,0.236631857832968,0.570358360034745,"POLQ_CRISPRa_2_PALB2_CasRx_4"
20073.1536093841,0.823862483307303,4.20820095677707,0.195775461240871,0.844785917482168,0.99985898606518,"POLQ_CRISPRa_3_PALB2_CasRx_4"
22712.9072037506,0.606259780959398,4.22526077716159,0.143484583066768,0.885907486193601,0.99985898606518,"MRE11_CRISPRa_1_PALB2_CasRx_4"
28073.4411039746,4.50254500145671,4.56220283741963,0.986923458230836,0.323680163265456,0.729954575088303,"MRE11_CRISPRa_3_PALB2_CasRx_4"
9216.37167542072,-2.92661437703158,4.4324900392334,-0.660264174567156,0.509084316009885,0.99985898606518,"MRE11_CRISPRa_5_PALB2_CasRx_4"
12879.6648943503,17.2873570182937,4.3001650607308,4.02016126686909,5.81583162047428e-05,0.000496115723450893,"NBN_CRISPRa_4_PALB2_CasRx_4"
11578.491007093,-15.849038315886,4.34181720038909,-3.65032372032283,0.000261910008250742,0.00146996102398874,"XRCC1_CRISPRa_5_PALB2_CasRx_4"
22843.5020442838,0.6656069764179,4.22664969223883,0.157478623705229,0.874867653498862,0.99985898606518,"DNA-PKcs_CRISPRa_5_PALB2_CasRx_4"
9010.17413769244,-2.58804681810257,4.43715359929,-0.583267349256671,0.559713338877434,0.99985898606518,"XLF_CRISPRa_2_PALB2_CasRx_4"
11216.1808708765,-16.5895839338669,4.3411069544064,-3.82151006830821,0.000132636997749257,0.00088514894416341,"XLF_CRISPRa_3_PALB2_CasRx_4"
17175.3895548472,5.89616240899537,4.14375017668504,1.42290489474253,0.154763727119947,0.424087196381755,"NT_CRISPRa_3_PALB2_CasRx_4"
24771.8220288061,-8.29066808246682,4.07330660939144,-2.03536558317309,0.0418141016682696,0.140478197727988,"NT_CRISPRa_4_PALB2_CasRx_4"
22520.5683474452,0.323929435710568,4.2233751893333,0.0766991851750931,0.938862852769103,0.99985898606518,"CtIP_CRISPRa_1_PALB2_CasRx_5"
4073.58785708028,2.51431785448467,4.56239524035033,0.551096019092727,0.58156785423614,0.99985898606518,"BRCA2_CRISPRa_2_PALB2_CasRx_5"
14568.2935292397,7.12638104496233,4.5624045058551,1.561979222977,0.118292883547273,0.342915080301035,"RAD50_CRISPRa_3_PALB2_CasRx_5"
27245.3294640418,8.16757034441415,4.56240640113282,1.79018912966328,0.0734235120177387,0.227938181295575,"DNA-PKcs_CRISPRa_5_PALB2_CasRx_5"
13258.0628230441,0.787121838933241,4.26515749010814,0.184546957705255,0.853584392782518,0.99985898606518,"LIG3_CRISPRa_1_PALB2_CasRx_5"
9600.18026922508,-13.4528368386643,4.4564480593103,-3.01873524825651,0.00253832245993747,0.0112673951728446,"LIG3_CRISPRa_2_PALB2_CasRx_5"
28162.4768834244,-1.86192085196714,4.29587934480393,-0.433420192356943,0.664709533673209,0.99985898606518,"NT_CRISPRa_4_PALB2_CasRx_5"
6766.65475324365,15.6338521283475,4.47666237358177,3.49230092057151,0.000478878418091511,0.00245957972852237,"CtIP_CRISPRa_1_NBN_CasRx_1"
19206.6747032549,0.126911382986031,4.20721253912087,0.0301651941293535,0.97593530695277,0.99985898606518,"CtIP_CRISPRa_2_NBN_CasRx_1"
10053.0136933399,-0.129485579260995,4.56210498244737,-0.0283828582987873,0.977356795789905,0.99985898606518,"BRCA1_CRISPRa_1_NBN_CasRx_1"
12990.6916774909,1.89992951639592,4.27472734598641,0.444456303904337,0.656712714003534,0.99985898606518,"BRCA1_CRISPRa_3_NBN_CasRx_1"
36267.316400193,0.160014445883255,4.56208956545277,0.0350748146408594,0.972020084056823,0.99985898606518,"BRCA1_CRISPRa_5_NBN_CasRx_1"
6525.85226395416,0.611809871814514,4.56212120896708,0.134106448248672,0.893318400740849,0.99985898606518,"POLD3_CRISPRa_2_NBN_CasRx_1"
67485.9082037009,-10.1432322550689,4.56269812248919,-2.22307765772925,0.0262105639149032,0.0988944738481541,"MRE11_CRISPRa_1_NBN_CasRx_1"
4305.81252751119,-15.1209778289661,4.51361027483653,-3.35008494491999,0.000807867815443022,0.00400261781287679,"PALB2_CRISPRa_1_NBN_CasRx_1"
8936.70084071484,16.66444957734,4.40417841830903,3.7837816715287,0.000154463333226048,0.00100196130861118,"PALB2_CRISPRa_5_NBN_CasRx_1"
26715.1975042917,-18.0343908421955,4.29875008051241,-4.19526385680132,2.72554115871266e-05,0.000343827158781553,"DNA-PKcs_CRISPRa_3_NBN_CasRx_1"
7366.45238932759,15.2275349126863,4.48880860743491,3.3923332991887,0.000693000862053627,0.00346973272575809,"LIG4_CRISPRa_5_NBN_CasRx_1"
32878.075453195,18.6454177101277,4.30481873316965,4.33128985582141,1.48238384285404e-05,0.000343827158781553,"CtIP_CRISPRa_2_NBN_CasRx_2"
800.693033773619,2.68971367971135,4.20677048894486,0.639377329183932,0.522577493601763,0.99985898606518,"ATM_CRISPRa_2_NBN_CasRx_2"
11360.3796129619,0.0556025782996201,4.30762156611125,0.0129079533673651,0.989701229286137,0.99985898606518,"RAD51_CRISPRa_3_NBN_CasRx_2"
21726.9151978021,18.1925546596446,4.24492079286531,4.2857229963447,1.82145833715053e-05,0.000343827158781553,"DNA-PKcs_CRISPRa_3_NBN_CasRx_2"
23776.4638262036,5.68941091415991,4.5623672091043,1.24703046760607,0.212386326257469,0.524813566898178,"XLF_CRISPRa_1_NBN_CasRx_2"
14209.4934609461,0.839066840001563,4.24814116868631,0.197513878819859,0.843425421637113,0.99985898606518,"XLF_CRISPRa_4_NBN_CasRx_2"
1285.096003032,2.08743831514963,4.33295169357196,0.481758963121236,0.629977184316492,0.99985898606518,"LIG4_CRISPRa_3_NBN_CasRx_2"
27340.2410683026,-17.9923514163733,4.30550863698536,-4.17891425459344,2.92904083590556e-05,0.000343827158781553,"LIG4_CRISPRa_5_NBN_CasRx_2"
17194.8238726912,1.29392114379244,4.21420682312903,0.307037883544525,0.758814537069378,0.99985898606518,"53BP1_CRISPRa_3_NBN_CasRx_2"
9460.6810564344,-16.3092285373969,4.38884013641519,-3.71606803402921,0.000202347118571254,0.00121780689152393,"LIG3_CRISPRa_2_NBN_CasRx_2"
15754.742027115,15.5378886238362,4.30697171171752,3.60761334502476,0.000309026552559679,0.00167383367488811,"LIG3_CRISPRa_3_NBN_CasRx_2"
16367.1246908027,0.799551347766176,4.22045094716006,0.189446899816285,0.84974256919202,0.99985898606518,"RAD51_CRISPRa_2_NBN_CasRx_3"
39574.5409474247,7.95020209819535,4.19743982869523,1.89405981328068,0.0582170710729351,0.186359478632745,"BRCA1_CRISPRa_5_NBN_CasRx_3"
44056.6610254306,5.06551900962781,4.56216751700087,1.11033165501951,0.266856137229455,0.620345664981268,"RAD50_CRISPRa_1_NBN_CasRx_3"
9257.61245792903,4.47901742089743,4.56229952539917,0.98174558596206,0.326225201313221,0.732737155862976,"XRCC4_CRISPRa_2_NBN_CasRx_3"
43733.3739519732,2.73024734501003,4.56212094049755,0.598460097971946,0.54953297582885,0.99985898606518,"XLF_CRISPRa_1_NBN_CasRx_3"
12721.0012404511,0.0618508092533755,4.56210044802322,0.0135575290281422,0.989182988279836,0.99985898606518,"LIG4_CRISPRa_4_NBN_CasRx_3"
28074.1960770856,-18.1229802665319,4.30943831055414,-4.20541587105385,2.60602516170978e-05,0.000343827158781553,"53BP1_CRISPRa_4_NBN_CasRx_3"
21453.2240547496,0.512791132148657,3.33675986631264,0.153679363422495,0.877862557069317,0.99985898606518,"NT_CRISPRa_3_NBN_CasRx_3"
8288.32432842914,0.674873581857682,4.39877919441804,0.153422927596385,0.878064765319985,0.99985898606518,"NT_CRISPRa_5_NBN_CasRx_3"
44817.1729154055,-0.652976012735818,3.9676865268105,-0.16457348843552,0.869279699809041,0.99985898606518,"CtIP_CRISPRa_1_NBN_CasRx_4"
14774.4614465834,0.0770206311592781,4.56209812028418,0.0168827213112375,0.986530177200044,0.99985898606518,"BRCA1_CRISPRa_5_NBN_CasRx_4"
11516.4150791679,0.420978627015546,4.30336591149165,0.0978254314585172,0.922070912851989,0.99985898606518,"XRCC1_CRISPRa_1_NBN_CasRx_4"
13782.0286274532,-17.0731143205019,4.28302379443261,-3.98622915490098,6.71316789832678e-05,0.000544265926302361,"XRCC1_CRISPRa_3_NBN_CasRx_4"
21429.4997871353,0.138807205655038,4.21440470706554,0.0329363730593612,0.973725327014284,0.99985898606518,"XRCC4_CRISPRa_1_NBN_CasRx_4"
12149.0876103718,0.755098407276192,4.28830379080839,0.1760832357294,0.860228551094711,0.99985898606518,"XRCC4_CRISPRa_2_NBN_CasRx_4"
28888.7156903486,6.82805788489286,3.96216843934142,1.72331337988947,0.0848318694659018,0.256061735218614,"XLF_CRISPRa_1_NBN_CasRx_4"
19081.995655657,0.344036143198933,4.56209533393563,0.07541187064632,0.939887014695025,0.99985898606518,"LIG4_CRISPRa_1_NBN_CasRx_4"
17729.5376937941,0.39904100859874,4.21062366059816,0.0947700485162933,0.924497477589123,0.99985898606518,"53BP1_CRISPRa_2_NBN_CasRx_4"
12815.257092446,0.608722016183641,4.27384993915829,0.142429431273744,0.886740816561923,0.99985898606518,"CtIP_CRISPRa_2_NBN_CasRx_5"
970.034024300739,-11.7248012804749,4.34160046577681,-2.70057122319224,0.00692205142354184,0.0291439160793757,"ATM_CRISPRa_3_NBN_CasRx_5"
7149.23095239055,-0.720661830105812,4.43656922243041,-0.162436737482262,0.870961942654993,0.99985898606518,"RAD51_CRISPRa_1_NBN_CasRx_5"
10069.4125190051,15.6694586663156,4.40671738469414,3.55581202478297,0.000376813433617551,0.00196624456584477,"BRCA1_CRISPRa_1_NBN_CasRx_5"
25040.7812351998,18.369957935245,4.28118433381704,4.290858907929,1.77983375413413e-05,0.000343827158781553,"POLQ_CRISPRa_2_NBN_CasRx_5"
4623.84111177999,-1.28733585574666,4.49261129352785,-0.28654512301147,0.774460638429137,0.99985898606518,"POLD3_CRISPRa_4_NBN_CasRx_5"
28410.2499583514,1.31055748422837,4.56209702238651,0.287270848865637,0.773904941606118,0.99985898606518,"MRE11_CRISPRa_2_NBN_CasRx_5"
14810.0352439474,0.43015719254097,4.23865480148308,0.101484365367631,0.919165968108348,0.99985898606518,"RAD50_CRISPRa_1_NBN_CasRx_5"
34319.3330682713,-0.274359650718977,4.25656748690764,-0.0644556092585992,0.948607452252317,0.99985898606518,"RAD50_CRISPRa_5_NBN_CasRx_5"
31126.4667874114,9.17764406016533,4.19927656110311,2.1855297993887,0.0288500234773752,0.107204064512519,"XRCC1_CRISPRa_1_NBN_CasRx_5"
8914.00722958855,-0.910328028996005,4.56211529345555,-0.19954077668793,0.841839749444941,0.99985898606518,"XRCC1_CRISPRa_4_NBN_CasRx_5"
27185.8592091749,-8.56203535544731,4.16281523294009,-2.05678966668914,0.0397064624905641,0.137155069377618,"53BP1_CRISPRa_1_NBN_CasRx_5"
29431.1230574536,-8.59144243301149,4.19664116127953,-2.04721874061589,0.0406366121748957,0.138279897463069,"53BP1_CRISPRa_3_NBN_CasRx_5"
17235.594860244,-1.33034022357288,4.21920770057691,-0.315305696704853,0.75252956010352,0.99985898606518,"LIG3_CRISPRa_4_NBN_CasRx_5"
13503.7577162761,-0.358331565524398,4.26192663746808,-0.0840773659438857,0.932994920274127,0.99985898606518,"ATM_CRISPRa_5_XRCC1_CasRx_1"
24245.4901844161,0.706003854096826,4.24254334019461,0.166410522529733,0.867833893631334,0.99985898606518,"POLD3_CRISPRa_1_XRCC1_CasRx_1"
20950.7925513995,5.7491888014793,4.56232063974986,1.26014571430791,0.207616801749557,0.520900466793644,"POLD3_CRISPRa_2_XRCC1_CasRx_1"
23232.7255662491,0.620881719950397,4.23092640433666,0.146748409358763,0.88333060705526,0.99985898606518,"RAD50_CRISPRa_3_XRCC1_CasRx_1"
33.3836459250245,0.339781998699674,3.28162384306886,0.103540812399121,0.917533759928992,0.99985898606518,"RAD50_CRISPRa_4_XRCC1_CasRx_1"
35172.362344157,5.61247283430857,4.56228322396425,1.23018948162359,0.218626157777621,0.537524463107384,"LIG4_CRISPRa_1_XRCC1_CasRx_1"
211.361879297846,1.45143419743477,3.85639930461695,0.376370308877789,0.706641616099352,0.99985898606518,"LIG4_CRISPRa_3_XRCC1_CasRx_1"
25318.5954237461,15.893390060511,4.35131906619901,3.65254531297662,0.000259653759029051,0.00146996102398874,"LIG3_CRISPRa_2_XRCC1_CasRx_1"
21929.1093121972,-17.5060424466679,4.2501063238596,-4.11896576525415,3.80576677586397e-05,0.000369649228427976,"BRCA2_CRISPRa_3_XRCC1_CasRx_2"
18091.3274495133,0.493879069904876,4.2090926588321,0.117336231329702,0.906593614871141,0.99985898606518,"POLQ_CRISPRa_3_XRCC1_CasRx_2"
9082.38175218098,0.580593582251901,4.56211027086122,0.12726425881466,0.898731247579485,0.99985898606518,"EXO1_CRISPRa_3_XRCC1_CasRx_2"
25771.0632120783,1.20075109259168,4.56209718268338,0.263201559394534,0.792395228944083,0.99985898606518,"XRCC4_CRISPRa_2_XRCC1_CasRx_2"
20956.0795342045,18.0074301474017,4.24243028136275,4.24460249270553,2.18981261330431e-05,0.000343827158781553,"CtIP_CRISPRa_1_XRCC1_CasRx_3"
37552.4523234121,9.27374079246372,4.20461370970188,2.20561065361728,0.0274112724978683,0.102635337100797,"CtIP_CRISPRa_4_XRCC1_CasRx_3"
7615.12181063331,6.06583945987448,4.56238731370528,1.32953189696387,0.183672549636895,0.481772115491427,"RAD51_CRISPRa_2_XRCC1_CasRx_3"
9157.70622164614,0.53733924335708,4.37095745645445,0.122933990712632,0.902159369068117,0.99985898606518,"BRCA1_CRISPRa_5_XRCC1_CasRx_3"
32156.5551441824,0.972994137364361,4.56209288277572,0.213278020059153,0.831110116602778,0.99985898606518,"PALB2_CRISPRa_5_XRCC1_CasRx_3"
38831.1552107506,0.701230885417867,4.14480833052457,0.169182946350892,0.865652743267746,0.99985898606518,"DNA-PKcs_CRISPRa_1_XRCC1_CasRx_3"
8223.43129476928,-14.5344329472402,4.48233025639892,-3.24260643813361,0.00118441697752217,0.00550669694288741,"DNA-PKcs_CRISPRa_3_XRCC1_CasRx_3"
26717.6670627809,-0.197921360242015,4.27158269773497,-0.046334432515368,0.963043695591542,0.99985898606518,"XRCC4_CRISPRa_3_XRCC1_CasRx_3"
12438.0265879684,1.05047328650478,4.28223085045558,0.245309821723652,0.806216547418363,0.99985898606518,"XLF_CRISPRa_2_XRCC1_CasRx_3"
16034.1244915131,8.00182234057162,4.56257497695038,1.75379525399493,0.0794655965925803,0.242852804539942,"XLF_CRISPRa_3_XRCC1_CasRx_3"
14479.6009679838,0.21449105780812,4.24366214961525,0.0505438581691915,0.959689000281897,0.99985898606518,"LIG3_CRISPRa_1_XRCC1_CasRx_3"
7701.1541728759,-4.52320632647227,4.56405659258537,-0.991049570643042,0.321661375675829,0.72875244696995,"BRCA2_CRISPRa_2_XRCC1_CasRx_4"
26981.0330656329,1.42311414890286,4.562099111657,0.311942839046733,0.755083964894,0.99985898606518,"NBN_CRISPRa_2_XRCC1_CasRx_4"
16033.2744363209,0.914514133216916,4.22391411413882,0.216508695135571,0.828591248154129,0.99985898606518,"DNA-PKcs_CRISPRa_3_XRCC1_CasRx_4"
21290.9376755421,1.72740331461915,4.21752101852312,0.409577879287974,0.682115626605687,0.99985898606518,"53BP1_CRISPRa_2_XRCC1_CasRx_4"
13533.9306918225,-1.19616584592733,4.56210886641032,-0.262195813592789,0.793170480794423,0.99985898606518,"LIG3_CRISPRa_4_XRCC1_CasRx_4"
17352.0602934298,-17.3988746321748,4.24197366302701,-4.10159892877769,4.10305014763573e-05,0.000379725678757608,"ATM_CRISPRa_4_XRCC1_CasRx_5"
16479.2876779306,-5.98298679812172,4.04312313934666,-1.4797933656526,0.138928399733167,0.38939645753782,"RAD51_CRISPRa_2_XRCC1_CasRx_5"
24419.0934665901,-17.9277764892716,4.27281707965129,-4.19577439311647,2.7194083648113e-05,0.000343827158781553,"BRCA1_CRISPRa_2_XRCC1_CasRx_5"
18469.6187884799,-13.7558575943264,4.33415425256353,-3.17382741654619,0.00150443115360658,0.00686440447296771,"POLQ_CRISPRa_3_XRCC1_CasRx_5"
20074.156839391,0.842492043089725,4.2082217669617,0.200201436555469,0.841323043709629,0.99985898606518,"MRE11_CRISPRa_1_XRCC1_CasRx_5"
57817.7145573876,-18.4788326341245,3.66684198524353,-5.03944067087942,4.66894333199427e-07,7.63372234781064e-05,"MRE11_CRISPRa_3_XRCC1_CasRx_5"
29303.5240410417,18.3272970063591,4.32040515621036,4.24203201869031,2.21505080653305e-05,0.000343827158781553,"MRE11_CRISPRa_4_XRCC1_CasRx_5"
22258.0330038543,5.35393083361069,4.56220193865522,1.17354095798505,0.240578942121088,0.575629127367774,"RAD50_CRISPRa_1_XRCC1_CasRx_5"
12571.2601349618,0.815609611899001,4.27905056318965,0.190605275599043,0.848834856643369,0.99985898606518,"NBN_CRISPRa_1_XRCC1_CasRx_5"
9742.0503625035,-0.486061581964994,4.56210738528774,-0.106543213676312,0.915151370947737,0.99985898606518,"NBN_CRISPRa_4_XRCC1_CasRx_5"
16525.658429343,-0.111791820575497,4.21951873007163,-0.0264939742484801,0.97886333976677,0.99985898606518,"XRCC4_CRISPRa_2_XRCC1_CasRx_5"
16365.0700027233,-0.518217553567527,4.22123588192245,-0.122764414987281,0.90229365378076,0.99985898606518,"53BP1_CRISPRa_2_XRCC1_CasRx_5"
8090.91670798288,16.420903087995,4.43201690316369,3.70506328084473,0.000211337964065075,0.00125795945707124,"LIG3_CRISPRa_2_XRCC1_CasRx_5"
16510.607131119,0.336847571419543,4.56209713587482,0.0738361243496299,0.941140782389196,0.99985898606518,"PALB2_CRISPRa_4_KU70_CasRx_1"
40851.9795451629,18.8585096137816,4.11955385047288,4.57780388320858,4.69882903381609e-06,0.000271150075421975,"NBN_CRISPRa_1_KU70_CasRx_1"
13172.0232156395,-0.360330225527105,4.26826543412583,-0.0844207632089085,0.932721899558408,0.99985898606518,"XRCC4_CRISPRa_1_KU70_CasRx_1"
13990.1250988083,1.04133460684086,4.25211642688476,0.244897952524733,0.806535447076995,0.99985898606518,"XLF_CRISPRa_1_KU70_CasRx_1"
22686.7748900783,1.03343831961972,4.22539721781515,0.244577791470713,0.806783361716989,0.99985898606518,"MRE11_CRISPRa_4_KU70_CasRx_2"
12665.7630952766,-1.86166172171058,4.30113885528724,-0.432829951402779,0.665138312324765,0.99985898606518,"ATM_CRISPRa_4_KU70_CasRx_3"
31212.8888241803,5.18018769402783,4.50558995304494,1.14972461942015,0.250257310932575,0.592277517512795,"RAD51_CRISPRa_1_KU70_CasRx_3"
20496.5311191855,-17.5973307757458,4.2381895007642,-4.1520868221142,3.29457216365606e-05,0.000343827158781553,"BRCA1_CRISPRa_2_KU70_CasRx_3"
11787.5968614954,16.7972285883105,4.32692053873213,3.88202843984566,0.000103588758864758,0.000736380959755998,"BRCA2_CRISPRa_4_KU70_CasRx_3"
23001.7887928361,5.7126358720075,4.56235448035419,1.25212451084336,0.210524497573768,0.524813566898178,"BRCA2_CRISPRa_5_KU70_CasRx_3"
15941.6806474934,-0.352726040892162,4.22564638027804,-0.083472683028662,0.933475697357444,0.99985898606518,"POLQ_CRISPRa_2_KU70_CasRx_3"
29166.8655874125,0.413874450467941,4.56209142960598,0.0907203322980501,0.927714814412361,0.99985898606518,"EXO1_CRISPRa_5_KU70_CasRx_3"
11429.0292635111,17.0033930726875,4.33741718188352,3.92016547167912,8.84881899075383e-05,0.000657628138631024,"MRE11_CRISPRa_3_KU70_CasRx_3"
12344.5939921036,2.86851215783457,4.5622394941221,0.628750893400118,0.529512153585714,0.99985898606518,"RAD50_CRISPRa_5_KU70_CasRx_3"
18774.0889086937,-0.0612372986363889,4.20783556666056,-0.0145531586646548,0.988388669261195,0.99985898606518,"DNA-PKcs_CRISPRa_1_KU70_CasRx_3"
31661.7825185152,18.7450131358639,4.31155010681213,4.34762734317926,1.37618170458212e-05,0.000343827158781553,"DNA-PKcs_CRISPRa_5_KU70_CasRx_3"
18724.3420575727,-9.69589212226472,3.97161010191308,-2.44130009579599,0.0146344880556633,0.0595702605087375,"NT_CRISPRa_3_KU70_CasRx_3"
9878.81000906163,0.553511013129121,4.34867010470554,0.12728282435823,0.898716553910251,0.99985898606518,"CtIP_CRISPRa_5_KU70_CasRx_4"
22423.4244525094,-17.7318303705919,4.25165157924853,-4.1705746672981,3.03832481338483e-05,0.000343827158781553,"POLQ_CRISPRa_1_KU70_CasRx_4"
21459.8489166912,5.4252131399231,4.4100234823937,1.2302005106282,0.218622028727569,0.537524463107384,"PALB2_CRISPRa_5_KU70_CasRx_4"
15397.1765509271,17.5870011652427,4.25936315282546,4.12902129595978,3.64310662944269e-05,0.000360998747826594,"DNA-PKcs_CRISPRa_2_KU70_CasRx_4"
10542.2441077811,0.681203952146243,4.3293346310664,0.157346107472974,0.874972084279504,0.99985898606518,"XLF_CRISPRa_2_KU70_CasRx_4"
35641.8433314807,-9.13418000630439,4.2033144634044,-2.17308985226538,0.0297735553209253,0.1098039765783,"LIG4_CRISPRa_5_KU70_CasRx_4"
573.474802067749,-7.70440112660516,3.82206644361798,-2.01576849598464,0.0438241893118141,0.146728770357985,"NT_CRISPRa_3_KU70_CasRx_4"
20537.3794947613,5.44770431882841,4.56222510785882,1.19408932922759,0.232443026874247,0.563028665095399,"BRCA1_CRISPRa_3_KU70_CasRx_5"
20214.5607168341,-0.280346256689203,4.20903613427828,-0.0666058089656371,0.94689552113201,0.99985898606518,"POLD3_CRISPRa_4_KU70_CasRx_5"
46800.45375823,-8.27167633439404,3.90277770116703,-2.11943312372637,0.0340538799614411,0.121479477244268,"EXO1_CRISPRa_5_KU70_CasRx_5"
12862.0289851127,0.851701290925716,4.27304709403385,0.199319425267951,0.842012884860473,0.99985898606518,"MRE11_CRISPRa_4_KU70_CasRx_5"
11958.6584622667,-16.6512889345198,4.32108983159102,-3.85349288801728,0.000116444647307381,0.000793279159781534,"PALB2_CRISPRa_2_KU70_CasRx_5"
18213.6762164873,6.83477419718478,3.82537349013027,1.78669461029596,0.073986860679998,0.228242485305277,"PALB2_CRISPRa_5_KU70_CasRx_5"
22632.4650783819,-0.303753689630488,4.22526198427456,-0.0718899066521765,0.94268952259121,0.99985898606518,"NBN_CRISPRa_2_KU70_CasRx_5"
19705.2010785208,0.0144021451145233,4.56209446015875,0.00315691514945576,0.997481150326342,0.99985898606518,"NBN_CRISPRa_4_KU70_CasRx_5"
51361.4291711183,10.7567694979754,4.56366977320792,2.35704378987399,0.0184210744535056,0.0737594858730162,"NBN_CRISPRa_5_KU70_CasRx_5"
16177.740778342,-0.345123562894848,4.22314774547158,-0.0817218775414428,0.934867880784582,0.99985898606518,"53BP1_CRISPRa_1_KU70_CasRx_5"
16861.3873292883,-0.314922904494393,4.5620967125735,-0.0690302999553782,0.944965501141727,0.99985898606518,"53BP1_CRISPRa_2_KU70_CasRx_5"
18532.4575521401,0.0401358891614862,4.20811051156191,0.00953774599103605,0.992390095106132,0.99985898606518,"ATM_CRISPRa_2_DNA-PKcs_CasRx_1"
837.814563496463,1.05484816306827,4.20792246889364,0.250681463564515,0.802060393097518,0.99985898606518,"ATM_CRISPRa_3_DNA-PKcs_CasRx_1"
15811.1794549837,-17.1774497558594,4.25595282104136,-4.03609966514064,5.43471366423627e-05,0.000467671412685595,"RAD51_CRISPRa_2_DNA-PKcs_CasRx_1"
18603.6182491749,17.9644654948014,4.23621804889237,4.2406848012695,2.22838879329522e-05,0.000343827158781553,"POLQ_CRISPRa_2_DNA-PKcs_CasRx_1"
6173.71383270138,3.95736606827181,4.56260111773515,0.867348682506838,0.385750990339195,0.840937158939446,"MRE11_CRISPRa_2_DNA-PKcs_CasRx_1"
10527.3559453729,-0.529176456546903,4.33199450053898,-0.12215538511904,0.90277595928033,0.99985898606518,"PALB2_CRISPRa_1_DNA-PKcs_CasRx_1"
12847.0940689603,-16.7518843558637,4.30200180036594,-3.89397427830893,9.86151109951477e-05,0.000706141780191532,"PALB2_CRISPRa_2_DNA-PKcs_CasRx_1"
8269.89665340443,-16.2768693637946,4.42635031182851,-3.67726641976303,0.000235746781786235,0.00135244206393156,"NBN_CRISPRa_3_DNA-PKcs_CasRx_1"
19851.526815814,1.1674602399168,4.20826072905685,0.277421080841265,0.781456796461917,0.99985898606518,"XRCC4_CRISPRa_2_DNA-PKcs_CasRx_1"
15428.2665957186,0.246044234653179,4.23081636768934,0.0581552620747649,0.953624956066395,0.99985898606518,"CtIP_CRISPRa_3_DNA-PKcs_CasRx_2"
15574.3661111678,0.229821901568823,4.2290232224785,0.0543439677387564,0.956661120097052,0.99985898606518,"BRCA1_CRISPRa_3_DNA-PKcs_CasRx_2"
17258.5138831361,-0.505673613534767,4.56209711879982,-0.110842360512439,0.91174135346505,0.99985898606518,"POLD3_CRISPRa_2_DNA-PKcs_CasRx_2"
20773.6591008428,-17.6763004458232,4.23975539026793,-4.16917930840961,3.05698421346406e-05,0.000343827158781553,"MRE11_CRISPRa_4_DNA-PKcs_CasRx_2"
23906.1895429101,0.286490948669485,4.238458994569,0.0675931863530078,0.946109479498395,0.99985898606518,"NBN_CRISPRa_3_DNA-PKcs_CasRx_2"
16806.8906036089,0.73014077796354,4.21657147860912,0.173159824674521,0.862525801809829,0.99985898606518,"XRCC1_CRISPRa_5_DNA-PKcs_CasRx_2"
50378.3663535026,-18.5492311685993,3.85276646781961,-4.81452258358572,1.4755221736509e-06,0.000148715331593028,"LIG4_CRISPRa_3_DNA-PKcs_CasRx_2"
24910.101790522,0.5707398828544,4.56209328945888,0.125104825053259,0.90044056347039,0.99985898606518,"53BP1_CRISPRa_3_DNA-PKcs_CasRx_2"
11530.1601707218,-1.31674970399845,4.5621161241872,-0.288626959102897,0.772866862726732,0.99985898606518,"LIG3_CRISPRa_1_DNA-PKcs_CasRx_2"
15057.3952987018,-14.142513136817,4.34611457991894,-3.25405897077862,0.00113768660430704,0.00534005052069474,"LIG3_CRISPRa_3_DNA-PKcs_CasRx_2"
24994.8449816866,-0.90201501886021,4.25465184983723,-0.212006775335735,0.832101748517843,0.99985898606518,"ATM_CRISPRa_5_DNA-PKcs_CasRx_3"
9772.28230529722,-3.80741115301959,4.43049188264287,-0.859365337725978,0.39013898697996,0.84673970404279,"RAD51_CRISPRa_4_DNA-PKcs_CasRx_3"
23123.9500824803,0.352632421608238,4.22973586737136,0.0833698445164111,0.933557465606012,0.99985898606518,"EXO1_CRISPRa_2_DNA-PKcs_CasRx_3"
15247.4561114278,0.398349676567678,4.56209850201043,0.0873172020271226,0.930419381002919,0.99985898606518,"MRE11_CRISPRa_3_DNA-PKcs_CasRx_3"
29563.2258832519,-0.25288595858603,4.28941515874925,-0.0589558131416147,0.95298730286164,0.99985898606518,"RAD50_CRISPRa_4_DNA-PKcs_CasRx_3"
29533.6724059954,-1.5674748191985,4.29680157039252,-0.364800373840699,0.71526042601679,0.99985898606518,"PALB2_CRISPRa_5_DNA-PKcs_CasRx_3"
27974.2277016295,-9.74220554198182,4.20776692905546,-2.31529115234733,0.0205970036356127,0.0808226422661441,"XRCC4_CRISPRa_4_DNA-PKcs_CasRx_3"
15480.4625297522,-0.345253794110943,4.23099977085861,-0.0816009957005691,0.934964009482639,0.99985898606518,"XLF_CRISPRa_1_DNA-PKcs_CasRx_3"
14247.0541838029,-16.6878150321472,4.27872446350435,-3.90018454670007,9.61193919921523e-05,0.000693331790766922,"LIG3_CRISPRa_1_DNA-PKcs_CasRx_3"
27277.696911734,5.38293066279389,4.5621917164947,1.17990014390053,0.238039932641125,0.571136454835466,"NT_CRISPRa_2_DNA-PKcs_CasRx_3"
21209.7305669566,0.480906798306923,4.2129740712329,0.114149004996413,0.909119675696883,0.99985898606518,"NT_CRISPRa_3_DNA-PKcs_CasRx_3"
17856.8085488061,-8.10350648979508,4.0682484100901,-1.99189077778454,0.0463830430527062,0.153722179846976,"CtIP_CRISPRa_3_DNA-PKcs_CasRx_4"
4403.53283620612,1.08546876419694,4.5621566605099,0.237928866755666,0.811936265889685,0.99985898606518,"CtIP_CRISPRa_5_DNA-PKcs_CasRx_4"
13648.7613054453,3.17097177882329,4.29835593658523,0.737717356497569,0.46068622272936,0.96361020148721,"POLQ_CRISPRa_5_DNA-PKcs_CasRx_4"
9649.81345151176,6.89717351237326,4.56268888297658,1.51164668231197,0.130623769141872,0.370352362798198,"MRE11_CRISPRa_5_DNA-PKcs_CasRx_4"
18192.6696149985,0.497359477382249,4.20869711684534,0.118174214863684,0.905929620333286,0.99985898606518,"RAD50_CRISPRa_4_DNA-PKcs_CasRx_4"
24149.6549683675,0.565856192475122,4.56209357468578,0.124034323981199,0.901288098287364,0.99985898606518,"PALB2_CRISPRa_1_DNA-PKcs_CasRx_4"
28085.9538795075,1.81277273611549,4.28575128811782,0.42297665315796,0.672312295049167,0.99985898606518,"PALB2_CRISPRa_2_DNA-PKcs_CasRx_4"
18290.5301375986,-0.31537509423509,4.56209568970196,-0.0691294342963887,0.944886591885011,0.99985898606518,"PALB2_CRISPRa_3_DNA-PKcs_CasRx_4"
51156.4463115491,19.4363240081538,3.82438675700886,5.08220670216823,3.73075104967651e-07,7.63372234781064e-05,"NBN_CRISPRa_2_DNA-PKcs_CasRx_4"
23951.7985631193,0.406176406526389,4.23894594539489,0.0958201429691859,0.923663419193674,0.99985898606518,"XRCC1_CRISPRa_3_DNA-PKcs_CasRx_4"
6856.60160261341,-15.8903397989284,4.46711670280164,-3.55718035952866,0.000374856797486532,0.00196624456584477,"XRCC1_CRISPRa_4_DNA-PKcs_CasRx_4"
23804.6799191851,6.02448450986007,4.56221946628,1.3205161554344,0.186662745765362,0.485719240307215,"XLF_CRISPRa_1_DNA-PKcs_CasRx_4"
26963.1549925922,0.453314759822571,4.27310767032374,0.106085499078526,0.915514516276359,0.99985898606518,"LIG3_CRISPRa_1_DNA-PKcs_CasRx_4"
11449.8998899294,-0.626009442637709,4.30685516321697,-0.145351867874311,0.884433064863359,0.99985898606518,"CtIP_CRISPRa_3_DNA-PKcs_CasRx_5"
7787.14471646686,16.3518001947453,4.44155781796117,3.68154617477237,0.000231823792594833,0.00133775965020901,"ATM_CRISPRa_5_DNA-PKcs_CasRx_5"
16669.3729965672,0.253287282832665,4.21775370423125,0.0600526490151776,0.952113702467778,0.99985898606518,"BRCA1_CRISPRa_4_DNA-PKcs_CasRx_5"
12270.0330431165,6.66865451588357,4.56238559904741,1.46165955750779,0.143834524952068,0.397469490078813,"BRCA2_CRISPRa_2_DNA-PKcs_CasRx_5"
12051.8716714604,0.140389319441684,4.29068370702879,0.0327195684948076,0.973898218842953,0.99985898606518,"BRCA2_CRISPRa_3_DNA-PKcs_CasRx_5"
36981.4755802453,15.7659695006414,4.32015660548465,3.64939768170111,0.000262855910033656,0.00146996102398874,"POLQ_CRISPRa_3_DNA-PKcs_CasRx_5"
20628.6433145108,-2.26221944853054,4.56212850669956,-0.495869295485304,0.619986630502231,0.99985898606518,"POLQ_CRISPRa_5_DNA-PKcs_CasRx_5"
24990.8206589783,18.4041129758052,4.27952658219893,4.30050208178604,1.70411570437605e-05,0.000343827158781553,"MRE11_CRISPRa_2_DNA-PKcs_CasRx_5"
21242.7098264015,0.602571527941648,4.21317616392645,0.143020729372988,0.886273809818664,0.99985898606518,"MRE11_CRISPRa_3_DNA-PKcs_CasRx_5"
19299.6157364409,17.3006007665182,4.24111121818361,4.07926127764405,4.51790370394866e-05,0.000395719958354789,"MRE11_CRISPRa_4_DNA-PKcs_CasRx_5"
34851.9768185337,1.00724977718078,4.24651377023851,0.237194515708401,0.812505890763405,0.99985898606518,"RAD50_CRISPRa_1_DNA-PKcs_CasRx_5"
25777.4788272964,-9.70583871101656,4.19598306602749,-2.31312628251512,0.0207156970737381,0.0809645371686735,"PALB2_CRISPRa_2_DNA-PKcs_CasRx_5"
16937.1854409279,17.8322500821974,4.24398457397261,4.20177071131655,2.64835301124227e-05,0.000343827158781553,"PALB2_CRISPRa_4_DNA-PKcs_CasRx_5"
3165.2848548162,1.34661917887687,4.56220758769864,0.2951683265154,0.767865296405983,0.99985898606518,"NBN_CRISPRa_4_DNA-PKcs_CasRx_5"
56619.5699005423,19.56413948378,3.68250286667317,5.31272892163545,1.07995629469142e-07,6.19932758057026e-05,"XRCC1_CRISPRa_4_DNA-PKcs_CasRx_5"
12114.1634865747,0.249169689762407,4.28914230316885,0.0580931272852194,0.953674448781364,0.99985898606518,"XRCC4_CRISPRa_3_DNA-PKcs_CasRx_5"
34276.5635255193,-8.73459040922584,4.22625892697633,-2.06674284755075,0.0387583914088207,0.134353293187467,"XLF_CRISPRa_1_DNA-PKcs_CasRx_5"
8092.91141194045,-15.8929682171948,4.43349311311536,-3.58475085259058,0.000337400137990976,0.0017988561704845,"LIG4_CRISPRa_1_DNA-PKcs_CasRx_5"
8924.48022573681,2.57211461563521,4.39035740463121,0.585855405056999,0.557972687497617,0.99985898606518,"53BP1_CRISPRa_3_DNA-PKcs_CasRx_5"
11389.9158181853,-16.7551850086148,4.3348074646609,-3.86526625350949,0.00011096807914534,0.000769286797278437,"LIG3_CRISPRa_2_DNA-PKcs_CasRx_5"
507.442203717062,0.977559138531545,4.56320551144766,0.214226410815633,0.830370501281818,0.99985898606518,"LIG3_CRISPRa_4_DNA-PKcs_CasRx_5"
12863.5587711565,0.478523462895064,4.27286394612718,0.111991270709377,0.910830327993507,0.99985898606518,"NT_CRISPRa_2_DNA-PKcs_CasRx_5"
14267.9001027512,-0.0811566233803899,4.56209861842891,-0.0177893180679068,0.985806926359983,0.99985898606518,"NT_CRISPRa_4_DNA-PKcs_CasRx_5"
6913.94318446575,-2.21498579386044,4.49071559087405,-0.49323671228739,0.621845340432227,0.99985898606518,"BRCA1_CRISPRa_1_XRCC4_CasRx_1"
19671.7057285546,-17.5738323603223,4.23629340978382,-4.14839829548519,3.3480952859037e-05,0.000345734892154898,"BRCA1_CRISPRa_2_XRCC4_CasRx_1"
7085.20371773471,16.0411573865167,4.46325376441201,3.59405004358517,0.000325577261235014,0.00174530761350573,"BRCA1_CRISPRa_4_XRCC4_CasRx_1"
16271.1943559095,-0.121044691208248,4.22155701301576,-0.0286729969144198,0.977125392850762,0.99985898606518,"EXO1_CRISPRa_2_XRCC4_CasRx_1"
13306.8023627169,5.17882534826069,4.56234529639884,1.13512349719528,0.256323577687709,0.604455359883755,"MRE11_CRISPRa_4_XRCC4_CasRx_1"
26288.1129794605,-0.581631956975332,4.56209273127826,-0.127492357397208,0.898550721736197,0.99985898606518,"PALB2_CRISPRa_3_XRCC4_CasRx_1"
12976.0992834553,-0.950975143524526,4.27523397387701,-0.222438151767898,0.823972814832571,0.99985898606518,"NBN_CRISPRa_3_XRCC4_CasRx_1"
20088.5322439937,0.823799535190572,4.20824136231846,0.195758623202333,0.844799097301293,0.99985898606518,"KU70_CRISPRa_3_XRCC4_CasRx_1"
11519.4401755577,-1.15245852743454,4.30975327570843,-0.267407077321636,0.789155750875742,0.99985898606518,"CtIP_CRISPRa_1_XRCC4_CasRx_2"
28249.7032864031,0.935806314623002,4.28320803045633,0.218482573801885,0.827053134462004,0.99985898606518,"CtIP_CRISPRa_2_XRCC4_CasRx_2"
22463.930078446,11.4241984769383,4.02352693740709,2.83934932079775,0.0045205639318062,0.0195360053616823,"ATM_CRISPRa_2_XRCC4_CasRx_2"
20197.0486487998,-3.87066556565932,4.28988020311729,-0.902278241440555,0.366909080981713,0.805229996516914,"ATM_CRISPRa_3_XRCC4_CasRx_2"
19513.2963541072,18.0210072422297,4.2361094136011,4.25414111929419,2.09852930807303e-05,0.000343827158781553,"BRCA1_CRISPRa_2_XRCC4_CasRx_2"
26115.6749868494,-7.61652655094214,4.13693709783611,-1.8411028185384,0.0656064927240522,0.207399339751952,"BRCA2_CRISPRa_3_XRCC4_CasRx_2"
25093.9073766084,-17.8053823483382,4.28315980852445,-4.15706701227947,3.22359456524062e-05,0.000343827158781553,"BRCA2_CRISPRa_5_XRCC4_CasRx_2"
4195.55535938267,-0.590259613674647,4.49109910700769,-0.131428766012675,0.89543613403994,0.99985898606518,"EXO1_CRISPRa_3_XRCC4_CasRx_2"
47464.1983850071,6.27850500404996,4.5621719051959,1.37620965069276,0.168756735113436,0.45109089140676,"PALB2_CRISPRa_4_XRCC4_CasRx_2"
18007.6027891908,8.53497547184141,4.16580067789952,2.04881993445373,0.0404797257455239,0.138279897463069,"XLF_CRISPRa_2_XRCC4_CasRx_2"
11960.8743628926,-1.91729615331,4.32047744414355,-0.44376950883262,0.657209235335901,0.99985898606518,"XLF_CRISPRa_3_XRCC4_CasRx_2"
59254.2923368906,-18.9473604652678,3.62049370119756,-5.23336374235385,1.664527213287e-07,6.19932758057026e-05,"53BP1_CRISPRa_5_XRCC4_CasRx_2"
61018.126206309,-9.63089337172656,4.23913971584703,-2.27189807774529,0.0230926670419497,0.0895411318899314,"LIG3_CRISPRa_1_XRCC4_CasRx_2"
16868.5324728425,-0.217374598825728,4.21662822036109,-0.0515517582925803,0.958885859494333,0.99985898606518,"BRCA1_CRISPRa_2_XRCC4_CasRx_3"
14815.140283541,-16.7996004458518,4.27327338240569,-3.93131890766003,8.44811196553699e-05,0.000632641056350518,"BRCA1_CRISPRa_3_XRCC4_CasRx_3"
9093.24681505788,-1.55110040457429,4.38461154985772,-0.353760050790502,0.723518714750461,0.99985898606518,"POLD3_CRISPRa_3_XRCC4_CasRx_3"
12864.1470623863,-16.96627716233,4.30097694780206,-3.94474961578213,7.98834031026396e-05,0.000607485414292166,"EXO1_CRISPRa_2_XRCC4_CasRx_3"
17552.6042305345,-5.00541593742362,3.89975618209429,-1.28352022631721,0.199309878016933,0.50491353338735,"EXO1_CRISPRa_4_XRCC4_CasRx_3"
22554.8314149716,-9.13317325760028,4.12944094956213,-2.21172148219451,0.0269859152348063,0.101429819330824,"PALB2_CRISPRa_1_XRCC4_CasRx_3"
11336.2577046474,5.85072875327582,4.56231125253576,1.28240455975553,0.199700765498768,0.50491353338735,"DNA-PKcs_CRISPRa_5_XRCC4_CasRx_3"
21101.5024705722,7.48284792161526,4.17438817438063,1.79256159442468,0.0730430520359818,0.227476933483486,"XLF_CRISPRa_5_XRCC4_CasRx_3"
10834.3546089149,4.03918391377969,4.08252920943659,0.989382734713395,0.32247591856684,0.728914461092326,"CtIP_CRISPRa_2_XRCC4_CasRx_4"
9028.85679086379,6.93371931979853,4.56252798549312,1.51970998136226,0.128583881878785,0.366688337567116,"CtIP_CRISPRa_5_XRCC4_CasRx_4"
8541.90008804463,16.8101119682369,4.41583334360918,3.80678133892109,0.000140787117510154,0.000933190285658523,"RAD51_CRISPRa_3_XRCC4_CasRx_4"
10869.9549376887,0.603723538421093,4.32022969139582,0.139743389020142,0.888862743256564,0.99985898606518,"BRCA1_CRISPRa_4_XRCC4_CasRx_4"
32978.3155430699,18.8040963291871,4.30089107184476,4.37213963689657,1.23034789762915e-05,0.000343827158781553,"POLQ_CRISPRa_1_XRCC4_CasRx_4"
22527.9019481615,1.08830114864403,4.22411937416418,0.257639771096518,0.796684932705663,0.99985898606518,"EXO1_CRISPRa_1_XRCC4_CasRx_4"
32562.0941843721,18.7713865500825,4.30544494743263,4.35991791307796,1.30111242866769e-05,0.000343827158781553,"MRE11_CRISPRa_2_XRCC4_CasRx_4"
73901.3869646969,-10.7996407813427,4.56311846045377,-2.36672373836834,0.0179463232311195,0.072153045449706,"PALB2_CRISPRa_1_XRCC4_CasRx_4"
13621.6020169281,0.250100237464591,4.25834782861566,0.0587317540816989,0.953165766884318,0.99985898606518,"XRCC1_CRISPRa_3_XRCC4_CasRx_4"
27948.5395705498,-0.708939103830386,4.2840878570639,-0.165481924620532,0.868564675754266,0.99985898606518,"BRCA1_CRISPRa_4_XRCC4_CasRx_5"
18589.029045634,6.71209579777115,4.56228901472938,1.47121231822471,0.141233706890221,0.393130040354532,"BRCA2_CRISPRa_5_XRCC4_CasRx_5"
21585.9177571026,-0.321017312480302,4.21631320238799,-0.076136970161156,0.93931012755387,0.99985898606518,"MRE11_CRISPRa_1_XRCC4_CasRx_5"
10806.4698841025,0.343479117780835,4.32200621284544,0.07947214808715,0.936657084134817,0.99985898606518,"RAD50_CRISPRa_3_XRCC4_CasRx_5"
24929.2398742822,-17.8776183640105,4.28015658812749,-4.17686082177467,2.95559742253317e-05,0.000343827158781553,"PALB2_CRISPRa_1_XRCC4_CasRx_5"
30862.2581877101,-16.822693697064,4.36933850799009,-3.85016946302073,0.000118036127414841,0.000798575455130749,"PALB2_CRISPRa_3_XRCC4_CasRx_5"
24767.2202913287,8.33296232467867,4.24902260062936,1.96114803518447,0.0498617566596601,0.163047944277089,"XRCC1_CRISPRa_2_XRCC4_CasRx_5"
33215.537120917,-9.61730017994129,4.24980540376259,-2.26299777665739,0.0236358263436624,0.0905732251684875,"53BP1_CRISPRa_5_XRCC4_CasRx_5"
43672.6569955669,5.8614139370861,4.56218225930383,1.28478294025468,0.198868145449344,0.50491353338735,"POLQ_CRISPRa_4_XLF_CasRx_1"
9580.99240172582,0.717702813429578,4.35779209355554,0.164694138229069,0.869184730993389,0.99985898606518,"POLD3_CRISPRa_4_XLF_CasRx_1"
36706.4082511647,18.9198092013781,4.2352606417109,4.46721248157591,7.92454107906658e-06,0.000343827158781553,"RAD50_CRISPRa_2_XLF_CasRx_1"
13521.8912153216,-16.9336642204643,4.28813323704196,-3.94895943861705,7.8491648957469e-05,0.000606301634860449,"PALB2_CRISPRa_2_XLF_CasRx_1"
22869.312263781,-0.0455875754926946,4.22740383862246,-0.0107838231768152,0.991395920743718,0.99985898606518,"PALB2_CRISPRa_5_XLF_CasRx_1"
5306.030686959,-3.55255067334932,4.551454651034,-0.780530829312394,0.435078488388792,0.91787526260087,"DNA-PKcs_CRISPRa_1_XLF_CasRx_1"
12015.0044999033,0.630472252526391,4.29132981624947,0.1469176874122,0.883196990880323,0.99985898606518,"DNA-PKcs_CRISPRa_5_XLF_CasRx_1"
26464.4806752123,-8.69083531334817,4.24730900663695,-2.04619802792018,0.0407368913015564,0.138279897463069,"LIG3_CRISPRa_5_XLF_CasRx_1"
12399.7621925769,0.286322782982927,4.28271833467899,0.0668553849699735,0.946696831165247,0.99985898606518,"CtIP_CRISPRa_1_XLF_CasRx_2"
25535.489479868,-0.0478964497516336,4.56209198372308,-0.0104987908885927,0.991623330729028,0.99985898606518,"BRCA2_CRISPRa_5_XLF_CasRx_2"
13855.2476761272,-0.677479989613164,4.56210164210798,-0.148501730728675,0.881946820176202,0.99985898606518,"EXO1_CRISPRa_1_XLF_CasRx_2"
23926.3187591752,7.45281784507275,4.56232023169777,1.63355868649741,0.102351548578382,0.304263239864827,"RAD50_CRISPRa_3_XLF_CasRx_2"
20467.7650865249,-17.6818089197772,4.23804196988877,-4.17216465655748,3.01719466883143e-05,0.000343827158781553,"RAD50_CRISPRa_5_XLF_CasRx_2"
26894.3397076076,-17.6322540480397,4.30712062729195,-4.09374511972416,4.24460896919069e-05,0.000382014807227162,"LIG4_CRISPRa_5_XLF_CasRx_2"
18767.0654597193,-17.5531021118868,4.23615141402528,-4.14364369832745,3.41830707837444e-05,0.000349308254571388,"53BP1_CRISPRa_2_XLF_CasRx_2"
61796.1081337082,-10.639368274501,4.11928628271134,-2.58281836811256,0.00979968994744309,0.040908492929539,"LIG3_CRISPRa_1_XLF_CasRx_2"
12116.7390190113,0.857775946404153,4.28913082240541,0.199988291782413,0.841489737958409,0.99985898606518,"CtIP_CRISPRa_3_XLF_CasRx_3"
12624.8026364826,0.822424813999902,4.27792235880251,0.192248653673583,0.847547436505931,0.99985898606518,"ATM_CRISPRa_3_XLF_CasRx_3"
10829.4613055185,0.372341319801699,4.32136301939252,0.0861629347339676,0.931336894890333,0.99985898606518,"BRCA1_CRISPRa_4_XLF_CasRx_3"
12209.0160240314,2.62633036415088,4.30447344942475,0.610139752285349,0.541769235495207,0.99985898606518,"RAD50_CRISPRa_3_XLF_CasRx_3"
35828.8732286842,0.561529686388078,4.56209031373263,0.123086052176079,0.90203895604197,0.99985898606518,"RAD50_CRISPRa_5_XLF_CasRx_3"
12288.5779510704,16.3542006776241,4.32362425636113,3.78252126177779,0.000155247827633945,0.00100196130861118,"NBN_CRISPRa_1_XLF_CasRx_3"
19191.4434535369,17.9906740861854,4.23609237200564,4.24699758793678,2.16654291101501e-05,0.000343827158781553,"DNA-PKcs_CRISPRa_5_XLF_CasRx_3"
39250.095543479,6.03410666415017,4.56216662765767,1.32264056897199,0.185954936141292,0.485719240307215,"NT_CRISPRa_1_XLF_CasRx_3"
5770.9409607377,-3.76787095864656,4.54900559641639,-0.828284529175961,0.407509382277391,0.873766969552298,"NT_CRISPRa_4_XLF_CasRx_3"
26206.5157473066,0.660861081183193,4.56209317813576,0.144859180945805,0.884822055304228,0.99985898606518,"RAD51_CRISPRa_2_XLF_CasRx_4"
12849.5948085892,3.68553501411187,4.33389841829063,0.850397184797312,0.395104300781348,0.853738588252207,"BRCA2_CRISPRa_5_XLF_CasRx_4"
13251.2912215083,1.9362548583021,4.26988819757382,0.453467343571735,0.650212253365404,0.99985898606518,"POLQ_CRISPRa_1_XLF_CasRx_4"
8295.58730832602,13.8000815887064,4.4914982251349,3.07248960079283,0.00212281229715314,0.00964110584957051,"MRE11_CRISPRa_2_XLF_CasRx_4"
157.574027521723,0.967565752411682,3.7673598774526,0.256828597183534,0.79731109298949,0.99985898606518,"RAD50_CRISPRa_1_XLF_CasRx_4"
11160.3523675025,-0.0131033240538499,4.31290350129025,-0.00303816768678686,0.997575896638849,0.99985898606518,"RAD50_CRISPRa_3_XLF_CasRx_4"
16965.1231140533,0.369153928862632,4.21533457372127,0.0875740519302945,0.930215226483406,0.99985898606518,"KU70_CRISPRa_1_XLF_CasRx_4"
8188.21855990996,16.0936515972861,4.43270572342951,3.63066095550207,0.000282696343482036,0.00155800625256111,"LIG3_CRISPRa_1_XLF_CasRx_4"
24763.6146166327,18.3888796098655,4.27699761926094,4.29948324662454,1.71196816068826e-05,0.000343827158781553,"RAD51_CRISPRa_5_XLF_CasRx_5"
35810.162723878,18.8780148389324,4.25552308445519,4.43612088673447,9.1594424403022e-06,0.000343827158781553,"POLQ_CRISPRa_3_XLF_CasRx_5"
19406.3007778186,0.128887948888505,4.20725650142111,0.0306346781673449,0.975560885942463,0.99985898606518,"POLD3_CRISPRa_3_XLF_CasRx_5"
11268.8335421458,0.35527239235148,4.30968881834909,0.0824357412625381,0.93430021534061,0.99985898606518,"MRE11_CRISPRa_2_XLF_CasRx_5"
6984.15636028263,3.83638276944777,4.50087153340047,0.852364423418531,0.394011859597224,0.853257470783391,"RAD50_CRISPRa_3_XLF_CasRx_5"
31487.5509386159,-0.209278509964125,4.28634366957195,-0.0488244821454143,0.961059171507514,0.99985898606518,"RAD50_CRISPRa_5_XLF_CasRx_5"
15680.7002344564,16.5206378867364,4.27203428608011,3.86715947963405,0.000110110423527051,0.000769286797278437,"PALB2_CRISPRa_4_XLF_CasRx_5"
16618.6791637517,3.38798016726963,4.56229975291382,0.742603588268356,0.457721715441602,0.959455134291049,"XRCC1_CRISPRa_4_XLF_CasRx_5"
6066.1687364469,-8.45339542977459,4.33760226817047,-1.94886365949363,0.05131170893996,0.167231848737876,"53BP1_CRISPRa_5_XLF_CasRx_5"
7204.05492158852,-0.0894788305651855,4.4327041553661,-0.0201860596667308,0.983894948395596,0.99985898606518,"LIG3_CRISPRa_2_XLF_CasRx_5"
20611.2469688031,17.9951414522143,4.23864491208394,4.24549397872703,2.18112366513612e-05,0.000343827158781553,"ATM_CRISPRa_3_LIG4_CasRx_1"
21870.3385813455,0.803519772186981,4.21766624720491,0.190512886769901,0.848907245931895,0.99985898606518,"BRCA1_CRISPRa_4_LIG4_CasRx_1"
30903.5324848154,-17.0065911297654,4.34725229411513,-3.91203223994779,9.1522689906496e-05,0.000672459499304802,"BRCA2_CRISPRa_2_LIG4_CasRx_1"
8922.19192781499,6.7809434478274,4.32370163798151,1.5683190043134,0.116806702937952,0.341033855899198,"POLD3_CRISPRa_4_LIG4_CasRx_1"
53921.3626311775,9.11927940760315,4.56401955281823,1.99808070541067,0.0457079111901569,0.151998172466251,"RAD50_CRISPRa_5_LIG4_CasRx_1"
10246.9717605724,-16.173788092657,4.3680388723597,-3.70275736212017,0.000213268832919938,0.0012603417174365,"NBN_CRISPRa_1_LIG4_CasRx_1"
3599.9775358415,-0.717242942286378,4.56215432796853,-0.157215843815121,0.875074742018009,0.99985898606518,"XRCC4_CRISPRa_3_LIG4_CasRx_1"
40250.1162112005,0.300618700694888,4.56208910883597,0.0658949646802474,0.947461449474856,0.99985898606518,"CtIP_CRISPRa_2_LIG4_CasRx_2"
19522.7113340108,0.503988350010134,4.20709987977842,0.119794719500854,0.904645765047766,0.99985898606518,"ATM_CRISPRa_2_LIG4_CasRx_2"
18512.0706392808,17.9400255077837,4.23637270882969,4.23476090061482,2.28795012425047e-05,0.000343827158781553,"ATM_CRISPRa_5_LIG4_CasRx_2"
2428.19732255092,1.48589886067834,4.56226543653869,0.325693206883128,0.744656484365976,0.99985898606518,"BRCA2_CRISPRa_4_LIG4_CasRx_2"
14846.5391085444,-14.6402250264631,4.33208990535916,-3.3794831931701,0.000726222475045947,0.00361636674121865,"POLQ_CRISPRa_1_LIG4_CasRx_2"
22629.158994599,0.672688618890653,4.22442483242616,0.159237918906067,0.873481430023565,0.99985898606518,"RAD50_CRISPRa_4_LIG4_CasRx_2"
14046.8011269174,0.159140960909248,4.25092903545061,0.0374367484335994,0.970136772183783,0.99985898606518,"PALB2_CRISPRa_1_LIG4_CasRx_2"
8117.7440085326,16.7336077034255,4.42919049747143,3.77802844853446,0.000158074825085295,0.00101353858437042,"DNA-PKcs_CRISPRa_2_LIG4_CasRx_2"
19900.4541184018,1.05151066467154,4.56209939700957,0.230488328544704,0.817712331842571,0.99985898606518,"XLF_CRISPRa_1_LIG4_CasRx_2"
35194.3652936894,-0.281343145611436,4.24092858380339,-0.0663399866448868,0.947107148586745,0.99985898606518,"53BP1_CRISPRa_4_LIG4_CasRx_2"
37956.9810698886,5.11601172303661,4.56301013252898,1.12119227756374,0.262206026157596,0.615368688183257,"CtIP_CRISPRa_2_LIG4_CasRx_3"
16488.9691655097,0.135597089607652,4.21944753729176,0.0321362188791865,0.974363419828599,0.99985898606518,"ATM_CRISPRa_3_LIG4_CasRx_3"
24946.6704047616,18.2526972897119,4.28175211963512,4.26290377857451,2.01787424040409e-05,0.000343827158781553,"BRCA1_CRISPRa_5_LIG4_CasRx_3"
6679.25703841349,-5.32111816662587,4.37781768589518,-1.21547276483667,0.224185830163868,0.548444636884675,"BRCA2_CRISPRa_1_LIG4_CasRx_3"
37110.7316978664,0.685073463171506,4.19558543102725,0.163284355528847,0.870294551070418,0.99985898606518,"POLQ_CRISPRa_2_LIG4_CasRx_3"
15869.8220426375,6.2051907934237,4.56229575847818,1.36010270309471,0.173797425812622,0.459555996555748,"MRE11_CRISPRa_5_LIG4_CasRx_3"
12081.6967662261,0.161214375303605,4.56210149709931,0.0353377441089613,0.97181042666781,0.99985898606518,"NBN_CRISPRa_4_LIG4_CasRx_3"
12775.023551801,-0.168867641443198,4.27540903296913,-0.0394974235543319,0.968493807621435,0.99985898606518,"XLF_CRISPRa_5_LIG4_CasRx_3"
18081.9420203245,0.455569725966748,4.20909465795243,0.108234611713001,0.913809590039132,0.99985898606518,"LIG3_CRISPRa_4_LIG4_CasRx_3"
11795.9225054633,2.81240221464909,4.31274186760092,0.652114664171534,0.514327204819005,0.99985898606518,"RAD51_CRISPRa_5_LIG4_CasRx_4"
29076.4779306448,-18.1338466147756,4.31513894232928,-4.20237838390137,2.64125155361281e-05,0.000343827158781553,"BRCA2_CRISPRa_2_LIG4_CasRx_4"
10509.1538935573,-1.23605686940965,4.56211712151253,-0.27093931095742,0.786437709632333,0.99985898606518,"BRCA2_CRISPRa_3_LIG4_CasRx_4"
16622.3173072334,-0.0423072581533826,4.21853850409813,-0.0100288898897765,0.991998237729565,0.99985898606518,"POLD3_CRISPRa_4_LIG4_CasRx_4"
41.5443281236616,4.49072807377591,3.14323389260282,1.42869675856583,0.153091409875648,0.421861441258456,"RAD50_CRISPRa_3_LIG4_CasRx_4"
16216.4108677985,8.8768043249232,4.12087973310782,2.15410419615149,0.0312320015520912,0.113476457754363,"KU70_CRISPRa_5_LIG4_CasRx_4"
48302.3601634496,18.9899201833643,3.90947695042743,4.85740686648328,1.18933047385256e-06,0.000146450620641247,"DNA-PKcs_CRISPRa_3_LIG4_CasRx_4"
14962.4157199727,0.986476497937093,4.23677934918489,0.232836411017458,0.815888437927798,0.99985898606518,"XRCC4_CRISPRa_1_LIG4_CasRx_4"
9919.77456904588,-3.86993584035575,4.56273503013171,-0.848161423970315,0.396348077517642,0.854543877021553,"XLF_CRISPRa_1_LIG4_CasRx_4"
5118.53013341205,-12.8314761015091,4.56954381571835,-2.80804312618062,0.00498435513926409,0.0214458438228863,"53BP1_CRISPRa_4_LIG4_CasRx_4"
25728.6086239682,9.44565175532767,4.19437789413987,2.25197919541884,0.0243235867748386,0.0924861962252582,"NT_CRISPRa_5_LIG4_CasRx_4"
16940.2386538743,-6.61691334195631,4.25014755426575,-1.55686673403024,0.119502128976772,0.344798789782979,"CtIP_CRISPRa_1_LIG4_CasRx_5"
17662.4402259769,0.736568760712285,4.21099470808609,0.17491562250076,0.861145934539472,0.99985898606518,"ATM_CRISPRa_5_LIG4_CasRx_5"
10167.6725094923,-6.44073490699511,4.12576197019365,-1.56110191366489,0.11849970664837,0.342915080301035,"BRCA2_CRISPRa_1_LIG4_CasRx_5"
9469.01524239693,-13.288922279994,4.46571228037089,-2.97576768176618,0.00292256167625276,0.0127992544839462,"POLD3_CRISPRa_4_LIG4_CasRx_5"
41843.6813797674,0.786355938018189,4.56208999042014,0.172367476237743,0.863148639666663,0.99985898606518,"MRE11_CRISPRa_2_LIG4_CasRx_5"
6919.97395518808,-15.2711845423797,4.49217057535207,-3.39951127995241,0.000675063952943046,0.00341359658678932,"RAD50_CRISPRa_4_LIG4_CasRx_5"
22853.6301079841,0.807794017070778,4.22684855604942,0.191110234104477,0.848439229759648,0.99985898606518,"DNA-PKcs_CRISPRa_2_LIG4_CasRx_5"
22947.3975419626,6.71525411065154,4.562281449643,1.471907023881,0.141045986611107,0.393130040354532,"XRCC4_CRISPRa_1_LIG4_CasRx_5"
15415.3919325635,7.35394578782593,4.13600780696261,1.77802995812682,0.0753989347299371,0.231869451316829,"XRCC4_CRISPRa_3_LIG4_CasRx_5"
18686.8114117881,6.6198992406916,4.04926798207266,1.63483851155317,0.102082905163972,0.304263239864827,"LIG3_CRISPRa_2_LIG4_CasRx_5"
27181.5668897621,1.50947157896198,4.27717005051748,0.352913623057693,0.724153197428901,0.99985898606518,"CtIP_CRISPRa_4_53BP1_CasRx_1"
6462.05920668408,15.7910200288604,4.48074613803669,3.52419430657132,0.000424772633431738,0.00220477224019331,"ATM_CRISPRa_1_53BP1_CasRx_1"
10932.1232835274,2.4463112413507,4.32839563781954,0.565177365020876,0.571953130814189,0.99985898606518,"RAD51_CRISPRa_3_53BP1_CasRx_1"
18933.7379108481,0.535301427943298,4.20710793511729,0.12723738877129,0.898752513893048,0.99985898606518,"RAD51_CRISPRa_5_53BP1_CasRx_1"
25391.4946828666,0.280649530038083,4.25646332779006,0.0659349108462294,0.947429646209936,0.99985898606518,"BRCA2_CRISPRa_4_53BP1_CasRx_1"
23032.705001517,0.152136349096975,4.22888862286064,0.0359754920653507,0.971301900799581,0.99985898606518,"POLQ_CRISPRa_3_53BP1_CasRx_1"
22207.0107337123,-0.569906906411413,4.56209435855104,-0.124922209323268,0.900585135602221,0.99985898606518,"EXO1_CRISPRa_4_53BP1_CasRx_1"
9271.76721681357,-14.7650546060856,4.44962762887186,-3.31826746810926,0.000905777046954696,0.00442073275155501,"EXO1_CRISPRa_5_53BP1_CasRx_1"
10838.655438045,3.32615692585409,4.37452021503863,0.76034782384123,0.447046702460627,0.939085257203158,"PALB2_CRISPRa_5_53BP1_CasRx_1"
27613.5428046056,18.4272057844657,4.30838803206603,4.27705342399932,1.89383365632972e-05,0.000343827158781553,"NBN_CRISPRa_2_53BP1_CasRx_1"
15006.1618015335,0.724930913358376,4.23637120516002,0.171120725321565,0.864128839777648,0.99985898606518,"LIG4_CRISPRa_2_53BP1_CasRx_1"
8952.23929668492,-2.46015788512713,4.56221243460726,-0.539246674807442,0.589716658240498,0.99985898606518,"LIG4_CRISPRa_4_53BP1_CasRx_1"
11636.0342877968,2.68641753978098,4.31411579588886,0.622704087438034,0.533478996198821,0.99985898606518,"LIG3_CRISPRa_3_53BP1_CasRx_1"
13048.3822631193,17.1587197384375,4.30235478391983,3.98821589576218,6.65720659906604e-05,0.000544226639473649,"NT_CRISPRa_1_53BP1_CasRx_1"
45312.7141081372,-18.6786120866314,3.9880874540167,-4.6836014259965,2.81877873887982e-06,0.000230435161903426,"BRCA1_CRISPRa_1_53BP1_CasRx_2"
9686.31773108446,-6.58266301969145,4.37396533716232,-1.50496460586084,0.132333176688621,0.374117712771001,"BRCA1_CRISPRa_2_53BP1_CasRx_2"
13926.3435125032,0.00155129717667511,4.25321450043818,0.000364735231791224,0.999708983396225,0.99985898606518,"POLQ_CRISPRa_2_53BP1_CasRx_2"
67531.2803985978,-1.17412405613083,2.7036384554145,-0.434275542197384,0.664088362185188,0.99985898606518,"RAD50_CRISPRa_2_53BP1_CasRx_2"
9869.69558536416,-16.514028727455,4.37694931432382,-3.77295406949582,0.000161325995905292,0.00102103743214898,"XRCC1_CRISPRa_4_53BP1_CasRx_2"
20648.1826258635,-6.99982610191972,4.06897611750878,-1.72029176376816,0.0853794198336231,0.256923959683387,"XLF_CRISPRa_3_53BP1_CasRx_2"
12535.4834646929,-0.426321529288143,4.56210174219206,-0.093448492247632,0.925547267785665,0.99985898606518,"LIG4_CRISPRa_5_53BP1_CasRx_2"
6635.45288624476,6.7870097518064,4.56333218633333,1.48729250352029,0.136937573580095,0.386022297936991,"ATM_CRISPRa_5_53BP1_CasRx_3"
3123.61007145352,8.00468931432164,4.29724514967555,1.86274904863783,0.062497581556033,0.198414652124493,"BRCA1_CRISPRa_1_53BP1_CasRx_3"
17132.135027745,-17.3819490149396,4.24335571447683,-4.09627431319004,4.19852401653529e-05,0.000382014807227162,"POLQ_CRISPRa_3_53BP1_CasRx_3"
15772.1973249252,0.328387845566393,4.22661923201468,0.0776951571788175,0.938070546474128,0.99985898606518,"POLD3_CRISPRa_1_53BP1_CasRx_3"
19204.8446732202,8.69305207220484,4.1160205016045,2.11200407500792,0.0346860997766438,0.123286463336549,"MRE11_CRISPRa_1_53BP1_CasRx_3"
18366.629374728,1.03489088403702,4.56210052362165,0.226845261010484,0.820544067776145,0.99985898606518,"RAD50_CRISPRa_5_53BP1_CasRx_3"
16021.3961070937,6.42713352197525,4.56231036449957,1.40874535235181,0.15891047929592,0.431831524070077,"KU70_CRISPRa_4_53BP1_CasRx_3"
11823.8065481002,-0.849634474513842,4.2997696964647,-0.197599995928251,0.843358037989548,0.99985898606518,"XLF_CRISPRa_1_53BP1_CasRx_3"
7614.75829456894,-0.714490679393422,4.42328466525345,-0.161529436485518,0.871676428801765,0.99985898606518,"ATM_CRISPRa_4_53BP1_CasRx_4"
32401.2525322506,2.14887279240148,4.28560541301586,0.501416389356593,0.61607810768808,0.99985898606518,"BRCA1_CRISPRa_2_53BP1_CasRx_4"
36117.6741125515,9.36757255513504,4.18853677512932,2.23647852652454,0.0253204423737615,0.0959048415778378,"POLD3_CRISPRa_3_53BP1_CasRx_4"
19212.8519761871,18.0116780057672,4.23560514213421,4.25244502293045,2.1144913662231e-05,0.000343827158781553,"EXO1_CRISPRa_1_53BP1_CasRx_4"
13784.2125642227,3.53453601107725,4.31588876202168,0.818959015389817,0.41280979734259,0.880361763463218,"MRE11_CRISPRa_4_53BP1_CasRx_4"
23155.8467681231,10.6929820276457,4.08635996987516,2.61674989635638,0.00887713585096615,0.0372156849136658,"PALB2_CRISPRa_2_53BP1_CasRx_4"
22813.7795536432,-2.24609481972654,4.56212350136773,-0.492335382646516,0.622482270986251,0.99985898606518,"PALB2_CRISPRa_3_53BP1_CasRx_4"
20345.9274437917,0.872962386856522,4.20907597995263,0.207400006798249,0.835697477290655,0.99985898606518,"NBN_CRISPRa_1_53BP1_CasRx_4"
9383.54024200529,-0.0536697538576967,4.36436620739926,-0.0122972618032616,0.990188451955696,0.99985898606518,"DNA-PKcs_CRISPRa_3_53BP1_CasRx_4"
16017.7971063854,-17.3002051608799,4.25212181890956,-4.06860525113471,4.72953961225135e-05,0.00041059100527598,"DNA-PKcs_CRISPRa_4_53BP1_CasRx_4"
11869.7260123866,-1.38507839373744,4.56211698327181,-0.303604313264258,0.76142936510138,0.99985898606518,"NT_CRISPRa_5_53BP1_CasRx_4"
24891.4021138544,5.29735070113242,4.56219478449678,1.16114084368643,0.245584627147282,0.586176445818695,"CtIP_CRISPRa_2_53BP1_CasRx_5"
24922.1145867648,-17.8702610372331,4.28015688681986,-4.17514159171643,2.97800769951691e-05,0.000343827158781553,"ATM_CRISPRa_1_53BP1_CasRx_5"
20874.8945833815,0.244397735765632,4.21125031246571,0.058034483260753,0.953721161133516,0.99985898606518,"ATM_CRISPRa_3_53BP1_CasRx_5"
15094.3793739138,0.359838741484599,4.2351363396822,0.0849650902883569,0.932289144231099,0.99985898606518,"BRCA1_CRISPRa_2_53BP1_CasRx_5"
24898.7608439258,18.3181305678266,4.27827141883761,4.28166630269653,1.85499014087834e-05,0.000343827158781553,"EXO1_CRISPRa_1_53BP1_CasRx_5"
9034.0284207381,7.05119557274736,4.56255568680186,1.54544866008856,0.122237778021075,0.350629415902557,"MRE11_CRISPRa_4_53BP1_CasRx_5"
24499.9828304313,18.3702494798135,4.27354836666021,4.2985940262494,1.71884980695551e-05,0.000343827158781553,"NBN_CRISPRa_4_53BP1_CasRx_5"
48119.4256227242,-8.63213999951532,3.80331239596693,-2.26963738468313,0.0232295933930145,0.0897174453486112,"DNA-PKcs_CRISPRa_4_53BP1_CasRx_5"
30748.3559008522,18.6634155898348,4.31495368960392,4.32528757719945,1.52333001354855e-05,0.000343827158781553,"XLF_CRISPRa_3_53BP1_CasRx_5"
8663.79523165696,15.40206309185,4.45512979179028,3.45715249872905,0.00054591582100166,0.00277483637514315,"LIG4_CRISPRa_4_53BP1_CasRx_5"
27298.2311958757,0.391641793567594,4.56209191040027,0.085846975742589,0.931588063043587,0.99985898606518,"LIG4_CRISPRa_5_53BP1_CasRx_5"
6689.1370224521,-1.00611927413405,4.45095840936229,-0.226045534826331,0.821166005062728,0.99985898606518,"LIG3_CRISPRa_5_53BP1_CasRx_5"
33875.3121709423,-0.0898636234492971,4.26265670767511,-0.0210815999532624,0.983180562744058,0.99985898606518,"CtIP_CRISPRa_4_LIG3_CasRx_1"
46321.9006313159,1.61252142660881,4.56209428709959,0.353460784703333,0.723743023081135,0.99985898606518,"BRCA1_CRISPRa_1_LIG3_CasRx_1"
11819.2772271361,-4.05494980629335,4.38176852078124,-0.925413970880046,0.354750614359141,0.787353739109315,"RAD50_CRISPRa_1_LIG3_CasRx_1"
18170.5217414424,-0.64137806906293,4.210706991601,-0.15232075524188,0.878933955609876,0.99985898606518,"PALB2_CRISPRa_1_LIG3_CasRx_1"
15304.0503853379,0.263307730053884,4.23239519275115,0.0622124631709375,0.950393637541408,0.99985898606518,"NBN_CRISPRa_2_LIG3_CasRx_1"
20830.2320417851,0.293749192531471,4.21099201998877,0.0697577176914847,0.944386501547753,0.99985898606518,"NBN_CRISPRa_5_LIG3_CasRx_1"
5473.06942645275,0.225010901606571,4.56212347248819,0.0493215282233144,0.960663063353152,0.99985898606518,"KU70_CRISPRa_4_LIG3_CasRx_1"
18498.873268212,-13.9624390527371,4.32512166231975,-3.22821879772243,0.00124563659685554,0.0057369460165037,"LIG4_CRISPRa_2_LIG3_CasRx_1"
28321.8730004967,-0.375637675359122,4.28499294237449,-0.0876635458706184,0.930144094217991,0.99985898606518,"LIG4_CRISPRa_4_LIG3_CasRx_1"
21533.7287424095,-3.61323549542243,4.28346215677288,-0.843531555358622,0.398931225339607,0.85822704398718,"CtIP_CRISPRa_3_LIG3_CasRx_2"
8682.20741958975,-16.3441604321832,4.41165429396646,-3.70476908277607,0.000211583394920239,0.00125795945707124,"CtIP_CRISPRa_4_LIG3_CasRx_2"
9569.85711092924,6.70848751098977,4.56246145465157,1.47036584915151,0.141462695458868,0.393130040354532,"ATM_CRISPRa_5_LIG3_CasRx_2"
19936.674085273,-0.0042147739721544,4.2081752627464,-0.00100156806905511,0.999200864434715,0.99985898606518,"RAD51_CRISPRa_5_LIG3_CasRx_2"
36181.0817208831,18.903454417115,4.24798816431267,4.44997812751052,8.58790352323219e-06,0.000343827158781553,"BRCA1_CRISPRa_4_LIG3_CasRx_2"
46360.7852610828,-18.6354823975554,3.95950883297674,-4.70651365703491,2.51989111348476e-06,0.000224728471120777,"BRCA1_CRISPRa_5_LIG3_CasRx_2"
19624.1493601093,-0.140734261945494,4.20790427595826,-0.0334452146997676,0.973319553697238,0.99985898606518,"BRCA2_CRISPRa_4_LIG3_CasRx_2"
6518.44174696709,-14.7215276693931,4.51157809772347,-3.26305504426967,0.00110218110207939,0.00519826760163403,"POLQ_CRISPRa_3_LIG3_CasRx_2"
25718.3093827808,0.165310331800997,4.26035174973215,0.0388020383085482,0.969048219724739,0.99985898606518,"POLQ_CRISPRa_4_LIG3_CasRx_2"
8367.1978273925,5.16452895513217,4.56230415190781,1.13200014360562,0.257634374041136,0.606089498643536,"EXO1_CRISPRa_1_LIG3_CasRx_2"
15564.199948493,-0.0986794039998728,4.22961975138804,-0.0233305615634807,0.981386593741978,0.99985898606518,"EXO1_CRISPRa_3_LIG3_CasRx_2"
12585.4068067353,0.942666935048944,4.2788925761142,0.220306286797461,0.825632624283424,0.99985898606518,"MRE11_CRISPRa_3_LIG3_CasRx_2"
37039.4251239027,5.97589125475981,4.56227713719394,1.30984836629967,0.19024713738392,0.488566601501638,"RAD50_CRISPRa_1_LIG3_CasRx_2"
2600.35288064237,0.87982751048792,4.44146874473559,0.19809382009741,0.8429716598759,0.99985898606518,"NBN_CRISPRa_1_LIG3_CasRx_2"
55070.3900180046,-18.8230421096912,3.72588442636636,-5.05196617922157,4.37285142961714e-07,7.63372234781064e-05,"DNA-PKcs_CRISPRa_3_LIG3_CasRx_2"
30219.2271753144,-1.39241630033499,4.29561423581766,-0.324148357812196,0.745825717412266,0.99985898606518,"LIG4_CRISPRa_4_LIG3_CasRx_2"
16813.6334293628,0.0190343660487579,4.56209632782335,0.00417228499378038,0.996671007878691,0.99985898606518,"53BP1_CRISPRa_3_LIG3_CasRx_2"
34739.4400992394,-1.68713886237007,4.25850391035816,-0.396181123203003,0.69197141593088,0.99985898606518,"CtIP_CRISPRa_5_LIG3_CasRx_3"
14743.816776621,-0.722017147260457,4.56210091382426,-0.158264177162888,0.874248634822717,0.99985898606518,"EXO1_CRISPRa_1_LIG3_CasRx_3"
52906.3012561822,3.56367504752601,4.56219930865109,0.781130942869676,0.434725484488942,0.91787526260087,"PALB2_CRISPRa_1_LIG3_CasRx_3"
16627.831980078,0.261045087090861,4.21810047813649,0.0618868821271389,0.950652914019458,0.99985898606518,"NBN_CRISPRa_5_LIG3_CasRx_3"
16518.4742212693,-0.29308428170261,4.21975174147389,-0.0694553375787554,0.944627182206309,0.99985898606518,"KU70_CRISPRa_2_LIG3_CasRx_3"
4306.99365830446,-14.9178315824226,4.51568633234038,-3.30355797203723,0.000954662286093895,0.00461341725447345,"XRCC4_CRISPRa_3_LIG3_CasRx_3"
16019.2386665164,0.748835491506755,4.22390164718679,0.177285257578262,0.859284330122444,0.99985898606518,"RAD51_CRISPRa_4_LIG3_CasRx_4"
10378.296502842,-0.354454471570542,4.33561189922351,-0.0817541975180075,0.93484217917544,0.99985898606518,"PALB2_CRISPRa_3_LIG3_CasRx_4"
12343.141058134,0.150647477716349,4.56210109564134,0.0330215123597936,0.973657432612351,0.99985898606518,"LIG4_CRISPRa_2_LIG3_CasRx_4"
40590.2516367222,-0.597025186725573,4.0929954670236,-0.145865098443348,0.884027884253513,0.99985898606518,"LIG4_CRISPRa_5_LIG3_CasRx_4"
15121.6072267063,-0.288868661376622,4.23550734998328,-0.0682016668859664,0.945625100080059,0.99985898606518,"ATM_CRISPRa_1_LIG3_CasRx_5"
19937.8362529221,0.668317008247691,4.20777125673996,0.158829215627439,0.873803430239272,0.99985898606518,"BRCA1_CRISPRa_1_LIG3_CasRx_5"
65.073158441646,9.8084768172,3.56876985702754,2.74841954234885,0.00598833299394739,0.0254309725846857,"EXO1_CRISPRa_2_LIG3_CasRx_5"
12103.5167586218,1.15903444694031,4.28992974605009,0.270175624206312,0.787025144658798,0.99985898606518,"PALB2_CRISPRa_3_LIG3_CasRx_5"
31175.1189644564,4.33478237009051,4.56220153036692,0.950151443604001,0.342035306914253,0.762583263824732,"XRCC1_CRISPRa_3_LIG3_CasRx_5"
12999.5708333595,-0.305119376405548,4.27150228733995,-0.0714313971714056,0.943054422094933,0.99985898606518,"DNA-PKcs_CRISPRa_2_LIG3_CasRx_5"
11319.128772815,-0.166480500861273,4.5621026598769,-0.0364920549301635,0.970890013738852,0.99985898606518,"LIG4_CRISPRa_1_LIG3_CasRx_5"
14742.7294220846,1.33404796915658,4.5621099557477,0.292419074090014,0.769966226229514,0.99985898606518,"CtIP_CRISPRa_1_NT_CasRx_1"
464.081996119345,-2.21671557199853,4.11729876187947,-0.538390750878287,0.590307310427104,0.99985898606518,"EXO1_CRISPRa_2_NT_CasRx_1"
11966.5815060388,-0.0136296013342764,4.29288425654106,-0.0031749286772661,0.997466777682646,0.99985898606518,"MRE11_CRISPRa_5_NT_CasRx_1"
19296.9973096907,7.07852040787631,4.03950017884259,1.7523258062844,0.079717801056874,0.242866965331656,"RAD50_CRISPRa_2_NT_CasRx_1"
35695.5717804862,0.852317205462423,4.22999139806481,0.201493838936021,0.840312446461665,0.99985898606518,"RAD50_CRISPRa_4_NT_CasRx_1"
4310.57467543725,-15.3066163270961,4.51224570294962,-3.39223910548361,0.000693239158255438,0.00346973272575809,"ATM_CRISPRa_3_NT_CasRx_2"
33556.7966864988,-8.65054230811729,4.23328358058261,-2.04345920688988,0.041007001611326,0.138716788209348,"ATM_CRISPRa_5_NT_CasRx_2"
26645.128557018,0.682512624265744,4.56209311680904,0.149605149827176,0.881076144940864,0.99985898606518,"POLD3_CRISPRa_5_NT_CasRx_2"
34875.4449100172,0.213606500974436,4.56208985102806,0.0468220723286062,0.9626550371497,0.99985898606518,"EXO1_CRISPRa_2_NT_CasRx_2"
8782.37492826529,3.00800563561895,4.41247669233859,0.681704594800869,0.495425761474953,0.99985898606518,"EXO1_CRISPRa_3_NT_CasRx_2"
1056.69132693943,-8.36608781509966,3.89338336214306,-2.14879631336757,0.0316505497786835,0.114572654364902,"MRE11_CRISPRa_2_NT_CasRx_2"
20938.6823838486,1.08541778800861,4.21196677272871,0.257698563776995,0.796639554619143,0.99985898606518,"PALB2_CRISPRa_3_NT_CasRx_2"
30993.0387336231,1.77818972025364,4.29083104319211,0.414416159096951,0.678569356730043,0.99985898606518,"NBN_CRISPRa_5_NT_CasRx_2"
192455.198008848,11.3543866740668,4.56236891351057,2.48870419935638,0.0128209587455326,0.0526249394534204,"DNA-PKcs_CRISPRa_3_NT_CasRx_2"
47751.9108551537,0.868228718726954,4.56208946408836,0.190313830002992,0.849063216927933,0.99985898606518,"53BP1_CRISPRa_2_NT_CasRx_2"
1922.5761375699,-5.74234830693276,4.18789404221905,-1.37117803102059,0.170319464866168,0.452800528546641,"CtIP_CRISPRa_3_NT_CasRx_3"
25369.2967286968,0.728363419684848,4.25616694963782,0.171131308593717,0.864120518288306,0.99985898606518,"ATM_CRISPRa_5_NT_CasRx_3"
52860.9223153618,-1.03293841688232,2.93894813953337,-0.351465343327332,0.725239268121667,0.99985898606518,"BRCA2_CRISPRa_3_NT_CasRx_3"
18660.6254896119,-17.5360726928191,4.23607861625742,-4.13969481716377,3.47768157453295e-05,0.00035171192006359,"BRCA2_CRISPRa_5_NT_CasRx_3"
74074.6929953605,-0.693552544761465,4.17808624200222,-0.165997661271133,0.86815879067431,0.99985898606518,"POLQ_CRISPRa_4_NT_CasRx_3"
28966.3361655895,0.637309626833462,4.56209217412585,0.139696788777745,0.888899563711758,0.99985898606518,"MRE11_CRISPRa_4_NT_CasRx_3"
18368.0625806969,-17.5261456609465,4.23686345424468,-4.13658496437689,3.52512866103271e-05,0.000352872573109499,"KU70_CRISPRa_5_NT_CasRx_3"
22210.7071202161,17.9266389478041,4.25403167782967,4.21403513312574,2.50848239188435e-05,0.000343827158781553,"DNA-PKcs_CRISPRa_1_NT_CasRx_3"
17084.177262897,-17.3484931027728,4.24302445073328,-4.08870919887692,4.33780240674595e-05,0.000384113740487431,"XRCC4_CRISPRa_2_NT_CasRx_3"
17680.8361942276,0.671291912132197,4.21086690954125,0.159418933571883,0.873338822833645,0.99985898606518,"XLF_CRISPRa_1_NT_CasRx_3"
37583.1354006882,0.62427480344496,4.5620901715162,0.136839645858531,0.891157545521965,0.99985898606518,"LIG4_CRISPRa_4_NT_CasRx_3"
77625.2763684926,1.60212821635213,4.56208991964697,0.351182954428945,0.725451097156283,0.99985898606518,"LIG4_CRISPRa_5_NT_CasRx_3"
33533.3875642199,0.9779335477833,4.2670768656751,0.229181141696772,0.818728129284406,0.99985898606518,"LIG3_CRISPRa_4_NT_CasRx_3"
15239.4796752704,0.124802025149542,4.56209773221775,0.0273562804821527,0.978175568306982,0.99985898606518,"BRCA1_CRISPRa_1_NT_CasRx_4"
12922.5118226201,16.4733668555699,4.30948001736456,3.8225880591608,0.000132058294786451,0.00088514894416341,"PALB2_CRISPRa_2_NT_CasRx_4"
5889.68285149403,4.98147463752081,4.56236038268219,1.09186346971394,0.274893116367209,0.63451799330878,"PALB2_CRISPRa_3_NT_CasRx_4"
19500.3010758381,0.40269434949758,4.20710435389067,0.0957176993066915,0.923744783429819,0.99985898606518,"XRCC1_CRISPRa_3_NT_CasRx_4"
27808.0385794485,-1.0067298220061,4.28515279303323,-0.234934405056182,0.814259645415163,0.99985898606518,"KU70_CRISPRa_1_NT_CasRx_4"
20988.1898782848,-1.88160874554304,4.23644748668205,-0.444147779822169,0.656935744026471,0.99985898606518,"KU70_CRISPRa_5_NT_CasRx_4"
14122.317584839,1.3566180045595,4.25091773106568,0.319135323331557,0.749623898869416,0.99985898606518,"RAD51_CRISPRa_3_NT_CasRx_5"
1334.19552868472,3.61680691853083,4.39456696549868,0.823017818803543,0.4104978604899,0.877338564576452,"BRCA1_CRISPRa_5_NT_CasRx_5"
21691.3213303935,18.0979789712628,4.24470370947711,4.2636613082924,2.01104199763749e-05,0.000343827158781553,"BRCA2_CRISPRa_5_NT_CasRx_5"
8799.44666670425,14.8284091010249,4.46820068755392,3.31865333227513,0.000904526470759479,0.00442073275155501,"EXO1_CRISPRa_2_NT_CasRx_5"
76251.7915511005,6.02890944261493,4.56214990310588,1.32150621322427,0.186332632204776,0.485719240307215,"EXO1_CRISPRa_5_NT_CasRx_5"
15539.3185465563,-7.42728889848363,4.11388576600632,-1.80541933367632,0.071009088004785,0.222555640040556,"MRE11_CRISPRa_3_NT_CasRx_5"
12664.3123363101,-0.0350800574478536,4.27743949714294,-0.00820118144775278,0.993456477294788,0.99985898606518,"PALB2_CRISPRa_3_NT_CasRx_5"
8900.80727109542,-16.4524913577563,4.40454621059955,-3.73534311393154,0.000187459418579926,0.00114936056016817,"XRCC1_CRISPRa_1_NT_CasRx_5"
14747.0430733033,-17.1443123879098,4.26878195269443,-4.0162071002686,5.91422876370442e-05,0.000500160208378796,"KU70_CRISPRa_1_NT_CasRx_5"
21073.3924597193,0.727591682141044,4.21223837773857,0.172732788815164,0.862861469420689,0.99985898606518,"XLF_CRISPRa_2_NT_CasRx_5"
12957.4280059231,0.534297378275644,4.27096866229487,0.125099812366349,0.900444531840397,0.99985898606518,"53BP1_CRISPRa_2_NT_CasRx_5"
28628.282952515,1.04309286466563,4.56209452034693,0.228643413680588,0.819146078991238,0.99985898606518,"53BP1_CRISPRa_4_NT_CasRx_5"
5598.28042085623,16.2229146227756,4.49529890823188,3.60886227010797,0.000307542824444068,0.00167383367488811,"53BP1_CRISPRa_5_NT_CasRx_5"
40499.0416059831,4.16989516327384,4.56230909347102,0.913987868389112,0.360723220360151,0.796081012147273,"LIG3_CRISPRa_4_NT_CasRx_5"
9043.78949057506,1.01712224376839,4.37493713017701,0.232488425205606,0.816158676305694,0.99985898606518,"NT_CRISPRa_4_NT_CasRx_2"
11267.4859720561,-0.922339690382313,4.31416040499345,-0.213793555129463,0.830708051025338,0.99985898606518,"NT_CRISPRa_5_NT_CasRx_5"
