GRCh38,AAACCAAAGACATAGA-1
GRCh38,AAACCAAAGCACGCCA-1
GRCh38,AAACCAAAGCGATTTG-1
GRCh38,AAACCAAAGGTAGACG-1
GRCh38,AAACCAAAGGTAGGCA-1
GRCh38,AAACCAGCAAAAGCAT-1
GRCh38,AAACCAGCAAACGCGG-1
GRCh38,AAACCAGCAACTGTCG-1
GRCh38,AAACCAGCAAGCGCGA-1
GRCh38,AAACCAGCAAGCTATC-1
GRCh38,AAACCAGCAAGGTAAT-1
GRCh38,AAACCAGCACAGCAGG-1
GRCh38,AAACCAGCACATGCGC-1
GRCh38,AAACCAGCACCACAGC-1
GRCh38,AAACCAGCACTATGAC-1
GRCh38,AAACCAGCAGCTACAT-1
GRCh38,AAACCAGCAGCTAGCC-1
GRCh38,AAACCAGCAGGTAACA-1
GRCh38,AAACCAGCAGGTCATT-1
GRCh38,AAACCAGCAGTATACC-1
GRCh38,AAACCATTCACATACG-1
GRCh38,AAACCATTCACCAAAT-1
GRCh38,AAACCATTCAGCGGTT-1
GRCh38,AAACCATTCAGTTTAA-1
GRCh38,AAACCATTCCACAGGT-1
GRCh38,AAACCATTCCACATCT-1
GRCh38,AAACCATTCCGATCGG-1
GRCh38,AAACCATTCCTCAGCC-1
GRCh38,AAACCATTCGCGTCAG-1
GRCh38,AAACCATTCGCTACTT-1
GRCh38,AAACCCATCAAGGGTG-1
GRCh38,AAACCCATCAGTATCG-1
GRCh38,AAACCCATCCGTTCGC-1
GRCh38,AAACCCATCGCAACGT-1
GRCh38,AAACCCCAGAAACCAA-1
GRCh38,AAACCCCAGAACGAAC-1
GRCh38,AAACCCCAGAACGATA-1
GRCh38,AAACCCCAGAGCTTTG-1
GRCh38,AAACCCCAGCAATTGT-1
GRCh38,AAACCCCAGCCTATGA-1
GRCh38,AAACCCCAGCTGGCAT-1
GRCh38,AAACCCCAGGGACTGA-1
GRCh38,AAACCCCAGGGGTGTA-1
GRCh38,AAACCCCAGGTCAATT-1
GRCh38,AAACCCCAGGTTCAGC-1
GRCh38,AAACCCCAGGTTGGAG-1
GRCh38,AAACCGACAAAAGGGG-1
GRCh38,AAACCGACAACACTTA-1
GRCh38,AAACCGACAATCAAGG-1
GRCh38,AAACCGACACACGTCA-1
GRCh38,AAACCGACACGTGCTA-1
GRCh38,AAACCGACACTATGGT-1
GRCh38,AAACCGCTCACATTCC-1
GRCh38,AAACCGCTCACCTCAT-1
GRCh38,AAACCGCTCAGTACGC-1
GRCh38,AAACCGCTCAGTGATT-1
GRCh38,AAACCGCTCCCATCTG-1
GRCh38,AAACCGCTCCCGTCTA-1
GRCh38,AAACCGCTCCGCATGG-1
GRCh38,AAACCGCTCCTTCGTG-1
GRCh38,AAACCGCTCGCGTGTG-1
GRCh38,AAACCGCTCGTGAACC-1
GRCh38,AAACCGGAGACGAAGT-1
GRCh38,AAACCGGAGATAGTAG-1
GRCh38,AAACCGGAGCAACATT-1
GRCh38,AAACCGGAGCACGAAG-1
GRCh38,AAACCGGAGCCAGCAT-1
GRCh38,AAACCGGAGCCCTTTG-1
GRCh38,AAACCGGAGCCGGATT-1
GRCh38,AAACCGGAGCTTGAAT-1
GRCh38,AAACCGGAGGCGGATA-1
GRCh38,AAACCGGAGGGGCTTT-1
GRCh38,AAACCGTGTAACTCCC-1
GRCh38,AAACCGTGTAATGGGA-1
GRCh38,AAACCGTGTACAAGCT-1
GRCh38,AAACCGTGTACAGCAT-1
GRCh38,AAACCGTGTACAGGCC-1
GRCh38,AAACCGTGTCAAAGCT-1
GRCh38,AAACCGTGTCATCAGG-1
GRCh38,AAACCGTGTCATGGAT-1
GRCh38,AAACCGTGTCGAAGTT-1
GRCh38,AAACCGTGTCGTATAA-1
GRCh38,AAACCGTGTCTACTGC-1
GRCh38,AAACCGTGTCTAGTGG-1
GRCh38,AAACCGTGTGGCGCAT-1
GRCh38,AAACCGTGTGGGACTC-1
GRCh38,AAACCGTGTGTGTTAA-1
GRCh38,AAACCGTGTGTTACGG-1
GRCh38,AAACCTCCAAATATCT-1
GRCh38,AAACCTCCAACACTTA-1
GRCh38,AAACCTCCAAGTTGAG-1
GRCh38,AAACCTCCAATCGGGG-1
GRCh38,AAACCTCCACAAACCT-1
GRCh38,AAACCTCCACAAGCGG-1
GRCh38,AAACCTCCACTAACGT-1
GRCh38,AAACCTCCACTAGGGG-1
GRCh38,AAACCTCCACTCCTAC-1
GRCh38,AAACCTGTCACAATTA-1
GRCh38,AAACCTGTCCTACGCC-1
GRCh38,AAACCTGTCGGCATTA-1
GRCh38,AAACCTGTCGGTTCGG-1
GRCh38,AAACGATCAACTTAAT-1
GRCh38,AAACGATCAAGCTGCC-1
GRCh38,AAACGATCACAAGGGT-1
GRCh38,AAACGATCACAGTCCA-1
GRCh38,AAACGATCACCTAATA-1
GRCh38,AAACGATCACGAACCC-1
GRCh38,AAACGATCACTCATAA-1
GRCh38,AAACGATCACTGCTTC-1
GRCh38,AAACGATCAGCATTTA-1
GRCh38,AAACGATCAGCTACAT-1
GRCh38,AAACGCACAAATTACT-1
GRCh38,AAACGCACACAGGACG-1
GRCh38,AAACGCACACATTAGC-1
GRCh38,AAACGCACACCCTTCG-1
GRCh38,AAACGCACACGGCTAC-1
GRCh38,AAACGCACACTGGGCT-1
GRCh38,AAACGCACAGTAGTAG-1
GRCh38,AAACGCGAGAGTTGAA-1
GRCh38,AAACGCGAGATCTTGG-1
GRCh38,AAACGCGAGCATCACA-1
GRCh38,AAACGCGAGCATTAGT-1
GRCh38,AAACGCGAGCCAATAT-1
GRCh38,AAACGCGAGCGGCATT-1
GRCh38,AAACGCGAGCGTTGAC-1
GRCh38,AAACGCGAGGCACCAT-1
GRCh38,AAACGCGAGGCGCATT-1
GRCh38,AAACGCGAGGCGCTTG-1
GRCh38,AAACGCGAGGTCTGGT-1
GRCh38,AAACGCTGTACGCTTC-1
GRCh38,AAACGCTGTAGTATGC-1
GRCh38,AAACGCTGTATGGCGC-1
GRCh38,AAACGCTGTCAACCTC-1
GRCh38,AAACGCTGTCCAGTTC-1
GRCh38,AAACGCTGTCCATAGG-1
GRCh38,AAACGCTGTCCCTCTC-1
GRCh38,AAACGCTGTCCGTCTG-1
GRCh38,AAACGCTGTCGATAGT-1
GRCh38,AAACGCTGTGCGAAGG-1
GRCh38,AAACGGAGTAGGCGCT-1
GRCh38,AAACGGAGTATGAGGA-1
GRCh38,AAACGGAGTATTGAGC-1
GRCh38,AAACGGAGTCAAGGTT-1
GRCh38,AAACGGAGTCCATTCA-1
GRCh38,AAACGGAGTCCTTGTA-1
GRCh38,AAACGGAGTCCTTTGA-1
GRCh38,AAACGGCCAACCCTCT-1
GRCh38,AAACGGCCAACTATAT-1
GRCh38,AAACGGCCAAGACAAT-1
GRCh38,AAACGGCCAATGGGCG-1
GRCh38,AAACGGCCACAATGTC-1
GRCh38,AAACGGCCACCAGCTA-1
GRCh38,AAACGGCCAGCGCATC-1
GRCh38,AAACGGTAGAACCAGG-1
GRCh38,AAACGGTAGAAGGCTG-1
GRCh38,AAACGGTAGAGTGCAG-1
GRCh38,AAACGGTAGATTCGAT-1
GRCh38,AAACGGTAGCCCTAGG-1
GRCh38,AAACGGTAGCCGGTAT-1
GRCh38,AAACGGTAGCGCACAT-1
GRCh38,AAACGGTAGGCACCAT-1
GRCh38,AAACGGTAGGTAATTC-1
GRCh38,AAACGTAAGAATGGTA-1
GRCh38,AAACGTAAGACACATT-1
GRCh38,AAACGTAAGATTATGC-1
GRCh38,AAACGTAAGCACTGTA-1
GRCh38,AAACGTAAGCACTTAG-1
GRCh38,AAACGTAAGCATTAAC-1
GRCh38,AAACGTAAGCCGTAGT-1
GRCh38,AAACGTAAGCGCCCAA-1
GRCh38,AAACGTAAGCGGGTTT-1
GRCh38,AAACGTAAGGCTCGAT-1
GRCh38,AAACGTAAGGCTTAAT-1
GRCh38,AAACGTAAGGTCGCAT-1
GRCh38,AAACTAACAAACCACT-1
GRCh38,AAACTAACAAAGCCGG-1
GRCh38,AAACTAACACACAAGA-1
GRCh38,AAACTAACACCAAGGG-1
GRCh38,AAACTAACACCTTGAG-1
GRCh38,AAACTAACACGTCGGT-1
GRCh38,AAACTAACAGTACATC-1
GRCh38,AAACTACTCAAACCAT-1
GRCh38,AAACTACTCACTGACA-1
GRCh38,AAACTACTCATGCTTC-1
GRCh38,AAACTACTCCAACGTA-1
GRCh38,AAACTACTCGCTAACA-1
GRCh38,AAACTACTCGCTATCT-1
GRCh38,AAACTACTCGTCGTAA-1
GRCh38,AAACTAGAGAAACTAG-1
GRCh38,AAACTAGAGAAGTGTA-1
GRCh38,AAACTAGAGAGGGATT-1
GRCh38,AAACTAGAGATTCGTG-1
GRCh38,AAACTAGAGGGGATAT-1
GRCh38,AAACTAGAGGTGCGTT-1
GRCh38,AAACTCCCAACCTACG-1
GRCh38,AAACTCCCAATCAGTC-1
GRCh38,AAACTCCCACATAATT-1
GRCh38,AAACTCCCACATACCG-1
GRCh38,AAACTCCCACCGGACT-1
GRCh38,AAACTCCCACCTTTCA-1
GRCh38,AAACTCCCAGCATCCA-1
GRCh38,AAACTCCCAGCATGGG-1
GRCh38,AAACTCCCAGCGAATA-1
GRCh38,AAACTCCCAGGACCGA-1
GRCh38,AAACTCCCAGGATCAA-1
GRCh38,AAACTGCGTCAAGGCC-1
GRCh38,AAACTGCGTCATAAGC-1
GRCh38,AAACTGCGTCCGAAAT-1
GRCh38,AAACTGCGTCCGCTAT-1
GRCh38,AAACTGCGTCTTATAC-1
GRCh38,AAACTTATCACTAACG-1
GRCh38,AAACTTATCATTGCTC-1
GRCh38,AAACTTATCCCGCCAT-1
GRCh38,AAACTTATCCGTCATT-1
GRCh38,AAACTTATCCTTGTCG-1
GRCh38,AAACTTATCGCGACAT-1
GRCh38,AAACTTATCGTAATTA-1
GRCh38,AAAGCAATCAAGTTCG-1
GRCh38,AAAGCAATCACACGTA-1
GRCh38,AAAGCAATCACATACG-1
GRCh38,AAAGCAATCCACGTAA-1
GRCh38,AAAGCAATCGCATACA-1
GRCh38,AAAGCAATCGGTACTA-1
GRCh38,AAAGCATCAACGTCGC-1
GRCh38,AAAGCATCAAGCGAGT-1
GRCh38,AAAGCATCAAGGCGCA-1
GRCh38,AAAGCATCAATACGGA-1
GRCh38,AAAGCATCACATCAGT-1
GRCh38,AAAGCATCACCCACAA-1
GRCh38,AAAGCATCACTGCTCT-1
GRCh38,AAAGCATCAGCTAGAA-1
GRCh38,AAAGCATCAGTTACCG-1
GRCh38,AAAGCCACAAAATCCC-1
GRCh38,AAAGCCACAAAGGGGA-1
GRCh38,AAAGCCACAACATTAT-1
GRCh38,AAAGCCACACCAACAT-1
GRCh38,AAAGCCACACCATTAA-1
GRCh38,AAAGCCACACGCATCA-1
GRCh38,AAAGCCACACGCGTTA-1
GRCh38,AAAGCCACAGCATAGA-1
GRCh38,AAAGCCACAGTCAAGA-1
GRCh38,AAAGCCCTCAAGCATT-1
GRCh38,AAAGCCCTCACAGCAC-1
GRCh38,AAAGCCCTCACTCCGC-1
GRCh38,AAAGCCCTCACTCTGT-1
GRCh38,AAAGCCCTCAGTATCG-1
GRCh38,AAAGCCCTCCATTCTA-1
GRCh38,AAAGCCCTCCTCAGGG-1
GRCh38,AAAGCCCTCCTCATTA-1
GRCh38,AAAGCCCTCCTCCAGC-1
GRCh38,AAAGCCGAGACAATTC-1
GRCh38,AAAGCCGAGATGCCCG-1
GRCh38,AAAGCCGAGATGGGTG-1
GRCh38,AAAGCCGAGCAACATT-1
GRCh38,AAAGCCGAGCAGCCAT-1
GRCh38,AAAGCCGAGCAGCGTT-1
GRCh38,AAAGCCGAGCCATACA-1
GRCh38,AAAGCCGAGCTGACCG-1
GRCh38,AAAGCCGAGCTTGTGA-1
GRCh38,AAAGCCGAGGCTACCG-1
GRCh38,AAAGCCGAGGTATTCG-1
GRCh38,AAAGCCGAGGTCCATA-1
GRCh38,AAAGCCGAGGTTGATT-1
GRCh38,AAAGCCTGTACTACAA-1
GRCh38,AAAGCCTGTCCAAGAT-1
GRCh38,AAAGCCTGTCCGCATT-1
GRCh38,AAAGCCTGTGCCTCGC-1
GRCh38,AAAGCCTGTGCTTGCT-1
GRCh38,AAAGCCTGTGTCTTCA-1
GRCh38,AAAGCGAGTAAATTCG-1
GRCh38,AAAGCGAGTAACCGGC-1
GRCh38,AAAGCGAGTACTGTGG-1
GRCh38,AAAGCGAGTAGCATCG-1
GRCh38,AAAGCGAGTAGGGAGT-1
GRCh38,AAAGCGAGTATTCAGA-1
GRCh38,AAAGCGAGTCCGTCCA-1
GRCh38,AAAGCGAGTCCTTCGG-1
GRCh38,AAAGCGAGTGCGCCTC-1
GRCh38,AAAGCGAGTGCGTTAG-1
GRCh38,AAAGCGAGTGCTTGTC-1
GRCh38,AAAGCGAGTGGATGGG-1
GRCh38,AAAGCGAGTGTAGCAT-1
GRCh38,AAAGCGAGTGTATCTT-1
GRCh38,AAAGCGAGTGTTGTCC-1
GRCh38,AAAGCGCCAAAGGCAC-1
GRCh38,AAAGCGCCAAATGGCA-1
GRCh38,AAAGCGCCAACACGGG-1
GRCh38,AAAGCGCCAATAACTT-1
GRCh38,AAAGCGCCACCCTTAC-1
GRCh38,AAAGCGCCACCGGAAG-1
GRCh38,AAAGCGCCACGTAGAA-1
GRCh38,AAAGCGCCACTAACTA-1
GRCh38,AAAGCGCCAGCAGGCA-1
GRCh38,AAAGCGCCAGCTTCGA-1
GRCh38,AAAGCGCCAGGGCGTA-1
GRCh38,AAAGCGCCAGTAGCCC-1
GRCh38,AAAGCGTAGAGGACAT-1
GRCh38,AAAGCGTAGATCGTTG-1
GRCh38,AAAGCGTAGCAAACGG-1
GRCh38,AAAGCGTAGCCGTTAA-1
GRCh38,AAAGCGTAGCCTTTCG-1
GRCh38,AAAGCGTAGCGACCAT-1
GRCh38,AAAGCGTAGGGAAGCC-1
GRCh38,AAAGCGTAGGGGCTAA-1
GRCh38,AAAGCGTAGGTATAGA-1
GRCh38,AAAGCTAAGATATACC-1
GRCh38,AAAGCTAAGCACTCAA-1
GRCh38,AAAGCTAAGCCGCACA-1
GRCh38,AAAGCTAAGCGCGTCA-1
GRCh38,AAAGCTAAGGTAGTAA-1
GRCh38,AAAGCTAAGGTCGTAC-1
GRCh38,AAAGCTAAGGTTAGGG-1
GRCh38,AAAGCTCGTACAGGTT-1
GRCh38,AAAGCTCGTAGCCAGC-1
GRCh38,AAAGCTCGTAGCTTGG-1
GRCh38,AAAGCTCGTATGCTGG-1
GRCh38,AAAGCTCGTCAGGTGC-1
GRCh38,AAAGCTCGTCGCTCGC-1
GRCh38,AAAGCTCGTGGCTTGA-1
GRCh38,AAAGCTCGTGGGATGG-1
GRCh38,AAAGCTCGTGTGCCCC-1
GRCh38,AAAGCTCGTGTTATGA-1
GRCh38,AAAGGAACAAAGCTTC-1
GRCh38,AAAGGAACAAAGTACG-1
GRCh38,AAAGGAACAGGAATAT-1
GRCh38,AAAGGAGAGACAGAAC-1
GRCh38,AAAGGAGAGACATGCC-1
GRCh38,AAAGGAGAGACATGGG-1
GRCh38,AAAGGAGAGACCTATG-1
GRCh38,AAAGGAGAGCGTGGAA-1
GRCh38,AAAGGAGAGCTACTTC-1
GRCh38,AAAGGAGAGGGATGAT-1
GRCh38,AAAGGAGAGGGTACAG-1
GRCh38,AAAGGCCCAAAGGGGA-1
GRCh38,AAAGGCCCACCAAATC-1
GRCh38,AAAGGCCCACCCAGAC-1
GRCh38,AAAGGCCCACCTTCCG-1
GRCh38,AAAGGCCCACTAGTTA-1
GRCh38,AAAGGCCCAGCATCGC-1
GRCh38,AAAGGCCCAGTAGGGT-1
GRCh38,AAAGGGGCAAACGGCG-1
GRCh38,AAAGGGGCAACTCGAT-1
GRCh38,AAAGGGGCAATTAATC-1
GRCh38,AAAGGGGCACAACGCC-1
GRCh38,AAAGGGGCACTGACCA-1
GRCh38,AAAGGGGCACTGCACA-1
GRCh38,AAAGGGTTCAAGCAAA-1
GRCh38,AAAGGGTTCACATTGG-1
GRCh38,AAAGGGTTCACTTCGT-1
GRCh38,AAAGGGTTCAGCCCCT-1
GRCh38,AAAGGGTTCAGTACGC-1
GRCh38,AAAGGGTTCCAGTATG-1
GRCh38,AAAGGGTTCCGATAGC-1
GRCh38,AAAGGGTTCCTGGGCA-1
GRCh38,AAAGGGTTCGGGCTAT-1
GRCh38,AAAGGGTTCGGGTCCA-1
GRCh38,AAAGGTATCACATCTC-1
GRCh38,AAAGGTATCACTCTGT-1
GRCh38,AAAGGTATCGGCGTTG-1
GRCh38,AAAGGTATCGGTCCCT-1
GRCh38,AAAGGTCAGAAGCGTG-1
GRCh38,AAAGGTCAGAATATCC-1
GRCh38,AAAGGTCAGACGCCCA-1
GRCh38,AAAGGTCAGACTTTGG-1
GRCh38,AAAGGTCAGAGGATTA-1
GRCh38,AAAGGTCAGAGTTGGG-1
GRCh38,AAAGGTCAGCGGTCAT-1
GRCh38,AAAGGTCAGCTTAAGT-1
GRCh38,AAAGGTCAGGGGTATG-1
GRCh38,AAAGTCAAGATTCACG-1
GRCh38,AAAGTCAAGCAAGCTC-1
GRCh38,AAAGTCAAGCATAATC-1
GRCh38,AAAGTCAAGCGTCAGT-1
GRCh38,AAAGTCAAGCGTCTAA-1
GRCh38,AAAGTCAAGGCCATTA-1
GRCh38,AAAGTGCAGAACGGCA-1
GRCh38,AAAGTGCAGCAAATGA-1
GRCh38,AAAGTGCAGCCGGATT-1
GRCh38,AAAGTGCAGCCGTATA-1
GRCh38,AAAGTGCAGCGAGTCT-1
GRCh38,AAAGTGCAGGCTAACC-1
GRCh38,AAAGTGCAGGGGGCAT-1
GRCh38,AAAGTGCAGGTTAGGG-1
GRCh38,AAAGTGGGTAGGTAAG-1
GRCh38,AAAGTGGGTATATCCT-1
GRCh38,AAAGTGGGTGGCAAGG-1
GRCh38,AAAGTGGGTGGCGGTT-1
GRCh38,AAAGTGGGTGGCTTAG-1
GRCh38,AAAGTGGGTGGGTGAG-1
GRCh38,AAAGTTACAAACTACC-1
GRCh38,AAAGTTACAAAGTAAC-1
GRCh38,AAAGTTACAACCATAC-1
GRCh38,AAAGTTACAATTCTAG-1
GRCh38,AAAGTTACACTAGTTA-1
GRCh38,AAAGTTACACTGCACA-1
GRCh38,AAAGTTACACTGGGGA-1
GRCh38,AAAGTTACAGTGCTCA-1
GRCh38,AAAGTTCTCAATATCA-1
GRCh38,AAAGTTCTCACCAAGC-1
GRCh38,AAAGTTCTCACCCCGT-1
GRCh38,AAAGTTCTCACGCTAA-1
GRCh38,AAAGTTCTCACGTCGG-1
GRCh38,AAAGTTCTCAGACTCA-1
GRCh38,AAAGTTCTCAGCGCCA-1
GRCh38,AAAGTTCTCAGGTTCA-1
GRCh38,AAAGTTCTCATAGCGC-1
GRCh38,AAAGTTCTCCAGTAGC-1
GRCh38,AAAGTTCTCCGGCATG-1
GRCh38,AAAGTTCTCGCTCCGT-1
GRCh38,AAATCAACAACCACAT-1
GRCh38,AAATCAACAACGAGAC-1
GRCh38,AAATCAACAACGTGGG-1
GRCh38,AAATCAACAACGTTTA-1
GRCh38,AAATCAACAATAGTAA-1
GRCh38,AAATCAACACATAGTC-1
GRCh38,AAATCAACACATCGGC-1
GRCh38,AAATCAACACCAATTA-1
GRCh38,AAATCAACACCCAGAC-1
GRCh38,AAATCAACAGGCACTC-1
GRCh38,AAATCAACAGTCCGTA-1
GRCh38,AAATCAACAGTTCTCC-1
GRCh38,AAATCACTCATGTCCT-1
GRCh38,AAATCACTCCAAATGT-1
GRCh38,AAATCACTCCAAGCTA-1
GRCh38,AAATCACTCCACTCTG-1
GRCh38,AAATCACTCCCAATAG-1
GRCh38,AAATCACTCCCCATTG-1
GRCh38,AAATCACTCCGATAAT-1
GRCh38,AAATCACTCGCGTCGA-1
GRCh38,AAATCACTCGTATAAC-1
GRCh38,AAATCAGAGACTGCCG-1
GRCh38,AAATCAGAGATCTTCC-1
GRCh38,AAATCAGAGCAATATC-1
GRCh38,AAATCAGAGCAGCTGT-1
GRCh38,AAATCAGAGCATGGAG-1
GRCh38,AAATCAGAGCGAAGCA-1
GRCh38,AAATCAGAGCGGTTCG-1
GRCh38,AAATCAGAGGGGATCA-1
GRCh38,AAATCAGAGGTCGGTT-1
GRCh38,AAATCCAGTAGCGGAG-1
GRCh38,AAATCCAGTATGGAGA-1
GRCh38,AAATCCAGTCAATTTC-1
GRCh38,AAATCCAGTCATACAA-1
GRCh38,AAATCCAGTCTTGTCA-1
GRCh38,AAATCCAGTGCTTGTC-1
GRCh38,AAATCCAGTGGCTATG-1
GRCh38,AAATCCAGTGTCCTTA-1
GRCh38,AAATCCAGTGTGTCAG-1
GRCh38,AAATCCAGTGTTCTCA-1
GRCh38,AAATCCCCAAACACTC-1
GRCh38,AAATCCCCAACCTATA-1
GRCh38,AAATCCCCAAGGACTA-1
GRCh38,AAATCCCCAATCCAAC-1
GRCh38,AAATCCCCACAAACCT-1
GRCh38,AAATCCCCACTACTAA-1
GRCh38,AAATCCCCAGGACTTT-1
GRCh38,AAATCCCCAGGGTTAA-1
GRCh38,AAATCCCCAGTCCATG-1
GRCh38,AAATCCGTCACAATAC-1
GRCh38,AAATCCGTCACATATA-1
GRCh38,AAATCCGTCAGTACAT-1
GRCh38,AAATCCGTCATCCTAC-1
GRCh38,AAATCCGTCCCGACTC-1
GRCh38,AAATCCGTCCCGTCTA-1
GRCh38,AAATCCGTCCTCACGC-1
GRCh38,AAATCCGTCGCCTCTA-1
GRCh38,AAATCCGTCGTTCACT-1
GRCh38,AAATCTATCAATGTTA-1
GRCh38,AAATCTATCCAGTACA-1
GRCh38,AAATCTATCGCCAATA-1
GRCh38,AAATCTATCGCTTCGC-1
GRCh38,AAATCTATCGGGCCTA-1
GRCh38,AAATCTATCGTAATTA-1
GRCh38,AAATCTATCGTAGTGC-1
GRCh38,AAATCTATCGTCGAGT-1
GRCh38,AAATCTGGTAAGCCCA-1
GRCh38,AAATCTGGTAATTGGC-1
GRCh38,AAATCTGGTAGTGAGA-1
GRCh38,AAATCTGGTATGAAGG-1
GRCh38,AAATCTGGTATGCGAT-1
GRCh38,AAATCTGGTATGGCGC-1
GRCh38,AAATCTGGTCAGGTTG-1
GRCh38,AAATCTGGTGGAATCT-1
GRCh38,AAATCTGGTGGCTATG-1
GRCh38,AAATCTGGTGGCTTTC-1
GRCh38,AAATCTGGTGGGTTTG-1
GRCh38,AAATCTTCAAAACCTC-1
GRCh38,AAATCTTCAAAGCTCT-1
GRCh38,AAATCTTCAACGTGGG-1
GRCh38,AAATCTTCAACTGCGC-1
GRCh38,AAATCTTCAATCACGT-1
GRCh38,AAATCTTCAATCATGC-1
GRCh38,AAATCTTCAATGCGCC-1
GRCh38,AAATCTTCACACTCGA-1
GRCh38,AAATCTTCACCAGATT-1
GRCh38,AAATCTTCACGAGTAA-1
GRCh38,AAATCTTCACGCACTA-1
GRCh38,AAATCTTCAGCACGCT-1
GRCh38,AAATCTTCAGGACCGA-1
GRCh38,AAATCTTCAGGGTCTC-1
GRCh38,AAATCTTCAGGTATTC-1
GRCh38,AAATGACCAAAAGGAA-1
GRCh38,AAATGACCAAACGGCG-1
GRCh38,AAATGACCAAGCTATC-1
GRCh38,AAATGACCAAGTTGAG-1
GRCh38,AAATGACCAATACGCT-1
GRCh38,AAATGACCAATGAATA-1
GRCh38,AAATGACCAATTGTAT-1
GRCh38,AAATGACCACCAGTGC-1
GRCh38,AAATGACCAGGAACCG-1
GRCh38,AAATGACCAGGACTTT-1
GRCh38,AAATGACCAGGCGCAA-1
GRCh38,AAATGACCAGTGAAGC-1
GRCh38,AAATGCTTCACAATCG-1
GRCh38,AAATGCTTCACGCGTG-1
GRCh38,AAATGCTTCAGTAAAG-1
GRCh38,AAATGCTTCATAACTA-1
GRCh38,AAATGCTTCCAAAGCC-1
GRCh38,AAATGCTTCCACCATT-1
GRCh38,AAATGCTTCCACCTAT-1
GRCh38,AAATGCTTCCATAAGT-1
GRCh38,AAATGCTTCCCACTAT-1
GRCh38,AAATGCTTCCCCAACC-1
GRCh38,AAATGCTTCGGAGGTA-1
GRCh38,AAATGCTTCGGTTTAG-1
GRCh38,AAATGCTTCGTAAATC-1
GRCh38,AAATGCTTCGTATACG-1
GRCh38,AAATGCTTCGTTGGGT-1
GRCh38,AAATGGCAGAACGACG-1
GRCh38,AAATGGCAGCACGGTT-1
GRCh38,AAATGGCAGCGAAGTG-1
GRCh38,AAATGGCAGCGCACAT-1
GRCh38,AAATGGCAGCGGCTTG-1
GRCh38,AAATGGCAGCGTTACA-1
GRCh38,AAATGGCAGGCAACGA-1
GRCh38,AAATGGCAGGGATAGT-1
GRCh38,AAATGGGGTAAGCGTT-1
GRCh38,AAATGGGGTAGCGTTG-1
GRCh38,AAATGGGGTAGTCGAT-1
GRCh38,AAATGGGGTAGTCGGC-1
GRCh38,AAATGGGGTATATCAG-1
GRCh38,AAATGGGGTATTGCCC-1
GRCh38,AAATGGGGTCGAGTGC-1
GRCh38,AAATGGGGTCGCATCT-1
GRCh38,AAATGGGGTCGTAGTG-1
GRCh38,AAATGGGGTCGTCAGA-1
GRCh38,AAATGGGGTGCCTGGG-1
GRCh38,AAATGGGGTGGCTAAT-1
GRCh38,AAATGGGGTGGCTTAG-1
GRCh38,AAATGGGGTGTCTGAG-1
GRCh38,AAATGGGGTGTGCCTT-1
GRCh38,AAATGGTCAACCTTAA-1
GRCh38,AAATGGTCAATGACGA-1
GRCh38,AAATGGTCACAGTTAC-1
GRCh38,AAATGGTCACCTAGAT-1
GRCh38,AAATGGTCACTATGGT-1
GRCh38,AAATGGTCACTGACAT-1
GRCh38,AAATGTCTCACTGCCC-1
GRCh38,AAATGTCTCAGTTTCC-1
GRCh38,AAATGTCTCATCGCTT-1
GRCh38,AAATGTCTCATTGTGG-1
GRCh38,AAATGTCTCCCATAAG-1
GRCh38,AAATGTCTCCGTACTT-1
GRCh38,AAATGTCTCCTCCTTC-1
GRCh38,AAATGTCTCCTGGTAA-1
GRCh38,AAATGTCTCCTGGTCC-1
GRCh38,AAATGTCTCGTTCATC-1
GRCh38,AAATGTCTCGTTGCAA-1
GRCh38,AAATTCGGTAAAGCCT-1
GRCh38,AAATTCGGTAATCCGG-1
GRCh38,AAATTCGGTAGAATGG-1
GRCh38,AAATTCGGTAGCCTTC-1
GRCh38,AAATTCGGTCTAGGTG-1
GRCh38,AAATTCGGTGCACTAG-1
GRCh38,AAATTCGGTGGCTCCC-1
GRCh38,AAATTCGGTGTTACCC-1
GRCh38,AAATTCGGTGTTCTCA-1
GRCh38,AAATTCGGTGTTGCAG-1
GRCh38,AAATTCTCAAACGGGT-1
GRCh38,AAATTCTCAAAGGCAC-1
GRCh38,AAATTCTCAAATACAA-1
GRCh38,AAATTCTCAACATTAT-1
GRCh38,AAATTCTCAACCCGAC-1
GRCh38,AAATTCTCAAGTATCC-1
GRCh38,AAATTCTCACATTAGC-1
GRCh38,AAATTCTCACCCTAAG-1
GRCh38,AAATTCTCACTCGAGC-1
GRCh38,AAATTCTCAGGTTCGC-1
GRCh38,AAATTCTCAGGTTGCC-1
GRCh38,AAATTCTCAGTGAGGT-1
GRCh38,AAATTGCTCAACGTTG-1
GRCh38,AAATTGCTCAATCATA-1
GRCh38,AAATTGCTCACTTACC-1
GRCh38,AAATTGCTCAGACATT-1
GRCh38,AAATTGCTCAGCGCCA-1
GRCh38,AAATTGCTCATGGGCT-1
GRCh38,AAATTGCTCATGTCCT-1
GRCh38,AAATTGCTCCAGCTAA-1
GRCh38,AAATTGCTCCCATATC-1
GRCh38,AAATTGCTCCCTCGGT-1
GRCh38,AAATTGCTCCTCGCAC-1
GRCh38,AAATTGCTCGCTGGCA-1
GRCh38,AAATTGCTCGTGCATA-1
GRCh38,AAATTGCTCGTTAGGC-1
GRCh38,AAATTGCTCGTTCATC-1
GRCh38,AAATTGGAGAACGTGG-1
GRCh38,AAATTGGAGACAGCGA-1
GRCh38,AAATTGGAGACCCGTG-1
GRCh38,AAATTGGAGACTCAGC-1
GRCh38,AAATTGGAGCCAAATT-1
GRCh38,AAATTGGAGCCCAAGT-1
GRCh38,AAATTGGAGCCTGACG-1
GRCh38,AAATTGGAGCGTTAAT-1
GRCh38,AAATTGGAGCTCGGCA-1
GRCh38,AAATTGGAGCTGACGT-1
GRCh38,AAATTGGAGGGCCTTG-1
GRCh38,AAATTTCCAAAGGGGA-1
GRCh38,AAATTTCCAACACGCC-1
GRCh38,AAATTTCCAACGCCAC-1
GRCh38,AAATTTCCAACTCATA-1
GRCh38,AAATTTCCACTATCTT-1
GRCh38,AAATTTCCACTCTAGG-1
GRCh38,AAATTTCCAGCAATAG-1
GRCh38,AAATTTCCAGCTTAGT-1
GRCh38,AACACCCAGAGAATTG-1
GRCh38,AACACCCAGAGCGAAT-1
GRCh38,AACACCCAGAGTCGTC-1
GRCh38,AACACCCAGATGCCAC-1
GRCh38,AACACCCAGCAAGTTT-1
GRCh38,AACACCCAGCAATATC-1
GRCh38,AACACCCAGCAATTAC-1
GRCh38,AACACCCAGCATGCCG-1
GRCh38,AACACCCAGCCACAAC-1
GRCh38,AACACCCAGCGACAAG-1
GRCh38,AACACCCAGCGGATTC-1
GRCh38,AACACCCAGCTCTGAA-1
GRCh38,AACACCCAGGGTGTTC-1
GRCh38,AACACCTCAAATCCGT-1
GRCh38,AACACCTCAACGAGGT-1
GRCh38,AACACCTCAAGTAAAC-1
GRCh38,AACACCTCAATAATTC-1
GRCh38,AACACCTCAATCGCGC-1
GRCh38,AACACCTCACCTGTAG-1
GRCh38,AACACCTCAGGAGCCA-1
GRCh38,AACACCTCAGGAGTTA-1
GRCh38,AACACCTCAGGCGACA-1
GRCh38,AACACCTCAGTACGAA-1
GRCh38,AACACCTCAGTCCGTA-1
GRCh38,AACACGCTCACCATTC-1
GRCh38,AACACGCTCAGACTCA-1
GRCh38,AACACGCTCATCAATA-1
GRCh38,AACACGCTCCACTACT-1
GRCh38,AACACGCTCCGCAGCA-1
GRCh38,AACACGCTCCTCTGAT-1
GRCh38,AACACGCTCGGTTACA-1
GRCh38,AACACGCTCGTTGTCT-1
GRCh38,AACACTCCAAACCGAA-1
GRCh38,AACACTCCAAACGTTC-1
GRCh38,AACACTCCAACTGTCG-1
GRCh38,AACACTCCAATCGGCC-1
GRCh38,AACACTCCAATGATCC-1
GRCh38,AACACTCCAATTCATG-1
GRCh38,AACACTCCACAATTCA-1
GRCh38,AACACTCCACACCTCT-1
GRCh38,AACACTCCACCACGTA-1
GRCh38,AACACTCCACGAAGGT-1
GRCh38,AACACTCCAGTATGCT-1
GRCh38,AACACTCCAGTTAACC-1
GRCh38,AACAGACAGAAAGGAG-1
GRCh38,AACAGACAGAGTTGGG-1
GRCh38,AACAGACAGCCCATTT-1
GRCh38,AACAGACAGCGGTTTA-1
GRCh38,AACAGACAGGCGGGAT-1
GRCh38,AACAGACAGGCTCTAA-1
GRCh38,AACAGACAGGTTATGT-1
GRCh38,AACAGAGGTACCACAG-1
GRCh38,AACAGAGGTACTCAGG-1
GRCh38,AACAGAGGTAGGAAAT-1
GRCh38,AACAGAGGTATCCCCG-1
GRCh38,AACAGAGGTCACTAGG-1
GRCh38,AACAGAGGTCCGTCGC-1
GRCh38,AACAGAGGTCGACAGC-1
GRCh38,AACAGAGGTCGTACAG-1
GRCh38,AACAGAGGTCTGGAAT-1
GRCh38,AACAGAGGTCTGGTAG-1
GRCh38,AACAGAGGTGGAAATG-1
GRCh38,AACAGAGGTGGAATCT-1
GRCh38,AACAGAGGTGGACCGT-1
GRCh38,AACAGAGGTGTTGTGG-1
GRCh38,AACAGCCTCAACGCTA-1
GRCh38,AACAGCCTCACCACAA-1
GRCh38,AACAGCCTCAGGCTTA-1
GRCh38,AACAGCCTCCACGTAA-1
GRCh38,AACAGCCTCCATCTGT-1
GRCh38,AACAGCCTCCCATGCC-1
GRCh38,AACAGCCTCCTCGGCT-1
GRCh38,AACAGCCTCCTGAACA-1
GRCh38,AACAGCCTCCTTGTCG-1
GRCh38,AACAGCCTCGCCATGG-1
GRCh38,AACAGCCTCGTGACTA-1
GRCh38,AACAGCCTCGTTGCCC-1
GRCh38,AACAGGAGTATAGGAG-1
GRCh38,AACAGGAGTATATGGC-1
GRCh38,AACAGGAGTATTCAGA-1
GRCh38,AACAGGAGTCAAAGCT-1
GRCh38,AACAGGAGTCAATTAG-1
GRCh38,AACAGGAGTCCGTAAG-1
GRCh38,AACAGGAGTCGCGTAA-1
GRCh38,AACAGGAGTCTCCTGG-1
GRCh38,AACAGGAGTGGCAATT-1
GRCh38,AACAGGAGTGGTAGGG-1
GRCh38,AACAGGGTCAAACCAT-1
GRCh38,AACAGGGTCACTGACA-1
GRCh38,AACAGGGTCCACCAAA-1
GRCh38,AACAGGGTCCCTTTAA-1
GRCh38,AACAGGGTCCTCTAAC-1
GRCh38,AACAGGGTCCTCTGAT-1
GRCh38,AACAGGGTCGCACGTG-1
GRCh38,AACAGGGTCGGCAATC-1
GRCh38,AACAGGGTCGGCTATA-1
GRCh38,AACAGGGTCGTATACG-1
GRCh38,AACAGGTAGAAACCCC-1
GRCh38,AACAGGTAGAGACGCA-1
GRCh38,AACAGGTAGATAATCC-1
GRCh38,AACAGGTAGATGTTCG-1
GRCh38,AACAGGTAGCCCAAGT-1
GRCh38,AACAGGTAGCCGTCAG-1
GRCh38,AACAGGTAGCCTAAGC-1
GRCh38,AACAGGTAGCGAACGA-1
GRCh38,AACAGGTAGGCTGTTA-1
GRCh38,AACAGGTAGGCTTCGG-1
GRCh38,AACAGGTAGGTGCTGT-1
GRCh38,AACATAACAAAGTAAC-1
GRCh38,AACATAACAAGACGTA-1
GRCh38,AACATAACACATACCG-1
GRCh38,AACATAACAGCCAACC-1
GRCh38,AACATAACAGCGCGAA-1
GRCh38,AACATAACAGTTGAGA-1
GRCh38,AACATAGAGAACTCAT-1
GRCh38,AACATAGAGACCAATT-1
GRCh38,AACATAGAGACCCAAC-1
GRCh38,AACATAGAGATGGAGT-1
GRCh38,AACATAGAGATGGGCA-1
GRCh38,AACATAGAGCACTATG-1
GRCh38,AACATAGAGCCACATA-1
GRCh38,AACATAGAGCCACTAA-1
GRCh38,AACATAGAGCCATCAA-1
GRCh38,AACATAGAGCTTGAAT-1
GRCh38,AACATAGAGGTAGAAC-1
GRCh38,AACATAGAGGTCTGTA-1
GRCh38,AACATAGAGGTGTTAT-1
GRCh38,AACATGCGTAACCCCT-1
GRCh38,AACATGCGTACACTCC-1
GRCh38,AACATGCGTCTCTAAT-1
GRCh38,AACATGCGTGGATCGC-1
GRCh38,AACATGCGTGTAGTGT-1
GRCh38,AACATGGCAACATGTC-1
GRCh38,AACATGGCAACTATAT-1
GRCh38,AACATGGCAAGGATCA-1
GRCh38,AACATGGCAAGTGTCT-1
GRCh38,AACATGGCAATACGGA-1
GRCh38,AACATGGCAATCGTCG-1
GRCh38,AACATGGCAATTCTAG-1
GRCh38,AACATGGCACCACAGC-1
GRCh38,AACATGGCACCTCACT-1
GRCh38,AACATGGCACTATTCT-1
GRCh38,AACATGGCAGTAAGAT-1
GRCh38,AACATTATCACGTCAA-1
GRCh38,AACATTATCAGCATTG-1
GRCh38,AACATTATCCACTCCA-1
GRCh38,AACATTATCCGTTACT-1
GRCh38,AACATTATCCTCGCAC-1
GRCh38,AACATTATCGGCTCTC-1
GRCh38,AACATTATCGTAACTG-1
GRCh38,AACATTGGTACCATCC-1
GRCh38,AACATTGGTACTATTC-1
GRCh38,AACATTGGTAGACGGG-1
GRCh38,AACATTGGTAGGATAG-1
GRCh38,AACATTGGTAGTTATG-1
GRCh38,AACATTGGTATAGGAG-1
GRCh38,AACATTGGTATCTGGG-1
GRCh38,AACATTGGTATTCAGA-1
GRCh38,AACATTGGTCAATTTC-1
GRCh38,AACATTGGTCACGGCG-1
GRCh38,AACATTGGTCCTTCCC-1
GRCh38,AACATTGGTCGAGTGC-1
GRCh38,AACATTGGTCGCAAAT-1
GRCh38,AACATTGGTCGCCTAT-1
GRCh38,AACATTGGTCGTATAA-1
GRCh38,AACATTGGTCTCATAT-1
GRCh38,AACATTGGTGGAATCT-1
GRCh38,AACATTGGTGGGGTAG-1
GRCh38,AACATTGGTGGGGTTC-1
GRCh38,AACATTGGTGTTACGG-1
GRCh38,AACATTTCAAAGTGCA-1
GRCh38,AACATTTCAACACTAC-1
GRCh38,AACATTTCAATCTCTT-1
GRCh38,AACATTTCACTAGTTA-1
GRCh38,AACATTTCAGCAATCT-1
GRCh38,AACATTTCAGCCCAAC-1
GRCh38,AACCAATTCAAGCTCA-1
GRCh38,AACCAATTCAATCGCA-1
GRCh38,AACCAATTCATGTAGT-1
GRCh38,AACCAATTCCAGGTTA-1
GRCh38,AACCAATTCCCTTTAA-1
GRCh38,AACCAATTCGTATCTC-1
GRCh38,AACCACTCAAAACCGA-1
GRCh38,AACCACTCAACCTGCA-1
GRCh38,AACCACTCAAGCGTTT-1
GRCh38,AACCACTCAAGGGACT-1
GRCh38,AACCACTCAATGTCCG-1
GRCh38,AACCACTCAATTCGTA-1
GRCh38,AACCACTCACATAACC-1
GRCh38,AACCACTCACCGACTA-1
GRCh38,AACCACTCACTATAGC-1
GRCh38,AACCACTCAGTGATAG-1
GRCh38,AACCAGACAATGACCT-1
GRCh38,AACCAGACAATGCAGA-1
GRCh38,AACCAGACACTAATAT-1
GRCh38,AACCAGACACTCAATA-1
GRCh38,AACCAGACAGCTAGGG-1
GRCh38,AACCAGGAGAACATAG-1
GRCh38,AACCAGGAGGCTCAAC-1
GRCh38,AACCATCCAACAGACA-1
GRCh38,AACCATCCAACATCAC-1
GRCh38,AACCATCCAACGTAAG-1
GRCh38,AACCATCCAAGTTACC-1
GRCh38,AACCATCCAATAGCAG-1
GRCh38,AACCATCCAATCATCA-1
GRCh38,AACCATCCAATTGCTA-1
GRCh38,AACCATCCACATTCGG-1
GRCh38,AACCATCCACTGATTA-1
GRCh38,AACCATCCAGCTAGGG-1
GRCh38,AACCATCCAGTGTCAT-1
GRCh38,AACCATCCAGTTAAGG-1
GRCh38,AACCATGTCACCCCTA-1
GRCh38,AACCATGTCACTTTCA-1
GRCh38,AACCATGTCAGACATT-1
GRCh38,AACCATGTCAGGGCAA-1
GRCh38,AACCATGTCCAACAGC-1
GRCh38,AACCATGTCCAGTAAT-1
GRCh38,AACCATGTCCATTCTA-1
GRCh38,AACCATGTCCGTACTT-1
GRCh38,AACCATGTCCTGTCAT-1
GRCh38,AACCATGTCGGACTTA-1
GRCh38,AACCATGTCGGATCAC-1
GRCh38,AACCATGTCGTAGCTA-1
GRCh38,AACCATGTCGTCCGCT-1
GRCh38,AACCATGTCGTCTCTG-1
GRCh38,AACCATTAGAAAGCCG-1
GRCh38,AACCATTAGAACCCAC-1
GRCh38,AACCATTAGACTATCG-1
GRCh38,AACCATTAGCACCCGA-1
GRCh38,AACCATTAGCAGGGAC-1
GRCh38,AACCATTAGCCGTATA-1
GRCh38,AACCATTAGCGCGTCA-1
GRCh38,AACCATTAGCGTAGAG-1
GRCh38,AACCATTAGGCCCCAA-1
GRCh38,AACCATTAGGCCTGCA-1
GRCh38,AACCATTAGGGGTTTC-1
GRCh38,AACCATTAGGTAACCC-1
GRCh38,AACCATTAGGTAGCTC-1
GRCh38,AACCATTAGGTCCATA-1
GRCh38,AACCATTAGGTCTACA-1
GRCh38,AACCCAATCAACGTTG-1
GRCh38,AACCCAATCAATCCCT-1
GRCh38,AACCCAATCACCACAA-1
GRCh38,AACCCAATCATGTCCT-1
GRCh38,AACCCAATCCAGCTCC-1
GRCh38,AACCCAATCCTCGCAC-1
GRCh38,AACCCAATCGTATCAG-1
GRCh38,AACCCAATCGTGCGCA-1
GRCh38,AACCCAATCGTTCACT-1
GRCh38,AACCCACAGACAAGAC-1
GRCh38,AACCCACAGAGGTATA-1
GRCh38,AACCCACAGATGACGG-1
GRCh38,AACCCACAGCATCACA-1
GRCh38,AACCCACAGCCATCAA-1
GRCh38,AACCCACAGCGCATAC-1
GRCh38,AACCCACAGCTAACAT-1
GRCh38,AACCCACAGCTGTATG-1
GRCh38,AACCCACAGGGACAAT-1
GRCh38,AACCCACAGGGATAGT-1
GRCh38,AACCCATCAACGTTTA-1
GRCh38,AACCCATCAACTCACG-1
GRCh38,AACCCATCAACTGCCA-1
GRCh38,AACCCATCACCACCAA-1
GRCh38,AACCCATCACGAAGTA-1
GRCh38,AACCCATCAGTCAAGA-1
GRCh38,AACCCCGAGAATCAAG-1
GRCh38,AACCCCGAGAGGACAT-1
GRCh38,AACCCCGAGATACCCA-1
GRCh38,AACCCCGAGATATACC-1
GRCh38,AACCCCGAGATCCACA-1
GRCh38,AACCCCGAGATTGTGT-1
GRCh38,AACCCCGAGCCTGATA-1
GRCh38,AACCCCGAGCGAATTT-1
GRCh38,AACCCCGAGCGCACAT-1
GRCh38,AACCCCGAGCTATAAC-1
GRCh38,AACCCCGAGGGAGATT-1
GRCh38,AACCCCTGTAATGTTG-1
GRCh38,AACCCCTGTACCATCC-1
GRCh38,AACCCCTGTCTGCAAG-1
GRCh38,AACCCCTGTGCATTCC-1
GRCh38,AACCCCTGTGCCTATC-1
GRCh38,AACCCCTGTGGCAAGG-1
GRCh38,AACCCCTGTGTCCGGG-1
GRCh38,AACCCCTGTGTTACGG-1
GRCh38,AACCCGAGTAAACGCT-1
GRCh38,AACCCGAGTAAGTTGC-1
GRCh38,AACCCGAGTACTGTGG-1
GRCh38,AACCCGAGTATGCCAG-1
GRCh38,AACCCGAGTCACGCGG-1
GRCh38,AACCCGAGTCGAGTGC-1
GRCh38,AACCCGAGTCTATCCA-1
GRCh38,AACCCGAGTCTGATAA-1
GRCh38,AACCCGAGTCTGTGGA-1
GRCh38,AACCCGAGTGCCACTT-1
GRCh38,AACCCGAGTGCCATTC-1
GRCh38,AACCCGAGTGTATCCC-1
GRCh38,AACCCGTAGAGGCAGC-1
GRCh38,AACCCGTAGATGCGGA-1
GRCh38,AACCCGTAGATGGTGG-1
GRCh38,AACCCGTAGCAAGATA-1
GRCh38,AACCCGTAGCTGGCAT-1
GRCh38,AACCCGTAGGTATTCG-1
GRCh38,AACCCTTTCACATCAG-1
GRCh38,AACCCTTTCACCTCAT-1
GRCh38,AACCCTTTCACGATAT-1
GRCh38,AACCCTTTCCAATATA-1
GRCh38,AACCCTTTCCCGTGTC-1
GRCh38,AACCCTTTCCGTATCT-1
GRCh38,AACCCTTTCCTCTCGA-1
GRCh38,AACCCTTTCGCCCCAT-1
GRCh38,AACCGAACAAACATGG-1
GRCh38,AACCGAACAACGTGCC-1
GRCh38,AACCGAACAACTGCGC-1
GRCh38,AACCGAACAAGCTGAA-1
GRCh38,AACCGAACAATCACTA-1
GRCh38,AACCGAACAATGGCGG-1
GRCh38,AACCGAACACAACGGG-1
GRCh38,AACCGAACACATCTCC-1
GRCh38,AACCGAACACTGCGTA-1
GRCh38,AACCGAACAGCTCCAA-1
GRCh38,AACCGAACAGGGCAAT-1
GRCh38,AACCGCAGTAGAGGTA-1
GRCh38,AACCGCAGTAGGAGTA-1
GRCh38,AACCGCAGTATCTCGC-1
GRCh38,AACCGCAGTCGAGTCA-1
GRCh38,AACCGCAGTCGTGCCC-1
GRCh38,AACCGCAGTGGTCAAT-1
GRCh38,AACCGGCGTAAGCCCA-1
GRCh38,AACCGGCGTAATTGGC-1
GRCh38,AACCGGCGTACGCAAT-1
GRCh38,AACCGGCGTACGGTTG-1
GRCh38,AACCGGCGTATCGTGG-1
GRCh38,AACCGGCGTCACTCCG-1
GRCh38,AACCGGCGTCATCGCT-1
GRCh38,AACCGGCGTCGTCGGG-1
GRCh38,AACCGGCGTCTCCGCA-1
GRCh38,AACCGGCGTCTCTCGG-1
GRCh38,AACCGGGCAAACTCCG-1
GRCh38,AACCGGGCAACTGAAG-1
GRCh38,AACCGGGCACAACCCA-1
GRCh38,AACCGGGCACAAGGCG-1
GRCh38,AACCGGGCACACAGAA-1
GRCh38,AACCGGGCACAGCGAG-1
GRCh38,AACCGGGCACCAAGGG-1
GRCh38,AACCGGGCACCTAAAC-1
GRCh38,AACCGGGCACGCAGCT-1
GRCh38,AACCGGGCACTGCACA-1
GRCh38,AACCGGGCAGCAACTT-1
GRCh38,AACCGGGCAGCAATAG-1
GRCh38,AACCGGGCAGGACATA-1
GRCh38,AACCGGGCAGTGCGGA-1
GRCh38,AACCGTGGTAACTCGG-1
GRCh38,AACCGTGGTAGTGTCG-1
GRCh38,AACCGTGGTATACTTC-1
GRCh38,AACCGTGGTCAGCGTA-1
GRCh38,AACCGTGGTCGGGCAT-1
GRCh38,AACCGTGGTCTCGCCA-1
GRCh38,AACCGTGGTGCAAGGG-1
GRCh38,AACCGTGGTGGATTGT-1
GRCh38,AACCGTGGTGGTGTCA-1
GRCh38,AACCGTGGTGTACGTG-1
GRCh38,AACCGTGGTGTGTTGG-1
GRCh38,AACCTACCAACAGTCT-1
GRCh38,AACCTACCAAGGCCGA-1
GRCh38,AACCTACCAATATGCC-1
GRCh38,AACCTACCACAACAGA-1
GRCh38,AACCTACCACCGGTTA-1
GRCh38,AACCTACCACCTCTTA-1
GRCh38,AACCTACCACGGGTCT-1
GRCh38,AACCTACCACTAAGCT-1
GRCh38,AACCTACCAGCAACGG-1
GRCh38,AACCTCTTCACCCAAA-1
GRCh38,AACCTCTTCACCTTAC-1
GRCh38,AACCTCTTCATACCTC-1
GRCh38,AACCTCTTCATCGCCC-1
GRCh38,AACCTCTTCCACCAAA-1
GRCh38,AACCTCTTCCCACAGG-1
GRCh38,AACCTCTTCGCGGATT-1
GRCh38,AACCTTACAACAACCT-1
GRCh38,AACCTTACAACATGTC-1
GRCh38,AACCTTACAAGAGGGA-1
GRCh38,AACCTTACAATCCGCA-1
GRCh38,AACCTTACAATTCTAG-1
GRCh38,AACCTTACACAACGAA-1
GRCh38,AACCTTACACATCTCC-1
GRCh38,AACCTTACACCCATAG-1
GRCh38,AACCTTACAGCTAACT-1
GRCh38,AACCTTACAGTCCATG-1
GRCh38,AACGAAATCAAAGCCC-1
GRCh38,AACGAAATCACGCCTC-1
GRCh38,AACGAAATCAGTACGC-1
GRCh38,AACGAAATCCGGGTAT-1
GRCh38,AACGAAATCGGGTATC-1
GRCh38,AACGAAATCGGTCGCA-1
GRCh38,AACGAAATCGTAGGCT-1
GRCh38,AACGAAATCGTCTTAC-1
GRCh38,AACGAACAGATCCTGA-1
GRCh38,AACGAACAGCGTATTG-1
GRCh38,AACGAACAGCTAGTGC-1
GRCh38,AACGAACAGGTAGCTC-1
GRCh38,AACGAACAGGTCTACA-1
GRCh38,AACGAAGGTAAGGGAC-1
GRCh38,AACGAAGGTAGCCCTT-1
GRCh38,AACGAAGGTATACAGC-1
GRCh38,AACGAAGGTATACCCC-1
GRCh38,AACGAAGGTCACCCTG-1
GRCh38,AACGAAGGTCCAACAG-1
GRCh38,AACGAAGGTCCTCGAT-1
GRCh38,AACGAAGGTCGCTCGC-1
GRCh38,AACGAAGGTGGACTAT-1
GRCh38,AACGAAGGTGTCACGA-1
GRCh38,AACGAAGGTGTTAGGT-1
GRCh38,AACGAAGGTGTTGGAT-1
GRCh38,AACGACGAGAACGGAT-1
GRCh38,AACGACGAGATACAAG-1
GRCh38,AACGACGAGATACAGA-1
GRCh38,AACGACGAGATCCACA-1
GRCh38,AACGACGAGCGCAGTT-1
GRCh38,AACGACGAGCTCACCC-1
GRCh38,AACGACGAGCTTCGTT-1
GRCh38,AACGACGAGGCCATGT-1
GRCh38,AACGACGAGGCGTCAT-1
GRCh38,AACGACGAGGCTAGAG-1
GRCh38,AACGACGAGGTAAGCG-1
GRCh38,AACGACGAGGTGAGTG-1
GRCh38,AACGACGAGGTGCGAA-1
GRCh38,AACGACGAGGTTCGCG-1
GRCh38,AACGAGAGTACTCGAG-1
GRCh38,AACGAGAGTACTTATC-1
GRCh38,AACGAGAGTAGCGTCA-1
GRCh38,AACGAGAGTAGGATAG-1
GRCh38,AACGAGAGTAGTCAGT-1
GRCh38,AACGAGAGTAGTTAGC-1
GRCh38,AACGAGAGTATAGTGC-1
GRCh38,AACGAGAGTATTATCC-1
GRCh38,AACGAGAGTCAGGATT-1
GRCh38,AACGAGAGTCCATAGG-1
GRCh38,AACGAGAGTCGTTAAA-1
GRCh38,AACGAGAGTCTGCATC-1
GRCh38,AACGAGAGTGGTTGGC-1
GRCh38,AACGAGAGTGTTCTAT-1
GRCh38,AACGAGCCAAACACTC-1
GRCh38,AACGAGCCAAAGGAGG-1
GRCh38,AACGAGCCAACAATGG-1
GRCh38,AACGAGCCAACTTACA-1
GRCh38,AACGAGCCAAGCGATA-1
GRCh38,AACGAGCCAATAGTAA-1
GRCh38,AACGAGCCACACTATA-1
GRCh38,AACGAGCCACCCAGTA-1
GRCh38,AACGAGCCAGGATAGC-1
GRCh38,AACGAGCCAGGATGAC-1
GRCh38,AACGAGCCAGTTGCGC-1
GRCh38,AACGATAAGACATGTT-1
GRCh38,AACGATAAGACGAAGT-1
GRCh38,AACGATAAGAGCCGAA-1
GRCh38,AACGATAAGATCGTTG-1
GRCh38,AACGATAAGCCTCGTC-1
GRCh38,AACGATAAGGTACCCG-1
GRCh38,AACGATAAGGTTGTAT-1
GRCh38,AACGCAACAAATCGAG-1
GRCh38,AACGCAACAAATGAAC-1
GRCh38,AACGCAACAACAGCGG-1
GRCh38,AACGCAACACATCATA-1
GRCh38,AACGCAACACGTAGCC-1
GRCh38,AACGCAACACTCACCT-1
GRCh38,AACGCACTCAACATTA-1
GRCh38,AACGCACTCACATCAG-1
GRCh38,AACGCACTCACGCAAC-1
GRCh38,AACGCACTCACGTAAT-1
GRCh38,AACGCACTCAGGGGTA-1
GRCh38,AACGCACTCCCGTCTA-1
GRCh38,AACGCACTCCCTTTAA-1
GRCh38,AACGCACTCGCTTATC-1
GRCh38,AACGCACTCGGCCTTC-1
GRCh38,AACGCACTCGTATAGT-1
GRCh38,AACGCACTCGTGCGTG-1
GRCh38,AACGCATGTAAGGGAC-1
GRCh38,AACGCATGTACCACCT-1
GRCh38,AACGCATGTACTATGA-1
GRCh38,AACGCATGTAGCATCG-1
GRCh38,AACGCATGTAGCGTTG-1
GRCh38,AACGCATGTCTAAGCG-1
GRCh38,AACGCATGTCTGTTAT-1
GRCh38,AACGCATGTGGCGAGA-1
GRCh38,AACGCATGTGGGGTCT-1
GRCh38,AACGCCAGTACACCCT-1
GRCh38,AACGCCAGTACCTTTG-1
GRCh38,AACGCCAGTACGCTGA-1
GRCh38,AACGCCAGTACTGCAG-1
GRCh38,AACGCCAGTAGACGGG-1
GRCh38,AACGCCAGTATCAGTA-1
GRCh38,AACGCCAGTATGGCCA-1
GRCh38,AACGCCAGTCAAACGT-1
GRCh38,AACGCCAGTCGCAGTA-1
GRCh38,AACGCCAGTCGGGGTT-1
GRCh38,AACGCCAGTCTAACGG-1
GRCh38,AACGCCAGTCTATTGT-1
GRCh38,AACGCCAGTGTCGAGC-1
GRCh38,AACGCGAAGATCGGAG-1
GRCh38,AACGCGAAGCCTAGCG-1
GRCh38,AACGCGAAGCGTACGT-1
GRCh38,AACGCGAAGCTAGATT-1
GRCh38,AACGCGAAGGTAGGTG-1
GRCh38,AACGCGAAGGTTCAAT-1
GRCh38,AACGCGGCAAAACGGC-1
GRCh38,AACGCGGCAAAGCGTA-1
GRCh38,AACGCGGCAACTAATT-1
GRCh38,AACGCGGCAATACCTA-1
GRCh38,AACGCGGCAATAGGCA-1
GRCh38,AACGCGGCAATGCGAA-1
GRCh38,AACGCGGCACACGTCA-1
GRCh38,AACGCGGCACCACGGT-1
GRCh38,AACGCGGCACCTCACT-1
GRCh38,AACGCGGCAGTACGCC-1
GRCh38,AACGCGGCAGTATACC-1
GRCh38,AACGCTATCAGTCCTT-1
GRCh38,AACGCTATCATGACCA-1
GRCh38,AACGCTATCCAGCATA-1
GRCh38,AACGCTATCCTTAGCT-1
GRCh38,AACGCTATCGGTGGTT-1
GRCh38,AACGCTATCGGTTAGC-1
GRCh38,AACGCTATCGTGGGTT-1
GRCh38,AACGCTGGTAAAGCCT-1
GRCh38,AACGCTGGTACAGCGC-1
GRCh38,AACGCTGGTACCCCAT-1
GRCh38,AACGCTGGTACCTTGC-1
GRCh38,AACGCTGGTCAGTATA-1
GRCh38,AACGCTGGTCCATATT-1
GRCh38,AACGCTGGTCGATGAT-1
GRCh38,AACGCTGGTCGTAATA-1
GRCh38,AACGCTGGTCTAGGGC-1
GRCh38,AACGCTGGTCTATTCG-1
GRCh38,AACGCTGGTCTCTAAT-1
GRCh38,AACGCTGGTCTTGGAG-1
GRCh38,AACGCTGGTGGAGCAG-1
GRCh38,AACGCTGGTGGCGTGT-1
GRCh38,AACGGATAGACAATGA-1
GRCh38,AACGGATAGAGCCTGT-1
GRCh38,AACGGATAGAGGATTA-1
GRCh38,AACGGATAGAGTGCAG-1
GRCh38,AACGGATAGATGGTAA-1
GRCh38,AACGGATAGCAAAGCG-1
GRCh38,AACGGATAGCGACAAG-1
GRCh38,AACGGATAGCTGCATA-1
GRCh38,AACGGATAGGCCCACA-1
GRCh38,AACGGATAGGCGTTAC-1
GRCh38,AACGGATAGGCTCGAT-1
GRCh38,AACGGATAGGGGTAAT-1
GRCh38,AACGGATAGGTATAGA-1
GRCh38,AACGGCAAGAAGGGCC-1
GRCh38,AACGGCAAGAAGTGTA-1
GRCh38,AACGGCAAGACGGGGT-1
GRCh38,AACGGCAAGACTCAGC-1
GRCh38,AACGGCAAGAGCATTT-1
GRCh38,AACGGCAAGAGTCCCG-1
GRCh38,AACGGCAAGCCGTTGG-1
GRCh38,AACGGCAAGCTACACA-1
GRCh38,AACGGCAAGGTCCACG-1
GRCh38,AACGGCAAGGTCTACA-1
GRCh38,AACGGCGCAAACCGGG-1
GRCh38,AACGGCGCAAAGCGTA-1
GRCh38,AACGGCGCAACCTGCA-1
GRCh38,AACGGCGCAAGAGACC-1
GRCh38,AACGGCGCACCACTGA-1
GRCh38,AACGGCGCACCGTACA-1
GRCh38,AACGGCGCACGAACCC-1
GRCh38,AACGGCGCACTAAGGA-1
GRCh38,AACGGCGCACTTATAG-1
GRCh38,AACGGCGCAGCTATTA-1
GRCh38,AACGGCGCAGGATAGC-1
GRCh38,AACGGCTTCACTTCGT-1
GRCh38,AACGGCTTCAGTCAGC-1
GRCh38,AACGGCTTCATGTCCT-1
GRCh38,AACGGCTTCCCACTTG-1
GRCh38,AACGGCTTCCGCATGG-1
GRCh38,AACGGCTTCCTCGAAA-1
GRCh38,AACGGCTTCGGCTGCA-1
GRCh38,AACGGCTTCGGGGTAA-1
GRCh38,AACGGCTTCGTGATAT-1
GRCh38,AACGGGCAGAAGCATA-1
GRCh38,AACGGGCAGAAGCTTT-1
GRCh38,AACGGGCAGAAGGCGC-1
GRCh38,AACGGGCAGAATTACC-1
GRCh38,AACGGGCAGACAAGTA-1
GRCh38,AACGGGCAGAGGATTA-1
GRCh38,AACGGGCAGAGTTAAG-1
GRCh38,AACGGGCAGCGAGTAG-1
GRCh38,AACGGGCAGCGCTGCA-1
GRCh38,AACGGGCAGGCCTCGA-1
GRCh38,AACGGGTCAAACCACT-1
GRCh38,AACGGGTCAAACCATC-1
GRCh38,AACGGGTCAACACAGA-1
GRCh38,AACGGGTCAACGAACA-1
GRCh38,AACGGGTCAACTGAGA-1
GRCh38,AACGGGTCAAGGAATT-1
GRCh38,AACGGGTCAATCATGC-1
GRCh38,AACGGGTCACTAAACC-1
GRCh38,AACGGGTCAGTCACGC-1
GRCh38,AACGGTACAAACGCGG-1
GRCh38,AACGGTACAACAGCGG-1
GRCh38,AACGGTACAACGAGAC-1
GRCh38,AACGGTACAAGAGATT-1
GRCh38,AACGGTACACCAACGC-1
GRCh38,AACGGTACACCTAACG-1
GRCh38,AACGGTACACCTAGAT-1
GRCh38,AACGGTACACGAACCC-1
GRCh38,AACGGTACACGGGTCT-1
GRCh38,AACGGTACACTAGCGC-1
GRCh38,AACGGTACACTTAGTA-1
GRCh38,AACGGTACAGCCAATT-1
GRCh38,AACGGTACAGCTTACG-1
GRCh38,AACGGTACAGGGCTCT-1
GRCh38,AACGTAAAGATAGCGG-1
GRCh38,AACGTAAAGCCATTGA-1
GRCh38,AACGTAAAGCCCATTT-1
GRCh38,AACGTAAAGGCTCGAT-1
GRCh38,AACGTAAAGGGCATGA-1
GRCh38,AACGTAAAGGGGTTGA-1
GRCh38,AACGTATTCAAGCCGT-1
GRCh38,AACGTATTCAGCATTG-1
GRCh38,AACGTATTCCCTACAT-1
GRCh38,AACGTATTCCGAATGC-1
GRCh38,AACGTATTCGGTTACA-1
GRCh38,AACGTCGGTAAGCCAT-1
GRCh38,AACGTCGGTAAGTGTC-1
GRCh38,AACGTCGGTAATGGAG-1
GRCh38,AACGTCGGTAGTTATG-1
GRCh38,AACGTCGGTCTAATCT-1
GRCh38,AACGTCGGTCTGCGCC-1
GRCh38,AACGTCGGTGGCGTTA-1
GRCh38,AACGTCGGTGTCGTGA-1
GRCh38,AACGTCGGTGTTCAGG-1
GRCh38,AACGTGCTCAAGCTAT-1
GRCh38,AACGTGCTCAATACGT-1
GRCh38,AACGTGCTCAGAGAAC-1
GRCh38,AACGTGCTCAGTACAT-1
GRCh38,AACGTGCTCCCACTTG-1
GRCh38,AACGTGCTCCTAGGGT-1
GRCh38,AACGTGCTCGCCCTTA-1
GRCh38,AACGTGCTCGCGACAT-1
GRCh38,AACGTGCTCGGGTCAT-1
GRCh38,AACGTGCTCGGTGGTT-1
GRCh38,AACGTGCTCGTATGTG-1
GRCh38,AACGTGGAGAAAGCCG-1
GRCh38,AACGTGGAGAAAGTCA-1
GRCh38,AACGTGGAGACATGAA-1
GRCh38,AACGTGGAGAGAATCA-1
GRCh38,AACGTGGAGAGTCCAC-1
GRCh38,AACGTGGAGCTAAGCC-1
GRCh38,AACGTGGAGGGATGAT-1
GRCh38,AACGTGGAGGTCGAGA-1
GRCh38,AACGTTCCAAACTACC-1
GRCh38,AACGTTCCAAAGCTCT-1
GRCh38,AACGTTCCAACGTACT-1
GRCh38,AACGTTCCAACTTCAA-1
GRCh38,AACGTTCCAATGCTCG-1
GRCh38,AACGTTCCACAACGCC-1
GRCh38,AACGTTCCACACCGTA-1
GRCh38,AACGTTCCACCACGTA-1
GRCh38,AACGTTCCACTACATA-1
GRCh38,AACGTTCCACTTCTAT-1
GRCh38,AACGTTCCAGTTGGAA-1
GRCh38,AACGTTGTCAAGCATT-1
GRCh38,AACGTTGTCAATGGTT-1
GRCh38,AACGTTGTCCAGCTCC-1
GRCh38,AACGTTGTCCTATGTC-1
GRCh38,AACGTTGTCGCGTTAA-1
GRCh38,AACGTTGTCGCTGGCA-1
GRCh38,AACGTTGTCGTGAACC-1
GRCh38,AACGTTGTCGTTGCCC-1
GRCh38,AACGTTTAGACGACGA-1
GRCh38,AACGTTTAGACGTCAC-1
GRCh38,AACGTTTAGAGCGTAG-1
GRCh38,AACGTTTAGCCATAGC-1
GRCh38,AACGTTTAGCCTTTCG-1
GRCh38,AACGTTTAGCGTCAGT-1
GRCh38,AACGTTTAGCTTCGTT-1
GRCh38,AACGTTTAGGCTCTAA-1
GRCh38,AACGTTTAGGTAAGTA-1
GRCh38,AACGTTTAGGTAGGCA-1
GRCh38,AACGTTTAGGTTCAAT-1
GRCh38,AACTAAGAGAAAGGAG-1
GRCh38,AACTAAGAGAACAGAC-1
GRCh38,AACTAAGAGAACGTGG-1
GRCh38,AACTAAGAGCAAACGG-1
GRCh38,AACTAAGAGCATATCG-1
GRCh38,AACTAAGAGCTGACAC-1
GRCh38,AACTAAGAGCTGATAT-1
GRCh38,AACTAAGAGGCAAGCA-1
GRCh38,AACTAAGAGGGTTGTC-1
GRCh38,AACTAAGAGGTAGAAC-1
GRCh38,AACTAAGAGGTGATTT-1
GRCh38,AACTACCCAAAAGCAT-1
GRCh38,AACTACCCAACTGGAA-1
GRCh38,AACTACCCACATCGGC-1
GRCh38,AACTACCCACCCAAAT-1
GRCh38,AACTACCCACTCATAA-1
GRCh38,AACTACCCAGCCTTTC-1
GRCh38,AACTACCCAGGCGCAA-1
GRCh38,AACTAGAAGACGGAGC-1
GRCh38,AACTAGAAGACTATGT-1
GRCh38,AACTAGAAGAGCTTAT-1
GRCh38,AACTAGAAGCAATGGG-1
GRCh38,AACTAGAAGCATCGCG-1
GRCh38,AACTAGAAGGGAATTA-1
GRCh38,AACTAGAAGGTAGCTC-1
GRCh38,AACTAGAAGGTCTAGC-1
GRCh38,AACTAGCGTAACATTG-1
GRCh38,AACTAGCGTAAGCATC-1
GRCh38,AACTAGCGTACTGTGG-1
GRCh38,AACTAGCGTCAAAGCT-1
GRCh38,AACTAGCGTCAATGTA-1
GRCh38,AACTAGCGTCAGCGGT-1
GRCh38,AACTAGCGTCAGTTGG-1
GRCh38,AACTAGCGTCCAGTGA-1
GRCh38,AACTAGCGTGGCATAT-1
GRCh38,AACTAGCGTGTATAGC-1
GRCh38,AACTAGGCAAACTAGG-1
GRCh38,AACTAGGCAAATGGCA-1
GRCh38,AACTAGGCAAATTTCG-1
GRCh38,AACTAGGCAACATAGG-1
GRCh38,AACTAGGCACTCAATA-1
GRCh38,AACTAGGCACTGGAGG-1
GRCh38,AACTAGGCAGCGACGA-1
GRCh38,AACTAGGCAGTATTCA-1
GRCh38,AACTAGGCAGTTCGCA-1
GRCh38,AACTAGGCAGTTGAAG-1
GRCh38,AACTATATCAAACTAC-1
GRCh38,AACTATATCAATATTG-1
GRCh38,AACTATATCATACGTG-1
GRCh38,AACTATATCATAGTCG-1
GRCh38,AACTATATCCAACAGC-1
GRCh38,AACTATATCCCAATTC-1
GRCh38,AACTATATCCCTGATT-1
GRCh38,AACTATATCCTCGCAC-1
GRCh38,AACTATATCGCATTAG-1
GRCh38,AACTATATCGCCCTAC-1
GRCh38,AACTATATCGCGATGT-1
GRCh38,AACTATATCGGATCAC-1
GRCh38,AACTATATCGTATAGT-1
GRCh38,AACTATATCGTTCGCC-1
GRCh38,AACTCACCAAAACTCC-1
GRCh38,AACTCACCAAAATCCC-1
GRCh38,AACTCACCAAAGTAAC-1
GRCh38,AACTCACCAAATCGGA-1
GRCh38,AACTCACCAACACTCG-1
GRCh38,AACTCACCAACAGGGT-1
GRCh38,AACTCACCAACGTCCA-1
GRCh38,AACTCACCAAGTTTCA-1
GRCh38,AACTCACCACATTAGC-1
GRCh38,AACTCACCACCCATTC-1
GRCh38,AACTCACCACCGTACA-1
GRCh38,AACTCACCACGCTCAA-1
GRCh38,AACTCACCACTAATAT-1
GRCh38,AACTCACCAGTGTCAT-1
GRCh38,AACTCATAGAATGGCG-1
GRCh38,AACTCATAGACCCCGA-1
GRCh38,AACTCATAGCCACGAT-1
GRCh38,AACTCATAGCGATTTG-1
GRCh38,AACTCATAGCTGACAC-1
GRCh38,AACTCATAGGGAATGT-1
GRCh38,AACTCCCGTAAGTGTC-1
GRCh38,AACTCCCGTACAATTG-1
GRCh38,AACTCCCGTACATAGC-1
GRCh38,AACTCCCGTAGCCTTC-1
GRCh38,AACTCCCGTAGGACGG-1
GRCh38,AACTCCCGTAGGGCGA-1
GRCh38,AACTCCCGTGGGACCT-1
GRCh38,AACTCCCGTGGTGTCA-1
GRCh38,AACTCCCGTGGTTTCC-1
GRCh38,AACTCCCGTGTCATGG-1
GRCh38,AACTCCCGTGTCCGCC-1
GRCh38,AACTCCCGTGTGTTGG-1
GRCh38,AACTCCGCAAATCCCG-1
GRCh38,AACTCCGCAACACTAC-1
GRCh38,AACTCCGCAACATGCT-1
GRCh38,AACTCCGCACAGCATT-1
GRCh38,AACTCCGCACTAAACC-1
GRCh38,AACTCCGCAGTAAAGT-1
GRCh38,AACTCCGCAGTTAATT-1
GRCh38,AACTCCTTCACAACTG-1
GRCh38,AACTCCTTCACGTATG-1
GRCh38,AACTCCTTCACTTCCG-1
GRCh38,AACTCCTTCAGTTGCA-1
GRCh38,AACTCCTTCATTACTT-1
GRCh38,AACTCCTTCCATGGGT-1
GRCh38,AACTCCTTCCCATATC-1
GRCh38,AACTCCTTCCCGCATC-1
GRCh38,AACTCCTTCCGCAGCA-1
GRCh38,AACTCCTTCCGTCAAA-1
GRCh38,AACTCCTTCCGTTCTG-1
GRCh38,AACTCCTTCCTAATCC-1
GRCh38,AACTCCTTCCTAGCAA-1
GRCh38,AACTCGGGTAACATGC-1
GRCh38,AACTCGGGTCCGTTTA-1
GRCh38,AACTCGGGTCGAAGCC-1
GRCh38,AACTCGGGTCGGTGTA-1
GRCh38,AACTCGGGTCTACTAT-1
GRCh38,AACTCTACAAAATGGT-1
GRCh38,AACTCTACAAATATAG-1
GRCh38,AACTCTACAAATCGAG-1
GRCh38,AACTCTACAACAACAG-1
GRCh38,AACTCTACAAGGGACT-1
GRCh38,AACTCTACAATCAGAG-1
GRCh38,AACTCTACACCCAGAC-1
GRCh38,AACTCTACACGTTAGT-1
GRCh38,AACTCTACAGTCACGC-1
GRCh38,AACTCTACAGTCTTCC-1
GRCh38,AACTCTCTCACAATTA-1
GRCh38,AACTCTCTCATCAGGC-1
GRCh38,AACTCTCTCATCGCCC-1
GRCh38,AACTCTCTCCCAAATG-1
GRCh38,AACTCTCTCGGCGTCA-1
GRCh38,AACTGAAAGAACTTGT-1
GRCh38,AACTGAAAGATCCTAG-1
GRCh38,AACTGAAAGATTGCAT-1
GRCh38,AACTGAAAGCCCACGA-1
GRCh38,AACTGAAAGCGGTCAT-1
GRCh38,AACTGAAAGCGGTGTT-1
GRCh38,AACTGAAAGCGTGGTT-1
GRCh38,AACTGAAAGGCTCATA-1
GRCh38,AACTGAAAGGTGCTGT-1
GRCh38,AACTGCATCAAATTGC-1
GRCh38,AACTGCATCACGTGGT-1
GRCh38,AACTGCATCACTATCC-1
GRCh38,AACTGCATCAGTACAT-1
GRCh38,AACTGCATCCACATCT-1
GRCh38,AACTGCATCCACCCAC-1
GRCh38,AACTGCATCCCGGGTA-1
GRCh38,AACTGCATCCTTCGTG-1
GRCh38,AACTGCATCGCATAAT-1
GRCh38,AACTGCATCGCGACAT-1
GRCh38,AACTGCATCGGCTCCT-1
GRCh38,AACTGCATCGGTCCTC-1
GRCh38,AACTGCGGTAAAGTGG-1
GRCh38,AACTGCGGTAGGGAGT-1
GRCh38,AACTGCGGTAGGTTCG-1
GRCh38,AACTGCGGTATACTTC-1
GRCh38,AACTGCGGTATCACCC-1
GRCh38,AACTGCGGTATGAGTC-1
GRCh38,AACTGCGGTCACTTAT-1
GRCh38,AACTGCGGTCATAGCG-1
GRCh38,AACTGCGGTCATCATT-1
GRCh38,AACTGCGGTCCGCATT-1
GRCh38,AACTGCGGTCGCTCGC-1
GRCh38,AACTGCGGTCGTACCT-1
GRCh38,AACTGCGGTGTCCATC-1
GRCh38,AACTTCGAGAAATTGG-1
GRCh38,AACTTCGAGAACGTAA-1
GRCh38,AACTTCGAGACAATAG-1
GRCh38,AACTTCGAGAGCTTTG-1
GRCh38,AACTTCGAGAGGTACG-1
GRCh38,AACTTCGAGAGTCCAC-1
GRCh38,AACTTCGAGATCCTAG-1
GRCh38,AACTTCGAGATGCCAC-1
GRCh38,AACTTCGAGATTCGTG-1
GRCh38,AACTTCGAGCACGGAA-1
GRCh38,AACTTCGAGCATGCGT-1
GRCh38,AACTTCGAGCGAAGTG-1
GRCh38,AACTTCGAGGCGTGAA-1
GRCh38,AACTTCGAGGCTTTAG-1
GRCh38,AACTTCGAGGTAGTTT-1
GRCh38,AACTTCGAGGTGAGTG-1
GRCh38,AACTTCTGTAATTTCC-1
GRCh38,AACTTCTGTACATCTT-1
GRCh38,AACTTCTGTCGTCGGG-1
GRCh38,AACTTCTGTCTATGGG-1
GRCh38,AACTTCTGTGCCTTGT-1
GRCh38,AACTTCTGTGCTTCGT-1
GRCh38,AACTTCTGTGGGACCT-1
GRCh38,AACTTGTAGACAGGAT-1
GRCh38,AACTTGTAGACTTTGG-1
GRCh38,AACTTGTAGCACTTTC-1
GRCh38,AACTTGTAGCGATTCA-1
GRCh38,AACTTGTAGCTACAAT-1
GRCh38,AACTTGTAGCTGAATT-1
GRCh38,AACTTGTAGGGAAGCC-1
GRCh38,AACTTGTAGGGGTGTA-1
GRCh38,AACTTGTAGGTAGACG-1
GRCh38,AACTTGTAGGTTCAGC-1
GRCh38,AACTTTCGTATATTGG-1
GRCh38,AACTTTCGTCAATATG-1
GRCh38,AACTTTCGTCCTTAGC-1
GRCh38,AACTTTCGTGGGTTAT-1
GRCh38,AAGCAAATCACATTCC-1
GRCh38,AAGCAAATCACTAACG-1
GRCh38,AAGCAAATCATCCGCC-1
GRCh38,AAGCAAATCATGTCCT-1
GRCh38,AAGCAAATCCCATAAG-1
GRCh38,AAGCAAATCCTCGAAA-1
GRCh38,AAGCAAATCGGACCTG-1
GRCh38,AAGCAAATCGGATCAC-1
GRCh38,AAGCAAATCGTTAATA-1
GRCh38,AAGCAAGGTAACGAAG-1
GRCh38,AAGCAAGGTAATGTTG-1
GRCh38,AAGCAAGGTACACCCT-1
GRCh38,AAGCAAGGTACTGCGA-1
GRCh38,AAGCAAGGTAGGGGCA-1
GRCh38,AAGCAAGGTAGGGTAA-1
GRCh38,AAGCAAGGTCTAATCT-1
GRCh38,AAGCAAGGTGCCTTTA-1
GRCh38,AAGCAAGGTGGATATC-1
GRCh38,AAGCAAGGTGTGAAAG-1
GRCh38,AAGCAATCAAGGACCG-1
GRCh38,AAGCAATCAATGCATC-1
GRCh38,AAGCAATCACCATAAC-1
GRCh38,AAGCAATCACGAAGGT-1
GRCh38,AAGCAATCACGCAATT-1
GRCh38,AAGCAATCACGTTAGT-1
GRCh38,AAGCAATCAGCGAATA-1
GRCh38,AAGCAATCAGTACGAA-1
GRCh38,AAGCACCTCAAGCATT-1
GRCh38,AAGCACCTCAATGGTT-1
GRCh38,AAGCACCTCAGCCAAC-1
GRCh38,AAGCACCTCAGCCTCC-1
GRCh38,AAGCACCTCAGTACGC-1
GRCh38,AAGCACCTCATAACGT-1
GRCh38,AAGCACCTCATCCCAT-1
GRCh38,AAGCACCTCATTCTCA-1
GRCh38,AAGCACCTCCGATCGG-1
GRCh38,AAGCACCTCCTTCTAA-1
GRCh38,AAGCACCTCGGAAACG-1
GRCh38,AAGCACCTCGGGCAAA-1
GRCh38,AAGCATAAGACGTTAT-1
GRCh38,AAGCATAAGATGCCCG-1
GRCh38,AAGCATAAGCCGATAC-1
GRCh38,AAGCATAAGCTAAATC-1
GRCh38,AAGCATAAGCTCTAGA-1
GRCh38,AAGCATAAGGTAGGGC-1
GRCh38,AAGCATCGTAATCCGG-1
GRCh38,AAGCATCGTATTCAGA-1
GRCh38,AAGCATCGTCGCATAG-1
GRCh38,AAGCATCGTCTATTCG-1
GRCh38,AAGCATCGTGGCAATT-1
GRCh38,AAGCATCGTGTGTCAG-1
GRCh38,AAGCATGCAAGTCGCC-1
GRCh38,AAGCATGCAATCATTG-1
GRCh38,AAGCATGCACAACGGG-1
GRCh38,AAGCATGCACAATACC-1
GRCh38,AAGCATGCACATGAAG-1
GRCh38,AAGCATGCACGCAGGA-1
GRCh38,AAGCATGCACGCGACT-1
GRCh38,AAGCATGCACGTATCG-1
GRCh38,AAGCATGCAGCTTATA-1
GRCh38,AAGCATGCAGGAATAT-1
GRCh38,AAGCATGCAGTGCGGA-1
GRCh38,AAGCATTTCAATTCGG-1
GRCh38,AAGCATTTCAGCGGTT-1
GRCh38,AAGCATTTCATAGGGG-1
GRCh38,AAGCATTTCATCCTAC-1
GRCh38,AAGCATTTCCCCTATG-1
GRCh38,AAGCATTTCCCGCTGT-1
GRCh38,AAGCATTTCCCGGCTT-1
GRCh38,AAGCATTTCCTAATCC-1
GRCh38,AAGCATTTCCTACTTA-1
GRCh38,AAGCATTTCGCTTAAG-1
GRCh38,AAGCATTTCGGGCAAA-1
GRCh38,AAGCATTTCGGTTGGT-1
GRCh38,AAGCCAACAAAACCAG-1
GRCh38,AAGCCAACAACTATAT-1
GRCh38,AAGCCAACAATAGCAG-1
GRCh38,AAGCCAACACCATTCC-1
GRCh38,AAGCCAACAGCCCAAC-1
GRCh38,AAGCCACTCAAAGGGT-1
GRCh38,AAGCCACTCAAGCACC-1
GRCh38,AAGCCACTCACTTACC-1
GRCh38,AAGCCACTCATCGCGG-1
GRCh38,AAGCCACTCCCCACTA-1
GRCh38,AAGCCACTCGCATCAA-1
GRCh38,AAGCCACTCGTACATG-1
GRCh38,AAGCCAGAGAAGGGTT-1
GRCh38,AAGCCAGAGAATGGGT-1
GRCh38,AAGCCAGAGATAGGGT-1
GRCh38,AAGCCAGAGATGGGTG-1
GRCh38,AAGCCAGAGCCTCTTG-1
GRCh38,AAGCCAGAGCTAGTCA-1
GRCh38,AAGCCAGAGCTTGTCT-1
GRCh38,AAGCCAGAGGGCGAGT-1
GRCh38,AAGCCAGAGGGGAGCT-1
GRCh38,AAGCCATGTACCCCAT-1
GRCh38,AAGCCATGTAGCTGGC-1
GRCh38,AAGCCATGTAGTGTAC-1
GRCh38,AAGCCATGTATAGGCT-1
GRCh38,AAGCCATGTCTAACGG-1
GRCh38,AAGCCATGTCTGGAAT-1
GRCh38,AAGCCATGTGGTACTG-1
GRCh38,AAGCCCAGTAACAGAG-1
GRCh38,AAGCCCAGTAAGGGAC-1
GRCh38,AAGCCCAGTCAGCAAT-1
GRCh38,AAGCCCAGTCTATGTT-1
GRCh38,AAGCCCAGTGCTAGGC-1
GRCh38,AAGCCCAGTGGGATAA-1
GRCh38,AAGCCGAAGAACCCAC-1
GRCh38,AAGCCGAAGACTCCAA-1
GRCh38,AAGCCGAAGCCTAATG-1
GRCh38,AAGCCGAAGCGTACCG-1
GRCh38,AAGCCGAAGCTGTGGT-1
GRCh38,AAGCCGAAGGCATAGG-1
GRCh38,AAGCCGAAGGCTAACC-1
GRCh38,AAGCCGAAGGTCCAAC-1
GRCh38,AAGCCGAAGGTGATTT-1
GRCh38,AAGCCGCGTAAATCTG-1
GRCh38,AAGCCGCGTAACCGCA-1
GRCh38,AAGCCGCGTAATGGGA-1
GRCh38,AAGCCGCGTAGTGAGA-1
GRCh38,AAGCCGCGTATCCCTA-1
GRCh38,AAGCCGCGTCGAGGAG-1
GRCh38,AAGCCGCGTGGCGAAG-1
GRCh38,AAGCCGCGTGTTCATT-1
GRCh38,AAGCCGGCAAATTGAA-1
GRCh38,AAGCCGGCAACACCCA-1
GRCh38,AAGCCGGCAACTCATA-1
GRCh38,AAGCCGGCAATCGAGA-1
GRCh38,AAGCCGGCAATTAACT-1
GRCh38,AAGCCGGCACAGCGAG-1
GRCh38,AAGCCGGCACATGCCA-1
GRCh38,AAGCCGGCACGGCTTA-1
GRCh38,AAGCCGGCACTAAGCT-1
GRCh38,AAGCCGGCACTGACGC-1
GRCh38,AAGCCGGCAGCTAGGG-1
GRCh38,AAGCCGGCAGGCATAA-1
GRCh38,AAGCCGGCAGGTTACT-1
GRCh38,AAGCCGTTCAATGTAC-1
GRCh38,AAGCCGTTCACTCCAT-1
GRCh38,AAGCCGTTCATCGCGG-1
GRCh38,AAGCCGTTCCCAGAAC-1
GRCh38,AAGCCGTTCCGTCGTC-1
GRCh38,AAGCCGTTCCTATACC-1
GRCh38,AAGCCGTTCCTATGCT-1
GRCh38,AAGCCGTTCGGCCAAT-1
GRCh38,AAGCCGTTCGTTGTCT-1
GRCh38,AAGCCTATCAACGTAT-1
GRCh38,AAGCCTATCATTAACA-1
GRCh38,AAGCCTATCCAGTACA-1
GRCh38,AAGCCTATCCGGGAAA-1
GRCh38,AAGCCTATCCGTACAA-1
GRCh38,AAGCCTATCGCCACTC-1
GRCh38,AAGCCTATCGCTCTCA-1
GRCh38,AAGCGATAGACGACGA-1
GRCh38,AAGCGATAGATGTATC-1
GRCh38,AAGCGATAGCAAACGG-1
GRCh38,AAGCGATAGCCATGAC-1
GRCh38,AAGCGATAGCCGTATA-1
GRCh38,AAGCGATAGGGTGTTC-1
GRCh38,AAGCGCCGTACTTTCG-1
GRCh38,AAGCGCCGTATATCAG-1
GRCh38,AAGCGCCGTATATTCC-1
GRCh38,AAGCGCCGTATCTTGT-1
GRCh38,AAGCGCCGTGCTTCGT-1
GRCh38,AAGCGCCGTGGATTTA-1
GRCh38,AAGCGCCGTGGGAGAT-1
GRCh38,AAGCGGCAGAAGCGAT-1
GRCh38,AAGCGGCAGAGCCGTT-1
GRCh38,AAGCGGCAGATCACAT-1
GRCh38,AAGCGGCAGATCATCG-1
GRCh38,AAGCGGCAGATCTTGG-1
GRCh38,AAGCGGCAGCCCACGA-1
GRCh38,AAGCGGCAGCGAACGA-1
GRCh38,AAGCGGCAGCGACCAT-1
GRCh38,AAGCGGCAGCTGTGGT-1
GRCh38,AAGCGGCAGGGGTACA-1
GRCh38,AAGCGTACAAAAGTTA-1
GRCh38,AAGCGTACAACGAGAC-1
GRCh38,AAGCGTACAATGCGGG-1
GRCh38,AAGCGTACACAGCGGA-1
GRCh38,AAGCGTACACAGTCGC-1
GRCh38,AAGCGTACACCACAAT-1
GRCh38,AAGCGTACACGACGGA-1
GRCh38,AAGCGTACACGAGTAA-1
GRCh38,AAGCGTACAGGACATA-1
GRCh38,AAGCGTACAGTTAAGG-1
GRCh38,AAGCGTCTCACGCGTG-1
GRCh38,AAGCGTCTCACTATCC-1
GRCh38,AAGCGTCTCAGTTGCA-1
GRCh38,AAGCGTCTCATTCAAA-1
GRCh38,AAGCGTCTCCCACGCT-1
GRCh38,AAGCGTCTCGCTAATG-1
GRCh38,AAGCGTCTCGCTCCAC-1
GRCh38,AAGCGTCTCGCTCCTA-1
GRCh38,AAGCGTGAGAAAGCTA-1
GRCh38,AAGCGTGAGAAGTACA-1
GRCh38,AAGCGTGAGAATGTAG-1
GRCh38,AAGCGTGAGAGGGGCT-1
GRCh38,AAGCGTGAGAGTGATA-1
GRCh38,AAGCGTGAGCTGCGTG-1
GRCh38,AAGCGTGAGCTGTATG-1
GRCh38,AAGCGTGAGGCGCTTG-1
GRCh38,AAGCGTGAGGGAGCGT-1
GRCh38,AAGCGTGAGGGTACAG-1
GRCh38,AAGCGTGAGGTCAATT-1
GRCh38,AAGCGTTGTACAAGCT-1
GRCh38,AAGCGTTGTACATAGC-1
GRCh38,AAGCGTTGTACCTCCG-1
GRCh38,AAGCGTTGTATCCCCG-1
GRCh38,AAGCGTTGTATGCCGA-1
GRCh38,AAGCGTTGTATGCGCA-1
GRCh38,AAGCGTTGTCACGGGT-1
GRCh38,AAGCGTTGTCAGCGGT-1
GRCh38,AAGCGTTGTCGAGGAG-1
GRCh38,AAGCTAAAGACGGGTA-1
GRCh38,AAGCTAAAGCATAGCC-1
GRCh38,AAGCTAAAGCTAGTAT-1
GRCh38,AAGCTAAAGCTATGGC-1
GRCh38,AAGCTAAAGCTCGAAC-1
GRCh38,AAGCTAAAGGCTGTCG-1
GRCh38,AAGCTAAAGGGGTGTA-1
GRCh38,AAGCTAAAGGGTGTTC-1
GRCh38,AAGCTAGCAACTCTCC-1
GRCh38,AAGCTAGCAAGTCGGG-1
GRCh38,AAGCTAGCACAAGTCT-1
GRCh38,AAGCTAGCACTTCGAG-1
GRCh38,AAGCTAGCAGCGTGTC-1
GRCh38,AAGCTAGCAGGACCGA-1
GRCh38,AAGCTAGCAGGCTCTA-1
GRCh38,AAGCTAGCAGTGAAAT-1
GRCh38,AAGCTATTCACTTAAA-1
GRCh38,AAGCTATTCATATTAG-1
GRCh38,AAGCTATTCCAGGTTA-1
GRCh38,AAGCTATTCCCGCGTT-1
GRCh38,AAGCTATTCCTAGTTC-1
GRCh38,AAGCTATTCCTGCAAA-1
GRCh38,AAGCTATTCCTGTCAT-1
GRCh38,AAGCTATTCGTCATCT-1
GRCh38,AAGCTATTCGTCCATT-1
GRCh38,AAGCTATTCGTCGAGT-1
GRCh38,AAGCTCATCACATCAG-1
GRCh38,AAGCTCATCACCTACT-1
GRCh38,AAGCTCATCACGCGTG-1
GRCh38,AAGCTCATCACGTAAT-1
GRCh38,AAGCTCATCACTCACT-1
GRCh38,AAGCTCATCATCCCGC-1
GRCh38,AAGCTCATCCATCTAC-1
GRCh38,AAGCTCATCCTGGTAA-1
GRCh38,AAGCTCATCGCCCTAC-1
GRCh38,AAGCTCATCGCTAATG-1
GRCh38,AAGCTCATCGTGTATG-1
GRCh38,AAGCTCTCAAAGGACC-1
GRCh38,AAGCTCTCAAGGTAAT-1
GRCh38,AAGCTCTCAATCGGCC-1
GRCh38,AAGCTCTCAATGGGCG-1
GRCh38,AAGCTCTCAATGGTAG-1
GRCh38,AAGCTCTCAATGTGAG-1
GRCh38,AAGCTCTCACAATCAC-1
GRCh38,AAGCTCTCACCACAAT-1
GRCh38,AAGCTCTCAGGAGCCA-1
GRCh38,AAGCTCTCAGTTAGAG-1
GRCh38,AAGCTGGAGAGTGGGC-1
GRCh38,AAGCTGGAGATGGCGA-1
GRCh38,AAGCTGGAGCGCATTA-1
GRCh38,AAGCTGGAGCTGCATA-1
GRCh38,AAGCTGGAGGCACGTT-1
GRCh38,AAGCTGGAGGTAGGTG-1
GRCh38,AAGCTTCCAAAACCAG-1
GRCh38,AAGCTTCCAACATATT-1
GRCh38,AAGCTTCCAATCGCAT-1
GRCh38,AAGCTTCCACCCTAAG-1
GRCh38,AAGCTTCCACTACATA-1
GRCh38,AAGCTTCCAGCGGGTA-1
GRCh38,AAGCTTCCAGCTAGCC-1
GRCh38,AAGCTTCCAGGTCATT-1
GRCh38,AAGCTTCCAGTTAGAG-1
GRCh38,AAGCTTGTCAGCCGTG-1
GRCh38,AAGCTTGTCCATATGG-1
GRCh38,AAGCTTGTCCCTACCA-1
GRCh38,AAGCTTGTCCGAATCA-1
GRCh38,AAGCTTGTCCGCTTGC-1
GRCh38,AAGCTTGTCGGCTGCA-1
GRCh38,AAGCTTGTCGGTACGT-1
GRCh38,AAGCTTGTCGGTAGCT-1
GRCh38,AAGCTTGTCGTGAACC-1
GRCh38,AAGCTTTAGAAGTGTA-1
GRCh38,AAGCTTTAGACGTCAC-1
GRCh38,AAGCTTTAGAGCATTT-1
GRCh38,AAGCTTTAGATTAAGG-1
GRCh38,AAGCTTTAGCAACATT-1
GRCh38,AAGCTTTAGCTACTTC-1
GRCh38,AAGCTTTAGCTTGGGT-1
GRCh38,AAGCTTTAGGCATCGT-1
GRCh38,AAGCTTTAGGCTATTG-1
GRCh38,AAGCTTTAGGTAGAAC-1
GRCh38,AAGCTTTAGGTTCTAG-1
GRCh38,AAGGAATGTCCCAAAG-1
GRCh38,AAGGAATGTCCTTAAT-1
GRCh38,AAGGAATGTCTGTTAT-1
GRCh38,AAGGAATGTGCAAGCC-1
GRCh38,AAGGAATGTGCCCGTC-1
GRCh38,AAGGAATGTGCGATGC-1
GRCh38,AAGGAATGTGGGCAAG-1
GRCh38,AAGGAATGTGTCTGAG-1
GRCh38,AAGGAATGTGTGCCGG-1
GRCh38,AAGGACCCAAAATGGT-1
GRCh38,AAGGACCCAAACACCT-1
GRCh38,AAGGACCCAACGCAGG-1
GRCh38,AAGGACCCAACGTCCA-1
GRCh38,AAGGACCCAACGTCGC-1
GRCh38,AAGGACCCAAGGGTCG-1
GRCh38,AAGGACCCAATACCTA-1
GRCh38,AAGGACCCACAACTAC-1
GRCh38,AAGGACCCACTTCGAG-1
GRCh38,AAGGACCCAGGAACGT-1
GRCh38,AAGGACCCAGGACTTT-1
GRCh38,AAGGACCCAGGTGCGA-1
GRCh38,AAGGAGGCAACGAACA-1
GRCh38,AAGGAGGCAAGACGTA-1
GRCh38,AAGGAGGCAAGAGGGA-1
GRCh38,AAGGAGGCAAGCTGCC-1
GRCh38,AAGGAGGCAAGGCGCA-1
GRCh38,AAGGAGGCACACGCAC-1
GRCh38,AAGGAGGCAGCGTCTA-1
GRCh38,AAGGCACCAAAAGCGC-1
GRCh38,AAGGCACCAAAATCAA-1
GRCh38,AAGGCACCAAATGAAC-1
GRCh38,AAGGCACCAACATACC-1
GRCh38,AAGGCACCAACTAAGG-1
GRCh38,AAGGCACCAATCGCCA-1
GRCh38,AAGGCACCAATGATCC-1
GRCh38,AAGGCACCACACTATA-1
GRCh38,AAGGCACCACCAGTGC-1
GRCh38,AAGGCACCACTTAAGC-1
GRCh38,AAGGCACCAGCTATTA-1
GRCh38,AAGGCACCAGGGTGCA-1
GRCh38,AAGGCACCAGTCGGTC-1
GRCh38,AAGGCACCAGTGCTCA-1
GRCh38,AAGGCATAGAACAGAC-1
GRCh38,AAGGCATAGATGAGGT-1
GRCh38,AAGGCATAGCAAACGG-1
GRCh38,AAGGCATAGCAATGCC-1
GRCh38,AAGGCATAGCATAGCC-1
GRCh38,AAGGCATAGCATATGT-1
GRCh38,AAGGCATAGCCTGGCA-1
GRCh38,AAGGCATAGCGCTCGA-1
GRCh38,AAGGCATAGCGTAACC-1
GRCh38,AAGGCATAGCTAATAC-1
GRCh38,AAGGCATAGCTAGCCG-1
GRCh38,AAGGCATAGCTTGTCT-1
GRCh38,AAGGCATAGGCAATTT-1
GRCh38,AAGGCATAGGGAGCTA-1
GRCh38,AAGGCATAGGTTAGGG-1
GRCh38,AAGGCCCGTACTGCAG-1
GRCh38,AAGGCCCGTATATGTG-1
GRCh38,AAGGCCCGTATGAAGG-1
GRCh38,AAGGCCCGTATGTCTT-1
GRCh38,AAGGCCCGTATTGTAG-1
GRCh38,AAGGCCCGTCACACCT-1
GRCh38,AAGGCCCGTCATTAAG-1
GRCh38,AAGGCCCGTCGGTTTC-1
GRCh38,AAGGCCCGTGTCGAGC-1
GRCh38,AAGGCCGCAACAAGAT-1
GRCh38,AAGGCCGCAACATATT-1
GRCh38,AAGGCCGCAACCCACA-1
GRCh38,AAGGCCGCAAGGTTTC-1
GRCh38,AAGGCCGCAAGTAACG-1
GRCh38,AAGGCCGCAATCGTCG-1
GRCh38,AAGGCCGCACAAGGCG-1
GRCh38,AAGGCCGCACCAGTGC-1
GRCh38,AAGGCCGCACCTAGCA-1
GRCh38,AAGGCCGCACCTCTCG-1
GRCh38,AAGGCCGCACGCCAAC-1
GRCh38,AAGGCCGCAGGCGCAA-1
GRCh38,AAGGCCGCAGTACGCC-1
GRCh38,AAGGCGCAGAAACGCG-1
GRCh38,AAGGCGCAGACGGCAA-1
GRCh38,AAGGCGCAGCAATCCA-1
GRCh38,AAGGCGCAGCAATGCC-1
GRCh38,AAGGCGCAGCACCATA-1
GRCh38,AAGGCGCAGCCTAAGC-1
GRCh38,AAGGCGCAGCGTTATG-1
GRCh38,AAGGCGCAGCTAGTAT-1
GRCh38,AAGGCGCAGGGGGTTA-1
GRCh38,AAGGCTCTCACGACTA-1
GRCh38,AAGGCTCTCATCAGGC-1
GRCh38,AAGGCTCTCATTGGCA-1
GRCh38,AAGGCTCTCCACACCC-1
GRCh38,AAGGCTCTCCCGTCTA-1
GRCh38,AAGGCTCTCCCTTGTG-1
GRCh38,AAGGCTCTCCTGCTAT-1
GRCh38,AAGGCTCTCGCATCAA-1
GRCh38,AAGGCTCTCGCGTAAC-1
GRCh38,AAGGCTCTCGCTCATT-1
GRCh38,AAGGCTCTCGGACCTG-1
GRCh38,AAGGCTCTCGTAAATC-1
GRCh38,AAGGCTGAGAATCAAG-1
GRCh38,AAGGCTGAGAATTCGT-1
GRCh38,AAGGCTGAGACGTTAT-1
GRCh38,AAGGCTGAGAGAAGGA-1
GRCh38,AAGGCTGAGAGACGAT-1
GRCh38,AAGGCTGAGAGGTACG-1
GRCh38,AAGGCTGAGCAACCGT-1
GRCh38,AAGGCTGAGCAGTATT-1
GRCh38,AAGGCTGAGCCATAAT-1
GRCh38,AAGGCTGAGCCGCAAT-1
GRCh38,AAGGCTGAGCGATTCA-1
GRCh38,AAGGCTGAGCGCATCG-1
GRCh38,AAGGGACGTACTTCGC-1
GRCh38,AAGGGACGTATCATTC-1
GRCh38,AAGGGACGTATCTGTT-1
GRCh38,AAGGGACGTCCATATT-1
GRCh38,AAGGGACGTGCATTGG-1
GRCh38,AAGGGACGTGGATGGG-1
GRCh38,AAGGGACGTGGATTGT-1
GRCh38,AAGGGAGCAAAATCTT-1
GRCh38,AAGGGAGCAACTCGGC-1
GRCh38,AAGGGAGCACGACCTA-1
GRCh38,AAGGGAGCACGTTCAG-1
GRCh38,AAGGGAGCACTATCTT-1
GRCh38,AAGGGAGCACTGAAAG-1
GRCh38,AAGGGAGCAGCTATTA-1
GRCh38,AAGGGAGCAGTATAGG-1
GRCh38,AAGGGAGCAGTGGACG-1
GRCh38,AAGGGCATCAACCAAT-1
GRCh38,AAGGGCATCCGGACAT-1
GRCh38,AAGGGCATCCGGTATA-1
GRCh38,AAGGGCATCGCCCTAC-1
GRCh38,AAGGGCATCGCGGCTA-1
GRCh38,AAGGGCATCGCTAATG-1
GRCh38,AAGGGCATCGTCCCTA-1
GRCh38,AAGGGCATCGTCTTCG-1
GRCh38,AAGGGCATCGTTCGCC-1
GRCh38,AAGGGCCAGAAACCGG-1
GRCh38,AAGGGCCAGAATGACA-1
GRCh38,AAGGGCCAGAATGTTC-1
GRCh38,AAGGGCCAGACAGCGA-1
GRCh38,AAGGGCCAGACGTATT-1
GRCh38,AAGGGCCAGAGCTTAT-1
GRCh38,AAGGGCCAGAGTAATG-1
GRCh38,AAGGGCCAGAGTTTAC-1
GRCh38,AAGGGCCAGATCCACA-1
GRCh38,AAGGGCCAGATCGTAT-1
GRCh38,AAGGGCCAGATGGGCA-1
GRCh38,AAGGGCCAGCCTACGG-1
GRCh38,AAGGGCCAGCCTGCGA-1
GRCh38,AAGGGCCAGGTTCATG-1
GRCh38,AAGGGGACAAAGTATA-1
GRCh38,AAGGGGACAACCTGCA-1
GRCh38,AAGGGGACAATGTGAG-1
GRCh38,AAGGGGACACAACAGA-1
GRCh38,AAGGGGACACACTCGA-1
GRCh38,AAGGGGACACAGTCCA-1
GRCh38,AAGGGGACACCAGGGA-1
GRCh38,AAGGGGACACCATAAC-1
GRCh38,AAGGGGACACGACACC-1
GRCh38,AAGGGGCTCAAAGGTA-1
GRCh38,AAGGGGCTCAGTCGCG-1
GRCh38,AAGGGGCTCATGTCAG-1
GRCh38,AAGGGGCTCCAAACCA-1
GRCh38,AAGGGGCTCCCACATT-1
GRCh38,AAGGGGCTCCGGCAAT-1
GRCh38,AAGGGTAGTAAGCAAG-1
GRCh38,AAGGGTAGTACGAGTT-1
GRCh38,AAGGGTAGTATCCCCG-1
GRCh38,AAGGGTAGTCCAGTTC-1
GRCh38,AAGGGTAGTCGGGTAC-1
GRCh38,AAGGGTAGTCTAGCAG-1
GRCh38,AAGGGTAGTCTGTTAT-1
GRCh38,AAGGGTAGTGCTCCGC-1
GRCh38,AAGGGTAGTGGATTCG-1
GRCh38,AAGGGTAGTGTTATGA-1
GRCh38,AAGGGTGTCAATGTGT-1
GRCh38,AAGGGTGTCATACTAA-1
GRCh38,AAGGGTGTCCCTGACC-1
GRCh38,AAGGGTGTCGCAATTG-1
GRCh38,AAGGGTGTCGCATAAT-1
GRCh38,AAGGGTGTCGTTGCCC-1
GRCh38,AAGGGTTAGAGCCGTT-1
GRCh38,AAGGGTTAGAGCGGTA-1
GRCh38,AAGGGTTAGAGGCCAA-1
GRCh38,AAGGGTTAGCAGCGAA-1
GRCh38,AAGGGTTAGCGAACGA-1
GRCh38,AAGGGTTAGGCATCGT-1
GRCh38,AAGGGTTAGGGAAATC-1
GRCh38,AAGGTAATCAATGTGT-1
GRCh38,AAGGTAATCCATGGCG-1
GRCh38,AAGGTAATCCCTATAC-1
GRCh38,AAGGTAATCCTGATTC-1
GRCh38,AAGGTAATCGCGACAT-1
GRCh38,AAGGTAATCGCGTATA-1
GRCh38,AAGGTAATCGGTTTAG-1
GRCh38,AAGGTAATCGTACAAT-1
GRCh38,AAGGTAATCGTATAGT-1
GRCh38,AAGGTAATCGTGTCGG-1
GRCh38,AAGGTAGGTACCATGG-1
GRCh38,AAGGTAGGTAGGACCC-1
GRCh38,AAGGTAGGTCATACCC-1
GRCh38,AAGGTAGGTCCTAGCT-1
GRCh38,AAGGTAGGTCGCTGGG-1
GRCh38,AAGGTAGGTGTCGAAT-1
GRCh38,AAGGTCTGTAGGGGCA-1
GRCh38,AAGGTCTGTCTGACTC-1
GRCh38,AAGGTCTGTGCGGTTA-1
GRCh38,AAGGTCTGTGCTATGG-1
GRCh38,AAGGTCTGTGGGGTTC-1
GRCh38,AAGGTGTAGAATGACA-1
GRCh38,AAGGTGTAGAGAGAGA-1
GRCh38,AAGGTGTAGAGTGTAA-1
GRCh38,AAGGTGTAGCGTAGCT-1
GRCh38,AAGGTGTAGGGGAATT-1
GRCh38,AAGGTTAAGATCCGAC-1
GRCh38,AAGGTTAAGATCCTGA-1
GRCh38,AAGGTTAAGCTACGCG-1
GRCh38,AAGGTTAAGCTAGGAG-1
GRCh38,AAGGTTAAGCTGGTTA-1
GRCh38,AAGGTTAAGGGAGTTG-1
GRCh38,AAGGTTAAGGGTGTTC-1
GRCh38,AAGGTTAAGGTAAGTA-1
GRCh38,AAGGTTAAGGTCGGTT-1
GRCh38,AAGGTTCGTAATGTCA-1
GRCh38,AAGGTTCGTATAGGGA-1
GRCh38,AAGGTTCGTATCTGTT-1
GRCh38,AAGGTTCGTATGTCTT-1
GRCh38,AAGGTTCGTCATCGAG-1
GRCh38,AAGGTTCGTCGATGAT-1
GRCh38,AAGGTTCGTGCGGAGA-1
GRCh38,AAGGTTCGTGGCATAT-1
GRCh38,AAGGTTCGTGGGATAA-1
GRCh38,AAGGTTCGTGTTATGA-1
GRCh38,AAGTAACCAACGCACC-1
GRCh38,AAGTAACCAAGTGTTC-1
GRCh38,AAGTAACCAATCAGAG-1
GRCh38,AAGTAACCACCTACTC-1
GRCh38,AAGTAACCACGCAATT-1
GRCh38,AAGTAACCACGCTTTC-1
GRCh38,AAGTAACCACTTCGTC-1
GRCh38,AAGTAACCAGTATCAC-1
GRCh38,AAGTACAAGACGATGG-1
GRCh38,AAGTACAAGAGCCTGT-1
GRCh38,AAGTACAAGATCTCGA-1
GRCh38,AAGTACAAGCAGGAGC-1
GRCh38,AAGTACAAGCTACATG-1
GRCh38,AAGTACAAGCTAGGAG-1
GRCh38,AAGTACAAGGTAAGTA-1
GRCh38,AAGTACGCAAAACGAT-1
GRCh38,AAGTACGCAACAGCCC-1
GRCh38,AAGTACGCAAGTCTTA-1
GRCh38,AAGTACGCAATCCGGC-1
GRCh38,AAGTACGCACCACCAA-1
GRCh38,AAGTACGCACCACGGT-1
GRCh38,AAGTAGCAGAAACCCC-1
GRCh38,AAGTAGCAGAGGTAAC-1
GRCh38,AAGTAGCAGCCCACGA-1
GRCh38,AAGTAGCAGCCTAGTA-1
GRCh38,AAGTAGCAGCCTGGTG-1
GRCh38,AAGTAGGGTACTGGAT-1
GRCh38,AAGTAGGGTATCAGCG-1
GRCh38,AAGTAGGGTCCTTTGA-1
GRCh38,AAGTAGGGTCGCCCTA-1
GRCh38,AAGTAGGGTCTCGAAG-1
GRCh38,AAGTAGGGTCTGGTAG-1
GRCh38,AAGTAGGGTCTTGGTC-1
GRCh38,AAGTAGGGTGCGTTAG-1
GRCh38,AAGTAGGGTGGCCTGG-1
GRCh38,AAGTAGGGTGTATTCT-1
GRCh38,AAGTATACAACACGAA-1
GRCh38,AAGTATACAACGCACC-1
GRCh38,AAGTATACAAGACGAC-1
GRCh38,AAGTATACACCGGAAG-1
GRCh38,AAGTATACACCGTTAG-1
GRCh38,AAGTATACACGCACTA-1
GRCh38,AAGTATACACGCTTTC-1
GRCh38,AAGTATACAGCTACGC-1
GRCh38,AAGTATACAGGCATTT-1
GRCh38,AAGTATACAGTATGGA-1
GRCh38,AAGTATACAGTATGTC-1
GRCh38,AAGTCCATCACCTTAC-1
GRCh38,AAGTCCATCACTCGCC-1
GRCh38,AAGTCCATCACTCTGT-1
GRCh38,AAGTCCATCATCCGCC-1
GRCh38,AAGTCCATCGCGTAAC-1
GRCh38,AAGTCCATCGGACTTA-1
GRCh38,AAGTCCGGTAACTCGG-1
GRCh38,AAGTCCGGTACTTCTG-1
GRCh38,AAGTCCGGTAGCGGAG-1
GRCh38,AAGTCCGGTAGGGCGA-1
GRCh38,AAGTCCGGTATGATGC-1
GRCh38,AAGTCCGGTCATTCCA-1
GRCh38,AAGTCCGGTCCAGGGT-1
GRCh38,AAGTCCGGTCGCCGTC-1
GRCh38,AAGTCCGGTCGGTTCT-1
GRCh38,AAGTCCGGTGTCGTCT-1
GRCh38,AAGTCGCTCACAACGC-1
GRCh38,AAGTCGCTCACCAAAT-1
GRCh38,AAGTCGCTCACCCATT-1
GRCh38,AAGTCGCTCACTACTC-1
GRCh38,AAGTCGCTCCCATCTG-1
GRCh38,AAGTCGCTCCGACCCT-1
GRCh38,AAGTCGCTCGCAAACC-1
GRCh38,AAGTCGCTCGCAAAGG-1
GRCh38,AAGTCGCTCGCGTTAA-1
GRCh38,AAGTCGCTCGGACGTT-1
GRCh38,AAGTCGCTCGGTTAGC-1
GRCh38,AAGTCGCTCGGTTATG-1
GRCh38,AAGTCGCTCGTATTCC-1
GRCh38,AAGTCGCTCGTTATGG-1
GRCh38,AAGTCGCTCGTTGCCC-1
GRCh38,AAGTCTAGTAAAGCCT-1
GRCh38,AAGTCTAGTAGCCTCT-1
GRCh38,AAGTCTAGTATCTGGG-1
GRCh38,AAGTCTAGTCAACTCC-1
GRCh38,AAGTCTAGTCAGCTCT-1
GRCh38,AAGTCTAGTCCAGGTA-1
GRCh38,AAGTCTAGTCCGCATT-1
GRCh38,AAGTCTAGTCGTTAGG-1
GRCh38,AAGTCTCCAAACGGGT-1
GRCh38,AAGTCTCCAAAGGCAC-1
GRCh38,AAGTCTCCAAGCCGAG-1
GRCh38,AAGTCTCCAAGTGCCC-1
GRCh38,AAGTCTCCAATGGACA-1
GRCh38,AAGTCTCCACACGGTC-1
GRCh38,AAGTCTCCACCCTTAC-1
GRCh38,AAGTCTCCACTCCGAA-1
GRCh38,AAGTCTCCAGTACGGG-1
GRCh38,AAGTCTCCAGTAGTAG-1
GRCh38,AAGTCTCCAGTTAGCT-1
GRCh38,AAGTGAGGTAATTGGC-1
GRCh38,AAGTGAGGTACCTGCT-1
GRCh38,AAGTGAGGTACTATAG-1
GRCh38,AAGTGAGGTAGAGGTA-1
GRCh38,AAGTGAGGTATAGCGT-1
GRCh38,AAGTGAGGTATGCGCA-1
GRCh38,AAGTGAGGTCTGGTAG-1
GRCh38,AAGTGAGGTGTAGAAG-1
GRCh38,AAGTGAGGTGTGTTAA-1
GRCh38,AAGTGCACAAAACCGA-1
GRCh38,AAGTGCACAAAATGAC-1
GRCh38,AAGTGCACAAACCGAA-1
GRCh38,AAGTGCACACCTTACC-1
GRCh38,AAGTGCACACTCACCT-1
GRCh38,AAGTGCACACTCACGA-1
GRCh38,AAGTGCACAGCCAACC-1
GRCh38,AAGTGCACAGTTGAGA-1
GRCh38,AAGTGCTGTAACGAGA-1
GRCh38,AAGTGCTGTAAGGCCC-1
GRCh38,AAGTGCTGTACACTCC-1
GRCh38,AAGTGCTGTAGGCGCT-1
GRCh38,AAGTGCTGTCGAGGGA-1
GRCh38,AAGTGCTGTGTCGTCT-1
GRCh38,AAGTGTAAGACACATT-1
GRCh38,AAGTGTAAGATGGGCA-1
GRCh38,AAGTGTAAGCCATGAC-1
GRCh38,AAGTGTAAGCCGCAAT-1
GRCh38,AAGTGTAAGCCTTAGA-1
GRCh38,AAGTGTAAGCGGTCAT-1
GRCh38,AAGTGTAAGCTAATCG-1
GRCh38,AAGTGTAAGGGCTTCG-1
GRCh38,AAGTGTAAGGGTCTGT-1
GRCh38,AAGTGTAAGGTCGAAG-1
GRCh38,AAGTGTAAGGTGCTAC-1
GRCh38,AAGTGTCGTAAATGGG-1
GRCh38,AAGTGTCGTAACGCAT-1
GRCh38,AAGTGTCGTACTCCCG-1
GRCh38,AAGTGTCGTAGGACTT-1
GRCh38,AAGTGTCGTATCGCAG-1
GRCh38,AAGTGTCGTATGAGAG-1
GRCh38,AAGTGTCGTCCGTCCA-1
GRCh38,AAGTGTCGTCGCGTAA-1
GRCh38,AAGTGTCGTCTATGGG-1
GRCh38,AAGTTCCCAAAGGGGA-1
GRCh38,AAGTTCCCAAGCGTCC-1
GRCh38,AAGTTCCCAATGGCGG-1
GRCh38,AAGTTCCCACTAGTTA-1
GRCh38,AAGTTCCCAGCCTTTC-1
GRCh38,AAGTTCCCAGCTAGGG-1
GRCh38,AAGTTCGTCAATCCTC-1
GRCh38,AAGTTCGTCACCCCGT-1
GRCh38,AAGTTCGTCACGCGTG-1
GRCh38,AAGTTCGTCAGGTGTC-1
GRCh38,AAGTTCGTCAGTACTG-1
GRCh38,AAGTTCGTCATGGGTC-1
GRCh38,AAGTTCGTCCCACATT-1
GRCh38,AAGTTCGTCCGCACTC-1
GRCh38,AAGTTCGTCCTATGCT-1
GRCh38,AAGTTCGTCCTGCTAT-1
GRCh38,AAGTTCGTCGCCCTAC-1
GRCh38,AAGTTGCGTAAGGTAG-1
GRCh38,AAGTTGCGTACGTGCA-1
GRCh38,AAGTTGCGTCTGCGCC-1
GRCh38,AAGTTGCGTCTGTGAG-1
GRCh38,AAGTTGCGTGGATCGC-1
GRCh38,AAGTTGCGTGGCTTGA-1
GRCh38,AAGTTGCGTGTCCGGG-1
GRCh38,AAGTTTGGTAAATGGG-1
GRCh38,AAGTTTGGTAACTAGC-1
GRCh38,AAGTTTGGTACGGATT-1
GRCh38,AAGTTTGGTAGTCCAG-1
GRCh38,AAGTTTGGTATGTTCT-1
GRCh38,AAGTTTGGTCGACCCC-1
GRCh38,AAGTTTGGTCGGTGTA-1
GRCh38,AAGTTTGGTCGTAATA-1
GRCh38,AAGTTTGGTCTAACTT-1
GRCh38,AAGTTTGGTGGTACTG-1
GRCh38,AAGTTTGGTGGTCTAG-1
GRCh38,AAGTTTGGTGTGCCCC-1
GRCh38,AATACAACAACCCGAC-1
GRCh38,AATACAACAAGCACAA-1
GRCh38,AATACAACAAGCGAGT-1
GRCh38,AATACAACAATAAGTA-1
GRCh38,AATACAACAATACCCG-1
GRCh38,AATACAACAATGGTAG-1
GRCh38,AATACAACACACAGAA-1
GRCh38,AATACAACACTACTTT-1
GRCh38,AATACAACACTCTCCG-1
GRCh38,AATACAACAGGTCTAT-1
GRCh38,AATACAACAGTGACCC-1
GRCh38,AATACAACAGTGTAAG-1
GRCh38,AATACAACAGTTAAGG-1
GRCh38,AATACAACAGTTACCG-1
GRCh38,AATACAACAGTTAGAG-1
GRCh38,AATACAGAGACCTGTA-1
GRCh38,AATACAGAGAGAGTTA-1
GRCh38,AATACAGAGAGCCCAT-1
GRCh38,AATACAGAGCCTAAGC-1
GRCh38,AATACAGAGGCAAAGT-1
GRCh38,AATACAGAGGCGGTAA-1
GRCh38,AATACAGAGGCTATTG-1
GRCh38,AATACAGAGGTAAGCG-1
GRCh38,AATACCCCAAAATGAC-1
GRCh38,AATACCCCAAAGGGGA-1
GRCh38,AATACCCCAACAATTT-1
GRCh38,AATACCCCAAGGATCA-1
GRCh38,AATACCCCAATCAGCT-1
GRCh38,AATACCCCACAAGACA-1
GRCh38,AATACCCCACGTATCG-1
GRCh38,AATACCCCAGCGTGTC-1
GRCh38,AATACGAAGACAACGG-1
GRCh38,AATACGAAGACAGGAT-1
GRCh38,AATACGAAGCACCGCA-1
GRCh38,AATACGAAGCCGTAAC-1
GRCh38,AATACGAAGCGAAGCA-1
GRCh38,AATACGAAGCTCCGGA-1
GRCh38,AATACGAAGGCTAGAG-1
GRCh38,AATACGAAGGCTTATG-1
GRCh38,AATACGAAGGTCTCCC-1
GRCh38,AATACGTTCACATACG-1
GRCh38,AATACGTTCACCTCTG-1
GRCh38,AATACGTTCAGCTGTA-1
GRCh38,AATACGTTCAGGGGTA-1
GRCh38,AATACGTTCCAGGGTT-1
GRCh38,AATACGTTCGCGGTTG-1
GRCh38,AATACGTTCGCTATCT-1
GRCh38,AATACGTTCGTGTTGA-1
GRCh38,AATACTGGTACTTGGG-1
GRCh38,AATACTGGTAGGAGGT-1
GRCh38,AATACTGGTAGGTAAG-1
GRCh38,AATACTGGTCACTTTG-1
GRCh38,AATACTGGTCGTCGGG-1
GRCh38,AATACTGGTCTGGTAG-1
GRCh38,AATATAGCAAGCCATT-1
GRCh38,AATATAGCAATACCTA-1
GRCh38,AATATAGCAATACGTC-1
GRCh38,AATATAGCAATCTGAC-1
GRCh38,AATATAGCACAGTTAC-1
GRCh38,AATATAGCAGTAAAGT-1
GRCh38,AATATAGCAGTATAGG-1
GRCh38,AATATAGCAGTGTTCG-1
GRCh38,AATATCATCAACAGCC-1
GRCh38,AATATCATCATTGGGC-1
GRCh38,AATATCATCCATTGTC-1
GRCh38,AATATCATCCGAGCAT-1
GRCh38,AATATCATCCGTTCGC-1
GRCh38,AATATCATCCTGCACC-1
GRCh38,AATATCATCGGGCTCA-1
GRCh38,AATATCCAGAAGTACA-1
GRCh38,AATATCCAGAATGGGT-1
GRCh38,AATATCCAGATCGTAT-1
GRCh38,AATATCCAGCACTAGC-1
GRCh38,AATATCCAGCCACGAT-1
GRCh38,AATATCCAGCGTTCAA-1
GRCh38,AATATCCAGGGAGTAT-1
GRCh38,AATATCCAGGGGTTAG-1
GRCh38,AATATCCAGGTGTCCG-1
GRCh38,AATATCTCAAAATCAA-1
GRCh38,AATATCTCAAACTAGG-1
GRCh38,AATATCTCAAACTCTA-1
GRCh38,AATATCTCAAATCGGA-1
GRCh38,AATATCTCAACATGCT-1
GRCh38,AATATCTCACACTCGA-1
GRCh38,AATATCTCACGAATCT-1
GRCh38,AATATCTCAGCCCAAC-1
GRCh38,AATATCTCAGGAAGGA-1
GRCh38,AATATCTCAGGATGGT-1
GRCh38,AATATCTCAGGCTCTA-1
GRCh38,AATATCTCAGTTACTA-1
GRCh38,AATATGCTCACGGCCA-1
GRCh38,AATATGCTCACTTGCT-1
GRCh38,AATATGCTCATGCGGT-1
GRCh38,AATATGCTCATTATCT-1
GRCh38,AATATGCTCATTGGCA-1
GRCh38,AATATGCTCCGAGTGT-1
GRCh38,AATATGCTCGCCACTC-1
GRCh38,AATATGCTCGCCTACC-1
GRCh38,AATATGCTCGTAGTGC-1
GRCh38,AATATGCTCGTGGTTA-1
GRCh38,AATATTCCAAACATGG-1
GRCh38,AATATTCCAAATTGCC-1
GRCh38,AATATTCCAAGGGACT-1
GRCh38,AATATTCCAAGTTACC-1
GRCh38,AATATTCCACATGATC-1
GRCh38,AATATTCCACCTGACA-1
GRCh38,AATATTCCACTTCTCA-1
GRCh38,AATATTCCAGCGGTAG-1
GRCh38,AATATTCCAGGTATCT-1
GRCh38,AATATTCCAGGTTTAC-1
GRCh38,AATATTCCAGTGAGGT-1
GRCh38,AATATTGTCACGACAC-1
GRCh38,AATATTGTCACGGTCG-1
GRCh38,AATATTGTCAGACTCA-1
GRCh38,AATATTGTCCTACGCC-1
GRCh38,AATATTGTCGCTAATG-1
GRCh38,AATATTGTCGTTATAA-1
GRCh38,AATCAAGAGAAACCGG-1
GRCh38,AATCAAGAGACCCGTG-1
GRCh38,AATCAAGAGACGACGA-1
GRCh38,AATCAAGAGATCAGGG-1
GRCh38,AATCAAGAGCAAACGG-1
GRCh38,AATCAAGAGCACCATA-1
GRCh38,AATCAAGAGCGCGATT-1
GRCh38,AATCAAGAGCGTATTG-1
GRCh38,AATCAAGAGGCACCCA-1
GRCh38,AATCAAGAGGGGATAT-1
GRCh38,AATCACCCAAGCGAGT-1
GRCh38,AATCACCCAATATTAC-1
GRCh38,AATCACCCACGCATCA-1
GRCh38,AATCACCCACGTCTAG-1
GRCh38,AATCACCCACTTAACA-1
GRCh38,AATCACCCAGCGTGAG-1
GRCh38,AATCACCCAGGGTATA-1
GRCh38,AATCACCCAGTGCATT-1
GRCh38,AATCACCCAGTGGCAG-1
GRCh38,AATCAGCGTCATCTTG-1
GRCh38,AATCAGCGTCCTTATG-1
GRCh38,AATCATATCCCTACCA-1
GRCh38,AATCATATCCGATCGG-1
GRCh38,AATCATATCGGCGATT-1
GRCh38,AATCATATCGGCTCTC-1
GRCh38,AATCATATCGGTGTCG-1
GRCh38,AATCCCCGTAACCCGA-1
GRCh38,AATCCCCGTAGCTGAT-1
GRCh38,AATCCCCGTATCCTAT-1
GRCh38,AATCCCCGTATTATCC-1
GRCh38,AATCCCCGTCCTCTCC-1
GRCh38,AATCCCCGTCCTGTCG-1
GRCh38,AATCCCCGTGCGATGC-1
GRCh38,AATCCCGCAAAAGCCA-1
GRCh38,AATCCCGCAAACCACT-1
GRCh38,AATCCCGCAACATAGG-1
GRCh38,AATCCCGCAAGAAGCC-1
GRCh38,AATCCCGCAAGGCTCC-1
GRCh38,AATCCCGCAATAACCC-1
GRCh38,AATCCCGCACCTCGAA-1
GRCh38,AATCCCGCACTACTCC-1
GRCh38,AATCCCGCACTGACCA-1
GRCh38,AATCCCGCAGCACCTA-1
GRCh38,AATCCCGCAGGTTTCG-1
GRCh38,AATCCCTTCAGCCATA-1
GRCh38,AATCCCTTCCCATGCC-1
GRCh38,AATCCCTTCCGAATGC-1
GRCh38,AATCCCTTCCGGCACA-1
GRCh38,AATCCCTTCGCCTTGC-1
GRCh38,AATCCCTTCGTCGCTC-1
GRCh38,AATCCGGGTCACCCGC-1
GRCh38,AATCCGGGTCTAAGGT-1
GRCh38,AATCCGGGTGGCATGC-1
GRCh38,AATCCGGGTGGTTGAT-1
GRCh38,AATCCGGGTGTTCGCT-1
GRCh38,AATCCGTCAAGTGTCT-1
GRCh38,AATCCGTCACCTCTCG-1
GRCh38,AATCCGTCACGTTATA-1
GRCh38,AATCCGTCACTATACA-1
GRCh38,AATCCGTCACTGACGC-1
GRCh38,AATCCGTCACTGGAGG-1
GRCh38,AATCCGTCAGTAGTAG-1
GRCh38,AATCCGTCAGTGTCAT-1
GRCh38,AATCCTCTCAAGCATT-1
GRCh38,AATCCTCTCAATCGGC-1
GRCh38,AATCCTCTCACTCGCC-1
GRCh38,AATCCTCTCACTTCTA-1
GRCh38,AATCCTCTCCACCGCT-1
GRCh38,AATCCTCTCCACCTAT-1
GRCh38,AATCCTCTCCATTACC-1
GRCh38,AATCCTCTCCCTTTCC-1
GRCh38,AATCCTCTCCGACTCC-1
GRCh38,AATCCTCTCCGGGTAT-1
GRCh38,AATCCTCTCCGTCGCT-1
GRCh38,AATCCTCTCGCGTGCA-1
GRCh38,AATCCTCTCGCTTCAT-1
GRCh38,AATCCTCTCGGCTTCC-1
GRCh38,AATCCTCTCGGTAGCT-1
GRCh38,AATCCTCTCGGTTAGC-1
GRCh38,AATCGAGCAAACCACT-1
GRCh38,AATCGAGCAAAGTGCA-1
GRCh38,AATCGAGCAACAATTT-1
GRCh38,AATCGAGCAACACAGA-1
GRCh38,AATCGAGCAAGCTGGG-1
GRCh38,AATCGAGCAAGTGGGT-1
GRCh38,AATCGAGCACAATCAC-1
GRCh38,AATCGAGCACCTCATC-1
GRCh38,AATCGAGCACGATAGA-1
GRCh38,AATCGAGCAGGCTACC-1
GRCh38,AATCGAGCAGTATGTC-1
GRCh38,AATCGCATCACGCAGT-1
GRCh38,AATCGCATCAGCTAAT-1
GRCh38,AATCGCATCAGGTTCA-1
GRCh38,AATCGCATCATGTTAA-1
GRCh38,AATCGCATCCAGTCCC-1
GRCh38,AATCGCATCCATTCGT-1
GRCh38,AATCGCATCCGAAACC-1
GRCh38,AATCGCATCGGTCCTC-1
GRCh38,AATCGCGGTACCACCT-1
GRCh38,AATCGCGGTATTATGG-1
GRCh38,AATCGCGGTCAGTCAG-1
GRCh38,AATCGCGGTCCTCTGG-1
GRCh38,AATCGCGGTCCTGTAC-1
GRCh38,AATCGCGGTCTAGCTC-1
GRCh38,AATCGCGGTGGCAATT-1
GRCh38,AATCGCGGTGTTAGGT-1
GRCh38,AATCGGACAAACCAGA-1
GRCh38,AATCGGACAAATGAAC-1
GRCh38,AATCGGACAACCAAGA-1
GRCh38,AATCGGACAACCACAT-1
GRCh38,AATCGGACAAGCTTTA-1
GRCh38,AATCGGACAAGTACAG-1
GRCh38,AATCGGACACCAAGGG-1
GRCh38,AATCGGACAGCACCTA-1
GRCh38,AATCGGACAGCATAAG-1
GRCh38,AATCGGACAGTCTGCA-1
GRCh38,AATCGGACAGTGTGGG-1
GRCh38,AATCGGCTCCAAGTAT-1
GRCh38,AATCGGCTCCAATCGA-1
GRCh38,AATCGGCTCCAATTCC-1
GRCh38,AATCGGCTCCATGGCG-1
GRCh38,AATCGGCTCCCAATAG-1
GRCh38,AATCGGCTCCCATATC-1
GRCh38,AATCGGCTCCGCTTCA-1
GRCh38,AATCGGCTCCGTATTC-1
GRCh38,AATCGGCTCGCAATAT-1
GRCh38,AATCGGCTCGCATTAG-1
GRCh38,AATCGGCTCGTCGCTC-1
GRCh38,AATCGGCTCGTGCAAC-1
GRCh38,AATCGTGTCACATTCC-1
GRCh38,AATCGTGTCACTCGTT-1
GRCh38,AATCGTGTCACTTGCT-1
GRCh38,AATCGTGTCATTAAGC-1
GRCh38,AATCGTGTCCAAGACC-1
GRCh38,AATCGTGTCCAATGCA-1
GRCh38,AATCGTGTCCACACCC-1
GRCh38,AATCGTGTCCATCTAC-1
GRCh38,AATCGTGTCCGCATGG-1
GRCh38,AATCGTGTCCTAAAGT-1
GRCh38,AATCGTGTCGCCATAA-1
GRCh38,AATCGTGTCGCTTCAT-1
GRCh38,AATCGTGTCGGTTTAG-1
GRCh38,AATCTAGGTACACCCT-1
GRCh38,AATCTAGGTAGGCCCG-1
GRCh38,AATCTAGGTATCACCC-1
GRCh38,AATCTAGGTCAGTTGG-1
GRCh38,AATCTAGGTCGCCCGT-1
GRCh38,AATCTAGGTCTGTGAG-1
GRCh38,AATCTAGGTGTCCCTG-1
GRCh38,AATCTATCAAAAGCCA-1
GRCh38,AATCTATCAAAGGAGG-1
GRCh38,AATCTATCAACAACAG-1
GRCh38,AATCTATCAACACAAG-1
GRCh38,AATCTATCAACGAACA-1
GRCh38,AATCTATCAACTCCCT-1
GRCh38,AATCTATCAAGTGGGT-1
GRCh38,AATCTATCAATCAGGA-1
GRCh38,AATCTATCACAATTCA-1
GRCh38,AATCTATCACGGTATT-1
GRCh38,AATCTATCACTAACTA-1
GRCh38,AATCTATCACTTCGTC-1
GRCh38,AATCTATCAGGAACCG-1
GRCh38,AATCTATCAGGACATA-1
GRCh38,AATCTATCAGGGTCTC-1
GRCh38,AATCTATCAGGGTTCC-1
GRCh38,AATCTCACAAAGCTCT-1
GRCh38,AATCTCACAACAACCT-1
GRCh38,AATCTCACAAGGACAC-1
GRCh38,AATCTCACACTGCTTC-1
GRCh38,AATCTCACAGCAGTAA-1
GRCh38,AATCTCCTCAAGCCGT-1
GRCh38,AATCTCCTCACCCCGT-1
GRCh38,AATCTCCTCACTGCCC-1
GRCh38,AATCTCCTCAGGGACA-1
GRCh38,AATCTCCTCATGGACC-1
GRCh38,AATCTCCTCATGTCGA-1
GRCh38,AATCTCCTCCAGTCAA-1
GRCh38,AATCTCCTCCCACAGG-1
GRCh38,AATCTCCTCCCTGACC-1
GRCh38,AATCTCCTCCGCGGTA-1
GRCh38,AATCTCCTCCTAACTC-1
GRCh38,AATCTCCTCCTAATCC-1
GRCh38,AATCTCCTCCTAGCAA-1
GRCh38,AATCTCCTCGCAAACC-1
GRCh38,AATCTCCTCGCCTGCT-1
GRCh38,AATCTCCTCGTGCGCA-1
GRCh38,AATCTCCTCGTGCGTG-1
GRCh38,AATCTCTGTACAGTTA-1
GRCh38,AATCTCTGTACCACTC-1
GRCh38,AATCTCTGTCCCTCTC-1
GRCh38,AATCTCTGTCCTTGCG-1
GRCh38,AATCTCTGTGCTAGTG-1
GRCh38,AATCTCTGTGGCTAGC-1
GRCh38,AATCTCTGTGGTTATA-1
GRCh38,AATCTCTGTGTAAGGA-1
GRCh38,AATCTCTGTGTCCCTG-1
GRCh38,AATCTGGTCAAAGGGT-1
GRCh38,AATCTGGTCACGCGTG-1
GRCh38,AATCTGGTCATCCGTT-1
GRCh38,AATCTGGTCCCTACCA-1
GRCh38,AATCTGGTCCTAGGGT-1
GRCh38,AATCTGGTCCTCTGCA-1
GRCh38,AATCTGGTCGTGCATA-1
GRCh38,AATCTGTAGACAGCAG-1
GRCh38,AATCTGTAGATGCCCG-1
GRCh38,AATCTGTAGCACAGCT-1
GRCh38,AATCTGTAGCACGAAG-1
GRCh38,AATCTGTAGGGAAACT-1
GRCh38,AATCTTCGTCATCAGG-1
GRCh38,AATCTTCGTCGATAGT-1
GRCh38,AATCTTCGTCGTATGG-1
GRCh38,AATCTTCGTGTGCATG-1
GRCh38,AATCTTCGTGTTACCC-1
GRCh38,AATCTTCGTGTTCGCT-1
GRCh38,AATGAACCAAAATTTC-1
GRCh38,AATGAACCAACGTTCG-1
GRCh38,AATGAACCAAGAGGGA-1
GRCh38,AATGAACCACAGTGCC-1
GRCh38,AATGAACCACATTTAG-1
GRCh38,AATGAACCACCAATAC-1
GRCh38,AATGAACCACCAGATT-1
GRCh38,AATGAACCACGAGTAA-1
GRCh38,AATGAACCACTCCGAA-1
GRCh38,AATGACAAGAAAGCGT-1
GRCh38,AATGACAAGAAATGGC-1
GRCh38,AATGACAAGACCCTAA-1
GRCh38,AATGACAAGACCCTTT-1
GRCh38,AATGACAAGAGGTTGG-1
GRCh38,AATGACAAGATCGTTG-1
GRCh38,AATGACAAGATGTGAA-1
GRCh38,AATGACAAGCACGCCA-1
GRCh38,AATGACAAGCATTAGT-1
GRCh38,AATGACAAGCCATACA-1
GRCh38,AATGACAAGCTAGTGC-1
GRCh38,AATGACGCAACAATGG-1
GRCh38,AATGACGCAAGCAGTA-1
GRCh38,AATGACGCAATGGGAC-1
GRCh38,AATGACGCACCAATTA-1
GRCh38,AATGACGCAGGAAGGA-1
GRCh38,AATGACGCAGGCGCAA-1
GRCh38,AATGATGAGAAACCCC-1
GRCh38,AATGATGAGACCCTTT-1
GRCh38,AATGATGAGAGCCCCA-1
GRCh38,AATGATGAGATTACGT-1
GRCh38,AATGATGAGCTACAGC-1
GRCh38,AATGATGAGGCGCTTG-1
GRCh38,AATGATGAGGTCGTAC-1
GRCh38,AATGATGAGGTGTTAT-1
GRCh38,AATGCAAAGAAGTACA-1
GRCh38,AATGCAAAGAGAAGCT-1
GRCh38,AATGCAAAGATCGGAG-1
GRCh38,AATGCAAAGATGCCAC-1
GRCh38,AATGCAAAGATTCAGT-1
GRCh38,AATGCAAAGCCTCTTG-1
GRCh38,AATGCAAAGCGGATAG-1
GRCh38,AATGCAAAGCGGTCCA-1
GRCh38,AATGCAAAGCGGTTAC-1
GRCh38,AATGCAAAGGGAATAC-1
GRCh38,AATGCAAAGGTAAGCG-1
GRCh38,AATGCCCAGAACGGGC-1
GRCh38,AATGCCCAGACAGCGA-1
GRCh38,AATGCCCAGACCACGT-1
GRCh38,AATGCCCAGAGAAGGA-1
GRCh38,AATGCCCAGATAGGCG-1
GRCh38,AATGCCCAGCACCATA-1
GRCh38,AATGCCCAGCACTGTA-1
GRCh38,AATGCCCAGCTCATAG-1
GRCh38,AATGCCCAGCTTCGTT-1
GRCh38,AATGCCCAGGCTGTCG-1
GRCh38,AATGCCCAGGGACGAC-1
GRCh38,AATGCCCAGGTTGCCG-1
GRCh38,AATGCGACAAATTCGC-1
GRCh38,AATGCGACAACTCCGA-1
GRCh38,AATGCGACAATAATTC-1
GRCh38,AATGCGACAATCATCA-1
GRCh38,AATGCGACAATTAAGA-1
GRCh38,AATGCGACACGATGTT-1
GRCh38,AATGCGACACTAACTA-1
GRCh38,AATGCGACAGGTTTAC-1
GRCh38,AATGCGACAGTTAATT-1
GRCh38,AATGCGCTCACAGATT-1
GRCh38,AATGCGCTCAGCAATT-1
GRCh38,AATGCGCTCATAACGT-1
GRCh38,AATGCGCTCATACTCC-1
GRCh38,AATGCGCTCCCAGCTC-1
GRCh38,AATGCGCTCCCAGTAA-1
GRCh38,AATGCGCTCCCGGTTC-1
GRCh38,AATGCGCTCGCGCAAT-1
GRCh38,AATGCGCTCGGATCAC-1
GRCh38,AATGCGGAGAGTTGCC-1
GRCh38,AATGCGGAGCCACATA-1
GRCh38,AATGCGGAGCGATTAT-1
GRCh38,AATGCGGAGCGCAGTT-1
GRCh38,AATGCGGAGCTCGGCA-1
GRCh38,AATGCGGAGCTTCTAC-1
GRCh38,AATGCGGAGGCGATAG-1
GRCh38,AATGCGGAGGCTGTTA-1
GRCh38,AATGCGGAGGTAAATG-1
GRCh38,AATGCGGAGGTCGACT-1
GRCh38,AATGCGGAGGTTAGGG-1
GRCh38,AATGGAGGTACTTATC-1
GRCh38,AATGGAGGTATGTGCG-1
GRCh38,AATGGAGGTCATTTCG-1
GRCh38,AATGGAGGTCCTTATG-1
GRCh38,AATGGAGGTCGAAGCC-1
GRCh38,AATGGAGGTCGACGTA-1
GRCh38,AATGGAGGTGGCAAGG-1
GRCh38,AATGGAGGTGGTATTA-1
GRCh38,AATGGAGGTGTAAGGA-1
GRCh38,AATGGCACAAACGCGG-1
GRCh38,AATGGCACAACAGGAC-1
GRCh38,AATGGCACAACGTGCC-1
GRCh38,AATGGCACAATGCGCC-1
GRCh38,AATGGCACAATTAAAG-1
GRCh38,AATGGCACACATCATA-1
GRCh38,AATGGCACACCATCGA-1
GRCh38,AATGGCACACGATTAC-1
GRCh38,AATGGCACACTATTCT-1
GRCh38,AATGGCACAGTAGGGT-1
GRCh38,AATGGCGAGAACGTTT-1
GRCh38,AATGGCGAGACAAGAC-1
GRCh38,AATGGCGAGACCATGC-1
GRCh38,AATGGCGAGACGTCAC-1
GRCh38,AATGGCGAGAGTTGAA-1
GRCh38,AATGGCGAGCATTAAC-1
GRCh38,AATGGCGAGCCTTGCC-1
GRCh38,AATGGCGAGCTCAGCG-1
GRCh38,AATGGCGAGCTGCAGT-1
GRCh38,AATGGCGAGGGCGAGT-1
GRCh38,AATGGCGAGGTATGTT-1
GRCh38,AATGGCGAGGTCATCA-1
GRCh38,AATGGCTGTAACCGTG-1
GRCh38,AATGGCTGTAATGGCT-1
GRCh38,AATGGCTGTATATTCC-1
GRCh38,AATGGCTGTATCAGGT-1
GRCh38,AATGGCTGTCAGCAAT-1
GRCh38,AATGGCTGTCATCGAG-1
GRCh38,AATGGCTGTCATGTCC-1
GRCh38,AATGGCTGTCGAGTCA-1
GRCh38,AATGGCTGTCGCGTCC-1
GRCh38,AATGGCTGTGTATAGC-1
GRCh38,AATGGCTGTGTCGAAT-1
GRCh38,AATGGCTGTGTCGCGG-1
GRCh38,AATGGCTGTGTGGGCT-1
GRCh38,AATGGGAGTAAAGCTC-1
GRCh38,AATGGGAGTAGCATCG-1
GRCh38,AATGGGAGTATTGTCT-1
GRCh38,AATGGGAGTCATGTGG-1
GRCh38,AATGGGAGTGCTCTGT-1
GRCh38,AATGGGAGTGGGACCT-1
GRCh38,AATGGGAGTGGTGGAG-1
GRCh38,AATGGGAGTGGTTGTG-1
GRCh38,AATGGGAGTGGTTTCC-1
GRCh38,AATGGGTAGACCCTTT-1
GRCh38,AATGGGTAGCCTAGTA-1
GRCh38,AATGGGTAGCTAAGGG-1
GRCh38,AATGGGTAGCTGCAAC-1
GRCh38,AATGGGTAGCTTGATG-1
GRCh38,AATGGTAAGAAACGGT-1
GRCh38,AATGGTAAGACAATTC-1
GRCh38,AATGGTAAGACGAACG-1
GRCh38,AATGGTAAGATCCGTA-1
GRCh38,AATGGTAAGATGCATT-1
GRCh38,AATGGTAAGCACCTAA-1
GRCh38,AATGGTAAGCCAACCG-1
GRCh38,AATGGTAAGCCGTATA-1
GRCh38,AATGGTAAGCGCTCGA-1
GRCh38,AATGGTAAGGGATAGT-1
GRCh38,AATGGTAAGGTATCCA-1
GRCh38,AATGGTAAGGTCCATA-1
GRCh38,AATGGTCGTACAAGCT-1
GRCh38,AATGGTCGTACGAAAG-1
GRCh38,AATGGTCGTAGAGATG-1
GRCh38,AATGGTCGTAGCTGAT-1
GRCh38,AATGGTCGTATAATCG-1
GRCh38,AATGGTCGTATCAGCG-1
GRCh38,AATGGTCGTCAGTCTC-1
GRCh38,AATGGTCGTGCGCTCC-1
GRCh38,AATGGTCGTGGCTTCT-1
GRCh38,AATGGTTTCAAGTCCA-1
GRCh38,AATGGTTTCAATGGTT-1
GRCh38,AATGGTTTCACGCCTC-1
GRCh38,AATGGTTTCAGAGAAC-1
GRCh38,AATGGTTTCAGGCTTA-1
GRCh38,AATGGTTTCATCATCC-1
GRCh38,AATGGTTTCCGCTTGC-1
GRCh38,AATGGTTTCCTAAAGT-1
GRCh38,AATGGTTTCCTATGTC-1
GRCh38,AATGGTTTCCTGCATT-1
GRCh38,AATGGTTTCGTTGCCC-1
GRCh38,AATGGTTTCGTTGGGT-1
GRCh38,AATGTACTCAACGTTG-1
GRCh38,AATGTACTCAAGCAAA-1
GRCh38,AATGTACTCAAGCTTG-1
GRCh38,AATGTACTCAATATCA-1
GRCh38,AATGTACTCAGCCCCT-1
GRCh38,AATGTACTCATGGCCG-1
GRCh38,AATGTACTCCGGCAAT-1
GRCh38,AATGTACTCCTTCAAC-1
GRCh38,AATGTACTCGCGGTTG-1
GRCh38,AATGTACTCGTCATTC-1
GRCh38,AATGTACTCGTGGGTT-1
GRCh38,AATGTAGAGAACGGGC-1
GRCh38,AATGTAGAGATGCCAC-1
GRCh38,AATGTAGAGCACGAAG-1
GRCh38,AATGTAGAGCACTTAG-1
GRCh38,AATGTAGAGCCTTGCC-1
GRCh38,AATGTAGAGCTAGTCA-1
GRCh38,AATGTAGAGGCACCCA-1
GRCh38,AATGTAGAGGCATAGG-1
GRCh38,AATGTAGAGGCGTAGA-1
GRCh38,AATGTAGAGGTCCATA-1
GRCh38,AATGTAGAGGTCGGTT-1
GRCh38,AATGTAGAGGTGGGTA-1
GRCh38,AATGTAGAGGTGTCCG-1
GRCh38,AATGTCAGTACTCCCG-1
GRCh38,AATGTCAGTCAGTATA-1
GRCh38,AATGTCAGTCTATTCG-1
GRCh38,AATGTCAGTGGTAAAG-1
GRCh38,AATGTCAGTGTTCGCT-1
GRCh38,AATGTCAGTGTTCTAT-1
GRCh38,AATGTGCGTAAGGGTA-1
GRCh38,AATGTGCGTAGTATTG-1
GRCh38,AATGTGCGTCAATTTC-1
GRCh38,AATGTGCGTCCAGCCC-1
GRCh38,AATGTGCGTCTTGTGC-1
GRCh38,AATGTGCGTGGGCAAG-1
GRCh38,AATGTGCGTGTGTATA-1
GRCh38,AATGTGCGTGTTCATT-1
GRCh38,AATGTGTTCAAATCTA-1
GRCh38,AATGTGTTCACTAATA-1
GRCh38,AATGTGTTCCACTTAC-1
GRCh38,AATGTGTTCCCTTCCT-1
GRCh38,AATGTGTTCCTGTTAC-1
GRCh38,AATGTGTTCGCCAATA-1
GRCh38,AATGTGTTCGCGTATA-1
GRCh38,AATGTTATCACGTCCC-1
GRCh38,AATGTTATCAGGGGTA-1
GRCh38,AATGTTATCCAACATG-1
GRCh38,AATGTTATCCGAACAC-1
GRCh38,AATGTTATCCGAATGC-1
GRCh38,AATGTTATCCGAGTGT-1
GRCh38,AATGTTATCCGCTTCA-1
GRCh38,AATGTTATCCTAAAGT-1
GRCh38,AATGTTATCGGCGCTA-1
GRCh38,AATGTTATCGGGCCTA-1
GRCh38,AATGTTATCGGGTCCA-1
GRCh38,AATGTTCAGACGACAG-1
GRCh38,AATGTTCAGAGCGTGA-1
GRCh38,AATGTTCAGCAAGTAA-1
GRCh38,AATGTTCAGCACCCAG-1
GRCh38,AATGTTCAGCATGCGT-1
GRCh38,AATGTTCAGCCTGCAG-1
GRCh38,AATGTTCAGCGATGAG-1
GRCh38,AATGTTCAGCGTTTGA-1
GRCh38,AATGTTCAGCTAGTGC-1
GRCh38,AATGTTCAGGCATACC-1
GRCh38,AATGTTCAGGGAATGT-1
GRCh38,AATGTTCAGGGGTTAG-1
GRCh38,AATGTTCAGGTGATTT-1
GRCh38,AATGTTGGTACCACCT-1
GRCh38,AATGTTGGTACTGCAG-1
GRCh38,AATGTTGGTATCCTGC-1
GRCh38,AATGTTGGTCCCTAGT-1
GRCh38,AATGTTGGTCGCGGAT-1
GRCh38,AATGTTGGTCGGGTAC-1
GRCh38,AATGTTGGTGCACTAG-1
GRCh38,AATTAAGCAACACTTA-1
GRCh38,AATTAAGCAACATTAT-1
GRCh38,AATTAAGCAACGCGTC-1
GRCh38,AATTAAGCAAGCAAGC-1
GRCh38,AATTAAGCAATGCGGG-1
GRCh38,AATTAAGCACGATAGA-1
GRCh38,AATTAAGCACGGTGTC-1
GRCh38,AATTAAGCACGTTAGT-1
GRCh38,AATTAAGCACTACATA-1
GRCh38,AATTAAGCAGCGGACA-1
GRCh38,AATTAAGCAGGCTTCA-1
GRCh38,AATTAAGCAGGGTCAG-1
GRCh38,AATTACCAGAATGCGG-1
GRCh38,AATTACCAGACAGGAT-1
GRCh38,AATTACCAGACGCGTT-1
GRCh38,AATTACCAGAGCGGAC-1
GRCh38,AATTACCAGAGGTGAT-1
GRCh38,AATTACCAGCCGATTA-1
GRCh38,AATTACCAGCGCCTAG-1
GRCh38,AATTACCAGCGTACCG-1
GRCh38,AATTACCAGCTTGGCG-1
GRCh38,AATTACCAGGGAATCG-1
GRCh38,AATTACCAGGGAGGTC-1
GRCh38,AATTACTCAAAACTAA-1
GRCh38,AATTACTCAACCTAAC-1
GRCh38,AATTACTCAACGTGCC-1
GRCh38,AATTACTCAATTAACT-1
GRCh38,AATTACTCAATTGCTA-1
GRCh38,AATTACTCACCTAGCA-1
GRCh38,AATTACTCACGCACTA-1
GRCh38,AATTACTCACGGTCGT-1
GRCh38,AATTACTCACTAGCAT-1
GRCh38,AATTACTCAGGAATAT-1
GRCh38,AATTACTCAGGGTGCA-1
GRCh38,AATTACTCAGTCACGC-1
GRCh38,AATTATGTCACAATTA-1
GRCh38,AATTATGTCACTTGCT-1
GRCh38,AATTATGTCAGACAGG-1
GRCh38,AATTATGTCCAACTTC-1
GRCh38,AATTATGTCCTCGCTA-1
GRCh38,AATTCAGGTACATCTT-1
GRCh38,AATTCAGGTACGGGCT-1
GRCh38,AATTCAGGTACGTTCC-1
GRCh38,AATTCAGGTAGCGTAT-1
GRCh38,AATTCAGGTATCGCAG-1
GRCh38,AATTCAGGTATCTCGC-1
GRCh38,AATTCAGGTATGATGC-1
GRCh38,AATTCAGGTGGACTAT-1
GRCh38,AATTCAGGTGGTAGCC-1
GRCh38,AATTCAGGTGTTGTCC-1
GRCh38,AATTCCACAAGAGATT-1
GRCh38,AATTCCACAAGGTTCT-1
GRCh38,AATTCCACAATCAGAG-1
GRCh38,AATTCCACAATCGGCC-1
GRCh38,AATTCCACACCTGTAG-1
GRCh38,AATTCCACACGCGAAG-1
GRCh38,AATTCCACACGGTATT-1
GRCh38,AATTCCACACTAACGT-1
GRCh38,AATTCCACACTTATAG-1
GRCh38,AATTCCACACTTGACG-1
GRCh38,AATTCCACAGCCAATT-1
GRCh38,AATTCCACAGGCATAA-1
GRCh38,AATTCCCTCAAACCTG-1
GRCh38,AATTCCCTCACCACTT-1
GRCh38,AATTCCCTCAGGCACT-1
GRCh38,AATTCCCTCATACAAC-1
GRCh38,AATTCCCTCCAATACG-1
GRCh38,AATTCCCTCCAATCAG-1
GRCh38,AATTCCCTCCACGAGT-1
GRCh38,AATTCCCTCCCCAACC-1
GRCh38,AATTCCCTCCCTTCTC-1
GRCh38,AATTCCCTCCGGTGCA-1
GRCh38,AATTCCCTCGCACAAC-1
GRCh38,AATTCCCTCGCCCCAT-1
GRCh38,AATTCCCTCGCCTACC-1
GRCh38,AATTCCCTCGGACGTT-1
GRCh38,AATTCCCTCGGCTTAA-1
GRCh38,AATTCCCTCGTCGAGT-1
GRCh38,AATTCCGAGAGAGGTT-1
GRCh38,AATTCCGAGAGTATTC-1
GRCh38,AATTCCGAGATGCCCG-1
GRCh38,AATTCCGAGATTCAAC-1
GRCh38,AATTCCGAGCAAACGG-1
GRCh38,AATTCCGAGCATTTCC-1
GRCh38,AATTCCGAGCTTAAGT-1
GRCh38,AATTCCTGTACTCGCT-1
GRCh38,AATTCCTGTATCCGCT-1
GRCh38,AATTCCTGTATGGGTT-1
GRCh38,AATTCCTGTCACGAAT-1
GRCh38,AATTCCTGTCAGTTGG-1
GRCh38,AATTCCTGTCATTTCG-1
GRCh38,AATTCCTGTCCTAGTC-1
GRCh38,AATTCCTGTCGCATCT-1
GRCh38,AATTCCTGTCGCTTTA-1
GRCh38,AATTCCTGTCTGCATC-1
GRCh38,AATTCCTGTCTTCAAT-1
GRCh38,AATTCCTGTGTACGTG-1
GRCh38,AATTCCTGTGTCCTTA-1
GRCh38,AATTCGCCAACGCGCT-1
GRCh38,AATTCGCCAAGGCGCA-1
GRCh38,AATTCGCCACAATAGG-1
GRCh38,AATTCGCCACAGTCGC-1
GRCh38,AATTCGCCACATCAGT-1
GRCh38,AATTCGCCACCGTACA-1
GRCh38,AATTCGCCACCTCTAC-1
GRCh38,AATTCGCCACGCAATT-1
GRCh38,AATTCGCCAGCGACGA-1
GRCh38,AATTCGCCAGCGTAGG-1
GRCh38,AATTCGCCAGTCAAGA-1
GRCh38,AATTCGCCAGTCAATC-1
GRCh38,AATTCGGTCAATTCCC-1
GRCh38,AATTCGGTCAATTCGG-1
GRCh38,AATTCGGTCACTCGTT-1
GRCh38,AATTCGGTCATTGTCC-1
GRCh38,AATTCGGTCCAAATGT-1
GRCh38,AATTCGGTCCACATCT-1
GRCh38,AATTCGGTCCCCTAGC-1
GRCh38,AATTCGGTCCCTTAGT-1
GRCh38,AATTCGGTCCGTCGTC-1
GRCh38,AATTCGGTCGGACACT-1
GRCh38,AATTCGGTCGGGCAAA-1
GRCh38,AATTCGGTCGTGCAAC-1
GRCh38,AATTCGGTCGTTAGGC-1
GRCh38,AATTCGTAGAAAGTGC-1
GRCh38,AATTCGTAGAATATCC-1
GRCh38,AATTCGTAGACCCCAG-1
GRCh38,AATTCGTAGAGTTGGG-1
GRCh38,AATTCGTAGATAACAG-1
GRCh38,AATTCGTAGCGGCCTA-1
GRCh38,AATTCGTAGGGACAAT-1
GRCh38,AATTGAACAATCCTAA-1
GRCh38,AATTGAACAATCTCTT-1
GRCh38,AATTGAACAATGACCT-1
GRCh38,AATTGAACAATGGGCG-1
GRCh38,AATTGAACACCACAAT-1
GRCh38,AATTGAACACCACAGC-1
GRCh38,AATTGAACAGCCTTAG-1
GRCh38,AATTGAACAGGGCTCT-1
GRCh38,AATTGAGAGACTTAAC-1
GRCh38,AATTGAGAGATTCAAC-1
GRCh38,AATTGAGAGCCCACGA-1
GRCh38,AATTGAGAGCGAACGA-1
GRCh38,AATTGAGAGCGCGTAT-1
GRCh38,AATTGAGAGCTATGGC-1
GRCh38,AATTGAGAGCTTGTCT-1
GRCh38,AATTGAGAGGTATAGA-1
GRCh38,AATTGCCCAAAATCAA-1
GRCh38,AATTGCCCAAAGGAGG-1
GRCh38,AATTGCCCAACGCACC-1
GRCh38,AATTGCCCAACTTCAA-1
GRCh38,AATTGCCCAAGACGAC-1
GRCh38,AATTGCCCAAGCTGAA-1
GRCh38,AATTGCCCACCAGGGA-1
GRCh38,AATTGCCCACCGACAC-1
GRCh38,AATTGCCCAGCAGGAT-1
GRCh38,AATTGCCCAGCTACAT-1
GRCh38,AATTGCCCAGCTAGAA-1
GRCh38,AATTGCCCAGGTATTC-1
GRCh38,AATTGCCCAGTTACTA-1
GRCh38,AATTGGCGTAAACGCT-1
GRCh38,AATTGGCGTAACGAGA-1
GRCh38,AATTGGCGTACATCTT-1
GRCh38,AATTGGCGTACATTCT-1
GRCh38,AATTGGCGTCACGCCC-1
GRCh38,AATTGGCGTCCAACGA-1
GRCh38,AATTGGCGTCCGGTAA-1
GRCh38,AATTGGCGTCGATTGG-1
GRCh38,AATTGGCGTCGGCTCC-1
GRCh38,AATTGGCGTCTGACTC-1
GRCh38,AATTGGCGTGCCTCTG-1
GRCh38,AATTGGCGTGTCGTCT-1
GRCh38,AATTGGGCAAGTCGAA-1
GRCh38,AATTGGGCACAGTTCG-1
GRCh38,AATTGGGCACGCGACT-1
GRCh38,AATTGGGCACGGAAAC-1
GRCh38,AATTGGGCACTGTACG-1
GRCh38,AATTGGGCAGCATGGG-1
GRCh38,AATTGGGCAGGACCTC-1
GRCh38,AATTGGGCAGTATGTC-1
GRCh38,AATTGGTTCACAACCA-1
GRCh38,AATTGGTTCACCCCTA-1
GRCh38,AATTGGTTCAGGCCCA-1
GRCh38,AATTGGTTCATCAGCA-1
GRCh38,AATTGGTTCATTAATG-1
GRCh38,AATTGGTTCCAACCTT-1
GRCh38,AATTGGTTCGCACAAC-1
GRCh38,AATTGGTTCGGCGAAA-1
GRCh38,AATTGGTTCGGGTTCG-1
GRCh38,AATTGGTTCGTACAAT-1
GRCh38,AATTGTATCACAATAC-1
GRCh38,AATTGTATCACCCTGC-1
GRCh38,AATTGTATCACTCATC-1
GRCh38,AATTGTATCAGTCCGG-1
GRCh38,AATTGTATCATGCCTT-1
GRCh38,AATTGTATCCGTTTAC-1
GRCh38,AATTGTATCCTACATC-1
GRCh38,AATTGTATCCTATACC-1
GRCh38,AATTGTATCGTCATTC-1
GRCh38,AATTGTATCGTGCATA-1
GRCh38,AATTGTATCGTTACCT-1
GRCh38,AATTGTCAGAACGATA-1
GRCh38,AATTGTCAGACAGGAT-1
GRCh38,AATTGTCAGACGGGGT-1
GRCh38,AATTGTCAGAGCCTGT-1
GRCh38,AATTGTCAGAGGACCA-1
GRCh38,AATTGTCAGGCATACC-1
GRCh38,AATTGTCAGGGAGAGG-1
GRCh38,AATTGTCAGGTATTGT-1
GRCh38,AATTGTGGTAAAGCGA-1
GRCh38,AATTGTGGTAACTAGC-1
GRCh38,AATTGTGGTATCGCAG-1
GRCh38,AATTGTGGTCAGGCCG-1
GRCh38,AATTGTGGTCCCTGTG-1
GRCh38,AATTGTGGTCTGCATC-1
GRCh38,AATTGTGGTCTGTTAT-1
GRCh38,AATTGTGGTGGCAATT-1
GRCh38,AATTGTGGTGGCATAT-1
GRCh38,AATTTCCGTACGCGCG-1
GRCh38,AATTTCCGTAGGGGAT-1
GRCh38,AATTTCCGTATCCTAT-1
GRCh38,AATTTCCGTATGCCAG-1
GRCh38,AATTTCCGTATGCGGC-1
GRCh38,AATTTCCGTCACGCCC-1
GRCh38,AATTTCCGTCAGCAAT-1
GRCh38,AATTTCCGTCATTAAG-1
GRCh38,AATTTCCGTCCAACTC-1
GRCh38,AATTTCCGTGGGTTGC-1
GRCh38,AATTTCGCAAAGGACC-1
GRCh38,AATTTCGCAAAGGCAC-1
GRCh38,AATTTCGCAAATTAAG-1
GRCh38,AATTTCGCAACGTTAC-1
GRCh38,AATTTCGCAAGAATTA-1
GRCh38,AATTTCGCAAGAGGGA-1
GRCh38,AATTTCGCACAAGGCG-1
GRCh38,AATTTCGCACCTACGA-1
GRCh38,AATTTCGCACGTAATC-1
GRCh38,AATTTCGCAGGTAAAT-1
GRCh38,AATTTGCAGAACAGAC-1
GRCh38,AATTTGCAGAATACAG-1
GRCh38,AATTTGCAGATAGGGT-1
GRCh38,AATTTGCAGATTCAAC-1
GRCh38,AATTTGCAGCCCTAGG-1
GRCh38,AATTTGCAGGCACGTT-1
GRCh38,AATTTGCAGGGCTTCG-1
GRCh38,AATTTGGGTACGTCAG-1
GRCh38,AATTTGGGTACTTGCC-1
GRCh38,AATTTGGGTCAGTATA-1
GRCh38,AATTTGGGTCCGAATG-1
GRCh38,AATTTGGGTCCTTGCG-1
GRCh38,AATTTGGGTCGATTCC-1
GRCh38,AATTTGGGTCGCGGAT-1
GRCh38,AATTTGGGTCTTAGCC-1
GRCh38,AATTTGGGTCTTATAC-1
GRCh38,AATTTGGGTGTGTTAA-1
GRCh38,ACAACAGCAAATTTCG-1
GRCh38,ACAACAGCAACAGAGC-1
GRCh38,ACAACAGCAAGCTGGG-1
GRCh38,ACAACAGCACTCGTTC-1
GRCh38,ACAACAGCACTGACCA-1
GRCh38,ACAACAGCAGCTAGCC-1
GRCh38,ACAACAGCAGGACAAC-1
GRCh38,ACAACAGCAGTTGAGA-1
GRCh38,ACAACATTCAACTATA-1
GRCh38,ACAACATTCAAGCTTG-1
GRCh38,ACAACATTCACTGCAA-1
GRCh38,ACAACATTCATCGCCC-1
GRCh38,ACAACATTCATTCGCT-1
GRCh38,ACAACATTCATTGTGG-1
GRCh38,ACAACATTCCAGGTTA-1
GRCh38,ACAACATTCCGTTTAC-1
GRCh38,ACAACATTCCTTAACC-1
GRCh38,ACAACATTCGCAGTGT-1
GRCh38,ACAACATTCGGTTGTA-1
GRCh38,ACAACCATCACCCATT-1
GRCh38,ACAACCATCACGGCCA-1
GRCh38,ACAACCATCACTCACT-1
GRCh38,ACAACCATCAGAAGTA-1
GRCh38,ACAACCATCCATACCT-1
GRCh38,ACAACCATCCTCCTCT-1
GRCh38,ACAACCATCGCTCTCA-1
GRCh38,ACAACCATCGGTGTTA-1
GRCh38,ACAACCCAGAACTCAT-1
GRCh38,ACAACCCAGACGTCCG-1
GRCh38,ACAACCCAGAGTATTC-1
GRCh38,ACAACCCAGGTATACT-1
GRCh38,ACAACCCAGGTCCAAC-1
GRCh38,ACAACCCAGGTTGGAG-1
GRCh38,ACAACCTCAAACTACC-1
GRCh38,ACAACCTCAAGTAACG-1
GRCh38,ACAACCTCAAGTACGA-1
GRCh38,ACAACCTCACCAGATT-1
GRCh38,ACAACCTCACCCAAGC-1
GRCh38,ACAACCTCACCGGTTA-1
GRCh38,ACAACGCTCAGGCTCG-1
GRCh38,ACAACGCTCCCTAAAG-1
GRCh38,ACAACGCTCCTAATCC-1
GRCh38,ACAACGGAGAATGATG-1
GRCh38,ACAACGGAGACAAGAC-1
GRCh38,ACAACGGAGACCAGGA-1
GRCh38,ACAACGGAGACTGATT-1
GRCh38,ACAACGGAGATGAGGT-1
GRCh38,ACAACGGAGCAAACTT-1
GRCh38,ACAACGGAGCGATTCA-1
GRCh38,ACAACGGAGCTCACCC-1
GRCh38,ACAACGGAGCTCTAGA-1
GRCh38,ACAACGGAGGCTACCG-1
GRCh38,ACAACGGAGGCTAGAG-1
GRCh38,ACAACGGAGGGGAGCT-1
GRCh38,ACAACGGAGGTTCATG-1
GRCh38,ACAACGTGTAACCGTG-1
GRCh38,ACAACGTGTAACGCAT-1
GRCh38,ACAACGTGTAAGCCAT-1
GRCh38,ACAACGTGTAAGTCCG-1
GRCh38,ACAACGTGTAATCCGG-1
GRCh38,ACAACGTGTACCTTTG-1
GRCh38,ACAACGTGTACGGGTC-1
GRCh38,ACAACGTGTACTATAG-1
GRCh38,ACAACGTGTAGGATAG-1
GRCh38,ACAACGTGTCTTATAC-1
GRCh38,ACAACGTGTGTGTGCA-1
GRCh38,ACAACTGTCAATACGT-1
GRCh38,ACAACTGTCAATGTGT-1
GRCh38,ACAACTGTCACATTAA-1
GRCh38,ACAACTGTCAGGTGTC-1
GRCh38,ACAACTGTCATCATCC-1
GRCh38,ACAACTGTCATCGCTT-1
GRCh38,ACAACTGTCATGGTGC-1
GRCh38,ACAACTGTCATTGTCC-1
GRCh38,ACAACTGTCCAAATTA-1
GRCh38,ACAACTGTCCAGTCAA-1
GRCh38,ACAACTGTCCCTGGCT-1
GRCh38,ACAACTGTCCGGGTAT-1
GRCh38,ACAACTGTCCGTACAA-1
GRCh38,ACAACTGTCCTAAAGT-1
GRCh38,ACAACTGTCCTAGCAA-1
GRCh38,ACAACTGTCCTGGTAA-1
GRCh38,ACAACTGTCGGCGTTG-1
GRCh38,ACAACTGTCGGTTAAT-1
GRCh38,ACAAGACAGAAGGCAT-1
GRCh38,ACAAGACAGACAACGG-1
GRCh38,ACAAGACAGACCTTTC-1
GRCh38,ACAAGACAGAGAAGGA-1
GRCh38,ACAAGACAGATGTAGA-1
GRCh38,ACAAGACAGCAACATT-1
GRCh38,ACAAGACAGCATCTAG-1
GRCh38,ACAAGACAGCTACTTC-1
GRCh38,ACAAGACAGGCGTGTT-1
GRCh38,ACAAGACAGGGAAACT-1
GRCh38,ACAAGACAGGGTATCC-1
GRCh38,ACAAGAGGTAATCCCC-1
GRCh38,ACAAGAGGTAATCTCT-1
GRCh38,ACAAGAGGTAATTCCT-1
GRCh38,ACAAGAGGTACGGTCA-1
GRCh38,ACAAGAGGTAGGGTAA-1
GRCh38,ACAAGAGGTAGGTATC-1
GRCh38,ACAAGAGGTAGTTATG-1
GRCh38,ACAAGAGGTATTGCTT-1
GRCh38,ACAAGAGGTCAGGCCG-1
GRCh38,ACAAGAGGTCAGGCGT-1
GRCh38,ACAAGAGGTCATGGGC-1
GRCh38,ACAAGAGGTGGTCCCC-1
GRCh38,ACAAGAGGTGTCGCGG-1
GRCh38,ACAAGATCAAAAGCAT-1
GRCh38,ACAAGATCAAAATTTC-1
GRCh38,ACAAGATCAACGATAG-1
GRCh38,ACAAGATCAACTATAT-1
GRCh38,ACAAGATCAACTGGGG-1
GRCh38,ACAAGATCAAGCAAAT-1
GRCh38,ACAAGATCAAGCGAGT-1
GRCh38,ACAAGATCAAGGATAT-1
GRCh38,ACAAGATCAATCACGT-1
GRCh38,ACAAGATCACACCGTA-1
GRCh38,ACAAGATCACCCTTAC-1
GRCh38,ACAAGATCACTATTCT-1
GRCh38,ACAAGCCTCAACGTTG-1
GRCh38,ACAAGCCTCAGCCGCA-1
GRCh38,ACAAGCCTCAGCGTAC-1
GRCh38,ACAAGCCTCATACCTC-1
GRCh38,ACAAGCCTCATGTCCT-1
GRCh38,ACAAGCCTCCGAGTGT-1
GRCh38,ACAAGCCTCCTAAAGT-1
GRCh38,ACAAGCCTCCTAGCTT-1
GRCh38,ACAAGCCTCCTCCAAT-1
GRCh38,ACAAGCCTCGCCCCAT-1
GRCh38,ACAAGCCTCGCCTGCT-1
GRCh38,ACAAGCCTCGGCGTAT-1
GRCh38,ACAAGCCTCGGCGTCA-1
GRCh38,ACAAGCCTCGTGCAAC-1
GRCh38,ACAAGCCTCGTGCATA-1
GRCh38,ACAAGCCTCGTTCATC-1
GRCh38,ACAAGCGAGAATCAAG-1
GRCh38,ACAAGCGAGACGTCCG-1
GRCh38,ACAAGCGAGATGGTGG-1
GRCh38,ACAAGCGAGCACCCAG-1
GRCh38,ACAAGCGAGCATGCAC-1
GRCh38,ACAAGCGAGCCATCGG-1
GRCh38,ACAAGCGAGCCGCGTA-1
GRCh38,ACAAGCGAGCCTGGCA-1
GRCh38,ACAAGCGAGCGCTTGG-1
GRCh38,ACAAGCGAGCTAGCCG-1
GRCh38,ACAAGCTGTAAAGTGG-1
GRCh38,ACAAGCTGTAATCCCC-1
GRCh38,ACAAGCTGTATCACCC-1
GRCh38,ACAAGCTGTCAAGTTA-1
GRCh38,ACAAGCTGTCAATGCG-1
GRCh38,ACAAGCTGTCACACCT-1
GRCh38,ACAAGCTGTCACTCCG-1
GRCh38,ACAAGCTGTCGCATAG-1
GRCh38,ACAAGCTGTCTAGCTC-1
GRCh38,ACAAGCTGTCTGACTC-1
GRCh38,ACAAGCTGTGCTGCCC-1
GRCh38,ACAAGCTGTGTATCTT-1
GRCh38,ACAAGCTGTGTGTGCA-1
GRCh38,ACAAGGAGTAACGCAT-1
GRCh38,ACAAGGAGTAACTAGC-1
GRCh38,ACAAGGAGTAAGGGAC-1
GRCh38,ACAAGGAGTATCATGA-1
GRCh38,ACAAGGAGTATCTGGG-1
GRCh38,ACAAGGAGTATTATGG-1
GRCh38,ACAAGGAGTCCAGCTT-1
GRCh38,ACAAGGAGTCCTACGT-1
GRCh38,ACAAGGAGTGTGCCGG-1
GRCh38,ACAAGTAAGACCCGTG-1
GRCh38,ACAAGTAAGAGGTAAC-1
GRCh38,ACAAGTAAGCATACAT-1
GRCh38,ACAAGTAAGCCTGGCA-1
GRCh38,ACAAGTAAGCGTAGCT-1
GRCh38,ACAAGTAAGGGAATGT-1
GRCh38,ACAAGTCGTAACCGCA-1
GRCh38,ACAAGTCGTAGCTGAT-1
GRCh38,ACAAGTCGTAGGACCC-1
GRCh38,ACAAGTCGTAGTCAGT-1
GRCh38,ACAAGTCGTCAGCCCC-1
GRCh38,ACAAGTCGTCAGTAGT-1
GRCh38,ACAAGTCGTCCTTAAT-1
GRCh38,ACAAGTCGTCGCATTC-1
GRCh38,ACAAGTCGTCGCCCGT-1
GRCh38,ACAAGTCGTCGGTTAG-1
GRCh38,ACAAGTCGTCGTACAG-1
GRCh38,ACAAGTCGTCGTATGG-1
GRCh38,ACAAGTCGTCTAGTGG-1
GRCh38,ACAAGTCGTGCTTGCT-1
GRCh38,ACAATACTCAAATCCG-1
GRCh38,ACAATACTCACTCACT-1
GRCh38,ACAATACTCACTCGTT-1
GRCh38,ACAATACTCAGCAATT-1
GRCh38,ACAATACTCAGCTATG-1
GRCh38,ACAATACTCATCTCTA-1
GRCh38,ACAATACTCCGAAACC-1
GRCh38,ACAATACTCCGTTCTG-1
GRCh38,ACAATACTCCTGTCGC-1
GRCh38,ACAATACTCCTTAGTC-1
GRCh38,ACAATAGAGAAAGCCG-1
GRCh38,ACAATAGAGAAAGTCA-1
GRCh38,ACAATAGAGAAGCTTT-1
GRCh38,ACAATAGAGATGAGTA-1
GRCh38,ACAATAGAGCCACTTT-1
GRCh38,ACAATAGAGCGTGTTA-1
GRCh38,ACAATAGAGCTTAGTG-1
GRCh38,ACAATAGAGCTTGATG-1
GRCh38,ACAATAGAGGCTTGTA-1
GRCh38,ACAATAGAGGGGTAGC-1
GRCh38,ACAATAGAGGTGAGTG-1
GRCh38,ACAATCCCAACAGACA-1
GRCh38,ACAATCCCAACTCGGC-1
GRCh38,ACAATCCCAAGAGACC-1
GRCh38,ACAATCCCAAGGGCAT-1
GRCh38,ACAATCCCACCAGATT-1
GRCh38,ACAATCCCACGCGAAG-1
GRCh38,ACAATCCCACTAAATT-1
GRCh38,ACAATCCCACTAACGT-1
GRCh38,ACAATCCCAGGCATTT-1
GRCh38,ACAATCCCAGTACGGG-1
GRCh38,ACAATCCCAGTCAAGA-1
GRCh38,ACAATCCCAGTGTTAC-1
GRCh38,ACAATCGTCAAGCTTG-1
GRCh38,ACAATCGTCAAGGGTG-1
GRCh38,ACAATCGTCACCCAAA-1
GRCh38,ACAATCGTCACTTGCT-1
GRCh38,ACAATCGTCAGCGTGT-1
GRCh38,ACAATCGTCAGCTTAG-1
GRCh38,ACAATCGTCCACCTCA-1
GRCh38,ACAATCGTCCATATCC-1
GRCh38,ACAATCGTCCCCATTG-1
GRCh38,ACAATCGTCCCGTCTA-1
GRCh38,ACAATCGTCCTCCAAT-1
GRCh38,ACAATCGTCGCCAATA-1
GRCh38,ACAATCGTCGGCGTAT-1
GRCh38,ACAATCGTCGGTCAAC-1
GRCh38,ACAATGAAGACATATC-1
GRCh38,ACAATGAAGATCGTTG-1
GRCh38,ACAATGAAGCTAGATT-1
GRCh38,ACAATGAAGCTTCGTT-1
GRCh38,ACAATGAAGGTGTCCG-1
GRCh38,ACAATGGCAAATTAAG-1
GRCh38,ACAATGGCAAGCGTCC-1
GRCh38,ACAATGGCACGCGCAT-1
GRCh38,ACAATGGCAGGAAAGG-1
GRCh38,ACAATGGCAGGTGATA-1
GRCh38,ACAATGGCAGTCTTCC-1
GRCh38,ACAATTATCACAATTA-1
GRCh38,ACAATTATCATATGTA-1
GRCh38,ACAATTATCATGCGGT-1
GRCh38,ACAATTATCCGGCCTT-1
GRCh38,ACAATTATCCTGTCAT-1
GRCh38,ACAATTATCGTAACCA-1
GRCh38,ACAATTCAGACAGCAG-1
GRCh38,ACAATTCAGAGGACGC-1
GRCh38,ACAATTCAGATACAAG-1
GRCh38,ACAATTCAGCCGTTAA-1
GRCh38,ACAATTGGTAACGAAG-1
GRCh38,ACAATTGGTAAGTAGG-1
GRCh38,ACAATTGGTAGCGGAG-1
GRCh38,ACAATTGGTATACTTC-1
GRCh38,ACAATTGGTATTACCT-1
GRCh38,ACAATTGGTCGCGTCC-1
GRCh38,ACAATTGGTCGCTTCG-1
GRCh38,ACAATTGGTGTAAAGG-1
GRCh38,ACAATTGGTGTATCGG-1
GRCh38,ACAATTTCAAAACGCA-1
GRCh38,ACAATTTCAAAACGGC-1
GRCh38,ACAATTTCAAACATTT-1
GRCh38,ACAATTTCAAGTTTCA-1
GRCh38,ACAATTTCACCACAGC-1
GRCh38,ACAATTTCAGGACTAA-1
GRCh38,ACAATTTCAGGATTTC-1
GRCh38,ACAATTTCAGTAAGAT-1
GRCh38,ACAATTTCAGTTAGTC-1
GRCh38,ACACAAGCAACGTTTA-1
GRCh38,ACACAAGCAATCAACC-1
GRCh38,ACACAAGCACAATCAC-1
GRCh38,ACACAAGCACCGACAC-1
GRCh38,ACACAAGCACCGTTAG-1
GRCh38,ACACAAGCACGTTCGA-1
GRCh38,ACACAAGCACTTCTCA-1
GRCh38,ACACAAGCAGCATTCG-1
GRCh38,ACACAAGCAGCCTTTC-1
GRCh38,ACACAAGCAGTGAGGT-1
GRCh38,ACACAATTCACTCTTA-1
GRCh38,ACACAATTCAGGGGTA-1
GRCh38,ACACAATTCATGCCTT-1
GRCh38,ACACAATTCCTTAGCT-1
GRCh38,ACACAATTCGCCCCAT-1
GRCh38,ACACAATTCGGGCTAT-1
GRCh38,ACACACATCAATATGC-1
GRCh38,ACACACATCAATCGCA-1
GRCh38,ACACACATCAATCGGC-1
GRCh38,ACACACATCCAGGGTT-1
GRCh38,ACACACATCCATTCTA-1
GRCh38,ACACACATCCCTAAAG-1
GRCh38,ACACACATCCGGGTCA-1
GRCh38,ACACACATCCGGTGCA-1
GRCh38,ACACACATCCTCTGGC-1
GRCh38,ACACACATCGCAGTGT-1
GRCh38,ACACACATCGGACTAC-1
GRCh38,ACACACATCGGCCCTT-1
GRCh38,ACACAGACAACACAGA-1
GRCh38,ACACAGACAACCAAGA-1
GRCh38,ACACAGACAACCTACG-1
GRCh38,ACACAGACAACGCGCT-1
GRCh38,ACACAGACAATCAGTC-1
GRCh38,ACACAGACACTATTCT-1
GRCh38,ACACAGACACTCTCCG-1
GRCh38,ACACAGACAGGTTCGC-1
GRCh38,ACACAGACAGGTTTCG-1
GRCh38,ACACAGACAGTGCAGG-1
GRCh38,ACACATGTCAACGCTA-1
GRCh38,ACACATGTCACTCATC-1
GRCh38,ACACATGTCAGTATTA-1
GRCh38,ACACATGTCATTGGGC-1
GRCh38,ACACATGTCCCAAAGC-1
GRCh38,ACACATGTCCCTGGCT-1
GRCh38,ACACATGTCCGAGTGT-1
GRCh38,ACACATGTCGCTTATC-1
GRCh38,ACACATGTCGGAGCTT-1
GRCh38,ACACATTAGATCGACC-1
GRCh38,ACACATTAGATCTTCC-1
GRCh38,ACACATTAGCAGCGAA-1
GRCh38,ACACATTAGCTAGTAT-1
GRCh38,ACACATTAGGTCCTTT-1
GRCh38,ACACATTAGGTCTAGC-1
GRCh38,ACACATTAGGTGCTGT-1
GRCh38,ACACCCACAAGGCCGA-1
GRCh38,ACACCCACACAACTTA-1
GRCh38,ACACCCACACCATTCC-1
GRCh38,ACACCCACACGCCTAA-1
GRCh38,ACACCCACACTATCCC-1
GRCh38,ACACCCACAGGATCAA-1
GRCh38,ACACCCACAGGGCTAG-1
GRCh38,ACACCCGAGAAAGCGT-1
GRCh38,ACACCCGAGAAATCAG-1
GRCh38,ACACCCGAGAAGCGTG-1
GRCh38,ACACCCGAGCCACTTT-1
GRCh38,ACACCCGAGCGGTTAC-1
GRCh38,ACACCCGAGCTTGATG-1
GRCh38,ACACCCTGTAGCCCTT-1
GRCh38,ACACCCTGTAGGGGAT-1
GRCh38,ACACCCTGTCCTATTG-1
GRCh38,ACACCCTGTCGCCATT-1
GRCh38,ACACCCTGTGCCACTT-1
GRCh38,ACACCGTAGCACCCGA-1
GRCh38,ACACCGTAGCACTACA-1
GRCh38,ACACCGTAGCCGCTAG-1
GRCh38,ACACCGTAGCGTCTAA-1
GRCh38,ACACCGTAGCTTGGCG-1
GRCh38,ACACCGTAGGTTATGT-1
GRCh38,ACACCGTAGGTTCGCG-1
GRCh38,ACACCTTTCAACGCTA-1
GRCh38,ACACCTTTCAATCGTG-1
GRCh38,ACACCTTTCACACGGT-1
GRCh38,ACACCTTTCATGCAGC-1
GRCh38,ACACCTTTCATGGTTG-1
GRCh38,ACACCTTTCCAAACCA-1
GRCh38,ACACCTTTCCAATACG-1
GRCh38,ACACCTTTCCACCATT-1
GRCh38,ACACCTTTCCAGTATG-1
GRCh38,ACACCTTTCCATAGGC-1
GRCh38,ACACCTTTCCCACTCA-1
GRCh38,ACACCTTTCCCGGCAA-1
GRCh38,ACACCTTTCCCTACCA-1
GRCh38,ACACCTTTCCGTACAA-1
GRCh38,ACACCTTTCGCGTCAG-1
GRCh38,ACACCTTTCGGTCAAC-1
GRCh38,ACACGAACAACACCCA-1
GRCh38,ACACGAACAACACTTA-1
GRCh38,ACACGAACAACCCATG-1
GRCh38,ACACGAACAATAGCGA-1
GRCh38,ACACGAACACATAGAG-1
GRCh38,ACACGAACACGAGTAA-1
GRCh38,ACACGAACACGTCAAT-1
GRCh38,ACACGAACAGCCCAAC-1
GRCh38,ACACGAACAGGTGCGA-1
GRCh38,ACACGCCCAAAGCCAA-1
GRCh38,ACACGCCCAAATCGAG-1
GRCh38,ACACGCCCAAGCGCCT-1
GRCh38,ACACGCCCACAAGTCT-1
GRCh38,ACACGCCCACAGTCCA-1
GRCh38,ACACGCCCACGATTAC-1
GRCh38,ACACGCCCAGCTATTA-1
GRCh38,ACACGCCCAGCTTCAG-1
GRCh38,ACACGGAAGAAATCAG-1
GRCh38,ACACGGAAGACAATGA-1
GRCh38,ACACGGAAGCGTAATT-1
GRCh38,ACACGGAAGGGGTAAT-1
GRCh38,ACACGGAAGGTCCGCA-1
GRCh38,ACACGGGCAACTTACA-1
GRCh38,ACACGGGCAAGGTTTC-1
GRCh38,ACACGGGCAATCGAGA-1
GRCh38,ACACGGGCACCACTGA-1
GRCh38,ACACGGGCACGGTGTC-1
GRCh38,ACACGGGCAGCTTCGA-1
GRCh38,ACACGGTTCAACTATA-1
GRCh38,ACACGGTTCAAGCAAA-1
GRCh38,ACACGGTTCCATAACG-1
GRCh38,ACACGGTTCCCGAAAC-1
GRCh38,ACACGGTTCCGGGAAA-1
GRCh38,ACACGGTTCCGTTACT-1
GRCh38,ACACGGTTCCTAATCC-1
GRCh38,ACACGGTTCCTGCATT-1
GRCh38,ACACGGTTCCTGTACT-1
GRCh38,ACACGGTTCGGAATGG-1
GRCh38,ACACGGTTCGTATTGG-1
GRCh38,ACACGTATCAAACTTA-1
GRCh38,ACACGTATCACAACGC-1
GRCh38,ACACGTATCACTATAA-1
GRCh38,ACACGTATCAGTCAGC-1
GRCh38,ACACGTATCATGAGTT-1
GRCh38,ACACGTATCCCTGCAC-1
GRCh38,ACACGTATCCGGTTAA-1
GRCh38,ACACGTATCCTCCAAT-1
GRCh38,ACACGTATCGCCATAA-1
GRCh38,ACACGTATCGTATTGG-1
GRCh38,ACACTACCAAGCGTAA-1
GRCh38,ACACTACCAAGCTTAC-1
GRCh38,ACACTACCACGCGAAG-1
GRCh38,ACACTACCACGGCAAG-1
GRCh38,ACACTACCACGTAAAG-1
GRCh38,ACACTACCAGGGTGCA-1
GRCh38,ACACTCCGTAACGCTG-1
GRCh38,ACACTCCGTAATTTCC-1
GRCh38,ACACTCCGTATATCCT-1
GRCh38,ACACTCCGTCCTTAAT-1
GRCh38,ACACTCCGTCTTGGTC-1
GRCh38,ACACTCCGTGGGAGAT-1
GRCh38,ACACTCGCAACGCGTC-1
GRCh38,ACACTCGCACTAGGGG-1
GRCh38,ACACTCGCAGTCTAAC-1
GRCh38,ACACTTACAAACGGTA-1
GRCh38,ACACTTACAACCACAT-1
GRCh38,ACACTTACAAGCGGCA-1
GRCh38,ACACTTACACACGTCA-1
GRCh38,ACACTTACACATTCAA-1
GRCh38,ACACTTACACTAACTA-1
GRCh38,ACACTTACAGCGTAGG-1
GRCh38,ACACTTACAGGTTGCC-1
GRCh38,ACACTTCTCAACTGCA-1
GRCh38,ACACTTCTCACGATAT-1
GRCh38,ACACTTCTCAGGGGTA-1
GRCh38,ACACTTCTCAGTCATG-1
GRCh38,ACACTTCTCATTAAGC-1
GRCh38,ACACTTCTCCAGCCCT-1
GRCh38,ACACTTCTCCTCCATG-1
GRCh38,ACACTTCTCCTCCGGT-1
GRCh38,ACACTTCTCCTCTGGC-1
GRCh38,ACACTTCTCGCCACTC-1
GRCh38,ACACTTCTCGCTTATC-1
GRCh38,ACACTTCTCGGAAGCA-1
GRCh38,ACACTTCTCGGCGTTG-1
GRCh38,ACACTTCTCGGCTTGG-1
GRCh38,ACAGAACAGACAATGA-1
GRCh38,ACAGAACAGACCACGT-1
GRCh38,ACAGAACAGACCCACG-1
GRCh38,ACAGAACAGACTTAAC-1
GRCh38,ACAGAACAGATTAACC-1
GRCh38,ACAGAACAGCATGCCG-1
GRCh38,ACAGAACAGCCATGCG-1
GRCh38,ACAGAACAGGCTTTGA-1
GRCh38,ACAGAACAGGGCGATA-1
GRCh38,ACAGAACAGGTTGCCG-1
GRCh38,ACAGAACAGGTTGTGC-1
GRCh38,ACAGAAGGTACGGTGC-1
GRCh38,ACAGAAGGTATTACAG-1
GRCh38,ACAGAAGGTGGTCTAG-1
GRCh38,ACAGAAGGTGTACGTG-1
GRCh38,ACAGAAGGTGTATCTT-1
GRCh38,ACAGAAGGTGTTGCGA-1
GRCh38,ACAGAATCAAAACCAG-1
GRCh38,ACAGAATCAACAATTT-1
GRCh38,ACAGAATCAACTAAGG-1
GRCh38,ACAGAATCAATAGGCA-1
GRCh38,ACAGAATCAGCATGAA-1
GRCh38,ACAGAATCAGTTGCCA-1
GRCh38,ACAGACACAAAATGAC-1
GRCh38,ACAGACACAAATCACC-1
GRCh38,ACAGACACAAGCAAGC-1
GRCh38,ACAGACACAAGTCATC-1
GRCh38,ACAGACACAATGGTAG-1
GRCh38,ACAGACACACAATCCG-1
GRCh38,ACAGACACACAGCACC-1
GRCh38,ACAGACACACTTAAGC-1
GRCh38,ACAGACACAGCGAAAC-1
GRCh38,ACAGACACAGGGATTA-1
GRCh38,ACAGACACAGTATACC-1
GRCh38,ACAGACACAGTGTTCG-1
GRCh38,ACAGACCTCACCAACA-1
GRCh38,ACAGACCTCACGAACC-1
GRCh38,ACAGACCTCACGCTCC-1
GRCh38,ACAGACCTCATAATCA-1
GRCh38,ACAGACCTCCCACAGG-1
GRCh38,ACAGACCTCCCTTCGA-1
GRCh38,ACAGACCTCCGCTCTA-1
GRCh38,ACAGACCTCCTATCCG-1
GRCh38,ACAGACCTCGGTAGCT-1
GRCh38,ACAGACCTCGTCAATG-1
GRCh38,ACAGACCTCGTGATAT-1
GRCh38,ACAGACGAGAAATGGC-1
GRCh38,ACAGACGAGAAGTGTA-1
GRCh38,ACAGACGAGAGGACGC-1
GRCh38,ACAGACGAGCAAAGTA-1
GRCh38,ACAGACGAGCACGTAC-1
GRCh38,ACAGACGAGCATCGAC-1
GRCh38,ACAGACGAGCTAAGGG-1
GRCh38,ACAGACGAGCTATAAC-1
GRCh38,ACAGACGAGCTCTGAA-1
GRCh38,ACAGACGAGGCATTCA-1
GRCh38,ACAGACGAGGCGCTCA-1
GRCh38,ACAGAGCCAAACGCGG-1
GRCh38,ACAGAGCCACCAAATC-1
GRCh38,ACAGAGCCAGCGAATA-1
GRCh38,ACAGAGCCAGTGTTCG-1
GRCh38,ACAGATTTCACGCTAA-1
GRCh38,ACAGATTTCACTGCCC-1
GRCh38,ACAGATTTCACTTCCG-1
GRCh38,ACAGATTTCCTAGGGT-1
GRCh38,ACAGATTTCCTGTCAT-1
GRCh38,ACAGATTTCGGACCTG-1
GRCh38,ACAGATTTCGGCTCTC-1
GRCh38,ACAGATTTCGTTCTAC-1
GRCh38,ACAGCACTCAATGTTA-1
GRCh38,ACAGCACTCACTATCC-1
GRCh38,ACAGCACTCAGACTGC-1
GRCh38,ACAGCACTCAGGAATA-1
GRCh38,ACAGCACTCATAGCGC-1
GRCh38,ACAGCACTCCAAGACC-1
GRCh38,ACAGCACTCCCAACCC-1
GRCh38,ACAGCACTCGCCACTC-1
GRCh38,ACAGCACTCGCCTCTA-1
GRCh38,ACAGCACTCGCCTTGC-1
GRCh38,ACAGCACTCGCTGGCA-1
GRCh38,ACAGCACTCGTAGTCA-1
GRCh38,ACAGCACTCGTGGGTT-1
GRCh38,ACAGCAGAGAAGCCAG-1
GRCh38,ACAGCAGAGAGAATCA-1
GRCh38,ACAGCAGAGAGCAAGT-1
GRCh38,ACAGCAGAGATGTATC-1
GRCh38,ACAGCAGAGCCATAGC-1
GRCh38,ACAGCAGAGCCATGGT-1
GRCh38,ACAGCAGAGCTAACAT-1
GRCh38,ACAGCAGAGCTCTAGA-1
GRCh38,ACAGCATGTAATGGAG-1
GRCh38,ACAGCATGTAGTATTG-1
GRCh38,ACAGCATGTATGGAGA-1
GRCh38,ACAGCATGTCAGCATG-1
GRCh38,ACAGCATGTCATCTAT-1
GRCh38,ACAGCATGTGGAGCCT-1
GRCh38,ACAGCCCCAACCACAT-1
GRCh38,ACAGCCCCAACCTAGT-1
GRCh38,ACAGCCCCAACTCGGC-1
GRCh38,ACAGCCCCAACTGAGA-1
GRCh38,ACAGCCCCAATCGACT-1
GRCh38,ACAGCCCCACCGACAC-1
GRCh38,ACAGCCCCACCTCTTA-1
GRCh38,ACAGCCCCACCTTCTA-1
GRCh38,ACAGCCCCACGAAGTA-1
GRCh38,ACAGCCCCACGATTTA-1
GRCh38,ACAGCCCCACTGCACA-1
GRCh38,ACAGCCCCAGCAGGAT-1
GRCh38,ACAGCCCCAGGCGGTA-1
GRCh38,ACAGCCTAGAAAGCCG-1
GRCh38,ACAGCCTAGAAGCTGG-1
GRCh38,ACAGCCTAGACGGGTA-1
GRCh38,ACAGCCTAGACGTGTC-1
GRCh38,ACAGCCTAGATGTGAA-1
GRCh38,ACAGCCTAGCACGAAG-1
GRCh38,ACAGCCTAGCTAGTGC-1
GRCh38,ACAGCCTAGGTAGCTC-1
GRCh38,ACAGCGAAGAAGTGTA-1
GRCh38,ACAGCGAAGAGGGTAT-1
GRCh38,ACAGCGAAGAGTGCGA-1
GRCh38,ACAGCGAAGCAAGATA-1
GRCh38,ACAGCGAAGCCGTAGT-1
GRCh38,ACAGCGAAGCGCTCGA-1
GRCh38,ACAGCGAAGCGTTAGC-1
GRCh38,ACAGCGAAGGGTATCC-1
GRCh38,ACAGCGAAGGGTTAGG-1
GRCh38,ACAGCGAAGGTTAATC-1
GRCh38,ACAGCGCGTACCCCAT-1
GRCh38,ACAGCGCGTACTATAG-1
GRCh38,ACAGCGCGTAGCTGAT-1
GRCh38,ACAGCGCGTAGGGGAT-1
GRCh38,ACAGCGCGTAGTAAGG-1
GRCh38,ACAGCGCGTATGAGGA-1
GRCh38,ACAGCGCGTCCAACAG-1
GRCh38,ACAGCGCGTCTAATCT-1
GRCh38,ACAGCGCGTGCATCAG-1
GRCh38,ACAGCGCGTGCGCTGG-1
GRCh38,ACAGCGCGTGCTTGCT-1
GRCh38,ACAGCGCGTGGCAAGG-1
GRCh38,ACAGCGCGTGGCTGTA-1
GRCh38,ACAGCGGCAAAGGCCG-1
GRCh38,ACAGCGGCAAATCTCA-1
GRCh38,ACAGCGGCAACCTATA-1
GRCh38,ACAGCGGCAAGGGGAA-1
GRCh38,ACAGCGGCAAGGGTTA-1
GRCh38,ACAGCGGCACAGTCAT-1
GRCh38,ACAGCGGCACGTTAGT-1
GRCh38,ACAGCGGCACTTAGCG-1
GRCh38,ACAGCGGCAGGAAAGG-1
GRCh38,ACAGCGGCAGTGCGGA-1
GRCh38,ACAGCGTTCACTATCC-1
GRCh38,ACAGCGTTCAGTAATC-1
GRCh38,ACAGCGTTCATGGCAC-1
GRCh38,ACAGCGTTCATGGCCG-1
GRCh38,ACAGCGTTCCAGCAGT-1
GRCh38,ACAGCGTTCCCACACC-1
GRCh38,ACAGCGTTCCTAGCCC-1
GRCh38,ACAGCGTTCCTTATCA-1
GRCh38,ACAGCGTTCGCAGTAC-1
GRCh38,ACAGCGTTCGGCTCCT-1
GRCh38,ACAGCGTTCGTATTAA-1
GRCh38,ACAGCGTTCGTGACGT-1
GRCh38,ACAGCTATCACACGTA-1
GRCh38,ACAGCTATCACTGTCT-1
GRCh38,ACAGCTATCCCACCGT-1
GRCh38,ACAGCTATCCGGCCTT-1
GRCh38,ACAGCTATCGCGTGTG-1
GRCh38,ACAGGACCAAACATAA-1
GRCh38,ACAGGACCAACGGCAG-1
GRCh38,ACAGGACCAAGGTTAG-1
GRCh38,ACAGGACCAATAAGTA-1
GRCh38,ACAGGACCAATTCATG-1
GRCh38,ACAGGACCACACACGC-1
GRCh38,ACAGGACCACCCAGTA-1
GRCh38,ACAGGACCACCCTCAT-1
GRCh38,ACAGGACCACCTCATC-1
GRCh38,ACAGGACCAGCAATAG-1
GRCh38,ACAGGATAGAAATGGC-1
GRCh38,ACAGGATAGACGAAGT-1
GRCh38,ACAGGATAGAGTTAAG-1
GRCh38,ACAGGATAGATACAAG-1
GRCh38,ACAGGATAGATCGGAG-1
GRCh38,ACAGGATAGCAAAGCG-1
GRCh38,ACAGGATAGCACATCA-1
GRCh38,ACAGGATAGCATCGCG-1
GRCh38,ACAGGATAGCCCAAGT-1
GRCh38,ACAGGATAGCCGTGAT-1
GRCh38,ACAGGATAGCGAATGG-1
GRCh38,ACAGGATAGCTTGATG-1
GRCh38,ACAGGATAGGCCATCG-1
GRCh38,ACAGGATAGGCGGTAA-1
GRCh38,ACAGGATAGGGGCTAA-1
GRCh38,ACAGGCCGTAGGCTTG-1
GRCh38,ACAGGCCGTCCAACTC-1
GRCh38,ACAGGCCGTCCATTTG-1
GRCh38,ACAGGCCGTGCATTGG-1
GRCh38,ACAGGCCGTGGAGCGA-1
GRCh38,ACAGGCCGTGGGTGAG-1
GRCh38,ACAGGCTTCAGAGAAC-1
GRCh38,ACAGGCTTCAGCGTAC-1
GRCh38,ACAGGCTTCAGGGGTA-1
GRCh38,ACAGGCTTCATGGCAC-1
GRCh38,ACAGGCTTCCACAACA-1
GRCh38,ACAGGCTTCCAGCGCA-1
GRCh38,ACAGGCTTCCCCATTG-1
GRCh38,ACAGGCTTCCCTCGGT-1
GRCh38,ACAGGCTTCCGATCGG-1
GRCh38,ACAGGCTTCGGCGCTA-1
GRCh38,ACAGGGTCAAAAGGCC-1
GRCh38,ACAGGGTCAACACGGG-1
GRCh38,ACAGGGTCACAGTCAT-1
GRCh38,ACAGGGTCAGGAACGT-1
GRCh38,ACAGGGTCAGGACCGA-1
GRCh38,ACAGGGTCAGTTGCGC-1
GRCh38,ACAGGGTCAGTTGGTT-1
GRCh38,ACAGGTCTCACATCAG-1
GRCh38,ACAGGTCTCACCCCGT-1
GRCh38,ACAGGTCTCCCATAAG-1
GRCh38,ACAGGTCTCCTCCGGT-1
GRCh38,ACAGGTCTCGGGTCCA-1
GRCh38,ACAGGTCTCGTGTACA-1
GRCh38,ACAGGTCTCGTTACCT-1
GRCh38,ACAGGTTGTATGCTGG-1
GRCh38,ACAGGTTGTCCTACGT-1
GRCh38,ACAGGTTGTCGCGGAT-1
GRCh38,ACAGGTTGTCTGTTGC-1
GRCh38,ACAGGTTGTGGCATGC-1
GRCh38,ACAGGTTGTGGGAGCA-1
GRCh38,ACAGGTTGTGTCATCC-1
GRCh38,ACAGTCTCAAACTCCG-1
GRCh38,ACAGTCTCAAAGTGCA-1
GRCh38,ACAGTCTCAAATTCGC-1
GRCh38,ACAGTCTCAAGTACGA-1
GRCh38,ACAGTCTCAAGTCCGC-1
GRCh38,ACAGTCTCAAGTGTCT-1
GRCh38,ACAGTCTCAATATTCG-1
GRCh38,ACAGTCTCACAAATGG-1
GRCh38,ACAGTCTCACAATCAC-1
GRCh38,ACAGTCTCACACATAC-1
GRCh38,ACAGTCTCACCAGTGC-1
GRCh38,ACAGTCTCACCTCAGA-1
GRCh38,ACAGTCTCACGCATCA-1
GRCh38,ACAGTCTCACGTATCG-1
GRCh38,ACAGTCTCACTAGAAG-1
GRCh38,ACAGTCTCAGCATGCC-1
GRCh38,ACAGTCTCAGCTTACG-1
GRCh38,ACAGTTAGTACCCTTA-1
GRCh38,ACAGTTAGTACGCTTC-1
GRCh38,ACAGTTAGTCAATTAG-1
GRCh38,ACAGTTAGTCACTAGG-1
GRCh38,ACAGTTAGTCCTAGTC-1
GRCh38,ACAGTTAGTCTAAGGT-1
GRCh38,ACAGTTAGTGCTTCGT-1
GRCh38,ACAGTTAGTGGAAGTA-1
GRCh38,ACAGTTAGTGGCTTAG-1
GRCh38,ACAGTTAGTGGTAGCC-1
GRCh38,ACAGTTAGTGTACCCT-1
GRCh38,ACAGTTAGTGTATGCG-1
GRCh38,ACAGTTGTCACACACA-1
GRCh38,ACAGTTGTCACTCGTT-1
GRCh38,ACAGTTGTCCACCTAT-1
GRCh38,ACAGTTGTCCCACTTG-1
GRCh38,ACAGTTGTCCCGCTGT-1
GRCh38,ACAGTTGTCCGAAGTC-1
GRCh38,ACAGTTGTCCGTATCT-1
GRCh38,ACAGTTGTCCTGCGTC-1
GRCh38,ACAGTTGTCCTGGTAA-1
GRCh38,ACAGTTGTCGCAGTAC-1
GRCh38,ACAGTTGTCGCATCAA-1
GRCh38,ACAGTTTAGAAGCTGG-1
GRCh38,ACAGTTTAGACAATTC-1
GRCh38,ACAGTTTAGAGGGGCT-1
GRCh38,ACAGTTTAGCATCAAT-1
GRCh38,ACAGTTTAGCATGTAT-1
GRCh38,ACAGTTTAGCCGTCGA-1
GRCh38,ACAGTTTAGCGGCTTG-1
GRCh38,ACAGTTTAGCTCGAAC-1
GRCh38,ACATAACTCACACCTT-1
GRCh38,ACATAACTCATAGCAT-1
GRCh38,ACATAACTCATAGTAC-1
GRCh38,ACATAACTCATCGGGT-1
GRCh38,ACATAACTCCAATAGT-1
GRCh38,ACATAACTCCACCCGT-1
GRCh38,ACATAACTCGCGCAAT-1
GRCh38,ACATAACTCGCTCATT-1
GRCh38,ACATAACTCGTTGCTT-1
GRCh38,ACATAAGAGACCCTAA-1
GRCh38,ACATAAGAGACTGCCG-1
GRCh38,ACATAAGAGAGCGATG-1
GRCh38,ACATAAGAGATTAAGG-1
GRCh38,ACATAAGAGCAAATGA-1
GRCh38,ACATAAGAGCAGTCTA-1
GRCh38,ACATAAGAGCATTTCC-1
GRCh38,ACATAAGAGGTGTCGT-1
GRCh38,ACATAAGAGGTTCTAG-1
GRCh38,ACATACCCAAAATCTT-1
GRCh38,ACATACCCAAAGCATG-1
GRCh38,ACATACCCAAGAGGTC-1
GRCh38,ACATACCCAATTAACT-1
GRCh38,ACATACCCACACAGCC-1
GRCh38,ACATACCCACATAGCT-1
GRCh38,ACATACCCACGCAATT-1
GRCh38,ACATACCCACGTCAAT-1
GRCh38,ACATACCCAGCTAAGA-1
GRCh38,ACATACCCAGGAGTCG-1
GRCh38,ACATACCCAGTGTTAC-1
GRCh38,ACATACGTCACAACCA-1
GRCh38,ACATACGTCACGAGCT-1
GRCh38,ACATACGTCACGCTCC-1
GRCh38,ACATACGTCAGGCCAT-1
GRCh38,ACATACGTCAGTCGCG-1
GRCh38,ACATACGTCCATCTGT-1
GRCh38,ACATACGTCCCTACGC-1
GRCh38,ACATACGTCCGGAATC-1
GRCh38,ACATACGTCCTATCAC-1
GRCh38,ACATACGTCGGGTTCG-1
GRCh38,ACATACGTCGGTCAGT-1
GRCh38,ACATACGTCGTCGTAA-1
GRCh38,ACATACGTCGTTAGGC-1
GRCh38,ACATAGAAGAAGTAGC-1
GRCh38,ACATAGAAGACACGGA-1
GRCh38,ACATAGAAGAGACGAT-1
GRCh38,ACATAGAAGATGCATT-1
GRCh38,ACATAGAAGATTACAC-1
GRCh38,ACATAGAAGCAGTAGG-1
GRCh38,ACATAGAAGCATAGCC-1
GRCh38,ACATAGAAGCATTTCC-1
GRCh38,ACATAGAAGCGTCTCC-1
GRCh38,ACATAGAAGCTAAGCC-1
GRCh38,ACATAGAAGGGACATG-1
GRCh38,ACATAGCGTAATCTCT-1
GRCh38,ACATAGCGTAGCCAGC-1
GRCh38,ACATAGCGTATAGTGC-1
GRCh38,ACATAGCGTCACACCT-1
GRCh38,ACATAGCGTCCGCATT-1
GRCh38,ACATAGCGTGCGCTGG-1
GRCh38,ACATAGCGTGCTAAGT-1
GRCh38,ACATAGCGTGGTTCAG-1
GRCh38,ACATAGCGTGTTCGTC-1
GRCh38,ACATAGGCAAAATCAA-1
GRCh38,ACATAGGCAAAGCGTA-1
GRCh38,ACATAGGCAATGCTTA-1
GRCh38,ACATAGGCAATTACGC-1
GRCh38,ACATAGGCACATTTAG-1
GRCh38,ACATAGGCACGCTTTC-1
GRCh38,ACATAGGCACGTAGCC-1
GRCh38,ACATAGGCAGGAGTTA-1
GRCh38,ACATAGGCAGGGAGAA-1
GRCh38,ACATATATCAGCCCTC-1
GRCh38,ACATATATCATAGTAC-1
GRCh38,ACATATATCATGGTAT-1
GRCh38,ACATATATCCCAGCTC-1
GRCh38,ACATATATCCGCATGG-1
GRCh38,ACATATATCGGGCTCA-1
GRCh38,ACATATATCGGTATGC-1
GRCh38,ACATATATCGTCAACA-1
GRCh38,ACATATATCGTGCAGT-1
GRCh38,ACATATCAGACGGAGC-1
GRCh38,ACATATCAGATTGCAT-1
GRCh38,ACATATCAGCAATTAC-1
GRCh38,ACATATCAGCACCTAA-1
GRCh38,ACATATCAGCCTAGAC-1
GRCh38,ACATATCAGCCTTTAC-1
GRCh38,ACATATCAGCGCTGAT-1
GRCh38,ACATATCAGCGGTGTT-1
GRCh38,ACATATCAGCTAGTTG-1
GRCh38,ACATATCAGCTGTAGC-1
GRCh38,ACATATCAGGCGTCAT-1
GRCh38,ACATATCAGGCGTGTT-1
GRCh38,ACATATCAGGCTTCGG-1
GRCh38,ACATATCAGGGACGTA-1
GRCh38,ACATATGGTATACAGC-1
GRCh38,ACATATGGTCAGTCAG-1
GRCh38,ACATATGGTCCTGATC-1
GRCh38,ACATATGGTCCTGCGC-1
GRCh38,ACATATGGTCGAGGCT-1
GRCh38,ACATATGGTCGATGGC-1
GRCh38,ACATATGGTGTCTATT-1
GRCh38,ACATATTCAACAACAG-1
GRCh38,ACATATTCAACAGAAT-1
GRCh38,ACATATTCAACAGTCT-1
GRCh38,ACATATTCAAGCTATC-1
GRCh38,ACATATTCAAGGAATT-1
GRCh38,ACATATTCAAGGAGGA-1
GRCh38,ACATATTCAATCAGGA-1
GRCh38,ACATATTCACAGTCCA-1
GRCh38,ACATATTCACCAGATT-1
GRCh38,ACATATTCACCCAACA-1
GRCh38,ACATATTCACGACACC-1
GRCh38,ACATATTCACGATTAC-1
GRCh38,ACATATTCAGTCAAGA-1
GRCh38,ACATCACCAAAGTTCC-1
GRCh38,ACATCACCAACAGCCC-1
GRCh38,ACATCACCAAGTGTCT-1
GRCh38,ACATCACCACCTCTAC-1
GRCh38,ACATCACCAGCACCTA-1
GRCh38,ACATCAGTCAGTGCTA-1
GRCh38,ACATCAGTCCGATGGT-1
GRCh38,ACATCAGTCGGATTGC-1
GRCh38,ACATCAGTCGGCGCTA-1
GRCh38,ACATCAGTCGTTATAA-1
GRCh38,ACATCATAGAAAGTGC-1
GRCh38,ACATCATAGATCTTCC-1
GRCh38,ACATCATAGCACGTAC-1
GRCh38,ACATCATAGCCACTTT-1
GRCh38,ACATCATAGCCGTTGG-1
GRCh38,ACATCATAGCCTCACC-1
GRCh38,ACATCATAGCGCTGAT-1
GRCh38,ACATCATAGCTAGTGC-1
GRCh38,ACATCATAGCTATCGA-1
GRCh38,ACATCATAGGTAATGA-1
GRCh38,ACATCATAGGTCGGTT-1
GRCh38,ACATCCAAGATGCATT-1
GRCh38,ACATCCAAGATTCACG-1
GRCh38,ACATCCAAGATTGAAG-1
GRCh38,ACATCCAAGCACTCCC-1
GRCh38,ACATCCAAGCTCGTGG-1
GRCh38,ACATCCAAGGCAGTGA-1
GRCh38,ACATCCAAGGGAGCTA-1
GRCh38,ACATCCAAGGGGATTG-1
GRCh38,ACATCCCGTACAGGCC-1
GRCh38,ACATCCCGTACATCCC-1
GRCh38,ACATCCCGTAGCGCGT-1
GRCh38,ACATCCCGTCCAGGGT-1
GRCh38,ACATCCCGTCTCGTCG-1
GRCh38,ACATCCGCAACAGAGC-1
GRCh38,ACATCCGCAAGGTTCT-1
GRCh38,ACATCCGCAAGTACTC-1
GRCh38,ACATCCGCAATCAAGG-1
GRCh38,ACATCCGCACAAGCCC-1
GRCh38,ACATCCGCACACCGTA-1
GRCh38,ACATCCGCACCAGTGC-1
GRCh38,ACATCCGCACGTACGC-1
GRCh38,ACATCCGCAGCGAATA-1
GRCh38,ACATCCGCAGGAGCCA-1
GRCh38,ACATCTCTCACCTCTG-1
GRCh38,ACATCTCTCACGCATA-1
GRCh38,ACATCTCTCACGGTTA-1
GRCh38,ACATCTCTCACGTAAT-1
GRCh38,ACATCTCTCACTCCCA-1
GRCh38,ACATCTCTCATCTCTA-1
GRCh38,ACATCTCTCATGGTGC-1
GRCh38,ACATCTCTCATTATCT-1
GRCh38,ACATCTCTCCAGGATC-1
GRCh38,ACATCTCTCCATATGG-1
GRCh38,ACATCTCTCCCCAACC-1
GRCh38,ACATCTCTCCCCTATG-1
GRCh38,ACATCTCTCCTCCAAT-1
GRCh38,ACATCTCTCGTAAGCC-1
GRCh38,ACATCTCTCGTTGCCC-1
GRCh38,ACATCTTGTAAAGTGG-1
GRCh38,ACATCTTGTACAGAAG-1
GRCh38,ACATCTTGTACAGTTA-1
GRCh38,ACATCTTGTAGTTGCG-1
GRCh38,ACATCTTGTATATCCT-1
GRCh38,ACATCTTGTCAGGCGT-1
GRCh38,ACATCTTGTCCGACAA-1
GRCh38,ACATCTTGTCGATGGC-1
GRCh38,ACATCTTGTCGCTGCC-1
GRCh38,ACATCTTGTGGGTTTG-1
GRCh38,ACATGAAAGAAACGGT-1
GRCh38,ACATGAAAGAAAGGTC-1
GRCh38,ACATGAAAGAGACTTT-1
GRCh38,ACATGAAAGATAGGGT-1
GRCh38,ACATGAAAGCAACGTC-1
GRCh38,ACATGAAAGCGCCAAT-1
GRCh38,ACATGAAAGGCTAACC-1
GRCh38,ACATGAAAGGTTCGCG-1
GRCh38,ACATGCCAGAGCGACA-1
GRCh38,ACATGCCAGCCACGAT-1
GRCh38,ACATGCCAGCGCCCAA-1
GRCh38,ACATGCCAGCTAAGGG-1
GRCh38,ACATGCCAGCTATCAG-1
GRCh38,ACATGCCAGGCAATTT-1
GRCh38,ACATGCCAGGCATCGT-1
GRCh38,ACATGCTCAAACGCAA-1
GRCh38,ACATGCTCAACAGCGG-1
GRCh38,ACATGCTCAACCATAC-1
GRCh38,ACATGCTCAAGTTGAG-1
GRCh38,ACATGCTCAATAATTC-1
GRCh38,ACATGCTCAATTGTAT-1
GRCh38,ACATGCTCACACTCGA-1
GRCh38,ACATGCTCACATACCG-1
GRCh38,ACATGCTCACCATCGA-1
GRCh38,ACATGCTCAGTGGCAG-1
GRCh38,ACATGGACAACCACAT-1
GRCh38,ACATGGACAACTCCCT-1
GRCh38,ACATGGACAACTTACA-1
GRCh38,ACATGGACAAGTCGCC-1
GRCh38,ACATGGACAATATTCG-1
GRCh38,ACATGGACAATGCACT-1
GRCh38,ACATGGACACAAGCGG-1
GRCh38,ACATGGACACCAGTGC-1
GRCh38,ACATGGACACCATTAA-1
GRCh38,ACATGGACACTTAACA-1
GRCh38,ACATGGACAGTCGGAG-1
GRCh38,ACATGGACAGTTGAGA-1
GRCh38,ACATGGGAGAAGTAGC-1
GRCh38,ACATGGGAGACATCAT-1
GRCh38,ACATGGGAGATCTGCA-1
GRCh38,ACATGGGAGCAAGTAA-1
GRCh38,ACATGGGAGCGTGTCG-1
GRCh38,ACATGGGAGGCGTGTT-1
GRCh38,ACATGGGAGGGACATG-1
GRCh38,ACATGGGAGGGCCTTG-1
GRCh38,ACATGTCCAAAAGTTA-1
GRCh38,ACATGTCCAAACCACT-1
GRCh38,ACATGTCCAAAGCTAG-1
GRCh38,ACATGTCCAAATCTAT-1
GRCh38,ACATGTCCAACTGAGA-1
GRCh38,ACATGTCCAAGGTTAG-1
GRCh38,ACATGTCCACCAACAT-1
GRCh38,ACATGTCCACGTAAAG-1
GRCh38,ACATGTCCACTCCTAC-1
GRCh38,ACATGTCCAGCGTGTC-1
GRCh38,ACATGTCCAGGCGACA-1
GRCh38,ACATGTCCAGTTAACC-1
GRCh38,ACATGTGTCACGCGTG-1
GRCh38,ACATGTGTCATCCCGC-1
GRCh38,ACATGTGTCATCGCGG-1
GRCh38,ACATGTGTCCACGAGT-1
GRCh38,ACATGTGTCCCAATAG-1
GRCh38,ACATGTGTCGTGATAT-1
GRCh38,ACATGTTAGCAACATT-1
GRCh38,ACATGTTAGCACTAGC-1
GRCh38,ACATGTTAGCATTTCC-1
GRCh38,ACATGTTAGCCACGAT-1
GRCh38,ACATGTTAGCCATCGG-1
GRCh38,ACATGTTAGCCTGTAA-1
GRCh38,ACATGTTAGCGCTGTG-1
GRCh38,ACATGTTAGCTAGTGC-1
GRCh38,ACATGTTAGCTTGGGT-1
GRCh38,ACATGTTAGGCAACAG-1
GRCh38,ACATGTTAGGGACATG-1
GRCh38,ACATGTTAGGTATACT-1
GRCh38,ACATTAATCAAAGGGT-1
GRCh38,ACATTAATCAAGGCTC-1
GRCh38,ACATTAATCACGACTA-1
GRCh38,ACATTAATCATGCTTC-1
GRCh38,ACATTAATCCTCGTTG-1
GRCh38,ACATTAATCGCAAACC-1
GRCh38,ACATTAATCGCTTACT-1
GRCh38,ACATTAATCGGCTCCT-1
GRCh38,ACATTAGGTAAATCCA-1
GRCh38,ACATTAGGTAATTTGG-1
GRCh38,ACATTAGGTAGGGGCA-1
GRCh38,ACATTAGGTATACTAG-1
GRCh38,ACATTAGGTCAGCATG-1
GRCh38,ACATTAGGTCATCTAT-1
GRCh38,ACATTAGGTCTTCTAG-1
GRCh38,ACATTAGGTCTTGTAT-1
GRCh38,ACATTAGGTGGCGCTG-1
GRCh38,ACATTAGGTGTATCTT-1
GRCh38,ACATTAGGTGTCACGA-1
GRCh38,ACATTATCAATCCAAC-1
GRCh38,ACATTATCACAACTTA-1
GRCh38,ACATTATCACAGTCGC-1
GRCh38,ACATTATCACATCACG-1
GRCh38,ACATTATCACCGTTAG-1
GRCh38,ACATTATCACGATTAC-1
GRCh38,ACATTATCACGCGTAC-1
GRCh38,ACATTCCTCCAATCAG-1
GRCh38,ACATTCCTCCCTCGGT-1
GRCh38,ACATTCCTCCGAAGTC-1
GRCh38,ACATTCCTCCTTAACC-1
GRCh38,ACATTCCTCGCCTCTA-1
GRCh38,ACATTCCTCGCTTTAC-1
GRCh38,ACATTCCTCGGAGTCT-1
GRCh38,ACATTCGAGACATGCC-1
GRCh38,ACATTCGAGATTCAAC-1
GRCh38,ACATTCGAGCGAACGA-1
GRCh38,ACATTCGAGCTCAGCG-1
GRCh38,ACATTCGAGGCTCTAA-1
GRCh38,ACATTCGAGGCTTTGA-1
GRCh38,ACATTCGAGGGAGAGG-1
GRCh38,ACATTCGAGGTATGTT-1
GRCh38,ACATTCGAGGTCTGTA-1
GRCh38,ACATTCTGTACATAGC-1
GRCh38,ACATTCTGTACGTCTC-1
GRCh38,ACATTCTGTAGGAATG-1
GRCh38,ACATTCTGTATCGTGG-1
GRCh38,ACATTCTGTCGACGTA-1
GRCh38,ACATTCTGTCGACTCT-1
GRCh38,ACATTCTGTCTGTCCG-1
GRCh38,ACATTCTGTGGGTTCA-1
GRCh38,ACATTCTGTGTGTCAG-1
GRCh38,ACATTGGTCAAGCAAA-1
GRCh38,ACATTGGTCAATACGT-1
GRCh38,ACATTGGTCACCTCCA-1
GRCh38,ACATTGGTCACGCTAA-1
GRCh38,ACATTGGTCACTATAA-1
GRCh38,ACATTGGTCAGGAAAC-1
GRCh38,ACATTGGTCATAATTG-1
GRCh38,ACATTGGTCATAGGGG-1
GRCh38,ACATTGGTCATGTCGA-1
GRCh38,ACATTGGTCCTTAGTC-1
GRCh38,ACATTGGTCGCAGTAC-1
GRCh38,ACATTGGTCGGTTAAT-1
GRCh38,ACATTTCGTAACGTCG-1
GRCh38,ACATTTCGTAGCAGTT-1
GRCh38,ACATTTCGTAGGCCCG-1
GRCh38,ACATTTCGTATACGGT-1
GRCh38,ACATTTCGTATGAAGG-1
GRCh38,ACATTTCGTCAGCGTA-1
GRCh38,ACATTTCGTGGAAATG-1
GRCh38,ACATTTCGTGTGTCTC-1
GRCh38,ACATTTCGTGTGTTAA-1
GRCh38,ACCAAATTCAAAGGTA-1
GRCh38,ACCAAATTCAATCCTC-1
GRCh38,ACCAAATTCACCAAGC-1
GRCh38,ACCAAATTCACCCAAA-1
GRCh38,ACCAAATTCAGGCTTA-1
GRCh38,ACCAAATTCATGATGT-1
GRCh38,ACCAAATTCCCTTCCT-1
GRCh38,ACCAAATTCCGAATCA-1
GRCh38,ACCAAATTCCGGCGTA-1
GRCh38,ACCAAATTCGGAAGCA-1
GRCh38,ACCAAATTCGGCCATG-1
GRCh38,ACCAAATTCGGTTAAT-1
GRCh38,ACCAAATTCGGTTGGT-1
GRCh38,ACCAACATCAACCCAA-1
GRCh38,ACCAACATCATTCTCA-1
GRCh38,ACCAACATCCCAATAG-1
GRCh38,ACCAACATCCCACAGG-1
GRCh38,ACCAACATCCGTTACT-1
GRCh38,ACCAACATCCGTTTCG-1
GRCh38,ACCAACATCGCGTCGA-1
GRCh38,ACCAACATCGTATACG-1
GRCh38,ACCAACATCGTGCAGT-1
GRCh38,ACCAACATCGTGCTAA-1
GRCh38,ACCAACATCGTTAGCA-1
GRCh38,ACCAACTCAAACCACT-1
GRCh38,ACCAACTCAAAGCAAT-1
GRCh38,ACCAACTCAAATTCGC-1
GRCh38,ACCAACTCAACAGTCT-1
GRCh38,ACCAACTCAAGCGTTT-1
GRCh38,ACCAACTCAAGTCTTA-1
GRCh38,ACCAACTCAATAGCGA-1
GRCh38,ACCAACTCAATGCACT-1
GRCh38,ACCAACTCAATGCTAC-1
GRCh38,ACCAACTCACAACTCG-1
GRCh38,ACCAACTCACCAATAC-1
GRCh38,ACCAACTCACCCTAGA-1
GRCh38,ACCAACTCACGAACCC-1
GRCh38,ACCAACTCAGTATCAC-1
GRCh38,ACCAACTCAGTTGAAG-1
GRCh38,ACCAAGACAACGTAAG-1
GRCh38,ACCAAGACAACTTTAG-1
GRCh38,ACCAAGACAGCAGCGA-1
GRCh38,ACCAAGACAGCCCATA-1
GRCh38,ACCAAGACAGTCTATA-1
GRCh38,ACCAAGCTCATACGTG-1
GRCh38,ACCAAGCTCATTGGGC-1
GRCh38,ACCAAGCTCCCCACTA-1
GRCh38,ACCAAGCTCCCTTGTG-1
GRCh38,ACCAAGCTCCGATGGT-1
GRCh38,ACCAAGCTCCGCAATA-1
GRCh38,ACCAAGCTCGCCTACC-1
GRCh38,ACCAATGTCACCACTT-1
GRCh38,ACCAATGTCAGAGTAA-1
GRCh38,ACCAATGTCAGTACAT-1
GRCh38,ACCAATGTCCAACCTT-1
GRCh38,ACCAATGTCCCAAGTA-1
GRCh38,ACCAATGTCCCAGTAA-1
GRCh38,ACCAATGTCGGAGCTT-1
GRCh38,ACCAATGTCGTGGCAT-1
GRCh38,ACCAATGTCGTGTTGA-1
GRCh38,ACCAATTAGACACATT-1
GRCh38,ACCAATTAGACCCTTT-1
GRCh38,ACCAATTAGACGTCAC-1
GRCh38,ACCAATTAGAGACATA-1
GRCh38,ACCAATTAGATCCGAC-1
GRCh38,ACCAATTAGCAAAGGT-1
GRCh38,ACCAATTAGCAAATGA-1
GRCh38,ACCAATTAGCCTGCGA-1
GRCh38,ACCAATTAGCGTTAAT-1
GRCh38,ACCAATTAGCTAGCGT-1
GRCh38,ACCAATTAGCTAGTAT-1
GRCh38,ACCAATTAGGGACGTA-1
GRCh38,ACCAATTAGGTGCGAA-1
GRCh38,ACCAATTAGGTTATGT-1
GRCh38,ACCACAATCAAGTTCG-1
GRCh38,ACCACAATCACTATAA-1
GRCh38,ACCACAATCAGAGAAC-1
GRCh38,ACCACAATCAGCATCA-1
GRCh38,ACCACAATCAGGCTGT-1
GRCh38,ACCACAATCCATTGCT-1
GRCh38,ACCACAATCGGGCAAA-1
GRCh38,ACCACAATCGTGTACA-1
GRCh38,ACCACAGGTAAGTAGG-1
GRCh38,ACCACAGGTACCCTTA-1
GRCh38,ACCACAGGTCACAGCA-1
GRCh38,ACCACAGGTCACATGG-1
GRCh38,ACCACAGGTCCGGTAA-1
GRCh38,ACCACAGGTGCGAGGA-1
GRCh38,ACCACAGGTGGCTAAT-1
GRCh38,ACCACAGGTGGGTAGG-1
GRCh38,ACCACAGGTGTGCCCC-1
GRCh38,ACCACATCAAGGTTAG-1
GRCh38,ACCACATCAAGTCGCC-1
GRCh38,ACCACATCAATGCAGA-1
GRCh38,ACCACATCAATGGCCC-1
GRCh38,ACCACATCACAACGAA-1
GRCh38,ACCACATCACCTATAA-1
GRCh38,ACCACATCAGCACGGA-1
GRCh38,ACCACATCAGTCACGC-1
GRCh38,ACCACATCAGTCTAAC-1
GRCh38,ACCACCTGTACGGGTC-1
GRCh38,ACCACCTGTACTATAG-1
GRCh38,ACCACCTGTACTGGAT-1
GRCh38,ACCACCTGTATAAGCC-1
GRCh38,ACCACCTGTATGAGGA-1
GRCh38,ACCACCTGTCATTGGG-1
GRCh38,ACCACCTGTCGTACCT-1
GRCh38,ACCACCTGTGCGAATT-1
GRCh38,ACCACCTGTGGGGAAT-1
GRCh38,ACCACCTGTGTCTTAT-1
GRCh38,ACCACCTGTGTGGCCG-1
GRCh38,ACCACCTGTGTGTTAA-1
GRCh38,ACCACGAGTAAACTGC-1
GRCh38,ACCACGAGTACAAGTC-1
GRCh38,ACCACGAGTATTATGG-1
GRCh38,ACCACGAGTCACTTTG-1
GRCh38,ACCACGAGTCCGACAA-1
GRCh38,ACCACGAGTCTAAAGC-1
GRCh38,ACCACGAGTGGAGCAG-1
GRCh38,ACCACGAGTGTAAAGG-1
GRCh38,ACCACGAGTGTTCAGG-1
GRCh38,ACCACGTAGAAGTACA-1
GRCh38,ACCACGTAGACTTCAG-1
GRCh38,ACCACGTAGAGTGATA-1
GRCh38,ACCACGTAGCAAAGCG-1
GRCh38,ACCACGTAGCTACATG-1
GRCh38,ACCACGTAGCTAGGTC-1
GRCh38,ACCACGTAGCTGCGTG-1
GRCh38,ACCACGTAGCTTGTAG-1
GRCh38,ACCACGTAGGTAAGGT-1
GRCh38,ACCACTCGTAATGTTG-1
GRCh38,ACCACTTTCAACGTAT-1
GRCh38,ACCACTTTCACCTCTG-1
GRCh38,ACCACTTTCAGGCCAT-1
GRCh38,ACCACTTTCAGGGTCT-1
GRCh38,ACCACTTTCAGTGGCT-1
GRCh38,ACCACTTTCCCACTCA-1
GRCh38,ACCACTTTCCCCAACC-1
GRCh38,ACCACTTTCCGGCGTA-1
GRCh38,ACCACTTTCCGGCTTC-1
GRCh38,ACCACTTTCCGGGAAA-1
GRCh38,ACCACTTTCCTTCAAC-1
GRCh38,ACCACTTTCGCAGTGT-1
GRCh38,ACCACTTTCGCGTGTG-1
GRCh38,ACCACTTTCGGTTACA-1
GRCh38,ACCACTTTCGTGCGTG-1
GRCh38,ACCAGAACAAAACCTC-1
GRCh38,ACCAGAACAAAACTAA-1
GRCh38,ACCAGAACAACTAAGG-1
GRCh38,ACCAGAACAACTCACG-1
GRCh38,ACCAGAACAATCTCTT-1
GRCh38,ACCAGAACAATTCAGC-1
GRCh38,ACCAGAACACAATCCG-1
GRCh38,ACCAGAACACATTCCC-1
GRCh38,ACCAGAACACTGACGC-1
GRCh38,ACCAGAACAGCACCTA-1
GRCh38,ACCAGAACAGCGGACA-1
GRCh38,ACCAGAACAGCTAACT-1
GRCh38,ACCAGAACAGGGCTAG-1
GRCh38,ACCAGAACAGGGCTTC-1
GRCh38,ACCAGAACAGGTTTAC-1
GRCh38,ACCAGAACAGTATTAT-1
GRCh38,ACCAGAACAGTCCACA-1
GRCh38,ACCAGAACAGTTACTA-1
GRCh38,ACCAGAGAGAACGAAC-1
GRCh38,ACCAGAGAGACGACGA-1
GRCh38,ACCAGAGAGAGCAGCA-1
GRCh38,ACCAGAGAGAGTATTC-1
GRCh38,ACCAGAGAGCATTGCA-1
GRCh38,ACCAGAGAGCCTACGG-1
GRCh38,ACCAGAGAGCGAATTT-1
GRCh38,ACCAGAGAGCGGATTC-1
GRCh38,ACCAGAGAGCGTCTCC-1
GRCh38,ACCAGAGAGCGTGCAT-1
GRCh38,ACCAGAGAGCTCGAGT-1
GRCh38,ACCAGAGAGGCCCAAT-1
GRCh38,ACCAGAGAGGGGCATA-1
GRCh38,ACCAGAGAGGTTCTAG-1
GRCh38,ACCAGATGTATCCTGC-1
GRCh38,ACCAGATGTCAAACGT-1
GRCh38,ACCAGATGTCCGTCCA-1
GRCh38,ACCAGATGTCTATTCG-1
GRCh38,ACCAGATGTGCGCCTC-1
GRCh38,ACCAGATGTGTCTTAT-1
GRCh38,ACCAGATGTGTTACGG-1
GRCh38,ACCAGGAAGACCAGAG-1
GRCh38,ACCAGGAAGAGTTTCG-1
GRCh38,ACCAGGAAGATGGGAT-1
GRCh38,ACCAGGAAGCCATGGT-1
GRCh38,ACCAGGAAGCTGACCG-1
GRCh38,ACCAGGAAGGCAAGCA-1
GRCh38,ACCAGGAAGGGAATTA-1
GRCh38,ACCAGGAAGGGCGGAT-1
GRCh38,ACCAGGAAGGGGCGAT-1
GRCh38,ACCAGGAAGGGGTACA-1
GRCh38,ACCAGGAAGGTAAGGT-1
GRCh38,ACCAGGAAGGTCTACA-1
GRCh38,ACCATACCAACTGTCG-1
GRCh38,ACCATACCAAGCATTC-1
GRCh38,ACCATACCAAGTACTC-1
GRCh38,ACCATACCACACAGCC-1
GRCh38,ACCATACCACATAGAG-1
GRCh38,ACCATACCACCCTTAC-1
GRCh38,ACCATACCACCTACGA-1
GRCh38,ACCATACCAGTGGCGA-1
GRCh38,ACCATCCGTAAGTCCG-1
GRCh38,ACCATCCGTAGACGGG-1
GRCh38,ACCATCCGTGCTCCTG-1
GRCh38,ACCATCCGTGTCTAGG-1
GRCh38,ACCATCCGTGTCTGAG-1
GRCh38,ACCATCCGTGTGTTGG-1
GRCh38,ACCATCGCAAAACGGC-1
GRCh38,ACCATCGCAAACTCCG-1
GRCh38,ACCATCGCAACGTGCC-1
GRCh38,ACCATCGCAAGCGCTC-1
GRCh38,ACCATCGCAATAGCGA-1
GRCh38,ACCATCGCACCGTACA-1
GRCh38,ACCATCGCACTGTAAC-1
GRCh38,ACCATCTTCAACAGCC-1
GRCh38,ACCATCTTCAGCCATA-1
GRCh38,ACCATCTTCAGCGGTT-1
GRCh38,ACCATCTTCCAAGCTA-1
GRCh38,ACCATCTTCGCTAAAT-1
GRCh38,ACCATCTTCGCTAATG-1
GRCh38,ACCATCTTCGGTCCCT-1
GRCh38,ACCATCTTCGTTGGGT-1
GRCh38,ACCATGCAGAAAGTCA-1
GRCh38,ACCATGCAGAACCCCG-1
GRCh38,ACCATGCAGAGACGCA-1
GRCh38,ACCATGCAGCACCGCA-1
GRCh38,ACCATGCAGCACTATG-1
GRCh38,ACCATGCAGCAGGCTT-1
GRCh38,ACCATGCAGCCTTCAT-1
GRCh38,ACCATGCAGCTGTACA-1
GRCh38,ACCATGCAGGGAATTA-1
GRCh38,ACCATGCAGGGAGCTA-1
GRCh38,ACCATGCAGGTCGCAT-1
GRCh38,ACCATGGGTAATGGTC-1
GRCh38,ACCATGGGTAGGTATC-1
GRCh38,ACCATGGGTATACCCC-1
GRCh38,ACCATGGGTATACTAG-1
GRCh38,ACCATGGGTCACCCAT-1
GRCh38,ACCATGGGTCAGCGTA-1
GRCh38,ACCATGGGTCAGTTAA-1
GRCh38,ACCATGGGTCATTGGG-1
GRCh38,ACCATGGGTGCTCCTG-1
GRCh38,ACCATGGGTGCTTTCA-1
GRCh38,ACCATGGGTGGAACCC-1
GRCh38,ACCATGGGTGTGCGTA-1
GRCh38,ACCATTCTCAAACCAT-1
GRCh38,ACCATTCTCAAACCCA-1
GRCh38,ACCATTCTCAACGGCT-1
GRCh38,ACCATTCTCACACACA-1
GRCh38,ACCATTCTCATTGGGC-1
GRCh38,ACCATTCTCCACGTAA-1
GRCh38,ACCATTCTCCACTTAC-1
GRCh38,ACCATTCTCCATCATC-1
GRCh38,ACCATTCTCCCCATTG-1
GRCh38,ACCATTCTCCCTTCGA-1
GRCh38,ACCATTCTCGTCTTCG-1
GRCh38,ACCCAAATCACGCTCC-1
GRCh38,ACCCAAATCAGGCTGT-1
GRCh38,ACCCAAATCCACCCTA-1
GRCh38,ACCCAAATCCCATCGC-1
GRCh38,ACCCAAATCCCTTAGT-1
GRCh38,ACCCAAATCCGTTCGC-1
GRCh38,ACCCAACAGACACCGT-1
GRCh38,ACCCAACAGACAGACG-1
GRCh38,ACCCAACAGACCCCGA-1
GRCh38,ACCCAACAGACGCGTT-1
GRCh38,ACCCAACAGAGCGACA-1
GRCh38,ACCCAACAGCAACAGG-1
GRCh38,ACCCAACAGCGCTATA-1
GRCh38,ACCCAACAGGGGGTTA-1
GRCh38,ACCCACACAAACCATC-1
GRCh38,ACCCACACAATCACTA-1
GRCh38,ACCCACACAATGGACA-1
GRCh38,ACCCACACACAACTTA-1
GRCh38,ACCCACACACCTATAA-1
GRCh38,ACCCACACACTATCTT-1
GRCh38,ACCCACACAGCGTGAG-1
GRCh38,ACCCACACAGGAAAGG-1
GRCh38,ACCCACGAGACAGCCT-1
GRCh38,ACCCACGAGACCCGAT-1
GRCh38,ACCCACGAGAGGGATT-1
GRCh38,ACCCACGAGCACCAAC-1
GRCh38,ACCCACGAGCCAGCAT-1
GRCh38,ACCCACGAGCCAGTAC-1
GRCh38,ACCCACGAGCCTGCAG-1
GRCh38,ACCCACGAGCGTTAAT-1
GRCh38,ACCCACGAGCGTTCAA-1
GRCh38,ACCCACGAGGCATACC-1
GRCh38,ACCCACGAGGCCCGTA-1
GRCh38,ACCCACGAGGTTGATT-1
GRCh38,ACCCATAAGAAGTACA-1
GRCh38,ACCCATAAGACAGAAC-1
GRCh38,ACCCATAAGACGAAGT-1
GRCh38,ACCCATAAGAGGTTGG-1
GRCh38,ACCCATAAGAGTTAAG-1
GRCh38,ACCCATAAGATCGTTG-1
GRCh38,ACCCATAAGATGGCGA-1
GRCh38,ACCCATAAGCAACGAG-1
GRCh38,ACCCATAAGCCACTTT-1
GRCh38,ACCCATAAGCGCCTGA-1
GRCh38,ACCCATAAGCGGGTAA-1
GRCh38,ACCCATAAGCTGACCG-1
GRCh38,ACCCATAAGCTGCAGT-1
GRCh38,ACCCATAAGGCAACAG-1
GRCh38,ACCCATAAGGTAGGGC-1
GRCh38,ACCCATCGTAATTGGC-1
GRCh38,ACCCATCGTAGGCCCG-1
GRCh38,ACCCATCGTATCAGTA-1
GRCh38,ACCCATCGTATGGCGC-1
GRCh38,ACCCATCGTATGTTCT-1
GRCh38,ACCCATCGTCTAATTC-1
GRCh38,ACCCATCGTCTGGTAG-1
GRCh38,ACCCATCGTGGACTGC-1
GRCh38,ACCCATCGTGTCGCCC-1
GRCh38,ACCCATGCACCAGCTA-1
GRCh38,ACCCATGCACCCTCAT-1
GRCh38,ACCCATGCACCTACTC-1
GRCh38,ACCCATGCACGAACGG-1
GRCh38,ACCCATGCAGCGACGA-1
GRCh38,ACCCATGCAGGCTCTA-1
GRCh38,ACCCATGCAGGTTCGC-1
GRCh38,ACCCATTTCATCCCCA-1
GRCh38,ACCCATTTCATGCAGC-1
GRCh38,ACCCATTTCCAATTCC-1
GRCh38,ACCCATTTCCCTAACT-1
GRCh38,ACCCATTTCCCTAGTT-1
GRCh38,ACCCATTTCCGGCGTA-1
GRCh38,ACCCATTTCCGTAACA-1
GRCh38,ACCCATTTCGGTACGT-1
GRCh38,ACCCCAACAAAAGCAT-1
GRCh38,ACCCCAACAACCATAC-1
GRCh38,ACCCCAACAACTTAGC-1
GRCh38,ACCCCAACACACAACT-1
GRCh38,ACCCCAACACCAAGCC-1
GRCh38,ACCCCAACACCGTACA-1
GRCh38,ACCCCAACACTGGGGA-1
GRCh38,ACCCCAACACTTGACG-1
GRCh38,ACCCCAACAGCAGCGA-1
GRCh38,ACCCCAACAGTGGCGA-1
GRCh38,ACCCCAGAGACTCGAC-1
GRCh38,ACCCCAGAGATGCGAG-1
GRCh38,ACCCCAGAGCATATCG-1
GRCh38,ACCCCAGAGCATCGCG-1
GRCh38,ACCCCAGAGCTGACAC-1
GRCh38,ACCCCAGAGGGGAGCT-1
GRCh38,ACCCCATGTACGGTTG-1
GRCh38,ACCCCATGTACTCCCG-1
GRCh38,ACCCCATGTAGGCTCA-1
GRCh38,ACCCCATGTCACAGCA-1
GRCh38,ACCCCATGTCACGCCC-1
GRCh38,ACCCCATGTCAGTTCC-1
GRCh38,ACCCCATGTCCCAAAG-1
GRCh38,ACCCCATGTCGAGGAG-1
GRCh38,ACCCCATGTCTTGGTC-1
GRCh38,ACCCCATGTGGGATGG-1
GRCh38,ACCCCGAAGAAGGTTA-1
GRCh38,ACCCCGAAGACCCGCA-1
GRCh38,ACCCCGAAGGCTTGCG-1
GRCh38,ACCCCGAAGGGAAATC-1
GRCh38,ACCCCGAAGGGCGTAA-1
GRCh38,ACCCCGTTCACGTAAT-1
GRCh38,ACCCCGTTCACGTCGG-1
GRCh38,ACCCCGTTCAGCCCTC-1
GRCh38,ACCCCGTTCATACAAC-1
GRCh38,ACCCCGTTCCCTACCA-1
GRCh38,ACCCCGTTCGTGTCAA-1
GRCh38,ACCCCTATCAATATCA-1
GRCh38,ACCCCTATCACGGCCA-1
GRCh38,ACCCCTATCCAGCAGT-1
GRCh38,ACCCCTATCCATCATC-1
GRCh38,ACCCCTATCCCTGCTA-1
GRCh38,ACCCCTATCCGGTGCA-1
GRCh38,ACCCCTATCGCGTGCA-1
GRCh38,ACCCCTATCGCTATCT-1
GRCh38,ACCCCTATCGCTTCTG-1
GRCh38,ACCCCTATCGGTCCCT-1
GRCh38,ACCCCTATCGTGAGCT-1
GRCh38,ACCCCTGGTACCTATT-1
GRCh38,ACCCCTGGTATCTCTG-1
GRCh38,ACCCCTGGTATTGGGT-1
GRCh38,ACCCCTGGTCCCTGTG-1
GRCh38,ACCCCTGGTCCTTCCC-1
GRCh38,ACCCCTGGTCGGGCAT-1
GRCh38,ACCCCTGGTCGTGGGT-1
GRCh38,ACCCCTGGTGGTTGAT-1
GRCh38,ACCCCTGGTGTTGTCC-1
GRCh38,ACCCGACCAAAGGCCG-1
GRCh38,ACCCGACCAAATCACC-1
GRCh38,ACCCGACCAAATGAAC-1
GRCh38,ACCCGACCACAACGGG-1
GRCh38,ACCCGACCACAATTAT-1
GRCh38,ACCCGACCACGAACCC-1
GRCh38,ACCCGACCACTCGGTA-1
GRCh38,ACCCGACCACTTCATT-1
GRCh38,ACCCGACCAGCGTATT-1
GRCh38,ACCCGACCAGCTAGAA-1
GRCh38,ACCCGACCAGTACGGG-1
GRCh38,ACCCGACCAGTCATAC-1
GRCh38,ACCCGACCAGTGCGGA-1
GRCh38,ACCCGATAGAGCCTGT-1
GRCh38,ACCCGATAGAGCGATG-1
GRCh38,ACCCGATAGAGTTGAA-1
GRCh38,ACCCGATAGATCGCGT-1
GRCh38,ACCCGATAGATGCATT-1
GRCh38,ACCCGATAGATGCTCA-1
GRCh38,ACCCGATAGATTATGC-1
GRCh38,ACCCGATAGCAAACTT-1
GRCh38,ACCCGATAGCAAGACG-1
GRCh38,ACCCGATAGCCCACAG-1
GRCh38,ACCCGATAGCGATTTG-1
GRCh38,ACCCGATAGCTTGATG-1
GRCh38,ACCCGATAGGCTCGTG-1
GRCh38,ACCCGATAGGGGATTG-1
GRCh38,ACCCGATAGGTAGTAA-1
GRCh38,ACCCGATAGGTCCAAC-1
GRCh38,ACCCGCAAGACGATGG-1
GRCh38,ACCCGCAAGAGAATCA-1
GRCh38,ACCCGCAAGAGTTGGG-1
GRCh38,ACCCGCAAGCAAAGTA-1
GRCh38,ACCCGCAAGCGATTAT-1
GRCh38,ACCCGCAAGCTAGTAT-1
GRCh38,ACCCGCAAGCTCGGCA-1
GRCh38,ACCCGCAAGGCTTATG-1
GRCh38,ACCCGCTTCACCCCGT-1
GRCh38,ACCCGCTTCATAGGGG-1
GRCh38,ACCCGCTTCCGCATAA-1
GRCh38,ACCCGCTTCGCCAATA-1
GRCh38,ACCCGTACAACCAAGA-1
GRCh38,ACCCGTACAACTTAGC-1
GRCh38,ACCCGTACAAGGTTTC-1
GRCh38,ACCCGTACAAGTTTCA-1
GRCh38,ACCCGTACAATACGGA-1
GRCh38,ACCCGTACAATTCTAG-1
GRCh38,ACCCGTACACCTGACA-1
GRCh38,ACCCGTACACGACCTA-1
GRCh38,ACCCGTACACTGACAT-1
GRCh38,ACCCGTACAGCGGTCT-1
GRCh38,ACCCGTACAGTGTGGG-1
GRCh38,ACCCGTGAGACAAGCG-1
GRCh38,ACCCGTGAGACCCGAT-1
GRCh38,ACCCGTGAGACCTTTC-1
GRCh38,ACCCGTGAGACTACAT-1
GRCh38,ACCCGTGAGATGGGTG-1
GRCh38,ACCCGTGAGATTACGT-1
GRCh38,ACCCGTGAGATTCGTG-1
GRCh38,ACCCGTGAGCAGTATT-1
GRCh38,ACCCGTGAGCATATGT-1
GRCh38,ACCCGTGAGCGCCAAT-1
GRCh38,ACCCGTGAGCGTCAAC-1
GRCh38,ACCCGTGAGGCAATTT-1
GRCh38,ACCCGTTGTAACTCCC-1
GRCh38,ACCCGTTGTAGGAAAT-1
GRCh38,ACCCGTTGTCAGTAGT-1
GRCh38,ACCCGTTGTCTCGATC-1
GRCh38,ACCCTAAAGACGACAG-1
GRCh38,ACCCTAAAGAGCGTAG-1
GRCh38,ACCCTAAAGATTCGTG-1
GRCh38,ACCCTAAAGCAAGGCA-1
GRCh38,ACCCTAAAGCCCACAG-1
GRCh38,ACCCTAAAGCTCTGGG-1
GRCh38,ACCCTAAAGGCAATTT-1
GRCh38,ACCCTAAAGGCACCAT-1
GRCh38,ACCCTAAAGGGAGGTC-1
GRCh38,ACCCTAAAGGGCTGAA-1
GRCh38,ACCCTAAAGGTATTCG-1
GRCh38,ACCCTAGCAAGCGCGA-1
GRCh38,ACCCTAGCACCGTTAG-1
GRCh38,ACCCTAGCACGGCAAG-1
GRCh38,ACCCTAGCACTAACGT-1
GRCh38,ACCCTAGCAGCGTGCT-1
GRCh38,ACCCTAGCAGTACGCC-1
GRCh38,ACCCTATTCAATGCGC-1
GRCh38,ACCCTATTCACATGTG-1
GRCh38,ACCCTATTCACTCCGC-1
GRCh38,ACCCTATTCAGTGATT-1
GRCh38,ACCCTATTCAGTGGCT-1
GRCh38,ACCCTATTCAGTGGTC-1
GRCh38,ACCCTATTCCTTAACC-1
GRCh38,ACCCTATTCGGCGTAT-1
GRCh38,ACCCTCTCAAAATCAA-1
GRCh38,ACCCTCTCAAAGCTAG-1
GRCh38,ACCCTCTCAACGAGAC-1
GRCh38,ACCCTCTCAACTGGAA-1
GRCh38,ACCCTCTCAAGCGATA-1
GRCh38,ACCCTCTCAAGTCGAA-1
GRCh38,ACCCTCTCAATTCTAG-1
GRCh38,ACCCTCTCACATGAAG-1
GRCh38,ACCCTCTCACCGGTTA-1
GRCh38,ACCCTCTCACGCGAAG-1
GRCh38,ACCCTCTCACTACGCA-1
GRCh38,ACCCTCTCACTTAAAT-1
GRCh38,ACCCTCTCAGCACACC-1
GRCh38,ACCCTCTCAGGGTTCC-1
GRCh38,ACCCTCTCAGTGTTAC-1
GRCh38,ACCCTGCTCAATCGGC-1
GRCh38,ACCCTGCTCACACTTC-1
GRCh38,ACCCTGCTCACCAAAT-1
GRCh38,ACCCTGCTCACGTCCC-1
GRCh38,ACCCTGCTCATGGCTA-1
GRCh38,ACCCTGCTCATGGTTG-1
GRCh38,ACCCTGCTCCAAGACC-1
GRCh38,ACCCTGCTCCCAAGTA-1
GRCh38,ACCCTGCTCCCATGCC-1
GRCh38,ACCCTGCTCCCCACTA-1
GRCh38,ACCCTGCTCGCATAAT-1
GRCh38,ACCCTTAGTATGGCCA-1
GRCh38,ACCCTTAGTGCTACCT-1
GRCh38,ACCCTTAGTGGTTTCC-1
GRCh38,ACCCTTAGTGTCCGGG-1
GRCh38,ACCCTTAGTGTGCGCG-1
GRCh38,ACCCTTAGTGTGGATT-1
GRCh38,ACCCTTAGTGTGGGCT-1
GRCh38,ACCCTTAGTGTTGTAA-1
GRCh38,ACCCTTTAGAAAGTGC-1
GRCh38,ACCCTTTAGAAGCGGC-1
GRCh38,ACCCTTTAGACATCCA-1
GRCh38,ACCCTTTAGACGCTGT-1
GRCh38,ACCCTTTAGAGTGATA-1
GRCh38,ACCCTTTAGCTTGAAT-1
GRCh38,ACCCTTTAGGGTGTTC-1
GRCh38,ACCCTTTAGGTGCTAC-1
GRCh38,ACCTAACCAAACGAGC-1
GRCh38,ACCTAACCAACCTACG-1
GRCh38,ACCTAACCAATGACAG-1
GRCh38,ACCTAACCAATTAAAG-1
GRCh38,ACCTAACCACGTACAT-1
GRCh38,ACCTAACCAGCTAAGA-1
GRCh38,ACCTAACCAGGTTCGC-1
GRCh38,ACCTAACCAGGTTTCG-1
GRCh38,ACCTACAAGAAACCAA-1
GRCh38,ACCTACAAGAAGTACA-1
GRCh38,ACCTACAAGACCACGT-1
GRCh38,ACCTACAAGACGTATT-1
GRCh38,ACCTACAAGAGGCGAC-1
GRCh38,ACCTACAAGCTAGCTA-1
GRCh38,ACCTACAAGGTCGCAT-1
GRCh38,ACCTACAAGGTGTCCG-1
GRCh38,ACCTACGCAACAATGG-1
GRCh38,ACCTACGCAACGGTCC-1
GRCh38,ACCTACGCACCAACGC-1
GRCh38,ACCTACGCACCTCTCG-1
GRCh38,ACCTACGCACTCTAGG-1
GRCh38,ACCTACGCACTGGGCT-1
GRCh38,ACCTACGCAGCAATAG-1
GRCh38,ACCTACGCAGGGCTAG-1
GRCh38,ACCTACGCAGTAATCC-1
GRCh38,ACCTACGCAGTATGGA-1
GRCh38,ACCTACGCAGTTAGAG-1
GRCh38,ACCTACTTCAAAGGGT-1
GRCh38,ACCTACTTCACATGTG-1
GRCh38,ACCTACTTCACTCGCC-1
GRCh38,ACCTACTTCAGGGGTA-1
GRCh38,ACCTACTTCAGGTGTC-1
GRCh38,ACCTACTTCCAAATCG-1
GRCh38,ACCTACTTCCATCTGT-1
GRCh38,ACCTACTTCCCGGCTT-1
GRCh38,ACCTACTTCCGACGCA-1
GRCh38,ACCTACTTCCGGGTAT-1
GRCh38,ACCTACTTCCTGACAA-1
GRCh38,ACCTACTTCGCATAAT-1
GRCh38,ACCTACTTCGCATACA-1
GRCh38,ACCTACTTCGCCCTTA-1
GRCh38,ACCTACTTCGCGTATA-1
GRCh38,ACCTAGGGTAACTTTC-1
GRCh38,ACCTAGGGTACCCTTA-1
GRCh38,ACCTAGGGTACTGCGA-1
GRCh38,ACCTAGGGTAGTCTCC-1
GRCh38,ACCTAGGGTCATAGGT-1
GRCh38,ACCTAGGGTCATCGAG-1
GRCh38,ACCTAGGGTCGCACCC-1
GRCh38,ACCTAGGGTCTATCGC-1
GRCh38,ACCTAGGGTGGACGGA-1
GRCh38,ACCTAGGGTGTCACGA-1
GRCh38,ACCTAGTCAAACGTTC-1
GRCh38,ACCTAGTCAAAGGACC-1
GRCh38,ACCTAGTCAAATCGGA-1
GRCh38,ACCTAGTCAACCAAGA-1
GRCh38,ACCTAGTCAATGAAAC-1
GRCh38,ACCTAGTCAATGCTAC-1
GRCh38,ACCTAGTCAATGCTCG-1
GRCh38,ACCTAGTCACACGTCA-1
GRCh38,ACCTAGTCACACTTAA-1
GRCh38,ACCTAGTCACCACGTA-1
GRCh38,ACCTAGTCACCGGACT-1
GRCh38,ACCTAGTCACGTAATC-1
GRCh38,ACCTAGTCACTTCTAT-1
GRCh38,ACCTAGTCAGCGTATT-1
GRCh38,ACCTAGTCAGGTTAGA-1
GRCh38,ACCTATACAAAGGACC-1
GRCh38,ACCTATACAAATTGGG-1
GRCh38,ACCTATACAAGTACTC-1
GRCh38,ACCTATACAATGTGTC-1
GRCh38,ACCTATACACAACAGA-1
GRCh38,ACCTATACACCAGCTA-1
GRCh38,ACCTATACACCTCTCG-1
GRCh38,ACCTATACACTATACA-1
GRCh38,ACCTATGAGCACTTAG-1
GRCh38,ACCTATGAGCCAAGCT-1
GRCh38,ACCTATGAGCCTCATT-1
GRCh38,ACCTATGAGGCCTGCA-1
GRCh38,ACCTATTGTAAATGGG-1
GRCh38,ACCTATTGTAACAGGA-1
GRCh38,ACCTATTGTAACCGGC-1
GRCh38,ACCTATTGTAGCGTTG-1
GRCh38,ACCTATTGTAGGGTAA-1
GRCh38,ACCTATTGTATCTTGT-1
GRCh38,ACCTATTGTCACTATT-1
GRCh38,ACCTATTGTCCTCGAT-1
GRCh38,ACCTATTGTCGTTTCA-1
GRCh38,ACCTATTGTCTAACGG-1
GRCh38,ACCTATTGTCTTAGTT-1
GRCh38,ACCTATTGTGTGTCGA-1
GRCh38,ACCTCAGCAACACGGG-1
GRCh38,ACCTCAGCAACGGGAT-1
GRCh38,ACCTCAGCAATCAAGG-1
GRCh38,ACCTCAGCACACAGCC-1
GRCh38,ACCTCAGCACGCCAAC-1
GRCh38,ACCTCAGCAGCAGCCT-1
GRCh38,ACCTCAGCAGCCCTAA-1
GRCh38,ACCTCAGCAGTTGGTT-1
GRCh38,ACCTCATTCACCATCT-1
GRCh38,ACCTCATTCACGCGTG-1
GRCh38,ACCTCATTCATAACAC-1
GRCh38,ACCTCATTCATTCGTC-1
GRCh38,ACCTCATTCATTGCTC-1
GRCh38,ACCTCATTCCATATGG-1
GRCh38,ACCTCATTCCTAACTC-1
GRCh38,ACCTCATTCCTGGGTG-1
GRCh38,ACCTCCATCAAGGGTG-1
GRCh38,ACCTCCATCAGCACGT-1
GRCh38,ACCTCCATCCCGCACT-1
GRCh38,ACCTCCATCCGCCCAT-1
GRCh38,ACCTCCATCGGCTGCA-1
GRCh38,ACCTCCGGTAACAGGA-1
GRCh38,ACCTCCGGTAATGTGC-1
GRCh38,ACCTCCGGTAGGCTTG-1
GRCh38,ACCTCCGGTCAGTGCA-1
GRCh38,ACCTCCGGTCATGTCC-1
GRCh38,ACCTCCGGTCGAGCGT-1
GRCh38,ACCTCCGGTCGCCGTC-1
GRCh38,ACCTCCGGTCGCGTAA-1
GRCh38,ACCTCCGGTCGCTCGC-1
GRCh38,ACCTCCGGTGCTGTCT-1
GRCh38,ACCTCCGGTGTGTTGG-1
GRCh38,ACCTCTCCAACACAAG-1
GRCh38,ACCTCTCCAAGAGAGG-1
GRCh38,ACCTCTCCACCATGCA-1
GRCh38,ACCTCTCCACCCTCAT-1
GRCh38,ACCTCTCCACGGGGTA-1
GRCh38,ACCTCTCCACTGGAGG-1
GRCh38,ACCTCTCCAGGGTGCA-1
GRCh38,ACCTCTCCAGTTGAAG-1
GRCh38,ACCTCTGTCACTGACA-1
GRCh38,ACCTCTGTCATGAGTT-1
GRCh38,ACCTCTGTCCACCCAC-1
GRCh38,ACCTCTGTCCATCGGG-1
GRCh38,ACCTCTGTCCGATCAA-1
GRCh38,ACCTCTGTCCGGTAAC-1
GRCh38,ACCTCTGTCCTCGCAC-1
GRCh38,ACCTCTGTCCTCTAAC-1
GRCh38,ACCTCTGTCGTAGCGT-1
GRCh38,ACCTCTGTCGTAGGCT-1
GRCh38,ACCTGCACAACAATTT-1
GRCh38,ACCTGCACAACACCCA-1
GRCh38,ACCTGCACAACATCCG-1
GRCh38,ACCTGCACAACCTACG-1
GRCh38,ACCTGCACAACTTAGC-1
GRCh38,ACCTGCACAATCAACC-1
GRCh38,ACCTGCACAATCCGGC-1
GRCh38,ACCTGCACACCGTACA-1
GRCh38,ACCTGCACACTAGGCC-1
GRCh38,ACCTGCACACTTCGTC-1
GRCh38,ACCTGCACAGCACGGA-1
GRCh38,ACCTGCACAGTAGCGG-1
GRCh38,ACCTGCACAGTCAAGA-1
GRCh38,ACCTGCACAGTCTTAA-1
GRCh38,ACCTGCGAGAACATAG-1
GRCh38,ACCTGCGAGAACCATT-1
GRCh38,ACCTGCGAGACATAGA-1
GRCh38,ACCTGCGAGACCATGC-1
GRCh38,ACCTGCGAGACCTTAG-1
GRCh38,ACCTGCGAGATGAGGT-1
GRCh38,ACCTGCGAGCAGCTGT-1
GRCh38,ACCTGCGAGCCTGTAA-1
GRCh38,ACCTGCGAGCTCTGAA-1
GRCh38,ACCTGCGAGCTGACAC-1
GRCh38,ACCTGCGAGGCGCTTG-1
GRCh38,ACCTGCGAGGCGTAGA-1
GRCh38,ACCTGCGAGGCGTCAT-1
GRCh38,ACCTGCTGTAACAGAG-1
GRCh38,ACCTGCTGTAGTGATC-1
GRCh38,ACCTGCTGTATCCGCT-1
GRCh38,ACCTGCTGTATGTACA-1
GRCh38,ACCTGCTGTATGTCGG-1
GRCh38,ACCTGCTGTCATTGGG-1
GRCh38,ACCTGCTGTCCAGCTT-1
GRCh38,ACCTGCTGTCCAGGGT-1
GRCh38,ACCTGCTGTCGCTGGG-1
GRCh38,ACCTGCTGTCTTGTGC-1
GRCh38,ACCTGCTGTGCCCGAG-1
GRCh38,ACCTGCTGTGGAACGG-1
GRCh38,ACCTGCTGTGGACCGT-1
GRCh38,ACCTGCTGTGTACCCT-1
GRCh38,ACCTGCTGTGTCCGCC-1
GRCh38,ACCTGTAAGAGTTTAC-1
GRCh38,ACCTGTAAGATTCGTG-1
GRCh38,ACCTGTAAGCCCTAGG-1
GRCh38,ACCTGTAAGCGCCAAT-1
GRCh38,ACCTGTAAGCTAGTGC-1
GRCh38,ACCTGTCGTAAGCCCA-1
GRCh38,ACCTGTCGTAATCAGC-1
GRCh38,ACCTGTCGTACAGGTT-1
GRCh38,ACCTGTCGTAGTGTAC-1
GRCh38,ACCTGTCGTAGTTAGC-1
GRCh38,ACCTGTCGTATGGCGC-1
GRCh38,ACCTGTCGTCAATCCC-1
GRCh38,ACCTGTCGTCAGTATA-1
GRCh38,ACCTGTCGTCCATTTG-1
GRCh38,ACCTGTCGTCCCATGT-1
GRCh38,ACCTGTCGTCGACAGC-1
GRCh38,ACCTGTCGTCGACGTA-1
GRCh38,ACCTGTCGTCTCGTCG-1
GRCh38,ACCTGTCGTGCGTTAG-1
GRCh38,ACCTGTCGTGGACCGT-1
GRCh38,ACCTGTCGTGGTTTCC-1
GRCh38,ACCTGTCGTGTCCGGG-1
GRCh38,ACCTTAACAAAAGGCC-1
GRCh38,ACCTTAACAAATACAA-1
GRCh38,ACCTTAACACAGTCGC-1
GRCh38,ACCTTAACACCACTCT-1
GRCh38,ACCTTAACACCTGTAG-1
GRCh38,ACCTTAACACGACACC-1
GRCh38,ACCTTAACACGCACTA-1
GRCh38,ACCTTAACACGTAATC-1
GRCh38,ACCTTAACACGTAGCC-1
GRCh38,ACCTTAACACTTAACA-1
GRCh38,ACCTTAACAGCAGTAA-1
GRCh38,ACCTTACTCACTTTCA-1
GRCh38,ACCTTACTCAGTTAGT-1
GRCh38,ACCTTACTCCCACCTA-1
GRCh38,ACCTTACTCCCGGCAA-1
GRCh38,ACCTTACTCCGGCTTC-1
GRCh38,ACCTTACTCGGATCAC-1
GRCh38,ACCTTACTCGTTGCAA-1
GRCh38,ACCTTAGAGAAGTGTA-1
GRCh38,ACCTTAGAGACGGAGC-1
GRCh38,ACCTTAGAGAGGACGC-1
GRCh38,ACCTTAGAGATCCAAT-1
GRCh38,ACCTTAGAGCAATGTT-1
GRCh38,ACCTTAGAGCATCGCG-1
GRCh38,ACCTTAGAGCTAGTCA-1
GRCh38,ACCTTAGAGCTGGGTT-1
GRCh38,ACCTTAGAGGGGGTTA-1
GRCh38,ACCTTAGAGGTAACCC-1
GRCh38,ACCTTAGAGGTAGGTG-1
GRCh38,ACCTTATGTAACGAAG-1
GRCh38,ACCTTATGTACTAATG-1
GRCh38,ACCTTATGTAGGAATG-1
GRCh38,ACCTTATGTCAATTCT-1
GRCh38,ACCTTATGTCACGGGT-1
GRCh38,ACCTTATGTCCAGTAG-1
GRCh38,ACCTTATGTCCCAATC-1
GRCh38,ACCTTATGTCCTCGAT-1
GRCh38,ACCTTATGTCTAGGGC-1
GRCh38,ACCTTATGTCTATTGT-1
GRCh38,ACCTTATGTGCCTTGT-1
GRCh38,ACCTTATGTGGAATTC-1
GRCh38,ACCTTATGTGTGTTAA-1
GRCh38,ACCTTCGTCAGACTGC-1
GRCh38,ACCTTCGTCAGCGTGT-1
GRCh38,ACCTTCGTCAGCTATG-1
GRCh38,ACCTTCGTCATCTTCA-1
GRCh38,ACCTTCGTCCAACGTA-1
GRCh38,ACCTTCGTCCCACCTA-1
GRCh38,ACCTTCGTCCCTTAGT-1
GRCh38,ACCTTCGTCGGTCTAA-1
GRCh38,ACCTTCGTCGTAACGC-1
GRCh38,ACCTTGCGTACTGGAT-1
GRCh38,ACCTTGCGTATACTAG-1
GRCh38,ACCTTGCGTATTGTCT-1
GRCh38,ACCTTGCGTCAAGGCC-1
GRCh38,ACCTTGCGTCAATGCG-1
GRCh38,ACCTTGCGTCCTTATG-1
GRCh38,ACCTTGCGTCGACGGT-1
GRCh38,ACCTTGCGTCTAACGG-1
GRCh38,ACCTTTCAGAACTAAG-1
GRCh38,ACCTTTCAGACAAGAC-1
GRCh38,ACCTTTCAGACCCATA-1
GRCh38,ACCTTTCAGAGTGGGC-1
GRCh38,ACCTTTCAGATGAGGT-1
GRCh38,ACCTTTCAGCAAAGTA-1
GRCh38,ACCTTTCAGCATTAAC-1
GRCh38,ACCTTTCAGCGCGTCA-1
GRCh38,ACCTTTCAGGCATGGA-1
GRCh38,ACCTTTCAGGTAAGGT-1
GRCh38,ACCTTTGGTAACGCCA-1
GRCh38,ACCTTTGGTAGGAGGT-1
GRCh38,ACCTTTGGTCACGTTC-1
GRCh38,ACCTTTGGTCGATAGT-1
GRCh38,ACCTTTGGTGGGGATG-1
GRCh38,ACGAAAGGTACTCCCG-1
GRCh38,ACGAAAGGTAGTTATG-1
GRCh38,ACGAAAGGTCCCTCTC-1
GRCh38,ACGAAAGGTCCTTTGA-1
GRCh38,ACGAAAGGTCTACAGG-1
GRCh38,ACGAAATCAAACATAA-1
GRCh38,ACGAAATCAAAGGGGA-1
GRCh38,ACGAAATCAAATTGCC-1
GRCh38,ACGAAATCAACGTCCA-1
GRCh38,ACGAAATCAATCGAAG-1
GRCh38,ACGAAATCACACCTCT-1
GRCh38,ACGAAATCACATTAGC-1
GRCh38,ACGAAATCACCCTTAC-1
GRCh38,ACGAAATCACCTCATC-1
GRCh38,ACGAAATCACTACTTT-1
GRCh38,ACGAAATCACTATCTT-1
GRCh38,ACGAAATCAGGAACCG-1
GRCh38,ACGAAATCAGTATCAC-1
GRCh38,ACGAAATCAGTCAACT-1
GRCh38,ACGAAATCAGTCCTCT-1
GRCh38,ACGAACACAAAGCAAT-1
GRCh38,ACGAACACAACAGAGC-1
GRCh38,ACGAACACAACCCACA-1
GRCh38,ACGAACACAACGAGGT-1
GRCh38,ACGAACACAACGGACG-1
GRCh38,ACGAACACAATCGGGG-1
GRCh38,ACGAACACACACCCAA-1
GRCh38,ACGAACACACCAGGCT-1
GRCh38,ACGAACACACGTGCTA-1
GRCh38,ACGAACACACTTCATT-1
GRCh38,ACGAACACAGCGCATC-1
GRCh38,ACGAACACAGGCACTC-1
GRCh38,ACGAACACAGTAAGAT-1
GRCh38,ACGAACCTCACCAAAT-1
GRCh38,ACGAACCTCACCACTT-1
GRCh38,ACGAACCTCACTAAAC-1
GRCh38,ACGAACCTCCACAGGT-1
GRCh38,ACGAACCTCCCATGCC-1
GRCh38,ACGAACCTCCTCTGCA-1
GRCh38,ACGAACCTCGCATAAT-1
GRCh38,ACGAACCTCGCTGAGT-1
GRCh38,ACGAACCTCGGGCCTA-1
GRCh38,ACGAACGAGAGGCGGT-1
GRCh38,ACGAACGAGATACGAA-1
GRCh38,ACGAACGAGCACTGCG-1
GRCh38,ACGAACGAGCAGGCTT-1
GRCh38,ACGAACGAGCCGTATA-1
GRCh38,ACGAACGAGCGTGTCG-1
GRCh38,ACGAACGAGGGATAGT-1
GRCh38,ACGAAGCCACAGTCGC-1
GRCh38,ACGAAGCCAGCTTCGA-1
GRCh38,ACGAAGCCAGTGATTC-1
GRCh38,ACGAAGCCAGTGGTAA-1
GRCh38,ACGAAGTAGACGGGTA-1
GRCh38,ACGAAGTAGCAAAGCG-1
GRCh38,ACGAAGTAGCTAAGCC-1
GRCh38,ACGAAGTAGGCTTGCG-1
GRCh38,ACGAAGTAGGTTGATT-1
GRCh38,ACGACACTCAATTCGG-1
GRCh38,ACGACACTCACACTTC-1
GRCh38,ACGACACTCACTCCCA-1
GRCh38,ACGACACTCAGCGTAC-1
GRCh38,ACGACACTCATGGGTC-1
GRCh38,ACGACACTCCGTGTCC-1
GRCh38,ACGACACTCGCGGTTG-1
GRCh38,ACGACAGAGAGGCGTA-1
GRCh38,ACGACAGAGCCATATG-1
GRCh38,ACGACAGAGCGAAGCA-1
GRCh38,ACGACAGAGGCTTGTA-1
GRCh38,ACGACAGAGGTAAGTA-1
GRCh38,ACGACAGAGGTATGGG-1
GRCh38,ACGACCCCAAAACGCA-1
GRCh38,ACGACCCCAACCCACA-1
GRCh38,ACGACCCCAATCGGGG-1
GRCh38,ACGACCCCACCCAAGC-1
GRCh38,ACGACCCCACTGACGC-1
GRCh38,ACGACCCCACTTAACA-1
GRCh38,ACGACCCCAGGCGTTC-1
GRCh38,ACGACGAAGAAGGGTT-1
GRCh38,ACGACGAAGACAGACG-1
GRCh38,ACGACGAAGACCCTTT-1
GRCh38,ACGACGAAGACGTCAC-1
GRCh38,ACGACGAAGACGTGTC-1
GRCh38,ACGACGAAGACTTGTG-1
GRCh38,ACGACGAAGATAATCC-1
GRCh38,ACGACGAAGATAGTGA-1
GRCh38,ACGACGAAGATGGGTG-1
GRCh38,ACGACGAAGCAAGGGC-1
GRCh38,ACGACGAAGCAATCCA-1
GRCh38,ACGACGAAGCAGTAGG-1
GRCh38,ACGACGAAGCTCGTGG-1
GRCh38,ACGACGAAGGGTGAAT-1
GRCh38,ACGACTATCAGTTTGG-1
GRCh38,ACGACTATCATCTCAC-1
GRCh38,ACGACTATCATGAGTT-1
GRCh38,ACGACTATCATGGAAA-1
GRCh38,ACGACTATCCGGTATA-1
GRCh38,ACGACTATCCTACTAC-1
GRCh38,ACGACTATCGGTCTAA-1
GRCh38,ACGACTATCGTATTGG-1
GRCh38,ACGAGACCAAACCATC-1
GRCh38,ACGAGACCAACAACAG-1
GRCh38,ACGAGACCAAGCGCTC-1
GRCh38,ACGAGACCAAGGAATT-1
GRCh38,ACGAGACCAATGGGAC-1
GRCh38,ACGAGACCACCCTAGA-1
GRCh38,ACGAGACCACCGCTAA-1
GRCh38,ACGAGACCACCTGTAG-1
GRCh38,ACGAGACCACGCAACC-1
GRCh38,ACGAGACCACGCCATA-1
GRCh38,ACGAGACCACGTCGTA-1
GRCh38,ACGAGACCACTAAGCT-1
GRCh38,ACGAGACCAGGCACTC-1
GRCh38,ACGAGACCAGTGCAGG-1
GRCh38,ACGAGCTTCAATTGGT-1
GRCh38,ACGAGCTTCACTCCTG-1
GRCh38,ACGAGCTTCCAATAGT-1
GRCh38,ACGAGCTTCCGGGTCA-1
GRCh38,ACGAGCTTCCGTCAAA-1
GRCh38,ACGAGCTTCGGGTCAT-1
GRCh38,ACGAGCTTCGTCAAGC-1
GRCh38,ACGAGCTTCGTCTTCG-1
GRCh38,ACGAGGCAGAGTAATG-1
GRCh38,ACGAGGCAGCACAGGA-1
GRCh38,ACGAGGCAGCAGCGAA-1
GRCh38,ACGAGGCAGCCTGGCA-1
GRCh38,ACGAGGCAGCGGATTC-1
GRCh38,ACGAGGCAGCGTACAC-1
GRCh38,ACGAGGCAGGCCATAC-1
GRCh38,ACGAGGCAGGGGAGCT-1
GRCh38,ACGAGGCAGGGGATTG-1
GRCh38,ACGAGGTCAAAAGTTA-1
GRCh38,ACGAGGTCAACAATCC-1
GRCh38,ACGAGGTCAACTGGAA-1
GRCh38,ACGAGGTCACGTCAAT-1
GRCh38,ACGAGGTCAGGCATAA-1
GRCh38,ACGAGGTCAGTTGATC-1
GRCh38,ACGAGTTGTACAGCAT-1
GRCh38,ACGAGTTGTATCACGG-1
GRCh38,ACGAGTTGTCACGCTT-1
GRCh38,ACGAGTTGTCGCATAG-1
GRCh38,ACGAGTTGTCGGGTTA-1
GRCh38,ACGAGTTGTCTTATAC-1
GRCh38,ACGAGTTGTGCCCCTA-1
GRCh38,ACGAGTTGTGGCGTGT-1
GRCh38,ACGAGTTGTGTCCTTA-1
GRCh38,ACGAGTTGTGTGCAAT-1
GRCh38,ACGATAGCAAAGTCTC-1
GRCh38,ACGATAGCAAATTTCG-1
GRCh38,ACGATAGCAACGGTCC-1
GRCh38,ACGATAGCAAGCAAAT-1
GRCh38,ACGATAGCAAGCAGTA-1
GRCh38,ACGATAGCACATTGGT-1
GRCh38,ACGATAGCACCTAACG-1
GRCh38,ACGATAGCACGTCGTA-1
GRCh38,ACGATAGCACTAGGAA-1
GRCh38,ACGATAGCACTGGGAG-1
GRCh38,ACGATAGCAGCTAGAA-1
GRCh38,ACGATATTCAATATTG-1
GRCh38,ACGATATTCACACAAT-1
GRCh38,ACGATATTCACCTTAC-1
GRCh38,ACGATATTCATAAGCT-1
GRCh38,ACGATATTCATGCAGC-1
GRCh38,ACGATATTCGGCCCTT-1
GRCh38,ACGATATTCGGCGTTG-1
GRCh38,ACGATGGAGAATACGA-1
GRCh38,ACGATGGAGAGCGGAC-1
GRCh38,ACGATGGAGATGTATC-1
GRCh38,ACGATGGAGATTATGC-1
GRCh38,ACGATGGAGCAAATTC-1
GRCh38,ACGATGGAGCACAGGA-1
GRCh38,ACGATGGAGCCAAATT-1
GRCh38,ACGATGGAGCGACAAG-1
GRCh38,ACGATGGAGCGATGAG-1
GRCh38,ACGATGGAGCTACTTC-1
GRCh38,ACGATGGAGCTTAAGT-1
GRCh38,ACGATGGAGGGGGTTA-1
GRCh38,ACGATGGAGGGTATCC-1
GRCh38,ACGATGGAGGTATGGG-1
GRCh38,ACGATGGAGGTCGTAC-1
GRCh38,ACGCAACTCACGAGCT-1
GRCh38,ACGCAACTCAGGTAAA-1
GRCh38,ACGCAACTCAGTATTA-1
GRCh38,ACGCAACTCATTCGCT-1
GRCh38,ACGCAACTCCCACGCT-1
GRCh38,ACGCAACTCCCAGCTC-1
GRCh38,ACGCAACTCCCTTTAA-1
GRCh38,ACGCAACTCCTAGCAA-1
GRCh38,ACGCAACTCGTACGGT-1
GRCh38,ACGCAATGTAACCGTG-1
GRCh38,ACGCAATGTAACGAGA-1
GRCh38,ACGCAATGTCACCCGC-1
GRCh38,ACGCAATGTCAGCCTT-1
GRCh38,ACGCAATGTCGATTCC-1
GRCh38,ACGCAATGTCGTGTCT-1
GRCh38,ACGCAATGTCTAGGTG-1
GRCh38,ACGCAATGTCTGCGCC-1
GRCh38,ACGCAATGTGCCTTCG-1
GRCh38,ACGCAATGTGTGCCGG-1
GRCh38,ACGCACCCAACGTTAC-1
GRCh38,ACGCACCCAAGGCACG-1
GRCh38,ACGCACCCAAGTCCAT-1
GRCh38,ACGCACCCAATGCATC-1
GRCh38,ACGCACCCACAGCGGA-1
GRCh38,ACGCACCCACCATGCA-1
GRCh38,ACGCACCCAGCGACGA-1
GRCh38,ACGCACCCAGTACTTA-1
GRCh38,ACGCACCCAGTCTGCA-1
GRCh38,ACGCAGGCAAACGGTA-1
GRCh38,ACGCAGGCAACAGAGC-1
GRCh38,ACGCAGGCAAGTCTTA-1
GRCh38,ACGCAGGCAATCTGAC-1
GRCh38,ACGCAGGCACAATCCG-1
GRCh38,ACGCAGGCACATCATA-1
GRCh38,ACGCAGGCACGCCAAC-1
GRCh38,ACGCAGGCAGCGCACT-1
GRCh38,ACGCAGGCAGGACCGA-1
GRCh38,ACGCAGGCAGTGAAAT-1
GRCh38,ACGCAGGCAGTTAGAG-1
GRCh38,ACGCAGGCAGTTGAAG-1
GRCh38,ACGCAGTTCAACGGCT-1
GRCh38,ACGCAGTTCAATATGC-1
GRCh38,ACGCAGTTCAATCTCC-1
GRCh38,ACGCAGTTCACGGCCA-1
GRCh38,ACGCAGTTCACGGTCG-1
GRCh38,ACGCAGTTCAGTACTG-1
GRCh38,ACGCAGTTCATGGGCT-1
GRCh38,ACGCAGTTCCACTCCA-1
GRCh38,ACGCAGTTCCATCGGG-1
GRCh38,ACGCAGTTCCATTCTA-1
GRCh38,ACGCAGTTCCCACGCT-1
GRCh38,ACGCAGTTCGCCCTAC-1
GRCh38,ACGCAGTTCGGCTTCC-1
GRCh38,ACGCATATCAAGGGTG-1
GRCh38,ACGCATATCACGCCCT-1
GRCh38,ACGCATATCAGCTGTA-1
GRCh38,ACGCATATCATCCCGC-1
GRCh38,ACGCATATCCCACCTA-1
GRCh38,ACGCATATCCCCAACC-1
GRCh38,ACGCATATCCGATGTA-1
GRCh38,ACGCATATCCGGCCTT-1
GRCh38,ACGCATGGTACCAGAT-1
GRCh38,ACGCATGGTAGGTTGT-1
GRCh38,ACGCATGGTCAATCCC-1
GRCh38,ACGCATGGTCCAGGGT-1
GRCh38,ACGCATGGTCCTATGC-1
GRCh38,ACGCATGGTCGCAGTA-1
GRCh38,ACGCATGGTCGCTCGC-1
GRCh38,ACGCATGGTCGGTTCT-1
GRCh38,ACGCATGGTCTTAGTT-1
GRCh38,ACGCATGGTGGGCGTT-1
GRCh38,ACGCCACCAAACCTTA-1
GRCh38,ACGCCACCAACGTCGC-1
GRCh38,ACGCCACCACCATTAA-1
GRCh38,ACGCCACCACGTTAGT-1
GRCh38,ACGCCACCACTCGGTA-1
GRCh38,ACGCCACCACTGCTTC-1
GRCh38,ACGCCACCAGGTATCT-1
GRCh38,ACGCCACCAGTCGCAC-1
GRCh38,ACGCCATAGAGACGAT-1
GRCh38,ACGCCATAGAGCTTGC-1
GRCh38,ACGCCATAGCAATGTT-1
GRCh38,ACGCCATAGCACTAGC-1
GRCh38,ACGCCATAGCATAGCC-1
GRCh38,ACGCCATAGCCCTTTG-1
GRCh38,ACGCCATAGCGTCATA-1
GRCh38,ACGCCATAGGGAGATT-1
GRCh38,ACGCCATAGGTGTTAT-1
GRCh38,ACGCCATAGGTTCGAC-1
GRCh38,ACGCCCAAGAACGTGG-1
GRCh38,ACGCCCAAGAGGGACC-1
GRCh38,ACGCCCAAGCCAATAT-1
GRCh38,ACGCCCAAGCGAAGTG-1
GRCh38,ACGCCCAAGGTGCTAC-1
GRCh38,ACGCCCAAGGTTCGAC-1
GRCh38,ACGCCCTTCACTACCT-1
GRCh38,ACGCCCTTCATAATGC-1
GRCh38,ACGCCCTTCATCCGTT-1
GRCh38,ACGCCCTTCCACAGGT-1
GRCh38,ACGCCCTTCCGCTTGC-1
GRCh38,ACGCCCTTCCGTCTAT-1
GRCh38,ACGCCCTTCCTATCAC-1
GRCh38,ACGCCCTTCCTCCGGT-1
GRCh38,ACGCCCTTCGCATGGT-1
GRCh38,ACGCCCTTCGCCTACC-1
GRCh38,ACGCCCTTCGCTCGCT-1
GRCh38,ACGCCGGGTACAATTG-1
GRCh38,ACGCCGGGTACATCTT-1
GRCh38,ACGCCGGGTACATTTC-1
GRCh38,ACGCCGGGTACCTGCT-1
GRCh38,ACGCCGGGTACTACAA-1
GRCh38,ACGCCGGGTACTACGG-1
GRCh38,ACGCCGGGTCCAGGTA-1
GRCh38,ACGCCGGGTCGTCAGA-1
GRCh38,ACGCCGGGTCGTGCCC-1
GRCh38,ACGCCGGGTCGTTAAA-1
GRCh38,ACGCCGGGTCTCGTCG-1
GRCh38,ACGCCGGGTGCATTGG-1
GRCh38,ACGCCGGGTGGAGCCT-1
GRCh38,ACGCCGGGTGGATAAG-1
GRCh38,ACGCCTCTCACGAACC-1
GRCh38,ACGCCTCTCCAAGCTA-1
GRCh38,ACGCCTCTCCTTGTCG-1
GRCh38,ACGCCTCTCGCAACGT-1
GRCh38,ACGCCTCTCGGTCATA-1
GRCh38,ACGCGAAAGAATCAAG-1
GRCh38,ACGCGAAAGAGCTTAT-1
GRCh38,ACGCGAAAGATAATCC-1
GRCh38,ACGCGAAAGATAGTGA-1
GRCh38,ACGCGAAAGATGTTCG-1
GRCh38,ACGCGAAAGCAAACCC-1
GRCh38,ACGCGAAAGCTAACAT-1
GRCh38,ACGCGAAAGCTGCATA-1
GRCh38,ACGCGAAAGGTATATC-1
GRCh38,ACGCGAGCAAAGGACC-1
GRCh38,ACGCGAGCAAGAATTA-1
GRCh38,ACGCGAGCAATATGCC-1
GRCh38,ACGCGAGCAATCTTAG-1
GRCh38,ACGCGAGCAATGCTCG-1
GRCh38,ACGCGAGCACGCACGT-1
GRCh38,ACGCGAGCACTAACCG-1
GRCh38,ACGCGAGCACTAAGGA-1
GRCh38,ACGCGAGCAGCAGGCA-1
GRCh38,ACGCGAGCAGTCATAC-1
GRCh38,ACGCGAGCAGTGCATT-1
GRCh38,ACGCGCATCACCTTAC-1
GRCh38,ACGCGCATCATGGTAT-1
GRCh38,ACGCGCATCCCTGCAC-1
GRCh38,ACGCGCATCCTCAGCC-1
GRCh38,ACGCGCATCGCGTAGT-1
GRCh38,ACGCGCATCGCGTGCA-1
GRCh38,ACGCGCATCGCTCTAT-1
GRCh38,ACGCGCATCGCTGAGT-1
GRCh38,ACGCGCATCGCTTCAT-1
GRCh38,ACGCGCGGTAAGCATC-1
GRCh38,ACGCGCGGTAATCAGC-1
GRCh38,ACGCGCGGTACGTTGG-1
GRCh38,ACGCGCGGTACTATGA-1
GRCh38,ACGCGCGGTACTCAGG-1
GRCh38,ACGCGCGGTACTTATC-1
GRCh38,ACGCGCGGTAGTTTAG-1
GRCh38,ACGCGCGGTATACTTC-1
GRCh38,ACGCGCGGTCGCCATT-1
GRCh38,ACGCGCGGTCGGTTCT-1
GRCh38,ACGCGCGGTGCTGCCC-1
GRCh38,ACGCGCGGTGGAGCAG-1
GRCh38,ACGCGCGGTGGCGTGT-1
GRCh38,ACGCGCGGTGTAAAGG-1
GRCh38,ACGCGCGGTGTAAGGA-1
GRCh38,ACGCGCGGTGTAGGTT-1
GRCh38,ACGCGCTCAAACACCT-1
GRCh38,ACGCGCTCAACATAGG-1
GRCh38,ACGCGCTCAAGTCTTA-1
GRCh38,ACGCGCTCACAGTCCA-1
GRCh38,ACGCGCTCACATGCCA-1
GRCh38,ACGCGCTCACGCCAAC-1
GRCh38,ACGCGCTCACTATAAT-1
GRCh38,ACGCGCTCACTGGAGG-1
GRCh38,ACGCGCTCAGCTAAGA-1
GRCh38,ACGCGCTCAGTACATC-1
GRCh38,ACGCGTCCAACCCGTA-1
GRCh38,ACGCGTCCAATCCGGC-1
GRCh38,ACGCGTCCAATGACCT-1
GRCh38,ACGCGTCCACCCTATC-1
GRCh38,ACGCGTCCACCGAATT-1
GRCh38,ACGCGTCCACGCACTA-1
GRCh38,ACGCGTCCACGGGGTA-1
GRCh38,ACGCGTCCAGCTTATA-1
GRCh38,ACGCGTGTCAGTATCG-1
GRCh38,ACGCGTGTCATAACGT-1
GRCh38,ACGCGTGTCCCGTAAA-1
GRCh38,ACGCGTGTCGCATCAA-1
GRCh38,ACGCGTGTCGCCATGG-1
GRCh38,ACGCGTGTCGCGATGT-1
GRCh38,ACGCGTGTCGTATGCA-1
GRCh38,ACGCGTTAGAAGGCGC-1
GRCh38,ACGCGTTAGACGACAG-1
GRCh38,ACGCGTTAGATAGGGT-1
GRCh38,ACGCGTTAGCACATCA-1
GRCh38,ACGCGTTAGCGGGATA-1
GRCh38,ACGCGTTAGCTCGATA-1
GRCh38,ACGCGTTAGGCCATGT-1
GRCh38,ACGCGTTAGGCGCTCA-1
GRCh38,ACGCGTTAGGTAGTAA-1
GRCh38,ACGCGTTAGGTGATTT-1
GRCh38,ACGCGTTAGGTGCCAT-1
GRCh38,ACGCGTTAGGTTAGTT-1
GRCh38,ACGCTAATCACGCAGT-1
GRCh38,ACGCTAATCCCCTTAG-1
GRCh38,ACGCTAATCCTTCTAA-1
GRCh38,ACGCTAATCGGGTTAC-1
GRCh38,ACGCTAATCGTATGTG-1
GRCh38,ACGCTCACAAACATGG-1
GRCh38,ACGCTCACAAAGTTCC-1
GRCh38,ACGCTCACAACCTAAC-1
GRCh38,ACGCTCACAAGCACAA-1
GRCh38,ACGCTCACAAGTGGGT-1
GRCh38,ACGCTCACACACGGTC-1
GRCh38,ACGCTCACACTGCAAT-1
GRCh38,ACGCTCACAGCGTGAG-1
GRCh38,ACGCTCACAGGATGGT-1
GRCh38,ACGCTCACAGGTTTAC-1
GRCh38,ACGCTCACAGTCCTAG-1
GRCh38,ACGCTCCTCACTGACA-1
GRCh38,ACGCTCCTCCAAATTA-1
GRCh38,ACGCTCCTCCAAGACC-1
GRCh38,ACGCTCCTCCACAACA-1
GRCh38,ACGCTCCTCCCACTTG-1
GRCh38,ACGCTCCTCCCCTAGC-1
GRCh38,ACGCTCCTCCTTAGTC-1
GRCh38,ACGCTCCTCGGCAATC-1
GRCh38,ACGCTCCTCGGCGTAT-1
GRCh38,ACGCTGAGTACGCTGA-1
GRCh38,ACGCTGAGTATATCAG-1
GRCh38,ACGCTGAGTCACTAGG-1
GRCh38,ACGCTGAGTCATAGTA-1
GRCh38,ACGCTGAGTCTAAGTA-1
GRCh38,ACGCTGAGTCTTGTGC-1
GRCh38,ACGCTGAGTGCACGTA-1
GRCh38,ACGCTGAGTGCTGGGT-1
GRCh38,ACGCTGAGTGGAAAGC-1
GRCh38,ACGCTGAGTGGTCTAG-1
GRCh38,ACGCTGAGTGTCCCTG-1
GRCh38,ACGCTGTAGACTATGT-1
GRCh38,ACGCTGTAGAGAAGCT-1
GRCh38,ACGCTGTAGCTCAGCG-1
GRCh38,ACGCTGTAGGTTGCCG-1
GRCh38,ACGCTTCGTACTGTGG-1
GRCh38,ACGCTTCGTATCAATG-1
GRCh38,ACGCTTCGTATGAGCT-1
GRCh38,ACGCTTCGTCAATTAG-1
GRCh38,ACGCTTCGTCAGTGCA-1
GRCh38,ACGCTTCGTCCGCCTA-1
GRCh38,ACGCTTCGTGGAACGG-1
GRCh38,ACGGACGCAACGTACT-1
GRCh38,ACGGACGCACCAAGGG-1
GRCh38,ACGGACGCACCCAAAT-1
GRCh38,ACGGACGCACGAGCGA-1
GRCh38,ACGGACGCACTACGCA-1
GRCh38,ACGGACGCACTACTAA-1
GRCh38,ACGGACGCACTAGCGC-1
GRCh38,ACGGACGCAGGATTAG-1
GRCh38,ACGGACGCAGTCTTAA-1
GRCh38,ACGGACGCAGTGCTCA-1
GRCh38,ACGGAGCAGAAAGCTA-1
GRCh38,ACGGAGCAGAACTCAT-1
GRCh38,ACGGAGCAGATCTTGG-1
GRCh38,ACGGAGCAGCAATACT-1
GRCh38,ACGGAGCAGCCCTGGA-1
GRCh38,ACGGAGCAGCTAATAC-1
GRCh38,ACGGAGCAGCTGTGCG-1
GRCh38,ACGGAGCAGCTTCGTT-1
GRCh38,ACGGAGCAGGCTTCAA-1
GRCh38,ACGGATTGTAATCGCG-1
GRCh38,ACGGATTGTAGGACCC-1
GRCh38,ACGGATTGTAGGGCGA-1
GRCh38,ACGGATTGTAGTCTCC-1
GRCh38,ACGGATTGTCAAAGGA-1
GRCh38,ACGGATTGTCAACCCT-1
GRCh38,ACGGATTGTCATATTC-1
GRCh38,ACGGATTGTCCTAGCT-1
GRCh38,ACGGATTGTGCAGTCA-1
GRCh38,ACGGATTGTGGCATTG-1
GRCh38,ACGGCAAAGACCACGT-1
GRCh38,ACGGCAAAGACTTTGG-1
GRCh38,ACGGCAAAGATCACAT-1
GRCh38,ACGGCAAAGCTCCTCA-1
GRCh38,ACGGCAAAGGGTCTGT-1
GRCh38,ACGGCAAAGGTAGACG-1
GRCh38,ACGGCAGCAAATCTCA-1
GRCh38,ACGGCAGCAACAGCGG-1
GRCh38,ACGGCAGCAAGAAGCC-1
GRCh38,ACGGCAGCAAGACGAC-1
GRCh38,ACGGCAGCAAGGTTCT-1
GRCh38,ACGGCAGCAATGACCT-1
GRCh38,ACGGCAGCACAACCCA-1
GRCh38,ACGGCAGCACATAGCT-1
GRCh38,ACGGCAGCACCCTCAT-1
GRCh38,ACGGCAGCACCTAACG-1
GRCh38,ACGGCAGCACGCAATT-1
GRCh38,ACGGCAGCAGCCAATT-1
GRCh38,ACGGCAGCAGGCAATA-1
GRCh38,ACGGCAGCAGTTGATC-1
GRCh38,ACGGCCATCACTGACA-1
GRCh38,ACGGCCATCATTGGCA-1
GRCh38,ACGGCCATCCAACCTT-1
GRCh38,ACGGCCATCCAGTATG-1
GRCh38,ACGGCCATCGCCCTAC-1
GRCh38,ACGGCCATCGGAGTCT-1
GRCh38,ACGGCCATCGGCTCCT-1
GRCh38,ACGGCCATCGGTGCAT-1
GRCh38,ACGGCCATCGTAGCAC-1
GRCh38,ACGGCCATCGTATTAA-1
GRCh38,ACGGGATCAACCCTCT-1
GRCh38,ACGGGATCAACGTGCC-1
GRCh38,ACGGGATCACATCGCA-1
GRCh38,ACGGGATCACGTCAGC-1
GRCh38,ACGGGATCACTTCTAT-1
GRCh38,ACGGGATCAGCAACGG-1
GRCh38,ACGGGATCAGCTTACG-1
GRCh38,ACGGGATCAGGATTAG-1
GRCh38,ACGGGATCAGGTCATT-1
GRCh38,ACGGGATCAGTGTCAT-1
GRCh38,ACGGGATCAGTTAACC-1
GRCh38,ACGGGCTGTAAGGGTA-1
GRCh38,ACGGGCTGTACGGGCT-1
GRCh38,ACGGGCTGTAGCGGAG-1
GRCh38,ACGGGCTGTAGCGTTG-1
GRCh38,ACGGGCTGTAGGCAGG-1
GRCh38,ACGGGCTGTATGGGCC-1
GRCh38,ACGGGCTGTATGTTCT-1
GRCh38,ACGGGCTGTCAATCCC-1
GRCh38,ACGGGCTGTCATTATC-1
GRCh38,ACGGGCTGTCGGTTCT-1
GRCh38,ACGGGCTGTCGTCTTA-1
GRCh38,ACGGGCTGTGGGTTGC-1
GRCh38,ACGGGCTGTGGTAAAG-1
GRCh38,ACGGGCTGTGTCCGGG-1
GRCh38,ACGGGGTAGAATCTGT-1
GRCh38,ACGGGGTAGACGCTGT-1
GRCh38,ACGGGGTAGAGAGGTT-1
GRCh38,ACGGGGTAGATAGCGG-1
GRCh38,ACGGGGTAGATGTGTT-1
GRCh38,ACGGGGTAGCACAATT-1
GRCh38,ACGGGGTAGCCTATTC-1
GRCh38,ACGGGGTAGCGCATTA-1
GRCh38,ACGGGGTAGCGTACAC-1
GRCh38,ACGGGGTAGCGTTACA-1
GRCh38,ACGGGGTAGCTAAACT-1
GRCh38,ACGGGGTAGGCAGGGT-1
GRCh38,ACGGGGTAGGCGTGAA-1
GRCh38,ACGGGGTAGGGGCTAA-1
GRCh38,ACGGGGTAGGTCCTTT-1
GRCh38,ACGGGGTAGGTCTAGC-1
GRCh38,ACGGGGTAGGTGTATT-1
GRCh38,ACGGGTAAGAAATGGC-1
GRCh38,ACGGGTAAGACGCGAA-1
GRCh38,ACGGGTAAGCAACGAG-1
GRCh38,ACGGGTAAGGCTAACC-1
GRCh38,ACGGGTAAGGCTTTGA-1
GRCh38,ACGGGTAAGGGACGGT-1
GRCh38,ACGGGTAAGGGCATGA-1
GRCh38,ACGGGTAAGGGCTTGT-1
GRCh38,ACGGGTCGTAAGCCAT-1
GRCh38,ACGGGTCGTAATCCGG-1
GRCh38,ACGGGTCGTAGCATCG-1
GRCh38,ACGGGTCGTATAATCG-1
GRCh38,ACGGGTCGTATAGCGT-1
GRCh38,ACGGGTCGTATGGCGC-1
GRCh38,ACGGGTCGTATTACAG-1
GRCh38,ACGGGTCGTCAATTCT-1
GRCh38,ACGGGTCGTCACTAGG-1
GRCh38,ACGGGTCGTCATGTCC-1
GRCh38,ACGGGTCGTCCAGGTA-1
GRCh38,ACGGGTCGTCCTTAAT-1
GRCh38,ACGGGTCGTCGGTATG-1
GRCh38,ACGGGTCGTCTACTAT-1
GRCh38,ACGGGTCGTGCCTCGC-1
GRCh38,ACGGGTCGTGCTTCCG-1
GRCh38,ACGGGTCGTGGATTGT-1
GRCh38,ACGGGTCGTGGCAAGG-1
GRCh38,ACGGGTCGTGTCGTAG-1
GRCh38,ACGGGTTTCACAATTA-1
GRCh38,ACGGGTTTCACAGCTA-1
GRCh38,ACGGGTTTCATACTAA-1
GRCh38,ACGGGTTTCCACCGCT-1
GRCh38,ACGGGTTTCCATTCCG-1
GRCh38,ACGGGTTTCCCAACCC-1
GRCh38,ACGGGTTTCCCCACTA-1
GRCh38,ACGGGTTTCCCGTGTC-1
GRCh38,ACGGGTTTCCGACGCA-1
GRCh38,ACGGGTTTCCGCGGTA-1
GRCh38,ACGGGTTTCGCGAAAG-1
GRCh38,ACGGGTTTCGGCGATT-1
GRCh38,ACGGGTTTCGTGGGTT-1
GRCh38,ACGGTCAGTACTACAA-1
GRCh38,ACGGTCAGTACTACGG-1
GRCh38,ACGGTCAGTAGGACCC-1
GRCh38,ACGGTCAGTATAGTGC-1
GRCh38,ACGGTCAGTATCCAGG-1
GRCh38,ACGGTCAGTCACGGGT-1
GRCh38,ACGGTCAGTCAGTAGT-1
GRCh38,ACGGTCAGTCCAAGAT-1
GRCh38,ACGGTCAGTCCGTTGT-1
GRCh38,ACGGTCAGTGCATTCC-1
GRCh38,ACGGTCAGTGGGTGTC-1
GRCh38,ACGGTCCCAATCATTG-1
GRCh38,ACGGTCCCACCACAGC-1
GRCh38,ACGGTCCCACCGTCAA-1
GRCh38,ACGGTCCCACGATTAC-1
GRCh38,ACGGTCCCACGGCTTA-1
GRCh38,ACGGTCCCACTGCTCT-1
GRCh38,ACGGTCCCAGCCCATA-1
GRCh38,ACGGTCCCAGGTATTC-1
GRCh38,ACGGTCCCAGTGTGGG-1
GRCh38,ACGGTCCCAGTTCGCA-1
GRCh38,ACGGTCGTCACAGCAC-1
GRCh38,ACGGTCGTCATACGTG-1
GRCh38,ACGGTCGTCCAAAGCC-1
GRCh38,ACGGTCGTCCCTACGC-1
GRCh38,ACGGTCGTCCGAGCAT-1
GRCh38,ACGGTCGTCCGGTCGA-1
GRCh38,ACGGTCGTCGCCTACC-1
GRCh38,ACGGTCGTCGGCGAAA-1
GRCh38,ACGGTCGTCGGTATAT-1
GRCh38,ACGGTCGTCGGTTACA-1
GRCh38,ACGGTCGTCGGTTTAG-1
GRCh38,ACGGTGCGTACAAGTC-1
GRCh38,ACGGTGCGTCTACGGA-1
GRCh38,ACGGTGCGTCTTGTGC-1
GRCh38,ACGGTGCGTGCGAGGA-1
GRCh38,ACGGTGCGTGGTTTAA-1
GRCh38,ACGGTGTTCAACCAAT-1
GRCh38,ACGGTGTTCACAGACC-1
GRCh38,ACGGTGTTCACGTGGT-1
GRCh38,ACGGTGTTCAGTATGT-1
GRCh38,ACGGTGTTCAGTTGTG-1
GRCh38,ACGGTGTTCATACCTC-1
GRCh38,ACGGTGTTCCGATACA-1
GRCh38,ACGGTGTTCCGGGATT-1
GRCh38,ACGGTGTTCCTACTAC-1
GRCh38,ACGGTGTTCGCTCATT-1
GRCh38,ACGGTGTTCGGCTTGG-1
GRCh38,ACGGTGTTCGGTAGCT-1
GRCh38,ACGGTGTTCGTAACTG-1
GRCh38,ACGGTTATCATGCGTA-1
GRCh38,ACGGTTATCCTCCGAC-1
GRCh38,ACGGTTATCGGACTAC-1
GRCh38,ACGGTTATCGGTATTG-1
GRCh38,ACGGTTATCGGTCAAC-1
GRCh38,ACGGTTATCGGTTAGC-1
GRCh38,ACGGTTATCGTGGCCA-1
GRCh38,ACGGTTGGTAGCTTCC-1
GRCh38,ACGGTTGGTAGGCGCT-1
GRCh38,ACGGTTGGTCCTAGTC-1
GRCh38,ACGGTTGGTCGATGGC-1
GRCh38,ACGGTTGGTCGGGTTA-1
GRCh38,ACGGTTGGTCTAATGA-1
GRCh38,ACGGTTGGTGGCTTTC-1
GRCh38,ACGTAAGCAACAGGAC-1
GRCh38,ACGTAAGCAACCTAAC-1
GRCh38,ACGTAAGCAACTGCCA-1
GRCh38,ACGTAAGCAATAAGGT-1
GRCh38,ACGTAAGCACATGTCG-1
GRCh38,ACGTAAGCAGCACGCT-1
GRCh38,ACGTAAGCAGGACTAA-1
GRCh38,ACGTAAGCAGGGTCAG-1
GRCh38,ACGTAAGCAGTTGAAG-1
GRCh38,ACGTAATTCAGGCTGT-1
GRCh38,ACGTAATTCATTGGGC-1
GRCh38,ACGTAATTCCCGGCAA-1
GRCh38,ACGTAATTCCTAGTTC-1
GRCh38,ACGTAATTCGGAGCTT-1
GRCh38,ACGTAATTCGTAGGTC-1
GRCh38,ACGTACTCAACCATCG-1
GRCh38,ACGTACTCAATTAAAG-1
GRCh38,ACGTACTCAATTATCG-1
GRCh38,ACGTACTCACAACTAC-1
GRCh38,ACGTACTCACCTGCTT-1
GRCh38,ACGTACTCACGATGGG-1
GRCh38,ACGTATGTCAGCACGT-1
GRCh38,ACGTATGTCCCTGCTA-1
GRCh38,ACGTATGTCCGGTGCA-1
GRCh38,ACGTATGTCCTATGTC-1
GRCh38,ACGTATGTCCTGACAA-1
GRCh38,ACGTATGTCGCTCGCT-1
GRCh38,ACGTATGTCGGGTCAT-1
GRCh38,ACGTATGTCGTAACGC-1
GRCh38,ACGTATTAGCACTCAA-1
GRCh38,ACGTATTAGCCATTTC-1
GRCh38,ACGTATTAGCTGTGCG-1
GRCh38,ACGTATTAGGCCATAC-1
GRCh38,ACGTATTAGGGAAGCC-1
GRCh38,ACGTATTAGGGCTCAT-1
GRCh38,ACGTATTAGGTATGTT-1
GRCh38,ACGTCAATCAATGCGC-1
GRCh38,ACGTCAATCACGCGCA-1
GRCh38,ACGTCAATCATCCCAT-1
GRCh38,ACGTCAATCATTGCTC-1
GRCh38,ACGTCAATCGCAATAT-1
GRCh38,ACGTCAATCGGCGTAT-1
GRCh38,ACGTCAATCGTCACCC-1
GRCh38,ACGTCAATCGTGTCGG-1
GRCh38,ACGTCAATCGTTGGCG-1
GRCh38,ACGTCACAGCACGAAG-1
GRCh38,ACGTCACAGCCTAGTA-1
GRCh38,ACGTCACAGCTCCGGA-1
GRCh38,ACGTCACAGCTTAGCA-1
GRCh38,ACGTCACAGCTTAGGC-1
GRCh38,ACGTCACAGGCATAGG-1
GRCh38,ACGTCACAGGTAAATG-1
GRCh38,ACGTCACAGGTCCATA-1
GRCh38,ACGTCACAGGTCGCAT-1
GRCh38,ACGTCAGGTACCTTTG-1
GRCh38,ACGTCAGGTACTTTCG-1
GRCh38,ACGTCAGGTAGCTTGG-1
GRCh38,ACGTCAGGTATAGGCT-1
GRCh38,ACGTCAGGTATGCGCA-1
GRCh38,ACGTCAGGTCAGGTTG-1
GRCh38,ACGTCAGGTCAGTCAG-1
GRCh38,ACGTCAGGTCGCCTAT-1
GRCh38,ACGTCAGGTCGTTAAA-1
GRCh38,ACGTCAGGTCTTCTAG-1
GRCh38,ACGTCAGGTGCGCGAT-1
GRCh38,ACGTCAGGTGCGCTCC-1
GRCh38,ACGTCAGGTGCTGGGT-1
GRCh38,ACGTCAGGTGGCCCCT-1
GRCh38,ACGTCAGGTGTTACGG-1
GRCh38,ACGTCCACAAAACGGC-1
GRCh38,ACGTCCACAAATGACG-1
GRCh38,ACGTCCACAAATTGAA-1
GRCh38,ACGTCCACAACCCTCT-1
GRCh38,ACGTCCACAACTTAAT-1
GRCh38,ACGTCCACAAGCAGTA-1
GRCh38,ACGTCCACAAGGTTAG-1
GRCh38,ACGTCCACAAGTCTCG-1
GRCh38,ACGTCCACACAACTTA-1
GRCh38,ACGTCCACACGGGTAG-1
GRCh38,ACGTCCACAGTAGCCC-1
GRCh38,ACGTCCCTCAGACACC-1
GRCh38,ACGTCCCTCCATTGCT-1
GRCh38,ACGTCCCTCCTACTTA-1
GRCh38,ACGTCCGAGAAAGGTC-1
GRCh38,ACGTCCGAGAGGATTA-1
GRCh38,ACGTCCGAGATGAGTA-1
GRCh38,ACGTCCGAGCACTGTA-1
GRCh38,ACGTCCGAGCCGTCAG-1
GRCh38,ACGTCCGAGCCGTGAT-1
GRCh38,ACGTCCGAGCCTTATC-1
GRCh38,ACGTCCGAGCGTGTTA-1
GRCh38,ACGTCCGAGGTAGCAG-1
GRCh38,ACGTCGCCAAACTCCG-1
GRCh38,ACGTCGCCAACGGGAT-1
GRCh38,ACGTCGCCAACTCGGC-1
GRCh38,ACGTCGCCAAGTCGAA-1
GRCh38,ACGTCGCCAAGTGCCC-1
GRCh38,ACGTCGCCAATGGCGG-1
GRCh38,ACGTCGCCACCACTCT-1
GRCh38,ACGTCGCCAGCACCTA-1
GRCh38,ACGTCGCCAGCCCAAC-1
GRCh38,ACGTCGCCAGCTCGGT-1
GRCh38,ACGTCGGTCATAGTGT-1
GRCh38,ACGTCGGTCATGTCCT-1
GRCh38,ACGTCGGTCCCCTAGC-1
GRCh38,ACGTCGGTCCGGCATG-1
GRCh38,ACGTCGGTCGCGATGT-1
GRCh38,ACGTCGGTCGGACATC-1
GRCh38,ACGTCGGTCGGTTCGG-1
GRCh38,ACGTCTCGTAACGAGA-1
GRCh38,ACGTCTCGTATCAATG-1
GRCh38,ACGTCTCGTATGGTTA-1
GRCh38,ACGTCTCGTCACACCT-1
GRCh38,ACGTCTCGTCATAGCG-1
GRCh38,ACGTCTCGTCTCGCAT-1
GRCh38,ACGTCTCGTCTCGCCA-1
GRCh38,ACGTCTCGTGCCAAAT-1
GRCh38,ACGTCTCGTGGTGCGT-1
GRCh38,ACGTGATGTACCATCC-1
GRCh38,ACGTGATGTCCGAATG-1
GRCh38,ACGTGATGTCGCTGGG-1
GRCh38,ACGTGATGTCTCATAT-1
GRCh38,ACGTGATGTGCTCCGC-1
GRCh38,ACGTGATGTGCTTGTC-1
GRCh38,ACGTGATGTGGGAGAT-1
GRCh38,ACGTGATGTGTAGGTT-1
GRCh38,ACGTGATGTGTCGATG-1
GRCh38,ACGTGCAGTAAGCCGC-1
GRCh38,ACGTGCAGTAGCTTCC-1
GRCh38,ACGTGCAGTCAGGGTC-1
GRCh38,ACGTGCAGTCCCAATC-1
GRCh38,ACGTGCAGTCGAGGAG-1
GRCh38,ACGTGCAGTCGTTGCT-1
GRCh38,ACGTGCAGTCTTCTCT-1
GRCh38,ACGTGCAGTGCGGAGA-1
GRCh38,ACGTGCAGTGTAGAAG-1
GRCh38,ACGTGCAGTGTATGCG-1
GRCh38,ACGTGCAGTGTCGGCG-1
GRCh38,ACGTGCCCAAAGTTCC-1
GRCh38,ACGTGCCCAACTCTCC-1
GRCh38,ACGTGCCCAAGGCGCA-1
GRCh38,ACGTGCCCAATCACGT-1
GRCh38,ACGTGCCCACCATCGA-1
GRCh38,ACGTGCCCACGTAGCC-1
GRCh38,ACGTGCCCACTCACTC-1
GRCh38,ACGTGCCCACTCGTTC-1
GRCh38,ACGTGCCCAGCCTTAG-1
GRCh38,ACGTGCCCAGGCTCTA-1
GRCh38,ACGTGGGCAAGGGGAA-1
GRCh38,ACGTGGGCAATGTATT-1
GRCh38,ACGTGGGCACAACGAA-1
GRCh38,ACGTGGGCACAGCGAG-1
GRCh38,ACGTGGGCACCAGGGA-1
GRCh38,ACGTGGGCACCCTTCG-1
GRCh38,ACGTGGGCAGGAACGT-1
GRCh38,ACGTGGGCAGTAGGCG-1
GRCh38,ACGTGGGCAGTCCTCT-1
GRCh38,ACGTGGGCAGTGCTCA-1
GRCh38,ACGTGGTTCAACTATA-1
GRCh38,ACGTGGTTCAAGGGCA-1
GRCh38,ACGTGGTTCAATATCA-1
GRCh38,ACGTGGTTCAATGGTT-1
GRCh38,ACGTGGTTCACAACAT-1
GRCh38,ACGTGGTTCACCATTC-1
GRCh38,ACGTGGTTCACCTCTG-1
GRCh38,ACGTGGTTCATAGGGG-1
GRCh38,ACGTGGTTCATGGCCG-1
GRCh38,ACGTGGTTCCATATGG-1
GRCh38,ACGTGGTTCCCAAGTA-1
GRCh38,ACGTGGTTCCGATGTA-1
GRCh38,ACGTGGTTCCTAAAGT-1
GRCh38,ACGTGGTTCCTCCTTC-1
GRCh38,ACGTGGTTCGGGTCCA-1
GRCh38,ACGTGTCAGACGCCAT-1
GRCh38,ACGTGTCAGATACGAA-1
GRCh38,ACGTGTCAGATCGTTG-1
GRCh38,ACGTGTCAGATCTCGA-1
GRCh38,ACGTGTCAGGCGTGAA-1
GRCh38,ACGTGTCAGGCTCAGT-1
GRCh38,ACGTGTCAGGTAGGGC-1
GRCh38,ACGTGTCAGGTCGGAA-1
GRCh38,ACGTGTCAGGTTCATG-1
GRCh38,ACGTTACCAACCTCTC-1
GRCh38,ACGTTACCAACGCGCT-1
GRCh38,ACGTTACCAAGAGACC-1
GRCh38,ACGTTACCAATCGAGA-1
GRCh38,ACGTTACCAATTACCA-1
GRCh38,ACGTTACCACCAGTGC-1
GRCh38,ACGTTACCACCTGCAA-1
GRCh38,ACGTTACCAGTTGGAA-1
GRCh38,ACGTTATAGAACAGGT-1
GRCh38,ACGTTATAGACATGCC-1
GRCh38,ACGTTATAGACCCTTT-1
GRCh38,ACGTTATAGATTAAGG-1
GRCh38,ACGTTATAGCAAATGA-1
GRCh38,ACGTTATAGCACGGAA-1
GRCh38,ACGTTATAGCGGGATA-1
GRCh38,ACGTTATAGGCCTGCA-1
GRCh38,ACGTTATAGGGTACGA-1
GRCh38,ACGTTCCGTACCACTC-1
GRCh38,ACGTTCCGTCAGCCCC-1
GRCh38,ACGTTCCGTCCACGGG-1
GRCh38,ACGTTCCGTCTCCGCA-1
GRCh38,ACGTTCCGTCTGACTC-1
GRCh38,ACGTTCCGTGGCACGT-1
GRCh38,ACGTTCCGTGGTGGAG-1
GRCh38,ACGTTCCGTGTGTTGG-1
GRCh38,ACGTTCGCAAACTAGG-1
GRCh38,ACGTTCGCAAAGTACG-1
GRCh38,ACGTTCGCAACGCGAG-1
GRCh38,ACGTTCGCAAGGAGGA-1
GRCh38,ACGTTCGCAAGGCGCA-1
GRCh38,ACGTTCGCAATGACGA-1
GRCh38,ACGTTCGCACAAATCC-1
GRCh38,ACGTTCGCACAGCGGA-1
GRCh38,ACGTTCGCACATATCA-1
GRCh38,ACGTTCGCACATCTCC-1
GRCh38,ACGTTCGCACCACGTA-1
GRCh38,ACGTTCGCACGCGTTA-1
GRCh38,ACGTTCGCACTCGCAA-1
GRCh38,ACGTTCGCAGCCTTAG-1
GRCh38,ACGTTCGCAGTGTAAG-1
GRCh38,ACGTTCGCAGTTCAGT-1
GRCh38,ACGTTGGGTAAGGTTC-1
GRCh38,ACGTTGGGTACCCATC-1
GRCh38,ACGTTGGGTACGCCGG-1
GRCh38,ACGTTGGGTACTCTAT-1
GRCh38,ACGTTGGGTAGGATTC-1
GRCh38,ACGTTGGGTATGCTCC-1
GRCh38,ACGTTGGGTATTGCGG-1
GRCh38,ACGTTGGGTCATGTGG-1
GRCh38,ACGTTGGGTCGAAGTT-1
GRCh38,ACGTTGGGTCTGACTC-1
GRCh38,ACGTTGGGTGCTTTCA-1
GRCh38,ACGTTGGGTGGATAAG-1
GRCh38,ACGTTGGGTGGGATGG-1
GRCh38,ACGTTGGGTGGTTATA-1
GRCh38,ACGTTGGGTGTATAGC-1
GRCh38,ACGTTGGGTGTGCGTA-1
GRCh38,ACGTTTACAAATCACC-1
GRCh38,ACGTTTACAAATTGCC-1
GRCh38,ACGTTTACAAGCGAAC-1
GRCh38,ACGTTTACAAGTTTCA-1
GRCh38,ACGTTTACAATGGGGT-1
GRCh38,ACGTTTACACAGTTCG-1
GRCh38,ACGTTTACACCAATTA-1
GRCh38,ACGTTTACACCTAAAC-1
GRCh38,ACGTTTACAGCGGGTA-1
GRCh38,ACGTTTACAGGATGGT-1
GRCh38,ACTAAACTCAACCCTT-1
GRCh38,ACTAAACTCACCTACT-1
GRCh38,ACTAAACTCACTGCCC-1
GRCh38,ACTAAACTCAGACATT-1
GRCh38,ACTAAACTCGGGCTCA-1
GRCh38,ACTAAACTCGTGTACA-1
GRCh38,ACTAACCCAATAATTC-1
GRCh38,ACTAACCCACCTATAA-1
GRCh38,ACTAACCCACCTGCAA-1
GRCh38,ACTAACCCACGGCAAG-1
GRCh38,ACTAACCCAGTTAGAG-1
GRCh38,ACTAACGTCAAATCTA-1
GRCh38,ACTAACGTCACAACCA-1
GRCh38,ACTAACGTCAGAGTAA-1
GRCh38,ACTAACGTCAGTCAGC-1
GRCh38,ACTAACGTCATACAAC-1
GRCh38,ACTAACGTCATATCCC-1
GRCh38,ACTAACGTCATGGTAT-1
GRCh38,ACTAACGTCATGTTAA-1
GRCh38,ACTAACGTCCACCAAA-1
GRCh38,ACTAACGTCCTTCTAA-1
GRCh38,ACTAACGTCGCACTAA-1
GRCh38,ACTAAGCGTAATGTGC-1
GRCh38,ACTAAGCGTAATTCAG-1
GRCh38,ACTAAGCGTAATTTCC-1
GRCh38,ACTAAGCGTACGTTCC-1
GRCh38,ACTAAGCGTACTATAG-1
GRCh38,ACTAAGCGTAGACGTT-1
GRCh38,ACTAAGCGTAGGCAGG-1
GRCh38,ACTAAGCGTCAGTATA-1
GRCh38,ACTAAGCGTCCCTCTC-1
GRCh38,ACTAAGCGTCTCGCCA-1
GRCh38,ACTAAGGCAACGGCAG-1
GRCh38,ACTAAGGCAAGCATTC-1
GRCh38,ACTAAGGCAAGGCCGA-1
GRCh38,ACTAAGGCAATCACTA-1
GRCh38,ACTAAGGCACACGCAC-1
GRCh38,ACTAAGGCACCGTACA-1
GRCh38,ACTAAGGCAGGTTACT-1
GRCh38,ACTAAGGCAGTCCATG-1
GRCh38,ACTAAGGCAGTGATTC-1
GRCh38,ACTAATATCAGCATAT-1
GRCh38,ACTAATATCAGGGCTT-1
GRCh38,ACTAATATCAGTCGCG-1
GRCh38,ACTAATATCAGTGATT-1
GRCh38,ACTAATATCCCGTAAA-1
GRCh38,ACTAATATCCGGCGTA-1
GRCh38,ACTAATATCCTAACTC-1
GRCh38,ACTAATATCGGTACTA-1
GRCh38,ACTAATATCGTATTGG-1
GRCh38,ACTAATCAGACACCGT-1
GRCh38,ACTAATCAGACTGTTG-1
GRCh38,ACTAATCAGAGCGGGT-1
GRCh38,ACTAATCAGCCCAAGT-1
GRCh38,ACTAATCAGCTGATAT-1
GRCh38,ACTAATCAGCTGTATG-1
GRCh38,ACTAATCAGGGTACAG-1
GRCh38,ACTAATCAGGGTGAAT-1
GRCh38,ACTAATCAGGTAAGAC-1
GRCh38,ACTAATGGTAATCTAG-1
GRCh38,ACTAATGGTATGCCAG-1
GRCh38,ACTAATGGTCATAAGC-1
GRCh38,ACTAATGGTGGCTTTC-1
GRCh38,ACTAATGGTGGTAGGG-1
GRCh38,ACTAATGGTGTTCGCT-1
GRCh38,ACTAATTCAAACATAA-1
GRCh38,ACTAATTCAAATGCGA-1
GRCh38,ACTAATTCAACGTCGC-1
GRCh38,ACTAATTCAACTCTCC-1
GRCh38,ACTAATTCAAGACGTA-1
GRCh38,ACTAATTCACAGTCAT-1
GRCh38,ACTAATTCACCTACTC-1
GRCh38,ACTAATTCACTAGGCC-1
GRCh38,ACTAATTCAGCATGCC-1
GRCh38,ACTAATTCAGCTTCGA-1
GRCh38,ACTAATTCAGGTTTCG-1
GRCh38,ACTAATTCAGTGAAAT-1
GRCh38,ACTACAAGTATTATGG-1
GRCh38,ACTACAAGTCGTCAGA-1
GRCh38,ACTACAAGTGGGTTTG-1
GRCh38,ACTACAAGTGTCATGG-1
GRCh38,ACTACAAGTGTGGCCG-1
GRCh38,ACTACATAGAATTCCG-1
GRCh38,ACTACATAGACAGGAT-1
GRCh38,ACTACATAGACGCGTT-1
GRCh38,ACTACATAGATATCAC-1
GRCh38,ACTACATAGCAACAGG-1
GRCh38,ACTACATAGCATATCG-1
GRCh38,ACTACATAGCCGCAAT-1
GRCh38,ACTACATAGCGTAGCT-1
GRCh38,ACTACATAGCTCAGCG-1
GRCh38,ACTACCCGTAACTCCC-1
GRCh38,ACTACCCGTAATTGGC-1
GRCh38,ACTACCCGTAGACTCG-1
GRCh38,ACTACCCGTATCCTGC-1
GRCh38,ACTACCCGTCAGGATT-1
GRCh38,ACTACCCGTCCAACCT-1
GRCh38,ACTACCCGTCGTTAAA-1
GRCh38,ACTACCCGTGCGAAGG-1
GRCh38,ACTACCCGTGTGTCAG-1
GRCh38,ACTACCTTCAACGGCT-1
GRCh38,ACTACCTTCACTAACG-1
GRCh38,ACTACCTTCAGTGGTC-1
GRCh38,ACTACCTTCATTAATG-1
GRCh38,ACTACCTTCATTACTT-1
GRCh38,ACTACCTTCCCGCTGT-1
GRCh38,ACTACCTTCCTGCACC-1
GRCh38,ACTACCTTCGGATGTC-1
GRCh38,ACTACGGGTAAACGGA-1
GRCh38,ACTACGGGTATATGGC-1
GRCh38,ACTACGGGTCACTTTG-1
GRCh38,ACTACGGGTCATATTC-1
GRCh38,ACTACGGGTCCGAATG-1
GRCh38,ACTACGGGTCCTTTAG-1
GRCh38,ACTACGGGTCGACGGT-1
GRCh38,ACTACGGGTCGATCAG-1
GRCh38,ACTACGGGTCTAAATG-1
GRCh38,ACTACGGGTCTAAGCG-1
GRCh38,ACTACGGGTCTAATCT-1
GRCh38,ACTACGGGTGCGTTTC-1
GRCh38,ACTACTCTCAACGCTA-1
GRCh38,ACTACTCTCACGAGCT-1
GRCh38,ACTACTCTCATCTCCG-1
GRCh38,ACTACTCTCATGTGGC-1
GRCh38,ACTACTCTCCAACCTT-1
GRCh38,ACTACTCTCCACAAGC-1
GRCh38,ACTACTCTCCCGGCTT-1
GRCh38,ACTACTCTCCTGGTCC-1
GRCh38,ACTACTCTCGGACATC-1
GRCh38,ACTACTTGTAATCCGG-1
GRCh38,ACTACTTGTAATGGCT-1
GRCh38,ACTACTTGTACTAAGC-1
GRCh38,ACTACTTGTAGCAATC-1
GRCh38,ACTACTTGTAGTCGAT-1
GRCh38,ACTACTTGTCCACGTT-1
GRCh38,ACTACTTGTCCTTAAT-1
GRCh38,ACTACTTGTCGGTATG-1
GRCh38,ACTACTTGTCTATTGT-1
GRCh38,ACTACTTGTGCTCGTT-1
GRCh38,ACTACTTGTGTCGCCC-1
GRCh38,ACTACTTGTGTGCCCC-1
GRCh38,ACTACTTGTGTTGTCC-1
GRCh38,ACTATAATCAATACGT-1
GRCh38,ACTATAATCCCGAAAC-1
GRCh38,ACTATAATCCGGGATT-1
GRCh38,ACTATAATCGCGTATA-1
GRCh38,ACTATAATCGGTCATA-1
GRCh38,ACTATAATCGGTTCAA-1
GRCh38,ACTATAATCGTTAAGT-1
GRCh38,ACTATAATCGTTGCTT-1
GRCh38,ACTATAGGTACGCATG-1
GRCh38,ACTATAGGTACTACGG-1
GRCh38,ACTATAGGTATATCAG-1
GRCh38,ACTATAGGTGCCTTGT-1
GRCh38,ACTATAGGTGGCTTCT-1
GRCh38,ACTATAGGTGGGAGTG-1
GRCh38,ACTATAGGTGTGCCCC-1
GRCh38,ACTATATCAAAAGTTA-1
GRCh38,ACTATATCAAAATCTT-1
GRCh38,ACTATATCAAACCTAC-1
GRCh38,ACTATATCAACATAGG-1
GRCh38,ACTATATCAACGAAAT-1
GRCh38,ACTATATCACAATGTC-1
GRCh38,ACTATATCACTAAACC-1
GRCh38,ACTATATCACTAGAAG-1
GRCh38,ACTATCACAATACGCT-1
GRCh38,ACTATCACAATCGACT-1
GRCh38,ACTATCACACGCAATT-1
GRCh38,ACTATCACAGGGTTCC-1
GRCh38,ACTATCCTCACGAACC-1
GRCh38,ACTATCCTCCGACGCA-1
GRCh38,ACTATCCTCCGGCGTA-1
GRCh38,ACTATCCTCCTAGCCC-1
GRCh38,ACTATCCTCGGCCAAT-1
GRCh38,ACTATCGAGAAGCCGA-1
GRCh38,ACTATCGAGATCAGGG-1
GRCh38,ACTATCGAGCGTAACC-1
GRCh38,ACTATCGAGCGTACGT-1
GRCh38,ACTATCGAGCTGATTG-1
GRCh38,ACTATCGAGGCACAAG-1
GRCh38,ACTATGAGTAAGTGCT-1
GRCh38,ACTATGAGTAAGTGTC-1
GRCh38,ACTATGAGTAGGCATT-1
GRCh38,ACTATGAGTAGGGGCA-1
GRCh38,ACTATGAGTCGCGGAT-1
GRCh38,ACTATGAGTGCATAGT-1
GRCh38,ACTATGAGTGCGTAGC-1
GRCh38,ACTATGAGTGCTAGAT-1
GRCh38,ACTATGAGTGGTTGGC-1
GRCh38,ACTATGAGTGTCGCTT-1
GRCh38,ACTATGAGTGTTACGG-1
GRCh38,ACTATGAGTGTTCAGG-1
GRCh38,ACTATGTAGAAGGCGC-1
GRCh38,ACTATGTAGAATATCC-1
GRCh38,ACTATGTAGCAAGCCT-1
GRCh38,ACTATGTAGCATGTTG-1
GRCh38,ACTATGTAGCCGCGTA-1
GRCh38,ACTATGTAGCCTTGCC-1
GRCh38,ACTATGTAGCGACAGA-1
GRCh38,ACTATGTAGCTCTCCA-1
GRCh38,ACTATGTAGGGAAATC-1
GRCh38,ACTATTCGTACGTGAT-1
GRCh38,ACTATTCGTCACGGCG-1
GRCh38,ACTATTCGTCATTGGG-1
GRCh38,ACTATTCGTCGCTTCG-1
GRCh38,ACTATTCGTGTACCCT-1
GRCh38,ACTCACGCAAACGCGG-1
GRCh38,ACTCACGCAAAGGCAC-1
GRCh38,ACTCACGCAAAGGGAG-1
GRCh38,ACTCACGCAAATCCGT-1
GRCh38,ACTCACGCAACACGAA-1
GRCh38,ACTCACGCAACGTCCA-1
GRCh38,ACTCACGCAAGCTTCG-1
GRCh38,ACTCACGCACGCGAAG-1
GRCh38,ACTCACGCACGCGTTA-1
GRCh38,ACTCACGCAGTCAACT-1
GRCh38,ACTCACGCAGTCCTAG-1
GRCh38,ACTCACTTCAAACTAC-1
GRCh38,ACTCACTTCAACCTCT-1
GRCh38,ACTCACTTCACATTCC-1
GRCh38,ACTCACTTCACTCCAT-1
GRCh38,ACTCACTTCAGACTTG-1
GRCh38,ACTCACTTCCGGCACA-1
GRCh38,ACTCACTTCCTCACGC-1
GRCh38,ACTCACTTCGCTGTAA-1
GRCh38,ACTCAGCAGAAGCCGA-1
GRCh38,ACTCAGCAGACTGCCG-1
GRCh38,ACTCAGCAGACTGCGT-1
GRCh38,ACTCAGCAGATGAGTA-1
GRCh38,ACTCAGCAGCACCCAG-1
GRCh38,ACTCAGCAGCTGACGT-1
GRCh38,ACTCAGCAGCTGCAAC-1
GRCh38,ACTCAGCAGGCGATAG-1
GRCh38,ACTCAGCAGGCTCAAC-1
GRCh38,ACTCAGCAGGGTGTTC-1
GRCh38,ACTCAGCAGGTCGGTT-1
GRCh38,ACTCAGGGTACCCCAT-1
GRCh38,ACTCAGGGTAGTTATG-1
GRCh38,ACTCAGGGTATGGAGA-1
GRCh38,ACTCAGGGTCACCGTT-1
GRCh38,ACTCAGGGTCAGTTAA-1
GRCh38,ACTCAGGGTCCTAGAG-1
GRCh38,ACTCATACAAAATGGT-1
GRCh38,ACTCATACAAACGCAA-1
GRCh38,ACTCATACAACGATAG-1
GRCh38,ACTCATACAAGAGGTC-1
GRCh38,ACTCATACAATTCGAC-1
GRCh38,ACTCATACACAATTCA-1
GRCh38,ACTCATACACATCTCC-1
GRCh38,ACTCATACACATTCGG-1
GRCh38,ACTCATACACGCAGTC-1
GRCh38,ACTCATACACGCGTTA-1
GRCh38,ACTCATACACTGATTA-1
GRCh38,ACTCATACAGCTGTAT-1
GRCh38,ACTCATACAGTACGGG-1
GRCh38,ACTCATACAGTCTTAA-1
GRCh38,ACTCATCTCAAGCTAT-1
GRCh38,ACTCATCTCATGGCAC-1
GRCh38,ACTCATCTCCAAGTGC-1
GRCh38,ACTCATCTCCATCTAC-1
GRCh38,ACTCATCTCCCGGGTA-1
GRCh38,ACTCATCTCGCATAAT-1
GRCh38,ACTCATCTCGTCATCT-1
GRCh38,ACTCATCTCGTCCAAA-1
GRCh38,ACTCATTGTAATTGGC-1
GRCh38,ACTCATTGTACGAAAG-1
GRCh38,ACTCATTGTATGTACA-1
GRCh38,ACTCATTGTCAGCCCC-1
GRCh38,ACTCATTGTCGAAGTT-1
GRCh38,ACTCATTGTCTCCTGG-1
GRCh38,ACTCATTGTGGGGTTC-1
GRCh38,ACTCCAAAGAACCATT-1
GRCh38,ACTCCAAAGAAGCGTG-1
GRCh38,ACTCCAAAGAAGGGTT-1
GRCh38,ACTCCAAAGACTATCG-1
GRCh38,ACTCCAAAGAGGCCAA-1
GRCh38,ACTCCAAAGAGGTACG-1
GRCh38,ACTCCAAAGATACCCA-1
GRCh38,ACTCCAAAGATCCTGA-1
GRCh38,ACTCCAAAGCAAGTTT-1
GRCh38,ACTCCAAAGCATAACT-1
GRCh38,ACTCCAAAGCCTCACC-1
GRCh38,ACTCCAAAGCTTGTCT-1
GRCh38,ACTCCAAAGGGTAAGT-1
GRCh38,ACTCCAAAGGGTTAGG-1
GRCh38,ACTCCAAAGGTCTGGT-1
GRCh38,ACTCCATTCACACTTC-1
GRCh38,ACTCCATTCAGTGGCT-1
GRCh38,ACTCCATTCATGCAGC-1
GRCh38,ACTCCATTCCAAGACC-1
GRCh38,ACTCCATTCCCACACC-1
GRCh38,ACTCCATTCGCGCATG-1
GRCh38,ACTCCATTCGGGCTTG-1
GRCh38,ACTCCATTCGTTGACA-1
GRCh38,ACTCCCATCAGACTCA-1
GRCh38,ACTCCCATCCGGCGTA-1
GRCh38,ACTCCCATCCGGGCTA-1
GRCh38,ACTCCCATCCTCCAGC-1
GRCh38,ACTCCCATCGCAGTGT-1
GRCh38,ACTCCCATCGCTCCAC-1
GRCh38,ACTCCCATCGGCTATA-1
GRCh38,ACTCCCGGTAACCGTG-1
GRCh38,ACTCCCGGTAATTTGG-1
GRCh38,ACTCCCGGTACTGCAG-1
GRCh38,ACTCCCGGTAGAGTGA-1
GRCh38,ACTCCCGGTATATGGC-1
GRCh38,ACTCCCGGTATATTCC-1
GRCh38,ACTCCCGGTATCACGG-1
GRCh38,ACTCCCGGTATGCGAT-1
GRCh38,ACTCCCGGTCAGGATT-1
GRCh38,ACTCCCGGTGCATGGC-1
GRCh38,ACTCCCGGTGCGATGC-1
GRCh38,ACTCCCGGTGTTAGCG-1
GRCh38,ACTCCCTCACACAATC-1
GRCh38,ACTCCCTCACATAGTC-1
GRCh38,ACTCCCTCACTCGAGC-1
GRCh38,ACTCCCTCAGTACATC-1
GRCh38,ACTCCGACAATGCAGA-1
GRCh38,ACTCCGACACCTAGGC-1
GRCh38,ACTCCGACACTAAATT-1
GRCh38,ACTCCGACACTAGTTA-1
GRCh38,ACTCCGACACTCGAGC-1
GRCh38,ACTCCGACAGCAACGG-1
GRCh38,ACTCCGACAGCATGAA-1
GRCh38,ACTCCGCTCAACCCTT-1
GRCh38,ACTCCGCTCACGACAC-1
GRCh38,ACTCCGCTCAGTTTGG-1
GRCh38,ACTCCGCTCCCTATAC-1
GRCh38,ACTCCGCTCCGATAGC-1
GRCh38,ACTCCGCTCCGGTCCT-1
GRCh38,ACTCCGCTCCTCCTCT-1
GRCh38,ACTCCGCTCCTGATTC-1
GRCh38,ACTCCGCTCGGACATC-1
GRCh38,ACTCCTGTCAAAGGTA-1
GRCh38,ACTCCTGTCACCACAA-1
GRCh38,ACTCCTGTCACGCGTG-1
GRCh38,ACTCCTGTCATAACTA-1
GRCh38,ACTCCTGTCATCGCGG-1
GRCh38,ACTCCTGTCCAAGTGC-1
GRCh38,ACTCCTGTCCATTCTA-1
GRCh38,ACTCCTGTCCCAAATG-1
GRCh38,ACTCCTGTCCCCATTG-1
GRCh38,ACTCCTGTCCCTACAT-1
GRCh38,ACTCCTGTCCGACTCC-1
GRCh38,ACTCCTGTCCGGGTCA-1
GRCh38,ACTCCTGTCCTCCTTC-1
GRCh38,ACTCGACAGAATTCCG-1
GRCh38,ACTCGACAGCACTCAA-1
GRCh38,ACTCGACAGCACTGCG-1
GRCh38,ACTCGACAGCATCACA-1
GRCh38,ACTCGACAGCGTACAC-1
GRCh38,ACTCGACAGCGTTTGA-1
GRCh38,ACTCGACAGCTGCATA-1
GRCh38,ACTCGACAGCTGGTCG-1
GRCh38,ACTCGACAGCTGTTGA-1
GRCh38,ACTCGACAGCTTAGGC-1
GRCh38,ACTCGAGGTACCATCC-1
GRCh38,ACTCGAGGTAGTTATG-1
GRCh38,ACTCGAGGTCGCTTCG-1
GRCh38,ACTCGAGGTCGTAGAT-1
GRCh38,ACTCGAGGTCGTCAGA-1
GRCh38,ACTCGAGGTCTACTGC-1
GRCh38,ACTCGAGGTCTATTCG-1
GRCh38,ACTCGAGGTGGAATTC-1
GRCh38,ACTCGAGGTGTCCCCA-1
GRCh38,ACTCGAGGTGTGCCGG-1
GRCh38,ACTCGATCAAACCGAA-1
GRCh38,ACTCGATCAAAGTATA-1
GRCh38,ACTCGATCACTGCAAT-1
GRCh38,ACTCGATCAGGAGTCG-1
GRCh38,ACTCGATCAGTAGCCC-1
GRCh38,ACTCGATCAGTATTAT-1
GRCh38,ACTCGCACAAATCCGT-1
GRCh38,ACTCGCACAAGACAAT-1
GRCh38,ACTCGCACAAGCGCGA-1
GRCh38,ACTCGCACAAGGGGAA-1
GRCh38,ACTCGCACACCGTTAG-1
GRCh38,ACTCGCACACGAATCT-1
GRCh38,ACTCGCACACGACGGA-1
GRCh38,ACTCGCACACGCAATT-1
GRCh38,ACTCGCACACTAACGT-1
GRCh38,ACTCGCACAGTCATCG-1
GRCh38,ACTCGCCTCAAAGGGT-1
GRCh38,ACTCGCCTCAACGAAA-1
GRCh38,ACTCGCCTCAATTGGT-1
GRCh38,ACTCGCCTCACAACCA-1
GRCh38,ACTCGCCTCACAGCAC-1
GRCh38,ACTCGCCTCACCCTAT-1
GRCh38,ACTCGCCTCACGCTCC-1
GRCh38,ACTCGCCTCACTCGCC-1
GRCh38,ACTCGCCTCCCATACT-1
GRCh38,ACTCGCCTCCCGGTTC-1
GRCh38,ACTCGCCTCGCCAATA-1
GRCh38,ACTCGCCTCGCGAAAG-1
GRCh38,ACTCGCCTCGGGTCCA-1
GRCh38,ACTCGCTGTACCACCT-1
GRCh38,ACTCGCTGTAGGCCGT-1
GRCh38,ACTCGCTGTAGTGTGT-1
GRCh38,ACTCGCTGTATCCCTA-1
GRCh38,ACTCGCTGTATCTCTG-1
GRCh38,ACTCGCTGTCACGAAT-1
GRCh38,ACTCGCTGTCCCTTGG-1
GRCh38,ACTCGCTGTCCTCGAT-1
GRCh38,ACTCGCTGTGGCTTGA-1
GRCh38,ACTCGCTGTGGTTCGA-1
GRCh38,ACTCGGCCAACCTATA-1
GRCh38,ACTCGGCCAACTGCCA-1
GRCh38,ACTCGGCCAACTGGGG-1
GRCh38,ACTCGGCCAATTAAGA-1
GRCh38,ACTCGGCCACAGTGCC-1
GRCh38,ACTCGGCCACCAGACC-1
GRCh38,ACTCGGCCACTGGGCT-1
GRCh38,ACTCGGCCAGCTCTAG-1
GRCh38,ACTCGGCCAGGCATAA-1
GRCh38,ACTCGGGTCAGGAAAC-1
GRCh38,ACTCGGGTCATAGTGT-1
GRCh38,ACTCGGGTCCAGCCTC-1
GRCh38,ACTCGGGTCGCCAATA-1
GRCh38,ACTCGGGTCGCTAACA-1
GRCh38,ACTCGGGTCGGTATAT-1
GRCh38,ACTCGGGTCGTAGTCA-1
GRCh38,ACTCGGGTCGTCTCAT-1
GRCh38,ACTCGTTTCAAAGCAA-1
GRCh38,ACTCGTTTCAACGTTG-1
GRCh38,ACTCGTTTCACTTCGT-1
GRCh38,ACTCGTTTCCAATACG-1
GRCh38,ACTCGTTTCCATCACT-1
GRCh38,ACTCGTTTCCCCAACC-1
GRCh38,ACTCGTTTCCGAATCA-1
GRCh38,ACTCGTTTCGCATAAT-1
GRCh38,ACTCGTTTCGTTCGGG-1
GRCh38,ACTCTATGTACGAAAG-1
GRCh38,ACTCTATGTAGCGTTG-1
GRCh38,ACTCTATGTAGCTGTG-1
GRCh38,ACTCTATGTAGGAGTA-1
GRCh38,ACTCTATGTATCCTGC-1
GRCh38,ACTCTATGTCCGTCGC-1
GRCh38,ACTCTATGTGCAATCG-1
GRCh38,ACTCTCCCAAGGGGAA-1
GRCh38,ACTCTCCCAATACACC-1
GRCh38,ACTCTCCCACACACGC-1
GRCh38,ACTCTCCCACCAGCTA-1
GRCh38,ACTCTCCCACCTAGCA-1
GRCh38,ACTCTCCCAGCGAAAC-1
GRCh38,ACTCTCCCAGTCTCGA-1
GRCh38,ACTCTCGTCACATAAC-1
GRCh38,ACTCTCGTCATACTCC-1
GRCh38,ACTCTCGTCCATCGGG-1
GRCh38,ACTCTCGTCCCTTTGG-1
GRCh38,ACTCTCGTCCTTCTAA-1
GRCh38,ACTCTCGTCGCACCCT-1
GRCh38,ACTCTCGTCGCTCCAC-1
GRCh38,ACTCTCGTCGTGGCCA-1
GRCh38,ACTCTCGTCGTTGACA-1
GRCh38,ACTCTGTTCACGTGGT-1
GRCh38,ACTCTGTTCATTGGGC-1
GRCh38,ACTCTGTTCCAGGGTT-1
GRCh38,ACTCTGTTCCGCTCTA-1
GRCh38,ACTCTGTTCGCTCGCT-1
GRCh38,ACTCTGTTCGGACTAC-1
GRCh38,ACTCTGTTCGGACTTA-1
GRCh38,ACTCTGTTCGGGCAAA-1
GRCh38,ACTCTGTTCGTCTTCG-1
GRCh38,ACTCTTATCAAGGCTC-1
GRCh38,ACTCTTATCACCAACA-1
GRCh38,ACTCTTATCATCGACA-1
GRCh38,ACTCTTATCCAATGTG-1
GRCh38,ACTCTTATCCCAACTT-1
GRCh38,ACTCTTATCCCATCTG-1
GRCh38,ACTCTTATCGCCCTTA-1
GRCh38,ACTCTTATCGCCTAAA-1
GRCh38,ACTCTTATCGGATGTC-1
GRCh38,ACTCTTATCGTAGATT-1
GRCh38,ACTGAAGCAAAGGAGG-1
GRCh38,ACTGAAGCAACAGAAT-1
GRCh38,ACTGAAGCAACTATCA-1
GRCh38,ACTGAAGCAAGCAAAT-1
GRCh38,ACTGAAGCAATGGCCC-1
GRCh38,ACTGAAGCACGAGCGA-1
GRCh38,ACTGAAGCACGTTCGA-1
GRCh38,ACTGAAGCACTACATA-1
GRCh38,ACTGAAGCAGCTACCA-1
GRCh38,ACTGAAGCAGTCATCG-1
GRCh38,ACTGAAGCAGTGCGAG-1
GRCh38,ACTGACATCAATTGTA-1
GRCh38,ACTGACATCACGTCGG-1
GRCh38,ACTGACATCATCCGCC-1
GRCh38,ACTGACATCATGAGTT-1
GRCh38,ACTGACATCCAAACCA-1
GRCh38,ACTGACATCCCACTCA-1
GRCh38,ACTGACATCCCATATC-1
GRCh38,ACTGACATCCCTCTAG-1
GRCh38,ACTGAGACAACGGACG-1
GRCh38,ACTGAGACAACGGCAG-1
GRCh38,ACTGAGACAACGTACT-1
GRCh38,ACTGAGACACACAGCC-1
GRCh38,ACTGAGACACATTCAA-1
GRCh38,ACTGAGACACCAAATC-1
GRCh38,ACTGAGACACCTGCAA-1
GRCh38,ACTGAGACACGCGTAC-1
GRCh38,ACTGAGACAGCACGCT-1
GRCh38,ACTGAGACAGCTACGC-1
GRCh38,ACTGATTAGACATTCG-1
GRCh38,ACTGATTAGATGCATT-1
GRCh38,ACTGATTAGCAGCGTT-1
GRCh38,ACTGATTAGGGAGGTC-1
GRCh38,ACTGATTAGGGATTAA-1
GRCh38,ACTGATTAGGTATACT-1
GRCh38,ACTGATTAGGTCGGTT-1
GRCh38,ACTGCAATCAATTCCC-1
GRCh38,ACTGCAATCAGCTAAT-1
GRCh38,ACTGCAATCATACAAC-1
GRCh38,ACTGCAATCATCATCC-1
GRCh38,ACTGCAATCCCCATTG-1
GRCh38,ACTGCAATCCCTGGCT-1
GRCh38,ACTGCAATCCGATCGG-1
GRCh38,ACTGCAATCGGAAAGT-1
GRCh38,ACTGCAATCGTCACCC-1
GRCh38,ACTGCACAGAATCTGT-1
GRCh38,ACTGCACAGACCCCGA-1
GRCh38,ACTGCACAGAGGCAGC-1
GRCh38,ACTGCACAGAGGTTAA-1
GRCh38,ACTGCACAGATCGGAG-1
GRCh38,ACTGCACAGATCTCGA-1
GRCh38,ACTGCACAGCATAGGG-1
GRCh38,ACTGCACAGCTGGCAT-1
GRCh38,ACTGCACAGCTTGTGA-1
GRCh38,ACTGCACAGGCGTTTA-1
GRCh38,ACTGCACAGGGGACGT-1
GRCh38,ACTGCACAGGTAATAG-1
GRCh38,ACTGCACAGGTTATGT-1
GRCh38,ACTGCAGGTACTACTT-1
GRCh38,ACTGCAGGTACTGGGC-1
GRCh38,ACTGCAGGTAGGCGGA-1
GRCh38,ACTGCAGGTATGTTAG-1
GRCh38,ACTGCAGGTGCAATGT-1
GRCh38,ACTGCAGGTGCCAAAT-1
GRCh38,ACTGCAGGTGCGATGC-1
GRCh38,ACTGCAGGTGGCTTTC-1
GRCh38,ACTGCAGGTGGTAGTT-1
GRCh38,ACTGCAGGTGGTTTAA-1
GRCh38,ACTGCAGGTGTGTGAT-1
GRCh38,ACTGCATCAAAATGGT-1
GRCh38,ACTGCATCAACATAGG-1
GRCh38,ACTGCATCAAGGTTAG-1
GRCh38,ACTGCATCAAGTGCCC-1
GRCh38,ACTGCATCACCCAACA-1
GRCh38,ACTGCATCACGTCGGT-1
GRCh38,ACTGCATCACTGATTA-1
GRCh38,ACTGCATCAGTGTTCG-1
GRCh38,ACTGCATCAGTTAATT-1
GRCh38,ACTGCCACAACCTGCA-1
GRCh38,ACTGCCACAAGGAATT-1
GRCh38,ACTGCCACACCTAAAC-1
GRCh38,ACTGCCACACTATAAT-1
GRCh38,ACTGCCACAGTGACCC-1
GRCh38,ACTGCCCTCACGAGCT-1
GRCh38,ACTGCCCTCACTTTCA-1
GRCh38,ACTGCCCTCATCAGGC-1
GRCh38,ACTGCCCTCGGAAACG-1
GRCh38,ACTGCCCTCGTCCTGC-1
GRCh38,ACTGCCCTCGTGAACC-1
GRCh38,ACTGCCCTCGTTCACT-1
GRCh38,ACTGCCGAGAACCCGT-1
GRCh38,ACTGCCGAGAAGTAGC-1
GRCh38,ACTGCCGAGAGTCGTC-1
GRCh38,ACTGCCGAGATAACGA-1
GRCh38,ACTGCCGAGCAATTGT-1
GRCh38,ACTGCCGAGCCTGTAA-1
GRCh38,ACTGCCGAGCGGATAG-1
GRCh38,ACTGCCGAGCTGCAAC-1
GRCh38,ACTGCCGAGCTTGTCT-1
GRCh38,ACTGCCGAGGGTGAAT-1
GRCh38,ACTGCCGAGGTCATCA-1
GRCh38,ACTGCGAGTACATTCT-1
GRCh38,ACTGCGAGTAGAGGCG-1
GRCh38,ACTGCGAGTAGCGCGT-1
GRCh38,ACTGCGAGTAGCGTCA-1
GRCh38,ACTGCGAGTAGTGTTA-1
GRCh38,ACTGCGAGTCACGGCG-1
GRCh38,ACTGCGAGTCTCATTG-1
GRCh38,ACTGCGAGTGGATGTT-1
GRCh38,ACTGCGAGTGGTGTGC-1
GRCh38,ACTGCGAGTGTATGCG-1
GRCh38,ACTGCGAGTGTGTAGT-1
GRCh38,ACTGCGCCAAAAGCAT-1
GRCh38,ACTGCGCCAACTTACA-1
GRCh38,ACTGCGCCAAGCGCGA-1
GRCh38,ACTGCGCCAAGTGCAA-1
GRCh38,ACTGCGCCAATCCAAC-1
GRCh38,ACTGCGCCACACAGCC-1
GRCh38,ACTGCGCCACGTAGGG-1
GRCh38,ACTGCGCCAGGCACTC-1
GRCh38,ACTGCGCCAGTCATAC-1
GRCh38,ACTGCGCCAGTGCACC-1
GRCh38,ACTGCGCCAGTTGGGG-1
GRCh38,ACTGCGTAGAAGCGAT-1
GRCh38,ACTGCGTAGACATTCG-1
GRCh38,ACTGCGTAGATCATCG-1
GRCh38,ACTGCGTAGCAGGGAC-1
GRCh38,ACTGCGTAGCCACTTT-1
GRCh38,ACTGCGTAGCTGTGGT-1
GRCh38,ACTGCGTAGGTAGAAC-1
GRCh38,ACTGCGTAGGTGAGAT-1
GRCh38,ACTGGAACAACGAGAC-1
GRCh38,ACTGGAACAACGCGTC-1
GRCh38,ACTGGAACAATGGTCT-1
GRCh38,ACTGGAACACCCAGAC-1
GRCh38,ACTGGAACAGCGGTCT-1
GRCh38,ACTGGAACAGCTAAGA-1
GRCh38,ACTGGATGTAAGCATC-1
GRCh38,ACTGGATGTAAGGTCT-1
GRCh38,ACTGGATGTAGACGTT-1
GRCh38,ACTGGATGTAGGGGAT-1
GRCh38,ACTGGATGTCACCCTG-1
GRCh38,ACTGGATGTCACGGCG-1
GRCh38,ACTGGATGTCAGGTTG-1
GRCh38,ACTGGATGTCTTATAC-1
GRCh38,ACTGGATGTGGACCGT-1
GRCh38,ACTGGATGTGTAGTGT-1
GRCh38,ACTGGATGTGTGTCGA-1
GRCh38,ACTGGCGTCAATCTGG-1
GRCh38,ACTGGCGTCACCTCTG-1
GRCh38,ACTGGCGTCAGACTTG-1
GRCh38,ACTGGCGTCAGCCGCA-1
GRCh38,ACTGGCGTCATGTCGA-1
GRCh38,ACTGGCGTCATGTTAA-1
GRCh38,ACTGGCGTCCTGAACA-1
GRCh38,ACTGGCGTCGCACTAA-1
GRCh38,ACTGGCGTCGCTTCAT-1
GRCh38,ACTGGCGTCGGTATTG-1
GRCh38,ACTGGCGTCGGTGTTA-1
GRCh38,ACTGGGCGTAACATTG-1
GRCh38,ACTGGGCGTAAGGCCC-1
GRCh38,ACTGGGCGTAGCTTCC-1
GRCh38,ACTGGGCGTATTCGTT-1
GRCh38,ACTGGGCGTCACCGCC-1
GRCh38,ACTGGGCGTCACGTTC-1
GRCh38,ACTGGGCGTCGAGCGT-1
GRCh38,ACTGGGCGTCGTTCCG-1
GRCh38,ACTGGGCGTGGCGAGA-1
GRCh38,ACTGGGCGTGGCTGTA-1
GRCh38,ACTGGGCGTGGGTTTG-1
GRCh38,ACTGGGGCAACATACC-1
GRCh38,ACTGGGGCAACGCTCA-1
GRCh38,ACTGGGGCAAGTCTTA-1
GRCh38,ACTGGGGCACACTCAG-1
GRCh38,ACTGGGGCACCTAACG-1
GRCh38,ACTGGGGCACGCGACT-1
GRCh38,ACTGGGGCACTCGGAC-1
GRCh38,ACTGTCGCAACGCGAG-1
GRCh38,ACTGTCGCAAGCTGGG-1
GRCh38,ACTGTCGCAATACACC-1
GRCh38,ACTGTCGCACATCGCA-1
GRCh38,ACTGTCGCACGCAATT-1
GRCh38,ACTGTCGCACGCACTA-1
GRCh38,ACTGTCGCAGCAACGG-1
GRCh38,ACTGTCGCAGCCCATA-1
GRCh38,ACTGTCGCAGGCATAA-1
GRCh38,ACTGTCGCAGTGCGAG-1
GRCh38,ACTGTCTTCACAACCA-1
GRCh38,ACTGTCTTCACGGGTT-1
GRCh38,ACTGTCTTCCAAGCTA-1
GRCh38,ACTGTCTTCCAGTCCC-1
GRCh38,ACTGTCTTCCTTATCA-1
GRCh38,ACTGTCTTCGCTGTAA-1
GRCh38,ACTGTCTTCGGAGCTT-1
GRCh38,ACTGTGGGTAAGGAAT-1
GRCh38,ACTGTGGGTACTATGA-1
GRCh38,ACTGTGGGTAGCGTAT-1
GRCh38,ACTGTGGGTAGTATTG-1
GRCh38,ACTGTGGGTATGGAGA-1
GRCh38,ACTGTGGGTCATCGCT-1
GRCh38,ACTGTGGGTCCAACGA-1
GRCh38,ACTGTGGGTCGCAGTA-1
GRCh38,ACTGTGGGTCGCTTTA-1
GRCh38,ACTGTGGGTCTATTCG-1
GRCh38,ACTGTGGGTGGTTTAA-1
GRCh38,ACTGTTCTCACCTCAT-1
GRCh38,ACTGTTCTCAGTCGCG-1
GRCh38,ACTGTTCTCCAATCGA-1
GRCh38,ACTGTTCTCCGACGCA-1
GRCh38,ACTGTTCTCCTCCTTC-1
GRCh38,ACTGTTCTCGGTCATA-1
GRCh38,ACTGTTCTCGGTTATG-1
GRCh38,ACTGTTGAGAACGGCA-1
GRCh38,ACTGTTGAGAACTAAG-1
GRCh38,ACTGTTGAGACCCGAT-1
GRCh38,ACTGTTGAGAGTGCGA-1
GRCh38,ACTGTTGAGATTGAGA-1
GRCh38,ACTGTTGAGGCCCCAA-1
GRCh38,ACTGTTGAGGCTGGAA-1
GRCh38,ACTGTTGAGGGCTTCG-1
GRCh38,ACTTAAATCACATATA-1
GRCh38,ACTTAAATCACGCAAC-1
GRCh38,ACTTAAATCACTACCT-1
GRCh38,ACTTAAATCAGCGCAT-1
GRCh38,ACTTAAATCATGTCCT-1
GRCh38,ACTTAAATCCCTTGTG-1
GRCh38,ACTTAAATCCGGTCGA-1
GRCh38,ACTTAAATCCTCCAGC-1
GRCh38,ACTTAAATCGCACTCC-1
GRCh38,ACTTAAATCGCTCTAT-1
GRCh38,ACTTAAATCGGGCTCA-1
GRCh38,ACTTAAATCGGTCCCT-1
GRCh38,ACTTAAATCGGTCTAA-1
GRCh38,ACTTAAATCGTACGGT-1
GRCh38,ACTTAAATCGTGCGTG-1
GRCh38,ACTTAAATCGTTCACT-1
GRCh38,ACTTAACAGAACGATA-1
GRCh38,ACTTAACAGAGTAAGC-1
GRCh38,ACTTAACAGAGTTAGA-1
GRCh38,ACTTAACAGCGATTGC-1
GRCh38,ACTTAACAGGCATCAC-1
GRCh38,ACTTAACAGGCTAACC-1
GRCh38,ACTTAACAGGGGCGAT-1
GRCh38,ACTTAACAGGGGTTGA-1
GRCh38,ACTTAACAGGGGTTTC-1
GRCh38,ACTTAAGGTACATCTT-1
GRCh38,ACTTAAGGTCCGACAA-1
GRCh38,ACTTAAGGTCTGACTC-1
GRCh38,ACTTAAGGTGCCCCGT-1
GRCh38,ACTTAAGGTGCCCGAG-1
GRCh38,ACTTAAGGTGGAGTAA-1
GRCh38,ACTTAAGGTGGTGATT-1
GRCh38,ACTTAAGGTGTAATTG-1
GRCh38,ACTTAAGGTGTATCTT-1
GRCh38,ACTTAAGGTGTCGAGC-1
GRCh38,ACTTAAGGTGTGCATG-1
GRCh38,ACTTAATCAGGAGCCA-1
GRCh38,ACTTAATCAGTGATAG-1
GRCh38,ACTTACACAACTAACC-1
GRCh38,ACTTACACAACTCACG-1
GRCh38,ACTTACACAACTGAGA-1
GRCh38,ACTTACACAAGAATTA-1
GRCh38,ACTTACACAATCGGGG-1
GRCh38,ACTTACACACATAGCT-1
GRCh38,ACTTACACACCTCTAC-1
GRCh38,ACTTACACAGGTAACA-1
GRCh38,ACTTACCTCAGAGTAA-1
GRCh38,ACTTACCTCATACCCT-1
GRCh38,ACTTACCTCATGGTGC-1
GRCh38,ACTTACCTCATTCAAA-1
GRCh38,ACTTACCTCCATGGGT-1
GRCh38,ACTTACCTCCCGGCTT-1
GRCh38,ACTTACCTCCTGAACA-1
GRCh38,ACTTACCTCGCCATGG-1
GRCh38,ACTTACGAGAAGCGGC-1
GRCh38,ACTTACGAGACTGCAC-1
GRCh38,ACTTACGAGCAAGGGC-1
GRCh38,ACTTACGAGCATGCAC-1
GRCh38,ACTTACGAGCCGTCAG-1
GRCh38,ACTTACGAGCGATGGA-1
GRCh38,ACTTACGAGCTTGAAT-1
GRCh38,ACTTACGAGCTTGTAG-1
GRCh38,ACTTACGAGCTTGTGA-1
GRCh38,ACTTACGAGGGATTAA-1
GRCh38,ACTTACGAGGGGCATA-1
GRCh38,ACTTACGAGGTCCTCC-1
GRCh38,ACTTAGCCAACATGCT-1
GRCh38,ACTTAGCCAACGCAGG-1
GRCh38,ACTTAGCCACAGCGGA-1
GRCh38,ACTTAGCCACCTCGAA-1
GRCh38,ACTTAGCCACGTCAGC-1
GRCh38,ACTTAGCCACTGACGC-1
GRCh38,ACTTAGCCACTGATTA-1
GRCh38,ACTTAGCCAGCAACCC-1
GRCh38,ACTTAGCCAGCTAGCC-1
GRCh38,ACTTATCGTACCACGA-1
GRCh38,ACTTATCGTAGGGGCA-1
GRCh38,ACTTATCGTATAATCG-1
GRCh38,ACTTATCGTATATGGC-1
GRCh38,ACTTATCGTATGCCAG-1
GRCh38,ACTTATCGTCCAGAAT-1
GRCh38,ACTTATCGTCGCATCT-1
GRCh38,ACTTATCGTGCTTCTA-1
GRCh38,ACTTATCGTGGATTCG-1
GRCh38,ACTTCAACACAATCCG-1
GRCh38,ACTTCAACACCACAGC-1
GRCh38,ACTTCAACACCCTTAC-1
GRCh38,ACTTCAACACGATTTA-1
GRCh38,ACTTCAACACGTCAGC-1
GRCh38,ACTTCAACACTGGGCT-1
GRCh38,ACTTCAACAGGACATA-1
GRCh38,ACTTCAACAGGGTTCC-1
GRCh38,ACTTCAACAGTGATAG-1
GRCh38,ACTTCAGAGAAGGCTG-1
GRCh38,ACTTCAGAGATCGCGT-1
GRCh38,ACTTCAGAGCACTGCG-1
GRCh38,ACTTCAGAGCAGTATT-1
GRCh38,ACTTCAGAGCCCTTAT-1
GRCh38,ACTTCAGAGCCTTGCC-1
GRCh38,ACTTCAGAGGGATTAA-1
GRCh38,ACTTCAGAGGGGTACA-1
GRCh38,ACTTCAGAGGTCGAGA-1
GRCh38,ACTTCATGTACCTTAT-1
GRCh38,ACTTCATGTAGCGCGT-1
GRCh38,ACTTCATGTATCCTGC-1
GRCh38,ACTTCATGTATGGCCA-1
GRCh38,ACTTCATGTCAAGGTT-1
GRCh38,ACTTCATGTCATACGG-1
GRCh38,ACTTCATGTCGTAGTG-1
GRCh38,ACTTCATGTGCCTGCC-1
GRCh38,ACTTCATGTGCTATCC-1
GRCh38,ACTTCATGTGGTAGGG-1
GRCh38,ACTTCATGTGTAGCAT-1
GRCh38,ACTTCCGTCAACCATG-1
GRCh38,ACTTCCGTCAAGGGGC-1
GRCh38,ACTTCCGTCAATCCTC-1
GRCh38,ACTTCCGTCAATTCGG-1
GRCh38,ACTTCCGTCACATCTC-1
GRCh38,ACTTCCGTCATACAAC-1
GRCh38,ACTTCCGTCCCACACC-1
GRCh38,ACTTCCGTCCTCTAAC-1
GRCh38,ACTTCCGTCCTCTGAT-1
GRCh38,ACTTCGCGTAAGTGTC-1
GRCh38,ACTTCGCGTACTACGG-1
GRCh38,ACTTCGCGTAGGACTT-1
GRCh38,ACTTCGCGTATCAGCG-1
GRCh38,ACTTCGCGTCACGGCG-1
GRCh38,ACTTCGCGTCCACGGG-1
GRCh38,ACTTCGCGTCGACTAG-1
GRCh38,ACTTCGCGTGCGCGAT-1
GRCh38,ACTTCGCGTGCGGTTA-1
GRCh38,ACTTCGCGTGTGCAAT-1
GRCh38,ACTTCGCGTGTGGTCA-1
GRCh38,ACTTCGGCAAAACGGC-1
GRCh38,ACTTCGGCAAATGGCA-1
GRCh38,ACTTCGGCAACGCAGG-1
GRCh38,ACTTCGGCAAGCAAGC-1
GRCh38,ACTTCGGCAATCCCGA-1
GRCh38,ACTTCGGCACGGGGTA-1
GRCh38,ACTTCGGCACGGTCGT-1
GRCh38,ACTTCGGCAGCGCACT-1
GRCh38,ACTTCGTTCCAATACG-1
GRCh38,ACTTCGTTCCAGCTAA-1
GRCh38,ACTTCGTTCCCAACCC-1
GRCh38,ACTTCGTTCCCAGTAA-1
GRCh38,ACTTCGTTCGCTTATC-1
GRCh38,ACTTCGTTCGGACATC-1
GRCh38,ACTTCGTTCGGATCAC-1
GRCh38,ACTTCGTTCGGCGATT-1
GRCh38,ACTTCGTTCGTAGTCA-1
GRCh38,ACTTCTATCAATCCCT-1
GRCh38,ACTTCTATCACATCAG-1
GRCh38,ACTTCTATCACTGTCT-1
GRCh38,ACTTCTATCATGGCCG-1
GRCh38,ACTTCTATCCGTCATT-1
GRCh38,ACTTCTATCCTGGGTG-1
GRCh38,ACTTCTATCGGCGATT-1
GRCh38,ACTTCTGGTAACGAAG-1
GRCh38,ACTTCTGGTAGGCCCG-1
GRCh38,ACTTCTGGTAGGCGCT-1
GRCh38,ACTTCTGGTAGTCGCA-1
GRCh38,ACTTCTGGTATCCCTA-1
GRCh38,ACTTCTGGTCGCTTCG-1
GRCh38,ACTTCTGGTCTGGCTT-1
GRCh38,ACTTCTGGTCTTAGGG-1
GRCh38,ACTTCTGGTGGTTGGC-1
GRCh38,ACTTGCCGTAACATTG-1
GRCh38,ACTTGCCGTACGTCAG-1
GRCh38,ACTTGCCGTACTACAA-1
GRCh38,ACTTGCCGTATGCCGA-1
GRCh38,ACTTGCCGTATGGTTA-1
GRCh38,ACTTGCCGTCAGTAGT-1
GRCh38,ACTTGCCGTCTGTTAT-1
GRCh38,ACTTGCCGTGCTGTCT-1
GRCh38,ACTTGCCGTGTGCGTA-1
GRCh38,ACTTGCTTCAGGGTCT-1
GRCh38,ACTTGCTTCCAATTGG-1
GRCh38,ACTTGCTTCCCAGCTC-1
GRCh38,ACTTGCTTCCCATCTG-1
GRCh38,ACTTGCTTCGTAACTG-1
GRCh38,ACTTGCTTCGTTATAA-1
GRCh38,ACTTGGGGTAACGAGA-1
GRCh38,ACTTGGGGTACTATGA-1
GRCh38,ACTTGGGGTAGGACTT-1
GRCh38,ACTTGGGGTATGTTAG-1
GRCh38,ACTTGGGGTCAAACGT-1
GRCh38,ACTTGGGGTCGCCGTC-1
GRCh38,ACTTGGGGTGGTAGGG-1
GRCh38,ACTTGTCTCACAGGTC-1
GRCh38,ACTTGTCTCACGCCTC-1
GRCh38,ACTTGTCTCAGCCCCT-1
GRCh38,ACTTGTCTCATGGACC-1
GRCh38,ACTTGTCTCCAAGTGC-1
GRCh38,ACTTGTCTCCATGGCG-1
GRCh38,ACTTGTCTCCGTTTCG-1
GRCh38,ACTTGTCTCGCGAAAG-1
GRCh38,ACTTGTCTCGCGCAAT-1
GRCh38,ACTTGTCTCGTTGTCT-1
GRCh38,ACTTGTGAGCACGGAA-1
GRCh38,ACTTGTGAGCCCAAGT-1
GRCh38,ACTTGTGAGCCTGTGG-1
GRCh38,ACTTGTGAGCGAAACG-1
GRCh38,ACTTGTGAGCTGCAAC-1
GRCh38,ACTTGTGAGGGCCATT-1
GRCh38,ACTTGTGAGGGGTTGA-1
GRCh38,ACTTGTGAGGTCCTAA-1
GRCh38,ACTTTAGCAAAGTCTC-1
GRCh38,ACTTTAGCACACTCTC-1
GRCh38,ACTTTAGCACCAGGCT-1
GRCh38,ACTTTAGCACTACGAT-1
GRCh38,ACTTTAGCAGCGGTAG-1
GRCh38,ACTTTAGCAGCTTATA-1
GRCh38,ACTTTAGCAGCTTCAG-1
GRCh38,ACTTTCATCAATTGGT-1
GRCh38,ACTTTCATCACTGTCT-1
GRCh38,ACTTTCATCAGTTTGG-1
GRCh38,ACTTTCATCATAATGC-1
GRCh38,ACTTTCATCATATTAG-1
GRCh38,ACTTTCATCATGGGCT-1
GRCh38,ACTTTCATCGGAGGTA-1
GRCh38,ACTTTCATCGGCTGCA-1
GRCh38,ACTTTCATCGTCAAGC-1
GRCh38,ACTTTCATCGTTATAA-1
GRCh38,ACTTTCCAGAAGGGTT-1
GRCh38,ACTTTCCAGACATAGA-1
GRCh38,ACTTTCCAGACCAATT-1
GRCh38,ACTTTCCAGCAGGGGT-1
GRCh38,ACTTTCCAGCTAATCG-1
GRCh38,ACTTTCCAGCTTGGGT-1
GRCh38,ACTTTCCAGGCGTCAT-1
GRCh38,ACTTTCCAGGGCCATT-1
GRCh38,ACTTTCGGTAATTTCC-1
GRCh38,ACTTTCGGTAGAGGCG-1
GRCh38,ACTTTCGGTCGCGGAT-1
GRCh38,ACTTTCGGTCGCGTCC-1
GRCh38,ACTTTCGGTCGCTTTA-1
GRCh38,ACTTTCGGTCTATTCG-1
GRCh38,ACTTTGGAGAACGCGA-1
GRCh38,ACTTTGGAGAGCTTGC-1
GRCh38,ACTTTGGAGATGCGAG-1
GRCh38,ACTTTGGAGCAATACT-1
GRCh38,ACTTTGGAGCACCCGA-1
GRCh38,ACTTTGGAGCATCGAC-1
GRCh38,ACTTTGGAGCATGCAC-1
GRCh38,ACTTTGGAGCCAACCG-1
GRCh38,ACTTTGGAGCCTCACC-1
GRCh38,ACTTTGGAGCCTTAGA-1
GRCh38,ACTTTGGAGCTAAATC-1
GRCh38,ACTTTGGAGCTTGATG-1
GRCh38,ACTTTGGAGGGGAGCT-1
GRCh38,ACTTTGGAGGTTCAAT-1
GRCh38,AGAAGCCCAAGCTGCC-1
GRCh38,AGAAGCCCAAGGACCG-1
GRCh38,AGAAGCCCACCTAGGC-1
GRCh38,AGAAGCCCACTAGGCC-1
GRCh38,AGAAGCCCAGGTTGCC-1
GRCh38,AGAAGCCCAGTAAGAT-1
GRCh38,AGAAGCTAGAATGTTC-1
GRCh38,AGAAGCTAGCCACGAT-1
GRCh38,AGAAGCTAGCCATACA-1
GRCh38,AGAAGCTAGCTCTGGG-1
GRCh38,AGAAGCTAGCTGATAT-1
GRCh38,AGAAGCTAGCTGCGTG-1
GRCh38,AGAAGCTAGGTAGGAT-1
GRCh38,AGAAGCTAGGTGCGAA-1
GRCh38,AGAAGGAAGACGTTAT-1
GRCh38,AGAAGGAAGAGTATAG-1
GRCh38,AGAAGGAAGATCGGAG-1
GRCh38,AGAAGGAAGCGCAGTT-1
GRCh38,AGAAGGAAGCTGTAGC-1
GRCh38,AGAAGGAAGGCCCGTA-1
GRCh38,AGAAGGAAGGTCCAAC-1
GRCh38,AGAAGTATCAAACCAT-1
GRCh38,AGAAGTATCAAGCTTG-1
GRCh38,AGAAGTATCACAGGTC-1
GRCh38,AGAAGTATCATGGACC-1
GRCh38,AGAAGTATCCCGCTTA-1
GRCh38,AGAAGTATCCTACTAC-1
GRCh38,AGAAGTATCGGAAAGT-1
GRCh38,AGAAGTATCGGAAGCA-1
GRCh38,AGAAGTATCGGAGGTA-1
GRCh38,AGAAGTATCGTGCGCA-1
GRCh38,AGAATACCAAACTACC-1
GRCh38,AGAATACCAATGGCCC-1
GRCh38,AGAATACCACACTTAA-1
GRCh38,AGAATACCACGCATAT-1
GRCh38,AGAATACCACTTGACG-1
GRCh38,AGAATACCAGTATGTC-1
GRCh38,AGAATACCAGTCACGC-1
GRCh38,AGAATAGTCAACCAAT-1
GRCh38,AGAATAGTCAACGGCT-1
GRCh38,AGAATAGTCACAGACC-1
GRCh38,AGAATAGTCATTCTCA-1
GRCh38,AGAATAGTCCAGCAGT-1
GRCh38,AGAATAGTCCAGTAGC-1
GRCh38,AGAATAGTCCATTCGT-1
GRCh38,AGAATAGTCGCTCTAT-1
GRCh38,AGAATAGTCGTCACCC-1
GRCh38,AGAATCAAGAACGATA-1
GRCh38,AGAATCAAGAACTTCG-1
GRCh38,AGAATCAAGACATAAG-1
GRCh38,AGAATCAAGACGTGTC-1
GRCh38,AGAATCAAGATGTGTT-1
GRCh38,AGAATCAAGCAGCCAT-1
GRCh38,AGAATCAAGCGTCAAC-1
GRCh38,AGAATCAAGCTAGTTG-1
GRCh38,AGAATCAAGCTGTTGA-1
GRCh38,AGAATGGGTACATAGC-1
GRCh38,AGAATGGGTACATCTT-1
GRCh38,AGAATGGGTAGCTTCC-1
GRCh38,AGAATGGGTATGCGCA-1
GRCh38,AGAATGGGTCAAACGT-1
GRCh38,AGAATGGGTCGAGTGC-1
GRCh38,AGAATGGGTCTAGCTC-1
GRCh38,AGAATGGGTGCAATGT-1
GRCh38,AGAATGGGTGCTAAGT-1
GRCh38,AGAATGGGTGTACGTG-1
GRCh38,AGAATGGGTGTAGTGT-1
GRCh38,AGAATGGGTGTTACCC-1
GRCh38,AGAATTACAACTTACA-1
GRCh38,AGAATTACAAGAAGCC-1
GRCh38,AGAATTACACAGCTCA-1
GRCh38,AGAATTACACCTCATC-1
GRCh38,AGAATTACACTCCTAC-1
GRCh38,AGAATTACAGCGACAG-1
GRCh38,AGAATTACAGGAAAGG-1
GRCh38,AGAATTACAGTATTCA-1
GRCh38,AGAATTACAGTGCATT-1
GRCh38,AGAATTGAGAGAGAGA-1
GRCh38,AGAATTGAGATATTGC-1
GRCh38,AGAATTGAGCAGCCCA-1
GRCh38,AGAATTGAGCAGCTAC-1
GRCh38,AGAATTGAGCCTGCGA-1
GRCh38,AGAATTGAGCTTCGTT-1
GRCh38,AGAATTGAGGCACCAT-1
GRCh38,AGAATTGAGGCATCGT-1
GRCh38,AGACAATCAACTAATT-1
GRCh38,AGACAATCAAGTTACC-1
GRCh38,AGACAATCACAATTAT-1
GRCh38,AGACAATCACATATCA-1
GRCh38,AGACAATCACGCAACC-1
GRCh38,AGACAATCACGTAACT-1
GRCh38,AGACAATCACTACATA-1
GRCh38,AGACAATCAGGATTAG-1
GRCh38,AGACAATCAGGTAGCG-1
GRCh38,AGACAATCAGGTTCGC-1
GRCh38,AGACACCTCACCACTT-1
GRCh38,AGACACCTCAGCATTG-1
GRCh38,AGACACCTCAGGGCTT-1
GRCh38,AGACACCTCCAAGTGC-1
GRCh38,AGACACCTCCGTCGCT-1
GRCh38,AGACACCTCCTAAACG-1
GRCh38,AGACACCTCGCAAGTC-1
GRCh38,AGACACCTCGCGTAGT-1
GRCh38,AGACACCTCGGCTAAC-1
GRCh38,AGACACCTCGTAAGCC-1
GRCh38,AGACACCTCGTACAAT-1
GRCh38,AGACACCTCGTTCATC-1
GRCh38,AGACAGCCAAAGCGTA-1
GRCh38,AGACAGCCAACTCGGC-1
GRCh38,AGACAGCCAAGAAGCC-1
GRCh38,AGACAGCCAATAAGAC-1
GRCh38,AGACAGCCAATATGTT-1
GRCh38,AGACAGCCACCTAATA-1
GRCh38,AGACAGCCACTGAAAG-1
GRCh38,AGACAGCCACTGATTA-1
GRCh38,AGACAGCCAGGAGTTA-1
GRCh38,AGACAGCCAGTGCACC-1
GRCh38,AGACAGGTCAAACCGC-1
GRCh38,AGACAGGTCACGCGCA-1
GRCh38,AGACAGGTCACGGTGT-1
GRCh38,AGACAGGTCATACTCC-1
GRCh38,AGACAGGTCCAACAGC-1
GRCh38,AGACAGGTCGTTGGCG-1
GRCh38,AGACATAAGACTGCCG-1
GRCh38,AGACATAAGAGGAGCC-1
GRCh38,AGACATAAGATACCAT-1
GRCh38,AGACATAAGATCGTTG-1
GRCh38,AGACATAAGCTCGTGG-1
GRCh38,AGACATAAGCTGACGT-1
GRCh38,AGACATAAGCTTGGGT-1
GRCh38,AGACATAAGGCATCCG-1
GRCh38,AGACATAAGGGACACA-1
GRCh38,AGACATAAGGGTGTTC-1
GRCh38,AGACATTTCCACCCGT-1
GRCh38,AGACATTTCCCCACTA-1
GRCh38,AGACATTTCCCGACTC-1
GRCh38,AGACATTTCGGCGAAA-1
GRCh38,AGACGACCAAACACCT-1
GRCh38,AGACGACCAAACATTT-1
GRCh38,AGACGACCAAGACGTA-1
GRCh38,AGACGACCAAGCTTAC-1
GRCh38,AGACGACCAATACCTA-1
GRCh38,AGACGACCAATCACTA-1
GRCh38,AGACGACCAATGCGGG-1
GRCh38,AGACGACCAATGCTTA-1
GRCh38,AGACGACCACACACGC-1
GRCh38,AGACGACCAGTACGAA-1
GRCh38,AGACGACCAGTTAAGG-1
GRCh38,AGACGATAGACATAAG-1
GRCh38,AGACGATAGACCCGCA-1
GRCh38,AGACGATAGACTTGTG-1
GRCh38,AGACGATAGCAAACTT-1
GRCh38,AGACGATAGCAAGTTT-1
GRCh38,AGACGATAGCATTACG-1
GRCh38,AGACGATAGCCATACA-1
GRCh38,AGACGATAGCGCCTAG-1
GRCh38,AGACGATAGGGATTAA-1
GRCh38,AGACGATAGGGGTTAG-1
GRCh38,AGACGCAAGAGGTGAT-1
GRCh38,AGACGCAAGCAAGCGA-1
GRCh38,AGACGCAAGCATAACT-1
GRCh38,AGACGCAAGCCTATGA-1
GRCh38,AGACGCAAGCTCTAGA-1
GRCh38,AGACGCAAGCTGTAAT-1
GRCh38,AGACGCAAGGCATGGA-1
GRCh38,AGACGCAAGGCTCACG-1
GRCh38,AGACGCAAGGTAGGCA-1
GRCh38,AGACGCAAGGTCCTTT-1
GRCh38,AGACGCTTCACCATCT-1
GRCh38,AGACGCTTCACTCTTA-1
GRCh38,AGACGCTTCAGCTAAT-1
GRCh38,AGACGCTTCATACGTG-1
GRCh38,AGACGCTTCATATTAG-1
GRCh38,AGACGCTTCCAGCAAC-1
GRCh38,AGACGCTTCCGCCGTT-1
GRCh38,AGACGCTTCCTCCATG-1
GRCh38,AGACGCTTCCTCGTTG-1
GRCh38,AGACGCTTCCTTCAAC-1
GRCh38,AGACGCTTCGCGAAAG-1
GRCh38,AGACGCTTCGCGCAAT-1
GRCh38,AGACGCTTCGCGCATG-1
GRCh38,AGACGCTTCGGTTACA-1
GRCh38,AGACGGGGTAGAGGGT-1
GRCh38,AGACGGGGTAGTCCAG-1
GRCh38,AGACGGGGTAGTCTCC-1
GRCh38,AGACGGGGTATCTGGG-1
GRCh38,AGACGGGGTCATGTCC-1
GRCh38,AGACGGGGTGGTAGCC-1
GRCh38,AGACGGGGTGTCGCTT-1
GRCh38,AGACGTACAAATTGAA-1
GRCh38,AGACGTACAACTCGGC-1
GRCh38,AGACGTACAATAAGAC-1
GRCh38,AGACGTACAATAATTC-1
GRCh38,AGACGTACAATCATTG-1
GRCh38,AGACGTACAATGGGCG-1
GRCh38,AGACGTACAATTAAGA-1
GRCh38,AGACGTACACACTATA-1
GRCh38,AGACGTACACATCACG-1
GRCh38,AGACGTACACATCGGC-1
GRCh38,AGACGTACACATTCAA-1
GRCh38,AGACGTACACCTACCT-1
GRCh38,AGACGTACACCTCGAA-1
GRCh38,AGACGTACACCTGACA-1
GRCh38,AGACGTACACGCCATA-1
GRCh38,AGACGTACACTCAATA-1
GRCh38,AGACGTACACTGAAAG-1
GRCh38,AGACGTACAGCTCGGT-1
GRCh38,AGACGTACAGGCATTT-1
GRCh38,AGACGTACAGTCTTAA-1
GRCh38,AGACGTTGTAAGCCCA-1
GRCh38,AGACGTTGTAATCTTC-1
GRCh38,AGACGTTGTAGTCGAT-1
GRCh38,AGACGTTGTATATGTG-1
GRCh38,AGACGTTGTATCGGGC-1
GRCh38,AGACGTTGTCCGGCCT-1
GRCh38,AGACGTTGTCCTAGCT-1
GRCh38,AGACGTTGTCGCTGCC-1
GRCh38,AGACGTTGTCGGTTCT-1
GRCh38,AGACGTTGTGGTGCGT-1
GRCh38,AGACGTTGTGTTGTAA-1
GRCh38,AGACTCATCACAACAT-1
GRCh38,AGACTCATCATCGCGG-1
GRCh38,AGACTCATCATGGCGT-1
GRCh38,AGACTCATCCAACGTA-1
GRCh38,AGACTCATCCAAGCGT-1
GRCh38,AGACTCATCCCATAAG-1
GRCh38,AGACTCATCCCTTCGA-1
GRCh38,AGACTCATCCTAAAGT-1
GRCh38,AGACTCATCGCCATGG-1
GRCh38,AGACTCATCGTTCACT-1
GRCh38,AGACTCGGTAAGCCGC-1
GRCh38,AGACTCGGTAAGGGTA-1
GRCh38,AGACTCGGTACCTGCT-1
GRCh38,AGACTCGGTACCTTTG-1
GRCh38,AGACTCGGTACGAAAG-1
GRCh38,AGACTCGGTAGCTTCC-1
GRCh38,AGACTCGGTCAATTAG-1
GRCh38,AGACTCGGTCCGAATG-1
GRCh38,AGACTCGGTGCTTCCG-1
GRCh38,AGACTCGGTGTAGGTT-1
GRCh38,AGACTCGGTGTCATCC-1
GRCh38,AGACTCGGTGTCGTGA-1
GRCh38,AGACTGCTCAGCCCCT-1
GRCh38,AGACTGCTCATGCCTT-1
GRCh38,AGACTGCTCCAGGGTT-1
GRCh38,AGACTGCTCCCAGCTC-1
GRCh38,AGACTGCTCCCTTGTG-1
GRCh38,AGACTGCTCCTACAAG-1
GRCh38,AGACTGCTCGCAAACC-1
GRCh38,AGACTGCTCGCGCCTT-1
GRCh38,AGACTGCTCGTTAGGC-1
GRCh38,AGACTTGTCAATTCCC-1
GRCh38,AGACTTGTCAGCACTA-1
GRCh38,AGACTTGTCATCCGTT-1
GRCh38,AGACTTGTCCGGGTAT-1
GRCh38,AGACTTGTCCTAAAGT-1
GRCh38,AGACTTGTCGGATCCG-1
GRCh38,AGACTTGTCGGCCTTC-1
GRCh38,AGACTTTAGACACCGT-1
GRCh38,AGACTTTAGACAGAAC-1
GRCh38,AGACTTTAGACCCGCA-1
GRCh38,AGACTTTAGAGTTAGA-1
GRCh38,AGACTTTAGCATGCCG-1
GRCh38,AGACTTTAGCTAAGGG-1
GRCh38,AGACTTTAGGGACGGT-1
GRCh38,AGACTTTAGGGAGCGT-1
GRCh38,AGACTTTAGGGCTGAA-1
GRCh38,AGACTTTAGGTTATCG-1
GRCh38,AGAGAACTCAAACCTG-1
GRCh38,AGAGAACTCAGGACTC-1
GRCh38,AGAGAACTCCAGCTCC-1
GRCh38,AGAGAACTCGGGCAAA-1
GRCh38,AGAGAACTCGGTTATG-1
GRCh38,AGAGAATGTAAACGCT-1
GRCh38,AGAGAATGTAGCGTTG-1
GRCh38,AGAGAATGTATAATCG-1
GRCh38,AGAGAATGTCAATGTA-1
GRCh38,AGAGAATGTCACGGCG-1
GRCh38,AGAGAATGTCGAGGCT-1
GRCh38,AGAGAATGTGCCACTT-1
GRCh38,AGAGACCCAACTTCGG-1
GRCh38,AGAGACCCAAGAGATT-1
GRCh38,AGAGACCCAAGCGAGT-1
GRCh38,AGAGACCCAGCCTTAG-1
GRCh38,AGAGACCCAGGCGCAA-1
GRCh38,AGAGACCCAGTCGGTC-1
GRCh38,AGAGAGAAGAAAGCTA-1
GRCh38,AGAGAGAAGAACACCC-1
GRCh38,AGAGAGAAGAATCAAG-1
GRCh38,AGAGAGAAGACCCACG-1
GRCh38,AGAGAGAAGATAGTAG-1
GRCh38,AGAGAGAAGATCCAAT-1
GRCh38,AGAGAGAAGATCGCGT-1
GRCh38,AGAGAGAAGCATTCAG-1
GRCh38,AGAGAGAAGGTAAGGT-1
GRCh38,AGAGAGAAGGTCTAGC-1
GRCh38,AGAGAGGCAAACTCCG-1
GRCh38,AGAGAGGCAATAATTC-1
GRCh38,AGAGAGGCAATTACGC-1
GRCh38,AGAGAGGCACGCTGAC-1
GRCh38,AGAGAGGCACGGCTTA-1
GRCh38,AGAGAGGCACGTCTAG-1
GRCh38,AGAGAGGCAGCATTTA-1
GRCh38,AGAGAGGCAGCGGTAG-1
GRCh38,AGAGAGGCAGTACGAA-1
GRCh38,AGAGAGGCAGTAGCGG-1
GRCh38,AGAGAGGCAGTTCACG-1
GRCh38,AGAGATGGTAGGGTAA-1
GRCh38,AGAGATGGTATGATGC-1
GRCh38,AGAGATGGTCAATCCC-1
GRCh38,AGAGATGGTCCCTTGG-1
GRCh38,AGAGATGGTGCGCTCC-1
GRCh38,AGAGATGGTGGCATAT-1
GRCh38,AGAGATGGTGGTCCCC-1
GRCh38,AGAGATGGTGTCTTCA-1
GRCh38,AGAGATGGTGTGTCGA-1
GRCh38,AGAGATTCAAAACCAG-1
GRCh38,AGAGATTCAACATAGG-1
GRCh38,AGAGATTCAACGAACA-1
GRCh38,AGAGATTCAAGTCGAA-1
GRCh38,AGAGATTCACCTCATC-1
GRCh38,AGAGATTCAGCAAGAC-1
GRCh38,AGAGATTCAGTCATCG-1
GRCh38,AGAGATTCAGTCCATG-1
GRCh38,AGAGGAAAGAATTGTC-1
GRCh38,AGAGGAAAGATAACAG-1
GRCh38,AGAGGAAAGCGCATTA-1
GRCh38,AGAGGAAAGGCGTTTA-1
GRCh38,AGAGGAAAGGCTGTTA-1
GRCh38,AGAGGAAAGGGGAGCT-1
GRCh38,AGAGGCGGTAACCGTG-1
GRCh38,AGAGGCGGTATGCGAT-1
GRCh38,AGAGGCGGTCGAAGTT-1
GRCh38,AGAGGCGGTCGACTAG-1
GRCh38,AGAGGCGGTGGAATCT-1
GRCh38,AGAGGCGGTGGCGCAT-1
GRCh38,AGAGGCGGTGGCTAGC-1
GRCh38,AGAGGCGGTGGTAGTT-1
GRCh38,AGAGGCGGTGGTGTGC-1
GRCh38,AGAGGCGGTGTTAGTA-1
GRCh38,AGAGGGACAACGATAG-1
GRCh38,AGAGGGACAACTCCCT-1
GRCh38,AGAGGGACAAGCTTAC-1
GRCh38,AGAGGGACAATCGCAT-1
GRCh38,AGAGGGACACATGGTT-1
GRCh38,AGAGGGACACCGCTAA-1
GRCh38,AGAGGGACACCGTCAA-1
GRCh38,AGAGGGACAGGAAACC-1
GRCh38,AGAGGGACAGGAGTTA-1
GRCh38,AGAGGGACAGTTACCG-1
GRCh38,AGAGGGTGTAGTAAGG-1
GRCh38,AGAGGGTGTGTCGTGA-1
GRCh38,AGAGGGTGTGTGTTCC-1
GRCh38,AGAGGTAGTACATCTT-1
GRCh38,AGAGGTAGTAGGAAAT-1
GRCh38,AGAGGTAGTAGTATGC-1
GRCh38,AGAGGTAGTCCAGAAT-1
GRCh38,AGAGGTAGTCCATAGG-1
GRCh38,AGAGGTAGTCGGTTTC-1
GRCh38,AGAGGTAGTCGTTAGG-1
GRCh38,AGAGGTAGTGCGGTTA-1
GRCh38,AGAGGTAGTGCTGGGT-1
GRCh38,AGAGGTAGTGGAGCCT-1
GRCh38,AGAGGTAGTGGAGTGG-1
GRCh38,AGAGGTAGTGGCGGTT-1
GRCh38,AGAGGTAGTGGGAGCA-1
GRCh38,AGAGGTCCACACACGC-1
GRCh38,AGAGGTCCACACAGAA-1
GRCh38,AGAGGTCCACCCTCAT-1
GRCh38,AGAGGTCCACCGTTTC-1
GRCh38,AGAGGTCCACCTAGGC-1
GRCh38,AGAGGTCCACCTGCTT-1
GRCh38,AGAGGTCCACCTTCCG-1
GRCh38,AGAGGTCCACGATAAG-1
GRCh38,AGAGGTCCACTGGGCT-1
GRCh38,AGAGGTCCAGTAGGCG-1
GRCh38,AGAGGTCCAGTGCACC-1
GRCh38,AGAGGTTAGAAGTACA-1
GRCh38,AGAGGTTAGACTCCAA-1
GRCh38,AGAGGTTAGAGAGGTT-1
GRCh38,AGAGGTTAGAGTCGTC-1
GRCh38,AGAGGTTAGATATCAC-1
GRCh38,AGAGGTTAGATCCCAA-1
GRCh38,AGAGGTTAGCTCGTTT-1
GRCh38,AGAGGTTAGGCCTATA-1
GRCh38,AGAGGTTAGGTAGGTG-1
GRCh38,AGAGTAATCAGGCTGT-1
GRCh38,AGAGTAATCAGGGCAA-1
GRCh38,AGAGTAATCATGAGTT-1
GRCh38,AGAGTAATCGCAAAGG-1
GRCh38,AGAGTAATCGGAAAGT-1
GRCh38,AGAGTAATCGGCAACT-1
GRCh38,AGAGTAATCGTGACGT-1
GRCh38,AGAGTAGGTAATTGTG-1
GRCh38,AGAGTAGGTAGACTCG-1
GRCh38,AGAGTAGGTCCTATTG-1
GRCh38,AGAGTAGGTGCTACCT-1
GRCh38,AGAGTGAGTAATCCGG-1
GRCh38,AGAGTGAGTATATGGC-1
GRCh38,AGAGTGAGTCATACTT-1
GRCh38,AGAGTGAGTCCAACAG-1
GRCh38,AGAGTGAGTCCAGTAG-1
GRCh38,AGAGTGAGTCGACTTC-1
GRCh38,AGAGTGAGTCGCCGTC-1
GRCh38,AGAGTGAGTCTCATTG-1
GRCh38,AGAGTGAGTGGGATGG-1
GRCh38,AGAGTGAGTGGTTGAT-1
GRCh38,AGAGTTAAGAACGGAT-1
GRCh38,AGAGTTAAGAAGCCGA-1
GRCh38,AGAGTTAAGAGTATTC-1
GRCh38,AGAGTTAAGAGTGCGA-1
GRCh38,AGAGTTAAGCAATACT-1
GRCh38,AGAGTTAAGCATCACA-1
GRCh38,AGAGTTAAGCCTGGTG-1
GRCh38,AGAGTTAAGGCACCAT-1
GRCh38,AGAGTTAAGGTATACT-1
GRCh38,AGAGTTAAGGTCCGAT-1
GRCh38,AGCAAATCAACTCGAT-1
GRCh38,AGCAAATCAATACACC-1
GRCh38,AGCAAATCAATCGTCG-1
GRCh38,AGCAAATCACCACGGT-1
GRCh38,AGCAAATCACTACTTT-1
GRCh38,AGCAAATCACTCCACT-1
GRCh38,AGCAACGAGAATGGTA-1
GRCh38,AGCAACGAGACCCGCA-1
GRCh38,AGCAACGAGCCGGATT-1
GRCh38,AGCAACGAGCCTAATG-1
GRCh38,AGCAACGAGCCTGCAG-1
GRCh38,AGCAACGAGCTGCACG-1
GRCh38,AGCAACGAGGCGCTTG-1
GRCh38,AGCAAGCCAAAACTAA-1
GRCh38,AGCAAGCCAAACGTTC-1
GRCh38,AGCAAGCCAAAGCTAG-1
GRCh38,AGCAAGCCAACAGAAT-1
GRCh38,AGCAAGCCAATTATCG-1
GRCh38,AGCAAGCCAATTCGGT-1
GRCh38,AGCAAGCCACCAGACC-1
GRCh38,AGCAAGCCAGCATGGG-1
GRCh38,AGCAAGCCAGTAAACG-1
GRCh38,AGCAAGTAGAAACGCG-1
GRCh38,AGCAAGTAGAGGATTA-1
GRCh38,AGCAAGTAGAGTGGCA-1
GRCh38,AGCAAGTAGCACTCCC-1
GRCh38,AGCAAGTAGCACTTTC-1
GRCh38,AGCAAGTAGCAGTCTA-1
GRCh38,AGCAAGTAGCCAAGCT-1
GRCh38,AGCAAGTAGCCGTATA-1
GRCh38,AGCAAGTAGCTAGTGC-1
GRCh38,AGCAAGTAGGGGCTAA-1
GRCh38,AGCAAGTAGGTATATC-1
GRCh38,AGCAAGTAGGTCCTTT-1
GRCh38,AGCAAGTAGGTCTCCC-1
GRCh38,AGCAATCGTAACTCCC-1
GRCh38,AGCAATCGTAATTCAG-1
GRCh38,AGCAATCGTACCCTTA-1
GRCh38,AGCAATCGTACCTCCG-1
GRCh38,AGCAATCGTAGCGTGC-1
GRCh38,AGCAATCGTCAACTCC-1
GRCh38,AGCAATCGTCACCCGC-1
GRCh38,AGCAATCGTCAGTAGT-1
GRCh38,AGCAATCGTCCAAGAT-1
GRCh38,AGCAATCGTCGTAATA-1
GRCh38,AGCAATCGTCTAGCAG-1
GRCh38,AGCAATCGTGGGTATT-1
GRCh38,AGCAATCGTGTTACTT-1
GRCh38,AGCAATTTCAACGTAT-1
GRCh38,AGCAATTTCAACTCTC-1
GRCh38,AGCAATTTCAATGTAC-1
GRCh38,AGCAATTTCACGAGCT-1
GRCh38,AGCAATTTCCCTTGTG-1
GRCh38,AGCAATTTCCGTAAAT-1
GRCh38,AGCAATTTCGCGTCAG-1
GRCh38,AGCAATTTCGCTCATT-1
GRCh38,AGCACAACAAAGGGAG-1
GRCh38,AGCACAACAAATCTCA-1
GRCh38,AGCACAACAAATTGCC-1
GRCh38,AGCACAACAAGTCTTA-1
GRCh38,AGCACAACACACACGC-1
GRCh38,AGCACAACACAGGTCC-1
GRCh38,AGCACAACAGTACGAA-1
GRCh38,AGCACGTTCAATGTAC-1
GRCh38,AGCACGTTCACGCTCC-1
GRCh38,AGCACGTTCCGCAGCA-1
GRCh38,AGCACGTTCGCGTAGT-1
GRCh38,AGCACGTTCGTGGGTT-1
GRCh38,AGCACTATCAATATTG-1
GRCh38,AGCACTATCACAACTG-1
GRCh38,AGCACTATCACTTCTA-1
GRCh38,AGCACTATCCAATTCC-1
GRCh38,AGCACTATCCACCCGT-1
GRCh38,AGCACTATCCACTCCA-1
GRCh38,AGCACTATCCCTGCAC-1
GRCh38,AGCACTATCCGAATTG-1
GRCh38,AGCACTATCCGGCAAT-1
GRCh38,AGCACTATCCTAGCTT-1
GRCh38,AGCACTATCCTTGTAC-1
GRCh38,AGCACTATCGCTATAG-1
GRCh38,AGCAGATAGAGCAAGT-1
GRCh38,AGCAGATAGCAAACCC-1
GRCh38,AGCAGATAGCAATGCC-1
GRCh38,AGCAGATAGCATAATC-1
GRCh38,AGCAGATAGCCTAGAC-1
GRCh38,AGCAGATAGGCTGTCG-1
GRCh38,AGCAGATAGGTCATCA-1
GRCh38,AGCAGATAGGTCGCAT-1
GRCh38,AGCAGCAAGAATGACA-1
GRCh38,AGCAGCAAGACATGAA-1
GRCh38,AGCAGCAAGACATTCG-1
GRCh38,AGCAGCAAGACCTTTC-1
GRCh38,AGCAGCAAGCAAAGTA-1
GRCh38,AGCAGCAAGCAAGCTC-1
GRCh38,AGCAGCAAGCACAATT-1
GRCh38,AGCAGCAAGCCCTAGG-1
GRCh38,AGCAGCAAGCCGTGAT-1
GRCh38,AGCAGCAAGGCGCTTG-1
GRCh38,AGCAGCAAGGTATACT-1
GRCh38,AGCAGCAAGGTGTCGT-1
GRCh38,AGCAGGGGTACCACAG-1
GRCh38,AGCAGGGGTACTACTT-1
GRCh38,AGCAGGGGTAGCAATC-1
GRCh38,AGCAGGGGTAGCGTAT-1
GRCh38,AGCAGGGGTATTGGGT-1
GRCh38,AGCAGTACAACTAACC-1
GRCh38,AGCAGTACAAGCATAG-1
GRCh38,AGCAGTACAATCATTG-1
GRCh38,AGCAGTACAATTCATG-1
GRCh38,AGCAGTACACAATCAC-1
GRCh38,AGCAGTACACAGTGCC-1
GRCh38,AGCAGTACACTTCGAG-1
GRCh38,AGCAGTACAGCCTCTT-1
GRCh38,AGCAGTACAGTATACC-1
GRCh38,AGCAGTACAGTCTTCC-1
GRCh38,AGCAGTACAGTTCAGT-1
GRCh38,AGCAGTCTCCAAATCG-1
GRCh38,AGCAGTCTCCGCTAAA-1
GRCh38,AGCAGTCTCGGTACGT-1
GRCh38,AGCAGTCTCGGTGTCG-1
GRCh38,AGCAGTTGTACGGATT-1
GRCh38,AGCAGTTGTATTGTCT-1
GRCh38,AGCAGTTGTCACCCTG-1
GRCh38,AGCAGTTGTCAGCGGT-1
GRCh38,AGCAGTTGTCTAATGA-1
GRCh38,AGCAGTTGTCTTGTGC-1
GRCh38,AGCAGTTGTGGCTTAG-1
GRCh38,AGCAGTTGTGTCGCTT-1
GRCh38,AGCATAGCAACTTCGG-1
GRCh38,AGCATAGCACCTAGAT-1
GRCh38,AGCATAGCAGTAGCCC-1
GRCh38,AGCATAGCAGTATAGG-1
GRCh38,AGCATAGCAGTTGGTT-1
GRCh38,AGCATATTCACCCCGT-1
GRCh38,AGCATATTCAGGTTCA-1
GRCh38,AGCATATTCAGTGGCT-1
GRCh38,AGCATATTCATAACAC-1
GRCh38,AGCATATTCATACAAC-1
GRCh38,AGCATATTCCATCGTT-1
GRCh38,AGCATATTCCGCCCAT-1
GRCh38,AGCATATTCCTGGGTG-1
GRCh38,AGCATATTCGCTTTCG-1
GRCh38,AGCATATTCGTACGGT-1
GRCh38,AGCATCATCACAACTG-1
GRCh38,AGCATCATCACCCCGT-1
GRCh38,AGCATCATCACCCTGC-1
GRCh38,AGCATCATCATGGCTA-1
GRCh38,AGCATCATCCTGGCTC-1
GRCh38,AGCATCATCGCTTTAC-1
GRCh38,AGCATCGGTAAGTGTC-1
GRCh38,AGCATCGGTAATCTTC-1
GRCh38,AGCATCGGTAGCTGTG-1
GRCh38,AGCATCGGTATGGCGC-1
GRCh38,AGCATCGGTCCCATGT-1
GRCh38,AGCATCGGTCTATCGC-1
GRCh38,AGCATCGGTCTGGAAT-1
GRCh38,AGCATCGGTGCTAAGT-1
GRCh38,AGCATCGGTGTCACGA-1
GRCh38,AGCATCGGTGTCCTTA-1
GRCh38,AGCATCGGTGTGCCCC-1
GRCh38,AGCATGGAGAACCCGT-1
GRCh38,AGCATGGAGAATGGCG-1
GRCh38,AGCATGGAGACTCAGC-1
GRCh38,AGCATGGAGACTGCCG-1
GRCh38,AGCATGGAGAGACGCA-1
GRCh38,AGCATGGAGAGCCGTT-1
GRCh38,AGCATGGAGAGGGATT-1
GRCh38,AGCATGGAGCCTAATG-1
GRCh38,AGCATGGAGCCTTCAT-1
GRCh38,AGCATGGAGCGTAATT-1
GRCh38,AGCATGGAGGCCCGTA-1
GRCh38,AGCATGGAGGGGGCAT-1
GRCh38,AGCATGGAGGTGCGAA-1
GRCh38,AGCATTCCAAACTCCG-1
GRCh38,AGCATTCCAACGTCCA-1
GRCh38,AGCATTCCAACTCACG-1
GRCh38,AGCATTCCACCCTAAG-1
GRCh38,AGCATTCCACCTAAAC-1
GRCh38,AGCATTCCACGGACCT-1
GRCh38,AGCATTCCACTGGGAG-1
GRCh38,AGCATTCCAGCATGCC-1
GRCh38,AGCATTCCAGTTGGGG-1
GRCh38,AGCATTGTCAAGCCAC-1
GRCh38,AGCATTGTCACATCTC-1
GRCh38,AGCATTGTCACGTATG-1
GRCh38,AGCATTGTCACGTCGG-1
GRCh38,AGCATTGTCACTCCCA-1
GRCh38,AGCATTGTCCCACGCT-1
GRCh38,AGCATTGTCCGGCGTA-1
GRCh38,AGCATTGTCCTGCAAA-1
GRCh38,AGCATTGTCGGAGGTA-1
GRCh38,AGCATTGTCGGGCCTA-1
GRCh38,AGCATTTAGAAACGGT-1
GRCh38,AGCATTTAGAACTTGT-1
GRCh38,AGCATTTAGACACCGT-1
GRCh38,AGCATTTAGACAGACG-1
GRCh38,AGCATTTAGCAACCCG-1
GRCh38,AGCATTTAGCAATACT-1
GRCh38,AGCATTTAGCACATCA-1
GRCh38,AGCATTTAGCCTTGCC-1
GRCh38,AGCATTTAGCTATGTG-1
GRCh38,AGCATTTAGGGTGATG-1
GRCh38,AGCATTTAGGTTATCG-1
GRCh38,AGCCAACTCACATGTG-1
GRCh38,AGCCAACTCACGCATA-1
GRCh38,AGCCAACTCAGCATAT-1
GRCh38,AGCCAACTCAGCCCCT-1
GRCh38,AGCCAACTCCGAACAC-1
GRCh38,AGCCAACTCCTCTGCA-1
GRCh38,AGCCAACTCCTGCATT-1
GRCh38,AGCCAACTCGGACATC-1
GRCh38,AGCCAACTCGGCGTAT-1
GRCh38,AGCCAACTCGGTTCAA-1
GRCh38,AGCCAACTCGTAACGC-1
GRCh38,AGCCAACTCGTAGTCA-1
GRCh38,AGCCAACTCGTCTTCG-1
GRCh38,AGCCAGCGTAGGCGCT-1
GRCh38,AGCCAGCGTATCATGA-1
GRCh38,AGCCAGCGTCTCTAGC-1
GRCh38,AGCCAGCGTGCACTCT-1
GRCh38,AGCCAGCGTGGCTGTA-1
GRCh38,AGCCAGCGTGTCGCCC-1
GRCh38,AGCCATATCCAAGCTA-1
GRCh38,AGCCATATCCACATCT-1
GRCh38,AGCCATATCCACTTAC-1
GRCh38,AGCCATATCCTTGTGT-1
GRCh38,AGCCATATCGCACCCT-1
GRCh38,AGCCATATCGTAATCG-1
GRCh38,AGCCATATCGTCCCTA-1
GRCh38,AGCCATTCAACCCGTA-1
GRCh38,AGCCATTCAACCTATA-1
GRCh38,AGCCATTCAACGTAAG-1
GRCh38,AGCCATTCAACTTCAA-1
GRCh38,AGCCATTCAAGCGTTT-1
GRCh38,AGCCATTCACAACCCA-1
GRCh38,AGCCATTCACAGCACC-1
GRCh38,AGCCATTCACATCACG-1
GRCh38,AGCCATTCACCGACTA-1
GRCh38,AGCCATTCACGCACTA-1
GRCh38,AGCCATTCACTCATAA-1
GRCh38,AGCCATTCAGCATGGG-1
GRCh38,AGCCCATAGAACGTTT-1
GRCh38,AGCCCATAGATTACGT-1
GRCh38,AGCCCATAGGTTAGCC-1
GRCh38,AGCCCCAAGAGGCCAA-1
GRCh38,AGCCCCAAGATATTGC-1
GRCh38,AGCCCCAAGATCCCAA-1
GRCh38,AGCCCCAAGCAATGCC-1
GRCh38,AGCCCCAAGCACGGTT-1
GRCh38,AGCCCCAAGCACTGCG-1
GRCh38,AGCCCCAAGCTGTAGC-1
GRCh38,AGCCCCAAGGGCGGAT-1
GRCh38,AGCCCCTTCATAACGT-1
GRCh38,AGCCCCTTCATCATCC-1
GRCh38,AGCCCCTTCATGTAAC-1
GRCh38,AGCCCCTTCATTAATG-1
GRCh38,AGCCCCTTCCATTGCT-1
GRCh38,AGCCCCTTCCCGTCTA-1
GRCh38,AGCCCCTTCCCTACAT-1
GRCh38,AGCCCCTTCCTTGTAC-1
GRCh38,AGCCCCTTCGCAATTG-1
GRCh38,AGCCCCTTCGCAGTGT-1
GRCh38,AGCCCCTTCGGTTGTA-1
GRCh38,AGCCCTCTCAATCGTG-1
GRCh38,AGCCCTCTCACCAACA-1
GRCh38,AGCCCTCTCAGCGCAT-1
GRCh38,AGCCCTCTCATATGGT-1
GRCh38,AGCCCTCTCATCTCTA-1
GRCh38,AGCCCTCTCCCTACAT-1
GRCh38,AGCCCTCTCCGAATTG-1
GRCh38,AGCCCTCTCCTATGTC-1
GRCh38,AGCCCTCTCGTGCGCA-1
GRCh38,AGCCCTCTCGTTCACT-1
GRCh38,AGCCCTTGTAACAGGA-1
GRCh38,AGCCCTTGTAATCAGC-1
GRCh38,AGCCCTTGTACGGGTC-1
GRCh38,AGCCCTTGTAGGGGCA-1
GRCh38,AGCCCTTGTAGTCTGG-1
GRCh38,AGCCCTTGTATATCCT-1
GRCh38,AGCCCTTGTATTCTGT-1
GRCh38,AGCCCTTGTCAGCCCC-1
GRCh38,AGCCCTTGTCCTTGCG-1
GRCh38,AGCCCTTGTCGATTGG-1
GRCh38,AGCCCTTGTCGCTATC-1
GRCh38,AGCCCTTGTCTCGAAG-1
GRCh38,AGCCCTTGTGGGTTGC-1
GRCh38,AGCCCTTGTGTAATTG-1
GRCh38,AGCCCTTGTGTTATAG-1
GRCh38,AGCCGAAAGACAGCAG-1
GRCh38,AGCCGAAAGACCTGTA-1
GRCh38,AGCCGAAAGAGCCGAA-1
GRCh38,AGCCGAAAGGCTGTCG-1
GRCh38,AGCCGAAAGGGGGTTA-1
GRCh38,AGCCGAGCAAATCGAG-1
GRCh38,AGCCGAGCAACATGGA-1
GRCh38,AGCCGAGCACAGCGGA-1
GRCh38,AGCCGAGCACATAGCT-1
GRCh38,AGCCGAGCACGAGTAA-1
GRCh38,AGCCGAGCAGTCCACA-1
GRCh38,AGCCGCATCAAATCAC-1
GRCh38,AGCCGCATCAAATCCG-1
GRCh38,AGCCGCATCACCTACT-1
GRCh38,AGCCGCATCACGTGGT-1
GRCh38,AGCCGCATCACTATCC-1
GRCh38,AGCCGCATCACTGCAA-1
GRCh38,AGCCGCATCATACTAA-1
GRCh38,AGCCGCATCCATGGCG-1
GRCh38,AGCCGCATCCCACGCT-1
GRCh38,AGCCGCATCCTTCATA-1
GRCh38,AGCCGCATCGGTTTAG-1
GRCh38,AGCCGTCCAAAATGGT-1
GRCh38,AGCCGTCCAAAGTGCA-1
GRCh38,AGCCGTCCACGTCGTA-1
GRCh38,AGCCGTCCACTAGGCC-1
GRCh38,AGCCGTCCAGCACGCT-1
GRCh38,AGCCGTCCAGTAGCGG-1
GRCh38,AGCCGTGTCACTATCC-1
GRCh38,AGCCGTGTCAGCATAT-1
GRCh38,AGCCGTGTCAGTATTA-1
GRCh38,AGCCGTGTCATGCTTC-1
GRCh38,AGCCGTGTCATGGTGC-1
GRCh38,AGCCGTGTCATTAAGC-1
GRCh38,AGCCGTGTCCCCAATT-1
GRCh38,AGCCGTGTCCCCATTG-1
GRCh38,AGCCGTGTCCCGGGTA-1
GRCh38,AGCCGTGTCCTCTCCT-1
GRCh38,AGCCGTGTCCTTAACC-1
GRCh38,AGCCGTGTCGCTGGCA-1
GRCh38,AGCCGTTAGAGTTGAA-1
GRCh38,AGCCGTTAGCAAACCC-1
GRCh38,AGCCGTTAGCAAGCGA-1
GRCh38,AGCCGTTAGCTGATTG-1
GRCh38,AGCCGTTAGCTGTATG-1
GRCh38,AGCCGTTAGGCTTTGA-1
GRCh38,AGCCTCCTCACAATCG-1
GRCh38,AGCCTCCTCACTCACT-1
GRCh38,AGCCTCCTCCAGTAGC-1
GRCh38,AGCCTCCTCCATCTAC-1
GRCh38,AGCCTCCTCCGATCAA-1
GRCh38,AGCCTCCTCCGATCGG-1
GRCh38,AGCCTCCTCCGGCACA-1
GRCh38,AGCCTCCTCCTAACTC-1
GRCh38,AGCCTCCTCGCGATGT-1
GRCh38,AGCCTCCTCGTAAGCC-1
GRCh38,AGCCTCCTCGTACCTT-1
GRCh38,AGCCTCCTCGTTGCCC-1
GRCh38,AGCCTCTGTAATTCCT-1
GRCh38,AGCCTCTGTACGTCAG-1
GRCh38,AGCCTCTGTCCTTGCG-1
GRCh38,AGCCTCTGTCGAGGAG-1
GRCh38,AGCCTCTGTCGGGCAT-1
GRCh38,AGCCTCTGTCGTACCT-1
GRCh38,AGCCTCTGTCTCGCAT-1
GRCh38,AGCCTCTGTCTGACTC-1
GRCh38,AGCCTCTGTGGACGCT-1
GRCh38,AGCCTCTGTGTGGTCA-1
GRCh38,AGCCTGTAGACACCGT-1
GRCh38,AGCCTGTAGACATCAT-1
GRCh38,AGCCTGTAGATAACAG-1
GRCh38,AGCCTGTAGCACTGCG-1
GRCh38,AGCCTGTAGCATTCGA-1
GRCh38,AGCCTGTAGCGTGTCG-1
GRCh38,AGCCTGTAGCGTTGAC-1
GRCh38,AGCCTGTAGGCAGGGT-1
GRCh38,AGCCTGTAGGTGTATT-1
GRCh38,AGCCTTCGTAAGGGAC-1
GRCh38,AGCCTTCGTAAGTGAG-1
GRCh38,AGCCTTCGTACGCTGA-1
GRCh38,AGCCTTCGTAGGCAGG-1
GRCh38,AGCCTTCGTAGTAAGG-1
GRCh38,AGCCTTCGTATCTCGC-1
GRCh38,AGCCTTCGTCGTTTCA-1
GRCh38,AGCCTTCGTCTAACCC-1
GRCh38,AGCCTTCGTCTACAGG-1
GRCh38,AGCGAACCAAAACTCC-1
GRCh38,AGCGAACCACAGTTTA-1
GRCh38,AGCGAACCACCCTAAG-1
GRCh38,AGCGAACCACCTCTTA-1
GRCh38,AGCGAACCACGGACCT-1
GRCh38,AGCGAACCACGTATCG-1
GRCh38,AGCGAACCAGCTAGAA-1
GRCh38,AGCGAACCAGTCTAAC-1
GRCh38,AGCGAACCAGTGCAGG-1
GRCh38,AGCGAACCAGTTCGCA-1
GRCh38,AGCGAATAGACTGATT-1
GRCh38,AGCGAATAGACTGCAC-1
GRCh38,AGCGAATAGATAGGCG-1
GRCh38,AGCGAATAGCGATTTG-1
GRCh38,AGCGAATAGCGTACAC-1
GRCh38,AGCGAATAGCTGAATT-1
GRCh38,AGCGAATAGCTGTACA-1
GRCh38,AGCGAATAGGCTCATA-1
GRCh38,AGCGAATAGGGAGTTG-1
GRCh38,AGCGAATAGGGTCTGT-1
GRCh38,AGCGAATAGGTAAGCG-1
GRCh38,AGCGACAAGAATGATG-1
GRCh38,AGCGACAAGACGACAG-1
GRCh38,AGCGACAAGAGGCCAA-1
GRCh38,AGCGACAAGCAAGCTC-1
GRCh38,AGCGACAAGCCATTGA-1
GRCh38,AGCGACAAGCGGTCCA-1
GRCh38,AGCGACAAGGCCTCGA-1
GRCh38,AGCGACAAGGGACAAT-1
GRCh38,AGCGACAAGGGATAGT-1
GRCh38,AGCGACAAGGTAAATG-1
GRCh38,AGCGACAAGGTCATGC-1
GRCh38,AGCGAGTCAAACCACT-1
GRCh38,AGCGAGTCAAGCTGAA-1
GRCh38,AGCGAGTCAATCACTA-1
GRCh38,AGCGAGTCAATGCCGC-1
GRCh38,AGCGAGTCACAGTTCG-1
GRCh38,AGCGAGTCACCCTCAT-1
GRCh38,AGCGAGTCAGGAACCG-1
GRCh38,AGCGAGTCAGGATGGT-1
GRCh38,AGCGAGTCAGGTGATA-1
GRCh38,AGCGAGTCAGTTACCG-1
GRCh38,AGCGATACAACCATAC-1
GRCh38,AGCGATACAAGTTGAG-1
GRCh38,AGCGATACAATCAGGA-1
GRCh38,AGCGATACAATCATCA-1
GRCh38,AGCGATACACATCGGC-1
GRCh38,AGCGATACACATGCGC-1
GRCh38,AGCGATACACCAGATT-1
GRCh38,AGCGATACACGAGTAA-1
GRCh38,AGCGATACACTCGCAA-1
GRCh38,AGCGATACAGCTCGGT-1
GRCh38,AGCGATACAGGAACGT-1
GRCh38,AGCGATACAGTAGGGT-1
GRCh38,AGCGATGAGAACGTTT-1
GRCh38,AGCGATGAGACGCCAT-1
GRCh38,AGCGATGAGACTTTCC-1
GRCh38,AGCGATGAGAGCATGG-1
GRCh38,AGCGATGAGAGTGTAA-1
GRCh38,AGCGATGAGCGTGAAG-1
GRCh38,AGCGATGAGCTCTAGA-1
GRCh38,AGCGATGAGGCGCTTG-1
GRCh38,AGCGATGAGGGTGATG-1
GRCh38,AGCGATGAGGTCAATT-1
GRCh38,AGCGCAGCAAAGCTCT-1
GRCh38,AGCGCAGCACCATACG-1
GRCh38,AGCGCAGCACGGGTCT-1
GRCh38,AGCGCAGCACTAACTA-1
GRCh38,AGCGCAGCACTCCTAC-1
GRCh38,AGCGCATTCAAATCCG-1
GRCh38,AGCGCATTCAATATCA-1
GRCh38,AGCGCATTCACGCGTG-1
GRCh38,AGCGCATTCAGCATAT-1
GRCh38,AGCGCATTCATAAGCT-1
GRCh38,AGCGCATTCATTATCT-1
GRCh38,AGCGCATTCATTGTGG-1
GRCh38,AGCGCATTCCGATGGT-1
GRCh38,AGCGCATTCGCGCATG-1
GRCh38,AGCGCATTCGCGCGTA-1
GRCh38,AGCGCATTCGGGCCTA-1
GRCh38,AGCGCCATCACATAAC-1
GRCh38,AGCGCCATCACTCCAT-1
GRCh38,AGCGCCATCAGGCTCG-1
GRCh38,AGCGCCATCAGTCCGG-1
GRCh38,AGCGCCATCCAGTACA-1
GRCh38,AGCGCCATCCATGGGT-1
GRCh38,AGCGCCATCCCAATTC-1
GRCh38,AGCGCCATCCCTTCAG-1
GRCh38,AGCGCCATCCGACTCC-1
GRCh38,AGCGCCATCCGGGCTA-1
GRCh38,AGCGCCATCCTCCGGT-1
GRCh38,AGCGCCATCGGTAGCT-1
GRCh38,AGCGCCTCAACGGTCC-1
GRCh38,AGCGCCTCAACTGCAT-1
GRCh38,AGCGCCTCAAGACAGC-1
GRCh38,AGCGCCTCACAGTTTA-1
GRCh38,AGCGCCTCACATAACC-1
GRCh38,AGCGCCTCACCCTCAT-1
GRCh38,AGCGCCTCAGCGCTTA-1
GRCh38,AGCGCCTCAGGACGCA-1
GRCh38,AGCGCCTCAGTGCAGG-1
GRCh38,AGCGCGACAAACGCGG-1
GRCh38,AGCGCGACAACTGGAA-1
GRCh38,AGCGCGACAAGGGCAT-1
GRCh38,AGCGCGACAAGTTAGG-1
GRCh38,AGCGCGACAATTCGTA-1
GRCh38,AGCGCGACACATGTCG-1
GRCh38,AGCGCGACAGGGTATA-1
GRCh38,AGCGCGACAGGTTGGG-1
GRCh38,AGCGCGACAGTATGCT-1
GRCh38,AGCGCGACAGTGGACG-1
GRCh38,AGCGCGACAGTTGCCA-1
GRCh38,AGCGCGTGTCATCGAG-1
GRCh38,AGCGCGTGTCCAACCT-1
GRCh38,AGCGCGTGTGCCTGCC-1
GRCh38,AGCGCTCCAAGTCCGC-1
GRCh38,AGCGCTCCAATACGTC-1
GRCh38,AGCGCTCCACAACGCC-1
GRCh38,AGCGCTCCACACCGTA-1
GRCh38,AGCGCTCCACCAACGC-1
GRCh38,AGCGCTCCACGATAGA-1
GRCh38,AGCGCTCCACGCTCAA-1
GRCh38,AGCGCTCCACGCTGAC-1
GRCh38,AGCGCTCCACTTAGCG-1
GRCh38,AGCGCTCCAGCGTGCT-1
GRCh38,AGCGCTCCAGTGCACC-1
GRCh38,AGCGGACAGAAGCGGC-1
GRCh38,AGCGGACAGATGGGTG-1
GRCh38,AGCGGACAGCGGATAG-1
GRCh38,AGCGGACAGCTAAGGG-1
GRCh38,AGCGGACAGGCTGGTT-1
GRCh38,AGCGGACAGGGGATCA-1
GRCh38,AGCGGACAGGGTAAGT-1
GRCh38,AGCGGACAGGTCATCA-1
GRCh38,AGCGGAGGTAACGAGA-1
GRCh38,AGCGGAGGTACATCTT-1
GRCh38,AGCGGAGGTATACCCC-1
GRCh38,AGCGGAGGTATGCCTC-1
GRCh38,AGCGGAGGTCGACGGT-1
GRCh38,AGCGGAGGTCGGGTTA-1
GRCh38,AGCGGAGGTCTAGCTC-1
GRCh38,AGCGGAGGTCTCATAT-1
GRCh38,AGCGGAGGTGCCTCGC-1
GRCh38,AGCGGAGGTGGTATTA-1
GRCh38,AGCGGCACAAAGCCAA-1
GRCh38,AGCGGCACAACACTAC-1
GRCh38,AGCGGCACAATCCCGA-1
GRCh38,AGCGGCACACAAGCGG-1
GRCh38,AGCGGCACACCAACAT-1
GRCh38,AGCGGGAGTAAACCGT-1
GRCh38,AGCGGGAGTAATCCGG-1
GRCh38,AGCGGGAGTACAGAAG-1
GRCh38,AGCGGGAGTATATTCC-1
GRCh38,AGCGGGAGTGCCTATC-1
GRCh38,AGCGGGAGTGTGTATA-1
GRCh38,AGCGGGTAGAACCCGT-1
GRCh38,AGCGGGTAGAGAGGAA-1
GRCh38,AGCGGGTAGATTGCAT-1
GRCh38,AGCGGGTAGCAACGAG-1
GRCh38,AGCGGGTAGCACGAAG-1
GRCh38,AGCGGGTAGCCATGCG-1
GRCh38,AGCGGGTAGCTGGCAT-1
GRCh38,AGCGGGTAGCTTGTGA-1
GRCh38,AGCGGGTAGGCCTCGA-1
GRCh38,AGCGGGTAGGGCTCAT-1
GRCh38,AGCGGGTAGGTTCGCG-1
GRCh38,AGCGGTAAGATAGGCG-1
GRCh38,AGCGGTAAGATGCGAG-1
GRCh38,AGCGGTAAGCCCACAG-1
GRCh38,AGCGGTAAGCTAGTCA-1
GRCh38,AGCGGTAAGGCATCGT-1
GRCh38,AGCGGTAAGGCTAACC-1
GRCh38,AGCGGTAAGGTCACGT-1
GRCh38,AGCGGTCGTAAAGCGA-1
GRCh38,AGCGGTCGTACCTCCG-1
GRCh38,AGCGGTCGTAGTAAGG-1
GRCh38,AGCGGTCGTCACACTC-1
GRCh38,AGCGGTCGTCTGCATC-1
GRCh38,AGCGGTTTCATGGTTG-1
GRCh38,AGCGGTTTCCCGGCAA-1
GRCh38,AGCGGTTTCCGATCAA-1
GRCh38,AGCGGTTTCCGCCCAT-1
GRCh38,AGCGGTTTCCGTCAAA-1
GRCh38,AGCGGTTTCCTAATCC-1
GRCh38,AGCGGTTTCGCGTAGT-1
GRCh38,AGCGGTTTCGGAAACG-1
GRCh38,AGCGGTTTCGGTAGCT-1
GRCh38,AGCGGTTTCGTAGTCA-1
GRCh38,AGCGGTTTCGTTCGTT-1
GRCh38,AGCGTAACAAACATTT-1
GRCh38,AGCGTAACAAATCACC-1
GRCh38,AGCGTAACAACGCAGG-1
GRCh38,AGCGTAACAACTGCGC-1
GRCh38,AGCGTAACAAGTACAG-1
GRCh38,AGCGTAACAATAACCC-1
GRCh38,AGCGTAACAATCTCTT-1
GRCh38,AGCGTAACACAATCCG-1
GRCh38,AGCGTAACACCATTCC-1
GRCh38,AGCGTAACACGCCTAA-1
GRCh38,AGCGTAACACGTAATC-1
GRCh38,AGCGTAACAGCATGAA-1
GRCh38,AGCGTAACAGGACTTT-1
GRCh38,AGCGTAACAGTGGGAT-1
GRCh38,AGCGTACTCAGTATTA-1
GRCh38,AGCGTACTCATAGTCG-1
GRCh38,AGCGTACTCATGACCA-1
GRCh38,AGCGTACTCCATATCC-1
GRCh38,AGCGTACTCCGTTTAC-1
GRCh38,AGCGTACTCCTGAACA-1
GRCh38,AGCGTACTCGGTTACA-1
GRCh38,AGCGTACTCGTCATCT-1
GRCh38,AGCGTACTCGTCCATT-1
GRCh38,AGCGTAGAGATTCGAT-1
GRCh38,AGCGTAGAGCAATTCG-1
GRCh38,AGCGTAGAGCGAACAG-1
GRCh38,AGCGTAGAGCGCTGCA-1
GRCh38,AGCGTAGAGCGTTTGA-1
GRCh38,AGCGTAGAGCTGTTGA-1
GRCh38,AGCGTAGAGGTAGAAC-1
GRCh38,AGCGTAGAGGTCCAGT-1
GRCh38,AGCGTATGTACAGCAT-1
GRCh38,AGCGTATGTACTATAG-1
GRCh38,AGCGTATGTCCTCTCC-1
GRCh38,AGCGTATGTCGTGTTC-1
GRCh38,AGCGTATGTCTAAGCG-1
GRCh38,AGCGTATGTGCTGGGT-1
GRCh38,AGCGTATGTGTTCGAG-1
GRCh38,AGCGTCAGTATGCCAG-1
GRCh38,AGCGTCAGTCGGAATT-1
GRCh38,AGCGTCAGTCGTTTCA-1
GRCh38,AGCGTCAGTGGAATCT-1
GRCh38,AGCGTCAGTGGAGCTC-1
GRCh38,AGCGTCAGTGTCGAGC-1
GRCh38,AGCGTCCCAAACATAA-1
GRCh38,AGCGTCCCAACAGGAC-1
GRCh38,AGCGTCCCAAGCAGTA-1
GRCh38,AGCGTCCCAAGTGTCT-1
GRCh38,AGCGTCCCACAAGGGT-1
GRCh38,AGCGTCCCAGTGTTAC-1
GRCh38,AGCGTGAAGAGGTAAC-1
GRCh38,AGCGTGAAGATCAGGG-1
GRCh38,AGCGTGAAGATCATCG-1
GRCh38,AGCGTGAAGATCGACC-1
GRCh38,AGCGTGAAGCATTCGA-1
GRCh38,AGCGTGAAGCGAACAG-1
GRCh38,AGCGTGAAGCTGTCGG-1
GRCh38,AGCGTGAAGGCACGAA-1
GRCh38,AGCGTGAAGGCTGGTT-1
GRCh38,AGCGTGCGTACCACCT-1
GRCh38,AGCGTGCGTCGCCCGT-1
GRCh38,AGCGTGCGTGGGTTGC-1
GRCh38,AGCGTGTTCAAGTTCG-1
GRCh38,AGCGTGTTCACAACTG-1
GRCh38,AGCGTGTTCACCTCAT-1
GRCh38,AGCGTGTTCAGTTGCA-1
GRCh38,AGCGTGTTCCACCCTA-1
GRCh38,AGCGTGTTCCATCATC-1
GRCh38,AGCGTGTTCCGCAATA-1
GRCh38,AGCGTGTTCCGTACAA-1
GRCh38,AGCGTGTTCGGCTAAC-1
GRCh38,AGCGTGTTCGTAAGCC-1
GRCh38,AGCGTGTTCGTTACTC-1
GRCh38,AGCGTTGGTACAGTTA-1
GRCh38,AGCGTTGGTACGCTTC-1
GRCh38,AGCGTTGGTATCGTGG-1
GRCh38,AGCGTTGGTCCGCCTA-1
GRCh38,AGCGTTGGTCGGGCAT-1
GRCh38,AGCGTTGGTCTAGCTC-1
GRCh38,AGCGTTGGTGTGTGCA-1
GRCh38,AGCGTTTCAAATGGCA-1
GRCh38,AGCGTTTCAAATTCGC-1
GRCh38,AGCGTTTCAACGACCC-1
GRCh38,AGCGTTTCAACGTGCC-1
GRCh38,AGCGTTTCAACTAATT-1
GRCh38,AGCGTTTCAAGCGAGT-1
GRCh38,AGCGTTTCAAGGTTCT-1
GRCh38,AGCGTTTCAATGAATA-1
GRCh38,AGCGTTTCAATTAAGA-1
GRCh38,AGCGTTTCACAGTTAC-1
GRCh38,AGCGTTTCACCGGAAG-1
GRCh38,AGCGTTTCAGCCCATA-1
GRCh38,AGCTAATTCAATGTGT-1
GRCh38,AGCTAATTCAGTCAAT-1
GRCh38,AGCTAATTCATAGCAT-1
GRCh38,AGCTAATTCCAATCAG-1
GRCh38,AGCTAATTCCAATCGA-1
GRCh38,AGCTAATTCCGTATAG-1
GRCh38,AGCTAATTCCGTGAGT-1
GRCh38,AGCTAATTCGCGCCTT-1
GRCh38,AGCTAATTCGGCGTCA-1
GRCh38,AGCTAATTCGTAACCA-1
GRCh38,AGCTATCCAAGACGAC-1
GRCh38,AGCTATCCAAGTCTCG-1
GRCh38,AGCTATCCAATGGGGT-1
GRCh38,AGCTATCCACACTGCA-1
GRCh38,AGCTATCCACAGTCCA-1
GRCh38,AGCTATCCACCCTATC-1
GRCh38,AGCTATCCACGGCTAC-1
GRCh38,AGCTATCCACGGTGCT-1
GRCh38,AGCTATCCACTCATTT-1
GRCh38,AGCTATCCAGCCACTA-1
GRCh38,AGCTATCCAGCCCATA-1
GRCh38,AGCTATCCAGGAGTTA-1
GRCh38,AGCTATCCAGGATAGC-1
GRCh38,AGCTATCCAGGTAAGC-1
GRCh38,AGCTATCCAGGTCATT-1
GRCh38,AGCTATCCAGTGCGGA-1
GRCh38,AGCTATCCAGTGTCGC-1
GRCh38,AGCTATGTCACTCCTG-1
GRCh38,AGCTATGTCAGCAGTC-1
GRCh38,AGCTATGTCATTCTCA-1
GRCh38,AGCTATGTCCAGTAAT-1
GRCh38,AGCTATGTCCGGTAAC-1
GRCh38,AGCTATGTCGGATCCG-1
GRCh38,AGCTATGTCGGCGTTG-1
GRCh38,AGCTATGTCGTCAAGC-1
GRCh38,AGCTGAACAAAGGCAC-1
GRCh38,AGCTGAACAAGCAAAT-1
GRCh38,AGCTGAACAATCGAAG-1
GRCh38,AGCTGAACACAATGTC-1
GRCh38,AGCTGAACACAGCATT-1
GRCh38,AGCTGAACACGCTGAC-1
GRCh38,AGCTGAACACTGCGTA-1
GRCh38,AGCTGAACAGCGACGA-1
GRCh38,AGCTGATGTAGCTGAT-1
GRCh38,AGCTGATGTGGGACTC-1
GRCh38,AGCTGATGTGTCATCC-1
GRCh38,AGCTGCCCAAACCAGA-1
GRCh38,AGCTGCCCAAAGGAGG-1
GRCh38,AGCTGCCCAACAATCC-1
GRCh38,AGCTGCCCAACACCCA-1
GRCh38,AGCTGCCCAACATAGG-1
GRCh38,AGCTGCCCAACTGCCA-1
GRCh38,AGCTGCCCAATGTGTC-1
GRCh38,AGCTGCCCAATTAAAG-1
GRCh38,AGCTGCCCACTAGGAA-1
GRCh38,AGCTGCCCAGGCAATA-1
GRCh38,AGCTGCCCAGGGACAT-1
GRCh38,AGCTGCCCAGTGTCAT-1
GRCh38,AGCTGGCGTAACCGTG-1
GRCh38,AGCTGGCGTACAAGTC-1
GRCh38,AGCTGGCGTAGCGCGT-1
GRCh38,AGCTGGCGTGCGGAGA-1
GRCh38,AGCTGGGCAACACGAA-1
GRCh38,AGCTGGGCAACCCTAG-1
GRCh38,AGCTGGGCAACTCTCC-1
GRCh38,AGCTGGGCAACTGGGG-1
GRCh38,AGCTGGGCAACTGTCG-1
GRCh38,AGCTGGGCAACTTAGC-1
GRCh38,AGCTGGGCACATAATT-1
GRCh38,AGCTGGGCACCACCAA-1
GRCh38,AGCTGGGCACGACGGA-1
GRCh38,AGCTGGGCACTCGACA-1
GRCh38,AGCTGGGCAGCATCGC-1
GRCh38,AGCTGGGCAGTAATCC-1
GRCh38,AGCTGGGCAGTTAAGG-1
GRCh38,AGCTGTATCAGGGTTC-1
GRCh38,AGCTGTATCAGTTGTG-1
GRCh38,AGCTGTATCCCTACAT-1
GRCh38,AGCTGTATCGGATTGC-1
GRCh38,AGCTGTATCGTAACGC-1
GRCh38,AGCTGTATCGTAGTGC-1
GRCh38,AGCTGTGGTACGCTTC-1
GRCh38,AGCTGTGGTAGCCTCT-1
GRCh38,AGCTGTGGTATATCAG-1
GRCh38,AGCTGTGGTATATGTG-1
GRCh38,AGCTGTGGTCACGGGT-1
GRCh38,AGCTGTGGTCATTCCA-1
GRCh38,AGCTGTGGTCGATCAG-1
GRCh38,AGCTGTGGTGGTAAAG-1
GRCh38,AGCTTACCAAGGGCAT-1
GRCh38,AGCTTACCACAGCACC-1
GRCh38,AGCTTACCACAGGACG-1
GRCh38,AGCTTACCACGCAATT-1
GRCh38,AGCTTACCAGCATGGG-1
GRCh38,AGCTTAGTCACTCTGT-1
GRCh38,AGCTTAGTCCATGGGT-1
GRCh38,AGCTTAGTCCGACCCT-1
GRCh38,AGCTTAGTCCTCGAAA-1
GRCh38,AGCTTATAGAACGGCA-1
GRCh38,AGCTTATAGAATTACC-1
GRCh38,AGCTTATAGCCACTTT-1
GRCh38,AGCTTATAGCGCGTCA-1
GRCh38,AGCTTATAGCGGATAG-1
GRCh38,AGCTTATAGCGGTCCA-1
GRCh38,AGCTTATAGCGTCAAC-1
GRCh38,AGCTTATAGCTCAGCG-1
GRCh38,AGCTTATAGCTTAGCA-1
GRCh38,AGCTTATAGGCATACC-1
GRCh38,AGCTTCCGTAAGTTGC-1
GRCh38,AGCTTCCGTACATAGC-1
GRCh38,AGCTTCCGTACCACTC-1
GRCh38,AGCTTCCGTACGTGAT-1
GRCh38,AGCTTCCGTAGTACGT-1
GRCh38,AGCTTCCGTAGTCAGT-1
GRCh38,AGCTTCCGTATATGTG-1
GRCh38,AGCTTCCGTATCCCTA-1
GRCh38,AGCTTCCGTCCGCCTA-1
GRCh38,AGCTTCCGTCCGCTAT-1
GRCh38,AGCTTCCGTCGACTTC-1
GRCh38,AGCTTCCGTCTCGTCG-1
GRCh38,AGCTTCCGTGCTTCGT-1
GRCh38,AGCTTCCGTGTATGTA-1
GRCh38,AGCTTCCGTGTCGTCT-1
GRCh38,AGCTTCCGTGTGCGGT-1
GRCh38,AGCTTCGCAACAACAG-1
GRCh38,AGCTTCGCAACTTCAA-1
GRCh38,AGCTTCGCACAAACCT-1
GRCh38,AGCTTCGCACAAATGG-1
GRCh38,AGCTTCGCACCGAATT-1
GRCh38,AGCTTCGCAGCAACGG-1
GRCh38,AGCTTCGCAGCATCGC-1
GRCh38,AGCTTGCAGAACCAGG-1
GRCh38,AGCTTGCAGAATTCGT-1
GRCh38,AGCTTGCAGACAGTTT-1
GRCh38,AGCTTGCAGAGAGAGA-1
GRCh38,AGCTTGCAGATCCAAT-1
GRCh38,AGCTTGCAGCAAAGGT-1
GRCh38,AGCTTGCAGCAATAGA-1
GRCh38,AGCTTGCAGCCACAAC-1
GRCh38,AGCTTGCAGCCTTAAG-1
GRCh38,AGCTTGCAGCGCCCAA-1
GRCh38,AGCTTGCAGCGTTGTA-1
GRCh38,AGCTTGCAGGCAAGGC-1
GRCh38,AGCTTGCAGGCATACC-1
GRCh38,AGCTTGCAGGGAATAC-1
GRCh38,AGCTTGCAGGGCGTAA-1
GRCh38,AGCTTGCAGGGTGAAT-1
GRCh38,AGCTTGGGTACGGATT-1
GRCh38,AGCTTGGGTAGGCTCA-1
GRCh38,AGCTTGGGTATGGGTT-1
GRCh38,AGCTTGGGTCACCGTT-1
GRCh38,AGCTTGGGTCCGCATT-1
GRCh38,AGCTTGGGTCGTGCCC-1
GRCh38,AGCTTGGGTCGTGGTA-1
GRCh38,AGCTTGGGTGGGGATG-1
GRCh38,AGCTTGGGTGGTTGTG-1
GRCh38,AGCTTGGGTGTTCGAG-1
GRCh38,AGCTTTACAACACAGA-1
GRCh38,AGCTTTACAACATGGA-1
GRCh38,AGCTTTACAACATGTC-1
GRCh38,AGCTTTACAAGAGGGA-1
GRCh38,AGCTTTACACACATAC-1
GRCh38,AGCTTTACACCCTTAC-1
GRCh38,AGCTTTACACCTACCT-1
GRCh38,AGCTTTACACGCGACT-1
GRCh38,AGCTTTACAGTCCTAG-1
GRCh38,AGCTTTACAGTGAAGC-1
GRCh38,AGCTTTGAGAGGCACA-1
GRCh38,AGCTTTGAGCATCTAG-1
GRCh38,AGCTTTGAGCCCTGGA-1
GRCh38,AGCTTTGAGCGGCATT-1
GRCh38,AGCTTTGAGCGGTTAC-1
GRCh38,AGCTTTGAGCGTAGCT-1
GRCh38,AGCTTTGAGGCAACGA-1
GRCh38,AGCTTTGAGGGTATCC-1
GRCh38,AGCTTTGAGGTCCACG-1
GRCh38,AGGAAACTCAACGCAC-1
GRCh38,AGGAAACTCATCAGCA-1
GRCh38,AGGAAACTCCACCTAT-1
GRCh38,AGGAAACTCCATATCC-1
GRCh38,AGGAAACTCCCACTTG-1
GRCh38,AGGAAACTCCCATTCG-1
GRCh38,AGGAAACTCCGGTCCT-1
GRCh38,AGGAAACTCGCACTCC-1
GRCh38,AGGAAACTCGCGTAAC-1
GRCh38,AGGAAACTCGGACTAC-1
GRCh38,AGGAAATGTAAGGTAG-1
GRCh38,AGGAAATGTACAAGCT-1
GRCh38,AGGAAATGTACTGCAG-1
GRCh38,AGGAAATGTAGAGAAT-1
GRCh38,AGGAAATGTAGCTTGG-1
GRCh38,AGGAAATGTAGTCCAG-1
GRCh38,AGGAAATGTAGTTATG-1
GRCh38,AGGAAATGTAGTTTAG-1
GRCh38,AGGAAATGTATGTTAG-1
GRCh38,AGGAAATGTCATCGCT-1
GRCh38,AGGAAATGTCCGTGTT-1
GRCh38,AGGAAATGTCGGCTGG-1
GRCh38,AGGAAATGTCTCTCGG-1
GRCh38,AGGAAATGTGCCCATT-1
GRCh38,AGGAAATGTGCGCGAT-1
GRCh38,AGGAAATGTGCTTAGG-1
GRCh38,AGGAAATGTGGGTTCA-1
GRCh38,AGGAAATGTGGTCCCC-1
GRCh38,AGGAATATCAATCGCA-1
GRCh38,AGGAATATCACGCCTC-1
GRCh38,AGGAATATCACTCTGT-1
GRCh38,AGGAATATCCCAATTC-1
GRCh38,AGGAATATCCCACTTG-1
GRCh38,AGGAATATCCTAAACG-1
GRCh38,AGGAATGGTAAGGTTC-1
GRCh38,AGGAATGGTAGGAAAT-1
GRCh38,AGGAATGGTAGTCGAT-1
GRCh38,AGGAATGGTATGCTGG-1
GRCh38,AGGAATGGTATTCGTT-1
GRCh38,AGGAATGGTCCATTCA-1
GRCh38,AGGAATGGTCGATTCC-1
GRCh38,AGGAATGGTCGTGTCT-1
GRCh38,AGGAATGGTCTTGTAT-1
GRCh38,AGGAATGGTGCACAGC-1
GRCh38,AGGAATGGTGCGCTCC-1
GRCh38,AGGAATGGTGTAAGTC-1
GRCh38,AGGAATGGTGTGTTAA-1
GRCh38,AGGAATTCAAATTACT-1
GRCh38,AGGAATTCAACTCGCA-1
GRCh38,AGGAATTCAACTGGGG-1
GRCh38,AGGAATTCAAGAGAGG-1
GRCh38,AGGAATTCAATCATCA-1
GRCh38,AGGAATTCAATGCCCA-1
GRCh38,AGGAATTCACAGGACG-1
GRCh38,AGGAATTCACCTAGGC-1
GRCh38,AGGAATTCACCTCAGA-1
GRCh38,AGGAATTCAGCGAATA-1
GRCh38,AGGAATTCAGTTGGGG-1
GRCh38,AGGACACCAACATGTC-1
GRCh38,AGGACACCAACTCCGA-1
GRCh38,AGGACACCAAGTGCAA-1
GRCh38,AGGACACCAATCCTAA-1
GRCh38,AGGACACCAATGGTCT-1
GRCh38,AGGACACCAATGTATT-1
GRCh38,AGGACACCACAACCCA-1
GRCh38,AGGACACCACACTGCA-1
GRCh38,AGGACACCACATGCGC-1
GRCh38,AGGACACCACCATTAA-1
GRCh38,AGGACACCACCTCACT-1
GRCh38,AGGACACCACGATAGA-1
GRCh38,AGGACACCAGCTACCA-1
GRCh38,AGGACACCAGCTTCAG-1
GRCh38,AGGACACCAGGCTACC-1
GRCh38,AGGACATAGACGAGGC-1
GRCh38,AGGACATAGAGGAGCC-1
GRCh38,AGGACATAGATTCGTG-1
GRCh38,AGGACATAGCATGCAC-1
GRCh38,AGGACATAGCCTACGG-1
GRCh38,AGGACATAGCGAATGG-1
GRCh38,AGGACATAGCGCTGAT-1
GRCh38,AGGACATAGCGGCCTA-1
GRCh38,AGGACATAGCGTGGTT-1
GRCh38,AGGACATAGCTGTAAT-1
GRCh38,AGGACATAGGCCCCAA-1
GRCh38,AGGACATAGGCTAACC-1
GRCh38,AGGACATAGGGACACA-1
GRCh38,AGGACATAGGGGCATA-1
GRCh38,AGGACCAAGAACCCGT-1
GRCh38,AGGACCAAGAGAAGCT-1
GRCh38,AGGACCAAGAGTATTC-1
GRCh38,AGGACCAAGAGTGATA-1
GRCh38,AGGACCAAGATTACGT-1
GRCh38,AGGACCAAGCAGCCCA-1
GRCh38,AGGACCAAGCGATGGA-1
GRCh38,AGGACCAAGCTGATTG-1
GRCh38,AGGACCAAGGGGGTTA-1
GRCh38,AGGACCCGTAGGAGGT-1
GRCh38,AGGACCCGTATGCGCA-1
GRCh38,AGGACCCGTATTATGG-1
GRCh38,AGGACCCGTCCGACAA-1
GRCh38,AGGACCCGTCTCGATC-1
GRCh38,AGGACCCGTGGAACTT-1
GRCh38,AGGACCGCAAATTGAA-1
GRCh38,AGGACCGCAACAGCCC-1
GRCh38,AGGACCGCAATGCAGA-1
GRCh38,AGGACCGCAATGCTTA-1
GRCh38,AGGACCGCAATTCAGC-1
GRCh38,AGGACCGCACCTACCT-1
GRCh38,AGGACCGCACTGCACA-1
GRCh38,AGGACCGCAGCTAACT-1
GRCh38,AGGACCGCAGGATGGT-1
GRCh38,AGGACCGCAGTCTCGA-1
GRCh38,AGGACCGCAGTTCTCC-1
GRCh38,AGGACGCAGCGCCTAG-1
GRCh38,AGGACGCAGGCTGGTT-1
GRCh38,AGGACGCAGGGCTTGT-1
GRCh38,AGGACGGGTAACGCCA-1
GRCh38,AGGACGGGTAACGCTG-1
GRCh38,AGGACGGGTAGGAAAT-1
GRCh38,AGGACGGGTAGGGTAA-1
GRCh38,AGGACGGGTCATACAA-1
GRCh38,AGGACGGGTCCATCCG-1
GRCh38,AGGACGGGTCCGTAAG-1
GRCh38,AGGACGGGTCTGCGCC-1
GRCh38,AGGACGGGTGGCAATT-1
GRCh38,AGGACGGGTGTGCGCG-1
GRCh38,AGGACTACAACTAATT-1
GRCh38,AGGACTACAAGGACAC-1
GRCh38,AGGACTACAAGGGGAA-1
GRCh38,AGGACTACAATATCAT-1
GRCh38,AGGACTACAGTGCAGG-1
GRCh38,AGGACTACAGTGTGGG-1
GRCh38,AGGACTCTCAAATCAC-1
GRCh38,AGGACTCTCAACGAAA-1
GRCh38,AGGACTCTCACTAAAC-1
GRCh38,AGGACTCTCCCATCCA-1
GRCh38,AGGACTCTCCGGTAAC-1
GRCh38,AGGACTCTCCTAGCAA-1
GRCh38,AGGACTCTCCTATCAC-1
GRCh38,AGGACTCTCCTGTCGC-1
GRCh38,AGGACTCTCGTGACTA-1
GRCh38,AGGACTTGTAAGTCTA-1
GRCh38,AGGACTTGTAGTCCAG-1
GRCh38,AGGACTTGTCACATGG-1
GRCh38,AGGACTTGTCATCATT-1
GRCh38,AGGACTTGTCCTAGCT-1
GRCh38,AGGACTTGTCTCGGTT-1
GRCh38,AGGACTTGTGCGCGAT-1
GRCh38,AGGACTTGTGCGTATG-1
GRCh38,AGGACTTGTGCTAGAT-1
GRCh38,AGGAGCCAGAGCGTAG-1
GRCh38,AGGAGCCAGCAATGGG-1
GRCh38,AGGAGCCAGGCACCCA-1
GRCh38,AGGAGGACAAACTCAC-1
GRCh38,AGGAGGACAACGTGGG-1
GRCh38,AGGAGGACACATCACG-1
GRCh38,AGGAGGACACCCAGAC-1
GRCh38,AGGAGGACACGACCTA-1
GRCh38,AGGAGGACACGACGGA-1
GRCh38,AGGAGGACAGCGACAG-1
GRCh38,AGGAGGACAGTACGAA-1
GRCh38,AGGAGGACAGTCTTAA-1
GRCh38,AGGAGGACAGTGGCAG-1
GRCh38,AGGAGGTGTAAGGTCT-1
GRCh38,AGGAGGTGTAAGTGTC-1
GRCh38,AGGAGGTGTAGCGTTG-1
GRCh38,AGGAGGTGTATACAGC-1
GRCh38,AGGAGGTGTCAAGTTA-1
GRCh38,AGGAGGTGTCATACTT-1
GRCh38,AGGAGGTGTCCTTAAT-1
GRCh38,AGGAGGTGTCGACAGC-1
GRCh38,AGGAGGTGTCGTCTTA-1
GRCh38,AGGAGGTGTCGTGGTA-1
GRCh38,AGGAGGTGTGGTGTGC-1
GRCh38,AGGAGGTGTGTACTCC-1
GRCh38,AGGAGTAGTACCTAGG-1
GRCh38,AGGAGTAGTAGTGTCG-1
GRCh38,AGGAGTAGTCACAGCA-1
GRCh38,AGGAGTAGTCATACGG-1
GRCh38,AGGAGTAGTCATGTCC-1
GRCh38,AGGAGTAGTCGATTGG-1
GRCh38,AGGAGTAGTCTATTGT-1
GRCh38,AGGAGTAGTCTGGAAT-1
GRCh38,AGGAGTAGTGGAACGG-1
GRCh38,AGGAGTAGTGGTTGGC-1
GRCh38,AGGAGTTAGAACATAG-1
GRCh38,AGGAGTTAGAACTAAG-1
GRCh38,AGGAGTTAGACAATGA-1
GRCh38,AGGAGTTAGAGCATTT-1
GRCh38,AGGAGTTAGAGGTTGG-1
GRCh38,AGGAGTTAGATCCGAC-1
GRCh38,AGGAGTTAGATTCAGT-1
GRCh38,AGGAGTTAGCAAGTAA-1
GRCh38,AGGAGTTAGCACAGCT-1
GRCh38,AGGAGTTAGCACTACA-1
GRCh38,AGGAGTTAGCTCTCAT-1
GRCh38,AGGAGTTAGGTACGTC-1
GRCh38,AGGAGTTAGGTCGACT-1
GRCh38,AGGAGTTAGGTTCTAG-1
GRCh38,AGGATAGGTACATAGC-1
GRCh38,AGGATAGGTACGGTTG-1
GRCh38,AGGATAGGTAGTCGGC-1
GRCh38,AGGATAGGTGCCCGAG-1
GRCh38,AGGATAGGTGCGGGTT-1
GRCh38,AGGATAGGTGTCCCAT-1
GRCh38,AGGATATCAAACGAGC-1
GRCh38,AGGATATCAACCTGCA-1
GRCh38,AGGATATCAACGGCAG-1
GRCh38,AGGATATCAAGCGCGA-1
GRCh38,AGGATATCAATTGACC-1
GRCh38,AGGATATCACAACGCC-1
GRCh38,AGGATATCACAGGACG-1
GRCh38,AGGATATCACAGTGGG-1
GRCh38,AGGATATCACCCTATC-1
GRCh38,AGGATATCACCGTTTC-1
GRCh38,AGGATATCACGACCTA-1
GRCh38,AGGATATCAGCAACCC-1
GRCh38,AGGATATCAGCAATAG-1
GRCh38,AGGATATCAGCAGCCT-1
GRCh38,AGGATATCAGGAATAT-1
GRCh38,AGGATATCAGGTTTCG-1
GRCh38,AGGATATCAGTAAGAT-1
GRCh38,AGGATCACAACGTGCC-1
GRCh38,AGGATCACAAGGGTCG-1
GRCh38,AGGATCACAATAACCC-1
GRCh38,AGGATCACAATACACC-1
GRCh38,AGGATCACACAGGTAA-1
GRCh38,AGGATCACACTAATCA-1
GRCh38,AGGATCACACTACATA-1
GRCh38,AGGATCACAGGAACGT-1
GRCh38,AGGATCACAGGTGATA-1
GRCh38,AGGATCACAGTATGCT-1
GRCh38,AGGATCACAGTCGCAC-1
GRCh38,AGGATTAAGAAGCTGG-1
GRCh38,AGGATTAAGATATCAC-1
GRCh38,AGGATTAAGCAAGGGC-1
GRCh38,AGGATTAAGCCTGGTG-1
GRCh38,AGGATTAAGCTCTAGA-1
GRCh38,AGGATTAAGGCTGTCG-1
GRCh38,AGGATTAAGGGATGAT-1
GRCh38,AGGATTAAGGGTGTTC-1
GRCh38,AGGATTCGTAAGCAAG-1
GRCh38,AGGATTCGTAATCGCG-1
GRCh38,AGGATTCGTAATCTAG-1
GRCh38,AGGATTCGTACTACAA-1
GRCh38,AGGATTCGTCAGGTTG-1
GRCh38,AGGATTCGTCATCGAG-1
GRCh38,AGGATTCGTGTGCCCC-1
GRCh38,AGGCACAAGAACGTAA-1
GRCh38,AGGCACAAGACTTTCC-1
GRCh38,AGGCACAAGAGCAAGT-1
GRCh38,AGGCACAAGATTGAGA-1
GRCh38,AGGCACAAGCATGCGT-1
GRCh38,AGGCACAAGCGAACGA-1
GRCh38,AGGCACAAGGCTAACC-1
GRCh38,AGGCACAAGGTTGCCG-1
GRCh38,AGGCACGCAAATACAA-1
GRCh38,AGGCACGCAAGTTTCA-1
GRCh38,AGGCACGCACAAGGCG-1
GRCh38,AGGCACGCACACAGCC-1
GRCh38,AGGCACGCACCATAAC-1
GRCh38,AGGCACGCACGTACGC-1
GRCh38,AGGCACGCAGCATAGA-1
GRCh38,AGGCACGCAGTCTCGA-1
GRCh38,AGGCACTTCAATGGTT-1
GRCh38,AGGCACTTCACCAAGC-1
GRCh38,AGGCACTTCACGCCTC-1
GRCh38,AGGCACTTCACTATCC-1
GRCh38,AGGCACTTCACTTGTC-1
GRCh38,AGGCACTTCATGGTAT-1
GRCh38,AGGCACTTCCAGTAGC-1
GRCh38,AGGCACTTCCAGTCCC-1
GRCh38,AGGCACTTCCTCACGC-1
GRCh38,AGGCACTTCCTGAACA-1
GRCh38,AGGCACTTCGCTTACT-1
GRCh38,AGGCACTTCGTGTATG-1
GRCh38,AGGCAGCAGACTCCAA-1
GRCh38,AGGCAGCAGACTGCGT-1
GRCh38,AGGCAGCAGAGCGACA-1
GRCh38,AGGCAGCAGATATGAG-1
GRCh38,AGGCAGCAGCATTTGG-1
GRCh38,AGGCAGCAGCCAAATT-1
GRCh38,AGGCAGCAGCGAACAG-1
GRCh38,AGGCAGCAGCGACAGA-1
GRCh38,AGGCAGCAGCGGGATA-1
GRCh38,AGGCAGCAGGCAATTT-1
GRCh38,AGGCAGCAGGCACCAT-1
GRCh38,AGGCAGCAGGGAAACT-1
GRCh38,AGGCAGCAGGGAGCGT-1
GRCh38,AGGCAGCAGGGCGAGT-1
GRCh38,AGGCAGCAGGGTGAAT-1
GRCh38,AGGCAGGGTACAGGTT-1
GRCh38,AGGCAGGGTATCATGA-1
GRCh38,AGGCAGGGTCACTATT-1
GRCh38,AGGCAGGGTCAGCCTT-1
GRCh38,AGGCAGGGTCGACTTC-1
GRCh38,AGGCAGGGTCGGGTTA-1
GRCh38,AGGCAGGGTGCATGGC-1
GRCh38,AGGCAGGGTGCCTGGG-1
GRCh38,AGGCAGGGTGCGATGC-1
GRCh38,AGGCAGGGTGGAAATG-1
GRCh38,AGGCAGGGTGGGTTTG-1
GRCh38,AGGCAGGGTGTGTCAG-1
GRCh38,AGGCATTGTAACATTG-1
GRCh38,AGGCATTGTAACTTCT-1
GRCh38,AGGCATTGTAATTTGG-1
GRCh38,AGGCATTGTACATTCT-1
GRCh38,AGGCATTGTACCACAG-1
GRCh38,AGGCATTGTAGGCTCA-1
GRCh38,AGGCATTGTATCTCTG-1
GRCh38,AGGCATTGTATGTCGG-1
GRCh38,AGGCATTGTATTACAG-1
GRCh38,AGGCATTGTATTGCGG-1
GRCh38,AGGCATTGTCCTATGC-1
GRCh38,AGGCATTGTCGAGGGA-1
GRCh38,AGGCATTGTGGCCTGG-1
GRCh38,AGGCATTGTGGGACCT-1
GRCh38,AGGCATTGTGTGCCGG-1
GRCh38,AGGCATTGTGTGTCAG-1
GRCh38,AGGCATTGTGTTGGGC-1
GRCh38,AGGCCAAAGAAGGCGC-1
GRCh38,AGGCCAAAGACATAAG-1
GRCh38,AGGCCAAAGAGGCTGA-1
GRCh38,AGGCCAAAGATACCAT-1
GRCh38,AGGCCAAAGATCGACC-1
GRCh38,AGGCCAAAGCACCTCC-1
GRCh38,AGGCCAAAGCCTATGA-1
GRCh38,AGGCCAAAGCGATTCA-1
GRCh38,AGGCCAAAGCGTACCG-1
GRCh38,AGGCCAAAGGCTTGCG-1
GRCh38,AGGCCAAAGGTCTGTA-1
GRCh38,AGGCCATTCAAACTAC-1
GRCh38,AGGCCATTCACGTGGT-1
GRCh38,AGGCCATTCAGGCCCA-1
GRCh38,AGGCCATTCCATTCCG-1
GRCh38,AGGCCATTCCCGCTTA-1
GRCh38,AGGCCATTCCGCATGG-1
GRCh38,AGGCCATTCCGTTACT-1
GRCh38,AGGCCATTCCTTATGC-1
GRCh38,AGGCCATTCGGATACC-1
GRCh38,AGGCCATTCGGTCAAC-1
GRCh38,AGGCCATTCGTTCGCC-1
GRCh38,AGGCCATTCGTTGTCT-1
GRCh38,AGGCCCATCAACTCTC-1
GRCh38,AGGCCCATCAATTGGT-1
GRCh38,AGGCCCATCACCAAAT-1
GRCh38,AGGCCCATCAGCCCCT-1
GRCh38,AGGCCCATCATAGTCG-1
GRCh38,AGGCCCATCCAATACG-1
GRCh38,AGGCCCATCGGACTTA-1
GRCh38,AGGCCCATCGGCGTAT-1
GRCh38,AGGCCCATCGTGACTA-1
GRCh38,AGGCCCATCGTGGCAT-1
GRCh38,AGGCCCGGTAACAGGA-1
GRCh38,AGGCCCGGTACACCCT-1
GRCh38,AGGCCCGGTAGACGGG-1
GRCh38,AGGCCCGGTCCAACCT-1
GRCh38,AGGCCCGGTCGATCAG-1
GRCh38,AGGCCCGGTCGCATAG-1
GRCh38,AGGCCCGGTGGCGCAT-1
GRCh38,AGGCCCGGTGTAGGTT-1
GRCh38,AGGCCGACAAGTGCCC-1
GRCh38,AGGCCGACAATGGGCG-1
GRCh38,AGGCCGACACATATGC-1
GRCh38,AGGCCGACACCGTAAT-1
GRCh38,AGGCCGACACGCTCAA-1
GRCh38,AGGCCGTGTACTTCTG-1
GRCh38,AGGCCGTGTCATACGG-1
GRCh38,AGGCCGTGTCCACGGG-1
GRCh38,AGGCCGTGTCCCTGTG-1
GRCh38,AGGCCGTGTCGGTGTA-1
GRCh38,AGGCCGTGTGCCCATT-1
GRCh38,AGGCCGTGTGCTATGG-1
GRCh38,AGGCGACAGACAAGCG-1
GRCh38,AGGCGACAGACTACAT-1
GRCh38,AGGCGACAGAGACGCA-1
GRCh38,AGGCGACAGATATCAC-1
GRCh38,AGGCGACAGCCATTGA-1
GRCh38,AGGCGACAGCGATTTG-1
GRCh38,AGGCGACAGCGTAACC-1
GRCh38,AGGCGACAGGCCCGTA-1
GRCh38,AGGCGACAGGGCATAG-1
GRCh38,AGGCGCACAAACTCTA-1
GRCh38,AGGCGCACAACTTTAG-1
GRCh38,AGGCGCACAAGGGACT-1
GRCh38,AGGCGCACAATACGTC-1
GRCh38,AGGCGCACACATTTAG-1
GRCh38,AGGCGCACACCTAAAC-1
GRCh38,AGGCGCACAGCTAAGA-1
GRCh38,AGGCGCACAGGGTTCC-1
GRCh38,AGGCGCACAGTAATCC-1
GRCh38,AGGCGCTGTAATCAGC-1
GRCh38,AGGCGCTGTACAGGCC-1
GRCh38,AGGCGCTGTACCTCCG-1
GRCh38,AGGCGCTGTACTTTCG-1
GRCh38,AGGCGCTGTCACGCTT-1
GRCh38,AGGCGCTGTCAGTAGT-1
GRCh38,AGGCGCTGTCAGTGCA-1
GRCh38,AGGCGCTGTCATGCAG-1
GRCh38,AGGCGCTGTGCTGCCC-1
GRCh38,AGGCGCTGTGGTGTCA-1
GRCh38,AGGCGGAGTAATTCAG-1
GRCh38,AGGCGGAGTACGTCTC-1
GRCh38,AGGCGGAGTAGAGTGA-1
GRCh38,AGGCGGAGTAGGTTGT-1
GRCh38,AGGCGGAGTATGTGTA-1
GRCh38,AGGCGGAGTCCACGGG-1
GRCh38,AGGCGGAGTGCACAGC-1
GRCh38,AGGCGGAGTGGGGTTC-1
GRCh38,AGGCGGAGTGGTAGGG-1
GRCh38,AGGCGGAGTGTCCATC-1
GRCh38,AGGCGGTAGAATGGGT-1
GRCh38,AGGCGGTAGAGAGGAA-1
GRCh38,AGGCGGTAGAGGGATT-1
GRCh38,AGGCGGTAGCACTGCG-1
GRCh38,AGGCGGTAGCCAAATT-1
GRCh38,AGGCGGTAGCCATTAG-1
GRCh38,AGGCGGTAGGCATTCA-1
GRCh38,AGGCGGTAGGGACACA-1
GRCh38,AGGCGGTAGGGGAGCT-1
GRCh38,AGGCGGTAGGTCTGTA-1
GRCh38,AGGCGTAAGCAATTCG-1
GRCh38,AGGCGTAAGCCTCGTC-1
GRCh38,AGGCGTAAGCGGCATT-1
GRCh38,AGGCGTAAGCGTATAT-1
GRCh38,AGGCGTAAGCGTATTG-1
GRCh38,AGGCGTAAGCTACACA-1
GRCh38,AGGCGTAAGCTACAGC-1
GRCh38,AGGCGTAAGGCCTGCA-1
GRCh38,AGGCGTAAGGCGGTTT-1
GRCh38,AGGCGTAAGGGACTGA-1
GRCh38,AGGCGTAAGGTAGGCA-1
GRCh38,AGGCTCAGTACGCCGG-1
GRCh38,AGGCTCAGTACGTGAT-1
GRCh38,AGGCTCAGTAGTTGCG-1
GRCh38,AGGCTCAGTATACTAG-1
GRCh38,AGGCTCAGTCAGCATG-1
GRCh38,AGGCTCAGTCCAGCTT-1
GRCh38,AGGCTCAGTGGTATGT-1
GRCh38,AGGCTCAGTGTCGCTT-1
GRCh38,AGGCTCCCAACATGTC-1
GRCh38,AGGCTCCCACCAAATC-1
GRCh38,AGGCTCCCACGTTAGT-1
GRCh38,AGGCTCCCAGCATAAG-1
GRCh38,AGGCTCCCAGCATTTA-1
GRCh38,AGGCTCGTCAAGCAAA-1
GRCh38,AGGCTCGTCATTACTT-1
GRCh38,AGGCTCGTCCAAGCGT-1
GRCh38,AGGCTCGTCCCGAATA-1
GRCh38,AGGCTCGTCCCGGCTT-1
GRCh38,AGGCTCGTCCCTGCAC-1
GRCh38,AGGCTCGTCCCTTCGA-1
GRCh38,AGGCTCGTCGCTCCTA-1
GRCh38,AGGCTGAAGAACTAAG-1
GRCh38,AGGCTGAAGAAGCCAG-1
GRCh38,AGGCTGAAGCCACTTT-1
GRCh38,AGGCTGAAGGTATTCG-1
GRCh38,AGGCTGAAGGTCCGAT-1
GRCh38,AGGCTGTTCAAAGGTA-1
GRCh38,AGGCTGTTCACCCGCT-1
GRCh38,AGGCTGTTCATATTAG-1
GRCh38,AGGCTGTTCATTGCTC-1
GRCh38,AGGCTGTTCCAACGTA-1
GRCh38,AGGCTGTTCCCTCGGT-1
GRCh38,AGGCTGTTCCGGGATT-1
GRCh38,AGGCTGTTCCTGCACC-1
GRCh38,AGGCTGTTCGGACCTG-1
GRCh38,AGGCTGTTCGGAGGTA-1
GRCh38,AGGCTGTTCGTCTTAC-1
GRCh38,AGGCTTATCAATATTG-1
GRCh38,AGGCTTATCATGCTTC-1
GRCh38,AGGCTTATCCATGCTT-1
GRCh38,AGGCTTATCCATTCTA-1
GRCh38,AGGCTTATCCCATTAC-1
GRCh38,AGGCTTATCCCCAGCT-1
GRCh38,AGGCTTATCGTACAAT-1
GRCh38,AGGCTTATCGTGTAAT-1
GRCh38,AGGCTTATCGTGTACA-1
GRCh38,AGGCTTGGTACGGGCT-1
GRCh38,AGGCTTGGTAGCTTCC-1
GRCh38,AGGCTTGGTAGTTAGC-1
GRCh38,AGGCTTGGTATAGGGA-1
GRCh38,AGGCTTGGTATCTTGT-1
GRCh38,AGGCTTGGTATGCTGG-1
GRCh38,AGGCTTGGTCACGAAT-1
GRCh38,AGGCTTGGTCAGTCTC-1
GRCh38,AGGCTTGGTCGTAATA-1
GRCh38,AGGCTTGGTGCCTGCC-1
GRCh38,AGGCTTGGTGCTTCTA-1
GRCh38,AGGGACATCACCCTGC-1
GRCh38,AGGGACATCACCTCCA-1
GRCh38,AGGGACATCAGGTTCA-1
GRCh38,AGGGACATCCTACAAG-1
GRCh38,AGGGACATCCTCAGCC-1
GRCh38,AGGGACATCGCTCCTA-1
GRCh38,AGGGACATCGTCCGCT-1
GRCh38,AGGGACCAGAAGCCAG-1
GRCh38,AGGGACCAGACCAGAG-1
GRCh38,AGGGACCAGACCCCAG-1
GRCh38,AGGGACCAGACGATGG-1
GRCh38,AGGGACCAGATAATCC-1
GRCh38,AGGGACCAGCCGCAAT-1
GRCh38,AGGGACCAGCGATGAG-1
GRCh38,AGGGACCAGCGCCACA-1
GRCh38,AGGGACCAGCGGATTC-1
GRCh38,AGGGACCAGGCAATCC-1
GRCh38,AGGGACCAGGCGGATA-1
GRCh38,AGGGACCAGGCTTACA-1
GRCh38,AGGGACCAGGTATGGG-1
GRCh38,AGGGACTCAATGACGA-1
GRCh38,AGGGACTCACCACTGA-1
GRCh38,AGGGACTCACGACACC-1
GRCh38,AGGGACTCACTTAAAT-1
GRCh38,AGGGACTCAGCTCTAG-1
GRCh38,AGGGACTCAGGCGTTC-1
GRCh38,AGGGAGTGTAATCTAG-1
GRCh38,AGGGAGTGTACAGCGC-1
GRCh38,AGGGAGTGTACGCCGG-1
GRCh38,AGGGAGTGTAGAGATG-1
GRCh38,AGGGAGTGTCCTATGC-1
GRCh38,AGGGAGTGTCGAGTGC-1
GRCh38,AGGGAGTGTCGCTAAG-1
GRCh38,AGGGAGTGTCGGGTTA-1
GRCh38,AGGGAGTGTGCTTAGG-1
GRCh38,AGGGAGTGTGGCTCCC-1
GRCh38,AGGGAGTGTGGGATAA-1
GRCh38,AGGGATTAGAAATGGC-1
GRCh38,AGGGATTAGAGGACCA-1
GRCh38,AGGGATTAGAGGAGTT-1
GRCh38,AGGGATTAGCGCTGTG-1
GRCh38,AGGGATTAGCTAGATT-1
GRCh38,AGGGATTAGCTGTTGA-1
GRCh38,AGGGATTAGGTACCCG-1
GRCh38,AGGGATTAGGTCCTTT-1
GRCh38,AGGGCAATCAAGCCGT-1
GRCh38,AGGGCAATCAATTATG-1
GRCh38,AGGGCAATCACGTGGT-1
GRCh38,AGGGCAATCAGTGATT-1
GRCh38,AGGGCAATCCACTTAC-1
GRCh38,AGGGCAATCCCTTTGG-1
GRCh38,AGGGCAATCCGTAACA-1
GRCh38,AGGGCAATCCTCGGCT-1
GRCh38,AGGGCAATCCTGGGTG-1
GRCh38,AGGGCAATCGGCTAAC-1
GRCh38,AGGGCAATCGGCTCGA-1
GRCh38,AGGGCAATCGTAAGCC-1
GRCh38,AGGGCATCACCCTATC-1
GRCh38,AGGGCATCACGATTTA-1
GRCh38,AGGGCATCAGCGTATT-1
GRCh38,AGGGCATCAGTTAGTC-1
GRCh38,AGGGCGAGTACAGTTA-1
GRCh38,AGGGCGAGTAGAGGCG-1
GRCh38,AGGGCGAGTATCACGG-1
GRCh38,AGGGCGAGTATTATCC-1
GRCh38,AGGGCGAGTATTGGTA-1
GRCh38,AGGGCGAGTCATCGCT-1
GRCh38,AGGGCGAGTCCTTATG-1
GRCh38,AGGGCGAGTGCTAGAT-1
GRCh38,AGGGCGTAGCCTGTAA-1
GRCh38,AGGGCGTAGGCTTCGG-1
GRCh38,AGGGCTTTCAAATTGC-1
GRCh38,AGGGCTTTCAACGTTG-1
GRCh38,AGGGCTTTCAATATCA-1
GRCh38,AGGGCTTTCACAATAC-1
GRCh38,AGGGCTTTCACTAAAC-1
GRCh38,AGGGCTTTCACTAACG-1
GRCh38,AGGGCTTTCATAGTCG-1
GRCh38,AGGGCTTTCATGGCCG-1
GRCh38,AGGGCTTTCCCCAGCT-1
GRCh38,AGGGCTTTCCTACTTA-1
GRCh38,AGGGCTTTCCTCGGCT-1
GRCh38,AGGGCTTTCGCTCCGT-1
GRCh38,AGGGCTTTCGGGTATC-1
GRCh38,AGGGCTTTCGGTCGCA-1
GRCh38,AGGGCTTTCGGTTAAT-1
GRCh38,AGGGGAACAAAACTCC-1
GRCh38,AGGGGAACAACATGCT-1
GRCh38,AGGGGAACAACCAAGA-1
GRCh38,AGGGGAACAAGAATTA-1
GRCh38,AGGGGAACAAGCAAAT-1
GRCh38,AGGGGAACAATAGTAA-1
GRCh38,AGGGGAACACCTCTCG-1
GRCh38,AGGGGAACACTACATA-1
GRCh38,AGGGGAACAGCGGGTA-1
GRCh38,AGGGGAACAGGACACG-1
GRCh38,AGGGGATGTATGCTGG-1
GRCh38,AGGGGATGTCATAGTA-1
GRCh38,AGGGGATGTCTACGGA-1
GRCh38,AGGGGATGTCTCATTG-1
GRCh38,AGGGGATGTGCGAGAG-1
GRCh38,AGGGGATGTGTGCAAT-1
GRCh38,AGGGGCAGTAACTTCT-1
GRCh38,AGGGGCAGTATGCGGC-1
GRCh38,AGGGGCAGTATGTGTA-1
GRCh38,AGGGGCAGTATTGCCC-1
GRCh38,AGGGGCAGTCAGGATT-1
GRCh38,AGGGGCAGTCCATATT-1
GRCh38,AGGGGCAGTCGCTCGC-1
GRCh38,AGGGGCAGTCGCTTCG-1
GRCh38,AGGGGCAGTCGTAGAT-1
GRCh38,AGGGGCAGTCGTAGTG-1
GRCh38,AGGGGCAGTGGTGCGT-1
GRCh38,AGGGGCAGTGTTCGTC-1
GRCh38,AGGGGCTAGAAAGCCG-1
GRCh38,AGGGGCTAGAACGGCA-1
GRCh38,AGGGGCTAGATCCGAC-1
GRCh38,AGGGGCTAGATCGGAG-1
GRCh38,AGGGGCTAGATTAACC-1
GRCh38,AGGGGCTAGATTGAGA-1
GRCh38,AGGGGCTAGCAAGAGT-1
GRCh38,AGGGGCTAGCCAGCAT-1
GRCh38,AGGGGCTAGCTCAGTA-1
GRCh38,AGGGGCTAGCTGTCGG-1
GRCh38,AGGGGTATCCCACCTA-1
GRCh38,AGGGGTATCGCAATTG-1
GRCh38,AGGGGTATCGGACGTT-1
GRCh38,AGGGGTATCGTAGCTA-1
GRCh38,AGGGGTCAGAAAGGAG-1
GRCh38,AGGGGTCAGACATGAA-1
GRCh38,AGGGGTCAGACCACGT-1
GRCh38,AGGGGTCAGAGGCCAA-1
GRCh38,AGGGGTCAGAGTTAGA-1
GRCh38,AGGGGTCAGCCAGAGA-1
GRCh38,AGGGGTCAGCTAGTTG-1
GRCh38,AGGGGTCAGCTCTGGG-1
GRCh38,AGGGGTCAGGCCCTGA-1
GRCh38,AGGGGTCAGGCGTTAC-1
GRCh38,AGGGGTCAGGTCCATA-1
GRCh38,AGGGGTCAGGTGAGAT-1
GRCh38,AGGGTAAGTAACTCCC-1
GRCh38,AGGGTAAGTAATTGTG-1
GRCh38,AGGGTAAGTACTCGAG-1
GRCh38,AGGGTAAGTATCTGCC-1
GRCh38,AGGGTAAGTCATAGTA-1
GRCh38,AGGGTAAGTCGCCGTC-1
GRCh38,AGGGTAAGTGGACCGT-1
GRCh38,AGGGTAAGTGGGTTCA-1
GRCh38,AGGGTATAGCAACGAG-1
GRCh38,AGGGTATAGCACGTAC-1
GRCh38,AGGGTATAGCCGCGTA-1
GRCh38,AGGGTATAGCGGGTTT-1
GRCh38,AGGGTATAGCGTTGAC-1
GRCh38,AGGGTATAGCTGCGTG-1
GRCh38,AGGGTATAGCTTCGTT-1
GRCh38,AGGGTATAGGGAAACT-1
GRCh38,AGGGTATAGGTCCGCA-1
GRCh38,AGGGTCGCAAAATCCC-1
GRCh38,AGGGTCGCAAAGCAAT-1
GRCh38,AGGGTCGCAAAGCATG-1
GRCh38,AGGGTCGCAAATTGGG-1
GRCh38,AGGGTCGCAACCCACA-1
GRCh38,AGGGTCGCAACGATAG-1
GRCh38,AGGGTCGCAACGCCAC-1
GRCh38,AGGGTCGCAAGCTTCG-1
GRCh38,AGGGTCGCACAAGTAG-1
GRCh38,AGGGTCGCACCACGGT-1
GRCh38,AGGGTCGCACCTTACC-1
GRCh38,AGGGTCGCACCTTGAG-1
GRCh38,AGGGTCGCACGCCAAC-1
GRCh38,AGGGTCGCAGGCAATA-1
GRCh38,AGGGTCGCAGGGTCAG-1
GRCh38,AGGGTCGCAGTTCTCC-1
GRCh38,AGGGTCTTCAAGGCTC-1
GRCh38,AGGGTCTTCACCAAGC-1
GRCh38,AGGGTCTTCACGCTAA-1
GRCh38,AGGGTCTTCAGGGCTT-1
GRCh38,AGGGTCTTCCCCAACC-1
GRCh38,AGGGTCTTCCCTATTA-1
GRCh38,AGGGTCTTCCCTTAAC-1
GRCh38,AGGGTCTTCCGGTTAA-1
GRCh38,AGGGTCTTCGGCTCGA-1
GRCh38,AGGGTCTTCGTAGTTG-1
GRCh38,AGGGTCTTCGTTCACT-1
GRCh38,AGGGTCTTCGTTGACA-1
GRCh38,AGGGTGCAGAGTCTTG-1
GRCh38,AGGGTGCAGCAAATTC-1
GRCh38,AGGGTGCAGCCATTGA-1
GRCh38,AGGGTGCAGCCTAATG-1
GRCh38,AGGGTGCAGCCTGTAA-1
GRCh38,AGGGTGCAGCGCCACA-1
GRCh38,AGGGTGCAGCGCTGCA-1
GRCh38,AGGGTGCAGCTCTAGA-1
GRCh38,AGGGTGCAGCTTCTAC-1
GRCh38,AGGGTGCAGGGGATAT-1
GRCh38,AGGGTGCAGGTGCCCA-1
GRCh38,AGGGTTACAAAACGGC-1
GRCh38,AGGGTTACAAATTACT-1
GRCh38,AGGGTTACAAATTGGG-1
GRCh38,AGGGTTACAACGTCGC-1
GRCh38,AGGGTTACAATCGAAG-1
GRCh38,AGGGTTACACATAGTC-1
GRCh38,AGGGTTCTCACATACG-1
GRCh38,AGGGTTCTCACGACTA-1
GRCh38,AGGGTTCTCAGACATT-1
GRCh38,AGGGTTCTCAGGGTCT-1
GRCh38,AGGGTTCTCCCAATAG-1
GRCh38,AGGGTTCTCCCGCACT-1
GRCh38,AGGGTTCTCGCATAAT-1
GRCh38,AGGGTTCTCGGGTCAT-1
GRCh38,AGGTAAATCAAACTAC-1
GRCh38,AGGTAAATCAACTCTC-1
GRCh38,AGGTAAATCAAGCTAT-1
GRCh38,AGGTAAATCAATCTGG-1
GRCh38,AGGTAAATCACTTACC-1
GRCh38,AGGTAAATCAGGGCTT-1
GRCh38,AGGTAAATCATACCCT-1
GRCh38,AGGTAAATCATAGTAC-1
GRCh38,AGGTAAATCCAATTAA-1
GRCh38,AGGTAAATCCAGCCCT-1
GRCh38,AGGTAAATCCATTGTC-1
GRCh38,AGGTAAATCCTATTGC-1
GRCh38,AGGTAAATCGGAAGCA-1
GRCh38,AGGTAAATCGGCAATC-1
GRCh38,AGGTAAATCGGGTCCA-1
GRCh38,AGGTAACAGAGCTTGC-1
GRCh38,AGGTAACAGAGGGACC-1
GRCh38,AGGTAACAGCCACAAC-1
GRCh38,AGGTAACAGCCGTCGA-1
GRCh38,AGGTAACAGCTAATCG-1
GRCh38,AGGTAACAGCTCGTGG-1
GRCh38,AGGTAACAGCTGTACA-1
GRCh38,AGGTAACAGGCCACAT-1
GRCh38,AGGTAACAGGGTTAGG-1
GRCh38,AGGTAAGGTAACCGTG-1
GRCh38,AGGTAAGGTAACGCCA-1
GRCh38,AGGTAAGGTAAGGGTA-1
GRCh38,AGGTAAGGTACAGGCC-1
GRCh38,AGGTAAGGTATCATCT-1
GRCh38,AGGTAAGGTCCGTGTT-1
GRCh38,AGGTAAGGTGGATATC-1
GRCh38,AGGTAAGGTGGGAGAT-1
GRCh38,AGGTAATCAACATACC-1
GRCh38,AGGTAATCAACCTAGT-1
GRCh38,AGGTAATCAAGAGGGA-1
GRCh38,AGGTAATCAAGTCGAA-1
GRCh38,AGGTAATCACACATAC-1
GRCh38,AGGTAATCAGCTCCAA-1
GRCh38,AGGTAATCAGTGATAG-1
GRCh38,AGGTAATCAGTGATTC-1
GRCh38,AGGTACGAGCTCACCC-1
GRCh38,AGGTACGAGCTGGGTT-1
GRCh38,AGGTACGAGCTTGTCT-1
GRCh38,AGGTACGAGGCTCTAA-1
GRCh38,AGGTACGAGGCTGGAA-1
GRCh38,AGGTACGAGGGAGCTA-1
GRCh38,AGGTATAAGAACTTCG-1
GRCh38,AGGTATAAGACACGGA-1
GRCh38,AGGTATAAGACCCACG-1
GRCh38,AGGTATAAGACGACGA-1
GRCh38,AGGTATAAGACGGCAA-1
GRCh38,AGGTATAAGAGGCAGC-1
GRCh38,AGGTATAAGATCAGGG-1
GRCh38,AGGTATAAGCCCTGGA-1
GRCh38,AGGTATAAGCCTACGG-1
GRCh38,AGGTATAAGCCTCGAG-1
GRCh38,AGGTATAAGCGAACAG-1
GRCh38,AGGTATAAGCGTAGAG-1
GRCh38,AGGTATAAGCTATTGG-1
GRCh38,AGGTATAAGGCTTCCC-1
GRCh38,AGGTATAAGGGAATTA-1
GRCh38,AGGTATAAGGGTAAGT-1
GRCh38,AGGTATAAGGTAGCTC-1
GRCh38,AGGTATCGTAATGTCA-1
GRCh38,AGGTATCGTACCAGAT-1
GRCh38,AGGTATCGTACCTAGG-1
GRCh38,AGGTATCGTACGGGTC-1
GRCh38,AGGTATCGTACTCGAG-1
GRCh38,AGGTATCGTCATACTT-1
GRCh38,AGGTATCGTCGCCTAT-1
GRCh38,AGGTATCGTCTGCAAG-1
GRCh38,AGGTATCGTGCCATTC-1
GRCh38,AGGTGATAGAAGCTGG-1
GRCh38,AGGTGATAGACTTCAG-1
GRCh38,AGGTGATAGAGCGATG-1
GRCh38,AGGTGATAGCAACCCG-1
GRCh38,AGGTGATAGCAAGCGA-1
GRCh38,AGGTGATAGCGCATAC-1
GRCh38,AGGTGATAGCGCCCAA-1
GRCh38,AGGTGATAGCGTGGAA-1
GRCh38,AGGTGATAGCGTGTTA-1
GRCh38,AGGTGATAGGCTAACC-1
GRCh38,AGGTGATAGGTCCACG-1
GRCh38,AGGTGTCTCAAATCCG-1
GRCh38,AGGTGTCTCAACCTCT-1
GRCh38,AGGTGTCTCAAGCCAC-1
GRCh38,AGGTGTCTCACTCTCG-1
GRCh38,AGGTGTCTCAGGCACT-1
GRCh38,AGGTGTCTCATAACAC-1
GRCh38,AGGTGTCTCCAGCCTC-1
GRCh38,AGGTGTCTCCATAACG-1
GRCh38,AGGTGTCTCCCTGGCT-1
GRCh38,AGGTGTCTCCGACCCT-1
GRCh38,AGGTGTCTCCGGTCCT-1
GRCh38,AGGTGTCTCCTGAACA-1
GRCh38,AGGTGTCTCCTTCGCA-1
GRCh38,AGGTGTCTCGCTTATC-1
GRCh38,AGGTGTCTCGGTCATA-1
GRCh38,AGGTTAAAGAATGGCG-1
GRCh38,AGGTTAAAGACAATGA-1
GRCh38,AGGTTAAAGACTTACG-1
GRCh38,AGGTTAAAGAGGACCA-1
GRCh38,AGGTTAAAGATGCCAC-1
GRCh38,AGGTTAAAGCAATAGA-1
GRCh38,AGGTTAAAGCGCTGCA-1
GRCh38,AGGTTAAAGCTATCAG-1
GRCh38,AGGTTAAAGCTTGGGT-1
GRCh38,AGGTTAAAGGTTATGT-1
GRCh38,AGGTTAGCAATGGGCG-1
GRCh38,AGGTTAGCACTTAAGC-1
GRCh38,AGGTTAGCAGTAGCGG-1
GRCh38,AGGTTAGCAGTGTCGC-1
GRCh38,AGGTTCATCACATACG-1
GRCh38,AGGTTCATCACGCAGT-1
GRCh38,AGGTTCATCACGCTAA-1
GRCh38,AGGTTCATCCTCTGCA-1
GRCh38,AGGTTCATCGCTGAGT-1
GRCh38,AGGTTCATCGGAGCTT-1
GRCh38,AGGTTCATCGTACATG-1
GRCh38,AGGTTCATCGTCGAGT-1
GRCh38,AGGTTCATCGTTACCT-1
GRCh38,AGGTTCGGTAGCAGGG-1
GRCh38,AGGTTCGGTCGGAATT-1
GRCh38,AGGTTCGGTCTACGGA-1
GRCh38,AGGTTCGGTGCAATCG-1
GRCh38,AGGTTCGGTGGAAGTA-1
GRCh38,AGGTTCGGTGGGTTCA-1
GRCh38,AGGTTCGGTGTTAAGC-1
GRCh38,AGGTTCTCAAATTGCC-1
GRCh38,AGGTTCTCAAGCGTAA-1
GRCh38,AGGTTCTCAAGTACTC-1
GRCh38,AGGTTCTCAATCGTCG-1
GRCh38,AGGTTCTCACAACCCA-1
GRCh38,AGGTTCTCACACTATA-1
GRCh38,AGGTTCTCAGCATGCC-1
GRCh38,AGGTTCTCAGGAACGT-1
GRCh38,AGGTTCTCAGGGCTCT-1
GRCh38,AGGTTCTCAGTCGGTC-1
GRCh38,AGGTTCTCAGTGCGGA-1
GRCh38,AGGTTGGAGACTATGT-1
GRCh38,AGGTTGGAGAGAGGTT-1
GRCh38,AGGTTGGAGATACAAG-1
GRCh38,AGGTTGGAGGGCGGAT-1
GRCh38,AGGTTGTGTAAGCCGC-1
GRCh38,AGGTTGTGTACAAGCT-1
GRCh38,AGGTTGTGTACGCATG-1
GRCh38,AGGTTGTGTAGAATGG-1
GRCh38,AGGTTGTGTAGACGTT-1
GRCh38,AGGTTGTGTCACCGTT-1
GRCh38,AGGTTGTGTCTAACGG-1
GRCh38,AGGTTGTGTCTGCGCC-1
GRCh38,AGGTTGTGTGCGAGGA-1
GRCh38,AGGTTGTGTGGCTCCC-1
GRCh38,AGGTTGTGTGTATCCC-1
GRCh38,AGGTTGTGTGTCACGA-1
GRCh38,AGGTTTAGTAAATCCA-1
GRCh38,AGGTTTAGTAAGGGTA-1
GRCh38,AGGTTTAGTAGAGATG-1
GRCh38,AGGTTTAGTAGCGTGC-1
GRCh38,AGGTTTAGTCAAGGTT-1
GRCh38,AGGTTTAGTCACTCCG-1
GRCh38,AGGTTTAGTGGGAGAT-1
GRCh38,AGGTTTCCAAAACTCC-1
GRCh38,AGGTTTCCAAATCACC-1
GRCh38,AGGTTTCCAAGACAAT-1
GRCh38,AGGTTTCCAATTCTAG-1
GRCh38,AGGTTTCCACACCCAA-1
GRCh38,AGGTTTCCACATCTCC-1
GRCh38,AGGTTTCCACCTTGAG-1
GRCh38,AGGTTTCCACGAACGG-1
GRCh38,AGGTTTCCACTCGACA-1
GRCh38,AGGTTTCCACTGACGC-1
GRCh38,AGGTTTCCACTTCTAT-1
GRCh38,AGGTTTCCAGCTTCAG-1
GRCh38,AGGTTTCCAGTACTTA-1
GRCh38,AGGTTTCCAGTATTAT-1
GRCh38,AGGTTTCCAGTTGGTT-1
GRCh38,AGTAAACCAAAGCTTC-1
GRCh38,AGTAAACCAACAGAGC-1
GRCh38,AGTAAACCAACGTACT-1
GRCh38,AGTAAAGTCAACAGCC-1
GRCh38,AGTAAAGTCAACTATA-1
GRCh38,AGTAAAGTCAACTGCA-1
GRCh38,AGTAAAGTCACGGCCA-1
GRCh38,AGTAAAGTCAGCATCA-1
GRCh38,AGTAAAGTCAGTCAAT-1
GRCh38,AGTAAAGTCCGGCTTC-1
GRCh38,AGTAAAGTCGCGAGTT-1
GRCh38,AGTAAAGTCGGATTGC-1
GRCh38,AGTAAAGTCGTATCGA-1
GRCh38,AGTAAAGTCGTTGGGT-1
GRCh38,AGTAACGCAAAAGCCA-1
GRCh38,AGTAACGCAAAAGGAA-1
GRCh38,AGTAACGCAAACGTTC-1
GRCh38,AGTAACGCAAATATAG-1
GRCh38,AGTAACGCAATGATCC-1
GRCh38,AGTAACGCACAACATC-1
GRCh38,AGTAACGCACAAGCCC-1
GRCh38,AGTAACGCACACGCAC-1
GRCh38,AGTAACGCAGTACTCG-1
GRCh38,AGTAACGCAGTGCTCA-1
GRCh38,AGTAAGCAGAAACGGT-1
GRCh38,AGTAAGCAGCCCATGG-1
GRCh38,AGTAAGCAGCCGCGTA-1
GRCh38,AGTAAGCAGGCGGATA-1
GRCh38,AGTAAGCAGGCTGGTT-1
GRCh38,AGTAAGCAGGTCCTTT-1
GRCh38,AGTAAGGGTAATTTGG-1
GRCh38,AGTAAGGGTACGTGCA-1
GRCh38,AGTAAGGGTACTACCC-1
GRCh38,AGTAAGGGTAGAGAAT-1
GRCh38,AGTAAGGGTAGCGGTC-1
GRCh38,AGTAAGGGTAGCTTCC-1
GRCh38,AGTAAGGGTATCTGTT-1
GRCh38,AGTAAGGGTATGGAGA-1
GRCh38,AGTAAGGGTATGGTTA-1
GRCh38,AGTAAGGGTCACCCTG-1
GRCh38,AGTAAGGGTCACTTTG-1
GRCh38,AGTAAGGGTCTAACCC-1
GRCh38,AGTAAGGGTCTTATGT-1
GRCh38,AGTAAGGGTGCAAGGG-1
GRCh38,AGTAAGGGTGTATGTA-1
GRCh38,AGTAATCTCAGAGTAA-1
GRCh38,AGTAATCTCAGCCAAC-1
GRCh38,AGTAATCTCATGCTTC-1
GRCh38,AGTAATCTCCCTGGCT-1
GRCh38,AGTAATCTCCCTGTCA-1
GRCh38,AGTAATCTCGTCAATG-1
GRCh38,AGTAATGAGCATGCCG-1
GRCh38,AGTAATGAGCGTGTCG-1
GRCh38,AGTAATGAGGCAATTT-1
GRCh38,AGTAATGAGGCGTAGA-1
GRCh38,AGTAATGAGGCTTACA-1
GRCh38,AGTAATGAGGGTGAAT-1
GRCh38,AGTAATGAGGTGCGAA-1
GRCh38,AGTACAGCAGCAAGAC-1
GRCh38,AGTACAGCAGTCTTAA-1
GRCh38,AGTACATTCACATCAG-1
GRCh38,AGTACATTCACCAAAT-1
GRCh38,AGTACATTCCACAACA-1
GRCh38,AGTACATTCCACAGGT-1
GRCh38,AGTACATTCCGGTGCA-1
GRCh38,AGTACATTCGCGCGTA-1
GRCh38,AGTACATTCGTGTCGG-1
GRCh38,AGTACGACAACGGGAT-1
GRCh38,AGTACGACAACTATAT-1
GRCh38,AGTACGACAAGTAACG-1
GRCh38,AGTACGACAAGTGCCC-1
GRCh38,AGTACGACACCAGCTA-1
GRCh38,AGTACGACACCATGCA-1
GRCh38,AGTACGACACCCACAA-1
GRCh38,AGTACGCTCACCTCTG-1
GRCh38,AGTACGCTCCAAGACC-1
GRCh38,AGTACGCTCCACCCGT-1
GRCh38,AGTACGCTCGCTCTAT-1
GRCh38,AGTACGCTCGGCCAAT-1
GRCh38,AGTACGCTCGGCGAAA-1
GRCh38,AGTACGCTCGGTTATG-1
GRCh38,AGTACGCTCGTAGCGT-1
GRCh38,AGTACGCTCGTCCCTA-1
GRCh38,AGTACGCTCGTTCGCC-1
GRCh38,AGTACGGAGAAGCGTG-1
GRCh38,AGTACGGAGACGGGGT-1
GRCh38,AGTACGGAGAGTGCAG-1
GRCh38,AGTACGGAGATACGAA-1
GRCh38,AGTACGGAGCAAGCCT-1
GRCh38,AGTACGGAGCAATGCC-1
GRCh38,AGTACGGAGCATGTAT-1
GRCh38,AGTACGGAGCCTGGTG-1
GRCh38,AGTACGGAGGCTGGTT-1
GRCh38,AGTACGTGTAAAGCGA-1
GRCh38,AGTACGTGTAAATCTG-1
GRCh38,AGTACGTGTAAGCATC-1
GRCh38,AGTACGTGTACTGCAG-1
GRCh38,AGTACGTGTACTTCAT-1
GRCh38,AGTACGTGTATTCGGG-1
GRCh38,AGTACGTGTCACGGGT-1
GRCh38,AGTACGTGTGCCCGTC-1
GRCh38,AGTACGTGTGGGCGTT-1
GRCh38,AGTACTCCAAATCGGA-1
GRCh38,AGTACTCCAACTAACC-1
GRCh38,AGTACTCCAATGCGCC-1
GRCh38,AGTACTCCACAGCAGG-1
GRCh38,AGTACTCCACAGCGGA-1
GRCh38,AGTACTCCACCAATTA-1
GRCh38,AGTACTCCACTGCAAT-1
GRCh38,AGTACTCCAGGTATCT-1
GRCh38,AGTACTGTCAATCTGG-1
GRCh38,AGTACTGTCACTTAAA-1
GRCh38,AGTACTGTCAGCTGTA-1
GRCh38,AGTACTGTCATCAGCA-1
GRCh38,AGTACTGTCATCCTAC-1
GRCh38,AGTACTGTCCAGTAAT-1
GRCh38,AGTACTGTCCATTGCT-1
GRCh38,AGTACTGTCCCAAATG-1
GRCh38,AGTACTGTCCGGACCA-1
GRCh38,AGTACTGTCCGTCAAA-1
GRCh38,AGTACTGTCGCGAAAG-1
GRCh38,AGTACTGTCGGGTTAC-1
GRCh38,AGTACTGTCGTCGCTC-1
GRCh38,AGTATAACAACACGAA-1
GRCh38,AGTATAACAAGGGTTA-1
GRCh38,AGTATAACACCATGCA-1
GRCh38,AGTATAACACCGCTAA-1
GRCh38,AGTATAACACCGGTTA-1
GRCh38,AGTATAACACCGTTTC-1
GRCh38,AGTATAACACGACCTA-1
GRCh38,AGTATAACACGATAGA-1
GRCh38,AGTATAACACGCCATA-1
GRCh38,AGTATAACACTCACGA-1
GRCh38,AGTATAACAGCATCCA-1
GRCh38,AGTATAACAGTATAGG-1
GRCh38,AGTATAGAGAAAGCCG-1
GRCh38,AGTATAGAGAATATCC-1
GRCh38,AGTATAGAGACGAGGC-1
GRCh38,AGTATAGAGATACCAT-1
GRCh38,AGTATAGAGATACGGG-1
GRCh38,AGTATAGAGATATCAC-1
GRCh38,AGTATAGAGCAAGCCT-1
GRCh38,AGTATAGAGCACCCAG-1
GRCh38,AGTATAGAGCATATGT-1
GRCh38,AGTATAGAGCCGTCAG-1
GRCh38,AGTATAGAGCGTTAGC-1
GRCh38,AGTATAGAGCTTGGGT-1
GRCh38,AGTATAGAGGTTATCG-1
GRCh38,AGTATCCCAAACATAA-1
GRCh38,AGTATCCCAAACTCAC-1
GRCh38,AGTATCCCAACACGGG-1
GRCh38,AGTATCCCAACAGAGC-1
GRCh38,AGTATCCCAACGCGCT-1
GRCh38,AGTATCCCAAGCGAGT-1
GRCh38,AGTATCCCAAGGAGGA-1
GRCh38,AGTATCCCACAAGGCG-1
GRCh38,AGTATCCCACCAGATT-1
GRCh38,AGTATCCCACCCAGAC-1
GRCh38,AGTATCCCACCGTTAG-1
GRCh38,AGTATCCCACTAGTTA-1
GRCh38,AGTATCCCAGCGCACT-1
GRCh38,AGTATCCCAGCGTATT-1
GRCh38,AGTATCGTCACGGTCG-1
GRCh38,AGTATCGTCAGCATTG-1
GRCh38,AGTATCGTCAGTTTCC-1
GRCh38,AGTATCGTCCTCTGCA-1
GRCh38,AGTATGCGTACGCATG-1
GRCh38,AGTATGCGTACTGCGA-1
GRCh38,AGTATGCGTCACCCGC-1
GRCh38,AGTATGCGTCAGCGTA-1
GRCh38,AGTATGCGTCCAACAG-1
GRCh38,AGTATGCGTCCAAGAT-1
GRCh38,AGTATGCGTCCATTTG-1
GRCh38,AGTATGCGTCGCTTGT-1
GRCh38,AGTATGCGTCTAACGG-1
GRCh38,AGTATGCGTCTACGCT-1
GRCh38,AGTATGCGTGCGTAGC-1
GRCh38,AGTATGCGTGGATTGT-1
GRCh38,AGTATGCGTGGTTCGA-1
GRCh38,AGTATGCGTGTCATCC-1
GRCh38,AGTATGCGTGTTACCC-1
GRCh38,AGTATGTTCACATGTG-1
GRCh38,AGTATGTTCACGTCAA-1
GRCh38,AGTATGTTCAGGCCCA-1
GRCh38,AGTATGTTCCAGCGCA-1
GRCh38,AGTATGTTCCGCTAAA-1
GRCh38,AGTATGTTCGGTCCTC-1
GRCh38,AGTATGTTCGTCTTAC-1
GRCh38,AGTATTATCAGCCGTG-1
GRCh38,AGTATTATCAGTTTAA-1
GRCh38,AGTATTATCATGTTAA-1
GRCh38,AGTATTATCCATTCGT-1
GRCh38,AGTATTATCCCGAATA-1
GRCh38,AGTATTATCCGTCTAT-1
GRCh38,AGTATTATCCTCGCAC-1
GRCh38,AGTATTATCCTCGTTG-1
GRCh38,AGTATTATCGGCGATT-1
GRCh38,AGTATTATCGTTCTAC-1
GRCh38,AGTATTCAGATGTATC-1
GRCh38,AGTATTCAGCACTGTA-1
GRCh38,AGTATTCAGCATGGTC-1
GRCh38,AGTATTCAGCCGCTAG-1
GRCh38,AGTATTCAGCGATTTG-1
GRCh38,AGTATTGGTACCCCAT-1
GRCh38,AGTATTGGTAGTGTGT-1
GRCh38,AGTATTGGTATTCTGT-1
GRCh38,AGTATTGGTATTGCCC-1
GRCh38,AGTATTGGTCAGCCCC-1
GRCh38,AGTATTGGTCGAGTGC-1
GRCh38,AGTATTGGTCGTCTGT-1
GRCh38,AGTATTGGTCGTTAAA-1
GRCh38,AGTATTGGTCTACTGC-1
GRCh38,AGTATTGGTCTGTGAG-1
GRCh38,AGTATTGGTGCTACAG-1
GRCh38,AGTATTGGTGGATATC-1
GRCh38,AGTCAATTCAGCATAT-1
GRCh38,AGTCAATTCAGCGCAT-1
GRCh38,AGTCAATTCATGCGTA-1
GRCh38,AGTCAATTCCAACGTA-1
GRCh38,AGTCAATTCCACCAAA-1
GRCh38,AGTCAATTCCACCCAC-1
GRCh38,AGTCAATTCCAGTAAT-1
GRCh38,AGTCAATTCCATCACT-1
GRCh38,AGTCAATTCCCATCGC-1
GRCh38,AGTCAATTCCCATGCC-1
GRCh38,AGTCAATTCGCGATGT-1
GRCh38,AGTCAATTCGGCTTGG-1
GRCh38,AGTCAATTCGTCACCC-1
GRCh38,AGTCAGCTCAATCATA-1
GRCh38,AGTCAGCTCACGTATG-1
GRCh38,AGTCAGCTCACTCCGC-1
GRCh38,AGTCAGCTCAGTCAGC-1
GRCh38,AGTCAGCTCATGCGGT-1
GRCh38,AGTCAGCTCCCAGCCT-1
GRCh38,AGTCAGCTCCGCCTAC-1
GRCh38,AGTCAGCTCCTCTGGC-1
GRCh38,AGTCAGCTCCTGTCGC-1
GRCh38,AGTCAGCTCGCGTAAC-1
GRCh38,AGTCAGCTCGGACACT-1
GRCh38,AGTCAGCTCGGTCATA-1
GRCh38,AGTCAGCTCGGTTACA-1
GRCh38,AGTCAGCTCGTAGCAC-1
GRCh38,AGTCAGCTCGTAGGCT-1
GRCh38,AGTCAGCTCGTGCGTG-1
GRCh38,AGTCAGGAGAGCGTAG-1
GRCh38,AGTCAGGAGATGCCCG-1
GRCh38,AGTCAGGAGCGAAGTG-1
GRCh38,AGTCAGGAGCTGACGT-1
GRCh38,AGTCAGGAGGCAGGGT-1
GRCh38,AGTCAGGAGGCCCAAT-1
GRCh38,AGTCAGGAGGCGTTTA-1
GRCh38,AGTCAGGAGGTCGCCA-1
GRCh38,AGTCAGTGTAATGGAG-1
GRCh38,AGTCAGTGTACAATTG-1
GRCh38,AGTCAGTGTAGGTATC-1
GRCh38,AGTCAGTGTCAACCCT-1
GRCh38,AGTCAGTGTCATGTGG-1
GRCh38,AGTCAGTGTGGGTATT-1
GRCh38,AGTCAGTGTGTCTATT-1
GRCh38,AGTCAGTGTGTTGGAT-1
GRCh38,AGTCATCCAAAACCAG-1
GRCh38,AGTCATCCAACTCGGC-1
GRCh38,AGTCATCCACCTAGCA-1
GRCh38,AGTCATCCACGCACTA-1
GRCh38,AGTCATCCAGCTAGGG-1
GRCh38,AGTCATGTCAATCTCC-1
GRCh38,AGTCATGTCACCACTT-1
GRCh38,AGTCATGTCACGCTAA-1
GRCh38,AGTCATGTCAGCATTG-1
GRCh38,AGTCATGTCATTCTCA-1
GRCh38,AGTCATGTCCCATAAG-1
GRCh38,AGTCATGTCCGTATAG-1
GRCh38,AGTCATGTCGCTAACA-1
GRCh38,AGTCATGTCGCTCCAC-1
GRCh38,AGTCATGTCGTCAACA-1
GRCh38,AGTCCACAGACAATGA-1
GRCh38,AGTCCACAGACGTCCG-1
GRCh38,AGTCCACAGAGGGGTC-1
GRCh38,AGTCCACAGCGTATAT-1
GRCh38,AGTCCAGGTAAATCTG-1
GRCh38,AGTCCAGGTACCTCCG-1
GRCh38,AGTCCAGGTCAGCGTA-1
GRCh38,AGTCCAGGTCCAGGTA-1
GRCh38,AGTCCAGGTCTAAGCG-1
GRCh38,AGTCCAGGTGCGTATG-1
GRCh38,AGTCCAGGTGCTAGTG-1
GRCh38,AGTCCAGGTGGATCGC-1
GRCh38,AGTCCAGGTGGTGATT-1
GRCh38,AGTCCAGGTGTGCATG-1
GRCh38,AGTCCATCAAACACTC-1
GRCh38,AGTCCATCAAACGGGT-1
GRCh38,AGTCCATCAAATTAAG-1
GRCh38,AGTCCATCACACCCAA-1
GRCh38,AGTCCATCACATTAGC-1
GRCh38,AGTCCATCACCAGATT-1
GRCh38,AGTCCATCACGACACC-1
GRCh38,AGTCCATCAGCTAGGG-1
GRCh38,AGTCCCGAGAAAGCTA-1
GRCh38,AGTCCCGAGAGCCGAA-1
GRCh38,AGTCCCGAGATCTGCA-1
GRCh38,AGTCCCGAGATTACGT-1
GRCh38,AGTCCCGAGATTCAAC-1
GRCh38,AGTCCCGAGCACAGGA-1
GRCh38,AGTCCCGAGCCATTTC-1
GRCh38,AGTCCCGAGCGGTCCA-1
GRCh38,AGTCCCGAGCTTCTAC-1
GRCh38,AGTCCCGAGGTCTCCC-1
GRCh38,AGTCCCGAGGTGCTAC-1
GRCh38,AGTCCCGAGGTTGTGC-1
GRCh38,AGTCCGAGTAACCCCT-1
GRCh38,AGTCCGAGTAGGAAAT-1
GRCh38,AGTCCGAGTATCCGCT-1
GRCh38,AGTCCGAGTATCGGGC-1
GRCh38,AGTCCGAGTCAATGTA-1
GRCh38,AGTCCGAGTCAGTATA-1
GRCh38,AGTCCGAGTCCTAGAG-1
GRCh38,AGTCCGAGTCGGTGTA-1
GRCh38,AGTCCGAGTGCTGCCC-1
GRCh38,AGTCCGAGTGGAAATG-1
GRCh38,AGTCCGAGTGGACTAT-1
GRCh38,AGTCCGAGTGGTTCGA-1
GRCh38,AGTCCGAGTGGTTGGC-1
GRCh38,AGTCCGAGTGTTGTGG-1
GRCh38,AGTCCGCCAACTAACC-1
GRCh38,AGTCCGCCAAGAAGCC-1
GRCh38,AGTCCGCCAAGCTTTA-1
GRCh38,AGTCCGCCAAGTATCC-1
GRCh38,AGTCCGCCAATATTAC-1
GRCh38,AGTCCGCCAATCATGC-1
GRCh38,AGTCCGCCACAAGCCC-1
GRCh38,AGTCCGCCAGGGATTA-1
GRCh38,AGTCCGGTCAATTCGG-1
GRCh38,AGTCCGGTCCACGAGT-1
GRCh38,AGTCCGGTCCCACTAT-1
GRCh38,AGTCCGGTCCCATCTG-1
GRCh38,AGTCCGGTCCGCATGG-1
GRCh38,AGTCCGGTCGCAATTG-1
GRCh38,AGTCCGGTCGGCGTCA-1
GRCh38,AGTCCTTTCAGACTTG-1
GRCh38,AGTCCTTTCCAAAGCC-1
GRCh38,AGTCCTTTCCGATAGC-1
GRCh38,AGTCCTTTCCTCCAAT-1
GRCh38,AGTCCTTTCGCTTTAC-1
GRCh38,AGTCCTTTCGCTTTCG-1
GRCh38,AGTCCTTTCGGAAACG-1
GRCh38,AGTCGAACAAAAGCGC-1
GRCh38,AGTCGAACAAACATAA-1
GRCh38,AGTCGAACAAGTACAG-1
GRCh38,AGTCGAACAATACGCT-1
GRCh38,AGTCGAACACGGGGTA-1
GRCh38,AGTCGAACACGTAACT-1
GRCh38,AGTCGAACAGCTACGC-1
GRCh38,AGTCGAACAGTAATCC-1
GRCh38,AGTCGAACAGTTGGAA-1
GRCh38,AGTCGATGTAGTAAGG-1
GRCh38,AGTCGATGTCCAGATG-1
GRCh38,AGTCGATGTCCATGCT-1
GRCh38,AGTCGATGTCGTGCCC-1
GRCh38,AGTCGATGTCTCGGTT-1
GRCh38,AGTCGATGTGTTCGCT-1
GRCh38,AGTCGCAGTAGCCTCT-1
GRCh38,AGTCGCAGTAGCGTGC-1
GRCh38,AGTCGCAGTAGGGCGA-1
GRCh38,AGTCGCAGTATAGCGT-1
GRCh38,AGTCGCAGTATCACGG-1
GRCh38,AGTCGCAGTATCGCGA-1
GRCh38,AGTCGCAGTCCAGGGT-1
GRCh38,AGTCGCAGTCCGTTTA-1
GRCh38,AGTCGCAGTCGAGTCA-1
GRCh38,AGTCGCAGTCGGTTCT-1
GRCh38,AGTCGCAGTGCTTGGA-1
GRCh38,AGTCGCAGTGGAGCCT-1
GRCh38,AGTCGCAGTGTTGTAA-1
GRCh38,AGTCGCCCAAAAGTTA-1
GRCh38,AGTCGCCCAAATATTC-1
GRCh38,AGTCGCCCAACTGGAA-1
GRCh38,AGTCGCCCAACTTCGG-1
GRCh38,AGTCGCCCACACTCGA-1
GRCh38,AGTCGCCCACCTCACT-1
GRCh38,AGTCGCCCACTATGAC-1
GRCh38,AGTCGCCCAGCCAAGG-1
GRCh38,AGTCGCCCAGGCTCTA-1
GRCh38,AGTCGCCCAGTAAGAT-1
GRCh38,AGTCGCCCAGTCACGC-1
GRCh38,AGTCGCCCAGTTAAGG-1
GRCh38,AGTCGCGTCAAGTCGC-1
GRCh38,AGTCGCGTCACCATTC-1
GRCh38,AGTCGCGTCATCGGGT-1
GRCh38,AGTCGCGTCCACAGGT-1
GRCh38,AGTCGCGTCCAGCAAC-1
GRCh38,AGTCGCGTCGCGGATT-1
GRCh38,AGTCGCGTCGGCCCTT-1
GRCh38,AGTCGGCGTAAACGGA-1
GRCh38,AGTCGGCGTAACCGCA-1
GRCh38,AGTCGGCGTAACCGTG-1
GRCh38,AGTCGGCGTAATGGGA-1
GRCh38,AGTCGGCGTACAATTG-1
GRCh38,AGTCGGCGTCACCGGG-1
GRCh38,AGTCGGCGTCGTTAAA-1
GRCh38,AGTCGGCGTGCACTAG-1
GRCh38,AGTCGGCGTGCCTGGG-1
GRCh38,AGTCGGCGTGTTCTAT-1
GRCh38,AGTCGGGCAAAGCGTA-1
GRCh38,AGTCGGGCAAAGCTTC-1
GRCh38,AGTCGGGCAACTATAT-1
GRCh38,AGTCGGGCAAGTATAA-1
GRCh38,AGTCGGGCAATCGCGC-1
GRCh38,AGTCGGGCACGATGTT-1
GRCh38,AGTCGGGCACGCGTTA-1
GRCh38,AGTCGGGCAGCATGAA-1
GRCh38,AGTCGGGCAGCATGCC-1
GRCh38,AGTCGGGCAGTACGAA-1
GRCh38,AGTCGGGCAGTAGTAG-1
GRCh38,AGTCGTCAGAAGCTAA-1
GRCh38,AGTCGTCAGACTCCAA-1
GRCh38,AGTCGTCAGAGGGATT-1
GRCh38,AGTCGTCAGATCCGAC-1
GRCh38,AGTCGTCAGATCTTGG-1
GRCh38,AGTCGTCAGCGTTACA-1
GRCh38,AGTCGTCAGCTGTGCG-1
GRCh38,AGTCGTCAGGCATTCA-1
GRCh38,AGTCGTCAGGCCATCG-1
GRCh38,AGTCGTCAGGTAAGGT-1
GRCh38,AGTCTCCGTACAACGT-1
GRCh38,AGTCTCCGTAGTCTCC-1
GRCh38,AGTCTCCGTCGAAGTT-1
GRCh38,AGTCTCCGTCTAATCT-1
GRCh38,AGTCTCCGTCTACAGG-1
GRCh38,AGTCTCCGTGGCTTAG-1
GRCh38,AGTCTCCGTGGGGATG-1
GRCh38,AGTCTCCGTGGGTGTC-1
GRCh38,AGTCTCCGTGGTAATC-1
GRCh38,AGTCTCCGTGTCCTTA-1
GRCh38,AGTCTCCGTGTGTTCC-1
GRCh38,AGTCTCGCACCTAATA-1
GRCh38,AGTCTCGCACCTGCTT-1
GRCh38,AGTCTCGCAGCGTAGG-1
GRCh38,AGTCTCGCAGCTTCGA-1
GRCh38,AGTCTGGGTACCTTTG-1
GRCh38,AGTCTGGGTACTATAG-1
GRCh38,AGTCTGGGTACTTGGG-1
GRCh38,AGTCTGGGTATGAAGG-1
GRCh38,AGTCTGGGTCATACGG-1
GRCh38,AGTCTGGGTCTGGTCT-1
GRCh38,AGTCTGGGTCTTAGTT-1
GRCh38,AGTCTGGGTGCAAGGG-1
GRCh38,AGTCTGGGTGCGAATT-1
GRCh38,AGTCTGGGTGCTTGCT-1
GRCh38,AGTCTGGGTGGAATCT-1
GRCh38,AGTCTGGGTGGCTTCT-1
GRCh38,AGTCTGGGTGGTAATC-1
GRCh38,AGTCTGGGTGGTGCCG-1
GRCh38,AGTCTGGGTGTGCATG-1
GRCh38,AGTCTGGGTGTGTCAG-1
GRCh38,AGTCTGGGTGTGTTGG-1
GRCh38,AGTCTTACAACAATCC-1
GRCh38,AGTCTTACAACGTCGC-1
GRCh38,AGTCTTACAACTTAAT-1
GRCh38,AGTCTTACAAGCACAA-1
GRCh38,AGTCTTACACCAGAGG-1
GRCh38,AGTCTTACAGTCAATC-1
GRCh38,AGTCTTGAGAAGGGTT-1
GRCh38,AGTCTTGAGACATCAT-1
GRCh38,AGTCTTGAGACCAGAG-1
GRCh38,AGTCTTGAGCGCCCAA-1
GRCh38,AGTCTTGAGCTAGTTG-1
GRCh38,AGTGAAATCACAATTA-1
GRCh38,AGTGAAATCACGACTA-1
GRCh38,AGTGAAATCACTTAAA-1
GRCh38,AGTGAAATCATAGTGT-1
GRCh38,AGTGAAATCATTAAGC-1
GRCh38,AGTGAAATCGGACATC-1
GRCh38,AGTGAAATCGTATCTC-1
GRCh38,AGTGAAATCGTTGCTT-1
GRCh38,AGTGAAATCGTTGGCG-1
GRCh38,AGTGAGAGTACTACGG-1
GRCh38,AGTGAGAGTAGGCCGT-1
GRCh38,AGTGAGAGTCCATCCG-1
GRCh38,AGTGAGAGTCCCTGTG-1
GRCh38,AGTGAGAGTCGGGTTA-1
GRCh38,AGTGAGAGTCGTATAA-1
GRCh38,AGTGAGAGTCGTGAGC-1
GRCh38,AGTGAGAGTGCAAGCC-1
GRCh38,AGTGAGAGTGCCTGCC-1
GRCh38,AGTGAGAGTGGCTAGC-1
GRCh38,AGTGAGAGTGGGTTTG-1
GRCh38,AGTGAGAGTGGTGATT-1
GRCh38,AGTGATAAGATTACCG-1
GRCh38,AGTGATAAGCCATTAG-1
GRCh38,AGTGATAAGCGAAGTG-1
GRCh38,AGTGATAAGCGATTCA-1
GRCh38,AGTGATAAGCGCACAT-1
GRCh38,AGTGATAAGCGGGGAT-1
GRCh38,AGTGATAAGCGTACCG-1
GRCh38,AGTGATAAGCTAGTTG-1
GRCh38,AGTGATAAGCTGCGTG-1
GRCh38,AGTGATAAGCTTAGGC-1
GRCh38,AGTGATAAGGCAACAG-1
GRCh38,AGTGATAAGGCCTCGA-1
GRCh38,AGTGATAAGGCTCTAA-1
GRCh38,AGTGATAAGGTCTACA-1
GRCh38,AGTGATCGTATGAGTC-1
GRCh38,AGTGATCGTCACGAAT-1
GRCh38,AGTGATCGTCCGAATG-1
GRCh38,AGTGATCGTCGGTTCT-1
GRCh38,AGTGATCGTCGTACAG-1
GRCh38,AGTGATCGTGCCTTCG-1
GRCh38,AGTGATCGTGTACGTG-1
GRCh38,AGTGATTTCACACACA-1
GRCh38,AGTGATTTCACAGCTA-1
GRCh38,AGTGATTTCACGAGCT-1
GRCh38,AGTGATTTCATTGCTC-1
GRCh38,AGTGATTTCCAATGTG-1
GRCh38,AGTGATTTCCCAATTC-1
GRCh38,AGTGATTTCCCTAATC-1
GRCh38,AGTGATTTCCGGCACA-1
GRCh38,AGTGATTTCGCTCCGT-1
GRCh38,AGTGATTTCGGTCATA-1
GRCh38,AGTGATTTCGTGGTTA-1
GRCh38,AGTGATTTCGTGTACA-1
GRCh38,AGTGATTTCGTTCATC-1
GRCh38,AGTGCAACAAACATAA-1
GRCh38,AGTGCAACAAATTTCG-1
GRCh38,AGTGCAACAACGAACA-1
GRCh38,AGTGCAACAAGCTGAA-1
GRCh38,AGTGCAACAAGTAAAC-1
GRCh38,AGTGCAACAAGTACGA-1
GRCh38,AGTGCAACAATCGTAC-1
GRCh38,AGTGCAACAATTAAGA-1
GRCh38,AGTGCAACACCAGCTA-1
GRCh38,AGTGCAACACCCAAGC-1
GRCh38,AGTGCAACACCGTACA-1
GRCh38,AGTGCAACACCTGCAA-1
GRCh38,AGTGCAACAGCGATAA-1
GRCh38,AGTGCAACAGCGGGTA-1
GRCh38,AGTGCAGAGACAATGA-1
GRCh38,AGTGCAGAGAGTCGTC-1
GRCh38,AGTGCAGAGCGGGATA-1
GRCh38,AGTGCAGAGGCTGGTT-1
GRCh38,AGTGCAGAGGGACGGT-1
GRCh38,AGTGCAGAGGTAGCTC-1
GRCh38,AGTGCAGAGGTCCAAC-1
GRCh38,AGTGCCCCAAGCGATA-1
GRCh38,AGTGCCCCAAGGGACT-1
GRCh38,AGTGCCCCACAGTCGC-1
GRCh38,AGTGCCCCACATTCAA-1
GRCh38,AGTGCCCCACGGGTCT-1
GRCh38,AGTGCCCCAGCTAACT-1
GRCh38,AGTGCCCCAGCTAGGG-1
GRCh38,AGTGCGAAGAACGTGG-1
GRCh38,AGTGCGAAGACCAGGA-1
GRCh38,AGTGCGAAGACCTTTC-1
GRCh38,AGTGCGAAGACGATGG-1
GRCh38,AGTGCGAAGAGGTGAT-1
GRCh38,AGTGCGAAGATGTGTT-1
GRCh38,AGTGCGAAGCATATCG-1
GRCh38,AGTGCGAAGCATCGAC-1
GRCh38,AGTGCGAAGCCGTCAG-1
GRCh38,AGTGCGAAGCCTATTC-1
GRCh38,AGTGCGAAGCTGTGGT-1
GRCh38,AGTGCGAAGGCCACAT-1
GRCh38,AGTGCGAAGGCTAACC-1
GRCh38,AGTGCGCGTATATCCT-1
GRCh38,AGTGCGCGTCTACAGG-1
GRCh38,AGTGCGCGTCTCGATC-1
GRCh38,AGTGCTATCAAAGGGT-1
GRCh38,AGTGCTATCATCGGGT-1
GRCh38,AGTGCTATCATGGTTG-1
GRCh38,AGTGCTATCATTAATG-1
GRCh38,AGTGCTATCATTCAAA-1
GRCh38,AGTGCTATCCAAGTAT-1
GRCh38,AGTGCTATCCAATGTG-1
GRCh38,AGTGCTATCCAGTCCC-1
GRCh38,AGTGCTATCCATATGG-1
GRCh38,AGTGCTATCCATGGGT-1
GRCh38,AGTGCTATCCGAGCAT-1
GRCh38,AGTGCTATCCGCCTAC-1
GRCh38,AGTGCTATCCGCTTGC-1
GRCh38,AGTGCTATCCTACATC-1
GRCh38,AGTGCTATCGGAGGTA-1
GRCh38,AGTGGCAAGAACTAAG-1
GRCh38,AGTGGCAAGACGGAGC-1
GRCh38,AGTGGCAAGAGTTGCC-1
GRCh38,AGTGGCAAGCACATCA-1
GRCh38,AGTGGCAAGGCCATTA-1
GRCh38,AGTGGCAAGGGAATTA-1
GRCh38,AGTGGCAAGGGTCTGT-1
GRCh38,AGTGGCAAGGTCGCAT-1
GRCh38,AGTGGCGCAAACACCT-1
GRCh38,AGTGGCGCAAACTCCG-1
GRCh38,AGTGGCGCAACTTAGC-1
GRCh38,AGTGGCGCAAGCTGCC-1
GRCh38,AGTGGCGCACACTCTC-1
GRCh38,AGTGGCGCACGCTGAC-1
GRCh38,AGTGGCGCACGTCGGT-1
GRCh38,AGTGGCGCACTCATTT-1
GRCh38,AGTGGCGCAGCTTCAG-1
GRCh38,AGTGGCGCAGGAGTCG-1
GRCh38,AGTGGCGCAGGTTAGA-1
GRCh38,AGTGGCGCAGTAGCGG-1
GRCh38,AGTGGCTTCACAGGTC-1
GRCh38,AGTGGCTTCAGTAATC-1
GRCh38,AGTGGCTTCCGTATTC-1
GRCh38,AGTGGCTTCGGGTCCA-1
GRCh38,AGTGGCTTCGTCTTCG-1
GRCh38,AGTGGGCAGACAATAG-1
GRCh38,AGTGGGCAGACACCCG-1
GRCh38,AGTGGGCAGACTAATC-1
GRCh38,AGTGGGCAGATCTTCC-1
GRCh38,AGTGGGCAGCCGCGTA-1
GRCh38,AGTGGGCAGCGTGAGA-1
GRCh38,AGTGGGCAGCTCGATA-1
GRCh38,AGTGGGCAGGCTAGAG-1
GRCh38,AGTGGGCAGGGATAGT-1
GRCh38,AGTGGGCAGGGGTTGA-1
GRCh38,AGTGGGCAGGTCGCAT-1
GRCh38,AGTGGGCAGGTCTATG-1
GRCh38,AGTGGGTCAATTGTAT-1
GRCh38,AGTGGGTCACAATGCT-1
GRCh38,AGTGGGTCACACAGCC-1
GRCh38,AGTGGGTCACATCATA-1
GRCh38,AGTGGGTCACCATCGA-1
GRCh38,AGTGGGTCACCGTACA-1
GRCh38,AGTGGGTCAGGAACCG-1
GRCh38,AGTGGGTCAGTAGCGG-1
GRCh38,AGTGGGTCAGTCGGTC-1
GRCh38,AGTGGGTCAGTGCGGA-1
GRCh38,AGTGGTCTCACGGCCA-1
GRCh38,AGTGGTCTCACTACTC-1
GRCh38,AGTGGTCTCAGTTAGT-1
GRCh38,AGTGGTCTCATACCCT-1
GRCh38,AGTGGTCTCCAATGCA-1
GRCh38,AGTGGTCTCCACCCAC-1
GRCh38,AGTGGTCTCCCCACTA-1
GRCh38,AGTGGTCTCCGATGGT-1
GRCh38,AGTGGTCTCCGGACCA-1
GRCh38,AGTGGTCTCCGGGTTG-1
GRCh38,AGTGGTCTCGCTATCT-1
GRCh38,AGTGGTCTCGGATGTC-1
GRCh38,AGTGGTCTCGGCCTCT-1
GRCh38,AGTGGTCTCGTATAGT-1
GRCh38,AGTGTAAAGAACGGGC-1
GRCh38,AGTGTAAAGAACTCAT-1
GRCh38,AGTGTAAAGAAGGTGT-1
GRCh38,AGTGTAAAGCAGGGTA-1
GRCh38,AGTGTAAAGCCCTTGC-1
GRCh38,AGTGTAAAGCCGTCGA-1
GRCh38,AGTGTAAAGCCTAGCG-1
GRCh38,AGTGTAAAGCGATTCA-1
GRCh38,AGTGTAAAGCGCTGCA-1
GRCh38,AGTGTAAAGCGTTAAT-1
GRCh38,AGTGTAAAGGCATAGG-1
GRCh38,AGTGTAAAGGGGGTTA-1
GRCh38,AGTGTAAAGGTATCCA-1
GRCh38,AGTGTACGTAACTTCT-1
GRCh38,AGTGTACGTACTACGG-1
GRCh38,AGTGTACGTAGAGGCG-1
GRCh38,AGTGTACGTCATATTC-1
GRCh38,AGTGTACGTCCAGCCC-1
GRCh38,AGTGTACGTCTTCAAT-1
GRCh38,AGTGTACGTCTTGTCA-1
GRCh38,AGTGTACGTGCCCGAG-1
GRCh38,AGTGTACGTGGATTCG-1
GRCh38,AGTGTACGTGGTAGTT-1
GRCh38,AGTGTACGTGTCGATG-1
GRCh38,AGTGTACGTGTGGCGT-1
GRCh38,AGTGTACGTGTGTCAG-1
GRCh38,AGTGTCGGTAATCTCT-1
GRCh38,AGTGTCGGTACTACTT-1
GRCh38,AGTGTCGGTATTGTAG-1
GRCh38,AGTGTCGGTCTAAGCG-1
GRCh38,AGTGTCGGTCTTGTAT-1
GRCh38,AGTGTCGGTGCTAGAT-1
GRCh38,AGTGTCGGTGGCCTGG-1
GRCh38,AGTGTCTCAACCTACG-1
GRCh38,AGTGTCTCAACGCGAG-1
GRCh38,AGTGTCTCAATGACAG-1
GRCh38,AGTGTCTCAATGTCCG-1
GRCh38,AGTGTCTCACCTGCAA-1
GRCh38,AGTGTCTCACGAGTAA-1
GRCh38,AGTGTCTCACGCGAAG-1
GRCh38,AGTGTCTCACTCGGAC-1
GRCh38,AGTGTGTGTAGCCAGC-1
GRCh38,AGTGTGTGTCATCTAT-1
GRCh38,AGTGTGTGTCATGTGG-1
GRCh38,AGTGTGTGTCCGATAG-1
GRCh38,AGTGTGTGTCGCCGTC-1
GRCh38,AGTGTGTGTGGCACGT-1
GRCh38,AGTGTGTGTGGCCCCT-1
GRCh38,AGTGTGTGTGTACGTG-1
GRCh38,AGTGTTAGTAAACTGC-1
GRCh38,AGTGTTAGTCACGCTT-1
GRCh38,AGTGTTAGTCAGCATG-1
GRCh38,AGTGTTAGTCCCATGT-1
GRCh38,AGTGTTAGTCTAGTAA-1
GRCh38,AGTGTTAGTGGCTAAT-1
GRCh38,AGTGTTAGTGTCCATC-1
GRCh38,AGTGTTAGTGTCGATG-1
GRCh38,AGTGTTCCAACATTAT-1
GRCh38,AGTGTTCCAACGCGAG-1
GRCh38,AGTGTTCCAACGTACT-1
GRCh38,AGTGTTCCAAGCAAAT-1
GRCh38,AGTGTTCCAAGCGTCC-1
GRCh38,AGTGTTCCAAGGACCG-1
GRCh38,AGTGTTCCAAGGGGAA-1
GRCh38,AGTGTTCCAAGTGTTC-1
GRCh38,AGTGTTCCAATCGTAC-1
GRCh38,AGTGTTCCACAAGGCG-1
GRCh38,AGTGTTCCACATGCGC-1
GRCh38,AGTGTTCCACTACTCC-1
GRCh38,AGTGTTCCACTCATAA-1
GRCh38,AGTGTTCCAGCTACAT-1
GRCh38,AGTGTTCCAGGTATCT-1
GRCh38,AGTTAAGAGACAACCC-1
GRCh38,AGTTAAGAGACGTTAT-1
GRCh38,AGTTAAGAGACTGCCG-1
GRCh38,AGTTAAGAGCGAACAG-1
GRCh38,AGTTAAGAGCGTTATG-1
GRCh38,AGTTAAGAGCTGGGTT-1
GRCh38,AGTTAAGAGGCGCTCA-1
GRCh38,AGTTAAGAGGGAGTTG-1
GRCh38,AGTTAAGAGGGGATCA-1
GRCh38,AGTTAAGAGGTAGGGC-1
GRCh38,AGTTACCCAAACCTAC-1
GRCh38,AGTTACCCAACTGAGA-1
GRCh38,AGTTACCCAAGTCCAT-1
GRCh38,AGTTACCCACCTCGAA-1
GRCh38,AGTTACCCACGGGTAG-1
GRCh38,AGTTACCCACTAAAGG-1
GRCh38,AGTTAGAAGAAACCCC-1
GRCh38,AGTTAGAAGAACATAG-1
GRCh38,AGTTAGAAGAGGAGTT-1
GRCh38,AGTTAGAAGATCGTTG-1
GRCh38,AGTTAGAAGCCTTATC-1
GRCh38,AGTTAGAAGCGCCAAT-1
GRCh38,AGTTAGAAGGGACGTA-1
GRCh38,AGTTAGAAGGGGTACA-1
GRCh38,AGTTAGAAGGTATGTT-1
GRCh38,AGTTAGAAGGTGAGTG-1
GRCh38,AGTTAGCGTAATGGGA-1
GRCh38,AGTTAGCGTAGAGTAG-1
GRCh38,AGTTAGCGTATATTGG-1
GRCh38,AGTTAGCGTCAGGGTC-1
GRCh38,AGTTAGCGTCAGGTGC-1
GRCh38,AGTTAGCGTCTGTACC-1
GRCh38,AGTTAGCGTGGATCGC-1
GRCh38,AGTTAGCGTGTCCCTG-1
GRCh38,AGTTAGGCAAAATGAC-1
GRCh38,AGTTAGGCAACTAAGG-1
GRCh38,AGTTAGGCACGAAGTA-1
GRCh38,AGTTAGGCACTCTCCG-1
GRCh38,AGTTAGGCAGTTGGTT-1
GRCh38,AGTTAGTTCAGGGTTC-1
GRCh38,AGTTAGTTCAGTCAGC-1
GRCh38,AGTTAGTTCGTACGGT-1
GRCh38,AGTTAGTTCGTGCAAC-1
GRCh38,AGTTAGTTCGTTGCTT-1
GRCh38,AGTTATATCACCCCGT-1
GRCh38,AGTTATATCAGCTTAG-1
GRCh38,AGTTATATCATTCGTC-1
GRCh38,AGTTATATCATTGGGC-1
GRCh38,AGTTATATCCCATCAT-1
GRCh38,AGTTATATCCTCCAGC-1
GRCh38,AGTTATATCGTAGGTC-1
GRCh38,AGTTATGGTAAACTGC-1
GRCh38,AGTTATGGTAAGTGAG-1
GRCh38,AGTTATGGTAGCAGGG-1
GRCh38,AGTTATGGTAGTACGT-1
GRCh38,AGTTATGGTCAACCTC-1
GRCh38,AGTTATGGTCAATCCC-1
GRCh38,AGTTATGGTGCAATCG-1
GRCh38,AGTTATGGTGTGTTCC-1
GRCh38,AGTTGAAAGAAACCAA-1
GRCh38,AGTTGAAAGATGAGTA-1
GRCh38,AGTTGAAAGATGCTCA-1
GRCh38,AGTTGAAAGCGAAACG-1
GRCh38,AGTTGAAAGCGCTATA-1
GRCh38,AGTTGAAAGCGGCTTG-1
GRCh38,AGTTGAAAGCTAAACT-1
GRCh38,AGTTGAAAGCTATAAC-1
GRCh38,AGTTGAAAGGCTTTAG-1
GRCh38,AGTTGAGCAAAACGCA-1
GRCh38,AGTTGAGCAAAGGCCG-1
GRCh38,AGTTGAGCAAAGTACG-1
GRCh38,AGTTGAGCAACATGGA-1
GRCh38,AGTTGAGCAACTTAGC-1
GRCh38,AGTTGAGCAAGACAGC-1
GRCh38,AGTTGAGCAAGTGCAA-1
GRCh38,AGTTGAGCACAGGCGA-1
GRCh38,AGTTGAGCACAGTGGG-1
GRCh38,AGTTGAGCACCATACG-1
GRCh38,AGTTGCATCCCTCTAG-1
GRCh38,AGTTGCATCCCTGAAA-1
GRCh38,AGTTGCATCGCGTTAA-1
GRCh38,AGTTGCCAGACTATCG-1
GRCh38,AGTTGCCAGAGTTGCC-1
GRCh38,AGTTGCCAGATAGGGT-1
GRCh38,AGTTGCCAGCCATGAC-1
GRCh38,AGTTGCCAGCCTGGCA-1
GRCh38,AGTTGCCAGCCTTAAG-1
GRCh38,AGTTGCCAGCGGCATT-1
GRCh38,AGTTGCCAGCTCCGGA-1
GRCh38,AGTTGCCAGCTGATTG-1
GRCh38,AGTTGCCAGGCCCTGA-1
GRCh38,AGTTGCCAGGGCTTCG-1
GRCh38,AGTTGCCAGGTTATCG-1
GRCh38,AGTTGCGGTAATCGCG-1
GRCh38,AGTTGCGGTCCTAGTC-1
GRCh38,AGTTGCGGTGCTCGGG-1
GRCh38,AGTTGCGGTGGATTGT-1
GRCh38,AGTTGCGGTGGTCTCT-1
GRCh38,AGTTGGCTCACCAAAT-1
GRCh38,AGTTGGCTCACGCGCA-1
GRCh38,AGTTGGCTCATGGACC-1
GRCh38,AGTTGGCTCCATACCT-1
GRCh38,AGTTGGCTCCCGCCAT-1
GRCh38,AGTTGGCTCCTCAGCC-1
GRCh38,AGTTGGCTCCTGCATT-1
GRCh38,AGTTGGCTCGGCCATG-1
GRCh38,AGTTGGGAGAACGTTT-1
GRCh38,AGTTGGGAGAAGCTGG-1
GRCh38,AGTTGGGAGACCTACA-1
GRCh38,AGTTGGGAGATGCCCG-1
GRCh38,AGTTGGGAGCACCAAC-1
GRCh38,AGTTGGGAGCCTGGCA-1
GRCh38,AGTTGGGAGGTCCTTT-1
GRCh38,AGTTGTGTCAACCCTT-1
GRCh38,AGTTGTGTCACTCTTA-1
GRCh38,AGTTGTGTCAGCATTG-1
GRCh38,AGTTGTGTCATAACAC-1
GRCh38,AGTTGTGTCCACCAAA-1
GRCh38,AGTTGTGTCCACTTCG-1
GRCh38,AGTTTAATCAAGGTAA-1
GRCh38,AGTTTAATCACGCAAC-1
GRCh38,AGTTTAATCACTTCCG-1
GRCh38,AGTTTAATCCAGCAGT-1
GRCh38,AGTTTAATCCATTACC-1
GRCh38,AGTTTAATCCCATGCC-1
GRCh38,AGTTTAATCCCTACCA-1
GRCh38,AGTTTAATCCCTATGT-1
GRCh38,AGTTTAATCCCTTGTG-1
GRCh38,AGTTTAATCCTTAACC-1
GRCh38,AGTTTAATCGGAAAGT-1
GRCh38,AGTTTACAGAACGGGC-1
GRCh38,AGTTTACAGACTCAGC-1
GRCh38,AGTTTACAGATAGGGT-1
GRCh38,AGTTTACAGATATCAC-1
GRCh38,AGTTTACAGCAAGGCA-1
GRCh38,AGTTTACAGCAATTAC-1
GRCh38,AGTTTACAGCACGAAG-1
GRCh38,AGTTTACAGCTAAGGG-1
GRCh38,AGTTTACAGCTAATAC-1
GRCh38,AGTTTACAGGGAGTTG-1
GRCh38,AGTTTACAGGGGATCA-1
GRCh38,AGTTTACAGGTCTAGC-1
GRCh38,AGTTTAGGTAACTTCT-1
GRCh38,AGTTTAGGTACATAGC-1
GRCh38,AGTTTAGGTACTCAGG-1
GRCh38,AGTTTAGGTGGAATGA-1
GRCh38,AGTTTAGGTGTGTCGA-1
GRCh38,AGTTTCACAACGCGTC-1
GRCh38,AGTTTCACAACTCCCT-1
GRCh38,AGTTTCACAAGAGAGG-1
GRCh38,AGTTTCACACACGCAC-1
GRCh38,AGTTTCACACCTAGGC-1
GRCh38,AGTTTCACACGTAACT-1
GRCh38,AGTTTCACACGTCGTA-1
GRCh38,AGTTTCACACTATACA-1
GRCh38,AGTTTCACAGTCGCAC-1
GRCh38,AGTTTCACAGTGGCAG-1
GRCh38,AGTTTCCTCACAACTG-1
GRCh38,AGTTTCCTCACGTATG-1
GRCh38,AGTTTCCTCCATCGGG-1
GRCh38,AGTTTCCTCCCTCGGT-1
GRCh38,AGTTTCCTCCTTAGTC-1
GRCh38,AGTTTCCTCGCGCATG-1
GRCh38,AGTTTCCTCGTTGTCT-1
GRCh38,AGTTTCGAGAAAGTGC-1
GRCh38,AGTTTCGAGACAGAAC-1
GRCh38,AGTTTCGAGACATAAG-1
GRCh38,AGTTTCGAGACGGGGT-1
GRCh38,AGTTTCGAGAGCATGG-1
GRCh38,AGTTTCGAGATTAAGG-1
GRCh38,AGTTTCGAGCCCAAGT-1
GRCh38,AGTTTCGAGCTCATGA-1
GRCh38,AGTTTCGAGGCAAAGT-1
GRCh38,AGTTTCGAGGCCATAC-1
GRCh38,AGTTTCGAGGCTAGAG-1
GRCh38,AGTTTGGTCAAAGCAA-1
GRCh38,AGTTTGGTCAAATCTA-1
GRCh38,AGTTTGGTCACCAATG-1
GRCh38,AGTTTGGTCACGCTAA-1
GRCh38,AGTTTGGTCAGTCCTT-1
GRCh38,AGTTTGGTCATGAATC-1
GRCh38,AGTTTGGTCCAATGCA-1
GRCh38,AGTTTGGTCCTATACC-1
GRCh38,ATAACACTCACGTGGT-1
GRCh38,ATAACACTCAGACACC-1
GRCh38,ATAACACTCATGCGTA-1
GRCh38,ATAACACTCCCACAGG-1
GRCh38,ATAACACTCCGAATGC-1
GRCh38,ATAACACTCCGCATAA-1
GRCh38,ATAACACTCCGTGAGT-1
GRCh38,ATAACACTCCTTCTAA-1
GRCh38,ATAACACTCGTCCCTA-1
GRCh38,ATAACAGAGAATGCGG-1
GRCh38,ATAACAGAGAGGGCGT-1
GRCh38,ATAACAGAGCAACATT-1
GRCh38,ATAACAGAGCACCCAG-1
GRCh38,ATAACAGAGCATTCAG-1
GRCh38,ATAACAGAGCCGTAAC-1
GRCh38,ATAACAGAGCCTCTTG-1
GRCh38,ATAACAGAGCGGAATG-1
GRCh38,ATAACAGAGGTAGGAT-1
GRCh38,ATAACAGAGGTATTGT-1
GRCh38,ATAACCCCAAAACTCC-1
GRCh38,ATAACCCCAACGGGAT-1
GRCh38,ATAACCCCAACGTGCC-1
GRCh38,ATAACCCCAATCATGC-1
GRCh38,ATAACCCCACCATAAC-1
GRCh38,ATAACCCCACTTGACG-1
GRCh38,ATAACGAAGAAACTAG-1
GRCh38,ATAACGAAGAACGCGA-1
GRCh38,ATAACGAAGCAATGCC-1
GRCh38,ATAACGAAGCAGCTAC-1
GRCh38,ATAACGAAGCCATCAA-1
GRCh38,ATAACGAAGCTCTCCA-1
GRCh38,ATAACGAAGCTTCGTT-1
GRCh38,ATAACGAAGGCAGGGT-1
GRCh38,ATAACGAAGGTAACCC-1
GRCh38,ATAACGAAGGTATATC-1
GRCh38,ATAACGAAGGTTGGTC-1
GRCh38,ATAACGTTCAACCCTT-1
GRCh38,ATAACGTTCACTCTGT-1
GRCh38,ATAACGTTCACTTAAA-1
GRCh38,ATAACGTTCAGAAGTA-1
GRCh38,ATAACGTTCAGACTGC-1
GRCh38,ATAACGTTCAGGGTCT-1
GRCh38,ATAACGTTCCAGTAAT-1
GRCh38,ATAACGTTCCATGGCG-1
GRCh38,ATAACGTTCCGTTCTG-1
GRCh38,ATAACGTTCCTAATGG-1
GRCh38,ATAACGTTCCTTATGC-1
GRCh38,ATAACGTTCGTACTTC-1
GRCh38,ATAACTATCAATCGTG-1
GRCh38,ATAACTATCATGTAGT-1
GRCh38,ATAACTATCCCTACCA-1
GRCh38,ATAACTATCCTGGGTG-1
GRCh38,ATAACTATCGCCCCAT-1
GRCh38,ATAACTATCGGCTTAA-1
GRCh38,ATAACTATCGGTGGTT-1
GRCh38,ATAACTATCGTGACTA-1
GRCh38,ATAACTATCGTTGCAA-1
GRCh38,ATAACTTCACAGTTCG-1
GRCh38,ATAACTTCAGCGCATC-1
GRCh38,ATAACTTCAGCGTAGG-1
GRCh38,ATAAGACCAACATAGG-1
GRCh38,ATAAGACCAAGCGTTT-1
GRCh38,ATAAGACCAATGCGAA-1
GRCh38,ATAAGACCACACTCAG-1
GRCh38,ATAAGACCACGGCTTA-1
GRCh38,ATAAGACCACTCTAGG-1
GRCh38,ATAAGACCAGCTAGAA-1
GRCh38,ATAAGACCAGTACGCC-1
GRCh38,ATAAGCAAGAACAGAC-1
GRCh38,ATAAGCAAGACATTCG-1
GRCh38,ATAAGCAAGACCCCAG-1
GRCh38,ATAAGCAAGACTGCCG-1
GRCh38,ATAAGCAAGCAGGCTT-1
GRCh38,ATAAGCAAGCATGTTG-1
GRCh38,ATAAGCAAGCTATGGC-1
GRCh38,ATAAGCAAGGCGTCCA-1
GRCh38,ATAAGCAAGGGGTTGA-1
GRCh38,ATAAGCAAGGTATTGT-1
GRCh38,ATAAGCCGTAACCCCT-1
GRCh38,ATAAGCCGTACTCCCG-1
GRCh38,ATAAGCCGTAGCGCGT-1
GRCh38,ATAAGCCGTCAATGCG-1
GRCh38,ATAAGCCGTCAGGTTG-1
GRCh38,ATAAGCCGTCTACAGG-1
GRCh38,ATAAGCCGTCTTGTGC-1
GRCh38,ATAAGCCGTGCTAAGT-1
GRCh38,ATAAGCCGTGGGGTCT-1
GRCh38,ATAAGCCGTGGGTATT-1
GRCh38,ATAAGCCGTGTTGTAA-1
GRCh38,ATAAGCTTCAACAGGG-1
GRCh38,ATAAGCTTCCACTCCA-1
GRCh38,ATAAGCTTCCATTACC-1
GRCh38,ATAAGCTTCCCTGTCA-1
GRCh38,ATAAGCTTCCGTCTAT-1
GRCh38,ATAAGCTTCCTTAATT-1
GRCh38,ATAAGCTTCGCATAAT-1
GRCh38,ATAAGCTTCGCGGATT-1
GRCh38,ATAAGCTTCGGTGTCG-1
GRCh38,ATAAGGGGTAAAGCCT-1
GRCh38,ATAAGGGGTACCACGA-1
GRCh38,ATAAGGGGTACCATCC-1
GRCh38,ATAAGGGGTACTACGG-1
GRCh38,ATAAGGGGTACTTTCG-1
GRCh38,ATAAGGGGTAGAGAAT-1
GRCh38,ATAAGGGGTAGGTTCG-1
GRCh38,ATAAGGGGTCAATGCG-1
GRCh38,ATAAGGGGTCACTATT-1
GRCh38,ATAAGGGGTCCAAAGT-1
GRCh38,ATAAGGGGTCCCTCTC-1
GRCh38,ATAAGGGGTCCTGATC-1
GRCh38,ATAAGGGGTCTAATGA-1
GRCh38,ATAAGGGGTCTGTGAG-1
GRCh38,ATAAGGGGTCTTCTAG-1
GRCh38,ATAAGGTCAAGGCGCA-1
GRCh38,ATAAGGTCAATCGAGA-1
GRCh38,ATAAGGTCACCGTTTC-1
GRCh38,ATAAGGTCACGCGTTA-1
GRCh38,ATAAGGTCACTGGCAC-1
GRCh38,ATAAGGTCAGCCCTAA-1
GRCh38,ATAAGGTCAGTATGTC-1
GRCh38,ATAAGTACAATGGCGG-1
GRCh38,ATAAGTACAATGGGAC-1
GRCh38,ATAAGTACACAAGGCG-1
GRCh38,ATAAGTACACGATAAG-1
GRCh38,ATAAGTACACGGCACT-1
GRCh38,ATAAGTACACTACGCA-1
GRCh38,ATAAGTACAGCATGCC-1
GRCh38,ATAAGTACAGCGTATT-1
GRCh38,ATAAGTACAGCTACCA-1
GRCh38,ATAAGTCTCAAAGCAA-1
GRCh38,ATAAGTCTCAATACGT-1
GRCh38,ATAAGTCTCAATGTGT-1
GRCh38,ATAAGTCTCAATGTTA-1
GRCh38,ATAAGTCTCACACAAT-1
GRCh38,ATAAGTCTCACCTCAT-1
GRCh38,ATAAGTCTCACGCAAC-1
GRCh38,ATAAGTCTCACGGTGT-1
GRCh38,ATAAGTCTCCACCCAC-1
GRCh38,ATAAGTCTCCATAAGT-1
GRCh38,ATAAGTCTCCCGGCAA-1
GRCh38,ATAAGTCTCCCTTTCC-1
GRCh38,ATAAGTCTCCGAACAC-1
GRCh38,ATAAGTCTCCTGTACT-1
GRCh38,ATAAGTCTCGCATTAG-1
GRCh38,ATAAGTCTCGGTTAAT-1
GRCh38,ATAAGTGAGACATATC-1
GRCh38,ATAAGTGAGAGAATTG-1
GRCh38,ATAAGTGAGAGTGCAG-1
GRCh38,ATAAGTGAGATTAACC-1
GRCh38,ATAAGTGAGATTACGT-1
GRCh38,ATAAGTGAGGCTACCG-1
GRCh38,ATAAGTGAGGGAGGTC-1
GRCh38,ATAAGTGAGGGGGTAC-1
GRCh38,ATAATCATCATGAGTT-1
GRCh38,ATAATCATCATGTTAA-1
GRCh38,ATAATCATCCCGCCAT-1
GRCh38,ATAATCATCCCGGCTT-1
GRCh38,ATAATCATCGCCTTGC-1
GRCh38,ATAATCATCGTTGGGT-1
GRCh38,ATAATCATCGTTGTCT-1
GRCh38,ATAATCCAGAAGGCGC-1
GRCh38,ATAATCCAGAAGGCTG-1
GRCh38,ATAATCCAGACCCGCA-1
GRCh38,ATAATCCAGAGTCCAC-1
GRCh38,ATAATCCAGATACCCA-1
GRCh38,ATAATCCAGATTCGAT-1
GRCh38,ATAATCCAGCAAGATA-1
GRCh38,ATAATCCAGCCTGCAG-1
GRCh38,ATAATCGGTCCAGTGA-1
GRCh38,ATAATCGGTCCGCCGT-1
GRCh38,ATAATCGGTCCTATGC-1
GRCh38,ATAATCGGTGCGAAGG-1
GRCh38,ATAATCGGTGGCATGC-1
GRCh38,ATAATCGGTGTCTGAG-1
GRCh38,ATAATCGGTGTGGTCA-1
GRCh38,ATAATGCTCAAACCTG-1
GRCh38,ATAATGCTCAACAGGG-1
GRCh38,ATAATGCTCACATGTG-1
GRCh38,ATAATGCTCACCATCT-1
GRCh38,ATAATGCTCAGGGTCT-1
GRCh38,ATAATGCTCAGTAAAG-1
GRCh38,ATAATGCTCATCACTC-1
GRCh38,ATAATGCTCATGTCAG-1
GRCh38,ATAATGCTCCCATCCA-1
GRCh38,ATAATGCTCGGCGTAT-1
GRCh38,ATAATGCTCGGCTGCA-1
GRCh38,ATAATGCTCGGTTATG-1
GRCh38,ATAATGCTCGGTTCAA-1
GRCh38,ATAATGCTCGTAAGCC-1
GRCh38,ATAATGCTCGTAGCTA-1
GRCh38,ATAATTCCAACACCCA-1
GRCh38,ATAATTCCACCAGTGC-1
GRCh38,ATAATTCCACTAAACC-1
GRCh38,ATAATTCCAGCTAACT-1
GRCh38,ATAATTCCAGTTGGTT-1
GRCh38,ATAATTGTCAAGCCGT-1
GRCh38,ATAATTGTCACTCCCA-1
GRCh38,ATAATTGTCACTCCGC-1
GRCh38,ATAATTGTCACTTCGT-1
GRCh38,ATAATTGTCCAGTAGC-1
GRCh38,ATAATTGTCCGGCACA-1
GRCh38,ATAATTGTCCGTTCTG-1
GRCh38,ATAATTGTCCTTAGCT-1
GRCh38,ATAATTGTCGGTCTAA-1
GRCh38,ATAATTGTCGTCTCCA-1
GRCh38,ATACAACTCAAGCAAA-1
GRCh38,ATACAACTCACACATG-1
GRCh38,ATACAACTCAGCATCA-1
GRCh38,ATACAACTCATCGGCG-1
GRCh38,ATACAACTCCATTCAC-1
GRCh38,ATACAACTCCCACTTG-1
GRCh38,ATACAACTCCTGTATC-1
GRCh38,ATACAACTCGCATACA-1
GRCh38,ATACAACTCGCGGATT-1
GRCh38,ATACAACTCGGTTCGG-1
GRCh38,ATACAAGAGACATAAG-1
GRCh38,ATACAAGAGACTGCCG-1
GRCh38,ATACAAGAGAGGACAT-1
GRCh38,ATACAAGAGATGAGTA-1
GRCh38,ATACAAGAGCATAACT-1
GRCh38,ATACAAGAGCTCAGCG-1
GRCh38,ATACAAGAGGGCCATT-1
GRCh38,ATACAAGAGGGCTGAA-1
GRCh38,ATACAAGAGGGGTTTC-1
GRCh38,ATACAAGAGGTCCAGT-1
GRCh38,ATACAAGAGGTCCTAA-1
GRCh38,ATACACCCAAAAGCAT-1
GRCh38,ATACACCCAAGCGAGT-1
GRCh38,ATACACCCAAGTCTTA-1
GRCh38,ATACACCCAATACGTC-1
GRCh38,ATACACCCACCAAGCC-1
GRCh38,ATACACCCACGTACGC-1
GRCh38,ATACACCCAGCCATAT-1
GRCh38,ATACACCCAGGAACGT-1
GRCh38,ATACAGAAGAACTAGA-1
GRCh38,ATACAGAAGAAGTAGC-1
GRCh38,ATACAGAAGAATGTAG-1
GRCh38,ATACAGAAGACCAGGA-1
GRCh38,ATACAGAAGAGTTTAC-1
GRCh38,ATACAGAAGATCGACC-1
GRCh38,ATACAGAAGATTCGAT-1
GRCh38,ATACAGAAGCAATCCA-1
GRCh38,ATACAGAAGCCTAAGC-1
GRCh38,ATACAGAAGCGAAGTG-1
GRCh38,ATACAGAAGGGCTTCG-1
GRCh38,ATACAGAAGGTCGACT-1
GRCh38,ATACAGCGTAACCGTG-1
GRCh38,ATACAGCGTATATTCC-1
GRCh38,ATACAGCGTATGATGC-1
GRCh38,ATACAGCGTCATCTCA-1
GRCh38,ATACAGCGTCCCTTGG-1
GRCh38,ATACAGCGTGCGCTGG-1
GRCh38,ATACAGCGTGCTCGTT-1
GRCh38,ATACAGCGTGCTTAGG-1
GRCh38,ATACAGCGTGGTGGAG-1
GRCh38,ATACCATAGACACGGA-1
GRCh38,ATACCATAGACATAGA-1
GRCh38,ATACCATAGCAGTCCG-1
GRCh38,ATACCATAGCATCTAG-1
GRCh38,ATACCATAGCCTGCGA-1
GRCh38,ATACCATAGCGCCAAT-1
GRCh38,ATACCATAGCGTGGTT-1
GRCh38,ATACCATAGGGAGAGG-1
GRCh38,ATACCATAGGGCTGAA-1
GRCh38,ATACCCAAGAAGCGGC-1
GRCh38,ATACCCAAGAGCATGG-1
GRCh38,ATACCCAAGATCGTTG-1
GRCh38,ATACCCAAGATTCAGT-1
GRCh38,ATACCCAAGCACGAAG-1
GRCh38,ATACCCAAGCGGATTC-1
GRCh38,ATACCCAAGGGGACGT-1
GRCh38,ATACCCAAGGGGTACA-1
GRCh38,ATACCCAAGGGTAGTG-1
GRCh38,ATACCCCGTAATGGGA-1
GRCh38,ATACCCCGTACCCATC-1
GRCh38,ATACCCCGTATCGTGG-1
GRCh38,ATACCCCGTCAGGTGC-1
GRCh38,ATACCCCGTCCTGCGC-1
GRCh38,ATACCCCGTCCTTAAT-1
GRCh38,ATACCCCGTGCTATCC-1
GRCh38,ATACCCCGTGGGTTGC-1
GRCh38,ATACCCCGTGGTGATT-1
GRCh38,ATACCCGCAAATTTCG-1
GRCh38,ATACCCGCAACATGCT-1
GRCh38,ATACCCGCAAGACGTA-1
GRCh38,ATACCCGCAAGTCCAT-1
GRCh38,ATACCCGCACCAAATC-1
GRCh38,ATACCCGCACCTAGGC-1
GRCh38,ATACCCGCAGCCAAGG-1
GRCh38,ATACCCGCAGGAATCA-1
GRCh38,ATACCCGCAGTGTAAG-1
GRCh38,ATACCCTTCAAGGTAA-1
GRCh38,ATACCCTTCAGCTAAT-1
GRCh38,ATACCCTTCATTGGGC-1
GRCh38,ATACCCTTCCATGCCC-1
GRCh38,ATACCCTTCCCAATTC-1
GRCh38,ATACCCTTCCCGGCTT-1
GRCh38,ATACCCTTCCGCACTC-1
GRCh38,ATACCCTTCCTGGCTC-1
GRCh38,ATACCCTTCGTAGCGT-1
GRCh38,ATACCCTTCGTATCAG-1
GRCh38,ATACCTACAACAATTT-1
GRCh38,ATACCTACAACCAACT-1
GRCh38,ATACCTACAATGGTAG-1
GRCh38,ATACCTACACACGGTC-1
GRCh38,ATACCTACACCTTACC-1
GRCh38,ATACCTACAGCTAATC-1
GRCh38,ATACCTACAGTGTTCG-1
GRCh38,ATACCTACAGTTAACC-1
GRCh38,ATACCTCTCAACCCTT-1
GRCh38,ATACCTCTCACTTACC-1
GRCh38,ATACCTCTCCACACCC-1
GRCh38,ATACCTCTCCCAGCCT-1
GRCh38,ATACCTCTCCCGGCAA-1
GRCh38,ATACCTCTCCGGCACA-1
GRCh38,ATACCTCTCCGTGAGT-1
GRCh38,ATACCTCTCCTTATCA-1
GRCh38,ATACCTCTCCTTCGCA-1
GRCh38,ATACCTCTCGCCTCTA-1
GRCh38,ATACGAAAGAAACCGG-1
GRCh38,ATACGAAAGAAACGCG-1
GRCh38,ATACGAAAGAGGAGCC-1
GRCh38,ATACGAAAGCACAATT-1
GRCh38,ATACGAAAGGGCATAG-1
GRCh38,ATACGCATCAATCGCA-1
GRCh38,ATACGCATCAGACATT-1
GRCh38,ATACGCATCAGTATCG-1
GRCh38,ATACGCATCCAATCAG-1
GRCh38,ATACGCATCCAATCGA-1
GRCh38,ATACGCATCCACAAGC-1
GRCh38,ATACGCATCCCTGCTA-1
GRCh38,ATACGCATCCGAATGC-1
GRCh38,ATACGCATCCTGATTC-1
GRCh38,ATACGCATCGGAGCTT-1
GRCh38,ATACGCATCGGCGTTG-1
GRCh38,ATACGCTCAACACAAG-1
GRCh38,ATACGCTCAACCCTAG-1
GRCh38,ATACGCTCAATACCCG-1
GRCh38,ATACGCTCACACTCAG-1
GRCh38,ATACGCTCACGATGGG-1
GRCh38,ATACGCTCACTCGGGT-1
GRCh38,ATACGCTCACTTAAGC-1
GRCh38,ATACGCTCAGTACAAG-1
GRCh38,ATACGGACAAAAGGCC-1
GRCh38,ATACGGACAACGTGCC-1
GRCh38,ATACGGACAATAAGTA-1
GRCh38,ATACGGACACATAGCT-1
GRCh38,ATACGGACACCTTCTA-1
GRCh38,ATACGGACAGCATCCA-1
GRCh38,ATACGGACAGGGTCTC-1
GRCh38,ATACGGGAGAAGGGTT-1
GRCh38,ATACGGGAGACGTTAT-1
GRCh38,ATACGGGAGATAACGA-1
GRCh38,ATACGGGAGCAGGAGC-1
GRCh38,ATACGGGAGCCTCATT-1
GRCh38,ATACGGGAGCGTACAC-1
GRCh38,ATACGGGAGCTTAGTG-1
GRCh38,ATACGGGAGGCATGGA-1
GRCh38,ATACGGGAGGGAGCTA-1
GRCh38,ATACGGTGTACAGTTA-1
GRCh38,ATACGGTGTACTTAAG-1
GRCh38,ATACGGTGTACTTCAT-1
GRCh38,ATACGGTGTAGCATCG-1
GRCh38,ATACGGTGTATTGGGT-1
GRCh38,ATACGGTGTCCGTCGC-1
GRCh38,ATACGGTGTCCTCTGG-1
GRCh38,ATACGGTGTCGACGGT-1
GRCh38,ATACGGTGTCGCGTGG-1
GRCh38,ATACGGTGTGTCGCCC-1
GRCh38,ATACGTAGTACAAGTC-1
GRCh38,ATACGTAGTAGAGAAT-1
GRCh38,ATACGTAGTATGTTCT-1
GRCh38,ATACGTAGTCATAGGT-1
GRCh38,ATACGTAGTCGGGTTA-1
GRCh38,ATACGTAGTGCACGTA-1
GRCh38,ATACGTAGTGTGTGAT-1
GRCh38,ATACGTAGTGTGTTCC-1
GRCh38,ATACGTCCAAAACGCA-1
GRCh38,ATACGTCCAACTGTCG-1
GRCh38,ATACGTCCAAGTCGAA-1
GRCh38,ATACGTCCACAAGGCG-1
GRCh38,ATACGTCCACACGTCA-1
GRCh38,ATACGTCCACGGTGCT-1
GRCh38,ATACGTCCACTAGGCC-1
GRCh38,ATACGTCCAGCTACAT-1
GRCh38,ATACGTCCAGGACGCA-1
GRCh38,ATACGTCCAGTAAGAT-1
GRCh38,ATACGTCCAGTGCGTC-1
GRCh38,ATACGTCCAGTGTCGC-1
GRCh38,ATACGTGTCACACGTA-1
GRCh38,ATACGTGTCACCATCT-1
GRCh38,ATACGTGTCACGATAT-1
GRCh38,ATACGTGTCAGCGGTT-1
GRCh38,ATACGTGTCAGTAAAG-1
GRCh38,ATACGTGTCCAAGTGC-1
GRCh38,ATACGTGTCCAGCAAC-1
GRCh38,ATACGTGTCCCGAATA-1
GRCh38,ATACGTGTCCCTGCAC-1
GRCh38,ATACGTGTCGGAGGTA-1
GRCh38,ATACTAATCACGTATG-1
GRCh38,ATACTAATCAGCTAAT-1
GRCh38,ATACTAATCAGTGGTC-1
GRCh38,ATACTAATCATGCCTT-1
GRCh38,ATACTAATCATTAATG-1
GRCh38,ATACTAATCCACTACT-1
GRCh38,ATACTAATCCCGACTC-1
GRCh38,ATACTAATCCCTAAAG-1
GRCh38,ATACTAATCCCTACCA-1
GRCh38,ATACTAATCGTCTCGC-1
GRCh38,ATACTAGGTACATAGC-1
GRCh38,ATACTAGGTAGAGTGA-1
GRCh38,ATACTAGGTATGCCAG-1
GRCh38,ATACTAGGTCAAAGGA-1
GRCh38,ATACTAGGTCACGCGG-1
GRCh38,ATACTAGGTCCAACCT-1
GRCh38,ATACTAGGTGGCGAGA-1
GRCh38,ATACTCCTCAATCGGC-1
GRCh38,ATACTCCTCAGCGTAC-1
GRCh38,ATACTCCTCAGTTATA-1
GRCh38,ATACTCCTCCGGCACA-1
GRCh38,ATACTCCTCCGGTGCA-1
GRCh38,ATACTCCTCGTGCAAC-1
GRCh38,ATACTCCTCGTGCGCA-1
GRCh38,ATACTTCGTACCTTAT-1
GRCh38,ATACTTCGTACGGTGC-1
GRCh38,ATACTTCGTACGTTCC-1
GRCh38,ATACTTCGTAGTGCGC-1
GRCh38,ATACTTCGTATTATGG-1
GRCh38,ATACTTCGTCATACCC-1
GRCh38,ATACTTCGTCCAGTGA-1
GRCh38,ATACTTCGTCGAAGTT-1
GRCh38,ATACTTCGTCGACTTC-1
GRCh38,ATACTTCGTGCGATGC-1
GRCh38,ATACTTCGTGCGGGTT-1
GRCh38,ATACTTCGTGTCGCTT-1
GRCh38,ATAGCAGCAACACTCG-1
GRCh38,ATAGCAGCAACTGCGC-1
GRCh38,ATAGCAGCAAGGTTAG-1
GRCh38,ATAGCAGCAATACGCT-1
GRCh38,ATAGCAGCACACATAC-1
GRCh38,ATAGCAGCACCCTTCG-1
GRCh38,ATAGCAGCACCTAAAC-1
GRCh38,ATAGCAGCACGGCACT-1
GRCh38,ATAGCAGCACGGTGTC-1
GRCh38,ATAGCAGCACGTCAGC-1
GRCh38,ATAGCAGCAGTTACCG-1
GRCh38,ATAGCAGCAGTTCTCC-1
GRCh38,ATAGCATTCACACATG-1
GRCh38,ATAGCATTCAGGACTC-1
GRCh38,ATAGCATTCAGTTGCA-1
GRCh38,ATAGCATTCCAATACG-1
GRCh38,ATAGCATTCCAGCTCC-1
GRCh38,ATAGCATTCCCACCTA-1
GRCh38,ATAGCATTCGGTTATG-1
GRCh38,ATAGCATTCGTATCTC-1
GRCh38,ATAGCCTCAAACATGG-1
GRCh38,ATAGCCTCAACCCGAC-1
GRCh38,ATAGCCTCAACTCGCA-1
GRCh38,ATAGCCTCAAGCTGCC-1
GRCh38,ATAGCCTCAATGAAAC-1
GRCh38,ATAGCCTCACGATAAG-1
GRCh38,ATAGCCTCACTAGGCC-1
GRCh38,ATAGCGACAAAAGGCC-1
GRCh38,ATAGCGACAAATTGGG-1
GRCh38,ATAGCGACAAGCAAGC-1
GRCh38,ATAGCGACAAGCCATT-1
GRCh38,ATAGCGACAAGTCCAT-1
GRCh38,ATAGCGACAATACCCG-1
GRCh38,ATAGCGACACAACATC-1
GRCh38,ATAGCGACACATAGCT-1
GRCh38,ATAGCGACACCACGTA-1
GRCh38,ATAGCGACACCGCTAA-1
GRCh38,ATAGCGACACGAAGGT-1
GRCh38,ATAGCGACACGCGACT-1
GRCh38,ATAGCGACAGCCTGAC-1
GRCh38,ATAGCGACAGGATAGC-1
GRCh38,ATAGCGACAGTAACCT-1
GRCh38,ATAGCGCTCAGACTGC-1
GRCh38,ATAGCGCTCAGCCAAC-1
GRCh38,ATAGCGCTCAGCCCTC-1
GRCh38,ATAGCGCTCAGGGCAA-1
GRCh38,ATAGCGCTCATCCCAT-1
GRCh38,ATAGCGCTCATCCCGC-1
GRCh38,ATAGCGCTCATGAGTT-1
GRCh38,ATAGCGCTCATGCAAT-1
GRCh38,ATAGCGCTCCGATGTA-1
GRCh38,ATAGCGCTCCGGCAAT-1
GRCh38,ATAGCGCTCGCACCTC-1
GRCh38,ATAGCGCTCGGACCTG-1
GRCh38,ATAGCGCTCGGCTCCT-1
GRCh38,ATAGCGCTCGTAAATC-1
GRCh38,ATAGCGCTCGTAAGCC-1
GRCh38,ATAGCGGAGAAACCCC-1
GRCh38,ATAGCGGAGAATGCCC-1
GRCh38,ATAGCGGAGAATGCGG-1
GRCh38,ATAGCGGAGACGCTGT-1
GRCh38,ATAGCGGAGATAGTAG-1
GRCh38,ATAGCGGAGCAACAGG-1
GRCh38,ATAGCGGAGCAAGTAA-1
GRCh38,ATAGCGGAGCACCATA-1
GRCh38,ATAGCGGAGCAGGCTT-1
GRCh38,ATAGCGGAGCTACATG-1
GRCh38,ATAGCGGAGCTGACGT-1
GRCh38,ATAGCGGAGGCAAGGC-1
GRCh38,ATAGCGGAGGCATCGT-1
GRCh38,ATAGCGGAGGGGTACA-1
GRCh38,ATAGCGTGTAACGTCG-1
GRCh38,ATAGCGTGTATACCCC-1
GRCh38,ATAGCGTGTCGCCTAT-1
GRCh38,ATAGCGTGTCTTGTGC-1
GRCh38,ATAGCGTGTGGGACTC-1
GRCh38,ATAGGAGGTAAGGTCT-1
GRCh38,ATAGGAGGTACGTGAT-1
GRCh38,ATAGGAGGTATCTCAT-1
GRCh38,ATAGGAGGTCATGTGG-1
GRCh38,ATAGGAGGTCTATGGG-1
GRCh38,ATAGGAGGTCTGCGCC-1
GRCh38,ATAGGAGGTGCATTGG-1
GRCh38,ATAGGAGGTGTCCGCC-1
GRCh38,ATAGGAGGTGTGCCTT-1
GRCh38,ATAGGCACAACTGTCG-1
GRCh38,ATAGGCACAAGTCTCG-1
GRCh38,ATAGGCACACAATGTC-1
GRCh38,ATAGGCACACGAACCC-1
GRCh38,ATAGGCACACGCTGAC-1
GRCh38,ATAGGCACACTCACGA-1
GRCh38,ATAGGCACAGGATCAA-1
GRCh38,ATAGGCACAGTACAAG-1
GRCh38,ATAGGCGAGAACGTAA-1
GRCh38,ATAGGCGAGAACTTGT-1
GRCh38,ATAGGCGAGACCCGAT-1
GRCh38,ATAGGCGAGATGGTAA-1
GRCh38,ATAGGCGAGCACCAAC-1
GRCh38,ATAGGCGAGCATAATC-1
GRCh38,ATAGGCGAGCCTATTC-1
GRCh38,ATAGGCGAGCTATCGA-1
GRCh38,ATAGGCGAGCTGTTGA-1
GRCh38,ATAGGCGAGGCATCGT-1
GRCh38,ATAGGCGAGGTAGTAA-1
GRCh38,ATAGGCGAGGTCTACA-1
GRCh38,ATAGGCTGTAATACTG-1
GRCh38,ATAGGCTGTAGACGGG-1
GRCh38,ATAGGCTGTAGTTGCG-1
GRCh38,ATAGGCTGTCAGTGCA-1
GRCh38,ATAGGCTGTCCCTCTC-1
GRCh38,ATAGGCTGTCGAGTGC-1
GRCh38,ATAGGCTGTGCGGAGA-1
GRCh38,ATAGGCTGTGTAGTGT-1
GRCh38,ATAGGCTGTGTTCAGG-1
GRCh38,ATAGGGAGTACGTTGG-1
GRCh38,ATAGGGAGTAGAGGTA-1
GRCh38,ATAGGGAGTAGCAATC-1
GRCh38,ATAGGGAGTCATAGTA-1
GRCh38,ATAGGGAGTCCGAAAT-1
GRCh38,ATAGGGAGTCTCCGCA-1
GRCh38,ATAGGGAGTCTTAATC-1
GRCh38,ATAGGGAGTGCGAGAG-1
GRCh38,ATAGGGCCAACTATAT-1
GRCh38,ATAGGGCCAATAAGAC-1
GRCh38,ATAGGGCCAATATCAT-1
GRCh38,ATAGGGCCAATCATCA-1
GRCh38,ATAGGGCCAATCGAGA-1
GRCh38,ATAGGGCCAATCGGCC-1
GRCh38,ATAGGGCCACCAGTGC-1
GRCh38,ATAGGGCCACCCTAGA-1
GRCh38,ATAGGGCCACCTGTAG-1
GRCh38,ATAGGGCCAGTACAAG-1
GRCh38,ATAGGGGTCAGACGCT-1
GRCh38,ATAGGGGTCATAGTAC-1
GRCh38,ATAGGGGTCATCAGCA-1
GRCh38,ATAGGGGTCATGGCGT-1
GRCh38,ATAGGGGTCCCAATAG-1
GRCh38,ATAGGGGTCCGTAACA-1
GRCh38,ATAGGGGTCCTAACTC-1
GRCh38,ATAGGGGTCCTGGCTC-1
GRCh38,ATAGGGGTCGGAGTCT-1
GRCh38,ATAGGGGTCGTATGCA-1
GRCh38,ATAGGGGTCGTGCTAA-1
GRCh38,ATAGGGTAGAACGGCA-1
GRCh38,ATAGGGTAGACCCACG-1
GRCh38,ATAGGGTAGCACCATA-1
GRCh38,ATAGGGTAGCCTGGTG-1
GRCh38,ATAGGGTAGCGAAACG-1
GRCh38,ATAGGGTAGCGATTTG-1
GRCh38,ATAGGGTAGCTACTTC-1
GRCh38,ATAGGGTAGCTTGGGT-1
GRCh38,ATAGGGTAGGGAAACT-1
GRCh38,ATAGGGTAGGGAGATT-1
GRCh38,ATAGTAACAACCACAT-1
GRCh38,ATAGTAACAACGATAG-1
GRCh38,ATAGTAACAAGCGAGT-1
GRCh38,ATAGTAACACACGCAC-1
GRCh38,ATAGTAACACATGCGC-1
GRCh38,ATAGTAACACATGGGG-1
GRCh38,ATAGTAACAGCCAACC-1
GRCh38,ATAGTAACAGCCAATT-1
GRCh38,ATAGTACTCACATATA-1
GRCh38,ATAGTACTCATGCTTC-1
GRCh38,ATAGTACTCATGGCGT-1
GRCh38,ATAGTACTCCGAACAC-1
GRCh38,ATAGTACTCCTACTTA-1
GRCh38,ATAGTACTCGCTGTGG-1
GRCh38,ATAGTACTCGTAACCA-1
GRCh38,ATAGTAGAGAAGCATA-1
GRCh38,ATAGTAGAGACCCATA-1
GRCh38,ATAGTAGAGACTCAGC-1
GRCh38,ATAGTAGAGCAGCGTT-1
GRCh38,ATAGTAGAGCGTTTGA-1
GRCh38,ATAGTAGAGGGACGTA-1
GRCh38,ATAGTAGAGGGCATGA-1
GRCh38,ATAGTAGAGGTCGACT-1
GRCh38,ATAGTCAGTAAGCGTT-1
GRCh38,ATAGTCAGTAGCGTTG-1
GRCh38,ATAGTCAGTATCTGGG-1
GRCh38,ATAGTCAGTCCAACTC-1
GRCh38,ATAGTCAGTCGTATGG-1
GRCh38,ATAGTCAGTCGTGTCT-1
GRCh38,ATAGTCAGTCTATCCA-1
GRCh38,ATAGTCAGTGCCTGGG-1
GRCh38,ATAGTCAGTGCGATGC-1
GRCh38,ATAGTCGTCAAACCGC-1
GRCh38,ATAGTCGTCAACTCTC-1
GRCh38,ATAGTCGTCACAGGCT-1
GRCh38,ATAGTCGTCATGAATC-1
GRCh38,ATAGTCGTCATTGGGC-1
GRCh38,ATAGTCGTCCTCGGGA-1
GRCh38,ATAGTCGTCGCATACA-1
GRCh38,ATAGTCGTCGCCCCAT-1
GRCh38,ATAGTGAAGACCCCAG-1
GRCh38,ATAGTGAAGAGGACGC-1
GRCh38,ATAGTGAAGAGGAGTT-1
GRCh38,ATAGTGAAGCCATGGT-1
GRCh38,ATAGTGCGTAATGGTC-1
GRCh38,ATAGTGCGTAGGAGGT-1
GRCh38,ATAGTGCGTCATCGGA-1
GRCh38,ATAGTGCGTCCTACGT-1
GRCh38,ATAGTGCGTCGGATAT-1
GRCh38,ATAGTGCGTGGTCAGC-1
GRCh38,ATAGTGCGTGGTTGGC-1
GRCh38,ATAGTGTTCAAACTTA-1
GRCh38,ATAGTGTTCATATTAG-1
GRCh38,ATAGTGTTCCCGCATC-1
GRCh38,ATAGTGTTCCCGCTGT-1
GRCh38,ATAGTGTTCCGCCCAT-1
GRCh38,ATAGTGTTCCGGCATG-1
GRCh38,ATAGTGTTCCGGTTAA-1
GRCh38,ATAGTGTTCCTCCACA-1
GRCh38,ATAGTGTTCGCGTAGT-1
GRCh38,ATAGTGTTCGGTACTA-1
GRCh38,ATAGTGTTCGGTCTAA-1
GRCh38,ATATACCAGAGGCGTA-1
GRCh38,ATATACCAGAGGGGCT-1
GRCh38,ATATACCAGATCACAT-1
GRCh38,ATATACCAGCATTCGA-1
GRCh38,ATATACCAGGCAAGGC-1
GRCh38,ATATACCAGGCGTCAT-1
GRCh38,ATATACCAGGCTTACA-1
GRCh38,ATATACCAGGGACGTA-1
GRCh38,ATATACCAGGGGTAGC-1
GRCh38,ATATCACAGAACTCAT-1
GRCh38,ATATCACAGAAGCCGA-1
GRCh38,ATATCACAGACAGACG-1
GRCh38,ATATCACAGACCCGCA-1
GRCh38,ATATCACAGATCGGAG-1
GRCh38,ATATCACAGATGCGGA-1
GRCh38,ATATCACAGCAATTAC-1
GRCh38,ATATCACAGCCGATAC-1
GRCh38,ATATCACAGCGATGGA-1
GRCh38,ATATCACAGCGGAATG-1
GRCh38,ATATCACAGCTACGAC-1
GRCh38,ATATCACAGGCAAAGT-1
GRCh38,ATATCACAGGCCATGT-1
GRCh38,ATATCACAGGCCTATA-1
GRCh38,ATATCACAGGCTAAGG-1
GRCh38,ATATCACAGGGAAGCC-1
GRCh38,ATATCACAGGGGCTAA-1
GRCh38,ATATCACAGGTATATC-1
GRCh38,ATATCACAGGTCTACA-1
GRCh38,ATATCAGGTAAACCGT-1
GRCh38,ATATCAGGTAACGAAG-1
GRCh38,ATATCAGGTACGGTGC-1
GRCh38,ATATCAGGTAGTCGCA-1
GRCh38,ATATCAGGTATATCCT-1
GRCh38,ATATCAGGTATGGGCC-1
GRCh38,ATATCAGGTATGTCTT-1
GRCh38,ATATCAGGTATGTGCG-1
GRCh38,ATATCAGGTCCATAGG-1
GRCh38,ATATCAGGTGCTCCGC-1
GRCh38,ATATCAGGTGGAATTC-1
GRCh38,ATATCAGGTGTGGGCT-1
GRCh38,ATATCATCAAAAGGGG-1
GRCh38,ATATCATCAAAGGACC-1
GRCh38,ATATCATCAACATGGA-1
GRCh38,ATATCATCAAGGAATT-1
GRCh38,ATATCATCAATGGACA-1
GRCh38,ATATCATCACATAGTC-1
GRCh38,ATATCATCACCAACGC-1
GRCh38,ATATCATCACCATACG-1
GRCh38,ATATCATCACCGGACT-1
GRCh38,ATATCATCACCGTTAG-1
GRCh38,ATATCATCACCTCACT-1
GRCh38,ATATCATCACGAGCGA-1
GRCh38,ATATCATCAGGCGCAA-1
GRCh38,ATATCATCAGTCCATG-1
GRCh38,ATATCCCTCACAGGCT-1
GRCh38,ATATCCCTCCCCTAAT-1
GRCh38,ATATCCCTCCGTTCGC-1
GRCh38,ATATCCCTCGCATAAT-1
GRCh38,ATATCCCTCGGCTATA-1
GRCh38,ATATCCCTCGTCATCT-1
GRCh38,ATATCCCTCGTTATAA-1
GRCh38,ATATCCCTCGTTCGTT-1
GRCh38,ATATCCTGTAACGAAG-1
GRCh38,ATATCCTGTAGACGTT-1
GRCh38,ATATCCTGTAGAGGCG-1
GRCh38,ATATCCTGTCTGTTAT-1
GRCh38,ATATCCTGTGTGCCGG-1
GRCh38,ATATCTGCAAATGGCA-1
GRCh38,ATATCTGCACATAATT-1
GRCh38,ATATCTGCACTGGCAC-1
GRCh38,ATATCTGCAGGAAACC-1
GRCh38,ATATCTGCAGGAGTTA-1
GRCh38,ATATCTGCAGGATTTC-1
GRCh38,ATATCTGCAGGCGCAA-1
GRCh38,ATATCTGCAGTCCTCT-1
GRCh38,ATATGAGAGAAACGGT-1
GRCh38,ATATGAGAGAAGCGGC-1
GRCh38,ATATGAGAGAGACATA-1
GRCh38,ATATGAGAGATGGCGA-1
GRCh38,ATATGAGAGCAAGCGA-1
GRCh38,ATATGAGAGCAGCCCA-1
GRCh38,ATATGAGAGCCATGCG-1
GRCh38,ATATGAGAGCTAGTGC-1
GRCh38,ATATGAGAGGCAACAG-1
GRCh38,ATATGAGAGGGTACAG-1
GRCh38,ATATGCCCAACAGCCC-1
GRCh38,ATATGCCCAACCACAT-1
GRCh38,ATATGCCCAACCCTCT-1
GRCh38,ATATGCCCAACCTTAA-1
GRCh38,ATATGCCCAACGTCGC-1
GRCh38,ATATGCCCAATGTCCG-1
GRCh38,ATATGCCCACAGTTTA-1
GRCh38,ATATGCCCAGCTACGC-1
GRCh38,ATATGGCGTAGCCTCT-1
GRCh38,ATATGGCGTCATTCTG-1
GRCh38,ATATGGCGTCTCGCAT-1
GRCh38,ATATGGCGTGGTTGTG-1
GRCh38,ATATGGCGTGTATCCC-1
GRCh38,ATATGGCGTGTGCCTT-1
GRCh38,ATATGGTTCACACATG-1
GRCh38,ATATGGTTCACACGTA-1
GRCh38,ATATGGTTCACCTACT-1
GRCh38,ATATGGTTCATTGTCC-1
GRCh38,ATATGGTTCGTCAAAT-1
GRCh38,ATATGGTTCGTGTATG-1
GRCh38,ATATGTATCAAGGGTG-1
GRCh38,ATATGTATCACGTAAT-1
GRCh38,ATATGTATCATCCCCA-1
GRCh38,ATATGTATCCAGTAGC-1
GRCh38,ATATGTATCGGAGTCT-1
GRCh38,ATATGTATCGTATTAA-1
GRCh38,ATATGTGGTAAGCGTT-1
GRCh38,ATATGTGGTAGTATGC-1
GRCh38,ATATGTGGTCCAGGTA-1
GRCh38,ATATGTGGTCGACCCC-1
GRCh38,ATATGTGGTCGAGGAG-1
GRCh38,ATATGTGGTCTAAGGT-1
GRCh38,ATATGTGGTCTGCGCC-1
GRCh38,ATATGTGGTGCGAATT-1
GRCh38,ATATGTGGTGGACCGT-1
GRCh38,ATATGTGGTGTCTCCG-1
GRCh38,ATATGTTCAACGAGGT-1
GRCh38,ATATGTTCAAGCTTTA-1
GRCh38,ATATGTTCAATAAGGT-1
GRCh38,ATATGTTCAATCGTCG-1
GRCh38,ATATGTTCACTGTACG-1
GRCh38,ATATGTTCAGGGTATA-1
GRCh38,ATATTACCAAGGATAT-1
GRCh38,ATATTACCAATAGCGA-1
GRCh38,ATATTACCAATCGGCC-1
GRCh38,ATATTACCACATCAGT-1
GRCh38,ATATTACCACTATGAC-1
GRCh38,ATATTACCAGGACTAA-1
GRCh38,ATATTACCAGGCGCAA-1
GRCh38,ATATTACCAGGCGGTA-1
GRCh38,ATATTAGTCACGACTA-1
GRCh38,ATATTAGTCATAACAC-1
GRCh38,ATATTAGTCATATCCC-1
GRCh38,ATATTAGTCCCAAGTA-1
GRCh38,ATATTAGTCCCATCGC-1
GRCh38,ATATTAGTCCCGAATA-1
GRCh38,ATATTAGTCCGAATCA-1
GRCh38,ATATTAGTCCGGTCGA-1
GRCh38,ATATTAGTCCTGCAAA-1
GRCh38,ATATTAGTCGCCTTGC-1
GRCh38,ATATTAGTCGGCTATA-1
GRCh38,ATATTAGTCGGTATGC-1
GRCh38,ATATTCCGTACAGTTA-1
GRCh38,ATATTCCGTCAGTTAA-1
GRCh38,ATATTCCGTCCATAGG-1
GRCh38,ATATTCCGTCGCTAAG-1
GRCh38,ATATTCCGTCTAAATG-1
GRCh38,ATATTCCGTGGAGCCT-1
GRCh38,ATATTCCGTGTCTTCA-1
GRCh38,ATATTCGCAACCCATG-1
GRCh38,ATATTCGCAATATGCC-1
GRCh38,ATATTCGCACATAGAG-1
GRCh38,ATATTCGCACCCAGAC-1
GRCh38,ATATTCGCACCTAGAT-1
GRCh38,ATATTCGCACCTAGGC-1
GRCh38,ATATTCGCACGCAACC-1
GRCh38,ATATTCGCACTCGAGC-1
GRCh38,ATATTCGCAGGTGATA-1
GRCh38,ATATTCGCAGTAGCGG-1
GRCh38,ATATTGCAGAGCAGCA-1
GRCh38,ATATTGCAGCCTGGCA-1
GRCh38,ATATTGCAGCGCCCAA-1
GRCh38,ATATTGCAGCGCTGTG-1
GRCh38,ATATTGCAGCGTCAGT-1
GRCh38,ATATTGCAGGCGTCAT-1
GRCh38,ATATTGCAGGTAGCTC-1
GRCh38,ATATTGGGTAATTGGC-1
GRCh38,ATATTGGGTACTTCTG-1
GRCh38,ATATTGGGTATCCGAG-1
GRCh38,ATATTGGGTCAGTGCA-1
GRCh38,ATATTGGGTCGTCTGT-1
GRCh38,ATATTGGGTCTCCTGG-1
GRCh38,ATATTGGGTGCCAAAT-1
GRCh38,ATATTGGGTGCGTAGC-1
GRCh38,ATATTGGGTGTCGGGT-1
GRCh38,ATCAACCCAATTCTAG-1
GRCh38,ATCAACCCACTGATTA-1
GRCh38,ATCAACCCAGCGGACA-1
GRCh38,ATCAACCCAGTCCTCT-1
GRCh38,ATCAACCCAGTGCGTC-1
GRCh38,ATCAACCCAGTTAGAG-1
GRCh38,ATCAACCCAGTTAGTC-1
GRCh38,ATCAAGGCAACAGGGT-1
GRCh38,ATCAAGGCACCCTTCG-1
GRCh38,ATCAAGGCACCGTACA-1
GRCh38,ATCAAGGCACCTCATC-1
GRCh38,ATCAAGGCACGATAAG-1
GRCh38,ATCAAGGCACGTACAT-1
GRCh38,ATCAAGGCACTGAAAG-1
GRCh38,ATCAAGGCAGCATGCC-1
GRCh38,ATCAATATCACAACGC-1
GRCh38,ATCAATATCACCCTAT-1
GRCh38,ATCAATATCAGCCGCA-1
GRCh38,ATCAATATCATGGCAC-1
GRCh38,ATCAATATCCCCATGC-1
GRCh38,ATCAATATCCCTACCA-1
GRCh38,ATCAATATCCGGCACA-1
GRCh38,ATCAATATCCTTAATT-1
GRCh38,ATCAATATCGTACCTT-1
GRCh38,ATCAATGGTAACTAGC-1
GRCh38,ATCAATGGTAAGTCCG-1
GRCh38,ATCAATGGTAGCGGGA-1
GRCh38,ATCAATGGTCATAGGT-1
GRCh38,ATCAATGGTCCGTCTG-1
GRCh38,ATCAATGGTCGAAGTT-1
GRCh38,ATCAATGGTCGCTATC-1
GRCh38,ATCAATGGTCTAGCAG-1
GRCh38,ATCAATGGTCTAGTGG-1
GRCh38,ATCAATGGTCTCTAGC-1
GRCh38,ATCAATGGTGGGAGTG-1
GRCh38,ATCAATGGTGTGGCCG-1
GRCh38,ATCAATGGTGTGGTGC-1
GRCh38,ATCAATGGTGTGTCGA-1
GRCh38,ATCACATAGAATGTTC-1
GRCh38,ATCACATAGACATGGG-1
GRCh38,ATCACATAGACGGGTA-1
GRCh38,ATCACATAGAGGCACA-1
GRCh38,ATCACATAGATCCGAC-1
GRCh38,ATCACATAGATGAAGC-1
GRCh38,ATCACATAGCAGTATT-1
GRCh38,ATCACATAGCCAGGTT-1
GRCh38,ATCACATAGCCGTTGG-1
GRCh38,ATCACATAGCGACCAT-1
GRCh38,ATCACATAGCGATGAG-1
GRCh38,ATCACATAGCGCATTA-1
GRCh38,ATCACATAGGCAGGGT-1
GRCh38,ATCACATAGGCTCTAA-1
GRCh38,ATCACATAGGGTATCC-1
GRCh38,ATCACCCGTACATTAG-1
GRCh38,ATCACCCGTAGCGGTC-1
GRCh38,ATCACCCGTCATAGTA-1
GRCh38,ATCACCCGTCCCTTGG-1
GRCh38,ATCACCCGTGGCACGT-1
GRCh38,ATCACCCGTGTCGTGA-1
GRCh38,ATCACGGGTAACAGGA-1
GRCh38,ATCACGGGTAGGCAGG-1
GRCh38,ATCACGGGTATTGTCT-1
GRCh38,ATCACGGGTCCTTATG-1
GRCh38,ATCACGGGTCTAGCTC-1
GRCh38,ATCACGGGTGCTTGCT-1
GRCh38,ATCACGTCAAACCGAA-1
GRCh38,ATCACGTCAAATATAG-1
GRCh38,ATCACGTCAAATATCT-1
GRCh38,ATCACGTCAACTAACC-1
GRCh38,ATCACGTCAAGCCGTC-1
GRCh38,ATCACGTCAGCACGCT-1
GRCh38,ATCACGTCAGCGTATT-1
GRCh38,ATCACGTCAGGAAGCT-1
GRCh38,ATCACGTCAGGTAGCG-1
GRCh38,ATCACGTCAGTCAACT-1
GRCh38,ATCACTACAAAGGCCG-1
GRCh38,ATCACTACACAAGACA-1
GRCh38,ATCACTACACAATGTC-1
GRCh38,ATCACTACACCAACGC-1
GRCh38,ATCACTACACCTATAA-1
GRCh38,ATCACTACACGTCGTA-1
GRCh38,ATCACTACACTCGGAC-1
GRCh38,ATCACTACAGCTTCAG-1
GRCh38,ATCACTCTCAACGTGC-1
GRCh38,ATCACTCTCATAATCA-1
GRCh38,ATCACTCTCCCGAATA-1
GRCh38,ATCACTCTCCCTTCCT-1
GRCh38,ATCACTCTCCGCAATA-1
GRCh38,ATCACTCTCCTAAAGT-1
GRCh38,ATCACTCTCGCAAAGG-1
GRCh38,ATCACTCTCGCCACTC-1
GRCh38,ATCAGAGCAAAACGCA-1
GRCh38,ATCAGAGCAAGACGAC-1
GRCh38,ATCAGAGCAATACGCT-1
GRCh38,ATCAGAGCAATCTCTT-1
GRCh38,ATCAGAGCACAAGCGG-1
GRCh38,ATCAGAGCACACATAC-1
GRCh38,ATCAGAGCACCAGGCT-1
GRCh38,ATCAGAGCACGGTGTC-1
GRCh38,ATCAGAGCAGCCTTTC-1
GRCh38,ATCAGAGCAGTCCATG-1
GRCh38,ATCAGAGCAGTTGGTT-1
GRCh38,ATCAGCATCAACGTGC-1
GRCh38,ATCAGCATCACGTCAA-1
GRCh38,ATCAGCATCACTGCAA-1
GRCh38,ATCAGCATCAGCCGTG-1
GRCh38,ATCAGCATCAGGGGTA-1
GRCh38,ATCAGCATCAGTGATT-1
GRCh38,ATCAGCATCCCTAGTT-1
GRCh38,ATCAGCATCGGCGATT-1
GRCh38,ATCAGCATCGGCTTGG-1
GRCh38,ATCAGCGGTAACATGC-1
GRCh38,ATCAGCGGTAGTTGCG-1
GRCh38,ATCAGCGGTCAATTAG-1
GRCh38,ATCAGCGGTCAATTCT-1
GRCh38,ATCAGCGGTCATCGAG-1
GRCh38,ATCAGCGGTCCACGGG-1
GRCh38,ATCAGCGGTCCAGAAT-1
GRCh38,ATCAGCGGTCGCATCT-1
GRCh38,ATCAGCGGTCGGTGTA-1
GRCh38,ATCAGCGGTCTGTTGC-1
GRCh38,ATCAGCGGTGCTACAG-1
GRCh38,ATCAGCGGTGGCTTGA-1
GRCh38,ATCAGCGGTGTCCCAT-1
GRCh38,ATCAGCGGTGTGTCGA-1
GRCh38,ATCAGCTCAAACGGTA-1
GRCh38,ATCAGCTCAAATATCT-1
GRCh38,ATCAGCTCAACAATTT-1
GRCh38,ATCAGCTCAACCCGAC-1
GRCh38,ATCAGCTCAAGTGGCG-1
GRCh38,ATCAGCTCACAGGCGA-1
GRCh38,ATCAGCTCACATTCCC-1
GRCh38,ATCAGCTCACCAGACC-1
GRCh38,ATCAGCTCACTATAGC-1
GRCh38,ATCAGCTCACTATGAC-1
GRCh38,ATCAGCTCACTCTAGG-1
GRCh38,ATCAGCTCAGCATGAA-1
GRCh38,ATCAGCTCAGCCAACC-1
GRCh38,ATCAGGACAAAGCCGG-1
GRCh38,ATCAGGACAAATTCGC-1
GRCh38,ATCAGGACAACTCCGA-1
GRCh38,ATCAGGACAATAACTT-1
GRCh38,ATCAGGACAATACACC-1
GRCh38,ATCAGGACACATCGGC-1
GRCh38,ATCAGGACACTAAGCT-1
GRCh38,ATCAGGACAGCAAGAC-1
GRCh38,ATCAGGACAGGTTTCG-1
GRCh38,ATCAGGCTCAGACTCA-1
GRCh38,ATCAGGCTCAGCGGTT-1
GRCh38,ATCAGGCTCCCACGCT-1
GRCh38,ATCAGGCTCCGGCTTC-1
GRCh38,ATCAGGCTCCGGGCTA-1
GRCh38,ATCAGGCTCGCCCTTA-1
GRCh38,ATCAGGCTCGCTCCGT-1
GRCh38,ATCAGGCTCGGATTGC-1
GRCh38,ATCAGGCTCGGGCCTA-1
GRCh38,ATCAGGCTCGTCAAAT-1
GRCh38,ATCAGGGAGAAGGGCC-1
GRCh38,ATCAGGGAGAATGTAG-1
GRCh38,ATCAGGGAGAGTAATG-1
GRCh38,ATCAGGGAGCTAAGCC-1
GRCh38,ATCAGGGAGCTAGTTG-1
GRCh38,ATCAGGGAGCTTGTGA-1
GRCh38,ATCAGGGAGGCATAGG-1
GRCh38,ATCAGGGAGGCCCGTA-1
GRCh38,ATCAGGGAGGTATAGA-1
GRCh38,ATCAGGGAGGTGCTAC-1
GRCh38,ATCAGGTGTAGGCATT-1
GRCh38,ATCAGGTGTAGTACGT-1
GRCh38,ATCAGGTGTATATCCT-1
GRCh38,ATCAGGTGTATCTTCG-1
GRCh38,ATCAGGTGTATGCAGT-1
GRCh38,ATCAGGTGTATGCTGG-1
GRCh38,ATCAGGTGTCCGTTGT-1
GRCh38,ATCAGGTGTCCTGTCG-1
GRCh38,ATCAGGTGTCGCTAAG-1
GRCh38,ATCAGGTGTCTAAGCG-1
GRCh38,ATCAGGTGTCTAGTAA-1
GRCh38,ATCAGGTGTGGCTTCT-1
GRCh38,ATCAGGTGTGGTCAAT-1
GRCh38,ATCAGGTGTGTCTATT-1
GRCh38,ATCAGTAGTACCTGCT-1
GRCh38,ATCAGTAGTAGCGGAG-1
GRCh38,ATCAGTAGTAGTATGC-1
GRCh38,ATCAGTAGTATGGAGA-1
GRCh38,ATCAGTAGTATGGGTT-1
GRCh38,ATCAGTAGTATTATCC-1
GRCh38,ATCAGTAGTCAGTAGT-1
GRCh38,ATCAGTAGTCATCTTG-1
GRCh38,ATCAGTAGTCCAGTGA-1
GRCh38,ATCAGTAGTCGTGGGT-1
GRCh38,ATCAGTAGTGGTGTAT-1
GRCh38,ATCAGTAGTGTTCAGG-1
GRCh38,ATCAGTCCAACACTAC-1
GRCh38,ATCAGTCCAACCTACG-1
GRCh38,ATCAGTCCAACGCACC-1
GRCh38,ATCAGTCCAATACGTC-1
GRCh38,ATCAGTCCACAACGAA-1
GRCh38,ATCAGTCCACCTCAGA-1
GRCh38,ATCAGTCCACGCGCAT-1
GRCh38,ATCAGTCCACTAAATT-1
GRCh38,ATCAGTCCACTATTCT-1
GRCh38,ATCAGTCCAGCGGTAG-1
GRCh38,ATCAGTCCAGTAAGAT-1
GRCh38,ATCAGTCCAGTATACC-1
GRCh38,ATCATCACAAATACAA-1
GRCh38,ATCATCACACAACAGA-1
GRCh38,ATCATCACACAGGTAA-1
GRCh38,ATCATCACACAGTTTA-1
GRCh38,ATCATCACACCGTAAT-1
GRCh38,ATCATCACACCTGCAA-1
GRCh38,ATCATCACACGACCTA-1
GRCh38,ATCATCACAGCAGCCT-1
GRCh38,ATCATCACAGCATCAT-1
GRCh38,ATCATCACAGGCTCTA-1
GRCh38,ATCATCCTCAAGCCTA-1
GRCh38,ATCATCCTCACGGTTA-1
GRCh38,ATCATCCTCAGCCTCC-1
GRCh38,ATCATCCTCATGGTTG-1
GRCh38,ATCATCCTCCCTTTAA-1
GRCh38,ATCATCCTCCGAATTG-1
GRCh38,ATCATCCTCCTGCACC-1
GRCh38,ATCATCCTCGCCCTAC-1
GRCh38,ATCATCGAGAGCGATG-1
GRCh38,ATCATCGAGAGTGGGC-1
GRCh38,ATCATCGAGCAAACCC-1
GRCh38,ATCATCGAGCGAAGAT-1
GRCh38,ATCATCGAGCTAAGCC-1
GRCh38,ATCATCGAGGGATGAT-1
GRCh38,ATCATCTGTAAATCTG-1
GRCh38,ATCATCTGTAGCTGGC-1
GRCh38,ATCATCTGTCAACCTC-1
GRCh38,ATCATCTGTCCTTATG-1
GRCh38,ATCATCTGTCTAGCAG-1
GRCh38,ATCATCTGTCTGTCTA-1
GRCh38,ATCATCTGTGGCAAGG-1
GRCh38,ATCATCTGTGTTACTT-1
GRCh38,ATCATGAGTAAGTGCT-1
GRCh38,ATCATGAGTACAAGAG-1
GRCh38,ATCATGAGTAGTCTCC-1
GRCh38,ATCATGAGTATACGTA-1
GRCh38,ATCATGAGTATCCCTA-1
GRCh38,ATCATGAGTATGTTAG-1
GRCh38,ATCATGAGTCCAGAAT-1
GRCh38,ATCATGAGTCCTTTAG-1
GRCh38,ATCATGAGTCTCATAT-1
GRCh38,ATCATGAGTCTTGGAG-1
GRCh38,ATCATGAGTGGGTTGC-1
GRCh38,ATCATGCCAAACTACC-1
GRCh38,ATCATGCCAAATCGGA-1
GRCh38,ATCATGCCAACAATGG-1
GRCh38,ATCATGCCAAGGATCA-1
GRCh38,ATCATGCCACATGCCA-1
GRCh38,ATCATGCCACCTTCCG-1
GRCh38,ATCATGCCACGATAGA-1
GRCh38,ATCATGCCACTCGAGC-1
GRCh38,ATCATGCCACTGGCAC-1
GRCh38,ATCATTCGTACATAGC-1
GRCh38,ATCATTCGTCCCTCTC-1
GRCh38,ATCATTCGTCCTATGC-1
GRCh38,ATCATTCGTCTAACCC-1
GRCh38,ATCATTCGTGCGGAGA-1
GRCh38,ATCATTCGTGGCGAAG-1
GRCh38,ATCATTCGTGGGTTGC-1
GRCh38,ATCATTCGTGTAACGT-1
GRCh38,ATCATTCGTGTGTTAA-1
GRCh38,ATCATTGCAAACGCGG-1
GRCh38,ATCATTGCAACAACCT-1
GRCh38,ATCATTGCAACGCTCA-1
GRCh38,ATCATTGCACCCACAA-1
GRCh38,ATCATTGCACCGCATA-1
GRCh38,ATCATTGCACTTAACA-1
GRCh38,ATCATTGCAGCTAACT-1
GRCh38,ATCCAACCAAATTTCG-1
GRCh38,ATCCAACCAAGTCGAA-1
GRCh38,ATCCAACCAATACGGA-1
GRCh38,ATCCAACCAATCAGCT-1
GRCh38,ATCCAACCAATGCACT-1
GRCh38,ATCCAACCACACAATC-1
GRCh38,ATCCAACCACACTAAC-1
GRCh38,ATCCAACCACAGCAGG-1
GRCh38,ATCCAACCACCATAAC-1
GRCh38,ATCCAACCACGCATAT-1
GRCh38,ATCCAACCACGTTAGT-1
GRCh38,ATCCAACCACTACGAT-1
GRCh38,ATCCAACCACTGGAGG-1
GRCh38,ATCCAACCAGCACGCT-1
GRCh38,ATCCAACCAGTACGAA-1
GRCh38,ATCCAATAGAGAATTG-1
GRCh38,ATCCAATAGAGTTGAA-1
GRCh38,ATCCAATAGATAACAG-1
GRCh38,ATCCAATAGCAGTAGG-1
GRCh38,ATCCAATAGCATGTCA-1
GRCh38,ATCCAATAGCCACGAT-1
GRCh38,ATCCAATAGCGAATGG-1
GRCh38,ATCCAATAGCGCTTGG-1
GRCh38,ATCCAATAGCTCTCCA-1
GRCh38,ATCCAATAGGTATCCA-1
GRCh38,ATCCAATAGGTATGGG-1
GRCh38,ATCCACAAGAACGGCA-1
GRCh38,ATCCACAAGAGGGACC-1
GRCh38,ATCCACAAGATAACGA-1
GRCh38,ATCCACAAGATGGTGG-1
GRCh38,ATCCACAAGCAGCTAC-1
GRCh38,ATCCACAAGCGGATTC-1
GRCh38,ATCCACAAGCGTAGAG-1
GRCh38,ATCCACAAGCGTCTAA-1
GRCh38,ATCCACAAGCTAGGTC-1
GRCh38,ATCCACAAGCTATTGG-1
GRCh38,ATCCACAAGGTATGGG-1
GRCh38,ATCCACAAGGTGGGTA-1
GRCh38,ATCCAGGGTATAGTCA-1
GRCh38,ATCCAGGGTCAACCTC-1
GRCh38,ATCCAGGGTCACGGGT-1
GRCh38,ATCCAGGGTCCAGAAT-1
GRCh38,ATCCAGGGTCTAAGTA-1
GRCh38,ATCCAGGGTCTTATAC-1
GRCh38,ATCCAGGGTGGAATTC-1
GRCh38,ATCCCAAAGATTACGT-1
GRCh38,ATCCCAAAGCACTTAG-1
GRCh38,ATCCCAAAGCTAACAT-1
GRCh38,ATCCCATTCAAATGCT-1
GRCh38,ATCCCATTCACGTCGG-1
GRCh38,ATCCCATTCAGCCATA-1
GRCh38,ATCCCATTCATTAATG-1
GRCh38,ATCCCATTCCTGGGTG-1
GRCh38,ATCCCATTCGGATTGC-1
GRCh38,ATCCCATTCGTATCAG-1
GRCh38,ATCCCATTCGTTCACT-1
GRCh38,ATCCCCATCAACCAAT-1
GRCh38,ATCCCCATCAATGTTA-1
GRCh38,ATCCCCATCACTTACC-1
GRCh38,ATCCCCATCAGTGGTC-1
GRCh38,ATCCCCATCCAATCGA-1
GRCh38,ATCCCCATCCATTGTC-1
GRCh38,ATCCCCATCGCGTTAA-1
GRCh38,ATCCCCATCGGAAAGT-1
GRCh38,ATCCCCATCGGGCTCA-1
GRCh38,ATCCCCATCGTCAACA-1
GRCh38,ATCCCCGGTAACGTCG-1
GRCh38,ATCCCCGGTACGGTTG-1
GRCh38,ATCCCCGGTCCGGCCT-1
GRCh38,ATCCCCGGTCGTAGGC-1
GRCh38,ATCCCCGGTCTCTAAT-1
GRCh38,ATCCCCGGTGGGACCT-1
GRCh38,ATCCCGACAAACACCT-1
GRCh38,ATCCCGACACAGTCGC-1
GRCh38,ATCCCGACACATTCGG-1
GRCh38,ATCCCGACACCGTTAG-1
GRCh38,ATCCCGACACTAGAAG-1
GRCh38,ATCCCGACACTATCCC-1
GRCh38,ATCCCGACAGCTTCGA-1
GRCh38,ATCCCGACAGGATGAC-1
GRCh38,ATCCCGACAGTTGAGA-1
GRCh38,ATCCCGCTCACAACTG-1
GRCh38,ATCCCGCTCACGAGCT-1
GRCh38,ATCCCGCTCACGCATA-1
GRCh38,ATCCCGCTCAGCACTA-1
GRCh38,ATCCCGCTCATCCTAC-1
GRCh38,ATCCCGCTCCAATGTG-1
GRCh38,ATCCCGCTCCATTGTC-1
GRCh38,ATCCCGCTCGCAACTA-1
GRCh38,ATCCCGCTCGCGTCGA-1
GRCh38,ATCCCTAGTAAGGTTC-1
GRCh38,ATCCCTAGTACTACTT-1
GRCh38,ATCCCTAGTATACAGC-1
GRCh38,ATCCCTAGTATCCGAG-1
GRCh38,ATCCCTAGTATGAAGG-1
GRCh38,ATCCCTAGTCCAGATG-1
GRCh38,ATCCCTAGTCCCAATC-1
GRCh38,ATCCCTAGTGTCCCAT-1
GRCh38,ATCCCTAGTGTCGGCG-1
GRCh38,ATCCCTAGTGTTCTCA-1
GRCh38,ATCCGACAGAAGTACA-1
GRCh38,ATCCGACAGACCTATG-1
GRCh38,ATCCGACAGAGCCTGT-1
GRCh38,ATCCGACAGAGCGGTA-1
GRCh38,ATCCGACAGCAATATC-1
GRCh38,ATCCGACAGCCATCAA-1
GRCh38,ATCCGACAGCGTTATG-1
GRCh38,ATCCGACAGCTTAGTG-1
GRCh38,ATCCGACAGGCATACC-1
GRCh38,ATCCGACAGGCTTGCG-1
GRCh38,ATCCGACAGGGTCTGT-1
GRCh38,ATCCGACAGGTAATAG-1
GRCh38,ATCCGAGGTATAGGGA-1
GRCh38,ATCCGAGGTCCGTCTG-1
GRCh38,ATCCGAGGTCGCTCTG-1
GRCh38,ATCCGAGGTCGGGTTA-1
GRCh38,ATCCGAGGTCTATCGC-1
GRCh38,ATCCGAGGTCTGATAA-1
GRCh38,ATCCGAGGTGGCATTG-1
GRCh38,ATCCGCACAAAGCATG-1
GRCh38,ATCCGCACAACATGTC-1
GRCh38,ATCCGCACAACTCTCC-1
GRCh38,ATCCGCACACAGGTAA-1
GRCh38,ATCCGCACACATCAGT-1
GRCh38,ATCCGCACACCATTAA-1
GRCh38,ATCCGCACACGTAGCC-1
GRCh38,ATCCGCACACTATGAC-1
GRCh38,ATCCGCACAGCCAAGG-1
GRCh38,ATCCGCACAGGACACG-1
GRCh38,ATCCGCACAGTAGTAG-1
GRCh38,ATCCGCACAGTCTATA-1
GRCh38,ATCCGCACAGTTGATC-1
GRCh38,ATCCGCCTCATCCCAT-1
GRCh38,ATCCGCCTCCATTCCG-1
GRCh38,ATCCGCCTCCCATATC-1
GRCh38,ATCCGCCTCCGACTCC-1
GRCh38,ATCCGCCTCCGGGTAT-1
GRCh38,ATCCGCCTCCTACTTA-1
GRCh38,ATCCGCCTCGCACGTG-1
GRCh38,ATCCGCCTCGCGGTAT-1
GRCh38,ATCCGCCTCGGACTTA-1
GRCh38,ATCCGCCTCGTCGAGT-1
GRCh38,ATCCGCCTCGTTACCT-1
GRCh38,ATCCGCCTCGTTGCTT-1
GRCh38,ATCCGCTGTAATTCAG-1
GRCh38,ATCCGCTGTACAAGCT-1
GRCh38,ATCCGCTGTACGTCTC-1
GRCh38,ATCCGCTGTATAGTCA-1
GRCh38,ATCCGCTGTATATCCT-1
GRCh38,ATCCGCTGTCAGTGCA-1
GRCh38,ATCCGCTGTGGGTATT-1
GRCh38,ATCCGCTGTGTCCGCC-1
GRCh38,ATCCGGAGTAAACGCT-1
GRCh38,ATCCGGAGTAAGGTCT-1
GRCh38,ATCCGGAGTAATCCCC-1
GRCh38,ATCCGGAGTACGCATG-1
GRCh38,ATCCGGAGTACGGTCA-1
GRCh38,ATCCGGAGTATTGCCC-1
GRCh38,ATCCGGAGTCAATCCC-1
GRCh38,ATCCGGAGTCATAGGT-1
GRCh38,ATCCGGAGTCCCTTGG-1
GRCh38,ATCCGGAGTCCTCTCC-1
GRCh38,ATCCGGAGTCTGGAAT-1
GRCh38,ATCCGGAGTGCTATCC-1
GRCh38,ATCCGGAGTGGAATGA-1
GRCh38,ATCCGGAGTGTTATGA-1
GRCh38,ATCCGGAGTGTTGGGC-1
GRCh38,ATCCGGCCAATCATGC-1
GRCh38,ATCCGGCCACACTCTC-1
GRCh38,ATCCGGCCACCTACTC-1
GRCh38,ATCCGGCCAGCATTAC-1
GRCh38,ATCCGGCCAGCTCTAG-1
GRCh38,ATCCGTAAGAAACGTA-1
GRCh38,ATCCGTAAGACCATGC-1
GRCh38,ATCCGTAAGCAAAGCG-1
GRCh38,ATCCGTAAGCAATCCA-1
GRCh38,ATCCGTAAGCGCATCG-1
GRCh38,ATCCGTAAGGCATCCG-1
GRCh38,ATCCGTAAGGCGAATG-1
GRCh38,ATCCGTCGTAGGAAAT-1
GRCh38,ATCCGTCGTCAAGGCC-1
GRCh38,ATCCGTCGTCAAGTTA-1
GRCh38,ATCCGTCGTCAGTATA-1
GRCh38,ATCCGTCGTCATCATT-1
GRCh38,ATCCGTCGTCGGGGTT-1
GRCh38,ATCCGTCGTCTAATTC-1
GRCh38,ATCCGTCGTCTCGGTT-1
GRCh38,ATCCGTCGTGGGTGAG-1
GRCh38,ATCCGTCGTGGTATGT-1
GRCh38,ATCCGTTTCAAACCAT-1
GRCh38,ATCCGTTTCCCCTTAG-1
GRCh38,ATCCGTTTCCGATGTA-1
GRCh38,ATCCGTTTCGCAAGCT-1
GRCh38,ATCCGTTTCGCCATGG-1
GRCh38,ATCCGTTTCGGCGATT-1
GRCh38,ATCCTAACAAAATCAA-1
GRCh38,ATCCTAACAAAGGGAG-1
GRCh38,ATCCTAACAAGGTAAT-1
GRCh38,ATCCTAACAATACGGA-1
GRCh38,ATCCTAACAATCATCA-1
GRCh38,ATCCTAACAATCTCTT-1
GRCh38,ATCCTAACACCTGCTT-1
GRCh38,ATCCTAACACTCAATA-1
GRCh38,ATCCTAACAGTTGGGG-1
GRCh38,ATCCTACTCACAGCGT-1
GRCh38,ATCCTACTCACTTACC-1
GRCh38,ATCCTACTCAGCATAT-1
GRCh38,ATCCTACTCAGTATCG-1
GRCh38,ATCCTACTCATTAATG-1
GRCh38,ATCCTACTCCCGCCAT-1
GRCh38,ATCCTACTCGCGCGTA-1
GRCh38,ATCCTACTCGCTGTGG-1
GRCh38,ATCCTACTCGTCTTAC-1
GRCh38,ATCCTACTCGTGCGTG-1
GRCh38,ATCCTAGAGACCTACA-1
GRCh38,ATCCTAGAGAGGCGAC-1
GRCh38,ATCCTAGAGAGTGTAA-1
GRCh38,ATCCTAGAGATGCTCA-1
GRCh38,ATCCTAGAGATGGAGT-1
GRCh38,ATCCTAGAGCACATCA-1
GRCh38,ATCCTAGAGCACGCCA-1
GRCh38,ATCCTAGAGCACTGTA-1
GRCh38,ATCCTAGAGCATTACG-1
GRCh38,ATCCTAGAGGCCATTA-1
GRCh38,ATCCTAGAGGCTCATA-1
GRCh38,ATCCTAGAGGGTAGGC-1
GRCh38,ATCCTAGAGGTAGAGT-1
GRCh38,ATCCTAGAGGTCATCA-1
GRCh38,ATCCTAGAGGTCTGCG-1
GRCh38,ATCCTATGTAAGGGAC-1
GRCh38,ATCCTATGTACTGCAG-1
GRCh38,ATCCTATGTAGAGTGA-1
GRCh38,ATCCTATGTAGGCGCT-1
GRCh38,ATCCTATGTATGCGAT-1
GRCh38,ATCCTATGTATTCAGA-1
GRCh38,ATCCTATGTCACGAAT-1
GRCh38,ATCCTATGTCCGTCGC-1
GRCh38,ATCCTATGTCGCATAG-1
GRCh38,ATCCTATGTCGTAGAT-1
GRCh38,ATCCTATGTGCCCGTC-1
GRCh38,ATCCTATGTGGATGGG-1
GRCh38,ATCCTATGTGGGGTTC-1
GRCh38,ATCCTATGTGGTTTAA-1
GRCh38,ATCCTATGTGTCGTAG-1
GRCh38,ATCCTGAAGACCAGGA-1
GRCh38,ATCCTGAAGAGGCCAA-1
GRCh38,ATCCTGAAGCAAGAGT-1
GRCh38,ATCCTGAAGCCTTAGA-1
GRCh38,ATCCTGAAGCTCGATA-1
GRCh38,ATCCTGAAGGCACAAG-1
GRCh38,ATCCTGAAGGCTTGAC-1
GRCh38,ATCCTGCGTAAAGCTC-1
GRCh38,ATCCTGCGTAAAGTGG-1
GRCh38,ATCCTGCGTACGCGCG-1
GRCh38,ATCCTGCGTACTAATG-1
GRCh38,ATCCTGCGTATTACCT-1
GRCh38,ATCCTGCGTCGTCAGA-1
GRCh38,ATCCTGCGTCTCGAAG-1
GRCh38,ATCCTGCGTCTTATGT-1
GRCh38,ATCCTGCGTGGAAAGC-1
GRCh38,ATCCTGCGTGGGTCTA-1
GRCh38,ATCCTTATCAACGTAT-1
GRCh38,ATCCTTATCAGTTTGG-1
GRCh38,ATCCTTATCCAAATCG-1
GRCh38,ATCCTTATCCCACAGG-1
GRCh38,ATCCTTATCCGTATAG-1
GRCh38,ATCCTTATCCTGCGTC-1
GRCh38,ATCCTTATCGCATAGC-1
GRCh38,ATCCTTATCGTAACGC-1
GRCh38,ATCGAAGCAATGGGCG-1
GRCh38,ATCGAAGCACAAGCCC-1
GRCh38,ATCGAAGCAGTATGTC-1
GRCh38,ATCGAAGCAGTGAGGT-1
GRCh38,ATCGAAGCAGTGGCAG-1
GRCh38,ATCGACATCAATCGCA-1
GRCh38,ATCGACATCAATGCGC-1
GRCh38,ATCGACATCAGGTGTC-1
GRCh38,ATCGACATCAGTATTA-1
GRCh38,ATCGACATCAGTCGCG-1
GRCh38,ATCGACATCAGTTTAA-1
GRCh38,ATCGACATCCCGGTTC-1
GRCh38,ATCGACATCCGCTACC-1
GRCh38,ATCGACATCCTAGCTT-1
GRCh38,ATCGACATCCTGGGTG-1
GRCh38,ATCGACATCGCGCCTT-1
GRCh38,ATCGACATCGCTATAG-1
GRCh38,ATCGACCAGAATGCAA-1
GRCh38,ATCGACCAGATACCCA-1
GRCh38,ATCGACCAGCAGGCTT-1
GRCh38,ATCGACCAGGTCATCA-1
GRCh38,ATCGACTCAAAATCTT-1
GRCh38,ATCGACTCAAACGTTC-1
GRCh38,ATCGACTCAAAGTACG-1
GRCh38,ATCGACTCAACGGGAT-1
GRCh38,ATCGACTCAAGCGAAC-1
GRCh38,ATCGACTCAAGTGCAA-1
GRCh38,ATCGACTCACCAAGGG-1
GRCh38,ATCGACTCACCCTAGA-1
GRCh38,ATCGACTCACCCTATC-1
GRCh38,ATCGACTCACCTCATC-1
GRCh38,ATCGACTCACGCACTA-1
GRCh38,ATCGACTCAGCGGTAG-1
GRCh38,ATCGACTCAGGAATCA-1
GRCh38,ATCGAGACAAAAGCGC-1
GRCh38,ATCGAGACAAAATGGT-1
GRCh38,ATCGAGACAAATATCT-1
GRCh38,ATCGAGACAAATTGCC-1
GRCh38,ATCGAGACAATGCTTA-1
GRCh38,ATCGAGACAATGGACA-1
GRCh38,ATCGAGACACCGGAAG-1
GRCh38,ATCGAGACACGTATCG-1
GRCh38,ATCGAGACACTATGAC-1
GRCh38,ATCGAGACAGCTATTA-1
GRCh38,ATCGAGACAGGGATTA-1
GRCh38,ATCGAGACAGTATGCT-1
GRCh38,ATCGAGACAGTGAGCG-1
GRCh38,ATCGAGTGTAATCCGG-1
GRCh38,ATCGAGTGTACGTTCC-1
GRCh38,ATCGAGTGTAGACGTT-1
GRCh38,ATCGAGTGTCAGTATA-1
GRCh38,ATCGAGTGTCCTACGT-1
GRCh38,ATCGAGTGTCTATCGC-1
GRCh38,ATCGAGTGTCTCTCGG-1
GRCh38,ATCGAGTGTGCCTTCG-1
GRCh38,ATCGAGTGTGTCTAGG-1
GRCh38,ATCGATTAGACAAGCG-1
GRCh38,ATCGATTAGAGAATTG-1
GRCh38,ATCGATTAGCGAAGTG-1
GRCh38,ATCGATTAGGCAAGGC-1
GRCh38,ATCGATTAGGTATATC-1
GRCh38,ATCGATTAGGTCATCA-1
GRCh38,ATCGATTAGGTCATGC-1
GRCh38,ATCGCAGGTCGGTGTA-1
GRCh38,ATCGCAGGTGGGTCTA-1
GRCh38,ATCGCAGGTGTGCCCC-1
GRCh38,ATCGCAGGTGTGGATT-1
GRCh38,ATCGCAGGTGTTACCC-1
GRCh38,ATCGCATCAACAGCCC-1
GRCh38,ATCGCATCAACTCGGC-1
GRCh38,ATCGCATCAAGCCATT-1
GRCh38,ATCGCATCACACATAC-1
GRCh38,ATCGCATCACATAGCT-1
GRCh38,ATCGCATCACCATTAA-1
GRCh38,ATCGCATCACCTCTTA-1
GRCh38,ATCGCATCACTTAAAT-1
GRCh38,ATCGCATCAGGACTAA-1
GRCh38,ATCGCATCAGGCTCTA-1
GRCh38,ATCGCATCAGTATTAT-1
GRCh38,ATCGCCACAAATTCCA-1
GRCh38,ATCGCCACAACCTCTC-1
GRCh38,ATCGCCACAATGCGAA-1
GRCh38,ATCGCCACACAACTTA-1
GRCh38,ATCGCCACACTATAGC-1
GRCh38,ATCGCCACACTTCTAT-1
GRCh38,ATCGCCACAGGAATAT-1
GRCh38,ATCGCCACAGGTAAGC-1
GRCh38,ATCGCCACAGTCCTAG-1
GRCh38,ATCGCCCTCACGCAGT-1
GRCh38,ATCGCCCTCAGGTTCA-1
GRCh38,ATCGCCCTCCTGGGCA-1
GRCh38,ATCGCCCTCCTTCGCA-1
GRCh38,ATCGCCCTCGCTATCT-1
GRCh38,ATCGCCCTCGCTCCTA-1
GRCh38,ATCGCCCTCGGCGCTA-1
GRCh38,ATCGCCCTCGGTTTAG-1
GRCh38,ATCGCGAGTAAAGTGG-1
GRCh38,ATCGCGAGTAAGTAGG-1
GRCh38,ATCGCGAGTATCTCAT-1
GRCh38,ATCGCGAGTATGGCCA-1
GRCh38,ATCGCGAGTCACGCTT-1
GRCh38,ATCGCGAGTCTATGTT-1
GRCh38,ATCGCGAGTCTGCAAG-1
GRCh38,ATCGCGAGTCTGGATG-1
GRCh38,ATCGCGCCAAAAGCGC-1
GRCh38,ATCGCGCCAACCCCAA-1
GRCh38,ATCGCGCCAACGAAGC-1
GRCh38,ATCGCGCCAACGGTCC-1
GRCh38,ATCGCGCCAAGCTATC-1
GRCh38,ATCGCGCCAAGTCTCG-1
GRCh38,ATCGCGCCAATTACGC-1
GRCh38,ATCGCGCCACGGGTAG-1
GRCh38,ATCGCGCCACGTACAT-1
GRCh38,ATCGCGCCACTAGCGC-1
GRCh38,ATCGCGCCACTCCTAC-1
GRCh38,ATCGCGCCAGCATGCC-1
GRCh38,ATCGCGGTCACAACTG-1
GRCh38,ATCGCGGTCCAATCAG-1
GRCh38,ATCGCGGTCCAGTCCC-1
GRCh38,ATCGCGGTCCCACTAT-1
GRCh38,ATCGCGGTCCCTTCCT-1
GRCh38,ATCGCGGTCCTGTCAT-1
GRCh38,ATCGCGGTCGCGCATG-1
GRCh38,ATCGCGGTCGTAACTG-1
GRCh38,ATCGCGGTCGTTGCAA-1
GRCh38,ATCGCGTAGCGCCTGA-1
GRCh38,ATCGCGTAGCTGTAAT-1
GRCh38,ATCGCTCGTAAGGCCC-1
GRCh38,ATCGCTCGTAGGAATG-1
GRCh38,ATCGCTCGTAGTTTAG-1
GRCh38,ATCGCTCGTATGTCGG-1
GRCh38,ATCGCTCGTCACGCCC-1
GRCh38,ATCGCTCGTCGACGTA-1
GRCh38,ATCGCTCGTCTCGCAT-1
GRCh38,ATCGCTCGTCTTGTCA-1
GRCh38,ATCGCTCGTGCCCTAT-1
GRCh38,ATCGCTCGTGCGGTTA-1
GRCh38,ATCGCTCGTGTTAGCG-1
GRCh38,ATCGCTTTCAATGCGC-1
GRCh38,ATCGCTTTCACTTTCA-1
GRCh38,ATCGCTTTCAGCCCTC-1
GRCh38,ATCGCTTTCATGATGT-1
GRCh38,ATCGCTTTCATTGGCA-1
GRCh38,ATCGCTTTCCATAGGC-1
GRCh38,ATCGCTTTCCCATCTG-1
GRCh38,ATCGCTTTCCCTACAT-1
GRCh38,ATCGCTTTCCGCATGG-1
GRCh38,ATCGCTTTCCGGCATG-1
GRCh38,ATCGCTTTCGCAAAGG-1
GRCh38,ATCGCTTTCGCAATAT-1
GRCh38,ATCGCTTTCGCATAGC-1
GRCh38,ATCGCTTTCGCCCGTT-1
GRCh38,ATCGCTTTCGCGTGTG-1
GRCh38,ATCGCTTTCGGTGCAT-1
GRCh38,ATCGCTTTCGTAGATT-1
GRCh38,ATCGGACTCAATTATG-1
GRCh38,ATCGGACTCACTCATC-1
GRCh38,ATCGGACTCATTAAGC-1
GRCh38,ATCGGACTCCCTACGC-1
GRCh38,ATCGGACTCGGACCTG-1
GRCh38,ATCGGACTCGGTATTG-1
GRCh38,ATCGGACTCGTACGGT-1
GRCh38,ATCGGACTCGTACGTA-1
GRCh38,ATCGGACTCGTAGCTA-1
GRCh38,ATCGGAGAGAACGGAT-1
GRCh38,ATCGGAGAGACAGTTT-1
GRCh38,ATCGGAGAGACCTGCG-1
GRCh38,ATCGGAGAGACGGGGT-1
GRCh38,ATCGGAGAGATCCACA-1
GRCh38,ATCGGAGAGATGGTAA-1
GRCh38,ATCGGAGAGCCATATG-1
GRCh38,ATCGGAGAGCCCATTT-1
GRCh38,ATCGGAGAGCGGTTCG-1
GRCh38,ATCGGAGAGCTACAAT-1
GRCh38,ATCGGAGAGCTCGAAC-1
GRCh38,ATCGGAGAGGCCATGT-1
GRCh38,ATCGGAGAGGGGTTTC-1
GRCh38,ATCGGCCCAAAGCAAT-1
GRCh38,ATCGGCCCAACAACAG-1
GRCh38,ATCGGCCCAACCCGTA-1
GRCh38,ATCGGCCCAACTGAAG-1
GRCh38,ATCGGCCCACAACTTA-1
GRCh38,ATCGGCCCACGTTCAG-1
GRCh38,ATCGGCCCAGCTAAAG-1
GRCh38,ATCGGCCCAGCTACGC-1
GRCh38,ATCGGCCCAGGTATTC-1
GRCh38,ATCGGCGTCAAACCGC-1
GRCh38,ATCGGCGTCACGGGTT-1
GRCh38,ATCGGCGTCCAAATCG-1
GRCh38,ATCGGCGTCCACACCC-1
GRCh38,ATCGGCGTCCAGTACA-1
GRCh38,ATCGGCGTCCATCGGG-1
GRCh38,ATCGGCGTCCCTAGTT-1
GRCh38,ATCGGCGTCCGCTTCA-1
GRCh38,ATCGGCGTCCTTCATA-1
GRCh38,ATCGGCGTCGCTAAAT-1
GRCh38,ATCGGGCGTAAGCATC-1
GRCh38,ATCGGGCGTACAAGTC-1
GRCh38,ATCGGGCGTACATATG-1
GRCh38,ATCGGGCGTAGAGAAT-1
GRCh38,ATCGGGCGTATACAGC-1
GRCh38,ATCGGGCGTATCCCTA-1
GRCh38,ATCGGGCGTATCGAGT-1
GRCh38,ATCGGGCGTATCGTGG-1
GRCh38,ATCGGGCGTCCTCGAT-1
GRCh38,ATCGGGCGTCTAGGGC-1
GRCh38,ATCGGGCGTGCCTGCC-1
GRCh38,ATCGGGCGTGCTGTCT-1
GRCh38,ATCGGGCGTGGGGCTT-1
GRCh38,ATCGGGCGTGTTAGGT-1
GRCh38,ATCGGGCGTGTTGCGA-1
GRCh38,ATCGGGGCAACATGTC-1
GRCh38,ATCGGGGCAACCTAGT-1
GRCh38,ATCGGGGCAACGCAGG-1
GRCh38,ATCGGGGCAAGCGGCA-1
GRCh38,ATCGGGGCAAGTGTCT-1
GRCh38,ATCGGGGCAATGCCGC-1
GRCh38,ATCGGGGCACAATCCG-1
GRCh38,ATCGGGGCACAATTCA-1
GRCh38,ATCGGGGCACTAAGCT-1
GRCh38,ATCGGGGCAGTCAAGA-1
GRCh38,ATCGGGTTCAACTGCA-1
GRCh38,ATCGGGTTCACCACTT-1
GRCh38,ATCGGGTTCACGCTAA-1
GRCh38,ATCGGGTTCAGACAGG-1
GRCh38,ATCGGGTTCATGGGCT-1
GRCh38,ATCGGGTTCCCAATTC-1
GRCh38,ATCGGGTTCCTTATCA-1
GRCh38,ATCGGGTTCGTTCACT-1
GRCh38,ATCGGGTTCGTTCATC-1
GRCh38,ATCGGTCAGACTGCGT-1
GRCh38,ATCGGTCAGCACTGCG-1
GRCh38,ATCGGTCAGCCGTCAG-1
GRCh38,ATCGGTCAGCTGCACG-1
GRCh38,ATCGGTCAGCTGCATA-1
GRCh38,ATCGGTCAGGCGAAGC-1
GRCh38,ATCGGTCAGGTGTCCG-1
GRCh38,ATCGTACCAACAGCGG-1
GRCh38,ATCGTACCAACCAAGA-1
GRCh38,ATCGTACCACATCTCC-1
GRCh38,ATCGTACCACGATAGA-1
GRCh38,ATCGTACCACGTTTCC-1
GRCh38,ATCGTATAGACCTATG-1
GRCh38,ATCGTATAGATAGGCG-1
GRCh38,ATCGTATAGATGCGGA-1
GRCh38,ATCGTATAGATTCGAT-1
GRCh38,ATCGTATAGGTCCGAT-1
GRCh38,ATCGTCGCAACAACCT-1
GRCh38,ATCGTCGCAACAGAAT-1
GRCh38,ATCGTCGCAACTCGCA-1
GRCh38,ATCGTCGCACAATACC-1
GRCh38,ATCGTCGCACCACACA-1
GRCh38,ATCGTCGCACCCATAG-1
GRCh38,ATCGTCGCACCTTACC-1
GRCh38,ATCGTCGCACTAAGGA-1
GRCh38,ATCGTCGCACTGTAAC-1
GRCh38,ATCGTCGCAGCAACCC-1
GRCh38,ATCGTCGCAGCAAGAC-1
GRCh38,ATCGTGGGTAAGCGTT-1
GRCh38,ATCGTGGGTATCCAGG-1
GRCh38,ATCGTGGGTATCTTCG-1
GRCh38,ATCGTGGGTCGTCTTA-1
GRCh38,ATCGTGGGTCTTAGGG-1
GRCh38,ATCGTGGGTGTGTTAA-1
GRCh38,ATCGTGGGTGTTGTGG-1
GRCh38,ATCGTTGAGAACCCAC-1
GRCh38,ATCGTTGAGAACCCCG-1
GRCh38,ATCGTTGAGACAAGAC-1
GRCh38,ATCGTTGAGACCCGCA-1
GRCh38,ATCGTTGAGATACGAA-1
GRCh38,ATCGTTGAGATGGCGA-1
GRCh38,ATCGTTGAGCCACTAA-1
GRCh38,ATCGTTGAGCCAGGTT-1
GRCh38,ATCGTTGAGCGTGTCG-1
GRCh38,ATCGTTGAGCTAGTCA-1
GRCh38,ATCGTTGAGGCGAGTA-1
GRCh38,ATCTCACTCACACTTC-1
GRCh38,ATCTCACTCAGCCATA-1
GRCh38,ATCTCACTCATAAGTC-1
GRCh38,ATCTCACTCATATGGT-1
GRCh38,ATCTCACTCCAAGTAT-1
GRCh38,ATCTCACTCCCATCTG-1
GRCh38,ATCTCACTCCGGTGCA-1
GRCh38,ATCTCACTCCTAGCCC-1
GRCh38,ATCTCACTCGGGTTCG-1
GRCh38,ATCTCACTCGGTCATA-1
GRCh38,ATCTCACTCGTACTTC-1
GRCh38,ATCTCACTCGTCACCC-1
GRCh38,ATCTCATGTACCCCTG-1
GRCh38,ATCTCATGTACCTATT-1
GRCh38,ATCTCATGTACCTTTG-1
GRCh38,ATCTCATGTACTCATT-1
GRCh38,ATCTCATGTAGGAATG-1
GRCh38,ATCTCATGTATCCTAT-1
GRCh38,ATCTCATGTATGGGCC-1
GRCh38,ATCTCATGTCCAGCTT-1
GRCh38,ATCTCATGTGCGGAGA-1
GRCh38,ATCTCATGTGTCATGG-1
GRCh38,ATCTCATGTGTTAGGT-1
GRCh38,ATCTCCGTCAAAGGTA-1
GRCh38,ATCTCCGTCACCAATG-1
GRCh38,ATCTCCGTCAGGGTCT-1
GRCh38,ATCTCCGTCATAATTG-1
GRCh38,ATCTCCGTCCAACATG-1
GRCh38,ATCTCCGTCCATACCT-1
GRCh38,ATCTCCGTCCTGTCGC-1
GRCh38,ATCTCCGTCGCGTCAG-1
GRCh38,ATCTCCGTCGCTGGCA-1
GRCh38,ATCTCCGTCGGTTCCC-1
GRCh38,ATCTCCGTCGTTAGGC-1
GRCh38,ATCTCGAAGACGAACG-1
GRCh38,ATCTCGAAGATTGGTT-1
GRCh38,ATCTCGAAGCATTGCA-1
GRCh38,ATCTCGAAGCCGCAAT-1
GRCh38,ATCTCGAAGCGTAGCT-1
GRCh38,ATCTCGAAGGCCCACA-1
GRCh38,ATCTCGAAGGCGAAGC-1
GRCh38,ATCTCGAAGGCTCAGT-1
GRCh38,ATCTCGAAGGTCGTAC-1
GRCh38,ATCTCGCGTATCAATG-1
GRCh38,ATCTCGCGTATTCGTT-1
GRCh38,ATCTCGCGTCGCTTCG-1
GRCh38,ATCTCGCGTCTAATTC-1
GRCh38,ATCTCGCGTGCCTTGT-1
GRCh38,ATCTCGCGTGCGAAGG-1
GRCh38,ATCTCGCGTGGAAAGC-1
GRCh38,ATCTCGCGTGTCGGCG-1
GRCh38,ATCTCTATCACACACA-1
GRCh38,ATCTCTATCACGCAGT-1
GRCh38,ATCTCTATCACTGCAA-1
GRCh38,ATCTCTATCAGTTGGC-1
GRCh38,ATCTCTATCCACAAGC-1
GRCh38,ATCTCTATCGGTTCAA-1
GRCh38,ATCTCTGGTAACTCCC-1
GRCh38,ATCTCTGGTATGCCGA-1
GRCh38,ATCTCTGGTCACTTTG-1
GRCh38,ATCTCTGGTCCCTCTC-1
GRCh38,ATCTCTGGTCGCTAAG-1
GRCh38,ATCTCTGGTCGTCTTA-1
GRCh38,ATCTCTGGTCTAGGTG-1
GRCh38,ATCTCTGGTGGCTTCT-1
GRCh38,ATCTCTTCAACACGGG-1
GRCh38,ATCTCTTCAATACGCT-1
GRCh38,ATCTCTTCAATGCTCG-1
GRCh38,ATCTCTTCACATTCAA-1
GRCh38,ATCTCTTCACCTTCCG-1
GRCh38,ATCTCTTCACCTTTCA-1
GRCh38,ATCTCTTCACTATAGC-1
GRCh38,ATCTCTTCAGTATACC-1
GRCh38,ATCTCTTCAGTCGCAC-1
GRCh38,ATCTGACCAAAAGGGG-1
GRCh38,ATCTGACCAACGTAAG-1
GRCh38,ATCTGACCAACGTACT-1
GRCh38,ATCTGACCAAGGCCGA-1
GRCh38,ATCTGACCAAGGCTCC-1
GRCh38,ATCTGACCAATGGGAC-1
GRCh38,ATCTGACCACGCCATA-1
GRCh38,ATCTGACCAGTAAGAT-1
GRCh38,ATCTGCAAGACGCCCA-1
GRCh38,ATCTGCAAGCCCAGCA-1
GRCh38,ATCTGCAAGCGCTGTG-1
GRCh38,ATCTGCCGTAAATCCA-1
GRCh38,ATCTGCCGTAATTGGC-1
GRCh38,ATCTGCCGTAGACGTT-1
GRCh38,ATCTGCCGTAGTGTGT-1
GRCh38,ATCTGCCGTATGAAGG-1
GRCh38,ATCTGCCGTCAGTTAA-1
GRCh38,ATCTGCCGTCTGTACC-1
GRCh38,ATCTGCCGTGGAATTC-1
GRCh38,ATCTGCCGTGGATCGC-1
GRCh38,ATCTGGGGTAAATGGG-1
GRCh38,ATCTGGGGTATAGTCA-1
GRCh38,ATCTGGGGTATCGCAG-1
GRCh38,ATCTGGGGTCAGGCGT-1
GRCh38,ATCTGGGGTCCAGTTC-1
GRCh38,ATCTGGGGTCCTTAAT-1
GRCh38,ATCTGGGGTCTAACCC-1
GRCh38,ATCTGGGGTCTGTATT-1
GRCh38,ATCTGGGGTGGCCTGG-1
GRCh38,ATCTGGGGTGTAGGTT-1
GRCh38,ATCTGGGGTGTCCCCA-1
GRCh38,ATCTGTTGTACGGGCT-1
GRCh38,ATCTGTTGTATGGGCC-1
GRCh38,ATCTGTTGTATTATCC-1
GRCh38,ATCTGTTGTCCAGGGT-1
GRCh38,ATCTGTTGTCGTAGGC-1
GRCh38,ATCTGTTGTCTACGGA-1
GRCh38,ATCTGTTGTGCGGGTT-1
GRCh38,ATCTGTTGTGGTATGT-1
GRCh38,ATCTTAGCAAAACCGA-1
GRCh38,ATCTTAGCAAATACAA-1
GRCh38,ATCTTAGCAAGAGAGG-1
GRCh38,ATCTTAGCAAGGCTCC-1
GRCh38,ATCTTAGCACAGCGTC-1
GRCh38,ATCTTAGCACCCTAGA-1
GRCh38,ATCTTAGCACCGCAGT-1
GRCh38,ATCTTAGCACCTATAA-1
GRCh38,ATCTTAGCAGCGTGAG-1
GRCh38,ATCTTCATCAATCGCA-1
GRCh38,ATCTTCATCACAATAC-1
GRCh38,ATCTTCATCACCCAAA-1
GRCh38,ATCTTCATCACCTCAT-1
GRCh38,ATCTTCATCCCTTTCC-1
GRCh38,ATCTTCATCCGATCAA-1
GRCh38,ATCTTCATCGGTTGTA-1
GRCh38,ATCTTCATCGTGCAGT-1
GRCh38,ATCTTCCAGAAGGGCC-1
GRCh38,ATCTTCCAGATGAGGT-1
GRCh38,ATCTTCCAGCCAGCAT-1
GRCh38,ATCTTCCAGGCAGTGA-1
GRCh38,ATCTTCCAGGCCCCAA-1
GRCh38,ATCTTCCAGGCGGAGT-1
GRCh38,ATCTTCCAGGCTAAGG-1
GRCh38,ATCTTCCAGGGCTAAG-1
GRCh38,ATCTTCGGTACAAGGA-1
GRCh38,ATCTTCGGTATGAGAG-1
GRCh38,ATCTTCGGTATGGTCG-1
GRCh38,ATCTTCGGTATGGTTA-1
GRCh38,ATCTTCGGTATTCAGA-1
GRCh38,ATCTTCGGTCTACAGG-1
GRCh38,ATCTTCGGTCTAGTAA-1
GRCh38,ATCTTCGGTGCTACCT-1
GRCh38,ATCTTCGGTGCTCCGC-1
GRCh38,ATCTTCGGTGCTTAGG-1
GRCh38,ATCTTCGGTGTCCCTG-1
GRCh38,ATCTTGGAGAAAGCCG-1
GRCh38,ATCTTGGAGAGGCTGA-1
GRCh38,ATCTTGGAGATAGCGG-1
GRCh38,ATCTTGGAGCAAATGA-1
GRCh38,ATCTTGGAGCGACCAT-1
GRCh38,ATCTTGGAGCGGATAG-1
GRCh38,ATCTTGGAGGCGTAGA-1
GRCh38,ATCTTGGAGGGATAGT-1
GRCh38,ATCTTGGAGGTCGTAC-1
GRCh38,ATCTTGTGTAAGTTTG-1
GRCh38,ATCTTGTGTACAATTG-1
GRCh38,ATCTTGTGTACGGTCA-1
GRCh38,ATCTTGTGTATGAAGG-1
GRCh38,ATCTTGTGTCCGAAAT-1
GRCh38,ATCTTGTGTCTAACCC-1
GRCh38,ATCTTGTGTGCCTATC-1
GRCh38,ATCTTGTGTGCTGGGT-1
GRCh38,ATCTTGTGTGGCGTTA-1
GRCh38,ATCTTGTGTGGCTTAG-1
GRCh38,ATCTTGTGTGTGCATG-1
GRCh38,ATCTTGTGTGTGCGTA-1
GRCh38,ATGAAACCAAACCACT-1
GRCh38,ATGAAACCAAACCATC-1
GRCh38,ATGAAACCAAATTGAA-1
GRCh38,ATGAAACCAACGTCCA-1
GRCh38,ATGAAACCAAGGGACT-1
GRCh38,ATGAAACCAAGTGTCT-1
GRCh38,ATGAAACCAGCTCCAA-1
GRCh38,ATGAAAGTCACCACTT-1
GRCh38,ATGAAAGTCACTGACA-1
GRCh38,ATGAAAGTCATAATGC-1
GRCh38,ATGAAAGTCATACTCC-1
GRCh38,ATGAAAGTCATATTAG-1
GRCh38,ATGAAAGTCATGGTTG-1
GRCh38,ATGAAAGTCATTAATG-1
GRCh38,ATGAAAGTCCGATCGG-1
GRCh38,ATGAAAGTCCTACGCC-1
GRCh38,ATGAAAGTCCTCGCAC-1
GRCh38,ATGAAAGTCCTTCGCA-1
GRCh38,ATGAAAGTCGCACGTG-1
GRCh38,ATGAAAGTCGTCAACA-1
GRCh38,ATGAAGCAGACCAATT-1
GRCh38,ATGAAGCAGAGCATTT-1
GRCh38,ATGAAGCAGATGGGTG-1
GRCh38,ATGAAGCAGCCGCCAA-1
GRCh38,ATGAAGCAGCGACAAG-1
GRCh38,ATGAAGCAGCGGAATG-1
GRCh38,ATGAAGCAGGGCTGAA-1
GRCh38,ATGAAGCAGGGGCTTT-1
GRCh38,ATGAAGGGTAACGCAT-1
GRCh38,ATGAAGGGTACCACAG-1
GRCh38,ATGAAGGGTAGTGTTA-1
GRCh38,ATGAAGGGTATAGTCA-1
GRCh38,ATGAAGGGTCACTTAT-1
GRCh38,ATGAAGGGTCCAGATG-1
GRCh38,ATGAAGGGTCCGGTAA-1
GRCh38,ATGAAGGGTCGAGGGA-1
GRCh38,ATGAAGGGTCTCTAGC-1
GRCh38,ATGAAGGGTGCATCAG-1
GRCh38,ATGAATACAAACATTT-1
GRCh38,ATGAATACAAACCACT-1
GRCh38,ATGAATACAAATTACT-1
GRCh38,ATGAATACACAATTAT-1
GRCh38,ATGAATACACCGTAAT-1
GRCh38,ATGAATACACCTAAAC-1
GRCh38,ATGAATACACGATGTT-1
GRCh38,ATGAATACACGCGCAT-1
GRCh38,ATGAATACAGCTAGGG-1
GRCh38,ATGAATACAGGTCTAT-1
GRCh38,ATGAATACAGTGTTAC-1
GRCh38,ATGAATCTCACACAAT-1
GRCh38,ATGAATCTCACATCAG-1
GRCh38,ATGAATCTCACGCATA-1
GRCh38,ATGAATCTCAGCATTG-1
GRCh38,ATGAATCTCAGGTGTC-1
GRCh38,ATGAATCTCATGCGGT-1
GRCh38,ATGAATCTCATGGCTA-1
GRCh38,ATGAATCTCCACACCC-1
GRCh38,ATGAATCTCGCGGATT-1
GRCh38,ATGAATCTCGCTTCAT-1
GRCh38,ATGAATCTCGGTCCTC-1
GRCh38,ATGAATCTCGTAATCG-1
GRCh38,ATGACAGCAAACTCAC-1
GRCh38,ATGACAGCAAATGACG-1
GRCh38,ATGACAGCAAGGATAT-1
GRCh38,ATGACAGCAAGGCTCC-1
GRCh38,ATGACAGCACGATAGA-1
GRCh38,ATGACAGCACGCAACC-1
GRCh38,ATGACAGCACGTAGAA-1
GRCh38,ATGACAGCAGTGATTC-1
GRCh38,ATGACAGCAGTTCAGT-1
GRCh38,ATGACCATCAAACCCA-1
GRCh38,ATGACCATCAACCATG-1
GRCh38,ATGACCATCATGGACC-1
GRCh38,ATGACCATCCAGTATG-1
GRCh38,ATGACCATCCCAATAG-1
GRCh38,ATGACCATCGGTTAAT-1
GRCh38,ATGACCATCGTTGTCT-1
GRCh38,ATGACCTCAACAATCC-1
GRCh38,ATGACCTCACACTATA-1
GRCh38,ATGACCTCACGTCAGC-1
GRCh38,ATGACCTCAGTACGGG-1
GRCh38,ATGACGACAAACTCTA-1
GRCh38,ATGACGACAAATTGGG-1
GRCh38,ATGACGACAAGCGAAC-1
GRCh38,ATGACGACAAGGATCA-1
GRCh38,ATGACGACACATGCCA-1
GRCh38,ATGACGACACGGGGTA-1
GRCh38,ATGACGACACGTAAAG-1
GRCh38,ATGACGACACTATAGC-1
GRCh38,ATGACGACACTTCGTC-1
GRCh38,ATGACGACAGCGACAG-1
GRCh38,ATGACGACAGCTACGC-1
GRCh38,ATGACGACAGGAATCA-1
GRCh38,ATGACGGAGCAAAGCG-1
GRCh38,ATGACGGAGCAATATC-1
GRCh38,ATGACGGAGCACCAAC-1
GRCh38,ATGACGGAGCACGCCA-1
GRCh38,ATGACGGAGCCACTTT-1
GRCh38,ATGACGGAGGTTCGAC-1
GRCh38,ATGAGAGGTAAGCGTT-1
GRCh38,ATGAGAGGTATGGAGA-1
GRCh38,ATGAGAGGTATTGCTT-1
GRCh38,ATGAGAGGTCAGGCGT-1
GRCh38,ATGAGAGGTCCGAATG-1
GRCh38,ATGAGAGGTGGAATCT-1
GRCh38,ATGAGAGGTGGGGTTC-1
GRCh38,ATGAGCTGTAAATTCG-1
GRCh38,ATGAGCTGTAAGGTCT-1
GRCh38,ATGAGCTGTAATTTGG-1
GRCh38,ATGAGCTGTACTAATG-1
GRCh38,ATGAGCTGTAGACGTT-1
GRCh38,ATGAGCTGTAGCGCGT-1
GRCh38,ATGAGCTGTCAAGTTA-1
GRCh38,ATGAGCTGTCAGCTCT-1
GRCh38,ATGAGCTGTCCAACGA-1
GRCh38,ATGAGCTGTCGTACCT-1
GRCh38,ATGAGCTGTCTAGTGG-1
GRCh38,ATGAGCTGTGCATGGC-1
GRCh38,ATGAGCTGTGCTACCT-1
GRCh38,ATGAGCTGTGGTAGCC-1
GRCh38,ATGAGCTGTGTAGTTA-1
GRCh38,ATGAGCTGTGTTATAG-1
GRCh38,ATGAGGAGTACCTGCT-1
GRCh38,ATGAGGAGTAGGGCGA-1
GRCh38,ATGAGGAGTCTTCTCT-1
GRCh38,ATGAGGAGTGCTTCTA-1
GRCh38,ATGAGGAGTGGTCTAG-1
GRCh38,ATGAGGAGTGGTTATA-1
GRCh38,ATGAGGAGTGGTTGAT-1
GRCh38,ATGAGGAGTGTCCATC-1
GRCh38,ATGAGGAGTGTTACTT-1
GRCh38,ATGAGGTAGACTCCAA-1
GRCh38,ATGAGGTAGAGTTGGG-1
GRCh38,ATGAGGTAGCATTTCC-1
GRCh38,ATGAGGTAGCCTTAAG-1
GRCh38,ATGAGGTAGCTAGGAG-1
GRCh38,ATGAGGTAGGGAAATC-1
GRCh38,ATGAGGTAGGTCCAGT-1
GRCh38,ATGAGGTAGGTGTCCG-1
GRCh38,ATGAGTAAGACGCTGT-1
GRCh38,ATGAGTAAGGCTAGAG-1
GRCh38,ATGAGTCGTAATGGTC-1
GRCh38,ATGAGTCGTACGTGAT-1
GRCh38,ATGAGTCGTACTTGCC-1
GRCh38,ATGAGTCGTATCGTGG-1
GRCh38,ATGAGTCGTCATGCAG-1
GRCh38,ATGAGTCGTCCTGTCG-1
GRCh38,ATGAGTCGTGCCACTT-1
GRCh38,ATGAGTCGTGTACGTG-1
GRCh38,ATGAGTCGTGTCGCCC-1
GRCh38,ATGAGTTTCACAACGC-1
GRCh38,ATGAGTTTCAGGGCAA-1
GRCh38,ATGAGTTTCATATGGT-1
GRCh38,ATGAGTTTCCGCCTAC-1
GRCh38,ATGAGTTTCCGCGGTA-1
GRCh38,ATGAGTTTCGCATAGC-1
GRCh38,ATGAGTTTCGTCTCCA-1
GRCh38,ATGATCCCAACAATCC-1
GRCh38,ATGATCCCAACTATCA-1
GRCh38,ATGATCCCAAGGAGGA-1
GRCh38,ATGATCCCAAGTAACG-1
GRCh38,ATGATCCCAAGTCGCC-1
GRCh38,ATGATCCCAATGCAGA-1
GRCh38,ATGATCCCAATGTGAG-1
GRCh38,ATGATCCCACACATAC-1
GRCh38,ATGATCCCACCGTTAG-1
GRCh38,ATGATCCCACTAACGT-1
GRCh38,ATGATCCCAGCTAAAG-1
GRCh38,ATGATCCCAGGATTTC-1
GRCh38,ATGATCCCAGGCAATA-1
GRCh38,ATGATGAAGCACTCCC-1
GRCh38,ATGATGAAGCCTCACC-1
GRCh38,ATGATGAAGCGTCTCC-1
GRCh38,ATGATGAAGCTATAGT-1
GRCh38,ATGATGAAGGGTTGTC-1
GRCh38,ATGATGCGTACATCCC-1
GRCh38,ATGATGCGTACCCTTA-1
GRCh38,ATGATGCGTATACAGC-1
GRCh38,ATGATGCGTATATGGC-1
GRCh38,ATGATGCGTATCCGGA-1
GRCh38,ATGATGCGTCAATATG-1
GRCh38,ATGATGCGTCTGCAAG-1
GRCh38,ATGATGCGTGGGGCTT-1
GRCh38,ATGATGCGTGTAAGCT-1
GRCh38,ATGATGCGTGTGGGCT-1
GRCh38,ATGATGCGTGTGGTCA-1
GRCh38,ATGATGTTCACCTTCG-1
GRCh38,ATGATGTTCAGGACTC-1
GRCh38,ATGATGTTCAGTGGTC-1
GRCh38,ATGATGTTCATAAGCT-1
GRCh38,ATGATGTTCATACCTC-1
GRCh38,ATGATGTTCCCTGACC-1
GRCh38,ATGATGTTCCTGATTC-1
GRCh38,ATGATGTTCGCACAAC-1
GRCh38,ATGATGTTCGCTCATT-1
GRCh38,ATGATGTTCGTATACG-1
GRCh38,ATGATGTTCGTGGTTA-1
GRCh38,ATGATGTTCGTTGGGT-1
GRCh38,ATGCAATTCACGAGCT-1
GRCh38,ATGCAATTCACGGCCA-1
GRCh38,ATGCAATTCATATGGT-1
GRCh38,ATGCAATTCATCATCC-1
GRCh38,ATGCAATTCATCTCCG-1
GRCh38,ATGCAATTCCAACGTA-1
GRCh38,ATGCAATTCCCAGAAC-1
GRCh38,ATGCAATTCCGGACAT-1
GRCh38,ATGCAATTCCTAGTCT-1
GRCh38,ATGCAATTCGCCATAA-1
GRCh38,ATGCAATTCGGTGGTT-1
GRCh38,ATGCAATTCGTAGCGT-1
GRCh38,ATGCAATTCGTCGCTC-1
GRCh38,ATGCACTCAAGTGGCG-1
GRCh38,ATGCACTCACACAATC-1
GRCh38,ATGCACTCACACCGTA-1
GRCh38,ATGCACTCACACTAAC-1
GRCh38,ATGCACTCACCCTGAA-1
GRCh38,ATGCACTCACGGTGCT-1
GRCh38,ATGCACTCACTAAGCT-1
GRCh38,ATGCACTCAGCTACCA-1
GRCh38,ATGCACTCAGGATGAC-1
GRCh38,ATGCACTCAGTCCACA-1
GRCh38,ATGCACTCAGTCCTCT-1
GRCh38,ATGCAGACAAAATGAC-1
GRCh38,ATGCAGACAAACGTTC-1
GRCh38,ATGCAGACAAAGGAGG-1
GRCh38,ATGCAGACAATCATTG-1
GRCh38,ATGCAGACAATTAATC-1
GRCh38,ATGCAGACACCTAGAT-1
GRCh38,ATGCAGACACTGACAT-1
GRCh38,ATGCAGACAGCGACGA-1
GRCh38,ATGCAGACAGCTAAGA-1
GRCh38,ATGCAGACAGGATGGT-1
GRCh38,ATGCAGACAGTCTCGA-1
GRCh38,ATGCAGACAGTTGGAA-1
GRCh38,ATGCAGCTCATACCCT-1
GRCh38,ATGCAGCTCATTAATG-1
GRCh38,ATGCAGCTCCCTTTAA-1
GRCh38,ATGCAGCTCCGTCATT-1
GRCh38,ATGCAGCTCCTCGGCT-1
GRCh38,ATGCAGCTCCTCGGGA-1
GRCh38,ATGCAGCTCCTGATTC-1
GRCh38,ATGCAGCTCGGGCCTA-1
GRCh38,ATGCAGCTCGTCGAAC-1
GRCh38,ATGCAGTGTAAGTCCG-1
GRCh38,ATGCAGTGTACCACCT-1
GRCh38,ATGCAGTGTAGCCCTT-1
GRCh38,ATGCAGTGTAGGGAGT-1
GRCh38,ATGCAGTGTATCTGCC-1
GRCh38,ATGCAGTGTCGATCAG-1
GRCh38,ATGCAGTGTCTACTAT-1
GRCh38,ATGCATCCAAAGGAGG-1
GRCh38,ATGCATCCAACAGACA-1
GRCh38,ATGCATCCAAGCCGTC-1
GRCh38,ATGCATCCAAGTGGCG-1
GRCh38,ATGCATCCAATAAGTA-1
GRCh38,ATGCATCCACACTCTC-1
GRCh38,ATGCATCCACCACTCT-1
GRCh38,ATGCATCCACGGTATT-1
GRCh38,ATGCATCCACTAGCGC-1
GRCh38,ATGCATCCAGCGAATA-1
GRCh38,ATGCATCCAGTATACC-1
GRCh38,ATGCATTAGACTGCCG-1
GRCh38,ATGCATTAGAGCCCCA-1
GRCh38,ATGCATTAGCCTCGTC-1
GRCh38,ATGCATTAGCGTGAAG-1
GRCh38,ATGCATTAGCTATCAG-1
GRCh38,ATGCATTAGCTGTTGA-1
GRCh38,ATGCATTAGCTTAAGT-1
GRCh38,ATGCATTAGGCACCAT-1
GRCh38,ATGCATTAGGCATTCA-1
GRCh38,ATGCATTAGGCCATGT-1
GRCh38,ATGCATTAGGCTTAAT-1
GRCh38,ATGCCACAGAGCATGG-1
GRCh38,ATGCCACAGAGCTTGC-1
GRCh38,ATGCCACAGAGTATTC-1
GRCh38,ATGCCACAGCACCACG-1
GRCh38,ATGCCACAGCCAGTAC-1
GRCh38,ATGCCACAGCCATGCG-1
GRCh38,ATGCCACAGCGGTCCA-1
GRCh38,ATGCCACAGGGACATG-1
GRCh38,ATGCCACAGGGGTATG-1
GRCh38,ATGCCAGGTACGTCTC-1
GRCh38,ATGCCAGGTAGAATGG-1
GRCh38,ATGCCAGGTATATGTG-1
GRCh38,ATGCCAGGTCTCTAAT-1
GRCh38,ATGCCAGGTGCGCCTC-1
GRCh38,ATGCCCACAAACTACC-1
GRCh38,ATGCCCACAACTTCGG-1
GRCh38,ATGCCCACAAGCACAA-1
GRCh38,ATGCCCACACGGAAAC-1
GRCh38,ATGCCCACACGTAATC-1
GRCh38,ATGCCCACACTCAATA-1
GRCh38,ATGCCCACAGCTAGAA-1
GRCh38,ATGCCCACAGGCGGTA-1
GRCh38,ATGCCCACAGGTTACT-1
GRCh38,ATGCCCGAGAAGGTGT-1
GRCh38,ATGCCCGAGACATGAA-1
GRCh38,ATGCCCGAGACGGCAA-1
GRCh38,ATGCCCGAGATACCCA-1
GRCh38,ATGCCCGAGCAACAGG-1
GRCh38,ATGCCCGAGCACTAGC-1
GRCh38,ATGCCCGAGCGAAACG-1
GRCh38,ATGCCCGAGCTGTCGG-1
GRCh38,ATGCCCGAGGGCATGA-1
GRCh38,ATGCCCGAGGTAGCTC-1
GRCh38,ATGCCGAGTAACCCGA-1
GRCh38,ATGCCGAGTAACTCGG-1
GRCh38,ATGCCGAGTAACTTTC-1
GRCh38,ATGCCGAGTAAGTTGC-1
GRCh38,ATGCCGAGTACTGCGA-1
GRCh38,ATGCCGAGTAGAGGCG-1
GRCh38,ATGCCGAGTATTCAGA-1
GRCh38,ATGCCGAGTCAATCGG-1
GRCh38,ATGCCGAGTCTCATTG-1
GRCh38,ATGCCGAGTCTCTAAT-1
GRCh38,ATGCCGAGTGCGGAGA-1
GRCh38,ATGCCGAGTGGTTCAG-1
GRCh38,ATGCCGCCAACTGCGC-1
GRCh38,ATGCCGCCAACTGGAA-1
GRCh38,ATGCCGCCAATACGTC-1
GRCh38,ATGCCGCCAATCTCTT-1
GRCh38,ATGCCGCCACACAATC-1
GRCh38,ATGCCGCCACGCTGAC-1
GRCh38,ATGCCGCCACGTTAGT-1
GRCh38,ATGCCGCCACTAGCGC-1
GRCh38,ATGCCGCCACTAGGCC-1
GRCh38,ATGCCGCCACTGACGC-1
GRCh38,ATGCCGCCAGGATGGT-1
GRCh38,ATGCCTCGTACACCCT-1
GRCh38,ATGCCTCGTATCATGA-1
GRCh38,ATGCCTCGTATCCGGA-1
GRCh38,ATGCCTCGTATTACCT-1
GRCh38,ATGCCTCGTCACGCTT-1
GRCh38,ATGCCTCGTCACTTAT-1
GRCh38,ATGCCTCGTCGGCTCC-1
GRCh38,ATGCCTCGTCTAAGGT-1
GRCh38,ATGCCTCGTCTGTTGC-1
GRCh38,ATGCCTCGTGCTTCGT-1
GRCh38,ATGCCTCGTGGGGTAG-1
GRCh38,ATGCCTCGTGGTGTAT-1
GRCh38,ATGCCTTTCACAGTTG-1
GRCh38,ATGCCTTTCATCATCC-1
GRCh38,ATGCCTTTCATCCCGC-1
GRCh38,ATGCCTTTCCTAATGG-1
GRCh38,ATGCCTTTCGTAGTTG-1
GRCh38,ATGCGAACAACAATCC-1
GRCh38,ATGCGAACAACAGGAC-1
GRCh38,ATGCGAACAACCTGCA-1
GRCh38,ATGCGAACAATTCATG-1
GRCh38,ATGCGAACACACTACG-1
GRCh38,ATGCGAACAGTCCTAG-1
GRCh38,ATGCGAACAGTCGGAG-1
GRCh38,ATGCGAGAGAAACTAG-1
GRCh38,ATGCGAGAGACTTTCC-1
GRCh38,ATGCGAGAGCACCACG-1
GRCh38,ATGCGAGAGCGAATGG-1
GRCh38,ATGCGAGAGCTCCTCA-1
GRCh38,ATGCGAGAGGCACCCA-1
GRCh38,ATGCGATGTAACATTG-1
GRCh38,ATGCGATGTACTCGCT-1
GRCh38,ATGCGATGTAGCAGTT-1
GRCh38,ATGCGATGTAGCGTCA-1
GRCh38,ATGCGATGTATCGAGT-1
GRCh38,ATGCGATGTATGATGC-1
GRCh38,ATGCGATGTATTCGGG-1
GRCh38,ATGCGATGTCCTGATC-1
GRCh38,ATGCGATGTCTTCTAG-1
GRCh38,ATGCGATGTGCGCGAT-1
GRCh38,ATGCGATGTGCGGGTT-1
GRCh38,ATGCGATGTGGCAAGG-1
GRCh38,ATGCGATGTGGCGGTT-1
GRCh38,ATGCGATGTGGGACTC-1
GRCh38,ATGCGATGTGGTAGTT-1
GRCh38,ATGCGATGTGGTTATA-1
GRCh38,ATGCGATGTGTGGTGC-1
GRCh38,ATGCGATGTGTGTATA-1
GRCh38,ATGCGCAGTACGGTCA-1
GRCh38,ATGCGCAGTAGACGTT-1
GRCh38,ATGCGCAGTCGGTTTC-1
GRCh38,ATGCGCAGTCTATCGC-1
GRCh38,ATGCGCAGTGGACCGT-1
GRCh38,ATGCGCAGTGTAGCAT-1
GRCh38,ATGCGCCCAAGCTATC-1
GRCh38,ATGCGCCCAAGTCGCC-1
GRCh38,ATGCGCCCACCCTATC-1
GRCh38,ATGCGGAAGAAACCAA-1
GRCh38,ATGCGGAAGAATGTAG-1
GRCh38,ATGCGGAAGACCCACG-1
GRCh38,ATGCGGAAGCATGTCA-1
GRCh38,ATGCGGAAGCCACTAA-1
GRCh38,ATGCGGAAGCGACGTT-1
GRCh38,ATGCGGAAGCGGTTTA-1
GRCh38,ATGCGGAAGGCTATGC-1
GRCh38,ATGCGGCGTACAGCAT-1
GRCh38,ATGCGGCGTATTACCT-1
GRCh38,ATGCGGCGTATTGTCT-1
GRCh38,ATGCGGCGTCAGTCAG-1
GRCh38,ATGCGGCGTCCTATTG-1
GRCh38,ATGCGGCGTGCCTTTA-1
GRCh38,ATGCGGCGTGGATTTA-1
GRCh38,ATGCGGCGTGGGAGTG-1
GRCh38,ATGCGGCGTGTCGGGT-1
GRCh38,ATGCGGGCAAAATTCT-1
GRCh38,ATGCGGGCAAGCCATT-1
GRCh38,ATGCGGGCAATATCTG-1
GRCh38,ATGCGGGCACACAACT-1
GRCh38,ATGCGGGCACCAATTA-1
GRCh38,ATGCGGGCACTAGGAA-1
GRCh38,ATGCGGTTCACAACCA-1
GRCh38,ATGCGGTTCACAGCGT-1
GRCh38,ATGCGGTTCACATACG-1
GRCh38,ATGCGGTTCATAGTAC-1
GRCh38,ATGCGGTTCATCAGCA-1
GRCh38,ATGCGGTTCATGATGT-1
GRCh38,ATGCGGTTCCAGGTGT-1
GRCh38,ATGCGGTTCCCAGCCT-1
GRCh38,ATGCGGTTCCCGCACT-1
GRCh38,ATGCGGTTCCCTTTAA-1
GRCh38,ATGCGGTTCCGATCGG-1
GRCh38,ATGCGGTTCCGATGTA-1
GRCh38,ATGCGGTTCCTGATTC-1
GRCh38,ATGCGGTTCCTTCGTG-1
GRCh38,ATGCGGTTCGCTTACT-1
GRCh38,ATGCGGTTCGTTACCT-1
GRCh38,ATGCGTATCAGCAATT-1
GRCh38,ATGCGTATCATTCGCT-1
GRCh38,ATGCGTATCCTCCATG-1
GRCh38,ATGCGTATCGCAACGT-1
GRCh38,ATGCGTATCGTTGCTT-1
GRCh38,ATGCTACCAATATGTT-1
GRCh38,ATGCTACCAATTAATC-1
GRCh38,ATGCTACCACCACAGC-1
GRCh38,ATGCTACCACCCATAG-1
GRCh38,ATGCTACCACCGTCAA-1
GRCh38,ATGCTACCACTAGGCC-1
GRCh38,ATGCTACCAGCGTATT-1
GRCh38,ATGCTACCAGCTTTAA-1
GRCh38,ATGCTACCAGTCAAGA-1
GRCh38,ATGCTACCAGTTGCGC-1
GRCh38,ATGCTCAAGAATACAG-1
GRCh38,ATGCTCAAGCAATAGA-1
GRCh38,ATGCTCAAGCCCAACG-1
GRCh38,ATGCTCAAGCCCTTAT-1
GRCh38,ATGCTCAAGCTCCGGA-1
GRCh38,ATGCTCAAGCTCGAAC-1
GRCh38,ATGCTCAAGGCTTCCC-1
GRCh38,ATGCTCAAGGGTTTCA-1
GRCh38,ATGCTCCGTAAAGCGA-1
GRCh38,ATGCTCCGTACGCGCG-1
GRCh38,ATGCTCCGTATACGTA-1
GRCh38,ATGCTCCGTCCTTTAG-1
GRCh38,ATGCTCCGTCTTATGT-1
GRCh38,ATGCTCCGTCTTGTCA-1
GRCh38,ATGCTCCGTGCACAGC-1
GRCh38,ATGCTCCGTGGTGCCG-1
GRCh38,ATGCTCCGTGTCCCCA-1
GRCh38,ATGCTCGCACCTGACA-1
GRCh38,ATGCTCGCACTATGGT-1
GRCh38,ATGCTCGCACTCATAA-1
GRCh38,ATGCTCGCACTCCACT-1
GRCh38,ATGCTCGCACTGTAAC-1
GRCh38,ATGCTCGCAGGTACAA-1
GRCh38,ATGCTGGGTCCAGGGT-1
GRCh38,ATGCTGGGTCGCCCGT-1
GRCh38,ATGCTGGGTGTATGTA-1
GRCh38,ATGCTGGGTGTCGGCG-1
GRCh38,ATGCTTACAAAAGGAA-1
GRCh38,ATGCTTACAAAAGGGG-1
GRCh38,ATGCTTACAAATCGAG-1
GRCh38,ATGCTTACAAATCTAT-1
GRCh38,ATGCTTACAATCAGAG-1
GRCh38,ATGCTTACAATCCCGA-1
GRCh38,ATGCTTACACCACAGC-1
GRCh38,ATGCTTACACCTAGGC-1
GRCh38,ATGCTTACACTATTCT-1
GRCh38,ATGCTTACACTTCTCA-1
GRCh38,ATGCTTACAGTACTTA-1
GRCh38,ATGCTTACAGTCTCGA-1
GRCh38,ATGCTTCTCACAACTG-1
GRCh38,ATGCTTCTCACGGGTT-1
GRCh38,ATGCTTCTCACTCATC-1
GRCh38,ATGCTTCTCATCTCCG-1
GRCh38,ATGCTTCTCCAGTCCC-1
GRCh38,ATGCTTCTCCCACGCT-1
GRCh38,ATGCTTCTCCGGGTAT-1
GRCh38,ATGCTTCTCCGTGTCC-1
GRCh38,ATGCTTCTCGGAAAGT-1
GRCh38,ATGCTTCTCGGATCCG-1
GRCh38,ATGCTTCTCGTAACTG-1
GRCh38,ATGCTTCTCGTCAACA-1
GRCh38,ATGCTTCTCGTTGACA-1
GRCh38,ATGGAAATCACACGGT-1
GRCh38,ATGGAAATCACGCGTG-1
GRCh38,ATGGAAATCAGGGCAA-1
GRCh38,ATGGAAATCCACTCCA-1
GRCh38,ATGGAAATCCCAATAG-1
GRCh38,ATGGAAATCCGTATAG-1
GRCh38,ATGGAAATCCGTTCGC-1
GRCh38,ATGGAAATCGGCTCGA-1
GRCh38,ATGGAAATCGTAGCGT-1
GRCh38,ATGGAAATCGTAGTCA-1
GRCh38,ATGGACACAAGCCGAG-1
GRCh38,ATGGACACAAGGGTCG-1
GRCh38,ATGGACACACCGGACT-1
GRCh38,ATGGACACACGGACCT-1
GRCh38,ATGGACACACTGTACG-1
GRCh38,ATGGACACAGCACGGA-1
GRCh38,ATGGACACAGGACCTC-1
GRCh38,ATGGACACAGGACTAA-1
GRCh38,ATGGACCTCAAGCATT-1
GRCh38,ATGGACCTCAGTAATC-1
GRCh38,ATGGACCTCATAATCA-1
GRCh38,ATGGACCTCATCTTCA-1
GRCh38,ATGGACCTCATGGGCT-1
GRCh38,ATGGACCTCCATTCGT-1
GRCh38,ATGGACCTCCGATCAA-1
GRCh38,ATGGACCTCCTGTATC-1
GRCh38,ATGGACCTCGGCGCTA-1
GRCh38,ATGGAGAGTAAATCCA-1
GRCh38,ATGGAGAGTAATCTCT-1
GRCh38,ATGGAGAGTAATGGGA-1
GRCh38,ATGGAGAGTACCACGA-1
GRCh38,ATGGAGAGTACTTATC-1
GRCh38,ATGGAGAGTCACACCT-1
GRCh38,ATGGAGAGTCAGTCAG-1
GRCh38,ATGGAGAGTCCTTGCG-1
GRCh38,ATGGAGAGTCTCGCCA-1
GRCh38,ATGGAGAGTGCACGTA-1
GRCh38,ATGGAGAGTGGGACTC-1
GRCh38,ATGGAGAGTGGTCTAG-1
GRCh38,ATGGAGAGTGTAGGTT-1
GRCh38,ATGGAGAGTGTGCGTA-1
GRCh38,ATGGAGTAGAGGCGGT-1
GRCh38,ATGGAGTAGATGGGGC-1
GRCh38,ATGGAGTAGATTCGTG-1
GRCh38,ATGGAGTAGCACCTAA-1
GRCh38,ATGGAGTAGCACTCCC-1
GRCh38,ATGGAGTAGCCTCGTC-1
GRCh38,ATGGAGTAGGCCTATA-1
GRCh38,ATGGCACTCACAATTA-1
GRCh38,ATGGCACTCACTGCAA-1
GRCh38,ATGGCACTCATGGGCT-1
GRCh38,ATGGCACTCCAGGTTA-1
GRCh38,ATGGCACTCCATACCT-1
GRCh38,ATGGCACTCCCGAAAC-1
GRCh38,ATGGCACTCCTTAGCT-1
GRCh38,ATGGCACTCGCCCTTA-1
GRCh38,ATGGCACTCGGGCTAT-1
GRCh38,ATGGCACTCGTAGCAC-1
GRCh38,ATGGCACTCGTCGAGT-1
GRCh38,ATGGCCAGTATAATCG-1
GRCh38,ATGGCCAGTATCCGTC-1
GRCh38,ATGGCCAGTCCCTTGG-1
GRCh38,ATGGCCAGTCGAGTCA-1
GRCh38,ATGGCCAGTCGGTGTA-1
GRCh38,ATGGCCAGTCTACAGG-1
GRCh38,ATGGCCAGTCTGTCCG-1
GRCh38,ATGGCCAGTGGGATGG-1
GRCh38,ATGGCCCCAAACCACT-1
GRCh38,ATGGCCCCAATCCTAA-1
GRCh38,ATGGCCCCAATGCCCA-1
GRCh38,ATGGCCCCAATTAAAG-1
GRCh38,ATGGCCCCAATTCGGT-1
GRCh38,ATGGCCCCACACATAC-1
GRCh38,ATGGCCCCACACGTCA-1
GRCh38,ATGGCCCCACAGTGGG-1
GRCh38,ATGGCCCCACATCTCC-1
GRCh38,ATGGCCCCACTTCGTC-1
GRCh38,ATGGCCCCAGGACACG-1
GRCh38,ATGGCCCCAGGACTAA-1
GRCh38,ATGGCCCCAGGGTGCA-1
GRCh38,ATGGCCCCAGGTAACA-1
GRCh38,ATGGCCGTCAAACCTG-1
GRCh38,ATGGCCGTCAACGTTG-1
GRCh38,ATGGCCGTCACCCGCT-1
GRCh38,ATGGCCGTCACTAAAC-1
GRCh38,ATGGCCGTCATCTCAC-1
GRCh38,ATGGCCGTCATTAATG-1
GRCh38,ATGGCCGTCCGGAATC-1
GRCh38,ATGGCCGTCCTCTCCT-1
GRCh38,ATGGCCGTCCTGCAAA-1
GRCh38,ATGGCCGTCGCGTGCA-1
GRCh38,ATGGCCGTCGCTTTAC-1
GRCh38,ATGGCCGTCGGATGTC-1
GRCh38,ATGGCCGTCGGGTTAC-1
GRCh38,ATGGCGAAGAGCATTT-1
GRCh38,ATGGCGAAGATATCAC-1
GRCh38,ATGGCGAAGATCTGCA-1
GRCh38,ATGGCGAAGCCCAACG-1
GRCh38,ATGGCGAAGCTAGTTG-1
GRCh38,ATGGCGAAGCTTAGGC-1
GRCh38,ATGGCGCGTAGGCATT-1
GRCh38,ATGGCGCGTAGTATGC-1
GRCh38,ATGGCGCGTAGTTATG-1
GRCh38,ATGGCGCGTCCAACGA-1
GRCh38,ATGGCGCGTCCGTTGT-1
GRCh38,ATGGCGCGTCTGGTGA-1
GRCh38,ATGGCGCGTGGTTTCC-1
GRCh38,ATGGCGGCAAACATAA-1
GRCh38,ATGGCGGCAAATTGCC-1
GRCh38,ATGGCGGCAACCTCAG-1
GRCh38,ATGGCGGCAAGGGTCG-1
GRCh38,ATGGCGGCAAGTCGGG-1
GRCh38,ATGGCGGCACACTATA-1
GRCh38,ATGGCGGCACAGCAGG-1
GRCh38,ATGGCGGCACCTCATC-1
GRCh38,ATGGCGGCACGGCTAC-1
GRCh38,ATGGCGGCACGGTATT-1
GRCh38,ATGGCGGCACTAACCG-1
GRCh38,ATGGCGTTCAACGGCT-1
GRCh38,ATGGCGTTCCCAAATG-1
GRCh38,ATGGCGTTCCTCCTTC-1
GRCh38,ATGGCGTTCCTGTCAT-1
GRCh38,ATGGCGTTCGCGGATT-1
GRCh38,ATGGCGTTCGCGTAGT-1
GRCh38,ATGGCGTTCGCTACTT-1
GRCh38,ATGGCGTTCGGCCTTC-1
GRCh38,ATGGCTATCAGCAGTC-1
GRCh38,ATGGCTATCATAATCA-1
GRCh38,ATGGCTATCCACTCCA-1
GRCh38,ATGGCTATCCAGGATC-1
GRCh38,ATGGCTATCCATGGGT-1
GRCh38,ATGGCTATCCTATGCT-1
GRCh38,ATGGCTATCCTGGGCA-1
GRCh38,ATGGCTATCCTGGTCC-1
GRCh38,ATGGCTATCGGTTATG-1
GRCh38,ATGGCTATCGTAAGCC-1
GRCh38,ATGGCTATCGTATTGG-1
GRCh38,ATGGGACCAAAGCATG-1
GRCh38,ATGGGACCAAATTACT-1
GRCh38,ATGGGACCACACTACG-1
GRCh38,ATGGGACCACCCTTCG-1
GRCh38,ATGGGACCACCTAGGC-1
GRCh38,ATGGGACCACGTATCG-1
GRCh38,ATGGGACCACGTCAAT-1
GRCh38,ATGGGACCAGCAACGG-1
GRCh38,ATGGGACCAGGAATCA-1
GRCh38,ATGGGACCAGGACAAC-1
GRCh38,ATGGGACCAGGGCAAT-1
GRCh38,ATGGGACCAGTCACGC-1
GRCh38,ATGGGACCAGTGAAAT-1
GRCh38,ATGGGACCAGTTAAGG-1
GRCh38,ATGGGACCAGTTACTA-1
GRCh38,ATGGGATAGAGGACAT-1
GRCh38,ATGGGATAGCACTTTC-1
GRCh38,ATGGGATAGCCAAACC-1
GRCh38,ATGGGATAGCGTAACC-1
GRCh38,ATGGGATAGCTGGGTT-1
GRCh38,ATGGGCAAGACTCAGC-1
GRCh38,ATGGGCAAGACTGCCG-1
GRCh38,ATGGGCAAGCGTCAAC-1
GRCh38,ATGGGCAAGCTAACAT-1
GRCh38,ATGGGCAAGCTCCTCA-1
GRCh38,ATGGGCAAGCTGCGAT-1
GRCh38,ATGGGCAAGGCCTATA-1
GRCh38,ATGGGCAAGGTAATTC-1
GRCh38,ATGGGCCGTACAGAAG-1
GRCh38,ATGGGCCGTATGTACA-1
GRCh38,ATGGGCCGTCGTTCGT-1
GRCh38,ATGGGCCGTCTGTTAT-1
GRCh38,ATGGGCCGTGCCATTC-1
GRCh38,ATGGGCGCAAATATCT-1
GRCh38,ATGGGCGCAACCCACA-1
GRCh38,ATGGGCGCAACGGACG-1
GRCh38,ATGGGCGCAATAGGGC-1
GRCh38,ATGGGCGCAATCAACC-1
GRCh38,ATGGGCGCAATTCATG-1
GRCh38,ATGGGCGCACCAATAC-1
GRCh38,ATGGGCGCACTAACTA-1
GRCh38,ATGGGCGCACTCCTAC-1
GRCh38,ATGGGCGCAGCAGGCA-1
GRCh38,ATGGGCGCAGCCAAGG-1
GRCh38,ATGGGCTTCCCAACTT-1
GRCh38,ATGGGCTTCCGTAAAT-1
GRCh38,ATGGGCTTCCGTAACA-1
GRCh38,ATGGGCTTCCTCCTTC-1
GRCh38,ATGGGCTTCGCGAAAG-1
GRCh38,ATGGGCTTCGGCGAAA-1
GRCh38,ATGGGGCAGAGCCGAA-1
GRCh38,ATGGGGCAGAGGACCA-1
GRCh38,ATGGGGCAGATTAAGG-1
GRCh38,ATGGGGCAGCGAACAG-1
GRCh38,ATGGGGCAGCTAGGAG-1
GRCh38,ATGGGGCAGCTAGTTG-1
GRCh38,ATGGGGCAGGCAGTGA-1
GRCh38,ATGGGGCAGGCTGGTT-1
GRCh38,ATGGGGTCAAATACAA-1
GRCh38,ATGGGGTCAACAGGGT-1
GRCh38,ATGGGGTCAACGTGCC-1
GRCh38,ATGGGGTCAAGGAATT-1
GRCh38,ATGGGGTCAATACGGA-1
GRCh38,ATGGGGTCACATGCCA-1
GRCh38,ATGGGGTCACCTGTAG-1
GRCh38,ATGGGGTCACTCGACA-1
GRCh38,ATGGGTCTCAGCACGT-1
GRCh38,ATGGGTCTCCTCCATG-1
GRCh38,ATGGGTCTCCTCTGCA-1
GRCh38,ATGGGTCTCCTGATTC-1
GRCh38,ATGGGTCTCGGAGTCT-1
GRCh38,ATGGGTCTCGGCGCTA-1
GRCh38,ATGGGTCTCGTCGAGT-1
GRCh38,ATGGGTGAGACTATCG-1
GRCh38,ATGGGTGAGAGGCGGT-1
GRCh38,ATGGGTGAGATGCCCG-1
GRCh38,ATGGGTGAGCAATTAC-1
GRCh38,ATGGGTGAGCAGGCTT-1
GRCh38,ATGGGTGAGCGTCAAC-1
GRCh38,ATGGGTGAGCGTTAGC-1
GRCh38,ATGGGTGAGCTAACAT-1
GRCh38,ATGGGTGAGCTGTCGG-1
GRCh38,ATGGGTGAGCTTGTGA-1
GRCh38,ATGGGTGAGGCAAAGT-1
GRCh38,ATGGGTGAGGGAAATC-1
GRCh38,ATGGGTTGTACGTGCA-1
GRCh38,ATGGGTTGTAGGCATT-1
GRCh38,ATGGGTTGTAGTACGT-1
GRCh38,ATGGGTTGTCAGGTAT-1
GRCh38,ATGGGTTGTCGAGGCT-1
GRCh38,ATGGGTTGTCGAGTGC-1
GRCh38,ATGGGTTGTCTACTGC-1
GRCh38,ATGGGTTGTGCCCATT-1
GRCh38,ATGGGTTGTGCCTCTG-1
GRCh38,ATGGGTTGTGTGTGCA-1
GRCh38,ATGGTAAAGACGGCAA-1
GRCh38,ATGGTAAAGACTGCAC-1
GRCh38,ATGGTAAAGCAATGCC-1
GRCh38,ATGGTAAAGGGCGATA-1
GRCh38,ATGGTAAAGGTAACCC-1
GRCh38,ATGGTAGCAAAAGGCC-1
GRCh38,ATGGTAGCAACGTGGG-1
GRCh38,ATGGTAGCAAGTACAG-1
GRCh38,ATGGTAGCAATCACGT-1
GRCh38,ATGGTAGCAATGCACT-1
GRCh38,ATGGTAGCAATTAAGA-1
GRCh38,ATGGTAGCACTAATCA-1
GRCh38,ATGGTAGCAGTCTCGA-1
GRCh38,ATGGTATTCAAACCTG-1
GRCh38,ATGGTATTCAGACATT-1
GRCh38,ATGGTATTCCCTATAC-1
GRCh38,ATGGTATTCCCTTTCC-1
GRCh38,ATGGTATTCCTCCTCT-1
GRCh38,ATGGTATTCGCAAAGG-1
GRCh38,ATGGTATTCGCATGGT-1
GRCh38,ATGGTATTCGGGCCTA-1
GRCh38,ATGGTCATCAAATGCT-1
GRCh38,ATGGTCATCAATCCCT-1
GRCh38,ATGGTCATCAGAAGTA-1
GRCh38,ATGGTCATCAGCGTAC-1
GRCh38,ATGGTCATCATGGCAC-1
GRCh38,ATGGTCATCCTAATCC-1
GRCh38,ATGGTCATCGGGCTAT-1
GRCh38,ATGGTCGGTAATGTTG-1
GRCh38,ATGGTCGGTACATTCT-1
GRCh38,ATGGTCGGTACTACAA-1
GRCh38,ATGGTCGGTATCTGCC-1
GRCh38,ATGGTCGGTCAATATG-1
GRCh38,ATGGTCGGTCCAGGGT-1
GRCh38,ATGGTCGGTCGACTAG-1
GRCh38,ATGGTCGGTGCCAAAT-1
GRCh38,ATGGTCGGTGGCGATC-1
GRCh38,ATGGTCGGTGTCACGA-1
GRCh38,ATGGTCTCAAGCGCCT-1
GRCh38,ATGGTCTCAAGGGACT-1
GRCh38,ATGGTCTCAATACGCT-1
GRCh38,ATGGTCTCACAACCCA-1
GRCh38,ATGGTCTCACAAGGCG-1
GRCh38,ATGGTCTCACCCTCAT-1
GRCh38,ATGGTCTCACGGAAAC-1
GRCh38,ATGGTCTCACGTCTAG-1
GRCh38,ATGGTCTCAGCATCGC-1
GRCh38,ATGGTCTCAGCTCGGT-1
GRCh38,ATGGTCTCAGTCTCGA-1
GRCh38,ATGGTCTCAGTGTCAT-1
GRCh38,ATGGTGCTCAAATCAC-1
GRCh38,ATGGTGCTCAGGTGTC-1
GRCh38,ATGGTGCTCAGTCCTT-1
GRCh38,ATGGTGCTCATCGCTT-1
GRCh38,ATGGTGCTCCAACTTC-1
GRCh38,ATGGTGCTCCAGGTGT-1
GRCh38,ATGGTGCTCCAGTCCC-1
GRCh38,ATGGTGCTCCCACTTG-1
GRCh38,ATGGTGCTCCCATTCG-1
GRCh38,ATGGTGCTCCCTCTAG-1
GRCh38,ATGGTGCTCCGTAAAT-1
GRCh38,ATGGTGCTCGCTACTT-1
GRCh38,ATGGTGCTCGTCATTC-1
GRCh38,ATGGTGCTCGTCTCCA-1
GRCh38,ATGGTGGAGACAGCGA-1
GRCh38,ATGGTGGAGACGGGGT-1
GRCh38,ATGGTGGAGCAATGGG-1
GRCh38,ATGGTGGAGCCATATG-1
GRCh38,ATGGTGGAGCCTGTGG-1
GRCh38,ATGGTGGAGCGCCCAA-1
GRCh38,ATGGTGGAGCGTCTAA-1
GRCh38,ATGGTGGAGCTAAGGG-1
GRCh38,ATGGTGGAGGCTCACG-1
GRCh38,ATGGTGGAGGTAGTAA-1
GRCh38,ATGGTGGAGGTGCGAA-1
GRCh38,ATGGTTAGTAAACGGA-1
GRCh38,ATGGTTAGTAAGTTTG-1
GRCh38,ATGGTTAGTAGACTCG-1
GRCh38,ATGGTTAGTAGTGTTA-1
GRCh38,ATGGTTAGTAGTTGCG-1
GRCh38,ATGGTTAGTATAAGGG-1
GRCh38,ATGGTTAGTATCGCAG-1
GRCh38,ATGGTTAGTCACCCAT-1
GRCh38,ATGGTTAGTCACGTTC-1
GRCh38,ATGGTTAGTCAGTGCA-1
GRCh38,ATGGTTAGTCATCTAT-1
GRCh38,ATGGTTAGTCCGCTAT-1
GRCh38,ATGGTTAGTCTGGATG-1
GRCh38,ATGGTTAGTGGGAGCA-1
GRCh38,ATGGTTAGTGTACGTG-1
GRCh38,ATGGTTAGTGTGCCCC-1
GRCh38,ATGGTTGTCACATTAA-1
GRCh38,ATGGTTGTCATAAGTC-1
GRCh38,ATGGTTGTCATACGCA-1
GRCh38,ATGGTTGTCATCTTCA-1
GRCh38,ATGGTTGTCCAAGACC-1
GRCh38,ATGGTTGTCCCACTAT-1
GRCh38,ATGGTTGTCCCGCACT-1
GRCh38,ATGGTTGTCCTATCCG-1
GRCh38,ATGGTTTAGAGGCGAC-1
GRCh38,ATGGTTTAGATGCTCA-1
GRCh38,ATGGTTTAGCAAACGG-1
GRCh38,ATGGTTTAGGGGCTTT-1
GRCh38,ATGTAACTCAATCCTC-1
GRCh38,ATGTAACTCAGGGTCT-1
GRCh38,ATGTAACTCATACTAA-1
GRCh38,ATGTAACTCCAACATG-1
GRCh38,ATGTAACTCCAACCTT-1
GRCh38,ATGTAACTCCCATACT-1
GRCh38,ATGTAACTCCCTGCAC-1
GRCh38,ATGTAACTCCTCGCTA-1
GRCh38,ATGTAACTCGCTAATG-1
GRCh38,ATGTAACTCGGATCCG-1
GRCh38,ATGTAACTCGTCAAGC-1
GRCh38,ATGTAACTCGTCGCTC-1
GRCh38,ATGTAACTCGTTCGCC-1
GRCh38,ATGTACAGTAACCGCA-1
GRCh38,ATGTACAGTAACCGTG-1
GRCh38,ATGTACAGTACAGAAG-1
GRCh38,ATGTACAGTAGCAGGG-1
GRCh38,ATGTACAGTCGATGGC-1
GRCh38,ATGTACAGTGCCACTT-1
GRCh38,ATGTACAGTGCCATTC-1
GRCh38,ATGTACAGTGTCATGG-1
GRCh38,ATGTACAGTGTGTATA-1
GRCh38,ATGTAGAAGAAATTGG-1
GRCh38,ATGTAGAAGAATACAG-1
GRCh38,ATGTAGAAGATCCTGA-1
GRCh38,ATGTAGAAGCAATTAC-1
GRCh38,ATGTAGAAGCCGCTAG-1
GRCh38,ATGTAGAAGCGCTTGG-1
GRCh38,ATGTAGAAGCGTGGAA-1
GRCh38,ATGTAGAAGCGTTTAG-1
GRCh38,ATGTAGAAGCTCGGCA-1
GRCh38,ATGTAGAAGGCATCAC-1
GRCh38,ATGTAGTTCACATTCC-1
GRCh38,ATGTAGTTCAGAGTAA-1
GRCh38,ATGTAGTTCAGCGTAC-1
GRCh38,ATGTAGTTCCAAGCGT-1
GRCh38,ATGTAGTTCCAAGTGC-1
GRCh38,ATGTAGTTCCCGTGTC-1
GRCh38,ATGTAGTTCCGTATAG-1
GRCh38,ATGTAGTTCCTCGCAC-1
GRCh38,ATGTAGTTCCTCTAAC-1
GRCh38,ATGTAGTTCCTCTCGA-1
GRCh38,ATGTAGTTCCTCTGAT-1
GRCh38,ATGTAGTTCCTTGTAC-1
GRCh38,ATGTAGTTCGCAGTGT-1
GRCh38,ATGTAGTTCGGCATTA-1
GRCh38,ATGTAGTTCGGCGTTG-1
GRCh38,ATGTAGTTCGGTACTA-1
GRCh38,ATGTAGTTCGTCCCTA-1
GRCh38,ATGTAGTTCGTGCGTG-1
GRCh38,ATGTAGTTCGTTCGCC-1
GRCh38,ATGTAGTTCGTTCGTT-1
GRCh38,ATGTATCAGACACATT-1
GRCh38,ATGTATCAGACTCGAC-1
GRCh38,ATGTATCAGAGCGGAC-1
GRCh38,ATGTATCAGCATTCAG-1
GRCh38,ATGTATCAGCTCAGTA-1
GRCh38,ATGTATCAGGGACACA-1
GRCh38,ATGTATCAGGTCCTAA-1
GRCh38,ATGTATCAGGTTCGAC-1
GRCh38,ATGTATTCAAATATTC-1
GRCh38,ATGTATTCAACATCAC-1
GRCh38,ATGTATTCAACCAACT-1
GRCh38,ATGTATTCACATACCG-1
GRCh38,ATGTATTCACCACACA-1
GRCh38,ATGTATTCAGTCCATG-1
GRCh38,ATGTCAGTCAACACGC-1
GRCh38,ATGTCAGTCACACCTT-1
GRCh38,ATGTCAGTCACATTCC-1
GRCh38,ATGTCAGTCACGGTTA-1
GRCh38,ATGTCAGTCAGAATAG-1
GRCh38,ATGTCAGTCAGTTGGC-1
GRCh38,ATGTCAGTCCCGTGTC-1
GRCh38,ATGTCAGTCGCCTACC-1
GRCh38,ATGTCAGTCGGTGTTA-1
GRCh38,ATGTCAGTCGTAACGC-1
GRCh38,ATGTCAGTCGTAGCTA-1
GRCh38,ATGTCCGCAACCTATA-1
GRCh38,ATGTCCGCAAGCAGTA-1
GRCh38,ATGTCCGCAAGTTACC-1
GRCh38,ATGTCCGCACAGTCCA-1
GRCh38,ATGTCCGCACAGTGCC-1
GRCh38,ATGTCCGCACATTCAA-1
GRCh38,ATGTCCGCAGCATTTA-1
GRCh38,ATGTCCGCAGCGCGAA-1
GRCh38,ATGTCCGCAGCGGTCT-1
GRCh38,ATGTCCGCAGGTATTC-1
GRCh38,ATGTCCTTCATCACTC-1
GRCh38,ATGTCCTTCCATAACG-1
GRCh38,ATGTCCTTCCCTGCAC-1
GRCh38,ATGTCCTTCCCTTAAC-1
GRCh38,ATGTCCTTCCCTTCCT-1
GRCh38,ATGTCCTTCCGACTCC-1
GRCh38,ATGTCCTTCGGACTAC-1
GRCh38,ATGTCCTTCGGGTTCG-1
GRCh38,ATGTCCTTCGTACGTA-1
GRCh38,ATGTCGATCACACGGT-1
GRCh38,ATGTCGATCAGACTGC-1
GRCh38,ATGTCGATCAGGACTC-1
GRCh38,ATGTCGATCCAAGACC-1
GRCh38,ATGTCGATCCACAGGT-1
GRCh38,ATGTCGATCCACGTAA-1
GRCh38,ATGTCGATCCACTCCA-1
GRCh38,ATGTCGATCCCGCCAT-1
GRCh38,ATGTCGATCCCGGCTT-1
GRCh38,ATGTCGATCCTATTGC-1
GRCh38,ATGTCGATCCTCCAAT-1
GRCh38,ATGTCGGGTACAGAAG-1
GRCh38,ATGTCGGGTACAGGCC-1
GRCh38,ATGTCGGGTACTAATG-1
GRCh38,ATGTCGGGTCAACCTC-1
GRCh38,ATGTCGGGTCAGGCGT-1
GRCh38,ATGTCGGGTCGCAGTA-1
GRCh38,ATGTCGGGTCTGTACC-1
GRCh38,ATGTCGGGTGCGGTTA-1
GRCh38,ATGTCGGGTGGTGTAT-1
GRCh38,ATGTCTTGTAAATCCA-1
GRCh38,ATGTCTTGTACGTTCC-1
GRCh38,ATGTCTTGTACTGCAG-1
GRCh38,ATGTCTTGTAGAGTAG-1
GRCh38,ATGTCTTGTCATCTCA-1
GRCh38,ATGTCTTGTCCATAGG-1
GRCh38,ATGTCTTGTCTCTAGC-1
GRCh38,ATGTCTTGTGCCCATT-1
GRCh38,ATGTCTTGTGCGTATG-1
GRCh38,ATGTCTTGTGGTATGT-1
GRCh38,ATGTGAAAGAAGCGAT-1
GRCh38,ATGTGAAAGACGACAG-1
GRCh38,ATGTGAAAGATGACGG-1
GRCh38,ATGTGAAAGCAAAGCG-1
GRCh38,ATGTGAAAGCAATGTT-1
GRCh38,ATGTGAAAGCACCTAA-1
GRCh38,ATGTGAAAGCAGCCCA-1
GRCh38,ATGTGAAAGCATTCGA-1
GRCh38,ATGTGAAAGCGTTCAA-1
GRCh38,ATGTGAAAGGCGATAG-1
GRCh38,ATGTGAAAGGCGCATT-1
GRCh38,ATGTGAAAGGCGGTTT-1
GRCh38,ATGTGAAAGGTAGTAA-1
GRCh38,ATGTGAGCAAAGCCGG-1
GRCh38,ATGTGAGCAACGAAAT-1
GRCh38,ATGTGAGCAAGCGTCC-1
GRCh38,ATGTGAGCACAACGCC-1
GRCh38,ATGTGAGCACACTCTC-1
GRCh38,ATGTGAGCACATGCCA-1
GRCh38,ATGTGAGCACGTAGGG-1
GRCh38,ATGTGAGCACTCACTC-1
GRCh38,ATGTGAGCAGCTAAAG-1
GRCh38,ATGTGCGGTAACATGC-1
GRCh38,ATGTGCGGTAAGTCTA-1
GRCh38,ATGTGCGGTACAAGGA-1
GRCh38,ATGTGCGGTCAGCTCT-1
GRCh38,ATGTGCGGTCTATTGT-1
GRCh38,ATGTGCGGTGGCGCAT-1
GRCh38,ATGTGGCTCACAGCGT-1
GRCh38,ATGTGGCTCACATTAA-1
GRCh38,ATGTGGCTCACTCGGG-1
GRCh38,ATGTGGCTCAGGGGTA-1
GRCh38,ATGTGGCTCATAAGCT-1
GRCh38,ATGTGGCTCATGTCCT-1
GRCh38,ATGTGGCTCCAACTTC-1
GRCh38,ATGTGGCTCCTGTCAT-1
GRCh38,ATGTGGCTCGGCATTA-1
GRCh38,ATGTGTAGTAACGAAG-1
GRCh38,ATGTGTAGTAGCGTGC-1
GRCh38,ATGTGTAGTCAAAGGA-1
GRCh38,ATGTGTAGTGCTAAGT-1
GRCh38,ATGTGTAGTGGGAGTG-1
GRCh38,ATGTGTAGTGGGGTAG-1
GRCh38,ATGTGTAGTGGGGTTC-1
GRCh38,ATGTGTAGTGGGTTAT-1
GRCh38,ATGTGTCCAACACAGA-1
GRCh38,ATGTGTCCAACATACC-1
GRCh38,ATGTGTCCAACGTTTA-1
GRCh38,ATGTGTCCAATAGTAA-1
GRCh38,ATGTGTCCAATGGTAG-1
GRCh38,ATGTGTCCACCCTGAA-1
GRCh38,ATGTGTTAGACGTGTC-1
GRCh38,ATGTGTTAGCAAGCGA-1
GRCh38,ATGTGTTAGCCAAGCT-1
GRCh38,ATGTGTTAGCCATGAC-1
GRCh38,ATGTGTTAGCCGATTA-1
GRCh38,ATGTGTTAGCCTGGTG-1
GRCh38,ATGTGTTAGCGTACAC-1
GRCh38,ATGTGTTAGCTAAATC-1
GRCh38,ATGTTAATCACGGCCA-1
GRCh38,ATGTTAATCACTTGTC-1
GRCh38,ATGTTAATCATCTCCG-1
GRCh38,ATGTTAATCCAACCTT-1
GRCh38,ATGTTAATCCACGAGT-1
GRCh38,ATGTTAATCCCATTCG-1
GRCh38,ATGTTAATCCCTCGGT-1
GRCh38,ATGTTAATCCGGAATC-1
GRCh38,ATGTTAATCCTACATC-1
GRCh38,ATGTTAATCCTCTGAT-1
GRCh38,ATGTTAATCCTGGTAA-1
GRCh38,ATGTTAATCCTTAATT-1
GRCh38,ATGTTAATCGTACAAT-1
GRCh38,ATGTTAATCGTGGCCA-1
GRCh38,ATGTTAATCGTTACCT-1
GRCh38,ATGTTAGGTACTAATG-1
GRCh38,ATGTTAGGTACTTCAT-1
GRCh38,ATGTTAGGTAGAGAAT-1
GRCh38,ATGTTAGGTATGCGCA-1
GRCh38,ATGTTAGGTATTGGGT-1
GRCh38,ATGTTAGGTCAGTTGG-1
GRCh38,ATGTTAGGTCCCTGAT-1
GRCh38,ATGTTAGGTCTTAGTT-1
GRCh38,ATGTTAGGTGCCAAAT-1
GRCh38,ATGTTAGGTGCTACAG-1
GRCh38,ATGTTCGAGAATTACC-1
GRCh38,ATGTTCGAGACGGAGC-1
GRCh38,ATGTTCGAGATCCGTA-1
GRCh38,ATGTTCGAGGCCTGAT-1
GRCh38,ATGTTCGAGGTCCACG-1
GRCh38,ATGTTCTGTAGCTTCC-1
GRCh38,ATGTTCTGTAGTATTG-1
GRCh38,ATGTTCTGTATCACGG-1
GRCh38,ATGTTCTGTCACGGCG-1
GRCh38,ATGTTCTGTCAGCATG-1
GRCh38,ATGTTCTGTCAGGTGC-1
GRCh38,ATGTTCTGTCATTCTG-1
GRCh38,ATGTTCTGTCCAACTC-1
GRCh38,ATGTTCTGTCCACGTT-1
GRCh38,ATGTTCTGTCGTGTCT-1
GRCh38,ATGTTCTGTGCTATGG-1
GRCh38,ATGTTGAGTATCAATG-1
GRCh38,ATGTTGAGTCGACAGC-1
GRCh38,ATGTTGAGTGGTGCGT-1
GRCh38,ATGTTGAGTGTCCGCC-1
GRCh38,ATGTTGAGTGTTACGG-1
GRCh38,ATGTTGAGTGTTATGA-1
GRCh38,ATTAAAGCAAGTATCC-1
GRCh38,ATTAAAGCACGATAAG-1
GRCh38,ATTAAAGCACGTTATA-1
GRCh38,ATTAAAGCACTCCTTA-1
GRCh38,ATTAAAGCAGCCTTAG-1
GRCh38,ATTAAAGCAGGCGTAG-1
GRCh38,ATTAAAGCAGGGCTAG-1
GRCh38,ATTAAAGCAGTAGCGG-1
GRCh38,ATTAACATCAATCCTC-1
GRCh38,ATTAACATCATAGTGT-1
GRCh38,ATTAACATCCCACTCA-1
GRCh38,ATTAACATCCCTAAAG-1
GRCh38,ATTAACATCGGACTTA-1
GRCh38,ATTAACATCGGTATGC-1
GRCh38,ATTAACATCGTTATGG-1
GRCh38,ATTAACCAGACAATGA-1
GRCh38,ATTAACCAGATCGTAT-1
GRCh38,ATTAACCAGGCAAGGC-1
GRCh38,ATTAACCAGGCGTTTA-1
GRCh38,ATTAACTCAAATGGCA-1
GRCh38,ATTAACTCAAGGACTA-1
GRCh38,ATTAACTCAAGTGTCT-1
GRCh38,ATTAACTCAATACCCG-1
GRCh38,ATTAACTCAATGGTAG-1
GRCh38,ATTAACTCACAGCACC-1
GRCh38,ATTAACTCACCGTACA-1
GRCh38,ATTAACTCACGAAGTA-1
GRCh38,ATTAACTCACGTAGCC-1
GRCh38,ATTAACTCAGCATCCA-1
GRCh38,ATTAACTCAGGTTTCG-1
GRCh38,ATTAAGACAACCTACG-1
GRCh38,ATTAAGACAACTCTCC-1
GRCh38,ATTAAGACAAGTAAAC-1
GRCh38,ATTAAGACAATGACGA-1
GRCh38,ATTAAGACACAACATC-1
GRCh38,ATTAAGACACATTTAG-1
GRCh38,ATTAAGACACGGTGCT-1
GRCh38,ATTAAGACACTACATA-1
GRCh38,ATTAAGACAGCCTTTC-1
GRCh38,ATTAAGACAGCTACGC-1
GRCh38,ATTAAGCTCAAGCCAC-1
GRCh38,ATTAAGCTCCAGCAAC-1
GRCh38,ATTAAGCTCCCGCTTA-1
GRCh38,ATTAAGCTCCGTCGTC-1
GRCh38,ATTAAGCTCCTGTACT-1
GRCh38,ATTAAGCTCGCAACGT-1
GRCh38,ATTAAGCTCGGACATC-1
GRCh38,ATTAAGCTCGGTGGTT-1
GRCh38,ATTAAGCTCGTGCAGT-1
GRCh38,ATTAAGGAGAGGTTGG-1
GRCh38,ATTAAGGAGCATAGGG-1
GRCh38,ATTAAGGAGCGTATAT-1
GRCh38,ATTAAGGAGCTCGTTT-1
GRCh38,ATTAAGGAGCTGTGCG-1
GRCh38,ATTAAGGAGGCGCTCA-1
GRCh38,ATTAATCCAACACCCA-1
GRCh38,ATTAATCCAACAGAGC-1
GRCh38,ATTAATCCAATACGTC-1
GRCh38,ATTAATCCAATTCATG-1
GRCh38,ATTAATCCACAAGGGT-1
GRCh38,ATTAATCCACAGGTCC-1
GRCh38,ATTAATCCACCTAACG-1
GRCh38,ATTAATCCACTGTAAC-1
GRCh38,ATTAATCCAGGCGTAG-1
GRCh38,ATTAATCCAGTAGGCG-1
GRCh38,ATTAATCCAGTGCAGG-1
GRCh38,ATTAATCCAGTTAACC-1
GRCh38,ATTAATGTCAACACGC-1
GRCh38,ATTAATGTCACTTGCT-1
GRCh38,ATTAATGTCATAGCAT-1
GRCh38,ATTAATGTCATGTCAG-1
GRCh38,ATTAATGTCCAACACA-1
GRCh38,ATTAATGTCCCACATT-1
GRCh38,ATTAATGTCCCATAAG-1
GRCh38,ATTAATGTCCTTATGC-1
GRCh38,ATTAATGTCCTTGTGT-1
GRCh38,ATTAATGTCGCCCTAC-1
GRCh38,ATTAATGTCGCGATGT-1
GRCh38,ATTAATGTCGGTAGCT-1
GRCh38,ATTACAATCATGCTTC-1
GRCh38,ATTACAATCATTCATT-1
GRCh38,ATTACAATCCTCTAAC-1
GRCh38,ATTACAATCGCGGAAA-1
GRCh38,ATTACAATCGGACTAC-1
GRCh38,ATTACAATCGTAATCG-1
GRCh38,ATTACAATCGTAGCTA-1
GRCh38,ATTACAATCGTGTCAA-1
GRCh38,ATTACACAGAACTGAA-1
GRCh38,ATTACACAGCAATGGG-1
GRCh38,ATTACACAGCACCATA-1
GRCh38,ATTACACAGCACTCAA-1
GRCh38,ATTACACAGCTATAAC-1
GRCh38,ATTACACAGGGCCATT-1
GRCh38,ATTACACAGGTCGCCA-1
GRCh38,ATTACAGGTAACAGAG-1
GRCh38,ATTACAGGTACCACCT-1
GRCh38,ATTACAGGTCCAGTTC-1
GRCh38,ATTACAGGTCCGCCTA-1
GRCh38,ATTACAGGTCTTAGTT-1
GRCh38,ATTACAGGTGCACTCT-1
GRCh38,ATTACAGGTGCATGGC-1
GRCh38,ATTACAGGTGTATGCG-1
GRCh38,ATTACAGGTGTTCTCA-1
GRCh38,ATTACCACAAATACCC-1
GRCh38,ATTACCACAACAGACA-1
GRCh38,ATTACCACAGCATCGC-1
GRCh38,ATTACCACAGGAATCA-1
GRCh38,ATTACCGAGACAACGG-1
GRCh38,ATTACCGAGCAAAGGT-1
GRCh38,ATTACCGAGCCACTAA-1
GRCh38,ATTACCGAGCGTATAT-1
GRCh38,ATTACCGAGGTCGACT-1
GRCh38,ATTACCTGTAAGGTTC-1
GRCh38,ATTACCTGTACATTTC-1
GRCh38,ATTACCTGTAGGCCCG-1
GRCh38,ATTACCTGTAGTGAGA-1
GRCh38,ATTACCTGTCGTAGGC-1
GRCh38,ATTACCTGTCTACGCT-1
GRCh38,ATTACCTGTGGAAATG-1
GRCh38,ATTACCTGTGGATATC-1
GRCh38,ATTACCTGTGGTATTA-1
GRCh38,ATTACGCCAATATTAC-1
GRCh38,ATTACGCCAATCCGCA-1
GRCh38,ATTACGCCAATGGTAG-1
GRCh38,ATTACGCCACAACTTA-1
GRCh38,ATTACGCCACGCAGTC-1
GRCh38,ATTACGCCACTTCGAG-1
GRCh38,ATTACGCCAGTGCGGA-1
GRCh38,ATTACGTAGAAGTGTA-1
GRCh38,ATTACGTAGACAAGTA-1
GRCh38,ATTACGTAGAGCAGAT-1
GRCh38,ATTACGTAGAGGCAGC-1
GRCh38,ATTACGTAGAGGGCGT-1
GRCh38,ATTACGTAGATTCAAC-1
GRCh38,ATTACGTAGCAGTATT-1
GRCh38,ATTACGTAGCCTGTGG-1
GRCh38,ATTACGTAGCGTTGAC-1
GRCh38,ATTACGTAGCTAAGGG-1
GRCh38,ATTACGTAGGGAATAC-1
GRCh38,ATTACGTAGGGGTAGC-1
GRCh38,ATTACGTAGGGTAGTG-1
GRCh38,ATTACTTTCAGGACTC-1
GRCh38,ATTACTTTCATAACAC-1
GRCh38,ATTACTTTCCAACATG-1
GRCh38,ATTACTTTCCCTACGC-1
GRCh38,ATTACTTTCCGTATAG-1
GRCh38,ATTACTTTCCTCAGGG-1
GRCh38,ATTACTTTCCTTATCA-1
GRCh38,ATTATCCGTAAACGGA-1
GRCh38,ATTATCCGTAACTTCT-1
GRCh38,ATTATCCGTAATTTCC-1
GRCh38,ATTATCCGTACTAATG-1
GRCh38,ATTATCCGTACTTATC-1
GRCh38,ATTATCCGTAGGCCGT-1
GRCh38,ATTATCCGTATGTACA-1
GRCh38,ATTATCCGTATTACAG-1
GRCh38,ATTATCCGTCATACAA-1
GRCh38,ATTATCCGTCGACTTC-1
GRCh38,ATTATCCGTCTCGATC-1
GRCh38,ATTATCCGTGCATGGC-1
GRCh38,ATTATCCGTGCTTCGT-1
GRCh38,ATTATCCGTGGCAATT-1
GRCh38,ATTATCCGTGTAAGCT-1
GRCh38,ATTATCCGTGTTAAGC-1
GRCh38,ATTATCGCAAAACGGC-1
GRCh38,ATTATCGCAAATATCT-1
GRCh38,ATTATCGCAACAGGGT-1
GRCh38,ATTATCGCAACGGGAT-1
GRCh38,ATTATCGCACCGCATA-1
GRCh38,ATTATCGCACGCAACC-1
GRCh38,ATTATCGCACGGCTAC-1
GRCh38,ATTATCGCACTGCAAT-1
GRCh38,ATTATCGCAGGCGTAG-1
GRCh38,ATTATCTTCAAATCCG-1
GRCh38,ATTATCTTCACATGTG-1
GRCh38,ATTATCTTCACATTAA-1
GRCh38,ATTATCTTCGCTTAAG-1
GRCh38,ATTATCTTCGTTATAA-1
GRCh38,ATTATGCAGAAAGCGT-1
GRCh38,ATTATGCAGAAAGTGC-1
GRCh38,ATTATGCAGACGTGTC-1
GRCh38,ATTATGCAGAGCCCCA-1
GRCh38,ATTATGCAGAGGGCGT-1
GRCh38,ATTATGCAGATCCTAG-1
GRCh38,ATTATGCAGCACCGCA-1
GRCh38,ATTATGCAGCCGCCAA-1
GRCh38,ATTATGCAGCGTTGAC-1
GRCh38,ATTATGCAGCGTTGCG-1
GRCh38,ATTATGCAGCTAATAC-1
GRCh38,ATTATGCAGCTACGCG-1
GRCh38,ATTATGCAGGTACCCG-1
GRCh38,ATTATGGGTAAGTCCG-1
GRCh38,ATTATGGGTCAGGCGT-1
GRCh38,ATTATGGGTCGGCTCC-1
GRCh38,ATTATGGGTCTCATAT-1
GRCh38,ATTATGGGTGTAAGTC-1
GRCh38,ATTCAAATCAAGCGTC-1
GRCh38,ATTCAAATCACCAATG-1
GRCh38,ATTCAAATCACGCTCC-1
GRCh38,ATTCAAATCAGCCTCC-1
GRCh38,ATTCAAATCCACCCAC-1
GRCh38,ATTCAAATCCATTCCG-1
GRCh38,ATTCAAATCCCAAAGC-1
GRCh38,ATTCAAATCCCCACGT-1
GRCh38,ATTCAAATCCCTAGGG-1
GRCh38,ATTCAAATCCGGTCGA-1
GRCh38,ATTCAAATCGGCTTAA-1
GRCh38,ATTCAACAGACACCGT-1
GRCh38,ATTCAACAGACATGGG-1
GRCh38,ATTCAACAGAGACTTT-1
GRCh38,ATTCAACAGAGCGGTA-1
GRCh38,ATTCAACAGAGGCGTA-1
GRCh38,ATTCAACAGATCACAT-1
GRCh38,ATTCAACAGATCCTGA-1
GRCh38,ATTCAACAGCAATTGT-1
GRCh38,ATTCAACAGCAGCTGT-1
GRCh38,ATTCAACAGCATAACT-1
GRCh38,ATTCAACAGCCATGAC-1
GRCh38,ATTCACGAGAAAGCTA-1
GRCh38,ATTCACGAGCATAGGG-1
GRCh38,ATTCACGAGCCATCGG-1
GRCh38,ATTCACGAGCGATGGA-1
GRCh38,ATTCACGAGCTTCTAC-1
GRCh38,ATTCACGAGGCATCCG-1
GRCh38,ATTCACGAGGCCACAT-1
GRCh38,ATTCACGAGGTAAGAC-1
GRCh38,ATTCAGAGTAAGGTCT-1
GRCh38,ATTCAGAGTACATATG-1
GRCh38,ATTCAGAGTACGGGTC-1
GRCh38,ATTCAGAGTAGGCTTG-1
GRCh38,ATTCAGAGTATGTCGG-1
GRCh38,ATTCAGAGTATGTTGA-1
GRCh38,ATTCAGAGTCGTAGAT-1
GRCh38,ATTCAGAGTGCGGAGA-1
GRCh38,ATTCAGAGTGGATTTA-1
GRCh38,ATTCAGAGTGTATCCC-1
GRCh38,ATTCAGCCAACGAACA-1
GRCh38,ATTCAGCCAAGCGCAG-1
GRCh38,ATTCAGCCAAGCGTTT-1
GRCh38,ATTCAGCCAAGTCATC-1
GRCh38,ATTCAGCCAATAGCGA-1
GRCh38,ATTCAGCCACTGACCA-1
GRCh38,ATTCAGCCAGCAGGAT-1
GRCh38,ATTCAGCCAGGGTTCC-1
GRCh38,ATTCAGCCAGTCACGC-1
GRCh38,ATTCAGCCAGTGATTC-1
GRCh38,ATTCAGTAGAAACCGG-1
GRCh38,ATTCAGTAGAACGTTT-1
GRCh38,ATTCAGTAGAAGGGTT-1
GRCh38,ATTCAGTAGAATATCC-1
GRCh38,ATTCAGTAGCAATCCA-1
GRCh38,ATTCAGTAGCTATCGA-1
GRCh38,ATTCAGTAGGCCATTA-1
GRCh38,ATTCAGTAGGCTCATA-1
GRCh38,ATTCATGCAACTGGAA-1
GRCh38,ATTCATGCAAGCATTC-1
GRCh38,ATTCATGCAAGCGCCT-1
GRCh38,ATTCATGCACAAACCT-1
GRCh38,ATTCATGCACCAGAGG-1
GRCh38,ATTCATGCACCCTAGA-1
GRCh38,ATTCATGCACTAAAGG-1
GRCh38,ATTCATGCAGTACTCG-1
GRCh38,ATTCATGCAGTCGGTC-1
GRCh38,ATTCATGCAGTTGGAA-1
GRCh38,ATTCATTTCAAATTGC-1
GRCh38,ATTCATTTCAGGTTCA-1
GRCh38,ATTCATTTCAGTCCGG-1
GRCh38,ATTCATTTCAGTTTGG-1
GRCh38,ATTCATTTCCAAGCGT-1
GRCh38,ATTCATTTCCAGTACA-1
GRCh38,ATTCATTTCCATCGGG-1
GRCh38,ATTCATTTCCCAGCCT-1
GRCh38,ATTCATTTCCCGTCTA-1
GRCh38,ATTCATTTCCGTATTC-1
GRCh38,ATTCATTTCCTCACGC-1
GRCh38,ATTCATTTCGTAAATC-1
GRCh38,ATTCATTTCGTTAATA-1
GRCh38,ATTCGACCACCTCTTA-1
GRCh38,ATTCGACCACTACTAA-1
GRCh38,ATTCGACCACTTCGAG-1
GRCh38,ATTCGACCAGCAACGG-1
GRCh38,ATTCGACCAGTATGGA-1
GRCh38,ATTCGATAGAGGACGC-1
GRCh38,ATTCGATAGATAAGCA-1
GRCh38,ATTCGATAGATGTGTT-1
GRCh38,ATTCGATAGCAGCGTT-1
GRCh38,ATTCGATAGCATCGAC-1
GRCh38,ATTCGATAGCCAAACC-1
GRCh38,ATTCGATAGCCATGGT-1
GRCh38,ATTCGATAGCGCTGCA-1
GRCh38,ATTCGATAGCGTCTAA-1
GRCh38,ATTCGATAGCTAATAC-1
GRCh38,ATTCGATAGCTGACAC-1
GRCh38,ATTCGATAGCTTGTCT-1
GRCh38,ATTCGATAGGGGAGCT-1
GRCh38,ATTCGCTTCACCATTC-1
GRCh38,ATTCGCTTCACCCTAT-1
GRCh38,ATTCGCTTCATGCAAT-1
GRCh38,ATTCGCTTCCATGGCG-1
GRCh38,ATTCGCTTCCGAATTG-1
GRCh38,ATTCGCTTCCGGCAAT-1
GRCh38,ATTCGCTTCCTCCGGT-1
GRCh38,ATTCGCTTCCTCGGCT-1
GRCh38,ATTCGCTTCGGCATTA-1
GRCh38,ATTCGGGGTAAACTGC-1
GRCh38,ATTCGGGGTAACCGTG-1
GRCh38,ATTCGGGGTACGCAAT-1
GRCh38,ATTCGGGGTAGTGCGC-1
GRCh38,ATTCGGGGTCAATATG-1
GRCh38,ATTCGGGGTGGCAATT-1
GRCh38,ATTCGGGGTGGCTCCC-1
GRCh38,ATTCGGGGTGGGAGTG-1
GRCh38,ATTCGGGGTGGGTATT-1
GRCh38,ATTCGGGGTGTAGCGC-1
GRCh38,ATTCGGTCAAACGCGG-1
GRCh38,ATTCGGTCAAATTGAA-1
GRCh38,ATTCGGTCAACCATAC-1
GRCh38,ATTCGGTCAATATTAC-1
GRCh38,ATTCGGTCAATGCGGG-1
GRCh38,ATTCGGTCAATTACGC-1
GRCh38,ATTCGGTCAATTCATG-1
GRCh38,ATTCGGTCACAACCCA-1
GRCh38,ATTCGGTCACCGGTTA-1
GRCh38,ATTCGGTCAGCGAAAC-1
GRCh38,ATTCGGTCAGCGTGCT-1
GRCh38,ATTCGGTCAGGAACGT-1
GRCh38,ATTCGTACAAGCAGTA-1
GRCh38,ATTCGTACACATATCA-1
GRCh38,ATTCGTACACGCTCAA-1
GRCh38,ATTCGTACAGTACGGG-1
GRCh38,ATTCGTCTCAACGTAT-1
GRCh38,ATTCGTCTCAAGCAAA-1
GRCh38,ATTCGTCTCACGGTTA-1
GRCh38,ATTCGTCTCCAATGTG-1
GRCh38,ATTCGTCTCCAATTGG-1
GRCh38,ATTCGTCTCCAGTAAT-1
GRCh38,ATTCGTCTCCGCTTCA-1
GRCh38,ATTCGTCTCGGAATGG-1
GRCh38,ATTCGTCTCGGCGATT-1
GRCh38,ATTCGTGAGAACATAG-1
GRCh38,ATTCGTGAGATAATCC-1
GRCh38,ATTCGTGAGATCACAT-1
GRCh38,ATTCGTGAGCAACAGG-1
GRCh38,ATTCGTGAGCACATCA-1
GRCh38,ATTCGTGAGCAGTATT-1
GRCh38,ATTCGTGAGCCTGCGA-1
GRCh38,ATTCGTGAGCGGCTTG-1
GRCh38,ATTCGTGAGCGTGGAA-1
GRCh38,ATTCGTGAGCTCTCCA-1
GRCh38,ATTCGTGAGGCTTGAC-1
GRCh38,ATTCGTGAGGGCTGAA-1
GRCh38,ATTCGTGAGGTAACCC-1
GRCh38,ATTCGTGAGGTCCTAA-1
GRCh38,ATTCGTTGTAACTCCC-1
GRCh38,ATTCGTTGTAATCAGC-1
GRCh38,ATTCGTTGTATCCGTC-1
GRCh38,ATTCGTTGTATGTTCT-1
GRCh38,ATTCGTTGTCACGCGG-1
GRCh38,ATTCGTTGTCAGTTCC-1
GRCh38,ATTCGTTGTCCTGTAC-1
GRCh38,ATTCGTTGTCGCGTCC-1
GRCh38,ATTCGTTGTCGGTATG-1
GRCh38,ATTCGTTGTCTCCGGC-1
GRCh38,ATTCGTTGTGTCGGGT-1
GRCh38,ATTCTAGCAAAACTCC-1
GRCh38,ATTCTAGCAAGCAGTA-1
GRCh38,ATTCTAGCAAGCATTC-1
GRCh38,ATTCTAGCAAGCTTCG-1
GRCh38,ATTCTAGCAATACCCG-1
GRCh38,ATTCTAGCAATTGCTA-1
GRCh38,ATTCTAGCACCCTAAG-1
GRCh38,ATTCTAGCACCGTTTC-1
GRCh38,ATTCTAGCACCTAAAC-1
GRCh38,ATTCTAGCACGCAACC-1
GRCh38,ATTCTAGCAGGAAACC-1
GRCh38,ATTCTAGCAGGCGTTC-1
GRCh38,ATTCTAGCAGTTGCCA-1
GRCh38,ATTCTCATCAAAGCAA-1
GRCh38,ATTCTCATCAATCGTG-1
GRCh38,ATTCTCATCACAGACC-1
GRCh38,ATTCTCATCACAGCTA-1
GRCh38,ATTCTCATCACATACG-1
GRCh38,ATTCTCATCAGTGGTC-1
GRCh38,ATTCTCATCCCTTCCT-1
GRCh38,ATTCTCATCCGTTCTG-1
GRCh38,ATTCTCATCCTAGTTC-1
GRCh38,ATTCTCATCGTACATG-1
GRCh38,ATTCTGTGTAATACTG-1
GRCh38,ATTCTGTGTAGCCTTC-1
GRCh38,ATTCTGTGTATCTTCG-1
GRCh38,ATTCTGTGTCTAAAGC-1
GRCh38,ATTCTGTGTGTCGATG-1
GRCh38,ATTGAAGAGAAGGCGC-1
GRCh38,ATTGAAGAGACAGTTT-1
GRCh38,ATTGAAGAGACGGCAA-1
GRCh38,ATTGAAGAGAGGTGAT-1
GRCh38,ATTGAAGAGATACGAA-1
GRCh38,ATTGAAGAGATCCTGA-1
GRCh38,ATTGAAGAGATGCCCG-1
GRCh38,ATTGAAGAGCTGCGTG-1
GRCh38,ATTGAAGAGGTGCCAT-1
GRCh38,ATTGACCCAAATCTCA-1
GRCh38,ATTGACCCAATACGGA-1
GRCh38,ATTGACCCACTATACA-1
GRCh38,ATTGACCCAGGAATCA-1
GRCh38,ATTGAGAAGACCTGTA-1
GRCh38,ATTGAGAAGAGGGATT-1
GRCh38,ATTGAGAAGATCCACA-1
GRCh38,ATTGAGAAGATGGAGT-1
GRCh38,ATTGAGAAGATGGGAT-1
GRCh38,ATTGAGAAGATTAACC-1
GRCh38,ATTGAGAAGCCATCGG-1
GRCh38,ATTGAGAAGCCCAACG-1
GRCh38,ATTGAGAAGCCCAAGT-1
GRCh38,ATTGAGAAGCGTACAC-1
GRCh38,ATTGAGAAGCTACACA-1
GRCh38,ATTGAGAAGGCGTCAT-1
GRCh38,ATTGAGAAGGGGATAT-1
GRCh38,ATTGAGAAGGTGAGAT-1
GRCh38,ATTGAGCGTACATTCT-1
GRCh38,ATTGAGCGTAGACTCG-1
GRCh38,ATTGAGCGTAGGACGG-1
GRCh38,ATTGAGCGTCATCAGG-1
GRCh38,ATTGAGCGTCCGAATG-1
GRCh38,ATTGAGCGTCTATTCG-1
GRCh38,ATTGAGCGTGTATGCG-1
GRCh38,ATTGAGCGTGTGTGAT-1
GRCh38,ATTGCATAGAGGATTA-1
GRCh38,ATTGCATAGATTGAAG-1
GRCh38,ATTGCCCGTAAATTCG-1
GRCh38,ATTGCCCGTACCACTC-1
GRCh38,ATTGCCCGTACTACGG-1
GRCh38,ATTGCCCGTAGTGCGC-1
GRCh38,ATTGCCCGTCACAGCA-1
GRCh38,ATTGCCCGTCGAGGGA-1
GRCh38,ATTGCCCGTCGGATAT-1
GRCh38,ATTGCGGGTAACTAGC-1
GRCh38,ATTGCGGGTAATCAGC-1
GRCh38,ATTGCGGGTAGTCGCA-1
GRCh38,ATTGCGGGTATCATTC-1
GRCh38,ATTGCGGGTATCTGCC-1
GRCh38,ATTGCGGGTATTGCTT-1
GRCh38,ATTGCGGGTCACTTTG-1
GRCh38,ATTGCGGGTCATACGG-1
GRCh38,ATTGCGGGTCCAGGGT-1
GRCh38,ATTGCGGGTCCTAGTC-1
GRCh38,ATTGCGGGTCTAGGGC-1
GRCh38,ATTGCGGGTGGGTAGG-1
GRCh38,ATTGCTACAAAATTTC-1
GRCh38,ATTGCTACAACTCTCC-1
GRCh38,ATTGCTACAATCACTA-1
GRCh38,ATTGCTACAATCCGGC-1
GRCh38,ATTGCTACAATGACGA-1
GRCh38,ATTGCTACACATTCAA-1
GRCh38,ATTGCTACACATTCCC-1
GRCh38,ATTGCTACACATTTAG-1
GRCh38,ATTGCTACACCCTATC-1
GRCh38,ATTGCTACACCCTGAA-1
GRCh38,ATTGCTACACCCTTAC-1
GRCh38,ATTGCTACACGCTGAC-1
GRCh38,ATTGCTACAGCAGGAT-1
GRCh38,ATTGCTACAGCAGGCA-1
GRCh38,ATTGCTACAGGTTTAC-1
GRCh38,ATTGCTCTCACCTCCA-1
GRCh38,ATTGCTCTCACGCGTG-1
GRCh38,ATTGCTCTCACTCATC-1
GRCh38,ATTGCTCTCATCGGCG-1
GRCh38,ATTGCTCTCATGGTGC-1
GRCh38,ATTGCTCTCATTAACA-1
GRCh38,ATTGCTCTCCAATTGG-1
GRCh38,ATTGCTCTCCCGTGTC-1
GRCh38,ATTGCTCTCCGATAGC-1
GRCh38,ATTGCTCTCCTCGTTG-1
GRCh38,ATTGCTCTCCTTCATA-1
GRCh38,ATTGCTCTCGCTGGCA-1
GRCh38,ATTGCTCTCGGGTTCG-1
GRCh38,ATTGCTTGTAAGTTGC-1
GRCh38,ATTGCTTGTAATGTTG-1
GRCh38,ATTGCTTGTACTGTGG-1
GRCh38,ATTGCTTGTAGCTGAT-1
GRCh38,ATTGCTTGTAGTCGGC-1
GRCh38,ATTGCTTGTATCGCAG-1
GRCh38,ATTGCTTGTATTGGGT-1
GRCh38,ATTGCTTGTCACCCGC-1
GRCh38,ATTGCTTGTCCAGCTT-1
GRCh38,ATTGCTTGTCCTTAAT-1
GRCh38,ATTGCTTGTCGCCGTC-1
GRCh38,ATTGCTTGTCGTTAGG-1
GRCh38,ATTGCTTGTCTCGATC-1
GRCh38,ATTGCTTGTGCGGGTT-1
GRCh38,ATTGCTTGTGCTTGCT-1
GRCh38,ATTGCTTGTGGGTCTA-1
GRCh38,ATTGGCATCAACGTTG-1
GRCh38,ATTGGCATCACTGGCG-1
GRCh38,ATTGGCATCCACATCT-1
GRCh38,ATTGGCATCCCACGCT-1
GRCh38,ATTGGCATCCTAAGCA-1
GRCh38,ATTGGCATCCTTCGCA-1
GRCh38,ATTGGCATCGCACTAA-1
GRCh38,ATTGGCATCGGTTAAT-1
GRCh38,ATTGGGCTCAACGGCT-1
GRCh38,ATTGGGCTCAAGCCAC-1
GRCh38,ATTGGGCTCACACGGT-1
GRCh38,ATTGGGCTCATAAGTC-1
GRCh38,ATTGGGCTCATGCCTT-1
GRCh38,ATTGGGCTCCAGCCTC-1
GRCh38,ATTGGGCTCCGGTCGA-1
GRCh38,ATTGGGCTCCTAGTCT-1
GRCh38,ATTGGGCTCGCTAATG-1
GRCh38,ATTGGGCTCGGCTAAC-1
GRCh38,ATTGGGCTCGTGGCAT-1
GRCh38,ATTGGGTGTAAAGCTC-1
GRCh38,ATTGGGTGTAAGCCAT-1
GRCh38,ATTGGGTGTAATCAGC-1
GRCh38,ATTGGGTGTATCCCCG-1
GRCh38,ATTGGGTGTCACGGGT-1
GRCh38,ATTGGGTGTCCTCTCC-1
GRCh38,ATTGGGTGTGCTATGG-1
GRCh38,ATTGGGTGTGTTAATG-1
GRCh38,ATTGGTAGTAACATTG-1
GRCh38,ATTGGTAGTATGTGCG-1
GRCh38,ATTGGTAGTCCCTGAT-1
GRCh38,ATTGGTAGTCTCTAAT-1
GRCh38,ATTGGTAGTCTGGCTT-1
GRCh38,ATTGGTAGTGCCTATC-1
GRCh38,ATTGGTAGTGCGATGC-1
GRCh38,ATTGGTAGTGGCGAAG-1
GRCh38,ATTGGTAGTGGGACCT-1
GRCh38,ATTGGTAGTGTATCTT-1
GRCh38,ATTGGTAGTGTTCAGG-1
GRCh38,ATTGGTTAGAGGGGTC-1
GRCh38,ATTGGTTAGATGTGAA-1
GRCh38,ATTGGTTAGCACCTTT-1
GRCh38,ATTGGTTAGCACTCAA-1
GRCh38,ATTGGTTAGCGTAGCT-1
GRCh38,ATTGGTTAGGGGGTAC-1
GRCh38,ATTGGTTAGGGGTACA-1
GRCh38,ATTGTAATCAACCAAT-1
GRCh38,ATTGTAATCAGTATCG-1
GRCh38,ATTGTAATCAGTCATG-1
GRCh38,ATTGTAATCCAAGCGT-1
GRCh38,ATTGTAATCCAATTCC-1
GRCh38,ATTGTAATCGCTTCCA-1
GRCh38,ATTGTAATCGTCATTC-1
GRCh38,ATTGTAGGTAAGCCAT-1
GRCh38,ATTGTAGGTAATCTTC-1
GRCh38,ATTGTAGGTACCCTTA-1
GRCh38,ATTGTAGGTATAGGGA-1
GRCh38,ATTGTAGGTCCTGCGC-1
GRCh38,ATTGTAGGTCGCTTCG-1
GRCh38,ATTGTAGGTCTATGTT-1
GRCh38,ATTGTATCAACGCGCT-1
GRCh38,ATTGTATCAATACCCG-1
GRCh38,ATTGTATCACACTACG-1
GRCh38,ATTGTATCACCGAATT-1
GRCh38,ATTGTATCACCTAACG-1
GRCh38,ATTGTATCACCTGTAG-1
GRCh38,ATTGTATCACCTTTCA-1
GRCh38,ATTGTATCACGCGAAG-1
GRCh38,ATTGTATCACTCTAGG-1
GRCh38,ATTGTATCAGCATTAC-1
GRCh38,ATTGTATCAGTACGAA-1
GRCh38,ATTGTATCAGTTAGTC-1
GRCh38,ATTGTCCTCACGATAT-1
GRCh38,ATTGTCCTCACTCCGC-1
GRCh38,ATTGTCCTCATAGCGC-1
GRCh38,ATTGTCCTCATGAGTT-1
GRCh38,ATTGTCCTCCATTCTA-1
GRCh38,ATTGTCCTCCCAGCCT-1
GRCh38,ATTGTCCTCCCCAACC-1
GRCh38,ATTGTCCTCCCTACAT-1
GRCh38,ATTGTCCTCCCTACCA-1
GRCh38,ATTGTCCTCCTGGGCA-1
GRCh38,ATTGTCCTCGGACTAC-1
GRCh38,ATTGTCCTCGGCCTTC-1
GRCh38,ATTGTCCTCGGTTCAA-1
GRCh38,ATTGTCCTCGTTGGCG-1
GRCh38,ATTGTCTGTACCCATC-1
GRCh38,ATTGTCTGTAGGGTAA-1
GRCh38,ATTGTCTGTATCCAGG-1
GRCh38,ATTGTCTGTATCTTGT-1
GRCh38,ATTGTCTGTATTCAGA-1
GRCh38,ATTGTCTGTCACTTAT-1
GRCh38,ATTGTCTGTCGTGAGC-1
GRCh38,ATTGTCTGTCGTGGTA-1
GRCh38,ATTGTCTGTGCCCCGT-1
GRCh38,ATTGTCTGTGCTCTGT-1
GRCh38,ATTGTCTGTGTGCATG-1
GRCh38,ATTGTGGTCAGAGAAC-1
GRCh38,ATTGTGGTCATATGGT-1
GRCh38,ATTGTGGTCCGTAACA-1
GRCh38,ATTGTGTAGAAGGGTT-1
GRCh38,ATTGTGTAGAGCGGAC-1
GRCh38,ATTGTGTAGATCCAAT-1
GRCh38,ATTGTGTAGATCGTAT-1
GRCh38,ATTGTGTAGATTCAAC-1
GRCh38,ATTGTGTAGCACTCAA-1
GRCh38,ATTGTGTAGCCTGACG-1
GRCh38,ATTGTGTAGCGGATAG-1
GRCh38,ATTGTGTAGCTAGCTA-1
GRCh38,ATTGTGTAGCTGTCGG-1
GRCh38,ATTGTGTAGGCGCATT-1
GRCh38,ATTGTGTAGGGAGCGT-1
GRCh38,ATTGTGTAGGTGCGAA-1
GRCh38,CAAACCATCAAGTCGC-1
GRCh38,CAAACCATCAGCATTG-1
GRCh38,CAAACCATCCATCGCC-1
GRCh38,CAAACCATCCCAAGTA-1
GRCh38,CAAACCCAGAATGCCC-1
GRCh38,CAAACCCAGACTCCAA-1
GRCh38,CAAACCCAGACTGCCG-1
GRCh38,CAAACCCAGAGCAACG-1
GRCh38,CAAACCCAGATCCGAC-1
GRCh38,CAAACCCAGATGGGGC-1
GRCh38,CAAACCCAGATTCAAC-1
GRCh38,CAAACCCAGCACGGAA-1
GRCh38,CAAACCCAGCATAATC-1
GRCh38,CAAACCCAGCGTAACC-1
GRCh38,CAAACCCAGCTATCGA-1
GRCh38,CAAACCCAGCTCGAAC-1
GRCh38,CAAACCCAGCTGTCGG-1
GRCh38,CAAACCCAGGCGTTAC-1
GRCh38,CAAACCCAGGGCGAGT-1
GRCh38,CAAACCCAGGGGCTTT-1
GRCh38,CAAACCCAGGTAATTC-1
GRCh38,CAAACCCAGGTCGCAT-1
GRCh38,CAAACCTCAACATACC-1
GRCh38,CAAACCTCAACCCGTA-1
GRCh38,CAAACCTCAACGGGAT-1
GRCh38,CAAACCTCAAGGTTCT-1
GRCh38,CAAACCTCAATGACAG-1
GRCh38,CAAACCTCAATGGCCC-1
GRCh38,CAAACCTCACGCAGCT-1
GRCh38,CAAACCTCACTCGAGC-1
GRCh38,CAAACCTCACTGGGAG-1
GRCh38,CAAACCTCACTTGACG-1
GRCh38,CAAACCTCAGCAGGAT-1
GRCh38,CAAACCTCAGCGTATT-1
GRCh38,CAAACCTCAGGAAAGG-1
GRCh38,CAAACCTCAGGATCAA-1
GRCh38,CAAACCTCAGGGTGCA-1
GRCh38,CAAACCTCAGTACTCG-1
GRCh38,CAAACGGAGAGCCTGT-1
GRCh38,CAAACGGAGCACAAGG-1
GRCh38,CAAACGGAGCCCAACG-1
GRCh38,CAAACGGAGCCGTTGG-1
GRCh38,CAAACGGAGGGAGATT-1
GRCh38,CAAACGGAGGGAGGTC-1
GRCh38,CAAACGTGTACTACGG-1
GRCh38,CAAACGTGTACTTGGG-1
GRCh38,CAAACGTGTATTCGTT-1
GRCh38,CAAACGTGTCACGCCC-1
GRCh38,CAAACGTGTCCGCATT-1
GRCh38,CAAACGTGTCCTACGT-1
GRCh38,CAAACGTGTCTGGATG-1
GRCh38,CAAACGTGTGGTGTCA-1
GRCh38,CAAACTTAGACAATAG-1
GRCh38,CAAACTTAGAGAGAGA-1
GRCh38,CAAACTTAGATAGCGG-1
GRCh38,CAAACTTAGCCACTAA-1
GRCh38,CAAACTTAGCGGGTTT-1
GRCh38,CAAACTTAGCGTTACA-1
GRCh38,CAAACTTAGGCTAAGG-1
GRCh38,CAAACTTAGGCTTTGA-1
GRCh38,CAAACTTAGGGGCTTT-1
GRCh38,CAAACTTAGGTAGGAT-1
GRCh38,CAAAGCCTCAGACTGC-1
GRCh38,CAAAGCCTCCATGGGT-1
GRCh38,CAAAGCCTCCATTCAC-1
GRCh38,CAAAGCCTCCATTCTA-1
GRCh38,CAAAGCCTCCGCGGTA-1
GRCh38,CAAAGCCTCGCTGAGT-1
GRCh38,CAAAGCCTCGGGCTTG-1
GRCh38,CAAAGCGAGAGTGGCA-1
GRCh38,CAAAGCGAGCATGTCA-1
GRCh38,CAAAGCGAGCCCTAGG-1
GRCh38,CAAAGCGAGCTGACAC-1
GRCh38,CAAAGCGAGCTTCTAC-1
GRCh38,CAAAGCTGTAACTTTC-1
GRCh38,CAAAGCTGTAGGGAGT-1
GRCh38,CAAAGCTGTCAGGCGT-1
GRCh38,CAAAGCTGTGGAGTGG-1
GRCh38,CAAAGCTGTGTGTGCA-1
GRCh38,CAAAGGAGTACCAGAT-1
GRCh38,CAAAGGAGTACTCTAT-1
GRCh38,CAAAGGAGTAGTATTG-1
GRCh38,CAAAGGAGTCCAGGGT-1
GRCh38,CAAAGGAGTCCTTGCG-1
GRCh38,CAAAGGAGTCTCGAAG-1
GRCh38,CAAAGGAGTGGAAGTA-1
GRCh38,CAAAGGAGTGGGAGAT-1
GRCh38,CAAAGGAGTGGTGATT-1
GRCh38,CAAAGGAGTGGTTTGG-1
GRCh38,CAAAGGAGTGTGTATA-1
GRCh38,CAAAGGAGTGTTGTGG-1
GRCh38,CAAAGGTAGAATACGA-1
GRCh38,CAAAGGTAGCCGATTA-1
GRCh38,CAAAGGTAGCCGGATT-1
GRCh38,CAAAGGTAGCGCATAC-1
GRCh38,CAAAGGTAGCGCTGTG-1
GRCh38,CAAAGGTAGGGCCTTG-1
GRCh38,CAAAGTAAGAATGCCC-1
GRCh38,CAAAGTAAGAGCATGG-1
GRCh38,CAAAGTAAGAGGTATA-1
GRCh38,CAAAGTAAGCAATCCA-1
GRCh38,CAAAGTAAGCAATGTT-1
GRCh38,CAAAGTAAGCGCATTA-1
GRCh38,CAAAGTAAGGCGGAGT-1
GRCh38,CAAAGTAAGGCTTGCG-1
GRCh38,CAAAGTAAGGTAAATG-1
GRCh38,CAAATCCCAAACACTC-1
GRCh38,CAAATCCCAAACATGG-1
GRCh38,CAAATCCCACATAATT-1
GRCh38,CAAATCCCACTCGAGC-1
GRCh38,CAAATCCCAGCGGACA-1
GRCh38,CAAATCCCAGGGGCTA-1
GRCh38,CAAATCCCAGTCATAC-1
GRCh38,CAAATCGTCAAAGGGT-1
GRCh38,CAAATCGTCACCACTT-1
GRCh38,CAAATCGTCAGTATGT-1
GRCh38,CAAATCGTCAGTTGTG-1
GRCh38,CAAATCGTCCATTGTC-1
GRCh38,CAAATCGTCCCGTAAA-1
GRCh38,CAAATCGTCCGGCATG-1
GRCh38,CAAATCGTCCTCCAAT-1
GRCh38,CAAATCGTCCTTCATA-1
GRCh38,CAAATGAAGAGTCTTG-1
GRCh38,CAAATGAAGAGTTAAG-1
GRCh38,CAAATGAAGCATTCGA-1
GRCh38,CAAATGAAGGCTAGAG-1
GRCh38,CAAATGAAGGTAGCAG-1
GRCh38,CAAATGGCAAACCATC-1
GRCh38,CAAATGGCAAGCGCAG-1
GRCh38,CAAATGGCACGTCAGC-1
GRCh38,CAAATGGCAGGGTTCC-1
GRCh38,CAAATGGCAGTCTAAC-1
GRCh38,CAAATGTTCAAGGGGC-1
GRCh38,CAAATGTTCAATATGC-1
GRCh38,CAAATGTTCAGTATGT-1
GRCh38,CAAATGTTCATACGTG-1
GRCh38,CAAATGTTCCAAGTGC-1
GRCh38,CAAATGTTCCATACCT-1
GRCh38,CAAATGTTCCCAGTAA-1
GRCh38,CAAATGTTCCCCAATT-1
GRCh38,CAAATGTTCCGGAATC-1
GRCh38,CAAATGTTCGGACGTT-1
GRCh38,CAAATTATCACTGGCG-1
GRCh38,CAAATTATCAGCTTAG-1
GRCh38,CAAATTATCCATGGCG-1
GRCh38,CAAATTATCCCATCTG-1
GRCh38,CAAATTATCCTCCACA-1
GRCh38,CAAATTATCGCAACGT-1
GRCh38,CAAATTATCGTGTAAT-1
GRCh38,CAAATTCAGAAAGCGT-1
GRCh38,CAAATTCAGAAGGGCC-1
GRCh38,CAAATTCAGACGTATT-1
GRCh38,CAAATTCAGAGTGCGA-1
GRCh38,CAAATTCAGATAAGTG-1
GRCh38,CAAATTCAGCCGACAT-1
GRCh38,CAAATTCAGCGCACAT-1
GRCh38,CAAATTCAGCGGGATA-1
GRCh38,CAAATTCAGCTCATAG-1
GRCh38,CAAATTCAGCTCGATA-1
GRCh38,CAAATTCAGCTGACCG-1
GRCh38,CAAATTCAGGGGTTAG-1
GRCh38,CAAATTCAGGGTAGTG-1
GRCh38,CAAATTCAGGGTTAGG-1
GRCh38,CAAATTCAGGTAGAGT-1
GRCh38,CAACACATCAAGCCAC-1
GRCh38,CAACACATCACGTCCC-1
GRCh38,CAACACATCATGCTTC-1
GRCh38,CAACACATCCAACGTA-1
GRCh38,CAACACATCCAGTAGC-1
GRCh38,CAACACATCCAGTCCC-1
GRCh38,CAACACATCGCGTCAG-1
GRCh38,CAACACATCGGCTAAC-1
GRCh38,CAACACATCGTGTCAA-1
GRCh38,CAACAGACAAAGTATA-1
GRCh38,CAACAGACAAAGTCTC-1
GRCh38,CAACAGACAACAACCT-1
GRCh38,CAACAGACAACCTACG-1
GRCh38,CAACAGACAACGGACG-1
GRCh38,CAACAGACAACGTCGC-1
GRCh38,CAACAGACAATATTCG-1
GRCh38,CAACAGACAATTCTAG-1
GRCh38,CAACAGACACACCGTA-1
GRCh38,CAACAGACACCCAAAT-1
GRCh38,CAACAGACACTAACGT-1
GRCh38,CAACAGACACTAGGCC-1
GRCh38,CAACAGACAGTACTCG-1
GRCh38,CAACAGCTCAGCCATA-1
GRCh38,CAACAGCTCAGGGGTA-1
GRCh38,CAACAGCTCCGACGCA-1
GRCh38,CAACAGCTCCGTGTCC-1
GRCh38,CAACAGCTCCTAAGCA-1
GRCh38,CAACAGCTCCTCGAAA-1
GRCh38,CAACAGCTCGCATCGG-1
GRCh38,CAACAGCTCGGTATTG-1
GRCh38,CAACAGGAGAGGTGAT-1
GRCh38,CAACAGGAGATCCAAT-1
GRCh38,CAACAGGAGCAGGGAC-1
GRCh38,CAACAGGAGCATGTTG-1
GRCh38,CAACAGGAGCGAAACG-1
GRCh38,CAACAGGAGCGCCTAG-1
GRCh38,CAACAGGAGCGGATTC-1
GRCh38,CAACAGGAGCTACGAC-1
GRCh38,CAACAGGAGCTCTAGA-1
GRCh38,CAACAGGAGCTGGTTA-1
GRCh38,CAACAGGAGGGAAACT-1
GRCh38,CAACAGGAGGGGGCAT-1
GRCh38,CAACAGGAGGTGAGAT-1
GRCh38,CAACATCCAAAGTCTC-1
GRCh38,CAACATCCAACAGCCC-1
GRCh38,CAACATCCAAGGATCA-1
GRCh38,CAACATCCAATAGCCT-1
GRCh38,CAACATCCACATAATT-1
GRCh38,CAACATCCACTTATAG-1
GRCh38,CAACATCCAGCATTTA-1
GRCh38,CAACATCCAGTACAAG-1
GRCh38,CAACATGTCAAATCCG-1
GRCh38,CAACATGTCACTGCAA-1
GRCh38,CAACATGTCAGCATAT-1
GRCh38,CAACATGTCATACTCC-1
GRCh38,CAACATGTCATTCAAA-1
GRCh38,CAACATGTCCACCATT-1
GRCh38,CAACATGTCCACCTAT-1
GRCh38,CAACATGTCCATCGCC-1
GRCh38,CAACATGTCCATCTAC-1
GRCh38,CAACATGTCCGTCATT-1
GRCh38,CAACATTAGAGTCCCG-1
GRCh38,CAACATTAGAGTCTTG-1
GRCh38,CAACATTAGCTTAGGC-1
GRCh38,CAACATTAGGTAACCC-1
GRCh38,CAACATTAGGTAAGAC-1
GRCh38,CAACCCACAACCCTAG-1
GRCh38,CAACCCACAAGGGTTA-1
GRCh38,CAACCCACAAGTCGAA-1
GRCh38,CAACCCACAATACGGA-1
GRCh38,CAACCCACAATATTCG-1
GRCh38,CAACCCACAATGACCT-1
GRCh38,CAACCCACAATGGGAC-1
GRCh38,CAACCCACACAATACC-1
GRCh38,CAACCCACACGCGTAC-1
GRCh38,CAACCCACACGTCAGC-1
GRCh38,CAACCCGAGAAATTGG-1
GRCh38,CAACCCGAGAATGCGG-1
GRCh38,CAACCCGAGATGCATT-1
GRCh38,CAACCCGAGCACTATG-1
GRCh38,CAACCCGAGCCAAATT-1
GRCh38,CAACCCGAGCCACATA-1
GRCh38,CAACCCGAGCCATATG-1
GRCh38,CAACCCGAGCGCTATA-1
GRCh38,CAACCCGAGCGGATAG-1
GRCh38,CAACCCTGTAATCTAG-1
GRCh38,CAACCCTGTATGAGAG-1
GRCh38,CAACCCTGTATGGGTT-1
GRCh38,CAACCCTGTCAATTCT-1
GRCh38,CAACCCTGTCAGCGTA-1
GRCh38,CAACCCTGTCCCTTGG-1
GRCh38,CAACCCTGTCCGGCCT-1
GRCh38,CAACCCTGTCCTGTAC-1
GRCh38,CAACCCTGTCCTTAGC-1
GRCh38,CAACCCTGTCGAGGGA-1
GRCh38,CAACCCTGTCGTCAGA-1
GRCh38,CAACCCTGTCTTGTGC-1
GRCh38,CAACCCTGTGGAGCCT-1
GRCh38,CAACCGTAGAGCGAAT-1
GRCh38,CAACCGTAGATAAGCA-1
GRCh38,CAACCGTAGATGCGAG-1
GRCh38,CAACCGTAGCACTTTC-1
GRCh38,CAACCGTAGCCTGCGA-1
GRCh38,CAACCGTAGCTGATAT-1
GRCh38,CAACCGTAGCTGCGAT-1
GRCh38,CAACCGTAGGGAGCTA-1
GRCh38,CAACCTCGTAAGGTAG-1
GRCh38,CAACCTCGTGGACTGC-1
GRCh38,CAACCTCGTGGTTCGA-1
GRCh38,CAACCTTTCAAGGGTG-1
GRCh38,CAACCTTTCACATTAA-1
GRCh38,CAACCTTTCACTTACC-1
GRCh38,CAACCTTTCATTAACA-1
GRCh38,CAACCTTTCCATATGG-1
GRCh38,CAACCTTTCCCGCACT-1
GRCh38,CAACCTTTCCCTTCGA-1
GRCh38,CAACCTTTCCGAAACC-1
GRCh38,CAACCTTTCCGAACAC-1
GRCh38,CAACCTTTCCGTTACT-1
GRCh38,CAACCTTTCCTCGTTG-1
GRCh38,CAACCTTTCCTCTGGC-1
GRCh38,CAACCTTTCGCGTATA-1
GRCh38,CAACGAACAAATATCT-1
GRCh38,CAACGAACAAATTGCC-1
GRCh38,CAACGAACAACATGCT-1
GRCh38,CAACGAACAACGTCCA-1
GRCh38,CAACGAACAAGCGCGA-1
GRCh38,CAACGAACAATCGGCC-1
GRCh38,CAACGAACACCAACAT-1
GRCh38,CAACGAACACTGACGC-1
GRCh38,CAACGAACAGGATAGC-1
GRCh38,CAACGAGAGAAATTGG-1
GRCh38,CAACGAGAGAGACGCA-1
GRCh38,CAACGAGAGCATGTTG-1
GRCh38,CAACGAGAGCATTCAG-1
GRCh38,CAACGAGAGCCCAAGT-1
GRCh38,CAACGAGAGCCGCTGA-1
GRCh38,CAACGAGAGCGTTGTA-1
GRCh38,CAACGAGAGGCTCGAT-1
GRCh38,CAACGAGAGGTTGGAG-1
GRCh38,CAACGCCCAACGCTCA-1
GRCh38,CAACGCCCAAGAATTA-1
GRCh38,CAACGCCCAAGCCATT-1
GRCh38,CAACGCCCAAGCGTCC-1
GRCh38,CAACGCCCACCCTATC-1
GRCh38,CAACGCCCACTACATA-1
GRCh38,CAACGCCCACTAGGAA-1
GRCh38,CAACGCCCAGCAATCT-1
GRCh38,CAACGCCCAGGTGCGA-1
GRCh38,CAACGCCCAGTATGCT-1
GRCh38,CAACGGGCAAGAGAGG-1
GRCh38,CAACGGGCAAGCATAG-1
GRCh38,CAACGGGCAAGGCTCC-1
GRCh38,CAACGGGCAAGGTTCT-1
GRCh38,CAACGGGCACCACGGT-1
GRCh38,CAACGGGCACCATTAA-1
GRCh38,CAACGGGCACGAAGGT-1
GRCh38,CAACGGGCACGAAGTA-1
GRCh38,CAACGGGCAGGCGACA-1
GRCh38,CAACGGGCAGTAACCT-1
GRCh38,CAACGTATCAATTGGT-1
GRCh38,CAACGTATCCAGCCCT-1
GRCh38,CAACGTATCCCACCGT-1
GRCh38,CAACGTATCCCTAGTT-1
GRCh38,CAACGTATCGGAAAGT-1
GRCh38,CAACGTATCGGTCAAC-1
GRCh38,CAACGTATCGTTCTAC-1
GRCh38,CAACGTCAGAATACAG-1
GRCh38,CAACGTCAGACTCCAA-1
GRCh38,CAACGTCAGAGGCTGA-1
GRCh38,CAACGTCAGATAACGA-1
GRCh38,CAACGTCAGATCTGCA-1
GRCh38,CAACGTCAGATGGGAT-1
GRCh38,CAACGTCAGCAAGCCT-1
GRCh38,CAACGTCAGCACCACG-1
GRCh38,CAACGTCAGCAGCGAA-1
GRCh38,CAACGTCAGCCTTAAG-1
GRCh38,CAACGTCAGGCTTACA-1
GRCh38,CAACGTCAGGGGAGCT-1
GRCh38,CAACGTCAGGTAAGGT-1
GRCh38,CAACGTGGTAAGGTCT-1
GRCh38,CAACGTGGTAGGAGTA-1
GRCh38,CAACGTGGTCACACCT-1
GRCh38,CAACGTGGTCACGTAG-1
GRCh38,CAACGTGGTCCTCTCC-1
GRCh38,CAACGTGGTCGACTAG-1
GRCh38,CAACGTGGTCGGTGTA-1
GRCh38,CAACGTGGTGGTGTCA-1
GRCh38,CAACGTGGTGTAACGT-1
GRCh38,CAACGTGGTGTAGGTT-1
GRCh38,CAACTACCAAGGGTTA-1
GRCh38,CAACTACCAATGCATC-1
GRCh38,CAACTACCAGGTAAAT-1
GRCh38,CAACTCCGTAACTGCG-1
GRCh38,CAACTCCGTAAGTGAG-1
GRCh38,CAACTCCGTACGCTGA-1
GRCh38,CAACTCCGTAGTGAGA-1
GRCh38,CAACTCCGTATTGCCC-1
GRCh38,CAACTCCGTCACGCCC-1
GRCh38,CAACTCCGTCCTTGCG-1
GRCh38,CAACTCCGTCGCAGTA-1
GRCh38,CAACTCCGTCTAAATG-1
GRCh38,CAACTCCGTGCATCAG-1
GRCh38,CAACTCCGTGCCAAAT-1
GRCh38,CAACTCCGTGTCCGGG-1
GRCh38,CAACTCCGTGTGCCTT-1
GRCh38,CAACTCGCAATTGCTA-1
GRCh38,CAACTCGCACCCTATC-1
GRCh38,CAACTCGCACTCGGAC-1
GRCh38,CAACTCGCAGCATTTA-1
GRCh38,CAACTCGCAGCGGTCT-1
GRCh38,CAACTCGCAGCTAAAG-1
GRCh38,CAACTCGCAGGTAACA-1
GRCh38,CAACTTACAACGTTCG-1
GRCh38,CAACTTACAATATGTT-1
GRCh38,CAACTTACAATCAAGG-1
GRCh38,CAACTTACACAACATC-1
GRCh38,CAACTTACACCAATTA-1
GRCh38,CAACTTACACTACTAA-1
GRCh38,CAACTTACAGCGACGA-1
GRCh38,CAACTTACAGGGACAT-1
GRCh38,CAACTTACAGGGATTA-1
GRCh38,CAACTTACAGTAAACG-1
GRCh38,CAACTTACAGTCATAC-1
GRCh38,CAACTTACAGTGTAAG-1
GRCh38,CAACTTCTCAGGCTGT-1
GRCh38,CAACTTCTCATAATGC-1
GRCh38,CAACTTCTCCAGTCAA-1
GRCh38,CAACTTCTCCCTGCAC-1
GRCh38,CAACTTCTCGCCAATA-1
GRCh38,CAACTTCTCGGTTACA-1
GRCh38,CAACTTCTCGTTGCAA-1
GRCh38,CAAGACACAACAATTT-1
GRCh38,CAAGACACAACTAACC-1
GRCh38,CAAGACACACAATAGG-1
GRCh38,CAAGACACACAGTGCC-1
GRCh38,CAAGACACACATTCGG-1
GRCh38,CAAGACACACCTACCT-1
GRCh38,CAAGACACACTAAGGA-1
GRCh38,CAAGACACAGGAACCG-1
GRCh38,CAAGACACAGTCCTCT-1
GRCh38,CAAGACCTCAATCGGC-1
GRCh38,CAAGACCTCAATGTAC-1
GRCh38,CAAGACCTCAGCAGTC-1
GRCh38,CAAGACCTCAGTGAAA-1
GRCh38,CAAGACCTCCACACCC-1
GRCh38,CAAGACCTCGCGACAT-1
GRCh38,CAAGACCTCGCTTACT-1
GRCh38,CAAGACCTCGTTCGCC-1
GRCh38,CAAGACGAGACCAATT-1
GRCh38,CAAGACGAGAGGTACG-1
GRCh38,CAAGACGAGATATCAC-1
GRCh38,CAAGACGAGATGGTTT-1
GRCh38,CAAGACGAGCGGATTC-1
GRCh38,CAAGACGAGCTCCTCA-1
GRCh38,CAAGACGAGCTTGGCG-1
GRCh38,CAAGACGAGGTATTGT-1
GRCh38,CAAGACGAGGTGCTAC-1
GRCh38,CAAGAGTAGAGCGTAG-1
GRCh38,CAAGAGTAGCACCTTT-1
GRCh38,CAAGAGTAGCTACTTC-1
GRCh38,CAAGAGTAGCTTAGGC-1
GRCh38,CAAGAGTAGGCAACGA-1
GRCh38,CAAGAGTAGGCGAATG-1
GRCh38,CAAGAGTAGGCTACCG-1
GRCh38,CAAGAGTAGGGACACA-1
GRCh38,CAAGAGTAGGGTCGTT-1
GRCh38,CAAGATAAGACGACAG-1
GRCh38,CAAGATAAGACTCGAC-1
GRCh38,CAAGATAAGAGGCACA-1
GRCh38,CAAGATAAGAGGTGAT-1
GRCh38,CAAGATAAGCCCACAG-1
GRCh38,CAAGATAAGCCCATTT-1
GRCh38,CAAGATAAGCGATGAG-1
GRCh38,CAAGCCCCAAACCTTA-1
GRCh38,CAAGCCCCAAACTCTA-1
GRCh38,CAAGCCCCAAATATAG-1
GRCh38,CAAGCCCCAACCTAGT-1
GRCh38,CAAGCCCCAACCTTAA-1
GRCh38,CAAGCCCCAAGCCGTC-1
GRCh38,CAAGCCCCAAGCGTAA-1
GRCh38,CAAGCCCCAAGTACAG-1
GRCh38,CAAGCCCCAATTAATC-1
GRCh38,CAAGCCCCACCTTACC-1
GRCh38,CAAGCCCCACTATACA-1
GRCh38,CAAGCCCCAGGCTCTA-1
GRCh38,CAAGCCCCAGTGCTCA-1
GRCh38,CAAGCCTAGAAACGTA-1
GRCh38,CAAGCCTAGAGCTTTG-1
GRCh38,CAAGCCTAGCACTCCC-1
GRCh38,CAAGCCTAGCATTAAC-1
GRCh38,CAAGCCTAGCGTGTCG-1
GRCh38,CAAGCGAAGAATGCCC-1
GRCh38,CAAGCGAAGCCTTTAC-1
GRCh38,CAAGCGAAGCGACGTT-1
GRCh38,CAAGCGAAGCGCCCAA-1
GRCh38,CAAGCGAAGCTAGTTG-1
GRCh38,CAAGCGAAGCTGATAT-1
GRCh38,CAAGCGAAGGCAACAG-1
GRCh38,CAAGCGAAGGCCATAC-1
GRCh38,CAAGCGAAGGCGCTTG-1
GRCh38,CAAGCGAAGGCTCACG-1
GRCh38,CAAGCGGCAAAAGGCC-1
GRCh38,CAAGCGGCAAACGTTC-1
GRCh38,CAAGCGGCAAACTCAC-1
GRCh38,CAAGCGGCAAAGCCGG-1
GRCh38,CAAGCGGCAAGGCACG-1
GRCh38,CAAGCGGCACATTAGC-1
GRCh38,CAAGCGGCACGGGTAG-1
GRCh38,CAAGCGGCACTCCATC-1
GRCh38,CAAGCGGCACTTCTCA-1
GRCh38,CAAGCGGCAGCAGCCT-1
GRCh38,CAAGCGGCAGTACATC-1
GRCh38,CAAGCGTTCATGGTTG-1
GRCh38,CAAGCGTTCCAGGTGT-1
GRCh38,CAAGCTATCAAATTGC-1
GRCh38,CAAGCTATCACCTCCA-1
GRCh38,CAAGCTATCACGACTA-1
GRCh38,CAAGCTATCACGCTAA-1
GRCh38,CAAGCTATCATATGGT-1
GRCh38,CAAGCTATCCACAGGT-1
GRCh38,CAAGCTATCCATTCCG-1
GRCh38,CAAGCTATCCGAATGC-1
GRCh38,CAAGCTATCGCAACGT-1
GRCh38,CAAGCTATCGGTCAAC-1
GRCh38,CAAGCTCAGAACTAAG-1
GRCh38,CAAGCTCAGAGGGATT-1
GRCh38,CAAGCTCAGATTACGT-1
GRCh38,CAAGCTCAGCAATTCG-1
GRCh38,CAAGCTCAGCAGCGTT-1
GRCh38,CAAGCTCAGCCAAAGG-1
GRCh38,CAAGCTCAGCCTCTTG-1
GRCh38,CAAGCTCAGCTGCTAA-1
GRCh38,CAAGCTCAGGTAATTC-1
GRCh38,CAAGGCAAGAAATCAG-1
GRCh38,CAAGGCAAGAACGGAT-1
GRCh38,CAAGGCAAGACAGTTT-1
GRCh38,CAAGGCAAGACGCTGT-1
GRCh38,CAAGGCAAGAGAATTG-1
GRCh38,CAAGGCAAGAGCGACA-1
GRCh38,CAAGGCAAGAGGTACG-1
GRCh38,CAAGGCAAGATGGTTT-1
GRCh38,CAAGGCAAGCACGGAA-1
GRCh38,CAAGGCAAGCCCTTAT-1
GRCh38,CAAGGCAAGCTAGTAT-1
GRCh38,CAAGGCAAGGGTACAG-1
GRCh38,CAAGGCAAGGTCGGTT-1
GRCh38,CAAGGCCGTACCACTC-1
GRCh38,CAAGGCCGTACTTCGC-1
GRCh38,CAAGGCCGTAGCCTCT-1
GRCh38,CAAGGCCGTATCCGGA-1
GRCh38,CAAGGCCGTCGTAGTG-1
GRCh38,CAAGGCCGTCGTTCCG-1
GRCh38,CAAGGCCGTCGTTTCA-1
GRCh38,CAAGGCCGTGCGAGGA-1
GRCh38,CAAGGCCGTGGTCAGC-1
GRCh38,CAAGGCGCAAAGCTAG-1
GRCh38,CAAGGCGCAAATTGGG-1
GRCh38,CAAGGCGCAACAGAGC-1
GRCh38,CAAGGCGCAACAGCGG-1
GRCh38,CAAGGCGCAAGTCTCG-1
GRCh38,CAAGGCGCAATGTGTC-1
GRCh38,CAAGGCGCACAACATC-1
GRCh38,CAAGGCGCACAAGCCC-1
GRCh38,CAAGGCGCACATCACG-1
GRCh38,CAAGGCGCACGCACTA-1
GRCh38,CAAGGCGCACGTAAAG-1
GRCh38,CAAGGCGCACTTCGTC-1
GRCh38,CAAGGCGCAGCATGAA-1
GRCh38,CAAGGCGCAGCTTTAA-1
GRCh38,CAAGGCGCAGGTTAGA-1
GRCh38,CAAGGGCAGACCTACA-1
GRCh38,CAAGGGCAGACGGGGT-1
GRCh38,CAAGGGCAGACTTCAG-1
GRCh38,CAAGGGCAGAGTTAGA-1
GRCh38,CAAGGGCAGATCACAT-1
GRCh38,CAAGGGCAGATTGAGA-1
GRCh38,CAAGGGCAGCGCTTGG-1
GRCh38,CAAGGGCAGCGTAACC-1
GRCh38,CAAGGGCAGCGTGTTA-1
GRCh38,CAAGGGCAGGGTAGGC-1
GRCh38,CAAGGGTCAAAAGCGC-1
GRCh38,CAAGGGTCAAAATCTT-1
GRCh38,CAAGGGTCAATAATTC-1
GRCh38,CAAGGGTCAATAGCAG-1
GRCh38,CAAGGGTCAATAGGCA-1
GRCh38,CAAGGGTCAATTAAGA-1
GRCh38,CAAGGGTCACCGTCAA-1
GRCh38,CAAGGGTCACTACGAT-1
GRCh38,CAAGGGTCACTGCGTA-1
GRCh38,CAAGGGTCAGCGCGAA-1
GRCh38,CAAGGGTCAGTAGCGG-1
GRCh38,CAAGGGTCAGTCCGTA-1
GRCh38,CAAGGTTGTAACTTTC-1
GRCh38,CAAGGTTGTAATCCCC-1
GRCh38,CAAGGTTGTACGCATG-1
GRCh38,CAAGGTTGTAGAGGCG-1
GRCh38,CAAGGTTGTATGCTGG-1
GRCh38,CAAGGTTGTATGTTAG-1
GRCh38,CAAGGTTGTCGTATAA-1
GRCh38,CAAGGTTGTCGTATGG-1
GRCh38,CAAGGTTGTCGTGTCT-1
GRCh38,CAAGGTTGTCTCGCTG-1
GRCh38,CAAGGTTGTGCTTAGG-1
GRCh38,CAAGGTTGTGGAAATG-1
GRCh38,CAAGGTTGTGGTTTAA-1
GRCh38,CAAGGTTGTGTGAGTT-1
GRCh38,CAAGTAAAGAAGGTTA-1
GRCh38,CAAGTAAAGACACGGA-1
GRCh38,CAAGTAAAGATTCAGT-1
GRCh38,CAAGTAAAGCAAAGGT-1
GRCh38,CAAGTAAAGCAACAGG-1
GRCh38,CAAGTAAAGCCATTAG-1
GRCh38,CAAGTAAAGCCCAACG-1
GRCh38,CAAGTAAAGCCTAGAC-1
GRCh38,CAAGTAAAGCTGATTG-1
GRCh38,CAAGTAAAGGGAGCGT-1
GRCh38,CAAGTAGCAAATATAG-1
GRCh38,CAAGTAGCAACGAACA-1
GRCh38,CAAGTAGCAAGCGATA-1
GRCh38,CAAGTAGCAAGTGGGT-1
GRCh38,CAAGTAGCAGTAGGGT-1
GRCh38,CAAGTATTCAAGCGTC-1
GRCh38,CAAGTATTCACGTGGT-1
GRCh38,CAAGTATTCATCTTCA-1
GRCh38,CAAGTATTCCCAGCTC-1
GRCh38,CAAGTATTCCTACTAC-1
GRCh38,CAAGTATTCCTGGGCA-1
GRCh38,CAAGTATTCCTTAGCT-1
GRCh38,CAAGTATTCGGGTCAT-1
GRCh38,CAAGTCTCAATCCGGC-1
GRCh38,CAAGTCTCACAACGAA-1
GRCh38,CAAGTCTCACAATTCA-1
GRCh38,CAAGTCTCACACAGCC-1
GRCh38,CAAGTCTCACGGTGTC-1
GRCh38,CAAGTCTCAGGGTCTC-1
GRCh38,CAAGTCTCAGGTTCGC-1
GRCh38,CAAGTCTCAGGTTTCG-1
GRCh38,CAAGTCTCAGTCTTCC-1
GRCh38,CAAGTGCTCAACCATG-1
GRCh38,CAAGTGCTCAACGTAT-1
GRCh38,CAAGTGCTCATCGGCG-1
GRCh38,CAAGTGCTCCCTTTAA-1
GRCh38,CAAGTGCTCGCAATAT-1
GRCh38,CAAGTTAGTACGGATT-1
GRCh38,CAAGTTAGTAGTGCGC-1
GRCh38,CAAGTTAGTAGTGTAC-1
GRCh38,CAAGTTAGTCGTGCCC-1
GRCh38,CAAGTTAGTGGGCGTT-1
GRCh38,CAAGTTTAGACGATGG-1
GRCh38,CAAGTTTAGATACGAA-1
GRCh38,CAAGTTTAGCCCAAGT-1
GRCh38,CAAGTTTAGCGGATAG-1
GRCh38,CAAGTTTAGCTGAATT-1
GRCh38,CAAGTTTAGCTGTCGG-1
GRCh38,CAAGTTTAGGGTGTTC-1
GRCh38,CAAGTTTAGGTCCGCA-1
GRCh38,CAAGTTTAGGTCGAAG-1
GRCh38,CAATACCCAACAGCCC-1
GRCh38,CAATACCCAACTGTCG-1
GRCh38,CAATACCCAAGTGGGT-1
GRCh38,CAATACCCAATCATTG-1
GRCh38,CAATACCCAATGGACA-1
GRCh38,CAATACCCACAACATC-1
GRCh38,CAATACCCACATCACG-1
GRCh38,CAATACCCACGCAACC-1
GRCh38,CAATACCCACTAAACC-1
GRCh38,CAATACCCACTCGAGC-1
GRCh38,CAATACCCACTTGACG-1
GRCh38,CAATACCCAGCATCAT-1
GRCh38,CAATACCCAGTATGTC-1
GRCh38,CAATACGTCAGACAGG-1
GRCh38,CAATACGTCCAGCGCA-1
GRCh38,CAATACGTCCTACGCC-1
GRCh38,CAATACGTCCTGACAA-1
GRCh38,CAATACGTCCTTATGC-1
GRCh38,CAATACGTCGCACCCT-1
GRCh38,CAATACGTCGCTGTAA-1
GRCh38,CAATACTAGAAGTACA-1
GRCh38,CAATACTAGACCTGTA-1
GRCh38,CAATACTAGATAAGCA-1
GRCh38,CAATACTAGCAACGAG-1
GRCh38,CAATACTAGCATATCG-1
GRCh38,CAATACTAGCATGGAG-1
GRCh38,CAATACTAGCATTAAC-1
GRCh38,CAATACTAGCGTTCCC-1
GRCh38,CAATACTAGCTCTAGA-1
GRCh38,CAATACTAGGGCGAGT-1
GRCh38,CAATACTAGGGTACAG-1
GRCh38,CAATAGAAGACACATT-1
GRCh38,CAATAGAAGACTGCAC-1
GRCh38,CAATAGAAGAGAGTTA-1
GRCh38,CAATAGAAGCGTGAGA-1
GRCh38,CAATAGAAGCTTAAGT-1
GRCh38,CAATAGAAGCTTGGCG-1
GRCh38,CAATAGAAGGTTATCG-1
GRCh38,CAATAGGCAAACCACT-1
GRCh38,CAATAGGCAAATCTCA-1
GRCh38,CAATAGGCAACATGCT-1
GRCh38,CAATAGGCAAGAATTA-1
GRCh38,CAATAGGCAAGGACTA-1
GRCh38,CAATAGGCAATACGTC-1
GRCh38,CAATAGGCAATCACGT-1
GRCh38,CAATAGGCACAGCACC-1
GRCh38,CAATAGGCACAGCAGG-1
GRCh38,CAATAGGCACAGCTCA-1
GRCh38,CAATAGGCACCTGCTT-1
GRCh38,CAATAGGCACTCACCT-1
GRCh38,CAATAGGCAGCAACCC-1
GRCh38,CAATAGTTCAAAGGGT-1
GRCh38,CAATAGTTCAATCGGC-1
GRCh38,CAATAGTTCAGCGTAC-1
GRCh38,CAATAGTTCAGCTGTA-1
GRCh38,CAATAGTTCATGTGGC-1
GRCh38,CAATAGTTCCCAATTC-1
GRCh38,CAATAGTTCCGGTCAG-1
GRCh38,CAATAGTTCCTAGTTC-1
GRCh38,CAATAGTTCCTTGTAC-1
GRCh38,CAATAGTTCGGTATTG-1
GRCh38,CAATAGTTCGTAGGCT-1
GRCh38,CAATATATCCGTTTCG-1
GRCh38,CAATATATCCTCCAGC-1
GRCh38,CAATATATCGGAAGCA-1
GRCh38,CAATATATCGGTGTCG-1
GRCh38,CAATATATCGTGCAAC-1
GRCh38,CAATATCAGAAATTGG-1
GRCh38,CAATATCAGAAGCGAT-1
GRCh38,CAATATCAGACCAATT-1
GRCh38,CAATATCAGACTGATT-1
GRCh38,CAATATCAGATCAGGG-1
GRCh38,CAATATCAGCTACAAT-1
GRCh38,CAATATCAGCTAGGTC-1
GRCh38,CAATATCAGGGCATAG-1
GRCh38,CAATATCAGGGGTGTA-1
GRCh38,CAATATGGTACAGGTT-1
GRCh38,CAATATGGTAGCTTGG-1
GRCh38,CAATATGGTATCCCCG-1
GRCh38,CAATATGGTATTGGTA-1
GRCh38,CAATATGGTCAAAGGA-1
GRCh38,CAATATGGTCAATGTA-1
GRCh38,CAATATGGTCATACCC-1
GRCh38,CAATATGGTCCTTCCC-1
GRCh38,CAATATGGTGTTCTCA-1
GRCh38,CAATCACCAAAACGAT-1
GRCh38,CAATCACCAAAATGGT-1
GRCh38,CAATCACCAACGGGAT-1
GRCh38,CAATCACCAAGGGTTA-1
GRCh38,CAATCACCAAGGTTCT-1
GRCh38,CAATCACCACCTATAA-1
GRCh38,CAATCACCAGTGGGAT-1
GRCh38,CAATCAGTCAAGGTAA-1
GRCh38,CAATCAGTCAATCGCA-1
GRCh38,CAATCAGTCATGAATC-1
GRCh38,CAATCAGTCCACATCT-1
GRCh38,CAATCAGTCCTGTACT-1
GRCh38,CAATCAGTCGCGGTAT-1
GRCh38,CAATCAGTCGGAGCTT-1
GRCh38,CAATCAGTCGTTGTCT-1
GRCh38,CAATCCAAGAAGGTTA-1
GRCh38,CAATCCAAGACAAGAC-1
GRCh38,CAATCCAAGATCCTGA-1
GRCh38,CAATCCAAGCAAGGGC-1
GRCh38,CAATCCAAGCTAGATT-1
GRCh38,CAATCCAAGCTCGAAC-1
GRCh38,CAATCCAAGGGGCGAT-1
GRCh38,CAATCCAAGGGGTTAG-1
GRCh38,CAATCCCGTAACGCCA-1
GRCh38,CAATCCCGTAGTGTGT-1
GRCh38,CAATCCCGTCATCTTG-1
GRCh38,CAATCCCGTCCTGATC-1
GRCh38,CAATCCCGTCGAAGGG-1
GRCh38,CAATCCCGTCTAAATG-1
GRCh38,CAATCCCGTGCGATGC-1
GRCh38,CAATCCCGTGGTCTCT-1
GRCh38,CAATCCCGTGTGTGAT-1
GRCh38,CAATCCGCAAGTACTC-1
GRCh38,CAATCCGCACAATGTC-1
GRCh38,CAATCCGCACACGGTC-1
GRCh38,CAATCCGCACAGCGAG-1
GRCh38,CAATCCGCACATAACC-1
GRCh38,CAATCCGCACCTTGAG-1
GRCh38,CAATCCGCACGTAGCC-1
GRCh38,CAATCCGCACTAAGGA-1
GRCh38,CAATCCGCAGGAGCCA-1
GRCh38,CAATCCGCAGTGCAGG-1
GRCh38,CAATCGATCAACCCTT-1
GRCh38,CAATCGATCAACGTGC-1
GRCh38,CAATCGATCACCCAAA-1
GRCh38,CAATCGATCAGGGACA-1
GRCh38,CAATCGATCCTCTGAT-1
GRCh38,CAATCGATCGTCCTAT-1
GRCh38,CAATCGGGTAACTCCC-1
GRCh38,CAATCGGGTACGCCGG-1
GRCh38,CAATCGGGTACGCTGA-1
GRCh38,CAATCGGGTACTCGCT-1
GRCh38,CAATCGGGTAGCGCGT-1
GRCh38,CAATCGGGTAGGCGGA-1
GRCh38,CAATCGGGTATCACCC-1
GRCh38,CAATCGGGTATCCGTC-1
GRCh38,CAATCGGGTATCGTGG-1
GRCh38,CAATCGGGTCTATTCG-1
GRCh38,CAATCGGGTCTGGTCT-1
GRCh38,CAATCGGGTGCAATCG-1
GRCh38,CAATCGGGTGCATCAG-1
GRCh38,CAATCGGGTGCTCTTA-1
GRCh38,CAATCGGGTGTGGCGT-1
GRCh38,CAATGCATCACCTTCG-1
GRCh38,CAATGCATCAGCCCCT-1
GRCh38,CAATGCATCAGTCAGC-1
GRCh38,CAATGCATCAGTTTAA-1
GRCh38,CAATGCATCCCAATAG-1
GRCh38,CAATGCATCCCCACGT-1
GRCh38,CAATGCATCCGCCTAC-1
GRCh38,CAATGCATCCGTGTCC-1
GRCh38,CAATGCATCCTAAAGT-1
GRCh38,CAATGCATCCTCGTCA-1
GRCh38,CAATGCATCGCGGTAT-1
GRCh38,CAATGCATCGGCTTCC-1
GRCh38,CAATGCCAGACATTCG-1
GRCh38,CAATGCCAGATAGTGA-1
GRCh38,CAATGCCAGATCCGAC-1
GRCh38,CAATGCCAGCCGGATT-1
GRCh38,CAATGCCAGCTCGTAA-1
GRCh38,CAATGCCAGGTGTATT-1
GRCh38,CAATGCGGTCACCCGC-1
GRCh38,CAATGCGGTCAGCCCC-1
GRCh38,CAATGCGGTCCGCCGT-1
GRCh38,CAATGCGGTGCTAGAT-1
GRCh38,CAATGCGGTGCTATGG-1
GRCh38,CAATGCGGTGCTTGTC-1
GRCh38,CAATGCTCAAACCTTA-1
GRCh38,CAATGCTCAACCATCG-1
GRCh38,CAATGCTCAAGGCACG-1
GRCh38,CAATGCTCAATAGCCT-1
GRCh38,CAATGCTCACAAGGGT-1
GRCh38,CAATGCTCACGCAGTC-1
GRCh38,CAATGCTCACGGACCT-1
GRCh38,CAATGCTCAGGGTCAG-1
GRCh38,CAATGCTCAGTGGGAT-1
GRCh38,CAATGGACAAACGCGG-1
GRCh38,CAATGGACAACATACC-1
GRCh38,CAATGGACACTCAATA-1
GRCh38,CAATGGACACTCCTTA-1
GRCh38,CAATGGACAGGATAGC-1
GRCh38,CAATGGACAGTGCGGA-1
GRCh38,CAATGGGAGAACACCC-1
GRCh38,CAATGGGAGAGCCGTT-1
GRCh38,CAATGGGAGAGCTTAT-1
GRCh38,CAATGGGAGCCTTTCG-1
GRCh38,CAATGGGAGCGCCTAG-1
GRCh38,CAATGGGAGCGGCCTA-1
GRCh38,CAATGGGAGGTATGTT-1
GRCh38,CAATGGGAGGTCCACG-1
GRCh38,CAATGTAGTATAATCG-1
GRCh38,CAATGTAGTATTATGG-1
GRCh38,CAATGTAGTCTTAGCC-1
GRCh38,CAATGTAGTGCGTTTC-1
GRCh38,CAATGTAGTGTTAGCG-1
GRCh38,CAATGTCCAACCCTAG-1
GRCh38,CAATGTCCAACGCGCT-1
GRCh38,CAATGTCCAATGGGGT-1
GRCh38,CAATGTCCACGACACC-1
GRCh38,CAATGTCCACTTATCT-1
GRCh38,CAATGTCCAGCATCCA-1
GRCh38,CAATGTCCAGGACTAA-1
GRCh38,CAATGTGTCATCCCCA-1
GRCh38,CAATGTGTCATCGACA-1
GRCh38,CAATGTGTCCAAGTGC-1
GRCh38,CAATGTGTCCAGTAAT-1
GRCh38,CAATGTGTCCCGCATC-1
GRCh38,CAATGTGTCCCTACCA-1
GRCh38,CAATGTGTCGGACATC-1
GRCh38,CAATGTGTCGGTTATG-1
GRCh38,CAATGTGTCGTATAGT-1
GRCh38,CAATGTTAGAACGGAT-1
GRCh38,CAATGTTAGACGTCCG-1
GRCh38,CAATGTTAGAGACGAT-1
GRCh38,CAATGTTAGAGCGGAC-1
GRCh38,CAATGTTAGCATAGGG-1
GRCh38,CAATGTTAGCATGTTG-1
GRCh38,CAATGTTAGCCATAGC-1
GRCh38,CAATGTTAGCGCCTGA-1
GRCh38,CAATGTTAGCGTTAAT-1
GRCh38,CAATGTTAGGCCTCGA-1
GRCh38,CAATGTTAGGCCTGAT-1
GRCh38,CAATGTTAGGGGGTAC-1
GRCh38,CAATGTTAGGTTAGGG-1
GRCh38,CAATTAATCAAAGCAA-1
GRCh38,CAATTAATCACTGTTC-1
GRCh38,CAATTAATCAGACAGG-1
GRCh38,CAATTAATCAGCCCCT-1
GRCh38,CAATTAATCCAAACCA-1
GRCh38,CAATTAATCCGGTGCA-1
GRCh38,CAATTAATCCGTCTAT-1
GRCh38,CAATTAATCGGAGCTT-1
GRCh38,CAATTAATCGTGATAT-1
GRCh38,CAATTAATCGTTATGG-1
GRCh38,CAATTACAGCACCGCA-1
GRCh38,CAATTACAGCATTTGG-1
GRCh38,CAATTACAGCCGTTAA-1
GRCh38,CAATTACAGCCTGTAA-1
GRCh38,CAATTACAGGCACGAA-1
GRCh38,CAATTACAGGGCCTTG-1
GRCh38,CAATTACAGGGCGAAC-1
GRCh38,CAATTACAGGTCCGAT-1
GRCh38,CAATTACAGGTGCGAA-1
GRCh38,CAATTAGGTAATCCCC-1
GRCh38,CAATTAGGTAATCCGG-1
GRCh38,CAATTAGGTACTACTT-1
GRCh38,CAATTAGGTAGTTTAG-1
GRCh38,CAATTAGGTATATCAG-1
GRCh38,CAATTAGGTATTCGTT-1
GRCh38,CAATTAGGTCCTTGCG-1
GRCh38,CAATTAGGTCGCCCTA-1
GRCh38,CAATTAGGTCTTGTAT-1
GRCh38,CAATTAGGTCTTGTGC-1
GRCh38,CAATTAGGTGCCTTGT-1
GRCh38,CAATTATCAAACGCGG-1
GRCh38,CAATTATCAAACTCTA-1
GRCh38,CAATTATCAAATTCCA-1
GRCh38,CAATTATCAAGAGGTC-1
GRCh38,CAATTATCAAGGTTTC-1
GRCh38,CAATTATCAAGTCATC-1
GRCh38,CAATTATCAATTCGTA-1
GRCh38,CAATTATCACACCCAA-1
GRCh38,CAATTATCACACGGTC-1
GRCh38,CAATTATCACCAGACC-1
GRCh38,CAATTATCACCGCAGT-1
GRCh38,CAATTATCACGGACCT-1
GRCh38,CAATTATCAGCACGGA-1
GRCh38,CAATTATCAGGACTAA-1
GRCh38,CAATTATCAGTCACGC-1
GRCh38,CAATTCACAAAACGCA-1
GRCh38,CAATTCACAATGCCCA-1
GRCh38,CAATTCACACAAGGGT-1
GRCh38,CAATTCACACCTTGAG-1
GRCh38,CAATTCACACTGGGGA-1
GRCh38,CAATTCACAGGGATTA-1
GRCh38,CAATTCACAGGGCTAG-1
GRCh38,CAATTCACAGGGCTTC-1
GRCh38,CAATTCACAGTAATCC-1
GRCh38,CAATTCACAGTAGCCC-1
GRCh38,CAATTCCTCAAGTCGC-1
GRCh38,CAATTCCTCACCTCAT-1
GRCh38,CAATTCCTCAGCCGTG-1
GRCh38,CAATTCCTCAGTATCG-1
GRCh38,CAATTCCTCATTACAA-1
GRCh38,CAATTCCTCCACCCAC-1
GRCh38,CAATTCCTCCAGCAAC-1
GRCh38,CAATTCCTCCAGCCCT-1
GRCh38,CAATTCCTCCCAATAG-1
GRCh38,CAATTCCTCGCGCATG-1
GRCh38,CAATTCCTCGGCTCGA-1
GRCh38,CAATTCCTCGTAACGC-1
GRCh38,CAATTCCTCGTCCAAA-1
GRCh38,CAATTCGAGAACATAG-1
GRCh38,CAATTCGAGACCTACA-1
GRCh38,CAATTCGAGAGTGGGC-1
GRCh38,CAATTCGAGCCCACAG-1
GRCh38,CAATTCGAGCCTGATA-1
GRCh38,CAATTCGAGCCTTAGA-1
GRCh38,CAATTCGAGCGTACAC-1
GRCh38,CAATTCGAGCGTTGGT-1
GRCh38,CAATTCGAGCTAGCCG-1
GRCh38,CAATTCGAGCTAGGTC-1
GRCh38,CAATTCGAGCTATGGC-1
GRCh38,CAATTCGAGCTTGGGT-1
GRCh38,CAATTCGAGGCACCCA-1
GRCh38,CAATTCGAGGGAGGTC-1
GRCh38,CAATTCGAGGTAATAG-1
GRCh38,CAATTCGAGGTATAGA-1
GRCh38,CAATTCGAGGTCGGTT-1
GRCh38,CAATTCTGTAAGTGTC-1
GRCh38,CAATTCTGTACCTTAT-1
GRCh38,CAATTCTGTACTTCAT-1
GRCh38,CAATTCTGTAGCTTGG-1
GRCh38,CAATTCTGTAGGTTCG-1
GRCh38,CAATTCTGTATAGGCT-1
GRCh38,CAATTCTGTATCCGGA-1
GRCh38,CAATTCTGTATGTTCT-1
GRCh38,CAATTCTGTATTGTCT-1
GRCh38,CAATTCTGTCCCAATC-1
GRCh38,CAATTCTGTCGATGAT-1
GRCh38,CAATTCTGTGCATTGG-1
GRCh38,CAATTCTGTGGAAATG-1
GRCh38,CAATTCTGTGGTCAGC-1
GRCh38,CAATTCTGTGGTCTAG-1
GRCh38,CAATTCTGTGTCGTCT-1
GRCh38,CAATTGGTCACGTATG-1
GRCh38,CAATTGGTCAGTACTG-1
GRCh38,CAATTGGTCCATGCCC-1
GRCh38,CAATTGGTCCATGGCG-1
GRCh38,CAATTGGTCCCCAGCT-1
GRCh38,CAATTGGTCCTATCAC-1
GRCh38,CAATTGGTCCTGAACA-1
GRCh38,CAATTGGTCGCTTTCG-1
GRCh38,CAATTGGTCGGGCTTG-1
GRCh38,CAATTGGTCGTGTCGG-1
GRCh38,CAATTGGTCGTTAGCA-1
GRCh38,CAATTGTAGAAGCGAT-1
GRCh38,CAATTGTAGAAGCTGG-1
GRCh38,CAATTGTAGCAAGAGT-1
GRCh38,CAATTGTAGCACATCA-1
GRCh38,CAATTGTAGCAGCTGT-1
GRCh38,CAATTGTAGCCACGAT-1
GRCh38,CAATTGTAGCCGTCGA-1
GRCh38,CAATTGTAGGCAGGGT-1
GRCh38,CAATTGTAGGTCCAGT-1
GRCh38,CAATTTCGTAGCCCTT-1
GRCh38,CAATTTCGTATGAGCT-1
GRCh38,CAATTTCGTCGCCGTC-1
GRCh38,CAATTTCGTCTAGCTC-1
GRCh38,CAATTTCGTCTGTCCG-1
GRCh38,CAATTTCGTCTTATAC-1
GRCh38,CAATTTCGTGCACTCT-1
GRCh38,CAATTTCGTGGCGGTT-1
GRCh38,CAATTTCGTGGCTTCT-1
GRCh38,CACAACATCAACTATA-1
GRCh38,CACAACATCACAGCGT-1
GRCh38,CACAACATCACCTCCA-1
GRCh38,CACAACATCACGTGGT-1
GRCh38,CACAACATCAGGGACA-1
GRCh38,CACAACATCAGTATGT-1
GRCh38,CACAACATCCAATTGG-1
GRCh38,CACAACATCCTCCAGC-1
GRCh38,CACAACATCGCTTACT-1
GRCh38,CACAACATCGGAAACG-1
GRCh38,CACAACATCGTATAAC-1
GRCh38,CACAACATCGTGCATA-1
GRCh38,CACAACATCGTTATGG-1
GRCh38,CACAACTCAACAATGG-1
GRCh38,CACAACTCAATGCACT-1
GRCh38,CACAACTCACCTAGCA-1
GRCh38,CACAACTCACGTTAGT-1
GRCh38,CACAACTCAGCAATAG-1
GRCh38,CACAAGACAAAGGAGG-1
GRCh38,CACAAGACAAAGGGGA-1
GRCh38,CACAAGACACAAATCC-1
GRCh38,CACAAGACACAAGTCT-1
GRCh38,CACAAGACACATCAGT-1
GRCh38,CACAAGACACTATCCC-1
GRCh38,CACAAGACAGCCAAGG-1
GRCh38,CACAAGACAGTGCACC-1
GRCh38,CACAAGCTCAATGTTA-1
GRCh38,CACAAGCTCAGGGACA-1
GRCh38,CACAAGCTCATACCTC-1
GRCh38,CACAAGCTCATGCAGC-1
GRCh38,CACAAGCTCATTAACA-1
GRCh38,CACAAGCTCCATGGCG-1
GRCh38,CACAAGCTCCTCGCAC-1
GRCh38,CACAAGCTCGCAAACC-1
GRCh38,CACAAGCTCGCTATAG-1
GRCh38,CACAAGCTCGGCCTCT-1
GRCh38,CACAAGCTCGGCCTTC-1
GRCh38,CACAAGGAGACCCTAA-1
GRCh38,CACAAGGAGAGAAGGA-1
GRCh38,CACAAGGAGAGCCTGT-1
GRCh38,CACAAGGAGATGTAGA-1
GRCh38,CACAAGGAGCGGTTCG-1
GRCh38,CACAAGGAGCTCGATA-1
GRCh38,CACAAGGAGCTGACGT-1
GRCh38,CACAAGGAGGGTTCCG-1
GRCh38,CACAATCCAAAACTCC-1
GRCh38,CACAATCCAACAACCT-1
GRCh38,CACAATCCAACACGAA-1
GRCh38,CACAATCCAACATGTC-1
GRCh38,CACAATCCAACTAACC-1
GRCh38,CACAATCCAAGGTTAG-1
GRCh38,CACAATCCACAAGTCT-1
GRCh38,CACAATCCACATTCGG-1
GRCh38,CACAATCCACGTTATA-1
GRCh38,CACAATCCACTAGTCG-1
GRCh38,CACAATCCAGCCTGAC-1
GRCh38,CACAATCCAGTATAGG-1
GRCh38,CACAATTAGAAACGGT-1
GRCh38,CACAATTAGAATGTAG-1
GRCh38,CACAATTAGACGACAG-1
GRCh38,CACAATTAGAGCGAAT-1
GRCh38,CACAATTAGAGGGGTC-1
GRCh38,CACAATTAGATACCCA-1
GRCh38,CACAATTAGATCGACC-1
GRCh38,CACAATTAGCAATTAC-1
GRCh38,CACAATTAGCATCTTC-1
GRCh38,CACAATTAGCCATACA-1
GRCh38,CACAATTAGCGAAGCA-1
GRCh38,CACAATTAGGCTAGAG-1
GRCh38,CACAATTAGGTTCATG-1
GRCh38,CACACCCTCAACTCTC-1
GRCh38,CACACCCTCACAATTA-1
GRCh38,CACACCCTCACTCTTA-1
GRCh38,CACACCCTCCAAATGT-1
GRCh38,CACACCCTCCCGTGTC-1
GRCh38,CACACCCTCCGTCAAA-1
GRCh38,CACACCCTCCGTCTAT-1
GRCh38,CACACCCTCGGGCTAT-1
GRCh38,CACACCCTCGTGTCGG-1
GRCh38,CACACCTGTAGGGAGT-1
GRCh38,CACACCTGTATGTTCT-1
GRCh38,CACACCTGTCCGGTAA-1
GRCh38,CACACCTGTCTACAGG-1
GRCh38,CACACCTGTGCCCGTC-1
GRCh38,CACACCTGTGTGCATG-1
GRCh38,CACACGCCAACGAAAT-1
GRCh38,CACACGCCAACGAGAC-1
GRCh38,CACACGCCAAGCCGAG-1
GRCh38,CACACGCCAATAACTT-1
GRCh38,CACACGCCAATGAAAC-1
GRCh38,CACACGCCAATGCGCC-1
GRCh38,CACACGCCACGATAAG-1
GRCh38,CACACGCCACTATGAC-1
GRCh38,CACACGCCAGTAGCCC-1
GRCh38,CACACGCCAGTTAATT-1
GRCh38,CACACTCGTAGGCATT-1
GRCh38,CACACTCGTATCTGTT-1
GRCh38,CACACTCGTATGGCCA-1
GRCh38,CACACTCGTCAGCCTT-1
GRCh38,CACACTCGTCCACGTT-1
GRCh38,CACACTCGTCTAACCC-1
GRCh38,CACACTCGTCTGTCTA-1
GRCh38,CACACTCGTGGTACTG-1
GRCh38,CACACTCGTGTAAGTC-1
GRCh38,CACAGAACAAATGACG-1
GRCh38,CACAGAACAACGGGAT-1
GRCh38,CACAGAACACCATAAC-1
GRCh38,CACAGAACACGACCTA-1
GRCh38,CACAGAACACGCATCA-1
GRCh38,CACAGAACACGCGACT-1
GRCh38,CACAGAACACTATGGT-1
GRCh38,CACAGAACACTGGGGA-1
GRCh38,CACAGAACAGCAATCT-1
GRCh38,CACAGAACAGCACACC-1
GRCh38,CACAGAACAGCTTCAG-1
GRCh38,CACAGAACAGGCGACA-1
GRCh38,CACAGAACAGGGAGAA-1
GRCh38,CACAGCAGTAACGAGA-1
GRCh38,CACAGCAGTAAGGTAG-1
GRCh38,CACAGCAGTACCCCTG-1
GRCh38,CACAGCAGTACTGCAG-1
GRCh38,CACAGCAGTATCAATG-1
GRCh38,CACAGCAGTATCCGAG-1
GRCh38,CACAGCAGTATGTTGA-1
GRCh38,CACAGCAGTCAAGGTT-1
GRCh38,CACAGCAGTCCAAGAT-1
GRCh38,CACAGCAGTCCTAGTC-1
GRCh38,CACAGCAGTCGTCAGA-1
GRCh38,CACAGCAGTCTAAATG-1
GRCh38,CACAGCAGTGTAGAAG-1
GRCh38,CACAGCAGTGTCGTGA-1
GRCh38,CACAGCCCAAAGGACC-1
GRCh38,CACAGCCCAAATATAG-1
GRCh38,CACAGCCCAATGCACT-1
GRCh38,CACAGCCCACCGAATT-1
GRCh38,CACAGCCCACTATACA-1
GRCh38,CACAGCCCACTGGGAG-1
GRCh38,CACAGCCCAGTAAACG-1
GRCh38,CACAGCCCAGTCCGTA-1
GRCh38,CACAGCCCAGTGTTAC-1
GRCh38,CACAGCTAGACATTCG-1
GRCh38,CACAGCTAGACGAGGC-1
GRCh38,CACAGCTAGACGGCAA-1
GRCh38,CACAGCTAGATGGAGT-1
GRCh38,CACAGCTAGCAATGGG-1
GRCh38,CACAGCTAGCCGATTA-1
GRCh38,CACAGCTAGCCGCCAA-1
GRCh38,CACAGCTAGCCGCTGA-1
GRCh38,CACAGCTAGCCTCTTG-1
GRCh38,CACAGCTAGCGGGTAA-1
GRCh38,CACAGCTAGGCAATCC-1
GRCh38,CACAGGAAGAAACGTA-1
GRCh38,CACAGGAAGAAGCGTG-1
GRCh38,CACAGGAAGAGGATTA-1
GRCh38,CACAGGAAGCTAAGGG-1
GRCh38,CACAGGAAGCTGACAC-1
GRCh38,CACAGGAAGGGGTTTC-1
GRCh38,CACAGGTTCAAGCTTG-1
GRCh38,CACAGGTTCATTATCT-1
GRCh38,CACAGGTTCATTCATT-1
GRCh38,CACAGGTTCCAGCAGT-1
GRCh38,CACAGGTTCCGAATGC-1
GRCh38,CACAGGTTCCGGTTAA-1
GRCh38,CACAGGTTCCTGGTAA-1
GRCh38,CACAGGTTCGTATCTC-1
GRCh38,CACAGGTTCGTTGCTT-1
GRCh38,CACATACCAACACCCA-1
GRCh38,CACATACCAAGCAGTA-1
GRCh38,CACATACCAAGGTTAG-1
GRCh38,CACATACCAAGTGTTC-1
GRCh38,CACATACCAATAGCGA-1
GRCh38,CACATACCAATCGAAG-1
GRCh38,CACATACCAATGCGGG-1
GRCh38,CACATACCACCCAGTA-1
GRCh38,CACATACCACGTAGAA-1
GRCh38,CACATACCACGTTAGT-1
GRCh38,CACATACCACTCCACT-1
GRCh38,CACATACCAGGAAAGG-1
GRCh38,CACATCAAGAAACTAG-1
GRCh38,CACATCAAGCCATAGC-1
GRCh38,CACATCAAGCCATTTC-1
GRCh38,CACATCAAGCCCTTTG-1
GRCh38,CACATCAAGCTACACA-1
GRCh38,CACATCAAGGCTTCCC-1
GRCh38,CACATCTTCAATCTCC-1
GRCh38,CACATCTTCACGTATG-1
GRCh38,CACATCTTCAGTATGT-1
GRCh38,CACATCTTCATGGTCA-1
GRCh38,CACATCTTCCCTCTAG-1
GRCh38,CACATCTTCCGACCCT-1
GRCh38,CACATCTTCCTAGCAA-1
GRCh38,CACATCTTCCTGCACC-1
GRCh38,CACATCTTCCTGTCGC-1
GRCh38,CACATCTTCGCTTCAT-1
GRCh38,CACATCTTCGTCGAAC-1
GRCh38,CACATGGGTAATCCCC-1
GRCh38,CACATGGGTAATCTAG-1
GRCh38,CACATGGGTACCAGAT-1
GRCh38,CACATGGGTAGCGGAG-1
GRCh38,CACATGGGTATGCGGC-1
GRCh38,CACATGGGTCATTCTG-1
GRCh38,CACATGGGTCCAACAG-1
GRCh38,CACATGGGTCTTGTAT-1
GRCh38,CACATGGGTGCTTTCA-1
GRCh38,CACATGGGTGGAACGG-1
GRCh38,CACCAAATCACTCCGC-1
GRCh38,CACCAAATCAGCCGTG-1
GRCh38,CACCAAATCAGGACTC-1
GRCh38,CACCAAATCAGTTGGC-1
GRCh38,CACCAAATCCCATACT-1
GRCh38,CACCAAATCCTCTCCT-1
GRCh38,CACCAAATCGCCTCTA-1
GRCh38,CACCAAATCGCGCATG-1
GRCh38,CACCAAATCGTATTGG-1
GRCh38,CACCAACAGAAGGTTA-1
GRCh38,CACCAACAGAATTACC-1
GRCh38,CACCAACAGACACATT-1
GRCh38,CACCAACAGACATTCG-1
GRCh38,CACCAACAGAGCGTAG-1
GRCh38,CACCAACAGATTAAGG-1
GRCh38,CACCAACAGCAAGCTC-1
GRCh38,CACCAACAGCGTTTGA-1
GRCh38,CACCAACAGCTACGAC-1
GRCh38,CACCAACAGCTATAAC-1
GRCh38,CACCAACAGGGACTGA-1
GRCh38,CACCAACAGGGCTAAG-1
GRCh38,CACCAACAGGGTGAAT-1
GRCh38,CACCAACAGGTTAGCC-1
GRCh38,CACCACGAGACCTATG-1
GRCh38,CACCACGAGAGGTACG-1
GRCh38,CACCACGAGCGTGAGA-1
GRCh38,CACCACGAGGGTGATG-1
GRCh38,CACCACGAGGTCCTTT-1
GRCh38,CACCATAAGAAGCTGG-1
GRCh38,CACCATAAGAAGGCTG-1
GRCh38,CACCATAAGAGTCGTC-1
GRCh38,CACCATAAGCAACCCG-1
GRCh38,CACCATAAGCCATTGA-1
GRCh38,CACCATAAGCGTCATA-1
GRCh38,CACCATAAGCTAAGCC-1
GRCh38,CACCATAAGCTGAATT-1
GRCh38,CACCATAAGCTGCATA-1
GRCh38,CACCATAAGCTGTTGA-1
GRCh38,CACCATTTCAATATTG-1
GRCh38,CACCATTTCAATCTCC-1
GRCh38,CACCATTTCATTAACA-1
GRCh38,CACCATTTCCACCTCA-1
GRCh38,CACCATTTCCAGTCCC-1
GRCh38,CACCATTTCCATTCCG-1
GRCh38,CACCATTTCCCATGCC-1
GRCh38,CACCATTTCCCGCCAT-1
GRCh38,CACCATTTCCCTACCA-1
GRCh38,CACCCAACAAGTTAGG-1
GRCh38,CACCCAACAATTAAGA-1
GRCh38,CACCCAACACCCTCAT-1
GRCh38,CACCCAACACCTCGAA-1
GRCh38,CACCCAACACTCTCCG-1
GRCh38,CACCCAACACTGACCA-1
GRCh38,CACCCAACACTTCTAT-1
GRCh38,CACCCAACAGCCATAT-1
GRCh38,CACCCACTCAATATGC-1
GRCh38,CACCCACTCAATCATA-1
GRCh38,CACCCACTCGGCTATA-1
GRCh38,CACCCACTCGGTGGTT-1
GRCh38,CACCCACTCGTAAATC-1
GRCh38,CACCCACTCGTACTTC-1
GRCh38,CACCCACTCGTATTCC-1
GRCh38,CACCCACTCGTTAAGT-1
GRCh38,CACCCAGAGACCAGGA-1
GRCh38,CACCCAGAGAGCAGAT-1
GRCh38,CACCCAGAGAGGGCGT-1
GRCh38,CACCCAGAGATGCCCG-1
GRCh38,CACCCAGAGCATCAAT-1
GRCh38,CACCCAGAGCGACAAG-1
GRCh38,CACCCAGAGCGTCATA-1
GRCh38,CACCCAGAGCTAGTAT-1
GRCh38,CACCCAGAGCTTAGCA-1
GRCh38,CACCCATGTAAATGGG-1
GRCh38,CACCCATGTAAGGTTC-1
GRCh38,CACCCATGTACAAGGA-1
GRCh38,CACCCATGTACATTTC-1
GRCh38,CACCCATGTAGGCTTG-1
GRCh38,CACCCATGTAGTCGAT-1
GRCh38,CACCCATGTATATCCT-1
GRCh38,CACCCATGTCGTATAA-1
GRCh38,CACCCATGTGGTATTA-1
GRCh38,CACCCATGTGTACTCC-1
GRCh38,CACCCATGTGTCCCCA-1
GRCh38,CACCCATGTGTGCCTT-1
GRCh38,CACCCATGTGTTCATT-1
GRCh38,CACCCGAAGACGACAG-1
GRCh38,CACCCGAAGACTATCG-1
GRCh38,CACCCGAAGAGTGCAG-1
GRCh38,CACCCGAAGATCCCAA-1
GRCh38,CACCCGAAGATGCCAC-1
GRCh38,CACCCGAAGCATGCCG-1
GRCh38,CACCCGAAGCGCTATA-1
GRCh38,CACCCGAAGCTCTCAT-1
GRCh38,CACCCGAAGGCAATCC-1
GRCh38,CACCCGAAGGGACACA-1
GRCh38,CACCCGAAGGGCTGAA-1
GRCh38,CACCCGAAGGGGATAT-1
GRCh38,CACCCGAAGGTGAGTG-1
GRCh38,CACCCGCGTAAGGTCT-1
GRCh38,CACCCGCGTACCATCC-1
GRCh38,CACCCGCGTCACGAAT-1
GRCh38,CACCCGCGTCAGTTAA-1
GRCh38,CACCCGCGTCCTTGCG-1
GRCh38,CACCCGCGTGCGTAGC-1
GRCh38,CACCCGCGTGGAACTT-1
GRCh38,CACCCGCGTGGCGGTT-1
GRCh38,CACCCGCGTGTAGAAG-1
GRCh38,CACCCGCGTGTCATGG-1
GRCh38,CACCCGTTCAATCCCT-1
GRCh38,CACCCGTTCACACTTC-1
GRCh38,CACCCGTTCACGGGTT-1
GRCh38,CACCCGTTCATGGGCT-1
GRCh38,CACCCGTTCATGGTAT-1
GRCh38,CACCCGTTCCCTGACC-1
GRCh38,CACCCGTTCCGGCGTA-1
GRCh38,CACCCGTTCCTATGTC-1
GRCh38,CACCCGTTCCTCCACA-1
GRCh38,CACCCGTTCGCATCAA-1
GRCh38,CACCCGTTCGCGCGTA-1
GRCh38,CACCCGTTCGGTCAGT-1
GRCh38,CACCCGTTCGTAGTCA-1
GRCh38,CACCCTATCACGCTAA-1
GRCh38,CACCCTATCAGTTTAA-1
GRCh38,CACCCTATCCAGCGCA-1
GRCh38,CACCCTATCCGGCATG-1
GRCh38,CACCCTATCCGGCTTC-1
GRCh38,CACCCTATCGGTGTCG-1
GRCh38,CACCCTGGTAATGGAG-1
GRCh38,CACCCTGGTAGGCCCG-1
GRCh38,CACCCTGGTCGAGGAG-1
GRCh38,CACCCTGGTCGCTATC-1
GRCh38,CACCCTGGTCGTGCCC-1
GRCh38,CACCCTGGTGGCATAT-1
GRCh38,CACCCTGGTGTACTCC-1
GRCh38,CACCCTGGTGTTCAGG-1
GRCh38,CACCGCAAGAAACGCG-1
GRCh38,CACCGCAAGAAGCGTG-1
GRCh38,CACCGCAAGAGTAAGC-1
GRCh38,CACCGCAAGCAGCCCA-1
GRCh38,CACCGCAAGCCGCTAG-1
GRCh38,CACCGCAAGCCTGATA-1
GRCh38,CACCGCAAGGCGTAGA-1
GRCh38,CACCGCAAGGGTTCCG-1
GRCh38,CACCGCAAGGTGTCCG-1
GRCh38,CACCGCAAGGTTGATT-1
GRCh38,CACCGCCGTAAGTGAG-1
GRCh38,CACCGCCGTACAGCAT-1
GRCh38,CACCGCCGTAGAGGGT-1
GRCh38,CACCGCCGTAGCAATC-1
GRCh38,CACCGCCGTAGTGATC-1
GRCh38,CACCGCCGTCATCTAT-1
GRCh38,CACCGCCGTCCACGTT-1
GRCh38,CACCGCCGTCGTAGTG-1
GRCh38,CACCGCCGTGGAACCC-1
GRCh38,CACCGCCGTGGACGGA-1
GRCh38,CACCGCCGTGGCGATC-1
GRCh38,CACCGCCGTGGTTATA-1
GRCh38,CACCGCCGTGTATCTT-1
GRCh38,CACCGCTTCAACGTAT-1
GRCh38,CACCGCTTCAGCAGTC-1
GRCh38,CACCGCTTCATTACAA-1
GRCh38,CACCGCTTCCCACGCT-1
GRCh38,CACCGCTTCCGTTCTG-1
GRCh38,CACCGCTTCCTCGTTG-1
GRCh38,CACCGCTTCCTGGGTG-1
GRCh38,CACCGCTTCGCAATAT-1
GRCh38,CACCGCTTCGGTTAGC-1
GRCh38,CACCGCTTCGTGAGCT-1
GRCh38,CACCGGGGTAATTTGG-1
GRCh38,CACCGGGGTACAGCGC-1
GRCh38,CACCGGGGTACGAGTT-1
GRCh38,CACCGGGGTACTACTT-1
GRCh38,CACCGGGGTATCCGTC-1
GRCh38,CACCGGGGTCCATATT-1
GRCh38,CACCGGGGTCCGTCCA-1
GRCh38,CACCGGGGTCTTCTCT-1
GRCh38,CACCGGGGTGCGAAGG-1
GRCh38,CACCGGGGTGCTCTTA-1
GRCh38,CACCGGGGTGTGCATG-1
GRCh38,CACCGGGGTGTGCGCG-1
GRCh38,CACCGGGGTGTGCGTA-1
GRCh38,CACCGTACAACAACCT-1
GRCh38,CACCGTACAACATCAC-1
GRCh38,CACCGTACAACGAAAT-1
GRCh38,CACCGTACAAGCTTTA-1
GRCh38,CACCGTACAAGGGACT-1
GRCh38,CACCGTACACATGAAG-1
GRCh38,CACCGTACACCATGCA-1
GRCh38,CACCGTACAGCGCTTA-1
GRCh38,CACCGTTGTACTACCC-1
GRCh38,CACCGTTGTATCCGGA-1
GRCh38,CACCGTTGTATGTTAG-1
GRCh38,CACCGTTGTCCAGCCC-1
GRCh38,CACCGTTGTCCTCATA-1
GRCh38,CACCGTTGTCGGTATG-1
GRCh38,CACCGTTGTGGAGCCT-1
GRCh38,CACCGTTGTGGCTAGC-1
GRCh38,CACCGTTGTGTCTATT-1
GRCh38,CACCGTTGTGTTAGTA-1
GRCh38,CACCGTTGTGTTCGTC-1
GRCh38,CACCTAAAGAAATCAG-1
GRCh38,CACCTAAAGAGGATTA-1
GRCh38,CACCTAAAGATGCATT-1
GRCh38,CACCTAAAGCAGCGTT-1
GRCh38,CACCTAAAGCCGTCAG-1
GRCh38,CACCTAAAGCCTAGAC-1
GRCh38,CACCTAAAGCGCATCG-1
GRCh38,CACCTAAAGCTATAGT-1
GRCh38,CACCTAAAGCTATTGG-1
GRCh38,CACCTAAAGGCCCTGA-1
GRCh38,CACCTAAAGGGATTAA-1
GRCh38,CACCTAAAGGTCCACG-1
GRCh38,CACCTAAAGGTGCCCA-1
GRCh38,CACCTATTCACAACAT-1
GRCh38,CACCTATTCACATAAC-1
GRCh38,CACCTATTCACTCACT-1
GRCh38,CACCTATTCAGAGAAC-1
GRCh38,CACCTATTCAGCGTGT-1
GRCh38,CACCTATTCATCAGCA-1
GRCh38,CACCTATTCCAATTAA-1
GRCh38,CACCTATTCCGAAACC-1
GRCh38,CACCTATTCCTACTTA-1
GRCh38,CACCTATTCGCATCAA-1
GRCh38,CACCTATTCGTACCTT-1
GRCh38,CACCTCATCACCCTAT-1
GRCh38,CACCTCATCCACTTAC-1
GRCh38,CACCTCATCCCTGGCT-1
GRCh38,CACCTCATCCGTTTCG-1
GRCh38,CACCTCATCGCGTGCA-1
GRCh38,CACCTCATCGTCCATT-1
GRCh38,CACCTCATCGTGCGTG-1
GRCh38,CACCTCCAGAAATTGG-1
GRCh38,CACCTCCAGAAGCTGG-1
GRCh38,CACCTCCAGACAGCAG-1
GRCh38,CACCTCCAGAGACATA-1
GRCh38,CACCTCCAGATGGAGT-1
GRCh38,CACCTCCAGATTGCAT-1
GRCh38,CACCTCCAGATTGGTT-1
GRCh38,CACCTCCAGCTATAGT-1
GRCh38,CACCTCCAGGCTTACA-1
GRCh38,CACCTCCAGGGAAGCC-1
GRCh38,CACCTCCAGGGCGATA-1
GRCh38,CACCTCCAGGTCCACG-1
GRCh38,CACCTCTCAAAGCATG-1
GRCh38,CACCTCTCAACCAACT-1
GRCh38,CACCTCTCAACCTAAC-1
GRCh38,CACCTCTCAACGAAGC-1
GRCh38,CACCTCTCAACGGGAT-1
GRCh38,CACCTCTCACACACGC-1
GRCh38,CACCTCTCACAGGCGA-1
GRCh38,CACCTCTCACCTATAA-1
GRCh38,CACCTCTCAGCCAATT-1
GRCh38,CACCTTTAGAATCAAG-1
GRCh38,CACCTTTAGAGCAGAT-1
GRCh38,CACCTTTAGATGCTCA-1
GRCh38,CACCTTTAGATTCAGT-1
GRCh38,CACCTTTAGCACATCA-1
GRCh38,CACCTTTAGCACTTTC-1
GRCh38,CACCTTTAGCATATGT-1
GRCh38,CACCTTTAGCTTAGGC-1
GRCh38,CACCTTTAGGCGAGTA-1
GRCh38,CACGAAGAGACGTCAC-1
GRCh38,CACGAAGAGAGGCACA-1
GRCh38,CACGAAGAGATAATCC-1
GRCh38,CACGAAGAGATTATGC-1
GRCh38,CACGAAGAGCAAACCC-1
GRCh38,CACGAAGAGCAGCTGT-1
GRCh38,CACGAAGAGCCTGGTG-1
GRCh38,CACGAAGAGCGCCCAA-1
GRCh38,CACGAAGAGCTACAAT-1
GRCh38,CACGAAGAGCTGCTAA-1
GRCh38,CACGAAGAGGCATGGA-1
GRCh38,CACGAATGTACTACGG-1
GRCh38,CACGAATGTAGCAGGG-1
GRCh38,CACGAATGTAGTCAGT-1
GRCh38,CACGAATGTATCTTCG-1
GRCh38,CACGAATGTCCTAGTC-1
GRCh38,CACGAATGTCGTAATA-1
GRCh38,CACGAATGTCGTTAGG-1
GRCh38,CACGAATGTCGTTCTA-1
GRCh38,CACGAATGTCTGGTCT-1
GRCh38,CACGAATGTCTGTACC-1
GRCh38,CACGAATGTGGAATGA-1
GRCh38,CACGAATGTGGAGCTC-1
GRCh38,CACGAATGTGGCGTTA-1
GRCh38,CACGAATGTGTGGCGT-1
GRCh38,CACGAATGTGTTACTT-1
GRCh38,CACGAGTTCAACAGGG-1
GRCh38,CACGAGTTCAAGTCGC-1
GRCh38,CACGAGTTCACTCCCA-1
GRCh38,CACGAGTTCACTGGCG-1
GRCh38,CACGAGTTCACTTCCG-1
GRCh38,CACGAGTTCCAATACG-1
GRCh38,CACGAGTTCCAGCCTC-1
GRCh38,CACGAGTTCCCACGCT-1
GRCh38,CACGAGTTCCCGGGTA-1
GRCh38,CACGAGTTCCTAGGGT-1
GRCh38,CACGAGTTCCTCTGCA-1
GRCh38,CACGAGTTCCTGGTAA-1
GRCh38,CACGCACCAAACTAGG-1
GRCh38,CACGCACCAAATCTAT-1
GRCh38,CACGCACCAACAATTT-1
GRCh38,CACGCACCAACTGGAA-1
GRCh38,CACGCACCACAACTTA-1
GRCh38,CACGCACCACCACTGA-1
GRCh38,CACGCACCACTCGTTC-1
GRCh38,CACGCACCAGGAGTCG-1
GRCh38,CACGCACCAGTATACC-1
GRCh38,CACGCACCAGTCTTCC-1
GRCh38,CACGCCAAGAATGATG-1
GRCh38,CACGCCAAGACGGCAA-1
GRCh38,CACGCCAAGAGGGACC-1
GRCh38,CACGCCAAGAGTGGCA-1
GRCh38,CACGCCAAGAGTTAGA-1
GRCh38,CACGCCAAGCCAACCG-1
GRCh38,CACGCCAAGCCACTAA-1
GRCh38,CACGCCAAGCTAGCGT-1
GRCh38,CACGCCAAGGCTCAAC-1
GRCh38,CACGCCAAGGGCATAG-1
GRCh38,CACGCCAAGGTAGTGG-1
GRCh38,CACGCCAAGGTCCAAC-1
GRCh38,CACGCCCGTACGCAAT-1
GRCh38,CACGCCCGTACTACTT-1
GRCh38,CACGCCCGTACTTAAG-1
GRCh38,CACGCCCGTAGGATAG-1
GRCh38,CACGCCCGTAGGGAGT-1
GRCh38,CACGCCCGTCAATGTA-1
GRCh38,CACGCCCGTCCTCTGG-1
GRCh38,CACGCCCGTCGATAGT-1
GRCh38,CACGCCCGTCTTGTAT-1
GRCh38,CACGCCCGTGGTGCGT-1
GRCh38,CACGCCCGTGTGTTGG-1
GRCh38,CACGCGGGTACTCTAT-1
GRCh38,CACGCGGGTATTATGG-1
GRCh38,CACGCGGGTCGTATGG-1
GRCh38,CACGCGGGTGTCCATC-1
GRCh38,CACGCTTGTAGCGTCA-1
GRCh38,CACGCTTGTAGGACTT-1
GRCh38,CACGCTTGTATTACAG-1
GRCh38,CACGCTTGTCCACGGG-1
GRCh38,CACGCTTGTCCATGCT-1
GRCh38,CACGCTTGTCGTGGGT-1
GRCh38,CACGCTTGTCGTTCGT-1
GRCh38,CACGCTTGTGCAATCG-1
GRCh38,CACGCTTGTGTGCCTT-1
GRCh38,CACGGAAAGAACACCC-1
GRCh38,CACGGAAAGAGCCGAA-1
GRCh38,CACGGAAAGAGCCGTT-1
GRCh38,CACGGAAAGATACGAA-1
GRCh38,CACGGAAAGCATCGAC-1
GRCh38,CACGGAAAGCTTGATG-1
GRCh38,CACGGCGGTAGGAAAT-1
GRCh38,CACGGCGGTAGTCCAG-1
GRCh38,CACGGCGGTATTGCGG-1
GRCh38,CACGGCGGTCAGTCAG-1
GRCh38,CACGGCGGTCATGGAT-1
GRCh38,CACGGCGGTCCAGTTC-1
GRCh38,CACGGCGGTCGGAATT-1
GRCh38,CACGGCGGTCGGTGTA-1
GRCh38,CACGGCGGTCGTTAAA-1
GRCh38,CACGGCGGTGCAAGCC-1
GRCh38,CACGGCGGTGCATGGC-1
GRCh38,CACGGCGGTGCCTGGG-1
GRCh38,CACGGGTGTCCGTTGT-1
GRCh38,CACGGGTGTGGATATC-1
GRCh38,CACGGGTGTGGCGATC-1
GRCh38,CACGGTCCAAAATGAC-1
GRCh38,CACGGTCCAACGAGGT-1
GRCh38,CACGGTCCAAGACGAC-1
GRCh38,CACGGTCCAAGTCTTA-1
GRCh38,CACGGTCCACCGCAGT-1
GRCh38,CACGGTCCACCTAAAC-1
GRCh38,CACGGTCCACCTAGGC-1
GRCh38,CACGGTCCACGCCTAA-1
GRCh38,CACGGTCCACGTTCAG-1
GRCh38,CACGGTCCAGGTAGCG-1
GRCh38,CACGGTTAGACACCGT-1
GRCh38,CACGGTTAGACGTATT-1
GRCh38,CACGGTTAGATAATCC-1
GRCh38,CACGGTTAGATCGTAT-1
GRCh38,CACGGTTAGATTGTGT-1
GRCh38,CACGGTTAGCCACAAC-1
GRCh38,CACGGTTAGCCCTAGG-1
GRCh38,CACGGTTAGCCGTTGG-1
GRCh38,CACGGTTAGCCTATGA-1
GRCh38,CACGGTTAGCGAATGG-1
GRCh38,CACGGTTAGGCTTGTA-1
GRCh38,CACGGTTAGGGAAATC-1
GRCh38,CACGGTTAGGGACGAC-1
GRCh38,CACGGTTAGGGATAGT-1
GRCh38,CACGGTTAGGGGATTG-1
GRCh38,CACGGTTAGGGTAGGC-1
GRCh38,CACGTAATCAAGTCGC-1
GRCh38,CACGTAATCATCCGCC-1
GRCh38,CACGTAATCCCACTTG-1
GRCh38,CACGTAATCCCTATAC-1
GRCh38,CACGTAATCCGGCCTT-1
GRCh38,CACGTAATCCTATGTC-1
GRCh38,CACGTAATCCTCGGCT-1
GRCh38,CACGTAATCGTCCTAT-1
GRCh38,CACGTACAGAGTCTTG-1
GRCh38,CACGTACAGCCTCATT-1
GRCh38,CACGTACAGCTATGTG-1
GRCh38,CACGTACAGGCCATAC-1
GRCh38,CACGTACAGGGAGCGT-1
GRCh38,CACGTAGGTAAACGCT-1
GRCh38,CACGTAGGTACAGCAT-1
GRCh38,CACGTAGGTACTGGAT-1
GRCh38,CACGTAGGTATACGTA-1
GRCh38,CACGTAGGTATATCAG-1
GRCh38,CACGTAGGTATCTGGG-1
GRCh38,CACGTAGGTCGGTATG-1
GRCh38,CACGTAGGTGGCTAGC-1
GRCh38,CACGTCACAAAACGAT-1
GRCh38,CACGTCACAAACGTTC-1
GRCh38,CACGTCACAAAGCAAT-1
GRCh38,CACGTCACAACCTAAC-1
GRCh38,CACGTCACAACTGTCG-1
GRCh38,CACGTCACAAGAGACC-1
GRCh38,CACGTCACAAGTCCAT-1
GRCh38,CACGTCACAATGCGCC-1
GRCh38,CACGTCACACAAACCT-1
GRCh38,CACGTCACACACTCTC-1
GRCh38,CACGTCACACCACAGC-1
GRCh38,CACGTCACACTTAACA-1
GRCh38,CACGTCACAGCTTATA-1
GRCh38,CACGTCGAGACACATT-1
GRCh38,CACGTCGAGCGATTGC-1
GRCh38,CACGTCGAGCTGTGCG-1
GRCh38,CACGTCGAGGCTCGAT-1
GRCh38,CACGTCGAGGGAAATC-1
GRCh38,CACGTCGAGGGTGAAT-1
GRCh38,CACGTCGAGGTTGCGT-1
GRCh38,CACGTTCGTACCTGTC-1
GRCh38,CACGTTCGTAGCCTTC-1
GRCh38,CACGTTCGTAGGGCGA-1
GRCh38,CACGTTCGTCCGTCTG-1
GRCh38,CACGTTCGTCTCGATC-1
GRCh38,CACGTTCGTGCAATCG-1
GRCh38,CACGTTCGTGCGCGAT-1
GRCh38,CACGTTCGTGCTTCTA-1
GRCh38,CACGTTCGTGTCCCCA-1
GRCh38,CACGTTCGTGTGCCGG-1
GRCh38,CACTAACCAAAACCTC-1
GRCh38,CACTAACCAAACTCCG-1
GRCh38,CACTAACCAAATTCCA-1
GRCh38,CACTAACCAACAAGAT-1
GRCh38,CACTAACCAACATGTC-1
GRCh38,CACTAACCAACGTTAC-1
GRCh38,CACTAACCAAGACGAC-1
GRCh38,CACTAACCAAGCAAAT-1
GRCh38,CACTAACCAAGTCATC-1
GRCh38,CACTAACCAATAAGAC-1
GRCh38,CACTAACCACATCAGT-1
GRCh38,CACTAACCACCATAAC-1
GRCh38,CACTAACCACCCAGAC-1
GRCh38,CACTAACCACTAGGGG-1
GRCh38,CACTAACCACTATCCC-1
GRCh38,CACTAACCAGCAAGAC-1
GRCh38,CACTAACCAGCATCGC-1
GRCh38,CACTAACCAGCTGACC-1
GRCh38,CACTAACCAGGTTAGA-1
GRCh38,CACTACAAGAATGGTA-1
GRCh38,CACTACAAGACGTTAT-1
GRCh38,CACTACAAGAGGCGTA-1
GRCh38,CACTACAAGAGTGCGA-1
GRCh38,CACTACAAGCCAGCAT-1
GRCh38,CACTACAAGCGTGTTA-1
GRCh38,CACTACAAGCGTTGTA-1
GRCh38,CACTACAAGGCTTGTA-1
GRCh38,CACTACAAGGGAGTTG-1
GRCh38,CACTACGCAAAAGCAT-1
GRCh38,CACTACGCAAAAGGGG-1
GRCh38,CACTACGCAAATTACT-1
GRCh38,CACTACGCAAGAGAGG-1
GRCh38,CACTACGCAATCACGT-1
GRCh38,CACTACGCACAATCAC-1
GRCh38,CACTACGCACAGGCGA-1
GRCh38,CACTACGCACATCAGT-1
GRCh38,CACTACGCACCTAGAT-1
GRCh38,CACTACGCACCTCATC-1
GRCh38,CACTACGCACTTAACA-1
GRCh38,CACTACGCAGCGCTTA-1
GRCh38,CACTACGCAGGTCGTC-1
GRCh38,CACTACTTCAAGCCGT-1
GRCh38,CACTACTTCACTCCAT-1
GRCh38,CACTACTTCAGTACGC-1
GRCh38,CACTACTTCCGCCGTT-1
GRCh38,CACTACTTCCTCCAGC-1
GRCh38,CACTACTTCCTTGTGT-1
GRCh38,CACTACTTCGCAATTG-1
GRCh38,CACTACTTCGCACGTG-1
GRCh38,CACTACTTCGCCCTTA-1
GRCh38,CACTACTTCGCTTATC-1
GRCh38,CACTACTTCGCTTCTG-1
GRCh38,CACTACTTCGTCCCTA-1
GRCh38,CACTAGCAGAATACAG-1
GRCh38,CACTAGCAGACAACCC-1
GRCh38,CACTAGCAGACCTATG-1
GRCh38,CACTAGCAGAGTGCAG-1
GRCh38,CACTAGCAGATGGTAA-1
GRCh38,CACTAGCAGCCACATA-1
GRCh38,CACTAGCAGCCTCATT-1
GRCh38,CACTAGCAGCGAAGTG-1
GRCh38,CACTAGCAGGCTGTTA-1
GRCh38,CACTAGCAGGGAAACT-1
GRCh38,CACTAGCAGGGAATAC-1
GRCh38,CACTAGCAGGGAATCG-1
GRCh38,CACTAGGGTAATACTG-1
GRCh38,CACTAGGGTACACCCT-1
GRCh38,CACTAGGGTATTGAGC-1
GRCh38,CACTAGGGTCGGATAT-1
GRCh38,CACTAGGGTCGGTTCT-1
GRCh38,CACTAGGGTCTGGCTT-1
GRCh38,CACTAGGGTCTGGTGA-1
GRCh38,CACTAGGGTGTATGCG-1
GRCh38,CACTAGGGTGTCTATT-1
GRCh38,CACTAGGGTGTGGATT-1
GRCh38,CACTAGGGTGTGTAGT-1
GRCh38,CACTAGGGTGTTCGCT-1
GRCh38,CACTATACAAATTGAA-1
GRCh38,CACTATACAACAGCGG-1
GRCh38,CACTATACAACTTCAA-1
GRCh38,CACTATACAATAGCCT-1
GRCh38,CACTATACAATTATCG-1
GRCh38,CACTATACACAGTCAT-1
GRCh38,CACTATACAGCAGGCA-1
GRCh38,CACTATACAGCGACGA-1
GRCh38,CACTATACAGCGGACA-1
GRCh38,CACTATACAGGACTTT-1
GRCh38,CACTATACAGTAAGAT-1
GRCh38,CACTATGAGACCCAAC-1
GRCh38,CACTATGAGAGGATTA-1
GRCh38,CACTATGAGAGTCCCG-1
GRCh38,CACTATGAGCCTTTAC-1
GRCh38,CACTATGAGGTAATTC-1
GRCh38,CACTATTGTCCCAAAG-1
GRCh38,CACTATTGTGTTACCC-1
GRCh38,CACTCAAAGAAGCCAG-1
GRCh38,CACTCAAAGAGTGCAG-1
GRCh38,CACTCAAAGCATTGCA-1
GRCh38,CACTCAAAGCATTTGG-1
GRCh38,CACTCAAAGCGAATTT-1
GRCh38,CACTCAAAGCGGTCAT-1
GRCh38,CACTCAAAGCGTTCAA-1
GRCh38,CACTCAAAGCTTCTAC-1
GRCh38,CACTCAAAGGGGGTAC-1
GRCh38,CACTCAGCAAATATTC-1
GRCh38,CACTCAGCAAGAGAGG-1
GRCh38,CACTCAGCAAGTCGGG-1
GRCh38,CACTCAGCAAGTGTTC-1
GRCh38,CACTCAGCACGCGCAT-1
GRCh38,CACTCAGCACTAAACC-1
GRCh38,CACTCAGCACTGAAAG-1
GRCh38,CACTCAGCAGGCGTTC-1
GRCh38,CACTCAGCAGTAAGAT-1
GRCh38,CACTCCATCACTACCT-1
GRCh38,CACTCCATCACTCTGT-1
GRCh38,CACTCCATCATGGGCT-1
GRCh38,CACTCCATCCCACTTG-1
GRCh38,CACTCCATCCCAGTAA-1
GRCh38,CACTCCATCCCTTTCC-1
GRCh38,CACTCCATCCGTTTAC-1
GRCh38,CACTCCATCCTAATGG-1
GRCh38,CACTCCATCGCTCTAT-1
GRCh38,CACTCCATCGGTTGTA-1
GRCh38,CACTCCCAGAAACCAA-1
GRCh38,CACTCCCAGAATGCGG-1
GRCh38,CACTCCCAGACAATGA-1
GRCh38,CACTCCCAGACATCAT-1
GRCh38,CACTCCCAGACCCGAT-1
GRCh38,CACTCCCAGCAAACTT-1
GRCh38,CACTCCCAGCACGGTT-1
GRCh38,CACTCCGGTATACGGT-1
GRCh38,CACTCCGGTATACTAG-1
GRCh38,CACTCCGGTATCGTGG-1
GRCh38,CACTCCGGTCAGGCCG-1
GRCh38,CACTCCGGTCCGTGTT-1
GRCh38,CACTCCGGTCCTTTAG-1
GRCh38,CACTCCGGTCGCTTCG-1
GRCh38,CACTCCGGTCTACGGA-1
GRCh38,CACTCCGGTCTATAAG-1
GRCh38,CACTCCGGTCTTAGTT-1
GRCh38,CACTCCGGTGCCAAAT-1
GRCh38,CACTCCGGTGGAATGA-1
GRCh38,CACTCGACAAACCGAA-1
GRCh38,CACTCGACAAACGCGG-1
GRCh38,CACTCGACAAACGGGT-1
GRCh38,CACTCGACAAATATTC-1
GRCh38,CACTCGACAACATTAT-1
GRCh38,CACTCGACAACGTCCA-1
GRCh38,CACTCGACAAGGCGCA-1
GRCh38,CACTCGACAAGGTTAG-1
GRCh38,CACTCGACAATTACGC-1
GRCh38,CACTCGACACAGCGAG-1
GRCh38,CACTCGACACCGCAGT-1
GRCh38,CACTCGACACGCATCA-1
GRCh38,CACTCGACAGGTAACA-1
GRCh38,CACTCGACAGTCACGC-1
GRCh38,CACTCTCCAAATATTC-1
GRCh38,CACTCTCCAACATGGA-1
GRCh38,CACTCTCCAACGAGGT-1
GRCh38,CACTCTCCAAGCGAAC-1
GRCh38,CACTCTCCAATCAGTC-1
GRCh38,CACTCTCCACCTCTCG-1
GRCh38,CACTCTCCACGCCTAA-1
GRCh38,CACTCTCCACGTTCGA-1
GRCh38,CACTCTCCAGGACTTT-1
GRCh38,CACTCTCCAGGGCTTC-1
GRCh38,CACTCTCCAGGTTAGA-1
GRCh38,CACTCTCCAGTCAAGA-1
GRCh38,CACTCTCCAGTGACCC-1
GRCh38,CACTCTGTCAGCCATA-1
GRCh38,CACTCTGTCAGCGCCA-1
GRCh38,CACTCTGTCAGTGATT-1
GRCh38,CACTCTGTCCAAGCGT-1
GRCh38,CACTCTGTCCCCTAAT-1
GRCh38,CACTCTGTCCCTACGC-1
GRCh38,CACTCTGTCGGGTTAC-1
GRCh38,CACTGCACAAAACTAA-1
GRCh38,CACTGCACAACAGAAT-1
GRCh38,CACTGCACAACTGCCA-1
GRCh38,CACTGCACAAGCTTTA-1
GRCh38,CACTGCACAATAGGCA-1
GRCh38,CACTGCACACAGTTCG-1
GRCh38,CACTGCACACGGTGCT-1
GRCh38,CACTGCACAGTATGCT-1
GRCh38,CACTGCGAGCATTGCA-1
GRCh38,CACTGCGAGCTAAACT-1
GRCh38,CACTGCGAGCTAGCCG-1
GRCh38,CACTGCGAGCTGTACA-1
GRCh38,CACTGCGAGGCACGTT-1
GRCh38,CACTGCGAGGCCTGCA-1
GRCh38,CACTGCGAGGTCTAGC-1
GRCh38,CACTGTAAGAGACATA-1
GRCh38,CACTGTAAGATCGTAT-1
GRCh38,CACTGTAAGCATAGGG-1
GRCh38,CACTGTAAGCTCATAG-1
GRCh38,CACTGTAAGGCAGTGA-1
GRCh38,CACTGTAAGGCGTCCA-1
GRCh38,CACTGTAAGGCTGTCG-1
GRCh38,CACTTAACAATGGCCC-1
GRCh38,CACTTAACACAAGCCC-1
GRCh38,CACTTAACACCATTCC-1
GRCh38,CACTTAACACCTTCCG-1
GRCh38,CACTTAACACGCGTTA-1
GRCh38,CACTTAACAGGCATAA-1
GRCh38,CACTTAACAGTGCTCA-1
GRCh38,CACTTACTCACTCGTT-1
GRCh38,CACTTACTCAGTGAAA-1
GRCh38,CACTTACTCCTAGCAA-1
GRCh38,CACTTACTCGGGCTAT-1
GRCh38,CACTTACTCGTACGTA-1
GRCh38,CACTTAGAGAACGGGC-1
GRCh38,CACTTAGAGAAGCTGG-1
GRCh38,CACTTAGAGACAAGAC-1
GRCh38,CACTTAGAGAGCGACA-1
GRCh38,CACTTAGAGAGGGACC-1
GRCh38,CACTTAGAGATCGATT-1
GRCh38,CACTTAGAGATGGTGG-1
GRCh38,CACTTAGAGCAACGTC-1
GRCh38,CACTTAGAGCACTCAA-1
GRCh38,CACTTAGAGCATGTTG-1
GRCh38,CACTTAGAGGCCATTA-1
GRCh38,CACTTAGAGGCCCTGA-1
GRCh38,CACTTAGAGGTGTCCG-1
GRCh38,CACTTATGTAATCCCC-1
GRCh38,CACTTATGTACCCATC-1
GRCh38,CACTTATGTAGTTTAG-1
GRCh38,CACTTATGTCAGCAAT-1
GRCh38,CACTTATGTCATTGGG-1
GRCh38,CACTTATGTCCGACAA-1
GRCh38,CACTTATGTGGGTTTG-1
GRCh38,CACTTATGTGGTAAAG-1
GRCh38,CACTTATGTGTGTCTC-1
GRCh38,CACTTCGTCACTGCCC-1
GRCh38,CACTTCGTCATGCAGC-1
GRCh38,CACTTCGTCCACGAGT-1
GRCh38,CACTTCGTCCCACCGT-1
GRCh38,CACTTCGTCCGTCGCT-1
GRCh38,CACTTCGTCCTCTCGA-1
GRCh38,CACTTCGTCCTGTATC-1
GRCh38,CACTTCGTCGGCTCTC-1
GRCh38,CACTTCGTCGGGCTTG-1
GRCh38,CACTTCGTCGTGCATA-1
GRCh38,CACTTCGTCGTTGCCC-1
GRCh38,CACTTTCAGAATGGTA-1
GRCh38,CACTTTCAGATGAGGT-1
GRCh38,CACTTTCAGATTAAGG-1
GRCh38,CACTTTCAGCACCACG-1
GRCh38,CACTTTCAGCCGTATA-1
GRCh38,CACTTTCAGCTATCAG-1
GRCh38,CACTTTCAGCTCAGGT-1
GRCh38,CACTTTCAGGGGTGTA-1
GRCh38,CACTTTGGTATCGCTC-1
GRCh38,CACTTTGGTATTATGG-1
GRCh38,CACTTTGGTCATACGG-1
GRCh38,CACTTTGGTCCGTGTT-1
GRCh38,CACTTTGGTGCAAGGG-1
GRCh38,CACTTTGGTGGAGCTC-1
GRCh38,CACTTTGGTGGCTAGC-1
GRCh38,CACTTTGGTGTTATAG-1
GRCh38,CACTTTGGTGTTGCAG-1
GRCh38,CAGCAACTCAAAGCCC-1
GRCh38,CAGCAACTCACCCCGT-1
GRCh38,CAGCAACTCACGTCCC-1
GRCh38,CAGCAACTCAGAGTAA-1
GRCh38,CAGCAACTCAGTGGCT-1
GRCh38,CAGCAACTCAGTTGGC-1
GRCh38,CAGCAACTCCAACCTT-1
GRCh38,CAGCAACTCCACTTCG-1
GRCh38,CAGCAACTCCCATCTG-1
GRCh38,CAGCAACTCCCGCTTA-1
GRCh38,CAGCAACTCGTAACTG-1
GRCh38,CAGCAACTCGTACATG-1
GRCh38,CAGCAACTCGTCTCGC-1
GRCh38,CAGCAACTCGTTGACA-1
GRCh38,CAGCAATGTAACCCGA-1
GRCh38,CAGCAATGTAGCAATC-1
GRCh38,CAGCAATGTAGCGTAT-1
GRCh38,CAGCAATGTCACCGCC-1
GRCh38,CAGCAATGTCCAACGA-1
GRCh38,CAGCAATGTCCGAAAT-1
GRCh38,CAGCAATGTCTCATTG-1
GRCh38,CAGCAATGTGCATTGG-1
GRCh38,CAGCAATGTGCGTTAG-1
GRCh38,CAGCAATGTGGTAAAG-1
GRCh38,CAGCAATGTGTCGTAG-1
GRCh38,CAGCACCCAACTCCGA-1
GRCh38,CAGCACCCAACTCGGC-1
GRCh38,CAGCACCCAAGAGGGA-1
GRCh38,CAGCACCCAATAGCGA-1
GRCh38,CAGCACCCAATTGCTA-1
GRCh38,CAGCACCCACCGGTTA-1
GRCh38,CAGCACCCAGCGATAA-1
GRCh38,CAGCACCCAGCTCGGT-1
GRCh38,CAGCACCCAGGACCGA-1
GRCh38,CAGCACCCAGTAGGGT-1
GRCh38,CAGCAGGCAAACATTT-1
GRCh38,CAGCAGGCAACACCCA-1
GRCh38,CAGCAGGCACAAGGCG-1
GRCh38,CAGCAGGCACACTCAG-1
GRCh38,CAGCAGGCACCAACAT-1
GRCh38,CAGCAGGCACCGAATT-1
GRCh38,CAGCAGGCACTAACTA-1
GRCh38,CAGCAGGCAGTACAAG-1
GRCh38,CAGCAGGCAGTGCGTC-1
GRCh38,CAGCAGTTCAAGTCGC-1
GRCh38,CAGCAGTTCACACTTC-1
GRCh38,CAGCAGTTCACGCGCA-1
GRCh38,CAGCAGTTCAGTACGC-1
GRCh38,CAGCAGTTCAGTTTCC-1
GRCh38,CAGCAGTTCATGCGGT-1
GRCh38,CAGCAGTTCCAATGCA-1
GRCh38,CAGCAGTTCCATATCC-1
GRCh38,CAGCAGTTCCATTCTA-1
GRCh38,CAGCAGTTCCGTCTAT-1
GRCh38,CAGCATATCAGACTCA-1
GRCh38,CAGCATATCATGTTAA-1
GRCh38,CAGCATATCCTCGGGA-1
GRCh38,CAGCATATCGGGCATT-1
GRCh38,CAGCATATCGTATTCC-1
GRCh38,CAGCATGGTAATGGCT-1
GRCh38,CAGCATGGTAGCTGGC-1
GRCh38,CAGCATGGTCGACTCT-1
GRCh38,CAGCATGGTCTAAGTA-1
GRCh38,CAGCATGGTGCTGTCT-1
GRCh38,CAGCATGGTGGCGTTA-1
GRCh38,CAGCATGGTGTATAGC-1
GRCh38,CAGCATGGTGTTACGG-1
GRCh38,CAGCATTCAACACTTA-1
GRCh38,CAGCATTCAACATAGG-1
GRCh38,CAGCATTCAAGACGAC-1
GRCh38,CAGCATTCAATTACCA-1
GRCh38,CAGCATTCACAGCAGG-1
GRCh38,CAGCATTCAGTACGGG-1
GRCh38,CAGCCATAGAATTACC-1
GRCh38,CAGCCATAGACCACGT-1
GRCh38,CAGCCATAGACGTTAT-1
GRCh38,CAGCCATAGAGCCGAA-1
GRCh38,CAGCCATAGAGGAGTT-1
GRCh38,CAGCCATAGATAGGCG-1
GRCh38,CAGCCATAGCCATAAT-1
GRCh38,CAGCCATAGCCTTAGA-1
GRCh38,CAGCCATAGCGTCTCC-1
GRCh38,CAGCCATAGCTAAACT-1
GRCh38,CAGCCATAGCTGCTAA-1
GRCh38,CAGCCATAGGCTCTAA-1
GRCh38,CAGCCATAGGCTGTCG-1
GRCh38,CAGCCATAGGTAGTGG-1
GRCh38,CAGCCATAGGTATTGT-1
GRCh38,CAGCCATAGGTCATGC-1
GRCh38,CAGCCATAGGTCGAGA-1
GRCh38,CAGCCCAAGATAGGCG-1
GRCh38,CAGCCCAAGATGCTCA-1
GRCh38,CAGCCCAAGCAACATT-1
GRCh38,CAGCCCAAGCATAATC-1
GRCh38,CAGCCCAAGCCGTAAC-1
GRCh38,CAGCCCAAGCCTACGG-1
GRCh38,CAGCCCAAGCTCGATA-1
GRCh38,CAGCCCAAGGGGAGCT-1
GRCh38,CAGCCCAAGGTTCAGC-1
GRCh38,CAGCCCCGTAAGCCAT-1
GRCh38,CAGCCCCGTAAGGTTC-1
GRCh38,CAGCCCCGTACCAGAT-1
GRCh38,CAGCCCCGTACCCTTA-1
GRCh38,CAGCCCCGTACGCGCG-1
GRCh38,CAGCCCCGTAGCGGTC-1
GRCh38,CAGCCCCGTCAGCGGT-1
GRCh38,CAGCCCCGTCAGGGTC-1
GRCh38,CAGCCCCGTCATACAA-1
GRCh38,CAGCCCCGTGCTACAG-1
GRCh38,CAGCCCCGTGGGTGAG-1
GRCh38,CAGCCCTTCACTACTC-1
GRCh38,CAGCCCTTCACTCCGC-1
GRCh38,CAGCCCTTCACTTGCT-1
GRCh38,CAGCCCTTCCCCACGT-1
GRCh38,CAGCCCTTCCCTACGC-1
GRCh38,CAGCCCTTCCGATAAT-1
GRCh38,CAGCCCTTCCTCGCAC-1
GRCh38,CAGCCCTTCGCTAACA-1
GRCh38,CAGCCCTTCGCTCTCA-1
GRCh38,CAGCCCTTCGTCCTGC-1
GRCh38,CAGCCTCTCACATATA-1
GRCh38,CAGCCTCTCCTGAACA-1
GRCh38,CAGCCTCTCGCATGGT-1
GRCh38,CAGCCTCTCGCGTGTG-1
GRCh38,CAGCCTCTCGCTGGCA-1
GRCh38,CAGCCTCTCGCTTTCG-1
GRCh38,CAGCCTCTCGTAGTCA-1
GRCh38,CAGCCTCTCGTGGTTA-1
GRCh38,CAGCCTTGTAATGGAG-1
GRCh38,CAGCCTTGTAGGCATT-1
GRCh38,CAGCCTTGTAGTCCAG-1
GRCh38,CAGCCTTGTCAAGGTT-1
GRCh38,CAGCCTTGTCGACGTA-1
GRCh38,CAGCCTTGTGCATGGC-1
GRCh38,CAGCCTTGTGCGAATT-1
GRCh38,CAGCCTTGTGGCATTG-1
GRCh38,CAGCCTTGTGGGTTAT-1
GRCh38,CAGCCTTGTGTCTTCA-1
GRCh38,CAGCGAAAGACATCCA-1
GRCh38,CAGCGAAAGACATGAA-1
GRCh38,CAGCGAAAGACGCGAA-1
GRCh38,CAGCGAAAGAGTATAG-1
GRCh38,CAGCGAAAGAGTCGTC-1
GRCh38,CAGCGAAAGATGGGAT-1
GRCh38,CAGCGAAAGCAAGATA-1
GRCh38,CAGCGAAAGCACAATT-1
GRCh38,CAGCGAAAGCACCGCA-1
GRCh38,CAGCGAAAGCGCAGTT-1
GRCh38,CAGCGAAAGCTCGAGT-1
GRCh38,CAGCGAAAGGCAATTT-1
GRCh38,CAGCGAAAGGCCCAAT-1
GRCh38,CAGCGAAAGGTTCAGC-1
GRCh38,CAGCGAGCAAAAGCAT-1
GRCh38,CAGCGAGCAAACCTTA-1
GRCh38,CAGCGAGCAATCTGAC-1
GRCh38,CAGCGAGCACAGCGTC-1
GRCh38,CAGCGAGCACAGTTAC-1
GRCh38,CAGCGAGCACTACGCA-1
GRCh38,CAGCGAGCACTACTCC-1
GRCh38,CAGCGAGCAGCCATAT-1
GRCh38,CAGCGAGCAGGTTCAT-1
GRCh38,CAGCGAGCAGTAGTAG-1
GRCh38,CAGCGAGCAGTCGCAC-1
GRCh38,CAGCGCATCACAGGTC-1
GRCh38,CAGCGCATCAGCCTCC-1
GRCh38,CAGCGCATCATGGCTA-1
GRCh38,CAGCGCATCCAACACA-1
GRCh38,CAGCGCATCCTAGCTT-1
GRCh38,CAGCGCATCGCGAGTT-1
GRCh38,CAGCGCATCGGCTATA-1
GRCh38,CAGCGCATCGTAGTTG-1
GRCh38,CAGCGCATCGTATAAC-1
GRCh38,CAGCGGACAAACGGGT-1
GRCh38,CAGCGGACAACGGGAT-1
GRCh38,CAGCGGACAAGCGCGA-1
GRCh38,CAGCGGACAAGTGCCC-1
GRCh38,CAGCGGACAATGGCGG-1
GRCh38,CAGCGGACACCAGAGG-1
GRCh38,CAGCGGACAGGCCTTA-1
GRCh38,CAGCGGACAGGTTGCC-1
GRCh38,CAGCGGACAGGTTTCG-1
GRCh38,CAGCGGTGTACCTTAT-1
GRCh38,CAGCGGTGTATCCGTC-1
GRCh38,CAGCGGTGTATCTCAT-1
GRCh38,CAGCGGTGTATTGTAG-1
GRCh38,CAGCGGTGTGGAGCTC-1
GRCh38,CAGCGGTGTGTGGTCA-1
GRCh38,CAGCGTAGTAAACTGC-1
GRCh38,CAGCGTAGTAGTCTCC-1
GRCh38,CAGCGTAGTATTGAGC-1
GRCh38,CAGCGTAGTGCCTTTA-1
GRCh38,CAGCGTAGTGTCGAGC-1
GRCh38,CAGCGTAGTGTGTCAG-1
GRCh38,CAGCGTCCAACCCGAC-1
GRCh38,CAGCGTCCACGCAGCT-1
GRCh38,CAGCGTCCACGCCTAA-1
GRCh38,CAGCGTTAGAAAGCGT-1
GRCh38,CAGCGTTAGACTTTGG-1
GRCh38,CAGCGTTAGAGGATTA-1
GRCh38,CAGCGTTAGCCAAATT-1
GRCh38,CAGCGTTAGCCTAATG-1
GRCh38,CAGCGTTAGCGTCTAA-1
GRCh38,CAGCGTTAGCTAAATC-1
GRCh38,CAGCGTTAGGCGAATG-1
GRCh38,CAGCGTTAGGCTCACG-1
GRCh38,CAGCGTTAGGCTTAAT-1
GRCh38,CAGCTAATCAACGGCT-1
GRCh38,CAGCTAATCACAATAC-1
GRCh38,CAGCTAATCATAGTCG-1
GRCh38,CAGCTAATCCGAATCA-1
GRCh38,CAGCTAATCGCAAAGG-1
GRCh38,CAGCTAATCGCGTTAA-1
GRCh38,CAGCTAATCGCTTATC-1
GRCh38,CAGCTAATCGTCGCTC-1
GRCh38,CAGCTACAGAACTCAT-1
GRCh38,CAGCTACAGAATTGAG-1
GRCh38,CAGCTACAGACAATGA-1
GRCh38,CAGCTACAGAGAAGGA-1
GRCh38,CAGCTACAGAGACGAT-1
GRCh38,CAGCTACAGCAGTATT-1
GRCh38,CAGCTACAGCCCACAG-1
GRCh38,CAGCTACAGCCGCAAT-1
GRCh38,CAGCTACAGCGTTGAC-1
GRCh38,CAGCTACAGCTCAGTA-1
GRCh38,CAGCTACAGGCACCCA-1
GRCh38,CAGCTACAGGCGTTTA-1
GRCh38,CAGCTACAGGTAGGAT-1
GRCh38,CAGCTCACAACGGACG-1
GRCh38,CAGCTCACACAAACCT-1
GRCh38,CAGCTCACACGCTGAC-1
GRCh38,CAGCTCACACTAGGGG-1
GRCh38,CAGCTCCTCAAGTCGC-1
GRCh38,CAGCTCCTCAATTGGT-1
GRCh38,CAGCTCCTCACGCTAA-1
GRCh38,CAGCTCCTCATATGGT-1
GRCh38,CAGCTCCTCCAGCCTC-1
GRCh38,CAGCTCCTCCCTTCGA-1
GRCh38,CAGCTCCTCCGTCATT-1
GRCh38,CAGCTCCTCGGCTCTC-1
GRCh38,CAGCTCCTCGGTCAAC-1
GRCh38,CAGCTCCTCGTACATG-1
GRCh38,CAGCTCCTCGTGCTCC-1
GRCh38,CAGCTCTGTATCCGAG-1
GRCh38,CAGCTCTGTCAATGTA-1
GRCh38,CAGCTCTGTCAGTATA-1
GRCh38,CAGCTCTGTCATAAGC-1
GRCh38,CAGCTCTGTCCATGCT-1
GRCh38,CAGCTCTGTCCTGTAC-1
GRCh38,CAGCTCTGTCGTCAGA-1
GRCh38,CAGCTCTGTGCCTATC-1
GRCh38,CAGCTCTGTGGGTAGG-1
GRCh38,CAGCTGTAGAAGGGCC-1
GRCh38,CAGCTGTAGATTAACC-1
GRCh38,CAGCTGTAGCGAACGA-1
GRCh38,CAGCTGTAGCGATTGC-1
GRCh38,CAGCTGTAGGCGTTTA-1
GRCh38,CAGCTGTAGGGAAGCC-1
GRCh38,CAGCTTCGTACCTCCG-1
GRCh38,CAGCTTCGTACGTTCC-1
GRCh38,CAGCTTCGTACTCCCG-1
GRCh38,CAGCTTCGTAGCGTGC-1
GRCh38,CAGCTTCGTATCCGAG-1
GRCh38,CAGCTTCGTCCAGTTC-1
GRCh38,CAGCTTCGTGCTACCT-1
GRCh38,CAGCTTCGTGCTCGTT-1
GRCh38,CAGGACGCAAAGTACG-1
GRCh38,CAGGACGCAACAATTT-1
GRCh38,CAGGACGCAATGATCC-1
GRCh38,CAGGACGCACATCATA-1
GRCh38,CAGGACGCACCAGCTA-1
GRCh38,CAGGACGCACTCACGA-1
GRCh38,CAGGACGCAGCAGTAA-1
GRCh38,CAGGAGCAGAAGCTGG-1
GRCh38,CAGGAGCAGACTATCG-1
GRCh38,CAGGAGCAGCGATTTG-1
GRCh38,CAGGAGCAGCTATTGG-1
GRCh38,CAGGAGCAGGCAACGA-1
GRCh38,CAGGAGCAGGCGTAGA-1
GRCh38,CAGGAGCAGGCTTGAC-1
GRCh38,CAGGATCTCAAGGCTC-1
GRCh38,CAGGATCTCACGCGTG-1
GRCh38,CAGGATCTCACTTAAA-1
GRCh38,CAGGATCTCAGGGCAA-1
GRCh38,CAGGATCTCCAATCGA-1
GRCh38,CAGGATCTCCCTCTAG-1
GRCh38,CAGGATCTCCGCATGG-1
GRCh38,CAGGATCTCGCAAACC-1
GRCh38,CAGGATCTCGCCATGG-1
GRCh38,CAGGATCTCGTTAAGT-1
GRCh38,CAGGATTGTAAAGCTC-1
GRCh38,CAGGATTGTACATATG-1
GRCh38,CAGGATTGTAGTCTGG-1
GRCh38,CAGGATTGTCAACCCT-1
GRCh38,CAGGATTGTCACTAGG-1
GRCh38,CAGGATTGTCATCGCT-1
GRCh38,CAGGATTGTCATTCTG-1
GRCh38,CAGGATTGTCTAACGG-1
GRCh38,CAGGATTGTCTAGTAA-1
GRCh38,CAGGATTGTGCGTCTT-1
GRCh38,CAGGATTGTGGAACCC-1
GRCh38,CAGGATTGTGGTTTGG-1
GRCh38,CAGGATTGTGTGGCCG-1
GRCh38,CAGGATTGTGTTACGG-1
GRCh38,CAGGCCGGTAACCCCT-1
GRCh38,CAGGCCGGTACGGTCA-1
GRCh38,CAGGCCGGTCCAGCCC-1
GRCh38,CAGGCCGGTCCATTTG-1
GRCh38,CAGGCCGGTCCTATGC-1
GRCh38,CAGGCCGGTCCTTTAG-1
GRCh38,CAGGCCGGTCGACGTA-1
GRCh38,CAGGCCGGTCGTGGGT-1
GRCh38,CAGGCCGGTGGAGCCT-1
GRCh38,CAGGCGACAAAAGGGG-1
GRCh38,CAGGCGACAAACTAGG-1
GRCh38,CAGGCGACAAATCTAT-1
GRCh38,CAGGCGACAAATTAAG-1
GRCh38,CAGGCGACACGCGACT-1
GRCh38,CAGGCGACACTAGGAA-1
GRCh38,CAGGCGACACTGCTTC-1
GRCh38,CAGGCGACAGCATAAG-1
GRCh38,CAGGCGACAGCTAGAA-1
GRCh38,CAGGCGACAGGTTGGG-1
GRCh38,CAGGCGTGTAAAGCTC-1
GRCh38,CAGGCGTGTAACCGTG-1
GRCh38,CAGGCGTGTAACTCCC-1
GRCh38,CAGGCGTGTACTCGCT-1
GRCh38,CAGGCGTGTCAGCATG-1
GRCh38,CAGGCGTGTCTAACGG-1
GRCh38,CAGGCGTGTCTACGCT-1
GRCh38,CAGGCGTGTGCATGGC-1
GRCh38,CAGGCGTGTGGAACCC-1
GRCh38,CAGGCTTAGAATTCCG-1
GRCh38,CAGGCTTAGAGAGAGA-1
GRCh38,CAGGCTTAGAGCGTAG-1
GRCh38,CAGGCTTAGATGAGGT-1
GRCh38,CAGGCTTAGATGTAGA-1
GRCh38,CAGGCTTAGCTTCTAC-1
GRCh38,CAGGCTTAGGTTATGT-1
GRCh38,CAGGGACAGACAATGA-1
GRCh38,CAGGGACAGAGGTGAT-1
GRCh38,CAGGGACAGATCGTTG-1
GRCh38,CAGGGACAGCAAATGA-1
GRCh38,CAGGGACAGCCCAAGT-1
GRCh38,CAGGGACAGCGATTGC-1
GRCh38,CAGGGACAGCGTGAAG-1
GRCh38,CAGGGACAGCGTTTAG-1
GRCh38,CAGGGACAGCTGGGTT-1
GRCh38,CAGGGACAGGCAACGA-1
GRCh38,CAGGGACAGGCACCAT-1
GRCh38,CAGGGACAGGGCCTTG-1
GRCh38,CAGGGACAGGTTAGTT-1
GRCh38,CAGGGGTAGAGCAGCA-1
GRCh38,CAGGGGTAGATAACGA-1
GRCh38,CAGGGGTAGATGAGGT-1
GRCh38,CAGGGGTAGCATTCAG-1
GRCh38,CAGGGGTAGCTGCAGT-1
GRCh38,CAGGGGTAGGCAAAGT-1
GRCh38,CAGGGTAAGAATGCGG-1
GRCh38,CAGGGTAAGACTCGAC-1
GRCh38,CAGGGTAAGACTGCCG-1
GRCh38,CAGGGTAAGATGGTGG-1
GRCh38,CAGGGTAAGCAGCGAA-1
GRCh38,CAGGGTAAGCCTATTC-1
GRCh38,CAGGGTAAGCGAAACG-1
GRCh38,CAGGGTAAGCTACAGC-1
GRCh38,CAGGGTAAGGCAAGGC-1
GRCh38,CAGGGTAAGGGAGCGT-1
GRCh38,CAGGGTAAGGGTAGGC-1
GRCh38,CAGGGTAAGGTACCCG-1
GRCh38,CAGGGTAAGGTTGTAT-1
GRCh38,CAGGGTCGTACCACTC-1
GRCh38,CAGGGTCGTAGGGCGA-1
GRCh38,CAGGGTCGTCGAAGTT-1
GRCh38,CAGGGTCGTCTATCCA-1
GRCh38,CAGGGTCGTCTTGGAG-1
GRCh38,CAGGGTCGTGCGGGTT-1
GRCh38,CAGGGTTTCACATTAA-1
GRCh38,CAGGGTTTCACATTGG-1
GRCh38,CAGGGTTTCACTTCCG-1
GRCh38,CAGGGTTTCAGTCAAT-1
GRCh38,CAGGGTTTCGCATCGG-1
GRCh38,CAGGGTTTCGCTTTCG-1
GRCh38,CAGGTAACAACGAAGC-1
GRCh38,CAGGTAACAATGACCT-1
GRCh38,CAGGTAACACCTCTAC-1
GRCh38,CAGGTAACACGTTATA-1
GRCh38,CAGGTAACACTGACAT-1
GRCh38,CAGGTAACAGGGAGAA-1
GRCh38,CAGGTATGTAACTCGG-1
GRCh38,CAGGTATGTACAAGTC-1
GRCh38,CAGGTATGTACATTCT-1
GRCh38,CAGGTATGTAGAGAAT-1
GRCh38,CAGGTATGTCATAGGT-1
GRCh38,CAGGTATGTCATTGGG-1
GRCh38,CAGGTATGTGCAGTCA-1
GRCh38,CAGGTATGTGGAATTC-1
GRCh38,CAGGTATGTGGACGCT-1
GRCh38,CAGGTATGTGGATTGT-1
GRCh38,CAGGTATGTGTGCGTA-1
GRCh38,CAGGTCCCAACAAGAT-1
GRCh38,CAGGTCCCAAGGCGCA-1
GRCh38,CAGGTCCCAATACCTA-1
GRCh38,CAGGTCCCAATATCAT-1
GRCh38,CAGGTCCCACGATAAG-1
GRCh38,CAGGTGCGTACAGCAT-1
GRCh38,CAGGTGCGTAGGTTTA-1
GRCh38,CAGGTGCGTATATGGC-1
GRCh38,CAGGTGCGTATTATGG-1
GRCh38,CAGGTGCGTCAAGGCC-1
GRCh38,CAGGTGCGTCATACTT-1
GRCh38,CAGGTGCGTCTGTTGC-1
GRCh38,CAGGTGCGTGTCGCGG-1
GRCh38,CAGGTGCGTGTGCAAT-1
GRCh38,CAGGTGTTCCATCTGT-1
GRCh38,CAGGTGTTCCGGCACA-1
GRCh38,CAGGTGTTCCTGCAAA-1
GRCh38,CAGGTGTTCGCTGAGT-1
GRCh38,CAGGTGTTCGGTTCAA-1
GRCh38,CAGGTGTTCGTATACG-1
GRCh38,CAGGTTATCAAACCAT-1
GRCh38,CAGGTTATCACGCAGT-1
GRCh38,CAGGTTATCCGGGAAA-1
GRCh38,CAGGTTATCCTCATTA-1
GRCh38,CAGGTTATCGCATTAG-1
GRCh38,CAGGTTATCGCTAACA-1
GRCh38,CAGGTTATCGGCGTAT-1
GRCh38,CAGGTTATCGTCTCCA-1
GRCh38,CAGGTTATCGTGTACA-1
GRCh38,CAGGTTATCGTTGCAA-1
GRCh38,CAGGTTGGTAACCGTG-1
GRCh38,CAGGTTGGTAGTGTTA-1
GRCh38,CAGGTTGGTATCGCGA-1
GRCh38,CAGGTTGGTATGGCCA-1
GRCh38,CAGGTTGGTCAGTTGG-1
GRCh38,CAGGTTGGTCCTAGAG-1
GRCh38,CAGGTTGGTCGTATGG-1
GRCh38,CAGGTTGGTGGACCGT-1
GRCh38,CAGGTTGGTGGAGCTC-1
GRCh38,CAGGTTGGTGGTTTGG-1
GRCh38,CAGTAAGCAAAGGCCG-1
GRCh38,CAGTAAGCAAATCGAG-1
GRCh38,CAGTAAGCAACGACCC-1
GRCh38,CAGTAAGCAACTTAGC-1
GRCh38,CAGTAAGCACAACGCC-1
GRCh38,CAGTAAGCACAGTAAG-1
GRCh38,CAGTAAGCACCAGGCT-1
GRCh38,CAGTAAGCACTCATAA-1
GRCh38,CAGTAAGCACTGCAAT-1
GRCh38,CAGTAAGCAGCATTTA-1
GRCh38,CAGTAAGCAGCCAAGG-1
GRCh38,CAGTAATTCAAGGCTC-1
GRCh38,CAGTAATTCACGAGCT-1
GRCh38,CAGTAATTCAGCGTAC-1
GRCh38,CAGTAATTCCAAATGT-1
GRCh38,CAGTAATTCCATGCTT-1
GRCh38,CAGTAATTCCCAGCCT-1
GRCh38,CAGTAATTCCCTGATT-1
GRCh38,CAGTAATTCCTGTTCG-1
GRCh38,CAGTAATTCGCAAGTC-1
GRCh38,CAGTAATTCGTAGCTA-1
GRCh38,CAGTAATTCGTTCGGG-1
GRCh38,CAGTACATCAACCTCT-1
GRCh38,CAGTACATCAAGCCAC-1
GRCh38,CAGTACATCCCTGCAC-1
GRCh38,CAGTACATCCTTCTAA-1
GRCh38,CAGTACATCGGACTAC-1
GRCh38,CAGTACATCGGTCATA-1
GRCh38,CAGTACATCGTGAGCT-1
GRCh38,CAGTACATCGTTAGCA-1
GRCh38,CAGTACATCGTTCGTT-1
GRCh38,CAGTAGCTCAACTCTC-1
GRCh38,CAGTAGCTCACCAACA-1
GRCh38,CAGTAGCTCCAAATCG-1
GRCh38,CAGTAGCTCCAAGACC-1
GRCh38,CAGTAGCTCCGCTCTA-1
GRCh38,CAGTAGCTCGCTCATT-1
GRCh38,CAGTAGGAGACCTGTA-1
GRCh38,CAGTAGGAGACTTGTG-1
GRCh38,CAGTAGGAGATAACGA-1
GRCh38,CAGTAGGAGATTACCG-1
GRCh38,CAGTAGGAGCCATGCG-1
GRCh38,CAGTAGGAGCGCTGAT-1
GRCh38,CAGTAGGAGCTGCACG-1
GRCh38,CAGTAGGAGGCGAATG-1
GRCh38,CAGTAGGAGGCTGTTA-1
GRCh38,CAGTAGGAGGGAGTTG-1
GRCh38,CAGTAGTGTACTATTC-1
GRCh38,CAGTAGTGTAGACGGG-1
GRCh38,CAGTAGTGTAGGCGGA-1
GRCh38,CAGTAGTGTAGTTGCG-1
GRCh38,CAGTAGTGTATACGGT-1
GRCh38,CAGTAGTGTATATTGG-1
GRCh38,CAGTAGTGTCAAGTTA-1
GRCh38,CAGTAGTGTCACTTAT-1
GRCh38,CAGTAGTGTCCTATTG-1
GRCh38,CAGTAGTGTCGGATAT-1
GRCh38,CAGTAGTGTCTGACTC-1
GRCh38,CAGTAGTGTCTTGGAG-1
GRCh38,CAGTAGTGTGCAATCG-1
GRCh38,CAGTAGTGTGGAATTC-1
GRCh38,CAGTAGTGTGGATAAG-1
GRCh38,CAGTAGTGTGGATTTA-1
GRCh38,CAGTAGTGTGGGACTC-1
GRCh38,CAGTAGTGTGGGGAAT-1
GRCh38,CAGTAGTGTGGGGTTC-1
GRCh38,CAGTAGTGTGTCCGGG-1
GRCh38,CAGTATAGTAATACTG-1
GRCh38,CAGTATAGTAATTCAG-1
GRCh38,CAGTATAGTACCTGTC-1
GRCh38,CAGTATAGTACGAGTT-1
GRCh38,CAGTATAGTATTATGG-1
GRCh38,CAGTATAGTCAGTAGT-1
GRCh38,CAGTATAGTCATACGG-1
GRCh38,CAGTATAGTCCGTTGT-1
GRCh38,CAGTATAGTCTAAAGC-1
GRCh38,CAGTATAGTCTCGCAT-1
GRCh38,CAGTATAGTGCGAGGA-1
GRCh38,CAGTATAGTGCTATGG-1
GRCh38,CAGTATAGTGGAATCT-1
GRCh38,CAGTATAGTGGGTGTC-1
GRCh38,CAGTATGTCAAAGCCC-1
GRCh38,CAGTATGTCACGGTGT-1
GRCh38,CAGTATGTCACTACTC-1
GRCh38,CAGTATGTCAGACACC-1
GRCh38,CAGTATGTCCAAAGCC-1
GRCh38,CAGTATGTCCCGCGTT-1
GRCh38,CAGTATGTCCTGCAAA-1
GRCh38,CAGTATTAGAATGCAA-1
GRCh38,CAGTATTAGAATGTAG-1
GRCh38,CAGTATTAGACAGCGA-1
GRCh38,CAGTATTAGACCAATT-1
GRCh38,CAGTATTAGACCCATA-1
GRCh38,CAGTATTAGACGGGGT-1
GRCh38,CAGTATTAGCAAGACG-1
GRCh38,CAGTATTAGCACCACG-1
GRCh38,CAGTATTAGCATAGCC-1
GRCh38,CAGTATTAGCGACGTT-1
GRCh38,CAGTATTAGCGTGTTA-1
GRCh38,CAGTATTAGGCTATTG-1
GRCh38,CAGTATTAGGGTAGTG-1
GRCh38,CAGTCAATCAGCATAT-1
GRCh38,CAGTCAATCCAATGCA-1
GRCh38,CAGTCAATCCGAACAC-1
GRCh38,CAGTCAATCCGTAACA-1
GRCh38,CAGTCAGGTAATCGCG-1
GRCh38,CAGTCAGGTAGTATGC-1
GRCh38,CAGTCAGGTAGTCCAG-1
GRCh38,CAGTCAGGTATAAGCC-1
GRCh38,CAGTCAGGTCACTAGG-1
GRCh38,CAGTCAGGTCCTTCGG-1
GRCh38,CAGTCAGGTCTCATAT-1
GRCh38,CAGTCAGGTGCGAAGG-1
GRCh38,CAGTCAGGTGGATAAG-1
GRCh38,CAGTCAGGTGGTATGT-1
GRCh38,CAGTCATCAAACACCT-1
GRCh38,CAGTCATCAACGTCCA-1
GRCh38,CAGTCATCAAGTATCC-1
GRCh38,CAGTCATCACCACGTA-1
GRCh38,CAGTCATCACGACACC-1
GRCh38,CAGTCATCACTAATCA-1
GRCh38,CAGTCATCACTATTCT-1
GRCh38,CAGTCATCAGCGACAG-1
GRCh38,CAGTCATCAGCTTATA-1
GRCh38,CAGTCATCAGTTACCG-1
GRCh38,CAGTCCACAAACCACT-1
GRCh38,CAGTCCACAAACCGGG-1
GRCh38,CAGTCCACAAGGGTCG-1
GRCh38,CAGTCCACAATGTATT-1
GRCh38,CAGTCCACACACTCGA-1
GRCh38,CAGTCCACACAGCACC-1
GRCh38,CAGTCCACACATAGCT-1
GRCh38,CAGTCCACACCAACAT-1
GRCh38,CAGTCCACACTCACGA-1
GRCh38,CAGTCCACACTGACGC-1
GRCh38,CAGTCCACACTTAGCG-1
GRCh38,CAGTCCACAGGTTGGG-1
GRCh38,CAGTCCCTCAAGCCGT-1
GRCh38,CAGTCCCTCAATTCCC-1
GRCh38,CAGTCCCTCATTCGCT-1
GRCh38,CAGTCCCTCCTGATTC-1
GRCh38,CAGTCCCTCCTTCGTG-1
GRCh38,CAGTCCCTCGTGCTAA-1
GRCh38,CAGTCCGAGACATGTT-1
GRCh38,CAGTCCGAGATGCCCG-1
GRCh38,CAGTCCGAGATTGGTT-1
GRCh38,CAGTCCGAGCACTTAG-1
GRCh38,CAGTCCGAGCAGGGGT-1
GRCh38,CAGTCCGAGCGCTGCA-1
GRCh38,CAGTCCGAGCGGTTCG-1
GRCh38,CAGTCCGAGCGTTTAG-1
GRCh38,CAGTCCGAGGTATCCA-1
GRCh38,CAGTCGCCAAAACGCA-1
GRCh38,CAGTCGCCAAGCGCCT-1
GRCh38,CAGTCGCCAAGTTACC-1
GRCh38,CAGTCGCCACCACTCT-1
GRCh38,CAGTCGCCACCCACAA-1
GRCh38,CAGTCGCCACTCACCT-1
GRCh38,CAGTCGCCACTGGAGG-1
GRCh38,CAGTCGCCAGCCTCTT-1
GRCh38,CAGTCGCCAGTATGGA-1
GRCh38,CAGTCTAAGAAGGCAT-1
GRCh38,CAGTCTAAGCGTTATG-1
GRCh38,CAGTCTAAGCTACTTC-1
GRCh38,CAGTCTAAGCTTCTAC-1
GRCh38,CAGTCTAAGGGCCATT-1
GRCh38,CAGTCTCGTAAGGTCT-1
GRCh38,CAGTCTCGTAAGTGTC-1
GRCh38,CAGTCTCGTAGGGTAA-1
GRCh38,CAGTCTCGTAGTACGT-1
GRCh38,CAGTCTCGTATGCCGA-1
GRCh38,CAGTCTCGTATTCGGG-1
GRCh38,CAGTCTCGTCCTCTCC-1
GRCh38,CAGTCTCGTCTGTACC-1
GRCh38,CAGTCTCGTGGAAATG-1
GRCh38,CAGTCTCGTGTACTCC-1
GRCh38,CAGTGCAGTACATATG-1
GRCh38,CAGTGCAGTACGGGCT-1
GRCh38,CAGTGCAGTACTTCTG-1
GRCh38,CAGTGCAGTAGTATTG-1
GRCh38,CAGTGCAGTAGTCGAT-1
GRCh38,CAGTGCAGTATCGCTC-1
GRCh38,CAGTGCAGTCACGGGT-1
GRCh38,CAGTGCAGTCATCAGG-1
GRCh38,CAGTGCAGTCGGTATG-1
GRCh38,CAGTGCAGTCTACTAT-1
GRCh38,CAGTGCAGTGCGGGTT-1
GRCh38,CAGTGCAGTGGATTCG-1
GRCh38,CAGTGCAGTGGGGTTC-1
GRCh38,CAGTGCAGTGGTATTA-1
GRCh38,CAGTGCAGTGTGGGCT-1
GRCh38,CAGTGCCCAAGCGTTT-1
GRCh38,CAGTGCCCAATCAGCT-1
GRCh38,CAGTGCCCACACTATA-1
GRCh38,CAGTGCCCACAGTGGG-1
GRCh38,CAGTGCCCACCACCAA-1
GRCh38,CAGTGCCCACCCTTCG-1
GRCh38,CAGTGCCCACCGGAAG-1
GRCh38,CAGTGCCCACCGTTAG-1
GRCh38,CAGTGCCCACCTCATC-1
GRCh38,CAGTGCCCACTGCTCT-1
GRCh38,CAGTGCCCAGCACGCT-1
GRCh38,CAGTGCCCAGCGGTCT-1
GRCh38,CAGTGCCCAGCTTCGA-1
GRCh38,CAGTGCCCAGGACAAC-1
GRCh38,CAGTGCCCAGTTAACC-1
GRCh38,CAGTGCCCAGTTCAGT-1
GRCh38,CAGTGGGCAATCAGCT-1
GRCh38,CAGTGGGCACCTAGAT-1
GRCh38,CAGTGGGCAGGCCTTA-1
GRCh38,CAGTGGGCAGTAACCT-1
GRCh38,CAGTTAAGTAAACGGA-1
GRCh38,CAGTTAAGTACATTAG-1
GRCh38,CAGTTAAGTACGGTGC-1
GRCh38,CAGTTAAGTAGAGTGA-1
GRCh38,CAGTTAAGTCAGTCTC-1
GRCh38,CAGTTAAGTCTCGCCA-1
GRCh38,CAGTTAAGTCTGGAAT-1
GRCh38,CAGTTAAGTGCCTTGT-1
GRCh38,CAGTTAAGTGGTGTCA-1
GRCh38,CAGTTACCAACCAGAA-1
GRCh38,CAGTTACCAAGACGTA-1
GRCh38,CAGTTACCAATCCTAA-1
GRCh38,CAGTTACCACCGTCAA-1
GRCh38,CAGTTACCACTGCAAT-1
GRCh38,CAGTTACCACTGTACG-1
GRCh38,CAGTTACCAGCTCCAA-1
GRCh38,CAGTTACCAGCTTATA-1
GRCh38,CAGTTACCAGTCTCGA-1
GRCh38,CAGTTCCGTAAATCCA-1
GRCh38,CAGTTCCGTAATCAGC-1
GRCh38,CAGTTCCGTAATTTCC-1
GRCh38,CAGTTCCGTACGAGTT-1
GRCh38,CAGTTCCGTACGGTGC-1
GRCh38,CAGTTCCGTATGTTAG-1
GRCh38,CAGTTCCGTCATGTGG-1
GRCh38,CAGTTCCGTCGTATGG-1
GRCh38,CAGTTCCGTCGTTGCT-1
GRCh38,CAGTTCCGTGCACTAG-1
GRCh38,CAGTTCCGTGCCCTAT-1
GRCh38,CAGTTCCGTGCGTTTC-1
GRCh38,CAGTTCCGTGCTTGGA-1
GRCh38,CAGTTCCGTGTCCGCC-1
GRCh38,CAGTTCCGTGTGTATA-1
GRCh38,CAGTTCCGTGTTCATT-1
GRCh38,CAGTTCGCAAAACGGC-1
GRCh38,CAGTTCGCAACGGGAT-1
GRCh38,CAGTTCGCAAGAATTA-1
GRCh38,CAGTTCGCAAGACAGC-1
GRCh38,CAGTTCGCAAGCTATC-1
GRCh38,CAGTTCGCAATGACCT-1
GRCh38,CAGTTCGCACATCACG-1
GRCh38,CAGTTCGCACATCGGC-1
GRCh38,CAGTTCGCACCAGTGC-1
GRCh38,CAGTTCGCACTCCGAA-1
GRCh38,CAGTTCGCAGGGCAAT-1
GRCh38,CAGTTCGCAGGGGCTA-1
GRCh38,CAGTTCGCAGTCTAAC-1
GRCh38,CAGTTCGCAGTTGAGA-1
GRCh38,CAGTTGGGTAAGGGAC-1
GRCh38,CAGTTGGGTAAGTCTA-1
GRCh38,CAGTTGGGTAATACTG-1
GRCh38,CAGTTGGGTAATCTAG-1
GRCh38,CAGTTGGGTATTCAGA-1
GRCh38,CAGTTGGGTCAACTCC-1
GRCh38,CAGTTGGGTGGGGTTC-1
GRCh38,CAGTTGGGTGGTTATA-1
GRCh38,CAGTTGGGTGTACCCT-1
GRCh38,CAGTTGGGTGTCCCGC-1
GRCh38,CAGTTTACAAAGGAGG-1
GRCh38,CAGTTTACAAATACCC-1
GRCh38,CAGTTTACAACATAGG-1
GRCh38,CAGTTTACAACGAGGT-1
GRCh38,CAGTTTACAACTAACC-1
GRCh38,CAGTTTACAACTGAAG-1
GRCh38,CAGTTTACAAGAAGCC-1
GRCh38,CAGTTTACAATTGCTA-1
GRCh38,CAGTTTACACATAATT-1
GRCh38,CAGTTTACACGACCTA-1
GRCh38,CAGTTTACACTTCTCA-1
GRCh38,CAGTTTACAGGGCAAT-1
GRCh38,CATAACCCACCATTAA-1
GRCh38,CATAACCCAGCATTCG-1
GRCh38,CATAACCCAGGGTTCC-1
GRCh38,CATAACCCAGTCAAGA-1
GRCh38,CATAACGTCAAATGTC-1
GRCh38,CATAACGTCAAGTTCG-1
GRCh38,CATAACGTCACACACA-1
GRCh38,CATAACGTCACCACAA-1
GRCh38,CATAACGTCAGTTGCA-1
GRCh38,CATAACGTCCGAATTG-1
GRCh38,CATAACGTCCTCCAGC-1
GRCh38,CATAACGTCGCCAATA-1
GRCh38,CATAACGTCGGTTACA-1
GRCh38,CATAACGTCGGTTTAG-1
GRCh38,CATAACTAGAAAGCCG-1
GRCh38,CATAACTAGAAATGGC-1
GRCh38,CATAACTAGACAACCC-1
GRCh38,CATAACTAGAGCATTT-1
GRCh38,CATAACTAGAGCCTGT-1
GRCh38,CATAACTAGATCGCGT-1
GRCh38,CATAACTAGCATATGT-1
GRCh38,CATAACTAGCCCTTTG-1
GRCh38,CATAACTAGCCTGTAA-1
GRCh38,CATAACTAGCGATTGC-1
GRCh38,CATAACTAGGGCTTGT-1
GRCh38,CATAAGCGTAAATCTG-1
GRCh38,CATAAGCGTAAGGTAG-1
GRCh38,CATAAGCGTAATTGTG-1
GRCh38,CATAAGCGTATCATCT-1
GRCh38,CATAAGCGTATTCAGA-1
GRCh38,CATAAGCGTGCCTATC-1
GRCh38,CATAAGCGTGCCTTCG-1
GRCh38,CATAAGCGTGCTTGGA-1
GRCh38,CATAAGCGTGTTACTT-1
GRCh38,CATAAGCGTGTTCTAT-1
GRCh38,CATAAGTTCAATGGTT-1
GRCh38,CATAAGTTCAGTTATA-1
GRCh38,CATAAGTTCATAATTG-1
GRCh38,CATAAGTTCCATGGCG-1
GRCh38,CATAAGTTCCCATAAG-1
GRCh38,CATAAGTTCCCATTAC-1
GRCh38,CATAATCAGAATGCCC-1
GRCh38,CATAATCAGACCCGAT-1
GRCh38,CATAATCAGACTGCAC-1
GRCh38,CATAATCAGACTTTGG-1
GRCh38,CATAATCAGAGTGATA-1
GRCh38,CATAATCAGATCAGGG-1
GRCh38,CATAATCAGCCCATTT-1
GRCh38,CATAATCAGCCCTGGA-1
GRCh38,CATAATCAGCGAGTAG-1
GRCh38,CATAATCAGCGTACCG-1
GRCh38,CATAATCAGCGTTCCC-1
GRCh38,CATAATCAGGCACAAG-1
GRCh38,CATAATCAGGCGGGAT-1
GRCh38,CATAATTCAAAATTCT-1
GRCh38,CATAATTCAAATCCGT-1
GRCh38,CATAATTCAACCATCG-1
GRCh38,CATAATTCAACGAAGC-1
GRCh38,CATAATTCAATCATGC-1
GRCh38,CATAATTCAATGCCGC-1
GRCh38,CATAATTCACCCATTC-1
GRCh38,CATAATTCACGCGCAT-1
GRCh38,CATAATTCAGCAGCGA-1
GRCh38,CATAATTCAGTATTAT-1
GRCh38,CATACAAGTCCGACAA-1
GRCh38,CATACAAGTCGCGGAT-1
GRCh38,CATACAAGTGCGGTTA-1
GRCh38,CATACATAGACAAGCG-1
GRCh38,CATACATAGACATGAA-1
GRCh38,CATACATAGACGAGGC-1
GRCh38,CATACATAGAGAAGCT-1
GRCh38,CATACATAGCACTAGC-1
GRCh38,CATACATAGCAGTCCG-1
GRCh38,CATACCCGTCACGGGT-1
GRCh38,CATACCCGTCAGCGGT-1
GRCh38,CATACCCGTCGTCGGG-1
GRCh38,CATACCCGTCTCGAAG-1
GRCh38,CATACCCGTGCCTCTG-1
GRCh38,CATACCCGTGTCGTCT-1
GRCh38,CATACCCGTGTTAAGC-1
GRCh38,CATACCGCACAATTCA-1
GRCh38,CATACCGCACGCGTAC-1
GRCh38,CATACCGCAGCTAAAG-1
GRCh38,CATACCGCAGTCAAGA-1
GRCh38,CATACCTTCAACGCAC-1
GRCh38,CATACCTTCACGCATA-1
GRCh38,CATACCTTCAGTGATT-1
GRCh38,CATACCTTCCCGCCAT-1
GRCh38,CATACCTTCCTAGTTC-1
GRCh38,CATACCTTCGCATTAG-1
GRCh38,CATACCTTCGGTCCTC-1
GRCh38,CATACCTTCGTCCGCT-1
GRCh38,CATACGGGTAACGAAG-1
GRCh38,CATACGGGTAAGGGTA-1
GRCh38,CATACGGGTACCAGAT-1
GRCh38,CATACGGGTAGTCAGT-1
GRCh38,CATACGGGTATCCTAT-1
GRCh38,CATACGGGTCAGCATG-1
GRCh38,CATACGGGTCGCCATT-1
GRCh38,CATACGGGTGGCTAAT-1
GRCh38,CATACGGGTGGTCTAG-1
GRCh38,CATACGGGTGGTCTCT-1
GRCh38,CATACGGGTGTTACCC-1
GRCh38,CATACTTGTAGGTTTA-1
GRCh38,CATACTTGTATACAGC-1
GRCh38,CATACTTGTCATGCAG-1
GRCh38,CATACTTGTCGCCTAT-1
GRCh38,CATACTTGTGCTCTGT-1
GRCh38,CATACTTGTGGCGTTA-1
GRCh38,CATAGAGCAAATTGCC-1
GRCh38,CATAGAGCAACAATGG-1
GRCh38,CATAGAGCAAGTCCAT-1
GRCh38,CATAGAGCAATGCTTA-1
GRCh38,CATAGAGCACCCTAAG-1
GRCh38,CATAGAGCACCTATAA-1
GRCh38,CATAGAGCACCTGCTT-1
GRCh38,CATAGAGCACGACGGA-1
GRCh38,CATAGAGCACTCCGAA-1
GRCh38,CATAGAGCAGGGTCTC-1
GRCh38,CATAGAGCAGTTCGCA-1
GRCh38,CATAGCATCACTTTCA-1
GRCh38,CATAGCATCAGTTTAA-1
GRCh38,CATAGCATCATGATGT-1
GRCh38,CATAGCATCATGTAGT-1
GRCh38,CATAGCATCCCGACTC-1
GRCh38,CATAGCATCCCGGGTA-1
GRCh38,CATAGCATCCGGCTTC-1
GRCh38,CATAGCATCCTACTTA-1
GRCh38,CATAGCATCCTAGCCC-1
GRCh38,CATAGCATCGCGTATA-1
GRCh38,CATAGCCAGAATGACA-1
GRCh38,CATAGCCAGACGCGAA-1
GRCh38,CATAGCCAGATACCAT-1
GRCh38,CATAGCCAGATCTTCC-1
GRCh38,CATAGCCAGCAGTCTA-1
GRCh38,CATAGCCAGCCCATTT-1
GRCh38,CATAGCCAGCCTCGAG-1
GRCh38,CATAGCCAGCGTGCAT-1
GRCh38,CATAGCCAGCTCGATA-1
GRCh38,CATAGCCAGCTTCGTT-1
GRCh38,CATAGCCAGGCGCTTG-1
GRCh38,CATAGCCAGGGAATTA-1
GRCh38,CATAGCCAGGTAGTAA-1
GRCh38,CATAGCCAGGTTGCCG-1
GRCh38,CATAGCGGTAAGTGAG-1
GRCh38,CATAGCGGTAGGAGGT-1
GRCh38,CATAGCGGTCTGTACC-1
GRCh38,CATAGCGGTGCTTCTA-1
GRCh38,CATAGCGGTGGCCTGG-1
GRCh38,CATAGCGGTGGTAATC-1
GRCh38,CATAGCGGTGGTTGGC-1
GRCh38,CATAGCGGTGTAAGTC-1
GRCh38,CATAGCTCAAAAGGGG-1
GRCh38,CATAGCTCAAAGTCTC-1
GRCh38,CATAGCTCAACAGGAC-1
GRCh38,CATAGCTCAAGCATAG-1
GRCh38,CATAGCTCAAGCGGCA-1
GRCh38,CATAGCTCAATCACTA-1
GRCh38,CATAGCTCAATTCATG-1
GRCh38,CATAGCTCACATAGCT-1
GRCh38,CATAGCTCACGTGCTA-1
GRCh38,CATAGCTCACTTGACG-1
GRCh38,CATAGCTCAGTATACC-1
GRCh38,CATAGGCTCAACATTA-1
GRCh38,CATAGGCTCAAGGCTC-1
GRCh38,CATAGGCTCCCTTTGG-1
GRCh38,CATAGGCTCGCAATTG-1
GRCh38,CATAGGCTCGCTTCCA-1
GRCh38,CATAGGCTCGCTTTAC-1
GRCh38,CATAGGCTCGGCGCTA-1
GRCh38,CATAGGCTCGGGTCCA-1
GRCh38,CATAGGCTCGGTAGCT-1
GRCh38,CATAGGCTCGTGCAAC-1
GRCh38,CATAGGGAGACATAGA-1
GRCh38,CATAGGGAGCATACAT-1
GRCh38,CATAGGGAGCCTATTC-1
GRCh38,CATAGGGAGGGACGAC-1
GRCh38,CATAGGGAGGTGCCAT-1
GRCh38,CATAGGTGTAGCGGTC-1
GRCh38,CATAGGTGTCAACTCC-1
GRCh38,CATAGGTGTCAGTTAA-1
GRCh38,CATAGGTGTCCAACGA-1
GRCh38,CATAGGTGTCCAGCCC-1
GRCh38,CATAGGTGTGGTTGAT-1
GRCh38,CATAGTAGTATGCCAG-1
GRCh38,CATAGTAGTCAGCTCT-1
GRCh38,CATAGTAGTGCGAGGA-1
GRCh38,CATAGTAGTGGCATTG-1
GRCh38,CATAGTCCAAAGTCTC-1
GRCh38,CATAGTCCAACCCGAC-1
GRCh38,CATAGTCCAAGGTTCT-1
GRCh38,CATAGTCCACAATGTC-1
GRCh38,CATAGTCCACAGTGGG-1
GRCh38,CATAGTCCACCAGGGA-1
GRCh38,CATAGTCCACCCAGAC-1
GRCh38,CATAGTCCACGAGTAA-1
GRCh38,CATAGTCCACGATAAG-1
GRCh38,CATAGTCCAGCCTTAG-1
GRCh38,CATAGTCCAGGAGTCG-1
GRCh38,CATAGTCCAGTCTATA-1
GRCh38,CATATCACAAAAGTTA-1
GRCh38,CATATCACAAAATGAC-1
GRCh38,CATATCACACCATGCA-1
GRCh38,CATATCACACCTGTAG-1
GRCh38,CATATCACACGAATCT-1
GRCh38,CATATCACAGCGTAGG-1
GRCh38,CATATCACAGTATGGA-1
GRCh38,CATATCCTCACATACG-1
GRCh38,CATATCCTCACATCAG-1
GRCh38,CATATCCTCATACAAC-1
GRCh38,CATATCCTCCATTCGT-1
GRCh38,CATATCGAGAGGCGGT-1
GRCh38,CATATCGAGAGTTTAC-1
GRCh38,CATATCGAGCAAGGGC-1
GRCh38,CATATCGAGCAATTGT-1
GRCh38,CATATCGAGCCCACGA-1
GRCh38,CATATCGAGGTATAGA-1
GRCh38,CATATCGAGGTCGCCA-1
GRCh38,CATATGCCACAAGCGG-1
GRCh38,CATATGCCACTACGCA-1
GRCh38,CATATGCCAGCATTAC-1
GRCh38,CATATGCCAGTCCACA-1
GRCh38,CATATGCCAGTGCATT-1
GRCh38,CATATGGTCAGCACGT-1
GRCh38,CATATGGTCATCGGGT-1
GRCh38,CATATGGTCATGTAGT-1
GRCh38,CATATGGTCCAACGTA-1
GRCh38,CATATGGTCCATCTGT-1
GRCh38,CATATGGTCCATGGGT-1
GRCh38,CATATGGTCCCATCCA-1
GRCh38,CATATGGTCCGTTACT-1
GRCh38,CATATGGTCGTATACG-1
GRCh38,CATATGTAGAACATAG-1
GRCh38,CATATGTAGACGTCCG-1
GRCh38,CATATGTAGAGGCGGT-1
GRCh38,CATATGTAGATACGGG-1
GRCh38,CATATGTAGATGGCGA-1
GRCh38,CATATGTAGATTCAAC-1
GRCh38,CATATGTAGCATGTAT-1
GRCh38,CATATGTAGGGGGTAC-1
GRCh38,CATATGTAGGTAGACG-1
GRCh38,CATATTCGTAACAGGA-1
GRCh38,CATATTCGTACATTAG-1
GRCh38,CATATTCGTACCTTGC-1
GRCh38,CATATTCGTAGTGCGC-1
GRCh38,CATATTCGTAGTGTAC-1
GRCh38,CATATTCGTCAACCTC-1
GRCh38,CATATTCGTCGCATCT-1
GRCh38,CATATTCGTCGCTTTA-1
GRCh38,CATATTCGTCGTAGAT-1
GRCh38,CATATTCGTCTATCCA-1
GRCh38,CATATTCGTGGGGCTT-1
GRCh38,CATATTCGTGTGCCGG-1
GRCh38,CATCAATAGAAGGCAT-1
GRCh38,CATCAATAGACGCGTT-1
GRCh38,CATCAATAGAGCGTAG-1
GRCh38,CATCAATAGATCGCGT-1
GRCh38,CATCAATAGCGTGGAA-1
GRCh38,CATCAATAGCTATGTG-1
GRCh38,CATCACAAGAACCCAC-1
GRCh38,CATCACAAGAGGCGGT-1
GRCh38,CATCACAAGAGTTTCG-1
GRCh38,CATCACAAGCGCATTA-1
GRCh38,CATCACAAGCTAGTGC-1
GRCh38,CATCACGCAAACCTTA-1
GRCh38,CATCACGCAACGCGCT-1
GRCh38,CATCACGCACACTCGA-1
GRCh38,CATCACGCACCGCATA-1
GRCh38,CATCACGCACCTATAA-1
GRCh38,CATCACGCACTAGCGC-1
GRCh38,CATCACGCACTGTACG-1
GRCh38,CATCACGCAGGCCTTA-1
GRCh38,CATCACGCAGTGTCAT-1
GRCh38,CATCACTTCAAATGTC-1
GRCh38,CATCACTTCAATCGCA-1
GRCh38,CATCACTTCACACGGT-1
GRCh38,CATCACTTCACACGTA-1
GRCh38,CATCACTTCACTCCAT-1
GRCh38,CATCACTTCCAGTAGC-1
GRCh38,CATCACTTCCCGCATC-1
GRCh38,CATCACTTCCGCGGTA-1
GRCh38,CATCACTTCCGCTTCA-1
GRCh38,CATCACTTCCTTATCA-1
GRCh38,CATCACTTCGCTGAGT-1
GRCh38,CATCACTTCGTTGGCG-1
GRCh38,CATCAGGGTAAGCCCA-1
GRCh38,CATCAGGGTACATTCT-1
GRCh38,CATCAGGGTAGAGAAT-1
GRCh38,CATCAGGGTAGGTTTA-1
GRCh38,CATCAGGGTCCTTTAG-1
GRCh38,CATCAGGGTCGACGGT-1
GRCh38,CATCAGGGTCGCTAAG-1
GRCh38,CATCAGGGTCTTGATT-1
GRCh38,CATCAGGGTGCGCCTC-1
GRCh38,CATCAGGGTGGTCCCC-1
GRCh38,CATCAGTCAAACCATC-1
GRCh38,CATCAGTCAAACTCCG-1
GRCh38,CATCAGTCAATAGTAA-1
GRCh38,CATCAGTCACGTCGTA-1
GRCh38,CATCAGTCACTATAAT-1
GRCh38,CATCAGTCAGTGGCGA-1
GRCh38,CATCATACAAACTCCG-1
GRCh38,CATCATACAACACGAA-1
GRCh38,CATCATACAACTGCGC-1
GRCh38,CATCATACAAGTGTTC-1
GRCh38,CATCATACAATAAGAC-1
GRCh38,CATCATACACCCTCAT-1
GRCh38,CATCATACACTAGGCC-1
GRCh38,CATCATACACTTATAG-1
GRCh38,CATCATACAGCAACGG-1
GRCh38,CATCATACAGCAATCT-1
GRCh38,CATCATACAGCGTGAG-1
GRCh38,CATCATCTCAAGGGCA-1
GRCh38,CATCATCTCATACCCT-1
GRCh38,CATCATCTCCATTCGT-1
GRCh38,CATCATCTCGCACTCC-1
GRCh38,CATCATCTCGGTTGGT-1
GRCh38,CATCATCTCGTATAAC-1
GRCh38,CATCATCTCGTGCATA-1
GRCh38,CATCATCTCGTGTCAA-1
GRCh38,CATCATTGTACAGCGC-1
GRCh38,CATCATTGTACGGTTG-1
GRCh38,CATCATTGTAGGTTGT-1
GRCh38,CATCATTGTCAGTATA-1
GRCh38,CATCATTGTCAGTCAG-1
GRCh38,CATCATTGTCCTATGC-1
GRCh38,CATCATTGTCGGGGTT-1
GRCh38,CATCATTGTCTAGTAA-1
GRCh38,CATCATTGTCTGACTC-1
GRCh38,CATCATTGTCTGCGCC-1
GRCh38,CATCATTGTCTGTTAT-1
GRCh38,CATCATTGTGGAATTC-1
GRCh38,CATCATTGTGGACTAT-1
GRCh38,CATCATTGTGGCTGTA-1
GRCh38,CATCATTGTGTCGCTT-1
GRCh38,CATCATTGTGTCTATT-1
GRCh38,CATCGACAGACCCACG-1
GRCh38,CATCGACAGCCCTAGG-1
GRCh38,CATCGACAGGGTGATG-1
GRCh38,CATCGACAGGTAGTTT-1
GRCh38,CATCGAGGTAAGCAAG-1
GRCh38,CATCGAGGTATCCCCG-1
GRCh38,CATCGAGGTATCCGGA-1
GRCh38,CATCGAGGTCAACGTG-1
GRCh38,CATCGAGGTCAACTCC-1
GRCh38,CATCGAGGTCACCCTG-1
GRCh38,CATCGAGGTGGACCGT-1
GRCh38,CATCGAGGTGGCAATT-1
GRCh38,CATCGAGGTGGGGATG-1
GRCh38,CATCGAGGTGTCCTTA-1
GRCh38,CATCGCACAACAGGAC-1
GRCh38,CATCGCACAATAGGGC-1
GRCh38,CATCGCACAATGGGCG-1
GRCh38,CATCGCACAGCTCAAT-1
GRCh38,CATCGCACAGCTGTAT-1
GRCh38,CATCGCACAGTAGGCG-1
GRCh38,CATCGCACAGTTAATT-1
GRCh38,CATCGCCTCAGTCGCG-1
GRCh38,CATCGCCTCATTACTT-1
GRCh38,CATCGCCTCCCCACGT-1
GRCh38,CATCGCCTCCCGAAAC-1
GRCh38,CATCGCCTCCCTATGT-1
GRCh38,CATCGCCTCGCCTACC-1
GRCh38,CATCGCCTCGGGTATC-1
GRCh38,CATCGCCTCGGTCATA-1
GRCh38,CATCGCCTCGTAGCTA-1
GRCh38,CATCGCGAGAATTCCG-1
GRCh38,CATCGCGAGAGAATTG-1
GRCh38,CATCGCGAGAGTAATG-1
GRCh38,CATCGCGAGATCTGCA-1
GRCh38,CATCGCGAGATTCGTG-1
GRCh38,CATCGCGAGCACCTCC-1
GRCh38,CATCGCGAGCTCGTAA-1
GRCh38,CATCGCGAGGCGGGAT-1
GRCh38,CATCGCGAGGTACCCG-1
GRCh38,CATCGCGAGGTTGCCG-1
GRCh38,CATCGCTGTAACATGC-1
GRCh38,CATCGCTGTACGCTGA-1
GRCh38,CATCGCTGTACTTCTG-1
GRCh38,CATCGCTGTATCACCC-1
GRCh38,CATCGCTGTATGCTGG-1
GRCh38,CATCGCTGTCAGCCCC-1
GRCh38,CATCGCTGTCATACGG-1
GRCh38,CATCGCTGTCCGTCGC-1
GRCh38,CATCGCTGTCCGTCTG-1
GRCh38,CATCGCTGTCGTGTTC-1
GRCh38,CATCGCTGTCTCCGGC-1
GRCh38,CATCGCTGTGGAATCT-1
GRCh38,CATCGCTGTGGCTATG-1
GRCh38,CATCGCTGTGGCTGTA-1
GRCh38,CATCGCTGTGGTGCCG-1
GRCh38,CATCGCTGTGTACTCC-1
GRCh38,CATCGCTGTGTCGGCG-1
GRCh38,CATCGCTGTGTGAAAG-1
GRCh38,CATCGCTGTGTGGCGT-1
GRCh38,CATCGGAGTACAAGTC-1
GRCh38,CATCGGAGTACATTTC-1
GRCh38,CATCGGAGTAGCAATC-1
GRCh38,CATCGGAGTCACTTTG-1
GRCh38,CATCGGAGTCGCCCTA-1
GRCh38,CATCGGAGTCTAATGA-1
GRCh38,CATCGGAGTCTGTTGC-1
GRCh38,CATCGGAGTGCGCTGG-1
GRCh38,CATCGGAGTGTCCGCC-1
GRCh38,CATCGGCCAAAAGCGC-1
GRCh38,CATCGGCCAACTGAAG-1
GRCh38,CATCGGCCAACTTAGC-1
GRCh38,CATCGGCCAATACCTA-1
GRCh38,CATCGGCCAATAGGCA-1
GRCh38,CATCGGCCAATCCAAC-1
GRCh38,CATCGGCCACAAATCC-1
GRCh38,CATCGGCCACAGTCCA-1
GRCh38,CATCGGCCACCGTTAG-1
GRCh38,CATCGGCCACGTATCG-1
GRCh38,CATCGGCCACTAGGAA-1
GRCh38,CATCGGCCAGCACGCT-1
GRCh38,CATCGGCCAGCGACCT-1
GRCh38,CATCGGCCAGCGGGTA-1
GRCh38,CATCGGCCAGTAGGCG-1
GRCh38,CATCGGCCAGTATAGG-1
GRCh38,CATCGGCCAGTGTAAG-1
GRCh38,CATCGGCCAGTGTGGG-1
GRCh38,CATCGGGTCAACCATG-1
GRCh38,CATCGGGTCAATGTAC-1
GRCh38,CATCGGGTCAGTTAGT-1
GRCh38,CATCGGGTCATGAATC-1
GRCh38,CATCGGGTCATGGCAC-1
GRCh38,CATCGGGTCCCTTCGA-1
GRCh38,CATCGGGTCCGCTAAA-1
GRCh38,CATCGGGTCCGGTATA-1
GRCh38,CATCGGGTCGGCTCCT-1
GRCh38,CATCGGGTCGGGTCCA-1
GRCh38,CATCGGGTCGGTCGCA-1
GRCh38,CATCGTTTCAAGGTAA-1
GRCh38,CATCGTTTCACCAACA-1
GRCh38,CATCGTTTCACCTCAT-1
GRCh38,CATCGTTTCAGCCCCT-1
GRCh38,CATCGTTTCCCCAATT-1
GRCh38,CATCGTTTCGGGGTAA-1
GRCh38,CATCGTTTCGTATCAG-1
GRCh38,CATCGTTTCGTTAAGT-1
GRCh38,CATCTACTCAATGCGC-1
GRCh38,CATCTACTCAATGGTT-1
GRCh38,CATCTACTCAGGCTTA-1
GRCh38,CATCTACTCATGTAGT-1
GRCh38,CATCTACTCCTATCAC-1
GRCh38,CATCTACTCGCTCTCA-1
GRCh38,CATCTACTCGTGCTCC-1
GRCh38,CATCTAGAGACTTTCC-1
GRCh38,CATCTAGAGAGACTTT-1
GRCh38,CATCTAGAGAGCCTGT-1
GRCh38,CATCTAGAGCCTAGCG-1
GRCh38,CATCTAGAGGCATCAC-1
GRCh38,CATCTAGAGGCGTCCA-1
GRCh38,CATCTAGAGGTAAGGT-1
GRCh38,CATCTAGAGGTCCTCC-1
GRCh38,CATCTATGTAACGCAT-1
GRCh38,CATCTATGTAGCGGGA-1
GRCh38,CATCTATGTAGTCGGC-1
GRCh38,CATCTATGTATCTCGC-1
GRCh38,CATCTATGTATGGCCA-1
GRCh38,CATCTATGTATTCGTT-1
GRCh38,CATCTATGTCTATTGT-1
GRCh38,CATCTATGTGCTAAGT-1
GRCh38,CATCTATGTGGGTTAT-1
GRCh38,CATCTCAGTACTTATC-1
GRCh38,CATCTCAGTAGAGGCG-1
GRCh38,CATCTCAGTATCGCGA-1
GRCh38,CATCTCAGTATGCTCC-1
GRCh38,CATCTCAGTCAATATG-1
GRCh38,CATCTCAGTCATACGG-1
GRCh38,CATCTCAGTCCAAGAT-1
GRCh38,CATCTCAGTCTTATGT-1
GRCh38,CATCTCAGTGCATGGC-1
GRCh38,CATCTCAGTGGCTAAT-1
GRCh38,CATCTCAGTGGCTTGA-1
GRCh38,CATCTCAGTGGTAATC-1
GRCh38,CATCTCCCAAAGGAGG-1
GRCh38,CATCTCCCAACGTGGG-1
GRCh38,CATCTCCCAAGCAAAT-1
GRCh38,CATCTCCCAATCTTAG-1
GRCh38,CATCTCCCACGCACGT-1
GRCh38,CATCTCCCACTGGAGG-1
GRCh38,CATCTCCCAGCGCTTA-1
GRCh38,CATCTCCCAGTAGCCC-1
GRCh38,CATCTCCCAGTGGTAA-1
GRCh38,CATCTGTTCACATGTG-1
GRCh38,CATCTGTTCACGGTTA-1
GRCh38,CATCTGTTCACTAAAC-1
GRCh38,CATCTGTTCAGACTGC-1
GRCh38,CATCTGTTCATGGACC-1
GRCh38,CATCTGTTCCCAATTC-1
GRCh38,CATCTGTTCCTGGGCA-1
GRCh38,CATCTTCAGAACCAGG-1
GRCh38,CATCTTCAGAACTAAG-1
GRCh38,CATCTTCAGAACTTCG-1
GRCh38,CATCTTCAGACCAGAG-1
GRCh38,CATCTTCAGACCCTTT-1
GRCh38,CATCTTCAGACGAAGT-1
GRCh38,CATCTTCAGACGTCCG-1
GRCh38,CATCTTCAGCCATTGA-1
GRCh38,CATCTTCAGGCTTTAG-1
GRCh38,CATCTTCAGGGTACAG-1
GRCh38,CATCTTCAGGTCGTAC-1
GRCh38,CATCTTCAGGTTAGCC-1
GRCh38,CATCTTGGTAACGTCG-1
GRCh38,CATCTTGGTATCAGCG-1
GRCh38,CATCTTGGTATCCCTA-1
GRCh38,CATCTTGGTATGGCGC-1
GRCh38,CATCTTGGTCCAACAG-1
GRCh38,CATCTTGGTCGAAGTT-1
GRCh38,CATCTTGGTCGAGTGC-1
GRCh38,CATCTTGGTCTGCATC-1
GRCh38,CATCTTGGTGGCTAAT-1
GRCh38,CATGAAGCAATCTTAG-1
GRCh38,CATGAAGCAATTGACC-1
GRCh38,CATGAAGCACACCGTA-1
GRCh38,CATGAAGCACGTCGGT-1
GRCh38,CATGAAGCACTTAACA-1
GRCh38,CATGATCCAGCATAGA-1
GRCh38,CATGATCCAGGATCAA-1
GRCh38,CATGATCCAGTACGGG-1
GRCh38,CATGATCCAGTACTTA-1
GRCh38,CATGATCCAGTGACCC-1
GRCh38,CATGCACAGATCCGAC-1
GRCh38,CATGCACAGCAGGAGC-1
GRCh38,CATGCACAGCCCAGCA-1
GRCh38,CATGCACAGCGTGAGA-1
GRCh38,CATGCACAGCGTTCCC-1
GRCh38,CATGCACAGCTAAATC-1
GRCh38,CATGCACAGCTAACAT-1
GRCh38,CATGCACAGCTAATAC-1
GRCh38,CATGCACAGCTGTCGG-1
GRCh38,CATGCACAGGTCGGTT-1
GRCh38,CATGCACAGGTCGTAC-1
GRCh38,CATGCACAGGTGAGTG-1
GRCh38,CATGCAGGTAAGCCGC-1
GRCh38,CATGCAGGTAGAGATG-1
GRCh38,CATGCAGGTATACGTA-1
GRCh38,CATGCAGGTATCCTAT-1
GRCh38,CATGCAGGTATCTCTG-1
GRCh38,CATGCAGGTCAATTTC-1
GRCh38,CATGCAGGTCATAGTA-1
GRCh38,CATGCAGGTCCTTTGA-1
GRCh38,CATGCAGGTGGGAGAT-1
GRCh38,CATGCAGGTGGTTGAT-1
GRCh38,CATGCCACAACAATTT-1
GRCh38,CATGCCACAACACGCC-1
GRCh38,CATGCCACAACGAGAC-1
GRCh38,CATGCCACAAGCCGAG-1
GRCh38,CATGCCACAATCGACT-1
GRCh38,CATGCCACAATGCTAC-1
GRCh38,CATGCCACAATTGTAT-1
GRCh38,CATGCCACACAGCATT-1
GRCh38,CATGCCACACCACTAG-1
GRCh38,CATGCCACACCTGACA-1
GRCh38,CATGCCACACCTTGAG-1
GRCh38,CATGCCACACGCATCA-1
GRCh38,CATGCCCTCACTCCTG-1
GRCh38,CATGCCCTCACTTCTA-1
GRCh38,CATGCCCTCAGTCGCG-1
GRCh38,CATGCCCTCGGCAACT-1
GRCh38,CATGCCGAGAGAGGTT-1
GRCh38,CATGCCGAGAGCGTAG-1
GRCh38,CATGCCGAGCAAGACG-1
GRCh38,CATGCCGAGCATCGAC-1
GRCh38,CATGCCGAGCCGCTAG-1
GRCh38,CATGCCGAGCGATTAT-1
GRCh38,CATGCCGAGCTATAGT-1
GRCh38,CATGCCGAGCTCCGGA-1
GRCh38,CATGCCGAGGGACACA-1
GRCh38,CATGCGCCAACACTTA-1
GRCh38,CATGCGCCAACATACC-1
GRCh38,CATGCGCCAACGCGTC-1
GRCh38,CATGCGCCAATAACTT-1
GRCh38,CATGCGCCAATCGAAG-1
GRCh38,CATGCGCCACCAGAGG-1
GRCh38,CATGCGCCACTAGGCC-1
GRCh38,CATGCGCCACTTCTCA-1
GRCh38,CATGCGCCAGCATGAA-1
GRCh38,CATGCGCCAGGGCTCT-1
GRCh38,CATGCGTAGACGAAGT-1
GRCh38,CATGCGTAGACTCAGC-1
GRCh38,CATGCGTAGAGTCAGG-1
GRCh38,CATGCGTAGCATTGCA-1
GRCh38,CATGCGTAGCGATGAG-1
GRCh38,CATGCGTAGCTAGTGC-1
GRCh38,CATGCGTAGGTGAGAT-1
GRCh38,CATGCTTTCAATCCTC-1
GRCh38,CATGCTTTCACAGACC-1
GRCh38,CATGCTTTCACCTCAT-1
GRCh38,CATGCTTTCACTCCTG-1
GRCh38,CATGCTTTCAGACTTG-1
GRCh38,CATGCTTTCAGTAAAG-1
GRCh38,CATGCTTTCCAGCATA-1
GRCh38,CATGCTTTCCCTGGCT-1
GRCh38,CATGCTTTCCTTCGCA-1
GRCh38,CATGCTTTCCTTGTCG-1
GRCh38,CATGCTTTCGGTGGTT-1
GRCh38,CATGCTTTCGGTTGTA-1
GRCh38,CATGGAGAGCCTACGG-1
GRCh38,CATGGAGAGCTCTCAT-1
GRCh38,CATGGAGAGGCGATAG-1
GRCh38,CATGGAGAGGCTTGAC-1
GRCh38,CATGGAGAGGGTACAG-1
GRCh38,CATGGAGAGGTTAGCC-1
GRCh38,CATGGATGTAATCTCT-1
GRCh38,CATGGATGTAATGGGA-1
GRCh38,CATGGATGTAGCTTGG-1
GRCh38,CATGGATGTAGTCAGT-1
GRCh38,CATGGATGTATAGGAG-1
GRCh38,CATGGATGTATATCAG-1
GRCh38,CATGGATGTCACCGTT-1
GRCh38,CATGGATGTCAGGCCG-1
GRCh38,CATGGATGTCATGTCC-1
GRCh38,CATGGATGTCGTCAGA-1
GRCh38,CATGGATGTCGTTTCA-1
GRCh38,CATGGATGTCTCTAGC-1
GRCh38,CATGGATGTGCTATCC-1
GRCh38,CATGGATGTGGTATGT-1
GRCh38,CATGGCGTCCTCGGGA-1
GRCh38,CATGGCGTCGTAGCTA-1
GRCh38,CATGGGCGTACGGTGC-1
GRCh38,CATGGGCGTAGCTGTG-1
GRCh38,CATGGGCGTAGCTTCC-1
GRCh38,CATGGGCGTCAGCCTT-1
GRCh38,CATGGGCGTCAGCTTC-1
GRCh38,CATGGGCGTGCGCTCC-1
GRCh38,CATGGGCGTGCTAAGT-1
GRCh38,CATGGGCGTGGGTCTA-1
GRCh38,CATGGGCGTGGTGCGT-1
GRCh38,CATGGGGCAAACGGCG-1
GRCh38,CATGGGGCAAACTCAC-1
GRCh38,CATGGGGCAACCACAT-1
GRCh38,CATGGGGCAATGCGCC-1
GRCh38,CATGGGGCACCCAAGC-1
GRCh38,CATGGGGCACTGGCAC-1
GRCh38,CATGGGGCAGCTAGCC-1
GRCh38,CATGGGGCAGCTATCG-1
GRCh38,CATGGGGCAGGGTTAA-1
GRCh38,CATGGGTTCAAATGTC-1
GRCh38,CATGGGTTCACATCAG-1
GRCh38,CATGGGTTCACGATAT-1
GRCh38,CATGGGTTCACTCATC-1
GRCh38,CATGGGTTCACTTGCT-1
GRCh38,CATGGGTTCATGGACC-1
GRCh38,CATGGGTTCATTCGCT-1
GRCh38,CATGGGTTCCAAACCA-1
GRCh38,CATGGGTTCCGGTGCA-1
GRCh38,CATGGGTTCGCGAAAG-1
GRCh38,CATGGGTTCGCTCGCT-1
GRCh38,CATGGGTTCGGACGTT-1
GRCh38,CATGGGTTCGGTCTAA-1
GRCh38,CATGGTCAGATCAGGG-1
GRCh38,CATGGTCAGCCTGCAG-1
GRCh38,CATGGTCAGCCTGTGG-1
GRCh38,CATGGTCAGCTATGGC-1
GRCh38,CATGGTCAGCTCCGGA-1
GRCh38,CATGGTCAGGCCCCAA-1
GRCh38,CATGGTCAGGGCTGAA-1
GRCh38,CATGGTTCAAATATCT-1
GRCh38,CATGTATAGACAGGAT-1
GRCh38,CATGTATAGATGCCAC-1
GRCh38,CATGTATAGCAATGCC-1
GRCh38,CATGTATAGCTAATAC-1
GRCh38,CATGTATAGCTCTAGA-1
GRCh38,CATGTATAGGTGCTAC-1
GRCh38,CATGTCAAGAGGTAAC-1
GRCh38,CATGTCAAGCACCACG-1
GRCh38,CATGTCAAGCCGACAT-1
GRCh38,CATGTCAAGCGTTCAA-1
GRCh38,CATGTCAAGCTGTAAT-1
GRCh38,CATGTCCGTAAGGGTA-1
GRCh38,CATGTCCGTATATCAG-1
GRCh38,CATGTCCGTATCACGG-1
GRCh38,CATGTCCGTCGCACCC-1
GRCh38,CATGTCCGTCGCTATC-1
GRCh38,CATGTCCGTCTTAGGG-1
GRCh38,CATGTCCGTGGATGGG-1
GRCh38,CATGTCCGTGGTCAAT-1
GRCh38,CATGTCGCAACACGAA-1
GRCh38,CATGTCGCAAGGCGCA-1
GRCh38,CATGTCGCACCAAGGG-1
GRCh38,CATGTCGCACTCTAGG-1
GRCh38,CATGTGGGTAAGTGCT-1
GRCh38,CATGTGGGTAATGTCA-1
GRCh38,CATGTGGGTAGCTGAT-1
GRCh38,CATGTGGGTAGGCTCA-1
GRCh38,CATGTGGGTATGGGCC-1
GRCh38,CATGTGGGTATGGGTT-1
GRCh38,CATGTGGGTCCAAAGT-1
GRCh38,CATGTGGGTGTCTTAT-1
GRCh38,CATGTGGGTGTTATAG-1
GRCh38,CATGTTGAGACTCGAC-1
GRCh38,CATGTTGAGAGTTAGA-1
GRCh38,CATGTTGAGCCATATG-1
GRCh38,CATGTTGAGCCCAGCA-1
GRCh38,CATGTTGAGCCTAGTA-1
GRCh38,CATGTTGAGGCTTCCC-1
GRCh38,CATGTTGAGGTTGATT-1
GRCh38,CATTAACAGAACTAGA-1
GRCh38,CATTAACAGACGGGGT-1
GRCh38,CATTAACAGATGCCAC-1
GRCh38,CATTAACAGATGGCGA-1
GRCh38,CATTAACAGATGGGAT-1
GRCh38,CATTAACAGCAAACGG-1
GRCh38,CATTAACAGCAGCTAC-1
GRCh38,CATTAACAGCGTTGTA-1
GRCh38,CATTAACAGGCATCCG-1
GRCh38,CATTAACAGGGAATAC-1
GRCh38,CATTAACAGGGTGTTC-1
GRCh38,CATTAACAGGTCGGTT-1
GRCh38,CATTAAGGTAATTTCC-1
GRCh38,CATTAAGGTACCTTTG-1
GRCh38,CATTAAGGTACTTCAT-1
GRCh38,CATTAAGGTAGAGAAT-1
GRCh38,CATTAAGGTCCAGTTC-1
GRCh38,CATTAAGGTGGTGATT-1
GRCh38,CATTAAGGTGTTCATT-1
GRCh38,CATTACCTCACATTGG-1
GRCh38,CATTACCTCAGTTTCC-1
GRCh38,CATTACCTCATGCGTA-1
GRCh38,CATTACCTCCAGCGCA-1
GRCh38,CATTACCTCCCATCCA-1
GRCh38,CATTACCTCCGATACA-1
GRCh38,CATTACCTCGCCATAA-1
GRCh38,CATTACCTCGCGAAAG-1
GRCh38,CATTACCTCGGCATTA-1
GRCh38,CATTACCTCGTTAATA-1
GRCh38,CATTACGAGATCACAT-1
GRCh38,CATTACGAGGGGCATA-1
GRCh38,CATTACGAGGTCAATT-1
GRCh38,CATTACGAGGTGTATT-1
GRCh38,CATTAGCCAAACACTC-1
GRCh38,CATTAGCCACAATCCG-1
GRCh38,CATTAGCCACATAATT-1
GRCh38,CATTAGCCAGGTAAGC-1
GRCh38,CATTAGTAGAAGCGTG-1
GRCh38,CATTAGTAGACAGACG-1
GRCh38,CATTAGTAGAGCGTGA-1
GRCh38,CATTAGTAGCACGCCA-1
GRCh38,CATTAGTAGCCGGTAT-1
GRCh38,CATTAGTAGCCTAATG-1
GRCh38,CATTAGTAGCTAGATT-1
GRCh38,CATTAGTAGGGAGGTC-1
GRCh38,CATTAGTAGGTCGCCA-1
GRCh38,CATTATCGTAATCGCG-1
GRCh38,CATTATCGTAGAGATG-1
GRCh38,CATTATCGTATGGGTT-1
GRCh38,CATTATCGTCCCTAGT-1
GRCh38,CATTATCGTCGTTGCT-1
GRCh38,CATTATCGTCTACTAT-1
GRCh38,CATTATCGTGCGCTGG-1
GRCh38,CATTATCGTGCTTCCG-1
GRCh38,CATTATCGTGTATCGG-1
GRCh38,CATTCAACAACGAGGT-1
GRCh38,CATTCAACAACGCGTC-1
GRCh38,CATTCAACACACTTAA-1
GRCh38,CATTCAACACAGGTAA-1
GRCh38,CATTCAACACGGGTAG-1
GRCh38,CATTCAACAGCTCAAT-1
GRCh38,CATTCAACAGTTACTA-1
GRCh38,CATTCACTCACAATAC-1
GRCh38,CATTCACTCACACACA-1
GRCh38,CATTCACTCACCTCAT-1
GRCh38,CATTCACTCACGCATA-1
GRCh38,CATTCACTCAGAAGTA-1
GRCh38,CATTCACTCATAAGTC-1
GRCh38,CATTCACTCATAGCAT-1
GRCh38,CATTCACTCATAGTGT-1
GRCh38,CATTCACTCCAACACA-1
GRCh38,CATTCACTCCACCATT-1
GRCh38,CATTCACTCCATATCC-1
GRCh38,CATTCACTCCCTCGGT-1
GRCh38,CATTCACTCGCCTAAA-1
GRCh38,CATTCACTCGCTACTT-1
GRCh38,CATTCACTCGGTATGC-1
GRCh38,CATTCACTCGTATCAG-1
GRCh38,CATTCACTCGTCCCTA-1
GRCh38,CATTCAGAGAAGCCAG-1
GRCh38,CATTCAGAGAAGGTTA-1
GRCh38,CATTCAGAGAGGCCAA-1
GRCh38,CATTCAGAGATTGTGT-1
GRCh38,CATTCAGAGCTCGAAC-1
GRCh38,CATTCAGAGGCGAAGC-1
GRCh38,CATTCAGAGGTATAGA-1
GRCh38,CATTCCAGTCCTCTCC-1
GRCh38,CATTCCAGTCCTTGCG-1
GRCh38,CATTCCAGTCTGTGAG-1
GRCh38,CATTCCAGTCTGTTAT-1
GRCh38,CATTCCAGTGCTATCC-1
GRCh38,CATTCCCCAACACTAC-1
GRCh38,CATTCCCCAACCTACG-1
GRCh38,CATTCCCCACGCATAT-1
GRCh38,CATTCCCCAGCTACAT-1
GRCh38,CATTCCCCAGTACTCG-1
GRCh38,CATTCCGTCACAATTA-1
GRCh38,CATTCCGTCCAGGTGT-1
GRCh38,CATTCCGTCCCTTCCT-1
GRCh38,CATTCCGTCGCTGTGG-1
GRCh38,CATTCCGTCGGTACTA-1
GRCh38,CATTCGAAGACGCCAT-1
GRCh38,CATTCGAAGCCTAGTA-1
GRCh38,CATTCGAAGCGCGTCA-1
GRCh38,CATTCGAAGGTTGGTC-1
GRCh38,CATTCGGCAAACCCAT-1
GRCh38,CATTCGGCAATAGTAA-1
GRCh38,CATTCGGCACATGATC-1
GRCh38,CATTCGGCACCTAATA-1
GRCh38,CATTCGGCAGGGCGTA-1
GRCh38,CATTCGGCAGTAATCC-1
GRCh38,CATTCGTTCACCTACT-1
GRCh38,CATTCGTTCCAGGTTA-1
GRCh38,CATTCGTTCCCGGCAA-1
GRCh38,CATTCGTTCCGGACAT-1
GRCh38,CATTCGTTCCTTGTGT-1
GRCh38,CATTCGTTCGCTCCGT-1
GRCh38,CATTCGTTCGTACATG-1
GRCh38,CATTCGTTCGTGTAAT-1
GRCh38,CATTCGTTCGTTATGG-1
GRCh38,CATTCTATCACGCGTG-1
GRCh38,CATTCTATCACGTAAT-1
GRCh38,CATTCTATCAGTTAGT-1
GRCh38,CATTCTATCATATCCC-1
GRCh38,CATTCTATCCTCGTTG-1
GRCh38,CATTCTATCGCTGGCA-1
GRCh38,CATTCTGGTAACGCCA-1
GRCh38,CATTCTGGTACATTCT-1
GRCh38,CATTCTGGTACCACGA-1
GRCh38,CATTCTGGTACTATAG-1
GRCh38,CATTCTGGTAGTCGAT-1
GRCh38,CATTCTGGTATACCCC-1
GRCh38,CATTCTGGTATGGTTA-1
GRCh38,CATTCTGGTCGAAGGG-1
GRCh38,CATTCTGGTCTAAGTA-1
GRCh38,CATTCTGGTCTCGCCA-1
GRCh38,CATTCTGGTCTGGCTT-1
GRCh38,CATTCTGGTGCATCAG-1
GRCh38,CATTCTGGTGCATTCC-1
GRCh38,CATTCTGGTGGTAAAG-1
GRCh38,CATTGCAAGAATGCAA-1
GRCh38,CATTGCAAGAATTGTC-1
GRCh38,CATTGCAAGAGCAGCA-1
GRCh38,CATTGCAAGATTACCG-1
GRCh38,CATTGCAAGCAGCCAT-1
GRCh38,CATTGCAAGCCATGCG-1
GRCh38,CATTGCAAGCTGTTGA-1
GRCh38,CATTGCAAGCTTCTAC-1
GRCh38,CATTGCAAGGCCCACA-1
GRCh38,CATTGCAAGGCGTTAC-1
GRCh38,CATTGCAAGGCTCGTG-1
GRCh38,CATTGCAAGGGGACGT-1
GRCh38,CATTGCAAGGTATGGG-1
GRCh38,CATTGCAAGGTCAATT-1
GRCh38,CATTGCTTCAAGTTCG-1
GRCh38,CATTGCTTCACTATAA-1
GRCh38,CATTGCTTCATGGTTG-1
GRCh38,CATTGCTTCCGATAAT-1
GRCh38,CATTGCTTCCGCCCAT-1
GRCh38,CATTGCTTCCGTACTT-1
GRCh38,CATTGCTTCGCAAACC-1
GRCh38,CATTGCTTCGCAATTG-1
GRCh38,CATTGGGGTAACTGCG-1
GRCh38,CATTGGGGTAAGCGTT-1
GRCh38,CATTGGGGTACTATGA-1
GRCh38,CATTGGGGTATACGGT-1
GRCh38,CATTGGGGTCAAAGGA-1
GRCh38,CATTGGGGTGCACTCT-1
GRCh38,CATTGGGGTGGTTATA-1
GRCh38,CATTGGTCACCGGAAG-1
GRCh38,CATTGGTCACCTGTAG-1
GRCh38,CATTGTCTCACGATAT-1
GRCh38,CATTGTCTCAGCAGTC-1
GRCh38,CATTGTCTCATTCGTC-1
GRCh38,CATTGTCTCCTCGGCT-1
GRCh38,CATTGTCTCCTGTTAC-1
GRCh38,CATTGTCTCCTTCGCA-1
GRCh38,CATTGTCTCGCGGCTA-1
GRCh38,CATTGTCTCGTGCAAC-1
GRCh38,CATTTAGCAAAGCCAA-1
GRCh38,CATTTAGCAACGGACG-1
GRCh38,CATTTAGCAAGTCCGC-1
GRCh38,CATTTAGCACAACGGG-1
GRCh38,CATTTAGCACAAGTAG-1
GRCh38,CATTTAGCACCTGACA-1
GRCh38,CATTTAGCACGTAGAA-1
GRCh38,CATTTAGCAGCAGTAA-1
GRCh38,CATTTAGCAGGCATAA-1
GRCh38,CATTTCCAGAATGGTA-1
GRCh38,CATTTCCAGAGCAGAT-1
GRCh38,CATTTCCAGATCGATT-1
GRCh38,CATTTCCAGCAGGGGT-1
GRCh38,CATTTCCAGCCTGGCA-1
GRCh38,CATTTCCAGCGTCATA-1
GRCh38,CATTTCCAGGGGTATG-1
GRCh38,CATTTCGGTACAGCAT-1
GRCh38,CATTTCGGTAGCGGTC-1
GRCh38,CATTTCGGTATAGGGA-1
GRCh38,CATTTCGGTCCAAGAT-1
GRCh38,CATTTCGGTCCGCCTA-1
GRCh38,CATTTCGGTCGTTTCA-1
GRCh38,CATTTCGGTCTAACGG-1
GRCh38,CATTTCGGTCTATCCA-1
GRCh38,CATTTCGGTGGATATC-1
GRCh38,CATTTCGGTGTTGCGA-1
GRCh38,CATTTGGAGAAATGGC-1
GRCh38,CATTTGGAGAAGGGTT-1
GRCh38,CATTTGGAGACGCGTT-1
GRCh38,CATTTGGAGAGTACGG-1
GRCh38,CATTTGGAGCACTGCG-1
GRCh38,CATTTGGAGGCGTTTA-1
GRCh38,CATTTGGAGGCTTATG-1
GRCh38,CATTTGGAGGTAGTGG-1
GRCh38,CATTTGGAGGTGTCCG-1
GRCh38,CCAAACCAGAATCAAG-1
GRCh38,CCAAACCAGAGGCGAC-1
GRCh38,CCAAACCAGCCCATGG-1
GRCh38,CCAAACCAGCGCTATA-1
GRCh38,CCAAACCAGGGAGGTC-1
GRCh38,CCAAACCAGGGTACGA-1
GRCh38,CCAAACCAGGTTATCG-1
GRCh38,CCAAAGCTCAAGGGGC-1
GRCh38,CCAAAGCTCACCTCAT-1
GRCh38,CCAAAGCTCACTACCT-1
GRCh38,CCAAAGCTCACTTCTA-1
GRCh38,CCAAAGCTCAGACATT-1
GRCh38,CCAAAGCTCAGGGCTT-1
GRCh38,CCAAAGCTCCGCATAA-1
GRCh38,CCAAAGCTCGCAATTG-1
GRCh38,CCAAAGCTCGCAGTAC-1
GRCh38,CCAAAGCTCGCTATCT-1
GRCh38,CCAAAGCTCGGCTTCC-1
GRCh38,CCAAAGCTCGGTAATT-1
GRCh38,CCAAAGCTCGTCTCGC-1
GRCh38,CCAAAGGAGCAACGAG-1
GRCh38,CCAAAGGAGCAATTGT-1
GRCh38,CCAAAGGAGCCCAACG-1
GRCh38,CCAAAGGAGCCCTTTG-1
GRCh38,CCAAAGGAGCGCTCGA-1
GRCh38,CCAAAGGAGCTAGATT-1
GRCh38,CCAAAGGAGGCACCAT-1
GRCh38,CCAAAGGAGGCTTGAC-1
GRCh38,CCAAAGGAGGGGCTAA-1
GRCh38,CCAAAGGAGGTCACGT-1
GRCh38,CCAAAGTGTAAGTTGC-1
GRCh38,CCAAAGTGTAGACTCG-1
GRCh38,CCAAAGTGTAGCCTTC-1
GRCh38,CCAAAGTGTATTGAGC-1
GRCh38,CCAAAGTGTCAAGGCC-1
GRCh38,CCAAAGTGTCACGTAG-1
GRCh38,CCAAAGTGTCAGTGCA-1
GRCh38,CCAAAGTGTCCTTAGC-1
GRCh38,CCAAAGTGTCTATTCG-1
GRCh38,CCAAAGTGTGTCGCTT-1
GRCh38,CCAAATCCAAAGCGTA-1
GRCh38,CCAAATCCAACGCGCT-1
GRCh38,CCAAATCCAACTATCA-1
GRCh38,CCAAATCCAAGCACAA-1
GRCh38,CCAAATCCAAGCGAAC-1
GRCh38,CCAAATCCACAAGCCC-1
GRCh38,CCAAATCCACTGCTCT-1
GRCh38,CCAAATCCACTGGAGG-1
GRCh38,CCAAATCCAGCACGCT-1
GRCh38,CCAAATCCAGCAGGCA-1
GRCh38,CCAAATCCAGCGATAA-1
GRCh38,CCAAATCCAGTGGTAA-1
GRCh38,CCAAATGTCAGGAAAC-1
GRCh38,CCAAATGTCCCATTAC-1
GRCh38,CCAAATGTCGTATTGG-1
GRCh38,CCAAATGTCGTCCAAA-1
GRCh38,CCAAATGTCGTGTCGG-1
GRCh38,CCAAATTAGAAATCAG-1
GRCh38,CCAAATTAGCGCTGTG-1
GRCh38,CCAAATTAGCGGGTAA-1
GRCh38,CCAAATTAGCGTTAAT-1
GRCh38,CCAAATTAGCTCTCAT-1
GRCh38,CCAAATTAGGCATCCG-1
GRCh38,CCAAATTAGGCGCTCA-1
GRCh38,CCAACAGGTAAATGGG-1
GRCh38,CCAACAGGTACATCTT-1
GRCh38,CCAACAGGTACCATGG-1
GRCh38,CCAACAGGTACTGGAT-1
GRCh38,CCAACAGGTATGATGC-1
GRCh38,CCAACAGGTATGGTCG-1
GRCh38,CCAACAGGTCACGGCG-1
GRCh38,CCAACAGGTCCCTGAT-1
GRCh38,CCAACAGGTCGTGAGC-1
GRCh38,CCAACAGGTCTTGTGC-1
GRCh38,CCAACAGGTGCAATGT-1
GRCh38,CCAACAGGTGCTGCCC-1
GRCh38,CCAACATCAAACATAA-1
GRCh38,CCAACATCAATCGTAC-1
GRCh38,CCAACATCAATCTGAC-1
GRCh38,CCAACATCAATTAAAG-1
GRCh38,CCAACATCACACAGAA-1
GRCh38,CCAACATCACAGTCGC-1
GRCh38,CCAACATCACCTAGCA-1
GRCh38,CCAACATCACTATCTT-1
GRCh38,CCAACATCACTCGGGT-1
GRCh38,CCAACATCACTTCTCA-1
GRCh38,CCAACATCAGCGACCT-1
GRCh38,CCAACATCAGCTGTAT-1
GRCh38,CCAACATCAGGATTTC-1
GRCh38,CCAACATCAGTAACCT-1
GRCh38,CCAACCCTCAAATGTC-1
GRCh38,CCAACCCTCCATCGGG-1
GRCh38,CCAACCCTCCCGGTTC-1
GRCh38,CCAACCCTCCCTAACT-1
GRCh38,CCAACCCTCCTAGGGT-1
GRCh38,CCAACCCTCGTGGTTA-1
GRCh38,CCAACCGAGCAAGTTT-1
GRCh38,CCAACCGAGCATTCGA-1
GRCh38,CCAACCGAGCCTTTAC-1
GRCh38,CCAACCGAGCGATTGC-1
GRCh38,CCAACCGAGGGACGAC-1
GRCh38,CCAACCGAGGTAAGAC-1
GRCh38,CCAACCTGTACTGTGG-1
GRCh38,CCAACCTGTCCTGCGC-1
GRCh38,CCAACCTGTCGCTTGT-1
GRCh38,CCAACCTGTCGTGCCC-1
GRCh38,CCAACCTGTGTCATCC-1
GRCh38,CCAACCTGTGTCGCGG-1
GRCh38,CCAACCTGTGTCGTGA-1
GRCh38,CCAACGAGTAGAGAAT-1
GRCh38,CCAACGAGTAGGTTCG-1
GRCh38,CCAACGAGTATGTTCT-1
GRCh38,CCAACGAGTCCGTCCA-1
GRCh38,CCAACGAGTCGCTTGT-1
GRCh38,CCAACGAGTGGGTTAT-1
GRCh38,CCAACGCCAAAGGAGG-1
GRCh38,CCAACGCCAATGGACA-1
GRCh38,CCAACTCGTAATCAGC-1
GRCh38,CCAACTCGTACTCAGG-1
GRCh38,CCAACTCGTACTCTAT-1
GRCh38,CCAACTCGTATTGTCT-1
GRCh38,CCAACTCGTCGACTTC-1
GRCh38,CCAACTCGTGGATTCG-1
GRCh38,CCAACTTTCAGTGAAA-1
GRCh38,CCAACTTTCCAGCAAC-1
GRCh38,CCAACTTTCCCCTATG-1
GRCh38,CCAACTTTCCGGAATC-1
GRCh38,CCAACTTTCCGGTCCT-1
GRCh38,CCAACTTTCGGGTATC-1
GRCh38,CCAACTTTCGTAATTA-1
GRCh38,CCAAGATGTAATCTAG-1
GRCh38,CCAAGATGTCCAGCCC-1
GRCh38,CCAAGATGTCGACGGT-1
GRCh38,CCAAGATGTGCTTGCT-1
GRCh38,CCAAGATGTGGATGTT-1
GRCh38,CCAAGATGTGTCTTCA-1
GRCh38,CCAAGCCCAAAATTTC-1
GRCh38,CCAAGCCCAAATACAA-1
GRCh38,CCAAGCCCAAGAGAGG-1
GRCh38,CCAAGCCCAAGTTGAG-1
GRCh38,CCAAGCCCAATGCAGA-1
GRCh38,CCAAGCCCACCCACAA-1
GRCh38,CCAAGCCCACTAGCGC-1
GRCh38,CCAAGCCCAGCGTGTC-1
GRCh38,CCAAGCCCAGTAATCC-1
GRCh38,CCAAGCTAGAAACTAG-1
GRCh38,CCAAGCTAGAATGCCC-1
GRCh38,CCAAGCTAGACAGAAC-1
GRCh38,CCAAGCTAGACCCATA-1
GRCh38,CCAAGCTAGACTCAGC-1
GRCh38,CCAAGCTAGATTACAC-1
GRCh38,CCAAGCTAGCACAATT-1
GRCh38,CCAAGCTAGCATCAAT-1
GRCh38,CCAAGCTAGCCTGCAG-1
GRCh38,CCAAGCTAGCGGGTAA-1
GRCh38,CCAAGCTAGCTATTGG-1
GRCh38,CCAAGCTAGGCACCCA-1
GRCh38,CCAAGCTAGGCTGGAA-1
GRCh38,CCAAGCTAGGGACTGA-1
GRCh38,CCAAGCTAGGGCGAAC-1
GRCh38,CCAAGCTAGGTACGTC-1
GRCh38,CCAAGGGCAATGTGTC-1
GRCh38,CCAAGGGCACCACAGC-1
GRCh38,CCAAGGGCACCAGGCT-1
GRCh38,CCAAGGGCAGCACACC-1
GRCh38,CCAAGGGCAGCGACCT-1
GRCh38,CCAAGGGCAGTTGAGA-1
GRCh38,CCAAGTATCACCCTGC-1
GRCh38,CCAAGTATCAGTACGC-1
GRCh38,CCAAGTATCCATTACC-1
GRCh38,CCAAGTATCCCGCTGT-1
GRCh38,CCAAGTATCCCTATAC-1
GRCh38,CCAAGTATCCGGACAT-1
GRCh38,CCAAGTATCCTCGTTG-1
GRCh38,CCAAGTATCGGCTATA-1
GRCh38,CCAAGTATCGGGCATT-1
GRCh38,CCAAGTATCGGGGTAA-1
GRCh38,CCAAGTATCGGTAATT-1
GRCh38,CCAATACCAAAAGCAT-1
GRCh38,CCAATACCAACATCCG-1
GRCh38,CCAATACCAATGTATT-1
GRCh38,CCAATACCAATGTCCG-1
GRCh38,CCAATACCACCTCTTA-1
GRCh38,CCAATACCACTAAGGA-1
GRCh38,CCAATACCACTGGGAG-1
GRCh38,CCAATACCAGCCCAAC-1
GRCh38,CCAATACCAGCCTCTT-1
GRCh38,CCAATACCAGTACTTA-1
GRCh38,CCAATACCAGTATTAT-1
GRCh38,CCAATAGTCAGTCCGG-1
GRCh38,CCAATAGTCATCCTTA-1
GRCh38,CCAATAGTCATGAAAG-1
GRCh38,CCAATAGTCCTCATTA-1
GRCh38,CCAATAGTCCTGCAAA-1
GRCh38,CCAATAGTCGCAAACC-1
GRCh38,CCAATAGTCGGCCCTT-1
GRCh38,CCAATAGTCGGTCATA-1
GRCh38,CCAATAGTCGGTTGGT-1
GRCh38,CCAATATAGAAATTGG-1
GRCh38,CCAATATAGATAGCGG-1
GRCh38,CCAATATAGATTGAGA-1
GRCh38,CCAATATAGCATGGAG-1
GRCh38,CCAATATAGCCCTTGC-1
GRCh38,CCAATATAGCTGATTG-1
GRCh38,CCAATATAGCTTGAAT-1
GRCh38,CCAATATAGGCTTCGG-1
GRCh38,CCAATATAGGGGATTG-1
GRCh38,CCAATATAGGGTAGTG-1
GRCh38,CCAATTACAACAGTCT-1
GRCh38,CCAATTACAACCTAGT-1
GRCh38,CCAATTACAAGCTGGG-1
GRCh38,CCAATTACACCAGTGC-1
GRCh38,CCAATTACACTCGGAC-1
GRCh38,CCAATTACACTCTAGG-1
GRCh38,CCAATTACACTGACGC-1
GRCh38,CCAATTACAGGAACCG-1
GRCh38,CCAATTACAGGATGGT-1
GRCh38,CCAATTCTCAAATCAC-1
GRCh38,CCAATTCTCAAGGGGC-1
GRCh38,CCAATTCTCACCATCT-1
GRCh38,CCAATTCTCAGCCGCA-1
GRCh38,CCAATTCTCAGTCAGC-1
GRCh38,CCAATTCTCATTGGGC-1
GRCh38,CCAATTCTCCAACTTC-1
GRCh38,CCAATTCTCCATAGCA-1
GRCh38,CCAATTCTCCCACCTA-1
GRCh38,CCAATTCTCCCTTAAC-1
GRCh38,CCAATTCTCCGTCGCT-1
GRCh38,CCAATTCTCCTCTCCT-1
GRCh38,CCAATTCTCGCGGCTA-1
GRCh38,CCAATTCTCGGAAAGT-1
GRCh38,CCAATTCTCGGACACT-1
GRCh38,CCACAACAGAAGGTGT-1
GRCh38,CCACAACAGAGACGCA-1
GRCh38,CCACAACAGCACTAGC-1
GRCh38,CCACAACAGCCCTTGC-1
GRCh38,CCACAACAGCGGATTC-1
GRCh38,CCACAACAGGCATCAC-1
GRCh38,CCACAACAGGCCATTA-1
GRCh38,CCACAACAGGGTTCCG-1
GRCh38,CCACAACAGGTTATGT-1
GRCh38,CCACAATCAATCCAAC-1
GRCh38,CCACAATCACAACAGA-1
GRCh38,CCACAATCACAATGGA-1
GRCh38,CCACAATCACACCTCT-1
GRCh38,CCACAATCACCTACCT-1
GRCh38,CCACAATCACGCACTA-1
GRCh38,CCACAATCACGGGGTA-1
GRCh38,CCACAATCAGCGAAAC-1
GRCh38,CCACAATCAGCGCTAC-1
GRCh38,CCACAATCAGTACAAG-1
GRCh38,CCACACACAGGAAACC-1
GRCh38,CCACACACAGGACTAA-1
GRCh38,CCACACACAGGGCTTC-1
GRCh38,CCACACCTCACCTTCG-1
GRCh38,CCACACCTCACTCACT-1
GRCh38,CCACACCTCAGAAGTA-1
GRCh38,CCACACCTCATGGGCT-1
GRCh38,CCACACCTCCATTCTA-1
GRCh38,CCACACCTCCCGACTC-1
GRCh38,CCACACCTCCGTAAAT-1
GRCh38,CCACACCTCCTCACGC-1
GRCh38,CCACACCTCCTGCACC-1
GRCh38,CCACACCTCGGCGATT-1
GRCh38,CCACACCTCGGTCATA-1
GRCh38,CCACAGCCAAAAGGAA-1
GRCh38,CCACAGCCAAATTGGG-1
GRCh38,CCACAGCCAAGTGGCG-1
GRCh38,CCACAGCCAATAACCC-1
GRCh38,CCACAGCCACAATAGG-1
GRCh38,CCACAGCCACATTCGG-1
GRCh38,CCACAGCCACGCCATA-1
GRCh38,CCACAGCCACTAGGCC-1
GRCh38,CCACAGCCACTGTACG-1
GRCh38,CCACAGCCAGCCAAGG-1
GRCh38,CCACAGCCAGCTAGGG-1
GRCh38,CCACAGGTCAAGTTCG-1
GRCh38,CCACAGGTCACACACA-1
GRCh38,CCACAGGTCAGCCTCC-1
GRCh38,CCACAGGTCATAACAC-1
GRCh38,CCACAGGTCCATCTAC-1
GRCh38,CCACAGGTCCCAGAAC-1
GRCh38,CCACAGGTCCTGCGTC-1
GRCh38,CCACAGGTCGCGTAGT-1
GRCh38,CCACAGGTCGCGTGCA-1
GRCh38,CCACAGGTCGCTCCGT-1
GRCh38,CCACAGGTCGGTTGGT-1
GRCh38,CCACAGGTCGTATACG-1
GRCh38,CCACATAAGAAGCGAT-1
GRCh38,CCACATAAGACCCGTG-1
GRCh38,CCACATAAGACGCGTT-1
GRCh38,CCACATAAGAGCGACA-1
GRCh38,CCACATAAGCCTGTGG-1
GRCh38,CCACATAAGCCTTAAG-1
GRCh38,CCACATAAGCGAAGAT-1
GRCh38,CCACATAAGGGCTTGT-1
GRCh38,CCACATAAGGGGATCA-1
GRCh38,CCACATAAGGTCAATT-1
GRCh38,CCACCAACAACACTTA-1
GRCh38,CCACCAACAACATCAC-1
GRCh38,CCACCAACAAGCCGAG-1
GRCh38,CCACCAACACACAGAA-1
GRCh38,CCACCAACACAGTAAG-1
GRCh38,CCACCAACACTTAACA-1
GRCh38,CCACCAACAGCATTCG-1
GRCh38,CCACCAACAGCGACGA-1
GRCh38,CCACCAACAGGGCTCT-1
GRCh38,CCACCAACAGTGCAGG-1
GRCh38,CCACCAACAGTGGGAT-1
GRCh38,CCACCGTTCAAACTAC-1
GRCh38,CCACCGTTCAATTGTA-1
GRCh38,CCACCGTTCACCCTAT-1
GRCh38,CCACCGTTCACTTCGT-1
GRCh38,CCACCGTTCAGACTGC-1
GRCh38,CCACCGTTCAGGTTCA-1
GRCh38,CCACCGTTCATAATGC-1
GRCh38,CCACCGTTCATTCGTC-1
GRCh38,CCACCGTTCCAGGGTT-1
GRCh38,CCACCGTTCCGTCGTC-1
GRCh38,CCACCGTTCGGTTAAT-1
GRCh38,CCACCGTTCGTGTCGG-1
GRCh38,CCACCTATCATTACAA-1
GRCh38,CCACCTATCCATGCTT-1
GRCh38,CCACCTATCCCTACGC-1
GRCh38,CCACCTATCGGCGCTA-1
GRCh38,CCACGATAGAGGTTAA-1
GRCh38,CCACGATAGAGTTGCC-1
GRCh38,CCACGATAGATAGTGA-1
GRCh38,CCACGATAGCACGGTT-1
GRCh38,CCACGATAGCATCGCG-1
GRCh38,CCACGATAGCCCTGGA-1
GRCh38,CCACGATAGCGCGTAT-1
GRCh38,CCACGATAGCGGCATT-1
GRCh38,CCACGATAGCTACTTC-1
GRCh38,CCACGCTTCACAGTTG-1
GRCh38,CCACGCTTCACCATCT-1
GRCh38,CCACGCTTCACGCAAC-1
GRCh38,CCACGCTTCCACTCTG-1
GRCh38,CCACGCTTCCTCCAAT-1
GRCh38,CCACGCTTCGCTGTAA-1
GRCh38,CCACGCTTCGGTACTA-1
GRCh38,CCACGCTTCGGTTGGT-1
GRCh38,CCACGGGGTAACGAAG-1
GRCh38,CCACGGGGTACTTCTG-1
GRCh38,CCACGGGGTAGCATCG-1
GRCh38,CCACGGGGTCGCTATC-1
GRCh38,CCACGGGGTGTGTCAG-1
GRCh38,CCACGGGGTGTTAGTA-1
GRCh38,CCACGGTCAACGGGAT-1
GRCh38,CCACGGTCAAGAGGGA-1
GRCh38,CCACGGTCAATATCAT-1
GRCh38,CCACGGTCAATCATTG-1
GRCh38,CCACGGTCAGCAGCGA-1
GRCh38,CCACGGTCAGTATGGA-1
GRCh38,CCACGGTCAGTCTAAC-1
GRCh38,CCACGGTCAGTTCACG-1
GRCh38,CCACGTACAAACCCAT-1
GRCh38,CCACGTACAATAACCC-1
GRCh38,CCACGTACAATACGCT-1
GRCh38,CCACGTACACTCCACT-1
GRCh38,CCACGTACACTGACCA-1
GRCh38,CCACGTACACTGCGTA-1
GRCh38,CCACGTACAGTGAGGT-1
GRCh38,CCACGTTGTATGAGCT-1
GRCh38,CCACGTTGTCCGTAAG-1
GRCh38,CCACGTTGTCTAAAGC-1
GRCh38,CCACGTTGTGTCGAGC-1
GRCh38,CCACTAAAGATCCTAG-1
GRCh38,CCACTAAAGATCCTGA-1
GRCh38,CCACTAAAGATGCCAC-1
GRCh38,CCACTAAAGATGTAGA-1
GRCh38,CCACTAAAGCACAATT-1
GRCh38,CCACTAAAGCATCACA-1
GRCh38,CCACTAAAGCATGCCG-1
GRCh38,CCACTAAAGCGTAGCT-1
GRCh38,CCACTAAAGGCACAAG-1
GRCh38,CCACTAAAGGGGGCAT-1
GRCh38,CCACTAGCAACTTAAT-1
GRCh38,CCACTAGCAAGGCCGA-1
GRCh38,CCACTAGCAATATCAT-1
GRCh38,CCACTAGCAATCCGCA-1
GRCh38,CCACTAGCAATCGTCG-1
GRCh38,CCACTAGCAATGCTCG-1
GRCh38,CCACTAGCACAGTAAG-1
GRCh38,CCACTAGCACATCATA-1
GRCh38,CCACTAGCACCGCTAA-1
GRCh38,CCACTAGCACGTACAT-1
GRCh38,CCACTAGCACTCAATA-1
GRCh38,CCACTAGCACTCGAGC-1
GRCh38,CCACTAGCAGCGTGTC-1
GRCh38,CCACTAGCAGGTGCGA-1
GRCh38,CCACTAGCAGTTCACG-1
GRCh38,CCACTATTCAAGGGGC-1
GRCh38,CCACTATTCAGGTAAA-1
GRCh38,CCACTATTCATACGTG-1
GRCh38,CCACTATTCATGTCAG-1
GRCh38,CCACTATTCCCATAAG-1
GRCh38,CCACTATTCCTCGGCT-1
GRCh38,CCACTATTCGGTTCAA-1
GRCh38,CCACTCATCACGCAAC-1
GRCh38,CCACTCATCACGCGTG-1
GRCh38,CCACTCATCCCCTAGC-1
GRCh38,CCACTCATCCGGACCA-1
GRCh38,CCACTCATCCGTCGCT-1
GRCh38,CCACTCATCCTCTGCA-1
GRCh38,CCACTCTCAAATGGCA-1
GRCh38,CCACTCTCACATGGGG-1
GRCh38,CCACTCTCACCCTAGA-1
GRCh38,CCACTCTCACCTACCT-1
GRCh38,CCACTCTCACGTCGGT-1
GRCh38,CCACTCTCAGCGCACT-1
GRCh38,CCACTCTCAGCGCTAC-1
GRCh38,CCACTCTCAGCTCGGT-1
GRCh38,CCACTGACAAGGTAAT-1
GRCh38,CCACTGACACAGTCCA-1
GRCh38,CCACTGACACCCTAAG-1
GRCh38,CCACTGACACGACCTA-1
GRCh38,CCACTGACACGTTAGT-1
GRCh38,CCACTGACACTATTCT-1
GRCh38,CCACTGACACTCACTC-1
GRCh38,CCACTGACAGCGGTAG-1
GRCh38,CCACTGACAGGAGTTA-1
GRCh38,CCACTGACAGGCTCTA-1
GRCh38,CCACTTGTCACGACAC-1
GRCh38,CCACTTGTCACTCGCC-1
GRCh38,CCACTTGTCATACAAC-1
GRCh38,CCACTTGTCATTAATG-1
GRCh38,CCACTTGTCCCGCACT-1
GRCh38,CCACTTGTCCCTAACT-1
GRCh38,CCACTTGTCCGCCTAC-1
GRCh38,CCACTTGTCGCTCTCA-1
GRCh38,CCACTTGTCGGTTCCC-1
GRCh38,CCACTTTAGAACGTAA-1
GRCh38,CCACTTTAGACATTCG-1
GRCh38,CCACTTTAGACTGCAC-1
GRCh38,CCACTTTAGAGACTTT-1
GRCh38,CCACTTTAGATATACC-1
GRCh38,CCACTTTAGCCTTTAC-1
GRCh38,CCACTTTAGCGAGTCT-1
GRCh38,CCACTTTAGCGTCAGT-1
GRCh38,CCACTTTAGGCACGAA-1
GRCh38,CCACTTTAGGGAAATC-1
GRCh38,CCACTTTAGGGACACA-1
GRCh38,CCACTTTAGGGCCTTG-1
GRCh38,CCACTTTAGGTACGTC-1
GRCh38,CCAGAACTCACCCTAT-1
GRCh38,CCAGAACTCAGTACGC-1
GRCh38,CCAGAACTCATTCGTC-1
GRCh38,CCAGAACTCCAACAGC-1
GRCh38,CCAGAACTCCTAACTC-1
GRCh38,CCAGAACTCGCGAGTT-1
GRCh38,CCAGAACTCGCTGTAA-1
GRCh38,CCAGAACTCGCTTTAC-1
GRCh38,CCAGAACTCGTAAATC-1
GRCh38,CCAGAACTCGTAATTA-1
GRCh38,CCAGAACTCGTATAGT-1
GRCh38,CCAGAATGTAATTCCT-1
GRCh38,CCAGAATGTACGCTGA-1
GRCh38,CCAGAATGTAGGAGGT-1
GRCh38,CCAGAATGTAGTATTG-1
GRCh38,CCAGAATGTCGCGTCC-1
GRCh38,CCAGAATGTCGTATGG-1
GRCh38,CCAGAATGTCTCCTGG-1
GRCh38,CCAGAATGTCTTCTAG-1
GRCh38,CCAGAATGTGGCGAGA-1
GRCh38,CCAGAATGTGGTGCCG-1
GRCh38,CCAGACCCAAATACCC-1
GRCh38,CCAGACCCAAGCGTCC-1
GRCh38,CCAGACCCAATGTGTC-1
GRCh38,CCAGACCCACGCTTTC-1
GRCh38,CCAGACCCAGCTGTAT-1
GRCh38,CCAGACCCAGGCACTC-1
GRCh38,CCAGACCCAGGTTCGC-1
GRCh38,CCAGACCCAGTCCTAG-1
GRCh38,CCAGAGAAGAACGTAA-1
GRCh38,CCAGAGAAGAGGCGTA-1
GRCh38,CCAGAGAAGCCATGAC-1
GRCh38,CCAGAGAAGCGTTTAG-1
GRCh38,CCAGAGAAGCTAAATC-1
GRCh38,CCAGAGAAGGGAATGT-1
GRCh38,CCAGAGAAGGTATTCG-1
GRCh38,CCAGAGGCAAATTCGC-1
GRCh38,CCAGAGGCAACAATGG-1
GRCh38,CCAGAGGCAACATACC-1
GRCh38,CCAGAGGCAAGCGAAC-1
GRCh38,CCAGAGGCACAATAGG-1
GRCh38,CCAGAGGCACAGCAGG-1
GRCh38,CCAGAGGCACGGCACT-1
GRCh38,CCAGAGGCAGCGACAG-1
GRCh38,CCAGAGGCAGCGTGTC-1
GRCh38,CCAGAGGCAGGACAAC-1
GRCh38,CCAGAGGCAGGCACTC-1
GRCh38,CCAGAGGCAGGCTACC-1
GRCh38,CCAGAGGCAGGTACAA-1
GRCh38,CCAGAGGCAGTAGGCG-1
GRCh38,CCAGAGGCAGTCTTAA-1
GRCh38,CCAGATGGTACCCCAT-1
GRCh38,CCAGATGGTCACTTAT-1
GRCh38,CCAGATGGTCTCTCGG-1
GRCh38,CCAGATGGTGGCTGTA-1
GRCh38,CCAGATGGTGTAAGCT-1
GRCh38,CCAGATGGTGTGGTCA-1
GRCh38,CCAGATTCAACCCGTA-1
GRCh38,CCAGATTCAACGTTAC-1
GRCh38,CCAGATTCAAGTCGAA-1
GRCh38,CCAGATTCACAAGTCT-1
GRCh38,CCAGATTCACCGTTAG-1
GRCh38,CCAGATTCACGGTCGT-1
GRCh38,CCAGATTCACTAAAGG-1
GRCh38,CCAGATTCAGCTGTAT-1
GRCh38,CCAGCATAGAACCCAC-1
GRCh38,CCAGCATAGACAATGA-1
GRCh38,CCAGCATAGAGGGATT-1
GRCh38,CCAGCATAGAGGTTGG-1
GRCh38,CCAGCATAGATGGGGC-1
GRCh38,CCAGCATAGCCGTAAC-1
GRCh38,CCAGCATAGCGGGTAA-1
GRCh38,CCAGCATAGCGTTAAT-1
GRCh38,CCAGCATAGGGCTTCG-1
GRCh38,CCAGCATAGGTAAGCG-1
GRCh38,CCAGCATAGGTCGCAT-1
GRCh38,CCAGCATAGGTTAGCC-1
GRCh38,CCAGCCCGTACATCCC-1
GRCh38,CCAGCCCGTACCAGAT-1
GRCh38,CCAGCCCGTACTGCAG-1
GRCh38,CCAGCCCGTAGCTTGG-1
GRCh38,CCAGCCCGTAGGCCCG-1
GRCh38,CCAGCCCGTATAAGCC-1
GRCh38,CCAGCCCGTCCAGTGA-1
GRCh38,CCAGCCCGTCCGCATT-1
GRCh38,CCAGCCCGTCCGCCTA-1
GRCh38,CCAGCCCGTCGACGGT-1
GRCh38,CCAGCCCGTCGTATAA-1
GRCh38,CCAGCCCGTCGTTAGG-1
GRCh38,CCAGCCCGTGCTTCTA-1
GRCh38,CCAGCCCGTGGGGATG-1
GRCh38,CCAGCCCGTGGTGCCG-1
GRCh38,CCAGCCCGTGTGCGGT-1
GRCh38,CCAGCCCGTGTGGATT-1
GRCh38,CCAGCCTTCAACCATG-1
GRCh38,CCAGCCTTCACAGGCT-1
GRCh38,CCAGCCTTCCAGGTGT-1
GRCh38,CCAGCCTTCCAGTCAA-1
GRCh38,CCAGCCTTCCATACCT-1
GRCh38,CCAGCCTTCCCATATC-1
GRCh38,CCAGCCTTCCTCCGGT-1
GRCh38,CCAGCCTTCCTCGGGA-1
GRCh38,CCAGCCTTCGCTCCTA-1
GRCh38,CCAGCTACAAAGGGAG-1
GRCh38,CCAGCTACAAGCGGCA-1
GRCh38,CCAGCTACACACGGTC-1
GRCh38,CCAGCTACACATAGTC-1
GRCh38,CCAGCTACACCATAAC-1
GRCh38,CCAGCTACAGCGTGTC-1
GRCh38,CCAGCTCTCAAACCCA-1
GRCh38,CCAGCTCTCAACCCTT-1
GRCh38,CCAGCTCTCACAGATT-1
GRCh38,CCAGCTCTCATCCTAC-1
GRCh38,CCAGCTCTCATGTCGA-1
GRCh38,CCAGCTCTCCCGTCTA-1
GRCh38,CCAGCTCTCGCAAGTC-1
GRCh38,CCAGCTCTCGCCTACC-1
GRCh38,CCAGCTTGTACGTCAG-1
GRCh38,CCAGCTTGTAGCCCTT-1
GRCh38,CCAGCTTGTAGTCAGT-1
GRCh38,CCAGCTTGTCTGGCCC-1
GRCh38,CCAGCTTGTGCAATGT-1
GRCh38,CCAGCTTGTGCTACCT-1
GRCh38,CCAGCTTGTGCTTGTC-1
GRCh38,CCAGCTTGTGGATGGG-1
GRCh38,CCAGCTTGTGGGTGTC-1
GRCh38,CCAGCTTGTGGTGATT-1
GRCh38,CCAGCTTGTGTGAGTT-1
GRCh38,CCAGGCTCAAACCGGG-1
GRCh38,CCAGGCTCAAACTAGG-1
GRCh38,CCAGGCTCAAAGTACG-1
GRCh38,CCAGGCTCAAATATCT-1
GRCh38,CCAGGCTCAACCAGAA-1
GRCh38,CCAGGCTCAACGAAAT-1
GRCh38,CCAGGCTCAATTCATG-1
GRCh38,CCAGGCTCACCATTCC-1
GRCh38,CCAGGCTCACCGGAAG-1
GRCh38,CCAGGCTCACTGACAT-1
GRCh38,CCAGGCTCACTTCGTC-1
GRCh38,CCAGGCTCAGGGCTCT-1
GRCh38,CCAGGGACAACATTAT-1
GRCh38,CCAGGGACAACCTAAC-1
GRCh38,CCAGGGACAACGGTCC-1
GRCh38,CCAGGGACAATACACC-1
GRCh38,CCAGGGACAATCATGC-1
GRCh38,CCAGGGACAATCCGCA-1
GRCh38,CCAGGGACACACTAAC-1
GRCh38,CCAGGGACACATCATA-1
GRCh38,CCAGGGACACCGGAAG-1
GRCh38,CCAGGGACACTAAGCT-1
GRCh38,CCAGGGACAGCGCTTA-1
GRCh38,CCAGGGACAGCTCGGT-1
GRCh38,CCAGGGACAGGAGTTA-1
GRCh38,CCAGGGACAGTCTGCA-1
GRCh38,CCAGGGTGTACTTGCC-1
GRCh38,CCAGGGTGTCAAAGGA-1
GRCh38,CCAGGGTGTCGTGAGC-1
GRCh38,CCAGGGTGTGGATTTA-1
GRCh38,CCAGGGTGTGGGATGG-1
GRCh38,CCAGGGTGTGGGTGAG-1
GRCh38,CCAGGTAGTAACTCGG-1
GRCh38,CCAGGTAGTACACTCC-1
GRCh38,CCAGGTAGTAGGCAGG-1
GRCh38,CCAGGTAGTATATGGC-1
GRCh38,CCAGGTAGTATGCTGG-1
GRCh38,CCAGGTAGTGGTGTCA-1
GRCh38,CCAGGTAGTGTCGGGT-1
GRCh38,CCAGGTTAGACTATCG-1
GRCh38,CCAGGTTAGAGGATTA-1
GRCh38,CCAGGTTAGATGGCGA-1
GRCh38,CCAGGTTAGCAACGAG-1
GRCh38,CCAGGTTAGCAGGAGC-1
GRCh38,CCAGGTTAGCATATCG-1
GRCh38,CCAGGTTAGCCCAAGT-1
GRCh38,CCAGGTTAGCCCAGCA-1
GRCh38,CCAGGTTAGCGAGTCT-1
GRCh38,CCAGGTTAGCTCACCC-1
GRCh38,CCAGGTTAGGGAATGT-1
GRCh38,CCAGTAATCAACACGC-1
GRCh38,CCAGTAATCAGGTGTC-1
GRCh38,CCAGTAATCAGTACGC-1
GRCh38,CCAGTAATCATCAATA-1
GRCh38,CCAGTAATCCATCACT-1
GRCh38,CCAGTAATCCTTAACC-1
GRCh38,CCAGTAATCGCCATGG-1
GRCh38,CCAGTAATCGCGTAAC-1
GRCh38,CCAGTAATCGGTACGT-1
GRCh38,CCAGTACAGCACTCCC-1
GRCh38,CCAGTACAGCAGGGGT-1
GRCh38,CCAGTACAGGGGTTAG-1
GRCh38,CCAGTAGGTAACTCCC-1
GRCh38,CCAGTAGGTAAGTCCG-1
GRCh38,CCAGTAGGTACGTTCC-1
GRCh38,CCAGTAGGTACTATAG-1
GRCh38,CCAGTAGGTCAGTATA-1
GRCh38,CCAGTAGGTCGCTTCG-1
GRCh38,CCAGTAGGTCGTGAGC-1
GRCh38,CCAGTAGGTCTGGCTT-1
GRCh38,CCAGTGAGTAGTGTTA-1
GRCh38,CCAGTGAGTATGAGGA-1
GRCh38,CCAGTGAGTCCGTCCA-1
GRCh38,CCAGTGAGTGGTCCCC-1
GRCh38,CCAGTGAGTGGTGATT-1
GRCh38,CCAGTGCCAAAATTCT-1
GRCh38,CCAGTGCCAACGGGAT-1
GRCh38,CCAGTGCCAATCAACC-1
GRCh38,CCAGTGCCACAATAGG-1
GRCh38,CCAGTGCCACGCACTA-1
GRCh38,CCAGTGCCAGCATGAA-1
GRCh38,CCAGTGCCAGCGACGA-1
GRCh38,CCAGTGCCAGCTCGGT-1
GRCh38,CCAGTTCGTAGGGTAA-1
GRCh38,CCAGTTCGTAGTACGT-1
GRCh38,CCAGTTCGTAGTGTAC-1
GRCh38,CCAGTTCGTATACCCC-1
GRCh38,CCAGTTCGTATAGCGT-1
GRCh38,CCAGTTCGTCACCGGG-1
GRCh38,CCAGTTCGTCGTACAG-1
GRCh38,CCAGTTCGTCTCTCGG-1
GRCh38,CCATAACCAAACTACC-1
GRCh38,CCATAACCAACCAACT-1
GRCh38,CCATAACCAAGCGCCT-1
GRCh38,CCATAACCAATGGTAG-1
GRCh38,CCATAACCACCCATTC-1
GRCh38,CCATAACCAGGGCTTC-1
GRCh38,CCATAAGTCAACGTGC-1
GRCh38,CCATAAGTCAGCCCTC-1
GRCh38,CCATAAGTCAGTACAT-1
GRCh38,CCATAAGTCAGTACTG-1
GRCh38,CCATAAGTCCTGTTCG-1
GRCh38,CCATAAGTCGCTTAAG-1
GRCh38,CCATAAGTCGGAAACG-1
GRCh38,CCATAAGTCGTCGTAA-1
GRCh38,CCATAATAGAGCAGCA-1
GRCh38,CCATAATAGATGTGTT-1
GRCh38,CCATAATAGCAAGACG-1
GRCh38,CCATAATAGCTACGCG-1
GRCh38,CCATAATAGCTTAAGT-1
GRCh38,CCATAATAGGCATCAC-1
GRCh38,CCATACAAGAATCAAG-1
GRCh38,CCATACAAGACGTCAC-1
GRCh38,CCATACAAGACTTACG-1
GRCh38,CCATACAAGAGTGATA-1
GRCh38,CCATACAAGCACAATT-1
GRCh38,CCATACAAGGCCTGCA-1
GRCh38,CCATACAAGGTTCAGC-1
GRCh38,CCATACAAGGTTCATG-1
GRCh38,CCATACGCAAAACCAG-1
GRCh38,CCATACGCAAACATGG-1
GRCh38,CCATACGCAAATCACC-1
GRCh38,CCATACGCAACACTCG-1
GRCh38,CCATACGCAACTGAGA-1
GRCh38,CCATACGCACAACGAA-1
GRCh38,CCATACGCACGAACGG-1
GRCh38,CCATACGCACTAAATT-1
GRCh38,CCATACGCAGCATTCG-1
GRCh38,CCATACGCAGTAACCT-1
GRCh38,CCATACGCAGTGCGTC-1
GRCh38,CCATACTTCACAACAT-1
GRCh38,CCATACTTCACGTGGT-1
GRCh38,CCATACTTCAGCAATT-1
GRCh38,CCATACTTCAGGTAAA-1
GRCh38,CCATACTTCCCGCACT-1
GRCh38,CCATACTTCCCGCTTA-1
GRCh38,CCATACTTCCGTATAG-1
GRCh38,CCATACTTCGCAAGTC-1
GRCh38,CCATACTTCGCGTCGA-1
GRCh38,CCATACTTCGGACGTT-1
GRCh38,CCATACTTCGTATTAA-1
GRCh38,CCATAGCAGAACCAGG-1
GRCh38,CCATAGCAGATTCACG-1
GRCh38,CCATAGCAGCCGTCGA-1
GRCh38,CCATAGCAGCCTGCGA-1
GRCh38,CCATAGCAGCGATGAG-1
GRCh38,CCATAGCAGCTGTATG-1
GRCh38,CCATAGCAGGCATCGT-1
GRCh38,CCATAGGGTACAGAAG-1
GRCh38,CCATAGGGTACTCGAG-1
GRCh38,CCATAGGGTAGGTAAG-1
GRCh38,CCATAGGGTATTGGGT-1
GRCh38,CCATAGGGTCACTTTG-1
GRCh38,CCATAGGGTCCGTCCA-1
GRCh38,CCATAGGGTCCTTTGA-1
GRCh38,CCATAGGGTCGGTTTC-1
GRCh38,CCATAGGGTGCTATCC-1
GRCh38,CCATAGGGTGGAACGG-1
GRCh38,CCATAGGGTGGGCGTT-1
GRCh38,CCATAGGGTGGTCAGC-1
GRCh38,CCATAGGGTGTGCGGT-1
GRCh38,CCATATCTCAAACCCA-1
GRCh38,CCATATCTCAAACCTG-1
GRCh38,CCATATCTCACTCTCG-1
GRCh38,CCATATCTCAGTATTA-1
GRCh38,CCATATCTCATAATTG-1
GRCh38,CCATATCTCGCCTAAA-1
GRCh38,CCATATCTCGGGCATT-1
GRCh38,CCATATCTCGTGGTTA-1
GRCh38,CCATATCTCGTTGACA-1
GRCh38,CCATATGAGAAGCCAG-1
GRCh38,CCATATGAGAATACGA-1
GRCh38,CCATATGAGAATTCGT-1
GRCh38,CCATATGAGACACGGA-1
GRCh38,CCATATGAGACCTGCG-1
GRCh38,CCATATGAGATACGAA-1
GRCh38,CCATATGAGATGATGA-1
GRCh38,CCATATGAGATGGCGA-1
GRCh38,CCATATGAGCATTCAG-1
GRCh38,CCATATGAGGCACAAG-1
GRCh38,CCATATGAGGTGTATT-1
GRCh38,CCATATTGTAGGATTC-1
GRCh38,CCATATTGTAGGCGCT-1
GRCh38,CCATATTGTATAATCG-1
GRCh38,CCATATTGTATAGGAG-1
GRCh38,CCATATTGTATATTCC-1
GRCh38,CCATATTGTCACGCGG-1
GRCh38,CCATATTGTCCTTCCC-1
GRCh38,CCATATTGTCGTCGGG-1
GRCh38,CCATATTGTGCTGGGT-1
GRCh38,CCATATTGTGGATATC-1
GRCh38,CCATATTGTGTATTCT-1
GRCh38,CCATATTGTGTCCGCC-1
GRCh38,CCATATTGTGTGAAAG-1
GRCh38,CCATCAAAGAATGCGG-1
GRCh38,CCATCAAAGACGCTGT-1
GRCh38,CCATCAAAGATCACAT-1
GRCh38,CCATCAAAGATCGTAT-1
GRCh38,CCATCAAAGATGAAGC-1
GRCh38,CCATCAAAGCAATAGA-1
GRCh38,CCATCAAAGCAGCCAT-1
GRCh38,CCATCAAAGCATGGAG-1
GRCh38,CCATCAAAGCCATTGA-1
GRCh38,CCATCAAAGCCTAAGC-1
GRCh38,CCATCAAAGGCGATAG-1
GRCh38,CCATCATTCACAGACC-1
GRCh38,CCATCATTCACAGCAC-1
GRCh38,CCATCATTCAGGGCAA-1
GRCh38,CCATCATTCCAAATGT-1
GRCh38,CCATCATTCCAGGTTA-1
GRCh38,CCATCATTCCCATTAC-1
GRCh38,CCATCATTCCGCACTC-1
GRCh38,CCATCATTCCTATACC-1
GRCh38,CCATCATTCGGGTCCA-1
GRCh38,CCATCATTCGGTTCGG-1
GRCh38,CCATCCATCAATGTTA-1
GRCh38,CCATCCATCACCAAGC-1
GRCh38,CCATCCATCACGCGCA-1
GRCh38,CCATCCATCAGCTATG-1
GRCh38,CCATCCATCATGGCAC-1
GRCh38,CCATCCATCCCTAAAG-1
GRCh38,CCATCCATCGGTATGC-1
GRCh38,CCATCCGGTATGCCTC-1
GRCh38,CCATCCGGTCAGTCAG-1
GRCh38,CCATCCGGTCCGGTAA-1
GRCh38,CCATCCGGTCGCGTGG-1
GRCh38,CCATCCGGTCGCTCTG-1
GRCh38,CCATCCGGTCTAATCT-1
GRCh38,CCATCCGGTGTAGTTA-1
GRCh38,CCATCCGGTGTCCCCA-1
GRCh38,CCATCCGGTGTCGTCT-1
GRCh38,CCATCCGGTGTGGTGC-1
GRCh38,CCATCCGGTGTTAATG-1
GRCh38,CCATCCGGTGTTCTAT-1
GRCh38,CCATCGACAAGTCGCC-1
GRCh38,CCATCGACAATATTCG-1
GRCh38,CCATCGACACAGTTAC-1
GRCh38,CCATCGACACCTACGA-1
GRCh38,CCATCGACACGGGTAG-1
GRCh38,CCATCGACAGCAACCC-1
GRCh38,CCATCGCTCAAACCTG-1
GRCh38,CCATCGCTCACAACTG-1
GRCh38,CCATCGCTCACTAAAC-1
GRCh38,CCATCGCTCATGCCTT-1
GRCh38,CCATCGCTCCCCAACC-1
GRCh38,CCATCGCTCCTCCGGT-1
GRCh38,CCATCGCTCGGTGGTT-1
GRCh38,CCATCGCTCGTTAGCA-1
GRCh38,CCATCGGAGACTTAAC-1
GRCh38,CCATCGGAGAGGGATT-1
GRCh38,CCATCGGAGCCTAGTA-1
GRCh38,CCATCGGAGCGACCAT-1
GRCh38,CCATCGGAGCGTATAT-1
GRCh38,CCATCGGAGGCTATGC-1
GRCh38,CCATCGGAGGGTTGTC-1
GRCh38,CCATCGGAGGTGTCCG-1
GRCh38,CCATCTGTCACATTCC-1
GRCh38,CCATCTGTCACTCTGT-1
GRCh38,CCATCTGTCAGGGTCT-1
GRCh38,CCATCTGTCCCCTATG-1
GRCh38,CCATCTGTCCGGTCCT-1
GRCh38,CCATCTGTCCGTGAGT-1
GRCh38,CCATCTGTCCTTATCA-1
GRCh38,CCATCTGTCGTAGCAC-1
GRCh38,CCATGACAGAAACCAA-1
GRCh38,CCATGACAGACTCGAC-1
GRCh38,CCATGACAGATGGGTG-1
GRCh38,CCATGACAGCACAATT-1
GRCh38,CCATGACAGCTCTGAA-1
GRCh38,CCATGACAGCTGCAAC-1
GRCh38,CCATGACAGGCTCGAT-1
GRCh38,CCATGACAGGGCTCAT-1
GRCh38,CCATGCACAAGTAAAC-1
GRCh38,CCATGCACAAGTAACG-1
GRCh38,CCATGCACAAGTATCC-1
GRCh38,CCATGCACAATGCTTA-1
GRCh38,CCATGCACACCCACAA-1
GRCh38,CCATGCACACCCAGAC-1
GRCh38,CCATGCACACCTACTC-1
GRCh38,CCATGCACACCTCGAA-1
GRCh38,CCATGCACACTTCTCA-1
GRCh38,CCATGCACAGCGCATC-1
GRCh38,CCATGCACAGTTGAAG-1
GRCh38,CCATGCACAGTTGGTT-1
GRCh38,CCATGCCTCAACCCTT-1
GRCh38,CCATGCCTCAACGCAC-1
GRCh38,CCATGCCTCAAGCTAT-1
GRCh38,CCATGCCTCAAGGGTG-1
GRCh38,CCATGCCTCACTCCCA-1
GRCh38,CCATGCCTCCAACCTT-1
GRCh38,CCATGCCTCCCTGCAC-1
GRCh38,CCATGCCTCCTCACGC-1
GRCh38,CCATGCCTCGCAGTGT-1
GRCh38,CCATGCGAGACAAGTA-1
GRCh38,CCATGCGAGCAACAGG-1
GRCh38,CCATGCGAGCATCTTC-1
GRCh38,CCATGCGAGCCTGGCA-1
GRCh38,CCATGCGAGCGAACGA-1
GRCh38,CCATGCGAGCTGTGGT-1
GRCh38,CCATGCGAGGGATAGT-1
GRCh38,CCATGCGAGGGCTCAT-1
GRCh38,CCATGCGAGGTCGGAA-1
GRCh38,CCATGCTGTATCGCTC-1
GRCh38,CCATGCTGTATTGAGC-1
GRCh38,CCATGCTGTCCCTCTC-1
GRCh38,CCATGCTGTCCTCTCC-1
GRCh38,CCATGCTGTCGAAGTT-1
GRCh38,CCATGCTGTCGGCTGG-1
GRCh38,CCATGCTGTCTCCGGC-1
GRCh38,CCATGCTGTGTCGCTT-1
GRCh38,CCATGGTAGAAGGTTA-1
GRCh38,CCATGGTAGACTAATC-1
GRCh38,CCATGGTAGAGCCGTT-1
GRCh38,CCATGGTAGATGCGGA-1
GRCh38,CCATGGTAGCATGCAC-1
GRCh38,CCATGGTAGCCACAAC-1
GRCh38,CCATGGTAGCCTATGA-1
GRCh38,CCATGGTAGCTCGAGT-1
GRCh38,CCATGGTAGCTGGTTA-1
GRCh38,CCATGGTAGCTTGTAG-1
GRCh38,CCATGGTAGGCAAGCA-1
GRCh38,CCATGGTAGGCATCGT-1
GRCh38,CCATGGTAGGGAGAGG-1
GRCh38,CCATGGTAGGGGTAGC-1
GRCh38,CCATTAACAACTATAT-1
GRCh38,CCATTAACAACTCGAT-1
GRCh38,CCATTAACAACTGTCG-1
GRCh38,CCATTAACAATTATCG-1
GRCh38,CCATTAACACAGTCAT-1
GRCh38,CCATTAACAGTACGGG-1
GRCh38,CCATTACTCAAACTTA-1
GRCh38,CCATTACTCAACCAAT-1
GRCh38,CCATTACTCAACGCAC-1
GRCh38,CCATTACTCAGTATCG-1
GRCh38,CCATTACTCCATCGCC-1
GRCh38,CCATTACTCCGATGTA-1
GRCh38,CCATTACTCCGCTCTA-1
GRCh38,CCATTACTCGCCACTC-1
GRCh38,CCATTACTCGGCTTCC-1
GRCh38,CCATTACTCGGGGTAA-1
GRCh38,CCATTACTCGTCTTCG-1
GRCh38,CCATTACTCGTGCAGT-1
GRCh38,CCATTAGAGAATCTGT-1
GRCh38,CCATTAGAGACCTGCG-1
GRCh38,CCATTAGAGAGCAACG-1
GRCh38,CCATTAGAGCATTACG-1
GRCh38,CCATTAGAGGTCCGCA-1
GRCh38,CCATTAGAGGTGTATT-1
GRCh38,CCATTAGAGGTTAATC-1
GRCh38,CCATTCAGTACTATTC-1
GRCh38,CCATTCAGTAGGCTTG-1
GRCh38,CCATTCAGTAGGGCGA-1
GRCh38,CCATTCAGTCAATCCC-1
GRCh38,CCATTCAGTCAGCGGT-1
GRCh38,CCATTCAGTCCTACGT-1
GRCh38,CCATTCAGTCGGCTGG-1
GRCh38,CCATTCAGTCTCGCTG-1
GRCh38,CCATTCAGTCTGTTAT-1
GRCh38,CCATTCAGTGGGCAAG-1
GRCh38,CCATTCAGTGGTAAAG-1
GRCh38,CCATTCAGTGTTCGCT-1
GRCh38,CCATTCCCAAAATGAC-1
GRCh38,CCATTCCCAAGCGCTC-1
GRCh38,CCATTCCCAATCGTCG-1
GRCh38,CCATTCCCACAAATCC-1
GRCh38,CCATTCCCACATATCA-1
GRCh38,CCATTCCCACCTTGAG-1
GRCh38,CCATTCCCACGTTTCC-1
GRCh38,CCATTCCCAGCACGCT-1
GRCh38,CCATTCCCAGTGCAGG-1
GRCh38,CCATTCGTCAAGCTTG-1
GRCh38,CCATTCGTCACAGCTA-1
GRCh38,CCATTCGTCAGCGCCA-1
GRCh38,CCATTCGTCCAAATGT-1
GRCh38,CCATTCGTCCCCATTG-1
GRCh38,CCATTCGTCGTACATG-1
GRCh38,CCATTGAAGAAGCCAG-1
GRCh38,CCATTGAAGAAGCGAT-1
GRCh38,CCATTGAAGACAGACG-1
GRCh38,CCATTGAAGAGGTGAT-1
GRCh38,CCATTGAAGCAAATGA-1
GRCh38,CCATTGAAGCACGGTT-1
GRCh38,CCATTGAAGCATTCGA-1
GRCh38,CCATTGAAGCGAATTT-1
GRCh38,CCATTGAAGGCAACAG-1
GRCh38,CCATTGAAGGCTTCAA-1
GRCh38,CCATTGAAGGTCGCAT-1
GRCh38,CCATTTCAGACTTTCC-1
GRCh38,CCATTTCAGAGAGGTT-1
GRCh38,CCATTTCAGAGTAAGC-1
GRCh38,CCATTTCAGATTACCG-1
GRCh38,CCATTTCAGCGACAGA-1
GRCh38,CCATTTCAGCGATTCA-1
GRCh38,CCATTTCAGCGATTTG-1
GRCh38,CCATTTCAGCTGGGTT-1
GRCh38,CCATTTCAGGCATCGT-1
GRCh38,CCATTTCAGGGTTGTC-1
GRCh38,CCATTTGGTAAGGCCC-1
GRCh38,CCATTTGGTACTAAGC-1
GRCh38,CCATTTGGTAGTTAGC-1
GRCh38,CCATTTGGTCCGTCGC-1
GRCh38,CCATTTGGTCGCCCGT-1
GRCh38,CCATTTGGTGCCTCTG-1
GRCh38,CCATTTGGTGGCATGC-1
GRCh38,CCATTTGGTGGGGTCT-1
GRCh38,CCCAAAGGTACCCCTG-1
GRCh38,CCCAAAGGTCCTTCCC-1
GRCh38,CCCAAAGGTCGCTGCC-1
GRCh38,CCCAAAGGTGGTTATA-1
GRCh38,CCCAAATCAAAATGGT-1
GRCh38,CCCAAATCAAATATTC-1
GRCh38,CCCAAATCAACGGCAG-1
GRCh38,CCCAAATCAAGCTGAA-1
GRCh38,CCCAAATCAATGCAGA-1
GRCh38,CCCAAATCACAGTAAG-1
GRCh38,CCCAAATCACATTTAG-1
GRCh38,CCCAAATCACCTAGAT-1
GRCh38,CCCAAATCACCTCACT-1
GRCh38,CCCAAATCAGCAGGCA-1
GRCh38,CCCAAATCAGTCCATG-1
GRCh38,CCCAACACAACCTGCA-1
GRCh38,CCCAACACAACGAAGC-1
GRCh38,CCCAACACAACTGAAG-1
GRCh38,CCCAACACAAGTCGAA-1
GRCh38,CCCAACACAATCGGGG-1
GRCh38,CCCAACACACAATAGG-1
GRCh38,CCCAACACACTAGTTA-1
GRCh38,CCCAACACACTCGGAC-1
GRCh38,CCCAACACAGCTAGCC-1
GRCh38,CCCAACACAGGCACTC-1
GRCh38,CCCAACCTCAATATGC-1
GRCh38,CCCAACCTCACAACCA-1
GRCh38,CCCAACCTCACCAATG-1
GRCh38,CCCAACCTCACGCATA-1
GRCh38,CCCAACCTCAGCGTGT-1
GRCh38,CCCAACCTCAGTACGC-1
GRCh38,CCCAACCTCATGGCCG-1
GRCh38,CCCAACCTCCAAGACC-1
GRCh38,CCCAACCTCCATTGTC-1
GRCh38,CCCAACCTCGCACTAA-1
GRCh38,CCCAACCTCGTGTAAT-1
GRCh38,CCCAACGAGACAACGG-1
GRCh38,CCCAACGAGACATGCC-1
GRCh38,CCCAACGAGAGCATTT-1
GRCh38,CCCAACGAGAGGCTGA-1
GRCh38,CCCAACGAGAGGGTGC-1
GRCh38,CCCAACGAGATGTGTT-1
GRCh38,CCCAACGAGCCGATAC-1
GRCh38,CCCAACGAGCCGCTGA-1
GRCh38,CCCAACGAGCGTAGAG-1
GRCh38,CCCAACGAGCTAAACT-1
GRCh38,CCCAACGAGGCTAAGG-1
GRCh38,CCCAACGAGGTCCGCA-1
GRCh38,CCCAAGCCAAATACCC-1
GRCh38,CCCAAGCCAACAGCCC-1
GRCh38,CCCAAGCCAACCTCTC-1
GRCh38,CCCAAGCCACATAATT-1
GRCh38,CCCAAGCCACCTCTAC-1
GRCh38,CCCAAGCCAGCTCGGT-1
GRCh38,CCCAAGCCAGGACATA-1
GRCh38,CCCAAGCCAGTCAAGA-1
GRCh38,CCCAAGCCAGTTCACG-1
GRCh38,CCCAAGTAGAAGCTAA-1
GRCh38,CCCAAGTAGACAACGG-1
GRCh38,CCCAAGTAGATGGGGC-1
GRCh38,CCCAAGTAGCAAGTAA-1
GRCh38,CCCAAGTAGCTCGAGT-1
GRCh38,CCCAAGTAGGGATTAA-1
GRCh38,CCCAAGTAGGGGGTAC-1
GRCh38,CCCAATCGTACCTTGC-1
GRCh38,CCCAATCGTCAGTCTC-1
GRCh38,CCCAATCGTCCGGTAA-1
GRCh38,CCCAATCGTCGCGTGG-1
GRCh38,CCCAATCGTCGTTAAA-1
GRCh38,CCCAATTTCACAATTA-1
GRCh38,CCCAATTTCACTTAAA-1
GRCh38,CCCAATTTCATACCCT-1
GRCh38,CCCAATTTCATTCAAA-1
GRCh38,CCCAATTTCATTCATT-1
GRCh38,CCCAATTTCCAATGCA-1
GRCh38,CCCAATTTCCAGCTAA-1
GRCh38,CCCAATTTCCAGGGTT-1
GRCh38,CCCAATTTCCATTGTC-1
GRCh38,CCCAATTTCCTGTCGC-1
GRCh38,CCCAATTTCGCAATTG-1
GRCh38,CCCAATTTCGGCTCCT-1
GRCh38,CCCACAACAAATTGAA-1
GRCh38,CCCACAACAAGCATTC-1
GRCh38,CCCACAACAAGTGTCT-1
GRCh38,CCCACAACAATAAGAC-1
GRCh38,CCCACAACACAGGTCC-1
GRCh38,CCCACAACACCTGACA-1
GRCh38,CCCACAACACGGAAAC-1
GRCh38,CCCACAACAGCACCTA-1
GRCh38,CCCACAACAGGATCAA-1
GRCh38,CCCACAACAGTTGATC-1
GRCh38,CCCACAGAGAACACCC-1
GRCh38,CCCACAGAGACATGGG-1
GRCh38,CCCACAGAGACTAATC-1
GRCh38,CCCACAGAGATAACAG-1
GRCh38,CCCACAGAGCTGGTTA-1
GRCh38,CCCACAGAGGCAGTGA-1
GRCh38,CCCACAGAGGTTGTAT-1
GRCh38,CCCACGAAGACCACGT-1
GRCh38,CCCACGAAGACGCCCA-1
GRCh38,CCCACGAAGACGGCAA-1
GRCh38,CCCACGAAGCAAAGCG-1
GRCh38,CCCACGAAGCACTATG-1
GRCh38,CCCACGAAGCAGCTAC-1
GRCh38,CCCACGAAGCTCGTGG-1
GRCh38,CCCACGAAGGCACGTT-1
GRCh38,CCCACGAAGGCGAATG-1
GRCh38,CCCACGAAGGGAGATT-1
GRCh38,CCCACGTTCAACATTA-1
GRCh38,CCCACGTTCACGCTAA-1
GRCh38,CCCACGTTCAGTTTCC-1
GRCh38,CCCACGTTCCAACTTC-1
GRCh38,CCCACGTTCGCGGTAT-1
GRCh38,CCCACGTTCGTATACG-1
GRCh38,CCCACGTTCGTTAGGC-1
GRCh38,CCCACTATCAATCTGG-1
GRCh38,CCCACTATCACCAAGC-1
GRCh38,CCCACTATCAGTCGCG-1
GRCh38,CCCACTATCATCACTC-1
GRCh38,CCCACTATCCTTAGTC-1
GRCh38,CCCACTATCGCATCGG-1
GRCh38,CCCACTATCGGACACT-1
GRCh38,CCCACTATCGGCTGCA-1
GRCh38,CCCACTATCGTAGCGT-1
GRCh38,CCCACTATCGTAGGTC-1
GRCh38,CCCAGACCAAATATTC-1
GRCh38,CCCAGACCAACTGGAA-1
GRCh38,CCCAGACCAATTCGGT-1
GRCh38,CCCAGACCACCGGTTA-1
GRCh38,CCCAGACCACCTGACA-1
GRCh38,CCCAGACCACGCAGTC-1
GRCh38,CCCAGACCACGTAGAA-1
GRCh38,CCCAGACCACGTCTAG-1
GRCh38,CCCAGACCAGCCTTTC-1
GRCh38,CCCAGACCAGCGTGAG-1
GRCh38,CCCAGACCAGTGCGTC-1
GRCh38,CCCAGCAAGAAATCAG-1
GRCh38,CCCAGCAAGACGTATT-1
GRCh38,CCCAGCAAGATAACAG-1
GRCh38,CCCAGCAAGCAAACCC-1
GRCh38,CCCAGCAAGCCGTGAT-1
GRCh38,CCCAGCAAGCGGGTTT-1
GRCh38,CCCAGCAAGGCACAAG-1
GRCh38,CCCAGCAAGGCGTAGA-1
GRCh38,CCCAGCAAGGGCTAGA-1
GRCh38,CCCAGCAAGGGGATTG-1
GRCh38,CCCAGCAAGGTTGCCG-1
GRCh38,CCCAGCTTCAAATCTA-1
GRCh38,CCCAGCTTCACCCTGC-1
GRCh38,CCCAGCTTCAGGCTCG-1
GRCh38,CCCAGCTTCAGTATGT-1
GRCh38,CCCAGCTTCAGTTGTG-1
GRCh38,CCCAGCTTCATCCGCC-1
GRCh38,CCCAGCTTCCATCGTT-1
GRCh38,CCCAGCTTCCCGTGTC-1
GRCh38,CCCAGCTTCGCTATCT-1
GRCh38,CCCAGCTTCGGACCCA-1
GRCh38,CCCAGCTTCGGTTACA-1
GRCh38,CCCAGTACAACCCATG-1
GRCh38,CCCAGTACAAGGATAT-1
GRCh38,CCCAGTACAAGGGTTA-1
GRCh38,CCCAGTACAATAACTT-1
GRCh38,CCCAGTACAATATGTT-1
GRCh38,CCCAGTACACCGTAAT-1
GRCh38,CCCAGTACAGCATTTA-1
GRCh38,CCCAGTACAGGAATAT-1
GRCh38,CCCATAGCAATCCGGC-1
GRCh38,CCCATAGCACAGCAGG-1
GRCh38,CCCATAGCACAGCGGA-1
GRCh38,CCCATAGCACAGTTTA-1
GRCh38,CCCATAGCACCATTCC-1
GRCh38,CCCATAGCAGCGCTAC-1
GRCh38,CCCATAGCAGTATTCA-1
GRCh38,CCCATGCTCCAGCTAA-1
GRCh38,CCCATGCTCCATAGCA-1
GRCh38,CCCATGCTCCCTTAAC-1
GRCh38,CCCATGCTCCGACGCA-1
GRCh38,CCCATGCTCGCTTACT-1
GRCh38,CCCATGCTCGGACTAC-1
GRCh38,CCCATGCTCGTAATCG-1
GRCh38,CCCATGCTCGTCAATG-1
GRCh38,CCCATGCTCGTCGTAA-1
GRCh38,CCCATGGAGAGCAACG-1
GRCh38,CCCATGGAGAGCCCAT-1
GRCh38,CCCATGGAGATCACAT-1
GRCh38,CCCATGGAGATCGTTG-1
GRCh38,CCCATGGAGCATATGT-1
GRCh38,CCCATGGAGCCATTAG-1
GRCh38,CCCATGGAGCGATGAG-1
GRCh38,CCCATGGAGCGCTATA-1
GRCh38,CCCATGGAGCGGGTTT-1
GRCh38,CCCATGGAGCTAAATC-1
GRCh38,CCCATGGAGGCTATTG-1
GRCh38,CCCATGGAGGGCGGAT-1
GRCh38,CCCATGGAGGTAACCC-1
GRCh38,CCCATGTGTAATCCCC-1
GRCh38,CCCATGTGTATGCCTC-1
GRCh38,CCCATGTGTCACGCCC-1
GRCh38,CCCATGTGTCAGGATT-1
GRCh38,CCCATGTGTCCAACCT-1
GRCh38,CCCATGTGTCCAGCCC-1
GRCh38,CCCATGTGTCCCTCTC-1
GRCh38,CCCATGTGTCCGCTTG-1
GRCh38,CCCATGTGTCGTTGGA-1
GRCh38,CCCATGTGTGGATTCG-1
GRCh38,CCCATGTGTGGTCAAT-1
GRCh38,CCCATGTGTGTCCTTA-1
GRCh38,CCCATTCCAAAACTCC-1
GRCh38,CCCATTCCAACATTAT-1
GRCh38,CCCATTCCAATGGGCG-1
GRCh38,CCCATTCCAATGGTAG-1
GRCh38,CCCATTCCACACTAAC-1
GRCh38,CCCATTCCACCCAACA-1
GRCh38,CCCATTCCACGATAGA-1
GRCh38,CCCATTCCAGCAAGAC-1
GRCh38,CCCATTCCAGCCCATA-1
GRCh38,CCCATTCCAGGCGACA-1
GRCh38,CCCATTCCAGGGTGCA-1
GRCh38,CCCATTCCAGTGTTAC-1
GRCh38,CCCATTGTCAAGCCTA-1
GRCh38,CCCATTGTCAGCTTAG-1
GRCh38,CCCATTGTCAGGGGTA-1
GRCh38,CCCATTGTCAGTGCTA-1
GRCh38,CCCATTGTCATACGCA-1
GRCh38,CCCATTGTCCACCCAC-1
GRCh38,CCCATTGTCCCATTAC-1
GRCh38,CCCATTGTCCGGTAAC-1
GRCh38,CCCATTTAGACGATGG-1
GRCh38,CCCATTTAGATACCAT-1
GRCh38,CCCATTTAGATGCCCG-1
GRCh38,CCCATTTAGCGTGCAT-1
GRCh38,CCCTAAGCAACGCGCT-1
GRCh38,CCCTAAGCACCTAGGC-1
GRCh38,CCCTAAGCACTCTCCG-1
GRCh38,CCCTAAGCAGGGCGTA-1
GRCh38,CCCTAATTCAAGCAAA-1
GRCh38,CCCTAATTCAATATTG-1
GRCh38,CCCTAATTCACGTCAA-1
GRCh38,CCCTAATTCATCGGCG-1
GRCh38,CCCTAATTCATCGGGT-1
GRCh38,CCCTAATTCATGAATC-1
GRCh38,CCCTAATTCCAATTCC-1
GRCh38,CCCTAATTCCGTTTCG-1
GRCh38,CCCTAATTCCTAGCAA-1
GRCh38,CCCTAATTCGGCTTCC-1
GRCh38,CCCTAATTCGTGCAGT-1
GRCh38,CCCTAATTCGTTAGCA-1
GRCh38,CCCTAGACAAAGCATG-1
GRCh38,CCCTAGACAAATTCCA-1
GRCh38,CCCTAGACAACGAGAC-1
GRCh38,CCCTAGACAATAATTC-1
GRCh38,CCCTAGACAATGACGA-1
GRCh38,CCCTAGACACCACAAT-1
GRCh38,CCCTAGACACCTTCTA-1
GRCh38,CCCTAGACACTAAGTC-1
GRCh38,CCCTAGACACTTCATT-1
GRCh38,CCCTAGACAGGGTCTC-1
GRCh38,CCCTAGACAGGTTCAT-1
GRCh38,CCCTAGACAGTTGAGA-1
GRCh38,CCCTAGCTCAATTGTA-1
GRCh38,CCCTAGCTCACACATG-1
GRCh38,CCCTAGCTCAGCATAT-1
GRCh38,CCCTAGCTCAGCCCTC-1
GRCh38,CCCTAGCTCCACAACA-1
GRCh38,CCCTAGCTCCCAACTT-1
GRCh38,CCCTAGCTCCCGTGTC-1
GRCh38,CCCTAGCTCCCTATTA-1
GRCh38,CCCTAGCTCCGACTCC-1
GRCh38,CCCTAGCTCCGGAAAG-1
GRCh38,CCCTAGCTCCTCAGCC-1
GRCh38,CCCTAGCTCCTCGCTA-1
GRCh38,CCCTAGCTCGGGCTTG-1
GRCh38,CCCTAGCTCGGTCAAC-1
GRCh38,CCCTAGCTCGTAAATC-1
GRCh38,CCCTAGCTCGTCAACA-1
GRCh38,CCCTAGCTCGTCTTCG-1
GRCh38,CCCTAGCTCGTGACTA-1
GRCh38,CCCTAGGAGAACCATT-1
GRCh38,CCCTAGGAGACTGCGT-1
GRCh38,CCCTAGGAGAGGTACG-1
GRCh38,CCCTAGGAGATATACC-1
GRCh38,CCCTAGGAGCCATTTC-1
GRCh38,CCCTAGGAGCCGGATT-1
GRCh38,CCCTAGGAGCTGTAAT-1
GRCh38,CCCTAGGAGGCATCAC-1
GRCh38,CCCTAGGAGGGATTAA-1
GRCh38,CCCTAGTGTAGCTTGG-1
GRCh38,CCCTAGTGTAGGTATC-1
GRCh38,CCCTAGTGTCACACCT-1
GRCh38,CCCTAGTGTCACGAAT-1
GRCh38,CCCTAGTGTCACTTTG-1
GRCh38,CCCTAGTGTCCAAGAT-1
GRCh38,CCCTAGTGTCGGATAT-1
GRCh38,CCCTAGTGTGCATCAG-1
GRCh38,CCCTAGTGTGCTATAA-1
GRCh38,CCCTAGTGTGTCCCAT-1
GRCh38,CCCTAGTGTGTGCCTT-1
GRCh38,CCCTATCCAAAGCATG-1
GRCh38,CCCTATCCAACTAACC-1
GRCh38,CCCTATCCAAGAGGTC-1
GRCh38,CCCTATCCAAGGCTCC-1
GRCh38,CCCTATCCAATCGAAG-1
GRCh38,CCCTATCCACCAAGGG-1
GRCh38,CCCTATCCACCTTACC-1
GRCh38,CCCTATCCACGCAACC-1
GRCh38,CCCTATCCACGGGTCT-1
GRCh38,CCCTATCCAGGTGCGA-1
GRCh38,CCCTATGTCATTAACA-1
GRCh38,CCCTATGTCCAATGCA-1
GRCh38,CCCTATGTCCAATGTG-1
GRCh38,CCCTATGTCCAGCCCT-1
GRCh38,CCCTATGTCCCGGCTT-1
GRCh38,CCCTATGTCGCCTACC-1
GRCh38,CCCTATGTCGCTCATT-1
GRCh38,CCCTATGTCGGTCAGT-1
GRCh38,CCCTATGTCGTGGCCA-1
GRCh38,CCCTCATCAACTCCGA-1
GRCh38,CCCTCATCAATCAGCT-1
GRCh38,CCCTCATCAATCATGC-1
GRCh38,CCCTCATCACAAGACA-1
GRCh38,CCCTCATCACGATGTT-1
GRCh38,CCCTCATCACTATAGC-1
GRCh38,CCCTCATCAGCGGACA-1
GRCh38,CCCTCATCAGCTACCA-1
GRCh38,CCCTCATCAGCTGTAT-1
GRCh38,CCCTCATCAGCTTACG-1
GRCh38,CCCTCATCAGGAAAGG-1
GRCh38,CCCTCATCAGGCGCAA-1
GRCh38,CCCTCATCAGTGCTCA-1
GRCh38,CCCTCATCAGTGTAAG-1
GRCh38,CCCTCATCAGTGTGGG-1
GRCh38,CCCTCTCGTAACTAGC-1
GRCh38,CCCTCTCGTAGCATCG-1
GRCh38,CCCTCTCGTAGTCTGG-1
GRCh38,CCCTCTCGTATACGTA-1
GRCh38,CCCTCTCGTATATCCT-1
GRCh38,CCCTCTCGTATCGCGA-1
GRCh38,CCCTCTCGTATGATGC-1
GRCh38,CCCTCTCGTATTGCTT-1
GRCh38,CCCTCTCGTCAGCATG-1
GRCh38,CCCTCTCGTCCAGCTT-1
GRCh38,CCCTCTCGTGCGGTTA-1
GRCh38,CCCTCTCGTGGCTAAT-1
GRCh38,CCCTCTCGTGTATCCC-1
GRCh38,CCCTCTCGTGTCACGA-1
GRCh38,CCCTCTCGTGTCTAGG-1
GRCh38,CCCTGAACAACGGGAT-1
GRCh38,CCCTGAACAACGTCGC-1
GRCh38,CCCTGAACACATAGAG-1
GRCh38,CCCTGAACACCTAGCA-1
GRCh38,CCCTGAACACGACACC-1
GRCh38,CCCTGAACACTCGCAA-1
GRCh38,CCCTGAACACTCGGAC-1
GRCh38,CCCTGATGTAACCGCA-1
GRCh38,CCCTGATGTAATCTCT-1
GRCh38,CCCTGATGTACGTCAG-1
GRCh38,CCCTGATGTACTAATG-1
GRCh38,CCCTGATGTAGACGGG-1
GRCh38,CCCTGATGTAGAGATG-1
GRCh38,CCCTGATGTAGTGTAC-1
GRCh38,CCCTGATGTATAAGGG-1
GRCh38,CCCTGATGTCGGGTTA-1
GRCh38,CCCTGATGTCTGCAAG-1
GRCh38,CCCTGATGTGCCCCTA-1
GRCh38,CCCTGATGTGCTATGG-1
GRCh38,CCCTGATGTGCTTAGG-1
GRCh38,CCCTGATGTGGAATGA-1
GRCh38,CCCTGATGTGTACGTG-1
GRCh38,CCCTGGAAGAGGTTAA-1
GRCh38,CCCTGGAAGATCTTCC-1
GRCh38,CCCTGGAAGCACCACG-1
GRCh38,CCCTGGAAGCACGGAA-1
GRCh38,CCCTGGAAGCCGCTAG-1
GRCh38,CCCTGGAAGCGCCTAG-1
GRCh38,CCCTGTGGTAAGGTCT-1
GRCh38,CCCTGTGGTAATACTG-1
GRCh38,CCCTGTGGTACGCCGG-1
GRCh38,CCCTGTGGTATTGTCT-1
GRCh38,CCCTGTGGTCACATGG-1
GRCh38,CCCTGTGGTCAGGGTC-1
GRCh38,CCCTGTGGTCATCTCA-1
GRCh38,CCCTGTGGTGGAGCTC-1
GRCh38,CCCTGTGGTGGAGTGG-1
GRCh38,CCCTGTGGTGTTCGAG-1
GRCh38,CCCTGTGGTGTTCGTC-1
GRCh38,CCCTTACCAAACTACC-1
GRCh38,CCCTTACCAAATTTCG-1
GRCh38,CCCTTACCAACGTTTA-1
GRCh38,CCCTTACCAATCAGCT-1
GRCh38,CCCTTACCAATTATCG-1
GRCh38,CCCTTACCACAACGCC-1
GRCh38,CCCTTACCACAGTTCG-1
GRCh38,CCCTTACCACCTACTC-1
GRCh38,CCCTTACCACGCGCAT-1
GRCh38,CCCTTACCACTACGCA-1
GRCh38,CCCTTAGTCAGCCTCC-1
GRCh38,CCCTTAGTCAGTGGTC-1
GRCh38,CCCTTAGTCCCGCACT-1
GRCh38,CCCTTAGTCCTCTCGA-1
GRCh38,CCCTTAGTCGTGCATA-1
GRCh38,CCCTTATAGACGCTGT-1
GRCh38,CCCTTATAGAGGACAT-1
GRCh38,CCCTTATAGAGTTTCG-1
GRCh38,CCCTTATAGATGTGAA-1
GRCh38,CCCTTATAGCACTCAA-1
GRCh38,CCCTTATAGCATAATC-1
GRCh38,CCCTTATAGCTTAAGT-1
GRCh38,CCCTTATAGGTAAGTA-1
GRCh38,CCCTTATAGGTTGGTC-1
GRCh38,CCCTTCGCAAACGGCG-1
GRCh38,CCCTTCGCAAACTCCG-1
GRCh38,CCCTTCGCAAATGACG-1
GRCh38,CCCTTCGCAACAGGAC-1
GRCh38,CCCTTCGCAACCTAAC-1
GRCh38,CCCTTCGCAAGGATCA-1
GRCh38,CCCTTCGCAATACACC-1
GRCh38,CCCTTCGCACTCAATA-1
GRCh38,CCCTTCGCACTGGAGG-1
GRCh38,CCCTTCGCACTGGGCT-1
GRCh38,CCCTTCGCAGCGCTTA-1
GRCh38,CCCTTCGCAGTCTTCC-1
GRCh38,CCCTTGCAGAACATAG-1
GRCh38,CCCTTGCAGACCCGTG-1
GRCh38,CCCTTGCAGACGAAGT-1
GRCh38,CCCTTGCAGAGCGACA-1
GRCh38,CCCTTGCAGAGCGTAG-1
GRCh38,CCCTTGCAGCAAAGTA-1
GRCh38,CCCTTGCAGGCATCGT-1
GRCh38,CCCTTGCAGGCGTTAC-1
GRCh38,CCCTTGCAGGTCCAGT-1
GRCh38,CCCTTGCAGGTCCGCA-1
GRCh38,CCCTTGCAGGTGGGTA-1
GRCh38,CCCTTGCAGGTTGGTC-1
GRCh38,CCCTTGGGTCAGTTAA-1
GRCh38,CCCTTGGGTCCTGTCG-1
GRCh38,CCCTTGGGTGCGTAGC-1
GRCh38,CCCTTGGGTGGGTTAT-1
GRCh38,CCCTTTACAAACCGAA-1
GRCh38,CCCTTTACAAATATCT-1
GRCh38,CCCTTTACAATACACC-1
GRCh38,CCCTTTACACCACTCT-1
GRCh38,CCCTTTACACCCATAG-1
GRCh38,CCCTTTACACTGCGTA-1
GRCh38,CCCTTTACAGCTCTAG-1
GRCh38,CCCTTTGAGAATGGCG-1
GRCh38,CCCTTTGAGACGGAGC-1
GRCh38,CCCTTTGAGCAAGATA-1
GRCh38,CCGAAACTCAACCAAT-1
GRCh38,CCGAAACTCAGGTTCA-1
GRCh38,CCGAAACTCATGCGGT-1
GRCh38,CCGAAACTCCAGTACA-1
GRCh38,CCGAAACTCCCATATC-1
GRCh38,CCGAAACTCCCGCTGT-1
GRCh38,CCGAAACTCCCGTGTC-1
GRCh38,CCGAAACTCCTATCCG-1
GRCh38,CCGAAACTCGCGTATA-1
GRCh38,CCGAAACTCGTTCACT-1
GRCh38,CCGAAACTCGTTGACA-1
GRCh38,CCGAAACTCGTTGGCG-1
GRCh38,CCGAAATGTAACCGTG-1
GRCh38,CCGAAATGTCCACGTT-1
GRCh38,CCGAAATGTCCGGTAA-1
GRCh38,CCGAAATGTGTGCGGT-1
GRCh38,CCGAATATCAACGTTG-1
GRCh38,CCGAATATCAATGTTA-1
GRCh38,CCGAATATCACGCGTG-1
GRCh38,CCGAATATCAGACTGC-1
GRCh38,CCGAATATCAGGGCTT-1
GRCh38,CCGAATATCATATTAG-1
GRCh38,CCGAATATCATTGTAA-1
GRCh38,CCGAATATCCAGCATA-1
GRCh38,CCGAATATCCAGCTAA-1
GRCh38,CCGAATATCCATTGTC-1
GRCh38,CCGAATATCCGGAAAG-1
GRCh38,CCGAATATCCTAGTTC-1
GRCh38,CCGAATATCGGTGTCG-1
GRCh38,CCGAATATCGTATCGA-1
GRCh38,CCGAATATCGTGGCCA-1
GRCh38,CCGAATATCGTTAGCA-1
GRCh38,CCGAATGGTACATAGC-1
GRCh38,CCGAATGGTCAGCAAT-1
GRCh38,CCGAATGGTCGTCTGT-1
GRCh38,CCGAATGGTGCGTATG-1
GRCh38,CCGAATGGTGGTAGCC-1
GRCh38,CCGAATGGTGGTGCGT-1
GRCh38,CCGAATGGTGTAACGT-1
GRCh38,CCGAATTCAAATCTCA-1
GRCh38,CCGAATTCAACAATCC-1
GRCh38,CCGAATTCAATGCGAA-1
GRCh38,CCGAATTCACAGTCAT-1
GRCh38,CCGAATTCACCTAATA-1
GRCh38,CCGAATTCAGCGCATC-1
GRCh38,CCGAATTCAGGCTTCA-1
GRCh38,CCGAATTCAGTACAAG-1
GRCh38,CCGAATTCAGTCATAC-1
GRCh38,CCGACAAGTACAGAAG-1
GRCh38,CCGACAAGTACGGGCT-1
GRCh38,CCGACAAGTATGTACA-1
GRCh38,CCGACAAGTATTCAGA-1
GRCh38,CCGACAAGTCAGGTGC-1
GRCh38,CCGACAAGTCATACGG-1
GRCh38,CCGACAAGTCATCTCA-1
GRCh38,CCGACAAGTCCTTGCG-1
GRCh38,CCGACAAGTGGTGCCG-1
GRCh38,CCGACACCAAAAGGGG-1
GRCh38,CCGACACCAAAATCCC-1
GRCh38,CCGACACCAAAGCTAG-1
GRCh38,CCGACACCAAGTAAAC-1
GRCh38,CCGACACCAATGCGGG-1
GRCh38,CCGACACCACAACCCA-1
GRCh38,CCGACACCACATCAGT-1
GRCh38,CCGACACCACTAACCG-1
GRCh38,CCGACACCACTTATAG-1
GRCh38,CCGACACCACTTCATT-1
GRCh38,CCGACACCAGGAAGGA-1
GRCh38,CCGACACCAGTAGCCC-1
GRCh38,CCGACATAGAGGACGC-1
GRCh38,CCGACATAGATAGGGT-1
GRCh38,CCGACATAGATGCCCG-1
GRCh38,CCGACATAGCCAGAGA-1
GRCh38,CCGACATAGCCTGTGG-1
GRCh38,CCGACATAGCTACGAC-1
GRCh38,CCGACATAGCTATCGA-1
GRCh38,CCGACATAGGCTCGAT-1
GRCh38,CCGACATAGGTATTCG-1
GRCh38,CCGACTACAATCGAAG-1
GRCh38,CCGACTACACAAGCGG-1
GRCh38,CCGACTACACAGGACG-1
GRCh38,CCGACTACACAGTTTA-1
GRCh38,CCGACTACACCAGGGA-1
GRCh38,CCGACTACAGCAATAG-1
GRCh38,CCGACTACAGCCATAT-1
GRCh38,CCGACTCTCAAAGGTA-1
GRCh38,CCGACTCTCAGACACC-1
GRCh38,CCGACTCTCAGTCAAT-1
GRCh38,CCGACTCTCATACCTC-1
GRCh38,CCGACTCTCATGGTGC-1
GRCh38,CCGACTCTCCATTACC-1
GRCh38,CCGACTCTCCCTAGGG-1
GRCh38,CCGACTCTCCGTCGTC-1
GRCh38,CCGACTCTCGGTTGTA-1
GRCh38,CCGATACAGAACCCAC-1
GRCh38,CCGATACAGAGCCCAT-1
GRCh38,CCGATACAGATCACAT-1
GRCh38,CCGATACAGATCGATT-1
GRCh38,CCGATACAGCCATATG-1
GRCh38,CCGATACAGCCTCGTC-1
GRCh38,CCGATACAGCCTTAAG-1
GRCh38,CCGATACAGCGATTTG-1
GRCh38,CCGATACAGCGTAGAG-1
GRCh38,CCGATACAGCTAGCCG-1
GRCh38,CCGATACAGGGAGTAT-1
GRCh38,CCGATACAGGGTTTCA-1
GRCh38,CCGATAGGTACTACGG-1
GRCh38,CCGATAGGTATGAAGG-1
GRCh38,CCGATAGGTCACCGTT-1
GRCh38,CCGATAGGTCCGAAAT-1
GRCh38,CCGATAGGTCGTTCTA-1
GRCh38,CCGATAGGTGGCCTGG-1
GRCh38,CCGATAGGTGGTTATA-1
GRCh38,CCGATAGGTGTAAGTC-1
GRCh38,CCGATAGGTGTCTCCG-1
GRCh38,CCGATTAAGAACACCC-1
GRCh38,CCGATTAAGAACTAAG-1
GRCh38,CCGATTAAGAGTGATA-1
GRCh38,CCGATTAAGAGTGGGC-1
GRCh38,CCGATTAAGCACTGTA-1
GRCh38,CCGATTAAGCAGCCCA-1
GRCh38,CCGATTAAGCGGCCTA-1
GRCh38,CCGATTAAGCTCCGGA-1
GRCh38,CCGATTAAGGTCACGT-1
GRCh38,CCGATTAAGGTCTGTA-1
GRCh38,CCGCAATAGAACTAGA-1
GRCh38,CCGCAATAGAAGGTGT-1
GRCh38,CCGCAATAGATTCGTG-1
GRCh38,CCGCAATAGCAAAGGT-1
GRCh38,CCGCAATAGCCCTTAT-1
GRCh38,CCGCAATAGCCGTCAG-1
GRCh38,CCGCAATAGGCTGGTT-1
GRCh38,CCGCAATAGGCTGTCG-1
GRCh38,CCGCAATAGGGGTAAT-1
GRCh38,CCGCACAAGAATGACA-1
GRCh38,CCGCACAAGAATGGGT-1
GRCh38,CCGCACAAGAGAAGCT-1
GRCh38,CCGCACAAGCCTTGCC-1
GRCh38,CCGCACAAGCGCTTGG-1
GRCh38,CCGCACAAGCTAGATT-1
GRCh38,CCGCACAAGCTGCATA-1
GRCh38,CCGCACAAGGCCATAC-1
GRCh38,CCGCACAAGGTAGTTT-1
GRCh38,CCGCACTTCAATTCCC-1
GRCh38,CCGCACTTCACGCAAC-1
GRCh38,CCGCACTTCATACGCA-1
GRCh38,CCGCACTTCATCTCCG-1
GRCh38,CCGCACTTCATTAAGC-1
GRCh38,CCGCACTTCCAACAGC-1
GRCh38,CCGCACTTCCAAGCTA-1
GRCh38,CCGCACTTCCAATTAA-1
GRCh38,CCGCACTTCCATGCTT-1
GRCh38,CCGCACTTCCCTTTGG-1
GRCh38,CCGCACTTCGGCGAAA-1
GRCh38,CCGCACTTCGGCTTGG-1
GRCh38,CCGCAGTCAAACACCT-1
GRCh38,CCGCAGTCAACAACAG-1
GRCh38,CCGCAGTCAAGGGTTA-1
GRCh38,CCGCAGTCAATATTCG-1
GRCh38,CCGCAGTCAATCGCAT-1
GRCh38,CCGCAGTCACCATCGA-1
GRCh38,CCGCAGTCACGGTGCT-1
GRCh38,CCGCAGTCACTATCCC-1
GRCh38,CCGCAGTCACTGTACG-1
GRCh38,CCGCAGTCAGCAAGAC-1
GRCh38,CCGCAGTCAGCGCTAC-1
GRCh38,CCGCAGTCAGGCGTAG-1
GRCh38,CCGCAGTCAGTGAGGT-1
GRCh38,CCGCATACAAAGCCAA-1
GRCh38,CCGCATACAAGGTTTC-1
GRCh38,CCGCATACACTAAAGG-1
GRCh38,CCGCATACACTCTCCG-1
GRCh38,CCGCATCTCAAGTCCA-1
GRCh38,CCGCATCTCAAGTTCG-1
GRCh38,CCGCATCTCAATGTGT-1
GRCh38,CCGCATCTCACACACA-1
GRCh38,CCGCATCTCCACTCCA-1
GRCh38,CCGCATCTCCTAGCAA-1
GRCh38,CCGCATCTCCTCCAAT-1
GRCh38,CCGCATCTCCTGACAA-1
GRCh38,CCGCATCTCCTGGCTC-1
GRCh38,CCGCATCTCGCTTCTG-1
GRCh38,CCGCATCTCGGTACTA-1
GRCh38,CCGCATCTCGTGCGTG-1
GRCh38,CCGCATTGTAGCGTCA-1
GRCh38,CCGCATTGTAGGCCCG-1
GRCh38,CCGCATTGTAGGCGGA-1
GRCh38,CCGCATTGTAGGCTCA-1
GRCh38,CCGCATTGTAGGTATC-1
GRCh38,CCGCATTGTCAATTAG-1
GRCh38,CCGCATTGTCAGGTGC-1
GRCh38,CCGCATTGTCGCTAAG-1
GRCh38,CCGCATTGTGCCTTCG-1
GRCh38,CCGCATTGTGGTGCCG-1
GRCh38,CCGCATTGTGTCGTCT-1
GRCh38,CCGCCAAAGAAGTAGC-1
GRCh38,CCGCCAAAGATCCTGA-1
GRCh38,CCGCCAAAGCCCATTT-1
GRCh38,CCGCCAAAGCCGATAC-1
GRCh38,CCGCCAAAGCGTAGCT-1
GRCh38,CCGCCAAAGCTAAGGG-1
GRCh38,CCGCCAAAGGCCATTA-1
GRCh38,CCGCCAAAGGCTGTCG-1
GRCh38,CCGCCAAAGGGAATCG-1
GRCh38,CCGCCATTCACTCCCA-1
GRCh38,CCGCCATTCAGCAGTC-1
GRCh38,CCGCCATTCATCTCAC-1
GRCh38,CCGCCATTCCAAATCG-1
GRCh38,CCGCCATTCCCCACTA-1
GRCh38,CCGCCATTCCGCACTC-1
GRCh38,CCGCCATTCCGCGGTA-1
GRCh38,CCGCCATTCCTCCAGC-1
GRCh38,CCGCCGTGTAACATGC-1
GRCh38,CCGCCGTGTACCACGA-1
GRCh38,CCGCCGTGTGCGCGAT-1
GRCh38,CCGCCGTGTGGGTTGC-1
GRCh38,CCGCCTAGTAAAGCTC-1
GRCh38,CCGCCTAGTAACTTTC-1
GRCh38,CCGCCTAGTACTGCAG-1
GRCh38,CCGCCTAGTATCTCAT-1
GRCh38,CCGCCTAGTCATGGGC-1
GRCh38,CCGCCTAGTCCGCTTG-1
GRCh38,CCGCCTAGTCGAAGCC-1
GRCh38,CCGCCTAGTCGCCCGT-1
GRCh38,CCGCCTAGTCGCTTCG-1
GRCh38,CCGCCTAGTCTAATTC-1
GRCh38,CCGCCTAGTCTGTTGC-1
GRCh38,CCGCCTAGTGCGGTTA-1
GRCh38,CCGCCTAGTGGAGCAG-1
GRCh38,CCGCGTAAGATAACAG-1
GRCh38,CCGCGTAAGCCACGAT-1
GRCh38,CCGCGTAAGCCAGAGA-1
GRCh38,CCGCGTAAGCCATCGG-1
GRCh38,CCGCGTAAGCGAAACG-1
GRCh38,CCGCGTAAGCTCGTTT-1
GRCh38,CCGCGTAAGGTAAGAC-1
GRCh38,CCGCGTAAGGTCGGAA-1
GRCh38,CCGCGTTTCAAGCAAA-1
GRCh38,CCGCGTTTCACACACA-1
GRCh38,CCGCGTTTCACATTCC-1
GRCh38,CCGCGTTTCACCCTGC-1
GRCh38,CCGCGTTTCAGCAGTC-1
GRCh38,CCGCGTTTCATCCTAC-1
GRCh38,CCGCGTTTCCACACCC-1
GRCh38,CCGCGTTTCCAGTAGC-1
GRCh38,CCGCGTTTCCATGGCG-1
GRCh38,CCGCGTTTCCCACGCT-1
GRCh38,CCGCGTTTCCGGTGCA-1
GRCh38,CCGCGTTTCCGTATAG-1
GRCh38,CCGCGTTTCGCTTTCG-1
GRCh38,CCGCGTTTCGGAAGCA-1
GRCh38,CCGCGTTTCGGATCCG-1
GRCh38,CCGCGTTTCGGGTTCG-1
GRCh38,CCGCGTTTCGGTACTA-1
GRCh38,CCGCTAACAAATCCCG-1
GRCh38,CCGCTAACACAGTTTA-1
GRCh38,CCGCTAACACTTAAAT-1
GRCh38,CCGCTAACAGTGAAAT-1
GRCh38,CCGCTAACAGTGGGAT-1
GRCh38,CCGCTAACAGTTGAAG-1
GRCh38,CCGCTAACAGTTGGTT-1
GRCh38,CCGCTAGAGAAACGGT-1
GRCh38,CCGCTAGAGACATATC-1
GRCh38,CCGCTAGAGAGGGTAT-1
GRCh38,CCGCTAGAGATCCTAG-1
GRCh38,CCGCTAGAGATGAGGT-1
GRCh38,CCGCTAGAGCGAACGA-1
GRCh38,CCGCTAGAGCTGTTGA-1
GRCh38,CCGCTAGAGCTTAGTG-1
GRCh38,CCGCTAGAGGGGATTG-1
GRCh38,CCGCTAGAGGTATGGG-1
GRCh38,CCGCTAGAGGTGATTT-1
GRCh38,CCGCTAGAGGTTCTAG-1
GRCh38,CCGCTATGTAGGCATT-1
GRCh38,CCGCTATGTAGTCTCC-1
GRCh38,CCGCTATGTATAGGAG-1
GRCh38,CCGCTATGTATGCCAG-1
GRCh38,CCGCTATGTATGCCGA-1
GRCh38,CCGCTATGTCAGGTGC-1
GRCh38,CCGCTATGTCTAAATG-1
GRCh38,CCGCTATGTCTCGTCG-1
GRCh38,CCGCTATGTGCCCCGT-1
GRCh38,CCGCTATGTGGAGCTC-1
GRCh38,CCGCTGAAGACCAATT-1
GRCh38,CCGCTGAAGACCTGTA-1
GRCh38,CCGCTGAAGACGATGG-1
GRCh38,CCGCTGAAGATCGCGT-1
GRCh38,CCGCTGAAGCCGCTAG-1
GRCh38,CCGCTGAAGCCGTTAA-1
GRCh38,CCGCTGAAGCGGCTTG-1
GRCh38,CCGCTGAAGCTAATAC-1
GRCh38,CCGCTGAAGGCACCAT-1
GRCh38,CCGCTGAAGGCCACAT-1
GRCh38,CCGCTGAAGGGACACA-1
GRCh38,CCGCTGAAGGGGTTGA-1
GRCh38,CCGCTGTTCAAGCTTG-1
GRCh38,CCGCTGTTCAATCTGG-1
GRCh38,CCGCTGTTCACAACCA-1
GRCh38,CCGCTGTTCACGGTGT-1
GRCh38,CCGCTGTTCATCCGTT-1
GRCh38,CCGCTGTTCCAGCTAA-1
GRCh38,CCGCTGTTCCTCACGC-1
GRCh38,CCGCTGTTCGCAGTAC-1
GRCh38,CCGCTGTTCGCTTATC-1
GRCh38,CCGCTGTTCGGGTTCG-1
GRCh38,CCGCTGTTCGTAGCTA-1
GRCh38,CCGCTTATCAAGTCGC-1
GRCh38,CCGCTTATCACGGTGT-1
GRCh38,CCGCTTATCAGTGATT-1
GRCh38,CCGCTTATCATCGGAC-1
GRCh38,CCGCTTATCCAGGTGT-1
GRCh38,CCGCTTATCCAGTCCC-1
GRCh38,CCGCTTATCCCTTTGG-1
GRCh38,CCGCTTATCCTCTCGA-1
GRCh38,CCGCTTATCGTAACTG-1
GRCh38,CCGCTTGGTAACTTCT-1
GRCh38,CCGCTTGGTACCTATT-1
GRCh38,CCGCTTGGTCATGCAG-1
GRCh38,CCGCTTGGTCTTAGGG-1
GRCh38,CCGCTTGGTCTTGGTC-1
GRCh38,CCGCTTGGTGCATAGT-1
GRCh38,CCGCTTGGTGCCTCTG-1
GRCh38,CCGCTTGGTGCGAATT-1
GRCh38,CCGCTTGGTGGAATTC-1
GRCh38,CCGCTTGGTGGCGTTA-1
GRCh38,CCGCTTGGTGGTATGT-1
GRCh38,CCGCTTGGTGTGAAAG-1
GRCh38,CCGGAAGCAAAGTTCC-1
GRCh38,CCGGAAGCAAGTGTTC-1
GRCh38,CCGGAAGCAATACGTC-1
GRCh38,CCGGAAGCACAACAGA-1
GRCh38,CCGGACTCAAGGGCAT-1
GRCh38,CCGGACTCAATCTGAC-1
GRCh38,CCGGACTCAATTAATC-1
GRCh38,CCGGACTCACGCCTAA-1
GRCh38,CCGGACTCAGGAACTA-1
GRCh38,CCGGACTCAGGCAATA-1
GRCh38,CCGGATTAGAACAGAC-1
GRCh38,CCGGATTAGACACCGT-1
GRCh38,CCGGATTAGACTGTTG-1
GRCh38,CCGGATTAGAGCTTAT-1
GRCh38,CCGGATTAGAGGACCA-1
GRCh38,CCGGATTAGATCCGAC-1
GRCh38,CCGGATTAGCCGCAAT-1
GRCh38,CCGGATTAGCGGATAG-1
GRCh38,CCGGATTAGCTAATCG-1
GRCh38,CCGGATTAGGGATAGT-1
GRCh38,CCGGATTAGGGCTTCG-1
GRCh38,CCGGATTAGGTAGGGC-1
GRCh38,CCGGCAATCAACTCCT-1
GRCh38,CCGGCAATCACAGCGT-1
GRCh38,CCGGCAATCATCCCCA-1
GRCh38,CCGGCAATCATTATCT-1
GRCh38,CCGGCAATCGCTTCAT-1
GRCh38,CCGGCAATCGGATCAC-1
GRCh38,CCGGCAATCGTCTTAC-1
GRCh38,CCGGCCTGTACCACAG-1
GRCh38,CCGGCCTGTACTTATC-1
GRCh38,CCGGCCTGTAGGATAG-1
GRCh38,CCGGCCTGTCCAGTTC-1
GRCh38,CCGGCCTGTCGGCTGG-1
GRCh38,CCGGCCTGTGGAACCC-1
GRCh38,CCGGCCTGTGGTGTGC-1
GRCh38,CCGGCTTTCAACGGCT-1
GRCh38,CCGGCTTTCCTTGTCG-1
GRCh38,CCGGGTATCAGTTGGC-1
GRCh38,CCGGGTATCATCACTC-1
GRCh38,CCGGGTATCATCCCCA-1
GRCh38,CCGGGTATCATTACAA-1
GRCh38,CCGGGTATCCAGTATG-1
GRCh38,CCGGGTATCCATAGCA-1
GRCh38,CCGGGTATCCGATAAT-1
GRCh38,CCGGGTATCCTGCTAT-1
GRCh38,CCGGGTATCGCAACTA-1
GRCh38,CCGGGTATCGGCAATC-1
GRCh38,CCGGGTATCGTCCAAA-1
GRCh38,CCGGTAAGTACGGATT-1
GRCh38,CCGGTAAGTATGTACA-1
GRCh38,CCGGTAAGTCAGCGGT-1
GRCh38,CCGGTAAGTCGATCAG-1
GRCh38,CCGGTAAGTCGGTTAG-1
GRCh38,CCGGTAAGTGCTCTTA-1
GRCh38,CCGGTAAGTGGGGATG-1
GRCh38,CCGGTATAGAACCCCG-1
GRCh38,CCGGTATAGACCATGC-1
GRCh38,CCGGTATAGATATTGC-1
GRCh38,CCGGTATAGATGTGTT-1
GRCh38,CCGGTATAGCACCAAC-1
GRCh38,CCGGTATAGCCGTAAC-1
GRCh38,CCGGTATAGCTGTGGT-1
GRCh38,CCGGTATAGGCAATCC-1
GRCh38,CCGGTTACAAACTCCG-1
GRCh38,CCGGTTACAAAGCTCT-1
GRCh38,CCGGTTACAAATCACC-1
GRCh38,CCGGTTACAACTAACC-1
GRCh38,CCGGTTACAATCGTAC-1
GRCh38,CCGGTTACACTCGGGT-1
GRCh38,CCGGTTACAGCGTCTA-1
GRCh38,CCGGTTACAGTCGGTC-1
GRCh38,CCGGTTACAGTCTTAA-1
GRCh38,CCGGTTCTCACAGGCT-1
GRCh38,CCGGTTCTCACTAAAC-1
GRCh38,CCGGTTCTCCTCAGCC-1
GRCh38,CCGGTTCTCGGTCGCA-1
GRCh38,CCGTAAATCAGGCTCG-1
GRCh38,CCGTAAATCAGTCATG-1
GRCh38,CCGTAAATCATCAATA-1
GRCh38,CCGTAAATCATCGGCG-1
GRCh38,CCGTAAATCATGTCCT-1
GRCh38,CCGTAAATCCCGACTC-1
GRCh38,CCGTAAATCCTACAAG-1
GRCh38,CCGTAAATCCTAGTTC-1
GRCh38,CCGTAAATCGGACCCA-1
GRCh38,CCGTAAATCGTGCTAA-1
GRCh38,CCGTAACAGAACAGAC-1
GRCh38,CCGTAACAGAGGACAT-1
GRCh38,CCGTAACAGATAAGTG-1
GRCh38,CCGTAACAGCCGCGTA-1
GRCh38,CCGTAACAGCGCGTAT-1
GRCh38,CCGTAACAGGTACGTC-1
GRCh38,CCGTAAGGTAAATCCA-1
GRCh38,CCGTAAGGTACGTCTC-1
GRCh38,CCGTAAGGTACTAAGC-1
GRCh38,CCGTAAGGTACTCATT-1
GRCh38,CCGTAAGGTAGGCGCT-1
GRCh38,CCGTAAGGTATACAGC-1
GRCh38,CCGTAAGGTATCTTCG-1
GRCh38,CCGTAAGGTCGAGGAG-1
GRCh38,CCGTAAGGTCGGTTAG-1
GRCh38,CCGTAAGGTGTCCGCC-1
GRCh38,CCGTAATCAAAACTAA-1
GRCh38,CCGTAATCAAAGCCAA-1
GRCh38,CCGTAATCAACACGCC-1
GRCh38,CCGTAATCAACGTACT-1
GRCh38,CCGTAATCAATGCTTA-1
GRCh38,CCGTAATCAATGGACA-1
GRCh38,CCGTAATCAATTCATG-1
GRCh38,CCGTAATCACATAGAG-1
GRCh38,CCGTAATCACCACAAT-1
GRCh38,CCGTAATCACGACACC-1
GRCh38,CCGTAATCACTCCATC-1
GRCh38,CCGTAATCAGTAAACG-1
GRCh38,CCGTACACAAGACGAC-1
GRCh38,CCGTACACAAGGCCGA-1
GRCh38,CCGTACACACAACGCC-1
GRCh38,CCGTACACACTGGGCT-1
GRCh38,CCGTACACAGCAACTT-1
GRCh38,CCGTACACAGCCTGAC-1
GRCh38,CCGTACACAGCGATAA-1
GRCh38,CCGTAGTAGAACACCC-1
GRCh38,CCGTAGTAGACCTACA-1
GRCh38,CCGTAGTAGACGCTGT-1
GRCh38,CCGTAGTAGAGCGGAC-1
GRCh38,CCGTAGTAGAGTGCAG-1
GRCh38,CCGTAGTAGATCCGTA-1
GRCh38,CCGTAGTAGCAATTCG-1
GRCh38,CCGTAGTAGCACCGCA-1
GRCh38,CCGTAGTAGCGTGTCG-1
GRCh38,CCGTAGTAGCTACTTC-1
GRCh38,CCGTAGTAGGGACGTA-1
GRCh38,CCGTAGTAGGTCATCA-1
GRCh38,CCGTATAAGAACTCAT-1
GRCh38,CCGTATAAGACTATGT-1
GRCh38,CCGTATAAGAGAGTTA-1
GRCh38,CCGTATAAGCAAGTTT-1
GRCh38,CCGTATAAGCACCACG-1
GRCh38,CCGTATAAGCCATGGT-1
GRCh38,CCGTATAAGCGTTGGT-1
GRCh38,CCGTATAAGCTAGTCA-1
GRCh38,CCGTATAAGGCTACCG-1
GRCh38,CCGTATAAGGCTCGAT-1
GRCh38,CCGTATAAGGCTTGTA-1
GRCh38,CCGTATAAGGTTGGAG-1
GRCh38,CCGTCAACAAAGCTTC-1
GRCh38,CCGTCAACAACTATCA-1
GRCh38,CCGTCAACAACTTTAG-1
GRCh38,CCGTCAACACAATGTC-1
GRCh38,CCGTCAACACCCAAGC-1
GRCh38,CCGTCAACACCGAATT-1
GRCh38,CCGTCAACACCTAGCA-1
GRCh38,CCGTCAACACCTGACA-1
GRCh38,CCGTCAACACTTCTCA-1
GRCh38,CCGTCAACAGGGCTAG-1
GRCh38,CCGTCAACAGGGTTAA-1
GRCh38,CCGTCAACAGTCTAAC-1
GRCh38,CCGTCAGAGCATTTGG-1
GRCh38,CCGTCAGAGGCGGTAA-1
GRCh38,CCGTCAGAGGCTAACC-1
GRCh38,CCGTCAGAGGTAGCTC-1
GRCh38,CCGTCCAGTACAGCGC-1
GRCh38,CCGTCCAGTACATTTC-1
GRCh38,CCGTCCAGTAGCGGGA-1
GRCh38,CCGTCCAGTAGTATTG-1
GRCh38,CCGTCCAGTCATACGG-1
GRCh38,CCGTCGAAGAAGCTGG-1
GRCh38,CCGTCGAAGACAATGA-1
GRCh38,CCGTCGAAGCCAGGTT-1
GRCh38,CCGTCGAAGCCATCGG-1
GRCh38,CCGTCGAAGCTGTAAT-1
GRCh38,CCGTCGAAGGCATGGA-1
GRCh38,CCGTCGAAGGGGCTTT-1
GRCh38,CCGTCGAAGGTCCGAT-1
GRCh38,CCGTCGCGTAACCGTG-1
GRCh38,CCGTCGCGTATCCGCT-1
GRCh38,CCGTCGCGTATGGTTA-1
GRCh38,CCGTCGCGTATGTCGG-1
GRCh38,CCGTCGCGTCAGTGCA-1
GRCh38,CCGTCGCGTGCGTAGC-1
GRCh38,CCGTCGCGTGCTCGGG-1
GRCh38,CCGTCTATCAACGTTG-1
GRCh38,CCGTCTATCAATATGC-1
GRCh38,CCGTCTATCAATGTAC-1
GRCh38,CCGTCTATCACTCTGT-1
GRCh38,CCGTCTATCAGACGCT-1
GRCh38,CCGTCTATCAGTGGTC-1
GRCh38,CCGTCTATCAGTTGGC-1
GRCh38,CCGTCTATCCCCAACC-1
GRCh38,CCGTCTATCCCGCTGT-1
GRCh38,CCGTCTATCGGCCATG-1
GRCh38,CCGTCTATCGGCCCTT-1
GRCh38,CCGTCTGGTACTCAGG-1
GRCh38,CCGTCTGGTACTGTGG-1
GRCh38,CCGTCTGGTAGGACCC-1
GRCh38,CCGTCTGGTCCAACTC-1
GRCh38,CCGTCTGGTCGCTCGC-1
GRCh38,CCGTCTGGTGCATTCC-1
GRCh38,CCGTCTGGTGGATATC-1
GRCh38,CCGTCTGGTGGCTTTC-1
GRCh38,CCGTCTGGTGGTTTCC-1
GRCh38,CCGTCTGGTGTAGGTT-1
GRCh38,CCGTGATAGAACGGCA-1
GRCh38,CCGTGATAGAACTGAA-1
GRCh38,CCGTGATAGCCATGAC-1
GRCh38,CCGTGATAGCGTTAGC-1
GRCh38,CCGTGATAGGCATACC-1
GRCh38,CCGTGATAGGGAAGCC-1
GRCh38,CCGTGTCTCACCTTAC-1
GRCh38,CCGTGTCTCACGTAAT-1
GRCh38,CCGTGTCTCACTCTCG-1
GRCh38,CCGTGTCTCACTTCTA-1
GRCh38,CCGTGTCTCAGCCTCC-1
GRCh38,CCGTGTCTCAGGCCAT-1
GRCh38,CCGTGTCTCATGTGGC-1
GRCh38,CCGTGTCTCCACGAGT-1
GRCh38,CCGTGTCTCCAGGTGT-1
GRCh38,CCGTGTCTCCGGTGCA-1
GRCh38,CCGTGTCTCCGTATAG-1
GRCh38,CCGTGTCTCCGTATCT-1
GRCh38,CCGTGTCTCCTGGTCC-1
GRCh38,CCGTGTCTCGGCGATT-1
GRCh38,CCGTGTCTCGGTTCGG-1
GRCh38,CCGTGTCTCGTTCGGG-1
GRCh38,CCGTGTTGTAAGTCTA-1
GRCh38,CCGTGTTGTATCCCTA-1
GRCh38,CCGTGTTGTCAACCTC-1
GRCh38,CCGTGTTGTCACGCTT-1
GRCh38,CCGTGTTGTCAGGCCG-1
GRCh38,CCGTGTTGTCATACTT-1
GRCh38,CCGTGTTGTGGCTAAT-1
GRCh38,CCGTGTTGTGGGTTCA-1
GRCh38,CCGTGTTGTGTGAAAG-1
GRCh38,CCGTGTTGTGTGTAGT-1
GRCh38,CCGTTAAAGAACGGCA-1
GRCh38,CCGTTAAAGAAGCGAT-1
GRCh38,CCGTTAAAGAAGGCTG-1
GRCh38,CCGTTAAAGAAGGTGT-1
GRCh38,CCGTTAAAGAGGCGGT-1
GRCh38,CCGTTAAAGAGGCTGA-1
GRCh38,CCGTTAAAGCACTAGC-1
GRCh38,CCGTTAAAGCCAGGTT-1
GRCh38,CCGTTAAAGCCCAAGT-1
GRCh38,CCGTTAAAGCCTCTTG-1
GRCh38,CCGTTAAAGCCTGTGG-1
GRCh38,CCGTTAAAGCGAAGAT-1
GRCh38,CCGTTAAAGCGATTAT-1
GRCh38,CCGTTAAAGCGTGAAG-1
GRCh38,CCGTTAAAGCTCGTTT-1
GRCh38,CCGTTAAAGGCTGGTT-1
GRCh38,CCGTTAAAGGGCCATT-1
GRCh38,CCGTTAAAGGTATGGG-1
GRCh38,CCGTTAGCAAAATCAA-1
GRCh38,CCGTTAGCAAAGCGTA-1
GRCh38,CCGTTAGCAAATCACC-1
GRCh38,CCGTTAGCAATAAGAC-1
GRCh38,CCGTTAGCAATGACGA-1
GRCh38,CCGTTAGCACCAGACC-1
GRCh38,CCGTTAGCACTGAAAG-1
GRCh38,CCGTTAGCAGCATGCC-1
GRCh38,CCGTTGGAGACCTGTA-1
GRCh38,CCGTTGGAGAGCCGAA-1
GRCh38,CCGTTGGAGATAGCGG-1
GRCh38,CCGTTGGAGCGAAACG-1
GRCh38,CCGTTGGAGCGAGTAG-1
GRCh38,CCGTTGGAGCTGATTG-1
GRCh38,CCGTTGGAGCTGCGAT-1
GRCh38,CCGTTGGAGGCAGGGT-1
GRCh38,CCGTTGGAGGGTTTCA-1
GRCh38,CCGTTGGAGGTAAGAC-1
GRCh38,CCGTTGGAGGTCGAAG-1
GRCh38,CCGTTGTGTAACTCGG-1
GRCh38,CCGTTGTGTCAGGATT-1
GRCh38,CCGTTGTGTCATCTTG-1
GRCh38,CCGTTGTGTCGTTAAA-1
GRCh38,CCGTTGTGTCTGGTGA-1
GRCh38,CCGTTGTGTGCCTGCC-1
GRCh38,CCGTTGTGTGCTATCC-1
GRCh38,CCGTTGTGTGGAACGG-1
GRCh38,CCGTTGTGTGGCTTCT-1
GRCh38,CCGTTGTGTGTCCCAT-1
GRCh38,CCGTTTAGTAACCCGA-1
GRCh38,CCGTTTAGTAACTTCT-1
GRCh38,CCGTTTAGTACCTTAT-1
GRCh38,CCGTTTAGTAGCTGTG-1
GRCh38,CCGTTTAGTCATATTC-1
GRCh38,CCGTTTAGTCCAGGTA-1
GRCh38,CCGTTTAGTCCGTCCA-1
GRCh38,CCGTTTAGTCGACTCT-1
GRCh38,CCGTTTAGTCTTAGCC-1
GRCh38,CCGTTTAGTGGCGAGA-1
GRCh38,CCGTTTAGTGGGTTTG-1
GRCh38,CCGTTTAGTGTCCCGC-1
GRCh38,CCGTTTCCAAAGCGTA-1
GRCh38,CCGTTTCCAAGTGCAA-1
GRCh38,CCGTTTCCAATAATTC-1
GRCh38,CCGTTTCCACATAATT-1
GRCh38,CCGTTTCCACCAGGCT-1
GRCh38,CCGTTTCCACGTAGCC-1
GRCh38,CCGTTTCCAGGCCTTA-1
GRCh38,CCGTTTCCAGGTCATT-1
GRCh38,CCGTTTCCAGTAGCGG-1
GRCh38,CCTAAACCACAACGAA-1
GRCh38,CCTAAACCACAGTAAG-1
GRCh38,CCTAAACCACGAAGTA-1
GRCh38,CCTAAACCAGCGTGCT-1
GRCh38,CCTAAACCAGGAAGCT-1
GRCh38,CCTAAAGTCAACGTAT-1
GRCh38,CCTAAAGTCAACTGCA-1
GRCh38,CCTAAAGTCACAGCGT-1
GRCh38,CCTAAAGTCACATACG-1
GRCh38,CCTAAAGTCACCCCTA-1
GRCh38,CCTAAAGTCACCTTCG-1
GRCh38,CCTAAAGTCATTAAGC-1
GRCh38,CCTAAAGTCCAAATGT-1
GRCh38,CCTAAAGTCCAGTAAT-1
GRCh38,CCTAAAGTCCCGGGTA-1
GRCh38,CCTAAAGTCCTATACC-1
GRCh38,CCTAAAGTCCTCCAAT-1
GRCh38,CCTAAAGTCGCCATAA-1
GRCh38,CCTAACGCAACGCTCA-1
GRCh38,CCTAACGCAAGCGTCC-1
GRCh38,CCTAACGCAATCGCCA-1
GRCh38,CCTAACGCACACGTCA-1
GRCh38,CCTAACGCACCATACG-1
GRCh38,CCTAACGCACCATTCC-1
GRCh38,CCTAACGCACGACACC-1
GRCh38,CCTAACGCAGGGCGTA-1
GRCh38,CCTAACTTCACATAAC-1
GRCh38,CCTAACTTCACATATA-1
GRCh38,CCTAACTTCCAAATGT-1
GRCh38,CCTAACTTCCGACTCC-1
GRCh38,CCTAACTTCCTCAGCC-1
GRCh38,CCTAACTTCGCAATTG-1
GRCh38,CCTAACTTCGTTCGTT-1
GRCh38,CCTAAGCAGAATGGGT-1
GRCh38,CCTAAGCAGATGAGGT-1
GRCh38,CCTAAGCAGCAACGTC-1
GRCh38,CCTAAGCAGCAAGATA-1
GRCh38,CCTAAGCAGCCTATTC-1
GRCh38,CCTAAGCAGGCCATTA-1
GRCh38,CCTAAGCAGGCCTATA-1
GRCh38,CCTAATACAAAGGGGA-1
GRCh38,CCTAATACAACGCACC-1
GRCh38,CCTAATACAACTATCA-1
GRCh38,CCTAATACAAGTCATC-1
GRCh38,CCTAATACAAGTGTCT-1
GRCh38,CCTAATACAATAGGCA-1
GRCh38,CCTAATACAATGGCGG-1
GRCh38,CCTAATACACCACTAG-1
GRCh38,CCTAATACACGTCGGT-1
GRCh38,CCTAATACACTATCTT-1
GRCh38,CCTAATACACTGCACA-1
GRCh38,CCTAATACACTTAGCG-1
GRCh38,CCTAATACAGGTTCGC-1
GRCh38,CCTAATCTCAAGCAAA-1
GRCh38,CCTAATCTCACTCATC-1
GRCh38,CCTAATCTCCATTCGT-1
GRCh38,CCTAATCTCCCAAAGC-1
GRCh38,CCTAATCTCCGGAATC-1
GRCh38,CCTAATCTCCTACAAG-1
GRCh38,CCTAATCTCCTGACAA-1
GRCh38,CCTAATCTCGTATCGA-1
GRCh38,CCTAATGAGCCTTAAG-1
GRCh38,CCTAATGAGCGCATAC-1
GRCh38,CCTAATGAGCGGTTCG-1
GRCh38,CCTAATGAGCTGCGTG-1
GRCh38,CCTAATGAGGCAGGGT-1
GRCh38,CCTAATGAGGCCATTA-1
GRCh38,CCTAATGAGGTAATGA-1
GRCh38,CCTAATTGTAGGATAG-1
GRCh38,CCTAATTGTAGTGAGA-1
GRCh38,CCTAATTGTCAATGCG-1
GRCh38,CCTAATTGTCATCGAG-1
GRCh38,CCTAATTGTCATTATC-1
GRCh38,CCTAATTGTCGTGGGT-1
GRCh38,CCTAATTGTGGAGCGA-1
GRCh38,CCTAATTGTGGTGTAT-1
GRCh38,CCTAATTGTGTGTCTC-1
GRCh38,CCTACATTCACGTCCC-1
GRCh38,CCTACATTCAGGCTTA-1
GRCh38,CCTACATTCATTAATG-1
GRCh38,CCTACATTCATTGGCA-1
GRCh38,CCTACATTCCAAGACC-1
GRCh38,CCTACATTCCCACTTG-1
GRCh38,CCTACATTCGGACGTT-1
GRCh38,CCTACATTCGGCAACT-1
GRCh38,CCTACATTCGGTACTA-1
GRCh38,CCTACATTCGTCAATG-1
GRCh38,CCTACCATCAATTCCC-1
GRCh38,CCTACCATCACATCTC-1
GRCh38,CCTACCATCCACTCCA-1
GRCh38,CCTACCATCCCCAATT-1
GRCh38,CCTACCATCCGATAAT-1
GRCh38,CCTACCATCGGCGAAA-1
GRCh38,CCTACCATCGGTCCTC-1
GRCh38,CCTACCATCGTCTCCA-1
GRCh38,CCTACCATCGTCTCGC-1
GRCh38,CCTACCTCAAACTACC-1
GRCh38,CCTACCTCAATGCGGG-1
GRCh38,CCTACCTCAATGCTCG-1
GRCh38,CCTACCTCACAACCCA-1
GRCh38,CCTACCTCACACCCAA-1
GRCh38,CCTACCTCACAGGCGA-1
GRCh38,CCTACCTCACCCTTCG-1
GRCh38,CCTACCTCACGTAGAA-1
GRCh38,CCTACCTCACTAAAGG-1
GRCh38,CCTACCTCACTAGCGC-1
GRCh38,CCTACGACAACCCTAG-1
GRCh38,CCTACGACAACTTACA-1
GRCh38,CCTACGACAAGCCATT-1
GRCh38,CCTACGACAAGCTGGG-1
GRCh38,CCTACGACAAGTATAA-1
GRCh38,CCTACGACAATTGCTA-1
GRCh38,CCTACGACACCAAGCC-1
GRCh38,CCTACGACACCGTAAT-1
GRCh38,CCTACGACAGGATCAA-1
GRCh38,CCTACGCTCAAACCTG-1
GRCh38,CCTACGCTCAAATGTC-1
GRCh38,CCTACGCTCAACGCTA-1
GRCh38,CCTACGCTCACAACCA-1
GRCh38,CCTACGCTCATCCGTT-1
GRCh38,CCTACGCTCCACCCAC-1
GRCh38,CCTACGCTCCGTCATT-1
GRCh38,CCTACGCTCCTCGAAA-1
GRCh38,CCTACGCTCGGACCCA-1
GRCh38,CCTACGGAGACATGGG-1
GRCh38,CCTACGGAGAGGGACC-1
GRCh38,CCTACGGAGAGGTATA-1
GRCh38,CCTACGGAGCGATTAT-1
GRCh38,CCTACGGAGCGTCATA-1
GRCh38,CCTACGGAGCTGAATT-1
GRCh38,CCTACGGAGCTGCAGT-1
GRCh38,CCTACGGAGGCACCAT-1
GRCh38,CCTACGGAGGCTTAAT-1
GRCh38,CCTACGGAGGGACGTA-1
GRCh38,CCTACGGAGGTAAGAC-1
GRCh38,CCTACGTGTAAGGGAC-1
GRCh38,CCTACGTGTACGCTGA-1
GRCh38,CCTACGTGTATCCGAG-1
GRCh38,CCTACGTGTATTCAGA-1
GRCh38,CCTACGTGTCCTTTAG-1
GRCh38,CCTACGTGTCGGAATT-1
GRCh38,CCTACGTGTCGGGTTA-1
GRCh38,CCTACGTGTCGTGCCC-1
GRCh38,CCTACGTGTGCGTCTT-1
GRCh38,CCTACGTGTGGATATC-1
GRCh38,CCTACGTGTGGCGATC-1
GRCh38,CCTACTCCAAAGGAGG-1
GRCh38,CCTACTCCAAATCCCG-1
GRCh38,CCTACTCCAACGCTCA-1
GRCh38,CCTACTCCAAGAGGGA-1
GRCh38,CCTACTCCACCAATTA-1
GRCh38,CCTACTCCACGCAGTC-1
GRCh38,CCTACTCCACTACGAT-1
GRCh38,CCTACTCCAGCGTCTA-1
GRCh38,CCTACTCCAGGTAGCG-1
GRCh38,CCTAGACAGACGGGGT-1
GRCh38,CCTAGACAGAGCCTGT-1
GRCh38,CCTAGACAGAGCGACA-1
GRCh38,CCTAGACAGAGTCTTG-1
GRCh38,CCTAGACAGCATAATC-1
GRCh38,CCTAGACAGCCGATAC-1
GRCh38,CCTAGACAGCTAGCTA-1
GRCh38,CCTAGACAGCTCCGGA-1
GRCh38,CCTAGACAGGGACAAT-1
GRCh38,CCTAGACAGGTCCTAA-1
GRCh38,CCTAGACAGGTGCGAA-1
GRCh38,CCTAGAGGTAAGGTCT-1
GRCh38,CCTAGAGGTATATCAG-1
GRCh38,CCTAGAGGTATGTCGG-1
GRCh38,CCTAGAGGTCACTAGG-1
GRCh38,CCTAGAGGTCAGCTCT-1
GRCh38,CCTAGAGGTCATAAGC-1
GRCh38,CCTAGAGGTGGATCGC-1
GRCh38,CCTAGAGGTGGCTAAT-1
GRCh38,CCTAGAGGTGGGTGAG-1
GRCh38,CCTAGATCAAACATGG-1
GRCh38,CCTAGATCAAATCTCA-1
GRCh38,CCTAGATCAACCCTAG-1
GRCh38,CCTAGATCAACGTGCC-1
GRCh38,CCTAGATCAACGTGGG-1
GRCh38,CCTAGATCAAGACGTA-1
GRCh38,CCTAGATCAAGTAAAC-1
GRCh38,CCTAGATCACCCTTCG-1
GRCh38,CCTAGATCACCTAACG-1
GRCh38,CCTAGATCACGAAGGT-1
GRCh38,CCTAGATCACGCAGTC-1
GRCh38,CCTAGATCAGCAACTT-1
GRCh38,CCTAGATCAGCGTGCT-1
GRCh38,CCTAGATCAGCTATTA-1
GRCh38,CCTAGATCAGTCGCAC-1
GRCh38,CCTAGCACAAAACTAA-1
GRCh38,CCTAGCACAAACCGGG-1
GRCh38,CCTAGCACAAACGCGG-1
GRCh38,CCTAGCACAAAGCATG-1
GRCh38,CCTAGCACAACCACAT-1
GRCh38,CCTAGCACAACGCGTC-1
GRCh38,CCTAGCACAAGCGAGT-1
GRCh38,CCTAGCACAAGTCATC-1
GRCh38,CCTAGCACAATAACTT-1
GRCh38,CCTAGCACAATAGCAG-1
GRCh38,CCTAGCACAATGCGCC-1
GRCh38,CCTAGCACACACATAC-1
GRCh38,CCTAGCACACATATCA-1
GRCh38,CCTAGCACACCGTTTC-1
GRCh38,CCTAGCACAGCCTTAG-1
GRCh38,CCTAGCACAGCGTGAG-1
GRCh38,CCTAGCACAGGTTCGC-1
GRCh38,CCTAGCGAGCCTTATC-1
GRCh38,CCTAGCGAGCTCGATA-1
GRCh38,CCTAGCGAGCTGTATG-1
GRCh38,CCTAGCGAGCTGTCGG-1
GRCh38,CCTAGCGAGGTGCTAC-1
GRCh38,CCTAGCTGTAGTTGCG-1
GRCh38,CCTAGCTGTATCTGGG-1
GRCh38,CCTAGCTGTCCAGCTT-1
GRCh38,CCTAGCTGTCCTAATT-1
GRCh38,CCTAGCTGTCGGCTGG-1
GRCh38,CCTAGCTGTGCTTTCA-1
GRCh38,CCTAGCTGTGGATCGC-1
GRCh38,CCTAGCTGTGGCGAGA-1
GRCh38,CCTAGCTGTGTCTTAT-1
GRCh38,CCTAGCTGTGTGGTCA-1
GRCh38,CCTAGGCCAACCAAGA-1
GRCh38,CCTAGGCCAAGAATTA-1
GRCh38,CCTAGGCCAAGTCTTA-1
GRCh38,CCTAGGCCAATAACTT-1
GRCh38,CCTAGGCCAATCGAGA-1
GRCh38,CCTAGGCCAATGCACT-1
GRCh38,CCTAGGCCACCACGGT-1
GRCh38,CCTAGGCCACCTCATC-1
GRCh38,CCTAGGCCACGGTCGT-1
GRCh38,CCTAGGCCAGTATCAC-1
GRCh38,CCTAGGCCAGTCTCGA-1
GRCh38,CCTAGGCCAGTTAAGG-1
GRCh38,CCTAGGGTCACTATCC-1
GRCh38,CCTAGGGTCAGCATAT-1
GRCh38,CCTAGGGTCAGTTGCA-1
GRCh38,CCTAGGGTCCATAAGT-1
GRCh38,CCTAGGGTCCATCGTT-1
GRCh38,CCTAGGGTCCCATCTG-1
GRCh38,CCTAGGGTCCGACCCT-1
GRCh38,CCTAGGGTCCGCTCTA-1
GRCh38,CCTAGGGTCCTCACGC-1
GRCh38,CCTAGTAAGAAAGCTA-1
GRCh38,CCTAGTAAGAGGGGTC-1
GRCh38,CCTAGTAAGAGGGTGC-1
GRCh38,CCTAGTAAGATGGCGA-1
GRCh38,CCTAGTAAGCCCACGA-1
GRCh38,CCTAGTAAGCGCTCGA-1
GRCh38,CCTAGTAAGCTAATAC-1
GRCh38,CCTAGTAAGCTTAAGT-1
GRCh38,CCTAGTAAGGGCGAAC-1
GRCh38,CCTAGTAAGGTATCCA-1
GRCh38,CCTAGTAAGGTCGACT-1
GRCh38,CCTAGTCGTAAACGCT-1
GRCh38,CCTAGTCGTATCTGTT-1
GRCh38,CCTAGTCGTATGCTGG-1
GRCh38,CCTAGTCGTCAAAGCT-1
GRCh38,CCTAGTCGTCCACGGG-1
GRCh38,CCTAGTCGTGTAACGT-1
GRCh38,CCTAGTCGTGTCGTCT-1
GRCh38,CCTAGTCGTGTGGGCT-1
GRCh38,CCTAGTCGTGTTACCC-1
GRCh38,CCTAGTTTCAACCCAA-1
GRCh38,CCTAGTTTCACTTCCG-1
GRCh38,CCTAGTTTCAGGAAAC-1
GRCh38,CCTAGTTTCAGGTGTC-1
GRCh38,CCTAGTTTCATGGCCG-1
GRCh38,CCTAGTTTCCCGTGTC-1
GRCh38,CCTAGTTTCCGTATTC-1
GRCh38,CCTAGTTTCGTCGAGT-1
GRCh38,CCTATAACAAAAGCAT-1
GRCh38,CCTATAACAAAATTCT-1
GRCh38,CCTATAACAAGCTTTA-1
GRCh38,CCTATAACAATATCAT-1
GRCh38,CCTATAACAATCAGGA-1
GRCh38,CCTATAACACGAAGGT-1
GRCh38,CCTATAACAGCGTAGG-1
GRCh38,CCTATACTCAATGTTA-1
GRCh38,CCTATACTCACAGATT-1
GRCh38,CCTATACTCACGCCCT-1
GRCh38,CCTATACTCAGGGTCT-1
GRCh38,CCTATACTCATCAGCA-1
GRCh38,CCTATACTCATCCCAT-1
GRCh38,CCTATACTCATTACTT-1
GRCh38,CCTATACTCCTCTCCT-1
GRCh38,CCTATACTCGCAGTAC-1
GRCh38,CCTATACTCGCTCCTA-1
GRCh38,CCTATACTCGGCGTAT-1
GRCh38,CCTATACTCGGGCATT-1
GRCh38,CCTATACTCGTGACGT-1
GRCh38,CCTATACTCGTTCATC-1
GRCh38,CCTATGAAGAACGGGC-1
GRCh38,CCTATGAAGAATATCC-1
GRCh38,CCTATGAAGACAATTC-1
GRCh38,CCTATGAAGACACGGA-1
GRCh38,CCTATGAAGAGCAGCA-1
GRCh38,CCTATGAAGAGCGGTA-1
GRCh38,CCTATGAAGATCAGGG-1
GRCh38,CCTATGAAGGCTCGAT-1
GRCh38,CCTATGAAGGGGCTAA-1
GRCh38,CCTATGAAGGGGTTAG-1
GRCh38,CCTATGCGTACCATCC-1
GRCh38,CCTATGCGTATTGTCT-1
GRCh38,CCTATGCGTCAATCGG-1
GRCh38,CCTATGCGTCGATTCC-1
GRCh38,CCTATGCGTCGGATAT-1
GRCh38,CCTATGCGTGCGCTCC-1
GRCh38,CCTATGCGTGGCTTCT-1
GRCh38,CCTATGCGTGTATCTT-1
GRCh38,CCTATGTTCACTCTTA-1
GRCh38,CCTATGTTCATGACCA-1
GRCh38,CCTATGTTCCAAGCGT-1
GRCh38,CCTATGTTCCGGAAAG-1
GRCh38,CCTATGTTCGTGTCGG-1
GRCh38,CCTATTATCAACGTAT-1
GRCh38,CCTATTATCAACTCCT-1
GRCh38,CCTATTATCAAGCAAA-1
GRCh38,CCTATTATCACATTGG-1
GRCh38,CCTATTATCCAACCTT-1
GRCh38,CCTATTATCCCTAAAG-1
GRCh38,CCTATTATCCGCCTAC-1
GRCh38,CCTATTCAGAAACGCG-1
GRCh38,CCTATTCAGAAGGTGT-1
GRCh38,CCTATTCAGACATAAG-1
GRCh38,CCTATTCAGACCTGCG-1
GRCh38,CCTATTCAGAGTGGCA-1
GRCh38,CCTATTCAGATTCACG-1
GRCh38,CCTATTCAGCACAGCT-1
GRCh38,CCTATTCAGCACTGTA-1
GRCh38,CCTATTCAGCATGTTG-1
GRCh38,CCTATTCAGCCAAATT-1
GRCh38,CCTATTCAGCGCCACA-1
GRCh38,CCTATTCAGCTAGCTA-1
GRCh38,CCTATTCAGGCACCCA-1
GRCh38,CCTATTCAGGCTTGCG-1
GRCh38,CCTATTCAGGTCTGGT-1
GRCh38,CCTATTCAGGTGATTT-1
GRCh38,CCTATTGGTAAGTCCG-1
GRCh38,CCTATTGGTACGCTTC-1
GRCh38,CCTATTGGTACGTTGG-1
GRCh38,CCTATTGGTACTTCAT-1
GRCh38,CCTATTGGTAGCTGAT-1
GRCh38,CCTATTGGTATAAGCC-1
GRCh38,CCTATTGGTCACCGGG-1
GRCh38,CCTATTGGTCTAGCTC-1
GRCh38,CCTATTGGTCTCGATC-1
GRCh38,CCTATTGGTCTCGCAT-1
GRCh38,CCTATTGGTGCCCCGT-1
GRCh38,CCTATTGGTGGTGGAG-1
GRCh38,CCTATTGGTGGTTTGG-1
GRCh38,CCTCACCAGCAACATT-1
GRCh38,CCTCACCAGCACCGCA-1
GRCh38,CCTCACCAGCACCTCC-1
GRCh38,CCTCACCAGCACGAAG-1
GRCh38,CCTCACCAGCCAAGCT-1
GRCh38,CCTCACCAGCGGGGAT-1
GRCh38,CCTCACCAGCGTAGCT-1
GRCh38,CCTCACCAGCTTAAGT-1
GRCh38,CCTCACCAGGTATCCA-1
GRCh38,CCTCACTCACACCGTA-1
GRCh38,CCTCACTCACGCGACT-1
GRCh38,CCTCACTCAGCGCTTA-1
GRCh38,CCTCACTCAGCTACAT-1
GRCh38,CCTCACTCAGCTAGGG-1
GRCh38,CCTCACTCAGGAGCCA-1
GRCh38,CCTCAGACAAACACCT-1
GRCh38,CCTCAGACAAGGCACG-1
GRCh38,CCTCAGACAATAACCC-1
GRCh38,CCTCAGACAATCCAAC-1
GRCh38,CCTCAGACACATGCGC-1
GRCh38,CCTCAGACACATTTAG-1
GRCh38,CCTCAGACACGCAATT-1
GRCh38,CCTCAGACACGTATCG-1
GRCh38,CCTCAGACACGTTTCC-1
GRCh38,CCTCAGACAGGACATA-1
GRCh38,CCTCATAGTAATCTAG-1
GRCh38,CCTCATAGTAATGGGA-1
GRCh38,CCTCATAGTACGGTCA-1
GRCh38,CCTCATAGTATAGCGT-1
GRCh38,CCTCATAGTATGTTCT-1
GRCh38,CCTCATAGTCATGGAT-1
GRCh38,CCTCATAGTCCAACAG-1
GRCh38,CCTCATAGTCGCTTCG-1
GRCh38,CCTCATAGTCGTTAAA-1
GRCh38,CCTCATAGTGGATTCG-1
GRCh38,CCTCATAGTGGTTCGA-1
GRCh38,CCTCATAGTGTGGATT-1
GRCh38,CCTCATAGTGTTATAG-1
GRCh38,CCTCATCCAAAATCCC-1
GRCh38,CCTCATCCAAACGGTA-1
GRCh38,CCTCATCCAAGCTGAA-1
GRCh38,CCTCATCCAAGCTTTA-1
GRCh38,CCTCATCCAATCCAAC-1
GRCh38,CCTCATCCACCTATAA-1
GRCh38,CCTCATCCAGTTGGGG-1
GRCh38,CCTCATTAGAATGACA-1
GRCh38,CCTCATTAGACGACGA-1
GRCh38,CCTCATTAGAGCATTT-1
GRCh38,CCTCATTAGATATACC-1
GRCh38,CCTCATTAGCAAACTT-1
GRCh38,CCTCATTAGCACAATT-1
GRCh38,CCTCATTAGCCGTAAC-1
GRCh38,CCTCATTAGCGGTTAC-1
GRCh38,CCTCATTAGGCTCACG-1
GRCh38,CCTCGAACAAACTACC-1
GRCh38,CCTCGAACAATGACAG-1
GRCh38,CCTCGAACAATGGGAC-1
GRCh38,CCTCGAACACTATGGT-1
GRCh38,CCTCGAACAGGAGTTA-1
GRCh38,CCTCGAACAGGGCTAG-1
GRCh38,CCTCGAACAGGGTTAA-1
GRCh38,CCTCGAGAGAACGGAT-1
GRCh38,CCTCGAGAGACGTGTC-1
GRCh38,CCTCGAGAGAGTTTCG-1
GRCh38,CCTCGAGAGATAGTGA-1
GRCh38,CCTCGAGAGATGGGAT-1
GRCh38,CCTCGAGAGCATGCGT-1
GRCh38,CCTCGAGAGCGAGTCT-1
GRCh38,CCTCGAGAGCTGACGT-1
GRCh38,CCTCGAGAGCTGTTGA-1
GRCh38,CCTCGAGAGGCCCTGA-1
GRCh38,CCTCGAGAGGCGCTCA-1
GRCh38,CCTCGAGAGGCTCATA-1
GRCh38,CCTCGAGAGGTCTAGC-1
GRCh38,CCTCGAGAGGTTAGGG-1
GRCh38,CCTCGATGTACCACTC-1
GRCh38,CCTCGATGTAGCGGAG-1
GRCh38,CCTCGATGTCACTCCG-1
GRCh38,CCTCGATGTCCCTGTG-1
GRCh38,CCTCGATGTCGATGGC-1
GRCh38,CCTCGATGTCGCGTGG-1
GRCh38,CCTCGATGTCTCGGTT-1
GRCh38,CCTCGATGTGCTTGGA-1
GRCh38,CCTCGATGTGGGACCT-1
GRCh38,CCTCGATGTGGTCTCT-1
GRCh38,CCTCGGTTCAAGCTTG-1
GRCh38,CCTCGGTTCACTGCAA-1
GRCh38,CCTCGGTTCAGGCTGT-1
GRCh38,CCTCGGTTCATAAGTC-1
GRCh38,CCTCGGTTCGGCCATG-1
GRCh38,CCTCGGTTCGGGGTAA-1
GRCh38,CCTCGGTTCGTACTTC-1
GRCh38,CCTCGTCAGACTACAT-1
GRCh38,CCTCGTCAGAGAATCA-1
GRCh38,CCTCGTCAGAGACTTT-1
GRCh38,CCTCGTCAGCGTCATA-1
GRCh38,CCTCGTCAGCTAAGCC-1
GRCh38,CCTCGTCAGCTTAGCA-1
GRCh38,CCTCTACCAACCCCAA-1
GRCh38,CCTCTACCAATCACTA-1
GRCh38,CCTCTACCACAGGACG-1
GRCh38,CCTCTACCACAGGTCC-1
GRCh38,CCTCTACCACCACGTA-1
GRCh38,CCTCTACCACCGACAC-1
GRCh38,CCTCTACCACGAAGTA-1
GRCh38,CCTCTACCACGCGACT-1
GRCh38,CCTCTACCACTCACCT-1
GRCh38,CCTCTACCACTGGAGG-1
GRCh38,CCTCTAGTCAGCCTCC-1
GRCh38,CCTCTAGTCAGTCGCG-1
GRCh38,CCTCTAGTCATCGCGG-1
GRCh38,CCTCTAGTCCAATTCC-1
GRCh38,CCTCTAGTCCAATTGG-1
GRCh38,CCTCTAGTCCCGGCAA-1
GRCh38,CCTCTAGTCCTTAGCT-1
GRCh38,CCTCTAGTCGGAAACG-1
GRCh38,CCTCTAGTCGGCAATC-1
GRCh38,CCTCTAGTCGTAGGTC-1
GRCh38,CCTCTCCGTACTACTT-1
GRCh38,CCTCTCCGTAGGGCGA-1
GRCh38,CCTCTCCGTAGGTTTA-1
GRCh38,CCTCTCCGTATTGCCC-1
GRCh38,CCTCTCCGTATTGTCT-1
GRCh38,CCTCTCCGTCACACTC-1
GRCh38,CCTCTCCGTCAGTAGT-1
GRCh38,CCTCTCCGTCAGTGCA-1
GRCh38,CCTCTCCGTCCAGCTT-1
GRCh38,CCTCTCCGTCGTACAG-1
GRCh38,CCTCTCCGTCGTCAGA-1
GRCh38,CCTCTCCGTGCCCCGT-1
GRCh38,CCTCTCCGTGGTAGGG-1
GRCh38,CCTCTCCGTGTGCGTA-1
GRCh38,CCTCTCGCAACCCACA-1
GRCh38,CCTCTCGCAACCTAAC-1
GRCh38,CCTCTCGCAACGCGTC-1
GRCh38,CCTCTCGCAACTATAT-1
GRCh38,CCTCTCGCAAGAGATT-1
GRCh38,CCTCTCGCAATAATTC-1
GRCh38,CCTCTCGCACACTCAG-1
GRCh38,CCTCTCGCACCAAATC-1
GRCh38,CCTCTCGCACCGTTTC-1
GRCh38,CCTCTCGCACTGAAAG-1
GRCh38,CCTCTCGCAGCGCTAC-1
GRCh38,CCTCTGGGTAACCGCA-1
GRCh38,CCTCTGGGTAACGAAG-1
GRCh38,CCTCTGGGTACTTGGG-1
GRCh38,CCTCTGGGTAGAGTGA-1
GRCh38,CCTCTGGGTAGGCCCG-1
GRCh38,CCTCTGGGTCCCTTGG-1
GRCh38,CCTCTGGGTCTCATTG-1
GRCh38,CCTCTGGGTGCGAATT-1
GRCh38,CCTCTGGGTGTATCGG-1
GRCh38,CCTCTTACAAAAGGAA-1
GRCh38,CCTCTTACAACATGTC-1
GRCh38,CCTCTTACAACCCTCT-1
GRCh38,CCTCTTACAAGACGTA-1
GRCh38,CCTCTTACAAGTCGGG-1
GRCh38,CCTCTTACACATGAAG-1
GRCh38,CCTCTTACACATGCCA-1
GRCh38,CCTCTTACACGCCAAC-1
GRCh38,CCTCTTACACGTCAGC-1
GRCh38,CCTCTTACACTAGTTA-1
GRCh38,CCTCTTACAGCATGGG-1
GRCh38,CCTCTTACAGGACTAA-1
GRCh38,CCTCTTACAGTGAAAT-1
GRCh38,CCTCTTGAGAATGGCG-1
GRCh38,CCTCTTGAGACACCCG-1
GRCh38,CCTCTTGAGATCATCG-1
GRCh38,CCTCTTGAGCAAGACG-1
GRCh38,CCTCTTGAGCACAATT-1
GRCh38,CCTCTTGAGCATTACG-1
GRCh38,CCTCTTGAGCGTCTCC-1
GRCh38,CCTCTTGAGCTATAAC-1
GRCh38,CCTCTTGAGCTGCAGT-1
GRCh38,CCTCTTGAGGCAAGCA-1
GRCh38,CCTCTTGAGGGACATG-1
GRCh38,CCTCTTGAGGTATGGG-1
GRCh38,CCTCTTGAGGTCCAGT-1
GRCh38,CCTCTTGAGGTGCTGT-1
GRCh38,CCTGAAATCAACGCAC-1
GRCh38,CCTGAAATCAGTATCG-1
GRCh38,CCTGAAATCCGTACTT-1
GRCh38,CCTGAAATCGTAGCAC-1
GRCh38,CCTGAAATCGTTGACA-1
GRCh38,CCTGACACAAAGCATG-1
GRCh38,CCTGACACAAAGTATA-1
GRCh38,CCTGACACAAGCTGGG-1
GRCh38,CCTGACACAAGTCGAA-1
GRCh38,CCTGACACAAGTTAGG-1
GRCh38,CCTGACACAATTCGGT-1
GRCh38,CCTGACACACAAATGG-1
GRCh38,CCTGACACACAACTAC-1
GRCh38,CCTGACACACCGACTA-1
GRCh38,CCTGACACACGTCGTA-1
GRCh38,CCTGACACACGTGCTA-1
GRCh38,CCTGACACACTCGACA-1
GRCh38,CCTGACACAGCTATTA-1
GRCh38,CCTGACACAGGGTTAA-1
GRCh38,CCTGACACAGTTCACG-1
GRCh38,CCTGACCTCAATTCGG-1
GRCh38,CCTGACCTCACCCATT-1
GRCh38,CCTGACCTCATGCTTC-1
GRCh38,CCTGACCTCATGGGTC-1
GRCh38,CCTGACCTCCACCATT-1
GRCh38,CCTGACCTCCACCTAT-1
GRCh38,CCTGACCTCCCTCTAG-1
GRCh38,CCTGACCTCCTGCATT-1
GRCh38,CCTGACCTCCTGTCGC-1
GRCh38,CCTGACCTCGCTGTGG-1
GRCh38,CCTGACCTCGGTACTA-1
GRCh38,CCTGACCTCGGTGTCG-1
GRCh38,CCTGACGAGAACGCGA-1
GRCh38,CCTGACGAGAATTGTC-1
GRCh38,CCTGACGAGAGTGTAA-1
GRCh38,CCTGACGAGATCCACA-1
GRCh38,CCTGACGAGATGCCCG-1
GRCh38,CCTGACGAGATTACCG-1
GRCh38,CCTGACGAGCACTTTC-1
GRCh38,CCTGACGAGGTCTGGT-1
GRCh38,CCTGACGAGGTTAATC-1
GRCh38,CCTGATAAGAAACGCG-1
GRCh38,CCTGATAAGATACGGG-1
GRCh38,CCTGATAAGATGCGAG-1
GRCh38,CCTGATAAGCACCCGA-1
GRCh38,CCTGATAAGCCGTTGG-1
GRCh38,CCTGATAAGCTGACCG-1
GRCh38,CCTGATAAGGCATCGT-1
GRCh38,CCTGATAAGGGAAACT-1
GRCh38,CCTGATAAGGTAAGCG-1
GRCh38,CCTGATAAGGTCCACG-1
GRCh38,CCTGATAAGGTCTGCG-1
GRCh38,CCTGATCGTAACGCCA-1
GRCh38,CCTGATCGTACCTTTG-1
GRCh38,CCTGATCGTAGCGGAG-1
GRCh38,CCTGATCGTCAATCCC-1
GRCh38,CCTGATCGTCACGTAG-1
GRCh38,CCTGATCGTCATACTT-1
GRCh38,CCTGATCGTCATTGGG-1
GRCh38,CCTGATCGTCCTGATC-1
GRCh38,CCTGATCGTCGCCATT-1
GRCh38,CCTGATCGTCTGGCCC-1
GRCh38,CCTGATCGTGCCTTTA-1
GRCh38,CCTGATCGTGTGTAGT-1
GRCh38,CCTGATTTCAACTCTC-1
GRCh38,CCTGATTTCAATATCA-1
GRCh38,CCTGATTTCACGACTA-1
GRCh38,CCTGATTTCATTCTCA-1
GRCh38,CCTGATTTCATTGCTC-1
GRCh38,CCTGATTTCCAGCCTC-1
GRCh38,CCTGATTTCCCTATGT-1
GRCh38,CCTGATTTCCGTTCTG-1
GRCh38,CCTGATTTCGGTACGT-1
GRCh38,CCTGCAACACGGCTTA-1
GRCh38,CCTGCAACACGTAGAA-1
GRCh38,CCTGCAACACGTTCAG-1
GRCh38,CCTGCAACAGCCTTTC-1
GRCh38,CCTGCAACAGCTAACT-1
GRCh38,CCTGCAACAGGAATCA-1
GRCh38,CCTGCAACAGGTGATA-1
GRCh38,CCTGCACTCAAACTTA-1
GRCh38,CCTGCACTCACCAACA-1
GRCh38,CCTGCACTCAGTGAAA-1
GRCh38,CCTGCACTCCAAGCGT-1
GRCh38,CCTGCACTCCACATCT-1
GRCh38,CCTGCACTCCATTGCT-1
GRCh38,CCTGCACTCCGCCTAC-1
GRCh38,CCTGCACTCCGGGAAA-1
GRCh38,CCTGCACTCGGCTCCT-1
GRCh38,CCTGCACTCGTCCAAA-1
GRCh38,CCTGCAGAGAGTGCGA-1
GRCh38,CCTGCAGAGATAACAG-1
GRCh38,CCTGCAGAGATGAGGT-1
GRCh38,CCTGCAGAGCATAATC-1
GRCh38,CCTGCAGAGCCGTGAT-1
GRCh38,CCTGCAGAGGGCTAGA-1
GRCh38,CCTGCAGAGGTAGGTG-1
GRCh38,CCTGCAGAGGTTGGAG-1
GRCh38,CCTGCGAAGACATAAG-1
GRCh38,CCTGCGAAGCTACACA-1
GRCh38,CCTGCGAAGCTATGGC-1
GRCh38,CCTGCGAAGCTCACCC-1
GRCh38,CCTGCGAAGGCGAATG-1
GRCh38,CCTGCGAAGGGCTAAG-1
GRCh38,CCTGCGAAGGTCTGCG-1
GRCh38,CCTGCGCGTAACAGAG-1
GRCh38,CCTGCGCGTAACGTCG-1
GRCh38,CCTGCGCGTATACTTC-1
GRCh38,CCTGCGCGTATATGGC-1
GRCh38,CCTGCGCGTATCATTC-1
GRCh38,CCTGCGCGTCCTTGTA-1
GRCh38,CCTGCGCGTCTAACGG-1
GRCh38,CCTGCGCGTGCTGCCC-1
GRCh38,CCTGCGCGTGTCCTTA-1
GRCh38,CCTGCTATCAAGGGGC-1
GRCh38,CCTGCTATCACGGTTA-1
GRCh38,CCTGCTATCCCTAATC-1
GRCh38,CCTGCTATCCCTTAAC-1
GRCh38,CCTGCTATCCGAACAC-1
GRCh38,CCTGCTATCCGTACAA-1
GRCh38,CCTGCTATCGGTACTA-1
GRCh38,CCTGCTATCGGTGCAT-1
GRCh38,CCTGCTTCAACACTCG-1
GRCh38,CCTGCTTCAACGCGAG-1
GRCh38,CCTGCTTCAAGCTGAA-1
GRCh38,CCTGCTTCAATACACC-1
GRCh38,CCTGCTTCAATATGTT-1
GRCh38,CCTGCTTCAATCCCGA-1
GRCh38,CCTGCTTCACACTATA-1
GRCh38,CCTGCTTCACACTCAG-1
GRCh38,CCTGCTTCACCAAATC-1
GRCh38,CCTGCTTCACCACTAG-1
GRCh38,CCTGCTTCACTCGCAA-1
GRCh38,CCTGCTTCAGCAGCGA-1
GRCh38,CCTGCTTCAGCTAATC-1
GRCh38,CCTGCTTCAGTATTAT-1
GRCh38,CCTGGCAAGAATGGTA-1
GRCh38,CCTGGCAAGACGCCCA-1
GRCh38,CCTGGCAAGACTATGT-1
GRCh38,CCTGGCAAGAGTCAGG-1
GRCh38,CCTGGCAAGCAAACCC-1
GRCh38,CCTGGCAAGCAACCCG-1
GRCh38,CCTGGCAAGCAGCGAA-1
GRCh38,CCTGGCAAGGCCACAT-1
GRCh38,CCTGGCAAGGCGAGTA-1
GRCh38,CCTGGCAAGGTCGAAG-1
GRCh38,CCTGGCTTCAATATCA-1
GRCh38,CCTGGCTTCAGTACAT-1
GRCh38,CCTGGCTTCCCGTGTC-1
GRCh38,CCTGGCTTCCGGTTAA-1
GRCh38,CCTGGCTTCCTTGTCG-1
GRCh38,CCTGGCTTCGTCTTCG-1
GRCh38,CCTGGCTTCGTTCATC-1
GRCh38,CCTGGTGAGAAAGCCG-1
GRCh38,CCTGGTGAGAGACATA-1
GRCh38,CCTGGTGAGATGTGAA-1
GRCh38,CCTGGTGAGCGCGTCA-1
GRCh38,CCTGGTGAGCGTGAGA-1
GRCh38,CCTGGTGAGCTGTGCG-1
GRCh38,CCTGGTGAGGCCCTGA-1
GRCh38,CCTGGTGAGGTCGCCA-1
GRCh38,CCTGTAAAGACCTACA-1
GRCh38,CCTGTAAAGACTTTCC-1
GRCh38,CCTGTAAAGATCTTGG-1
GRCh38,CCTGTAAAGCCTAATG-1
GRCh38,CCTGTAAAGCGATTTG-1
GRCh38,CCTGTAAAGCGCTGAT-1
GRCh38,CCTGTAAAGCTCTCAT-1
GRCh38,CCTGTAAAGCTGTTGA-1
GRCh38,CCTGTAAAGGCTGGTT-1
GRCh38,CCTGTAAAGGCTTGCG-1
GRCh38,CCTGTAAAGGTCCTAA-1
GRCh38,CCTGTAAAGGTTCATG-1
GRCh38,CCTGTACGTAATCTTC-1
GRCh38,CCTGTACGTACCCCTG-1
GRCh38,CCTGTACGTAGCGGGA-1
GRCh38,CCTGTACGTAGGCCCG-1
GRCh38,CCTGTACGTATCGCTC-1
GRCh38,CCTGTACGTCAGCGGT-1
GRCh38,CCTGTACGTCATTAAG-1
GRCh38,CCTGTACGTCGCCTAT-1
GRCh38,CCTGTACGTGCCCCTA-1
GRCh38,CCTGTAGCAACAATCC-1
GRCh38,CCTGTAGCAATAACCC-1
GRCh38,CCTGTAGCAATACGCT-1
GRCh38,CCTGTAGCAATATTAC-1
GRCh38,CCTGTAGCAATGGACA-1
GRCh38,CCTGTAGCACTACTAA-1
GRCh38,CCTGTAGCAGGACACG-1
GRCh38,CCTGTCATCAACGTGC-1
GRCh38,CCTGTCATCAATCCTC-1
GRCh38,CCTGTCATCAATCGCA-1
GRCh38,CCTGTCATCACAATTA-1
GRCh38,CCTGTCATCATTCGCT-1
GRCh38,CCTGTCATCCACTCCA-1
GRCh38,CCTGTCATCCATAGGC-1
GRCh38,CCTGTCATCCCGAAAC-1
GRCh38,CCTGTCATCCGGGTTG-1
GRCh38,CCTGTCATCGCACTCC-1
GRCh38,CCTGTCATCGTACTTC-1
GRCh38,CCTGTCATCGTTCGCC-1
GRCh38,CCTGTCGGTAACAGGA-1
GRCh38,CCTGTCGGTACTAATG-1
GRCh38,CCTGTCGGTAGCGGAG-1
GRCh38,CCTGTCGGTAGTATGC-1
GRCh38,CCTGTCGGTATCTCAT-1
GRCh38,CCTGTCGGTCCCTCTC-1
GRCh38,CCTGTCGGTCGAGGCT-1
GRCh38,CCTGTCGGTGCCTGGG-1
GRCh38,CCTGTCGGTGCCTTCG-1
GRCh38,CCTGTCGGTGGTATTA-1
GRCh38,CCTGTCGGTGTCGTCT-1
GRCh38,CCTGTGGAGACCCATA-1
GRCh38,CCTGTGGAGACCTATG-1
GRCh38,CCTGTGGAGAGCAACG-1
GRCh38,CCTGTGGAGAGCCCCA-1
GRCh38,CCTGTGGAGAGTCGTC-1
GRCh38,CCTGTGGAGATTGTGT-1
GRCh38,CCTGTGGAGCCACAAC-1
GRCh38,CCTGTGGAGCGAACGA-1
GRCh38,CCTGTGGAGCTATCGA-1
GRCh38,CCTGTGGAGCTCGAAC-1
GRCh38,CCTGTGGAGGCGAGTA-1
GRCh38,CCTGTGGAGGTAGGCA-1
GRCh38,CCTGTGGAGGTCCTTT-1
GRCh38,CCTTAACTCACGCTCC-1
GRCh38,CCTTAACTCACTGTTC-1
GRCh38,CCTTAACTCACTTCGT-1
GRCh38,CCTTAACTCCGAGTGT-1
GRCh38,CCTTAACTCCGTCATT-1
GRCh38,CCTTAACTCGTCACCC-1
GRCh38,CCTTAACTCGTCCGCT-1
GRCh38,CCTTAAGAGACTGCGT-1
GRCh38,CCTTAAGAGACTTACG-1
GRCh38,CCTTAAGAGAGCGGAC-1
GRCh38,CCTTAAGAGAGGGCGT-1
GRCh38,CCTTAAGAGAGTTTAC-1
GRCh38,CCTTAAGAGCCATATG-1
GRCh38,CCTTAAGAGCCATTAG-1
GRCh38,CCTTAAGAGCCTGCGA-1
GRCh38,CCTTAAGAGCGCATAC-1
GRCh38,CCTTAAGAGCGTTTGA-1
GRCh38,CCTTAATGTAAGCCGC-1
GRCh38,CCTTAATGTATGTTGA-1
GRCh38,CCTTAATGTCCAGTGA-1
GRCh38,CCTTAATGTCGCTTCG-1
GRCh38,CCTTAATGTGGACGCT-1
GRCh38,CCTTAATGTGGTCTCT-1
GRCh38,CCTTAATGTGTGCGTA-1
GRCh38,CCTTACCCAATCGGGG-1
GRCh38,CCTTACCCACACTCGA-1
GRCh38,CCTTACCCACATTTAG-1
GRCh38,CCTTACCCAGCGACAG-1
GRCh38,CCTTAGAAGAGGCGAC-1
GRCh38,CCTTAGAAGATACCCA-1
GRCh38,CCTTAGAAGATGCGAG-1
GRCh38,CCTTAGAAGCCTGACG-1
GRCh38,CCTTAGAAGCGTGGAA-1
GRCh38,CCTTAGAAGGCTGGAA-1
GRCh38,CCTTAGAAGGTCGAAG-1
GRCh38,CCTTAGCGTACATAGC-1
GRCh38,CCTTAGCGTACATTAG-1
GRCh38,CCTTAGCGTAGAGTGA-1
GRCh38,CCTTAGCGTATCCGCT-1
GRCh38,CCTTAGCGTATCGCTC-1
GRCh38,CCTTAGCGTCATAGCG-1
GRCh38,CCTTAGCGTCCCTGAT-1
GRCh38,CCTTAGCGTCGACGGT-1
GRCh38,CCTTAGCGTCTACAGG-1
GRCh38,CCTTAGCGTGCCTTGT-1
GRCh38,CCTTAGCGTGCTCGTT-1
GRCh38,CCTTAGTTCAAACTAC-1
GRCh38,CCTTAGTTCAACCTCT-1
GRCh38,CCTTAGTTCACAGTTG-1
GRCh38,CCTTAGTTCACTTCGT-1
GRCh38,CCTTAGTTCAGACGCT-1
GRCh38,CCTTAGTTCCCTACGC-1
GRCh38,CCTTAGTTCCGGGTTG-1
GRCh38,CCTTAGTTCCTATTGC-1
GRCh38,CCTTAGTTCCTCTAAC-1
GRCh38,CCTTAGTTCGCTTTCG-1
GRCh38,CCTTAGTTCGGTACTA-1
GRCh38,CCTTATCAGACCCTTT-1
GRCh38,CCTTATCAGACCTATG-1
GRCh38,CCTTATCAGACTTGTG-1
GRCh38,CCTTATCAGAGCCCAT-1
GRCh38,CCTTATCAGAGTTGCC-1
GRCh38,CCTTATCAGCACATCA-1
GRCh38,CCTTATCAGCACGAAG-1
GRCh38,CCTTATCAGCCGTTAA-1
GRCh38,CCTTATCAGCTCAGCG-1
GRCh38,CCTTATCAGGGGTTTC-1
GRCh38,CCTTATGGTAACAGAG-1
GRCh38,CCTTATGGTAAGTTTG-1
GRCh38,CCTTATGGTACTAAGC-1
GRCh38,CCTTATGGTATATCCT-1
GRCh38,CCTTATGGTATGTCTT-1
GRCh38,CCTTATGGTATGTGCG-1
GRCh38,CCTTATGGTCAATGTA-1
GRCh38,CCTTATGGTCTCTAAT-1
GRCh38,CCTTATGGTGGAAGTA-1
GRCh38,CCTTATGGTGGCGTGT-1
GRCh38,CCTTATGGTGGCTGTA-1
GRCh38,CCTTATGGTGTCTAGG-1
GRCh38,CCTTCAGTCAAACTTA-1
GRCh38,CCTTCAGTCAACGTAT-1
GRCh38,CCTTCAGTCAAGCGTC-1
GRCh38,CCTTCAGTCACGTATG-1
GRCh38,CCTTCAGTCAGGCTGT-1
GRCh38,CCTTCAGTCAGGGTTC-1
GRCh38,CCTTCAGTCCACGAGT-1
GRCh38,CCTTCAGTCCCATACT-1
GRCh38,CCTTCAGTCCCTAGTT-1
GRCh38,CCTTCAGTCCCTTCCT-1
GRCh38,CCTTCAGTCCGAATCA-1
GRCh38,CCTTCAGTCCTAATCC-1
GRCh38,CCTTCAGTCGTCGCTC-1
GRCh38,CCTTCATAGAAAGCGT-1
GRCh38,CCTTCATAGACAGCAG-1
GRCh38,CCTTCATAGACCCGTG-1
GRCh38,CCTTCATAGACTTGTG-1
GRCh38,CCTTCATAGAGGGATT-1
GRCh38,CCTTCATAGAGGGTGC-1
GRCh38,CCTTCATAGAGTATTC-1
GRCh38,CCTTCATAGATTGAGA-1
GRCh38,CCTTCATAGCATTAAC-1
GRCh38,CCTTCATAGCGCATCG-1
GRCh38,CCTTCATAGCTCAGTA-1
GRCh38,CCTTCATAGGGGATTG-1
GRCh38,CCTTCCCGTACAAGCT-1
GRCh38,CCTTCCCGTAGGACCC-1
GRCh38,CCTTCCCGTATCTCAT-1
GRCh38,CCTTCCCGTCCATTTG-1
GRCh38,CCTTCCCGTCGTATGG-1
GRCh38,CCTTCCCGTCTAAGTA-1
GRCh38,CCTTCCCGTGCAATCG-1
GRCh38,CCTTCCCGTGGAATTC-1
GRCh38,CCTTCCCGTGTTACCC-1
GRCh38,CCTTCCGCAAACGCAA-1
GRCh38,CCTTCCGCAAACTACC-1
GRCh38,CCTTCCGCAAATGACG-1
GRCh38,CCTTCCGCAAGCGGCA-1
GRCh38,CCTTCCGCAAGGCTCC-1
GRCh38,CCTTCCGCAATCGGCC-1
GRCh38,CCTTCCGCAATCGGGG-1
GRCh38,CCTTCCGCACATAGTC-1
GRCh38,CCTTCCGCACCGCATA-1
GRCh38,CCTTCCGCACGACACC-1
GRCh38,CCTTCCGCACTCTCCG-1
GRCh38,CCTTCCGCAGCAGCGA-1
GRCh38,CCTTCCGCAGGCGCAA-1
GRCh38,CCTTCCTTCACCAAAT-1
GRCh38,CCTTCCTTCATCTCTA-1
GRCh38,CCTTCCTTCCAATTGG-1
GRCh38,CCTTCCTTCCTCGTTG-1
GRCh38,CCTTCCTTCGCACTAA-1
GRCh38,CCTTCCTTCGTATTGG-1
GRCh38,CCTTCGATCAATTGGT-1
GRCh38,CCTTCGATCACAATAC-1
GRCh38,CCTTCGATCACCACAA-1
GRCh38,CCTTCGATCACGCGTG-1
GRCh38,CCTTCGATCCCATCAT-1
GRCh38,CCTTCGATCCTATCAC-1
GRCh38,CCTTCGATCCTGGTAA-1
GRCh38,CCTTCGATCCTTAACC-1
GRCh38,CCTTCGATCGGAGCTT-1
GRCh38,CCTTCGGGTAGTCCGA-1
GRCh38,CCTTCGGGTATAGGGA-1
GRCh38,CCTTCGGGTCTATAAG-1
GRCh38,CCTTCGGGTGCACAGC-1
GRCh38,CCTTCGGGTGGTAATC-1
GRCh38,CCTTCGGGTGTATCGG-1
GRCh38,CCTTCGGGTGTTGTAA-1
GRCh38,CCTTCTACAACCAACT-1
GRCh38,CCTTCTACAAGTCATC-1
GRCh38,CCTTCTACAATAGCCT-1
GRCh38,CCTTCTACAATCCTAA-1
GRCh38,CCTTCTACACCAAGGG-1
GRCh38,CCTTCTCTCAAGGCTC-1
GRCh38,CCTTCTCTCAAGTTCG-1
GRCh38,CCTTCTCTCAATCGGC-1
GRCh38,CCTTCTCTCAGCAGTC-1
GRCh38,CCTTCTCTCAGCGTGT-1
GRCh38,CCTTCTCTCAGTGATT-1
GRCh38,CCTTCTCTCCAGTCAA-1
GRCh38,CCTTCTCTCCATTCTA-1
GRCh38,CCTTCTCTCCCACAGG-1
GRCh38,CCTTCTCTCCCTATAC-1
GRCh38,CCTTCTCTCCGTACTT-1
GRCh38,CCTTCTCTCCGTCTAT-1
GRCh38,CCTTCTCTCCTGTACT-1
GRCh38,CCTTCTCTCGGTACGT-1
GRCh38,CCTTCTCTCGTTCGTT-1
GRCh38,CCTTGAGCAAGCGTAA-1
GRCh38,CCTTGAGCAATAAGGT-1
GRCh38,CCTTGAGCAATATGCC-1
GRCh38,CCTTGAGCAATCAGCT-1
GRCh38,CCTTGAGCACAGGACG-1
GRCh38,CCTTGAGCAGCTAATC-1
GRCh38,CCTTGAGCAGGTAAAT-1
GRCh38,CCTTGAGCAGTTGATC-1
GRCh38,CCTTGCCAGACTTGTG-1
GRCh38,CCTTGCCAGAGAAGCT-1
GRCh38,CCTTGCCAGCACTGTA-1
GRCh38,CCTTGCCAGCCGTTGG-1
GRCh38,CCTTGCCAGCGTTGTA-1
GRCh38,CCTTGCCAGGCCATGT-1
GRCh38,CCTTGCCAGGCTTATG-1
GRCh38,CCTTGCGGTACTTATC-1
GRCh38,CCTTGCGGTAGCGTCA-1
GRCh38,CCTTGCGGTAGTCCGA-1
GRCh38,CCTTGCGGTATAGTCA-1
GRCh38,CCTTGCGGTATCCAGG-1
GRCh38,CCTTGCGGTATGGGTT-1
GRCh38,CCTTGCGGTCAAGTTA-1
GRCh38,CCTTGCGGTCGCTTCG-1
GRCh38,CCTTGCGGTCTACTAT-1
GRCh38,CCTTGCGGTGTGGCCG-1
GRCh38,CCTTGTAGTAAGTGAG-1
GRCh38,CCTTGTAGTACGGTGC-1
GRCh38,CCTTGTAGTATACTTC-1
GRCh38,CCTTGTAGTCACTTTG-1
GRCh38,CCTTGTAGTCCTAGCT-1
GRCh38,CCTTGTAGTCGGTTTC-1
GRCh38,CCTTGTAGTCTGTACC-1
GRCh38,CCTTGTAGTCTTATAC-1
GRCh38,CCTTGTAGTGCACAGC-1
GRCh38,CCTTGTAGTGCGAATT-1
GRCh38,CCTTGTAGTGGTATGT-1
GRCh38,CCTTGTAGTGGTCAGC-1
GRCh38,CCTTGTAGTGGTTGAT-1
GRCh38,CCTTGTAGTGTGTTCC-1
GRCh38,CCTTGTGTCACATAAC-1
GRCh38,CCTTGTGTCACGGCCA-1
GRCh38,CCTTGTGTCAGTATCG-1
GRCh38,CCTTGTGTCATAGTGT-1
GRCh38,CCTTGTGTCATTGTCC-1
GRCh38,CCTTGTGTCCCGCATC-1
GRCh38,CCTTGTGTCGGACTTA-1
GRCh38,CCTTTAATCAACCCTT-1
GRCh38,CCTTTAATCACATAAC-1
GRCh38,CCTTTAATCACTATCC-1
GRCh38,CCTTTAATCAGCACTA-1
GRCh38,CCTTTAATCAGCCGCA-1
GRCh38,CCTTTAATCAGTCAAT-1
GRCh38,CCTTTAATCATTGTGG-1
GRCh38,CCTTTAATCCAAATGT-1
GRCh38,CCTTTAATCCAACGTA-1
GRCh38,CCTTTAATCCAAGTAT-1
GRCh38,CCTTTAATCCATCGCC-1
GRCh38,CCTTTAATCCCGCTTA-1
GRCh38,CCTTTAATCCGATCAA-1
GRCh38,CCTTTAATCGCACTCC-1
GRCh38,CCTTTAATCGGCTTAA-1
GRCh38,CCTTTAATCGGCTTCC-1
GRCh38,CCTTTAATCGGTATAT-1
GRCh38,CCTTTAATCGGTGTTA-1
GRCh38,CCTTTAATCGTCAACA-1
GRCh38,CCTTTACAGAACTTGT-1
GRCh38,CCTTTACAGACAGGAT-1
GRCh38,CCTTTACAGCCGTTAA-1
GRCh38,CCTTTACAGCTAGCTA-1
GRCh38,CCTTTACAGGCACGTT-1
GRCh38,CCTTTACAGGGATAGT-1
GRCh38,CCTTTACAGGGATGAT-1
GRCh38,CCTTTAGGTAGGCATT-1
GRCh38,CCTTTAGGTATACTAG-1
GRCh38,CCTTTAGGTCCTTATG-1
GRCh38,CCTTTAGGTCGTAGTG-1
GRCh38,CCTTTAGGTGCTCCGC-1
GRCh38,CCTTTAGGTGGACGGA-1
GRCh38,CCTTTAGGTGGCATTG-1
GRCh38,CCTTTAGGTGGCTAGC-1
GRCh38,CCTTTCACAAAGCCGG-1
GRCh38,CCTTTCACAACCTTAA-1
GRCh38,CCTTTCACAATGGACA-1
GRCh38,CCTTTCACAATTCGGT-1
GRCh38,CCTTTCACACGAGCGA-1
GRCh38,CCTTTCACACGTAGGG-1
GRCh38,CCTTTCACACTTAAAT-1
GRCh38,CCTTTCACAGCTATCG-1
GRCh38,CCTTTCACAGGTACAA-1
GRCh38,CCTTTCCTCAGCATAT-1
GRCh38,CCTTTCCTCAGGACTC-1
GRCh38,CCTTTCCTCATAACTA-1
GRCh38,CCTTTCCTCATACCTC-1
GRCh38,CCTTTCCTCATCGGCG-1
GRCh38,CCTTTCCTCATTACAA-1
GRCh38,CCTTTCCTCCCGACTC-1
GRCh38,CCTTTCCTCCCGGCTT-1
GRCh38,CCTTTCCTCCGAGCAT-1
GRCh38,CCTTTCCTCGTTAGGC-1
GRCh38,CCTTTCGAGACCTACA-1
GRCh38,CCTTTCGAGACGGAGC-1
GRCh38,CCTTTCGAGAGGATTA-1
GRCh38,CCTTTCGAGAGGCGGT-1
GRCh38,CCTTTCGAGAGGTAAC-1
GRCh38,CCTTTCGAGCACAGGA-1
GRCh38,CCTTTCGAGCGTGAAG-1
GRCh38,CCTTTCGAGGCTACCG-1
GRCh38,CCTTTGAGTAAGGTCT-1
GRCh38,CCTTTGAGTAATTTGG-1
GRCh38,CCTTTGAGTAGACTCG-1
GRCh38,CCTTTGAGTCACGGCG-1
GRCh38,CCTTTGAGTCCGGTAA-1
GRCh38,CCTTTGAGTCTAGGTG-1
GRCh38,CCTTTGAGTGGCGCTG-1
GRCh38,CCTTTGAGTGGTTGTG-1
GRCh38,CCTTTGAGTGTACCCT-1
GRCh38,CCTTTGAGTGTTAGGT-1
GRCh38,CCTTTGGTCCCGGCTT-1
GRCh38,CCTTTGGTCCGACTCC-1
GRCh38,CCTTTGGTCCGATCGG-1
GRCh38,CCTTTGGTCCGGGCTA-1
GRCh38,CCTTTGGTCCTAATCC-1
GRCh38,CCTTTGGTCGCTTCCA-1
GRCh38,CCTTTGGTCGGCTGCA-1
GRCh38,CGAAACCTCACGACAC-1
GRCh38,CGAAACCTCACGTATG-1
GRCh38,CGAAACCTCAGGGCAA-1
GRCh38,CGAAACCTCCACGAGT-1
GRCh38,CGAAACCTCCTGATTC-1
GRCh38,CGAAACCTCCTTCGTG-1
GRCh38,CGAAACCTCGCTTTCG-1
GRCh38,CGAAACCTCGGCCATG-1
GRCh38,CGAAACGAGAGCGATG-1
GRCh38,CGAAACGAGATAGGCG-1
GRCh38,CGAAACGAGATGCCCG-1
GRCh38,CGAAACGAGCGAAGCA-1
GRCh38,CGAAACGAGCGAGTCT-1
GRCh38,CGAAACGAGCGGTTTA-1
GRCh38,CGAAACGAGCTTAGCA-1
GRCh38,CGAAACGAGGCACCCA-1
GRCh38,CGAAACGAGGGAATAC-1
GRCh38,CGAAACGAGGTAGGTG-1
GRCh38,CGAACACTCAGGCCCA-1
GRCh38,CGAACACTCAGTCCTT-1
GRCh38,CGAACACTCCCCACGT-1
GRCh38,CGAACACTCCGACGCA-1
GRCh38,CGAACACTCCGGCGTA-1
GRCh38,CGAACACTCCTGAACA-1
GRCh38,CGAACACTCGTGCAGT-1
GRCh38,CGAACACTCGTTAGCA-1
GRCh38,CGAACAGAGAGAAGGA-1
GRCh38,CGAACAGAGCTATGTG-1
GRCh38,CGAACAGAGGCCTCGA-1
GRCh38,CGAACCCCAAAACCAG-1
GRCh38,CGAACCCCAAAAGCCA-1
GRCh38,CGAACCCCAAACCTTA-1
GRCh38,CGAACCCCAAAGGCAC-1
GRCh38,CGAACCCCAACTTCGG-1
GRCh38,CGAACCCCAAGCGTAA-1
GRCh38,CGAACCCCAAGCTGAA-1
GRCh38,CGAACCCCACAGTTCG-1
GRCh38,CGAACCCCACATATCA-1
GRCh38,CGAACCCCACCACGGT-1
GRCh38,CGAACCCCACGCTCAA-1
GRCh38,CGAACCCCACGCTGAC-1
GRCh38,CGAACCCCAGCACGGA-1
GRCh38,CGAACCCCAGCCTTTC-1
GRCh38,CGAACGAAGAACTAGA-1
GRCh38,CGAACGAAGATTCAAC-1
GRCh38,CGAACGAAGCACATCA-1
GRCh38,CGAACGAAGCACTTAG-1
GRCh38,CGAACGAAGCCTAGAC-1
GRCh38,CGAACGAAGCCTGCAG-1
GRCh38,CGAACGAAGCTGTGCG-1
GRCh38,CGAACGAAGGCGATAG-1
GRCh38,CGAACGAAGGGGTATG-1
GRCh38,CGAACGAAGGTACCCG-1
GRCh38,CGAACGGCAAACGGCG-1
GRCh38,CGAACGGCAACAGAAT-1
GRCh38,CGAACGGCAAGGTTAG-1
GRCh38,CGAACGGCACCACTAG-1
GRCh38,CGAACGGCACTCCACT-1
GRCh38,CGAACGGCAGGAACTA-1
GRCh38,CGAACGGCAGGTAACA-1
GRCh38,CGAACGGCAGGTCATT-1
GRCh38,CGAACGGCAGTACTTA-1
GRCh38,CGAAGATAGAAGCATA-1
GRCh38,CGAAGATAGAGCCGAA-1
GRCh38,CGAAGATAGCACAGGA-1
GRCh38,CGAAGATAGCACGCCA-1
GRCh38,CGAAGATAGCATCTAG-1
GRCh38,CGAAGATAGCATTACG-1
GRCh38,CGAAGATAGCGGTCAT-1
GRCh38,CGAAGATAGCGTCTAA-1
GRCh38,CGAAGATAGCTAGTGC-1
GRCh38,CGAAGATAGCTATCGA-1
GRCh38,CGAAGATAGCTCAGGT-1
GRCh38,CGAAGATAGGCGGATA-1
GRCh38,CGAAGATAGGCGGTTT-1
GRCh38,CGAAGATAGGGAGTTG-1
GRCh38,CGAAGATAGGGCGAGT-1
GRCh38,CGAAGATAGGGTAAGT-1
GRCh38,CGAAGATAGGTAGTAA-1
GRCh38,CGAAGCAAGACATGGG-1
GRCh38,CGAAGCAAGATCTCGA-1
GRCh38,CGAAGCAAGATGGGAT-1
GRCh38,CGAAGCAAGCACCCAG-1
GRCh38,CGAAGCAAGCATAATC-1
GRCh38,CGAAGCAAGCGTTATG-1
GRCh38,CGAAGCAAGCTTGATG-1
GRCh38,CGAAGCAAGGCTCTAA-1
GRCh38,CGAAGCCGTAAGCCAT-1
GRCh38,CGAAGCCGTACTATAG-1
GRCh38,CGAAGCCGTATAGCGT-1
GRCh38,CGAAGCCGTATCGCTC-1
GRCh38,CGAAGCCGTCCACGGG-1
GRCh38,CGAAGCCGTGCAATGT-1
GRCh38,CGAAGCCGTGGCGCTG-1
GRCh38,CGAAGCCGTGGCGTTA-1
GRCh38,CGAAGCCGTGGTAGCC-1
GRCh38,CGAAGGGGTACATTTC-1
GRCh38,CGAAGGGGTACCTATT-1
GRCh38,CGAAGGGGTCAACTCC-1
GRCh38,CGAAGGGGTCGTACCT-1
GRCh38,CGAAGGGGTCGTTCCG-1
GRCh38,CGAAGGGGTCTCGAAG-1
GRCh38,CGAAGGGGTCTCTAAT-1
GRCh38,CGAAGGGGTGGGGTAG-1
GRCh38,CGAAGGGGTGGTTATA-1
GRCh38,CGAAGGTCAAAGTCTC-1
GRCh38,CGAAGGTCAACACGGG-1
GRCh38,CGAAGGTCAACTCACG-1
GRCh38,CGAAGGTCAATGTGAG-1
GRCh38,CGAAGGTCACAACTCG-1
GRCh38,CGAAGGTCACATTTAG-1
GRCh38,CGAAGGTCACTGGCAC-1
GRCh38,CGAAGGTCAGGTTTAC-1
GRCh38,CGAAGGTCAGTACGCC-1
GRCh38,CGAAGTACAAATTGGG-1
GRCh38,CGAAGTACAAGCGTCC-1
GRCh38,CGAAGTACACAACTCG-1
GRCh38,CGAAGTACACCTACGA-1
GRCh38,CGAAGTACAGGACGCA-1
GRCh38,CGAAGTACAGTATGCT-1
GRCh38,CGAAGTCTCAAACCTG-1
GRCh38,CGAAGTCTCACACCTT-1
GRCh38,CGAAGTCTCACAGACC-1
GRCh38,CGAAGTCTCACATCTC-1
GRCh38,CGAAGTCTCCTAATCC-1
GRCh38,CGAAGTCTCGTAACTG-1
GRCh38,CGAAGTGAGAAACCCC-1
GRCh38,CGAAGTGAGAAAGCTA-1
GRCh38,CGAAGTGAGACATGCC-1
GRCh38,CGAAGTGAGATAACGA-1
GRCh38,CGAAGTGAGATGGTGG-1
GRCh38,CGAAGTGAGCAACGTC-1
GRCh38,CGAAGTGAGCAAGGGC-1
GRCh38,CGAAGTGAGCATGGTC-1
GRCh38,CGAAGTGAGCGAACGA-1
GRCh38,CGAAGTGAGCGTTTAG-1
GRCh38,CGAAGTGAGCTAATAC-1
GRCh38,CGAAGTGAGCTCTGGG-1
GRCh38,CGAAGTTGTAACAGAG-1
GRCh38,CGAAGTTGTCAAAGCT-1
GRCh38,CGAAGTTGTCATACAA-1
GRCh38,CGAAGTTGTCATGCAG-1
GRCh38,CGAAGTTGTCCATATT-1
GRCh38,CGAAGTTGTCCCTGAT-1
GRCh38,CGAAGTTGTCCGCTTG-1
GRCh38,CGAAGTTGTCGATGAT-1
GRCh38,CGAAGTTGTGCCTCTG-1
GRCh38,CGAAGTTGTGCGTCTT-1
GRCh38,CGAAGTTGTGTTGGAT-1
GRCh38,CGAATCATCAAGCACC-1
GRCh38,CGAATCATCAGACTGC-1
GRCh38,CGAATCATCATAGCAT-1
GRCh38,CGAATCATCCACCTAT-1
GRCh38,CGAATCATCCGCAGCA-1
GRCh38,CGAATCATCGCTCTCA-1
GRCh38,CGAATCATCGCTTTCG-1
GRCh38,CGAATCATCGTCTCAT-1
GRCh38,CGAATCTCAAAACGAT-1
GRCh38,CGAATCTCAAACGAGC-1
GRCh38,CGAATCTCAAATCTAT-1
GRCh38,CGAATCTCAAATGAAC-1
GRCh38,CGAATCTCAACGTTCG-1
GRCh38,CGAATCTCAAGTCATC-1
GRCh38,CGAATCTCACAATGGA-1
GRCh38,CGAATCTCACAATTAT-1
GRCh38,CGAATCTCACCGAATT-1
GRCh38,CGAATCTCACTGCAAT-1
GRCh38,CGAATCTCAGTAGCGG-1
GRCh38,CGAATCTCAGTCCTAG-1
GRCh38,CGAATGCTCACATTCC-1
GRCh38,CGAATGCTCATAGTCG-1
GRCh38,CGAATGCTCCATCGTT-1
GRCh38,CGAATGCTCCTCCGGT-1
GRCh38,CGAATGCTCCTGCACC-1
GRCh38,CGAATGGAGACATGGG-1
GRCh38,CGAATGGAGACGGCAA-1
GRCh38,CGAATGGAGAGCGACA-1
GRCh38,CGAATGGAGCCAAATT-1
GRCh38,CGAATGGAGCCTGGCA-1
GRCh38,CGAATGGAGCGTGAGA-1
GRCh38,CGAATGGAGCTTGTGA-1
GRCh38,CGAATGGAGGCTAGAG-1
GRCh38,CGAATGGAGGTAAATG-1
GRCh38,CGAATGGAGGTATTGT-1
GRCh38,CGAATGGAGGTCCAAC-1
GRCh38,CGAATGGAGGTCTAGC-1
GRCh38,CGAATTGTCAAGTTCG-1
GRCh38,CGAATTGTCACTCTCG-1
GRCh38,CGAATTGTCAGCCGTG-1
GRCh38,CGAATTGTCAGTACGC-1
GRCh38,CGAATTGTCCAACTTC-1
GRCh38,CGAATTGTCCAAGCTA-1
GRCh38,CGAATTGTCCGCATAA-1
GRCh38,CGAATTGTCCTGGGTG-1
GRCh38,CGAATTGTCGCTCCTA-1
GRCh38,CGAATTGTCGCTTACT-1
GRCh38,CGAATTGTCGTCGTAA-1
GRCh38,CGAATTTAGACGCCCA-1
GRCh38,CGAATTTAGATGCCCG-1
GRCh38,CGAATTTAGCAGCCAT-1
GRCh38,CGAATTTAGCCATAAT-1
GRCh38,CGAATTTAGCCGCCAA-1
GRCh38,CGAATTTAGCCGTTAA-1
GRCh38,CGAATTTAGGGTATCC-1
GRCh38,CGACAAGAGACCCTAA-1
GRCh38,CGACAAGAGACTATCG-1
GRCh38,CGACAAGAGAGAGGTT-1
GRCh38,CGACAAGAGAGCGGTA-1
GRCh38,CGACAAGAGATGACGG-1
GRCh38,CGACAAGAGATGTATC-1
GRCh38,CGACAAGAGCAGGAGC-1
GRCh38,CGACAAGAGCCCTTAT-1
GRCh38,CGACAAGAGCGACCAT-1
GRCh38,CGACAAGAGGCATAGG-1
GRCh38,CGACAAGAGGCGAGTA-1
GRCh38,CGACAAGAGGGTACAG-1
GRCh38,CGACAAGAGGTAGGTG-1
GRCh38,CGACACCCAAGCTGAA-1
GRCh38,CGACACCCAATACACC-1
GRCh38,CGACACCCAATCGCAT-1
GRCh38,CGACACCCACAGGTAA-1
GRCh38,CGACACCCACCGTCAA-1
GRCh38,CGACACCCACCTTACC-1
GRCh38,CGACACCCACGCCAAC-1
GRCh38,CGACACCCACTATCCC-1
GRCh38,CGACACCCACTATTCT-1
GRCh38,CGACACCCAGCGTGAG-1
GRCh38,CGACACCCAGTTGGGG-1
GRCh38,CGACAGAAGAAAGGAG-1
GRCh38,CGACAGAAGAACCATT-1
GRCh38,CGACAGAAGAGGCGAC-1
GRCh38,CGACAGAAGAGGTGAT-1
GRCh38,CGACAGAAGAGTGATA-1
GRCh38,CGACAGAAGAGTGCAG-1
GRCh38,CGACAGAAGCTCGTAA-1
GRCh38,CGACAGAAGGTAGACG-1
GRCh38,CGACAGCGTAACCGTG-1
GRCh38,CGACAGCGTAGGACCC-1
GRCh38,CGACAGCGTATCAATG-1
GRCh38,CGACAGCGTCTATTCG-1
GRCh38,CGACAGCGTCTTCAAT-1
GRCh38,CGACAGCGTGCAATGT-1
GRCh38,CGACCATAGATATACC-1
GRCh38,CGACCATAGATGACGG-1
GRCh38,CGACCATAGCAAGAGT-1
GRCh38,CGACCATAGCGGGTTT-1
GRCh38,CGACCATAGCTCTCAT-1
GRCh38,CGACCATAGGCCTCGA-1
GRCh38,CGACCATAGGGAGCTA-1
GRCh38,CGACCATAGGTCTGGT-1
GRCh38,CGACCATAGGTGAGAT-1
GRCh38,CGACCCCGTACCTGTC-1
GRCh38,CGACCCCGTATGGAGA-1
GRCh38,CGACCCCGTCACTATT-1
GRCh38,CGACCCCGTCATACCC-1
GRCh38,CGACCCCGTCATACTT-1
GRCh38,CGACCCCGTCGGTTAG-1
GRCh38,CGACCCCGTCGGTTTC-1
GRCh38,CGACCCCGTGTGTAGT-1
GRCh38,CGACCCTTCAAATCTA-1
GRCh38,CGACCCTTCACAGACC-1
GRCh38,CGACCCTTCACTCCGC-1
GRCh38,CGACCCTTCACTTCCG-1
GRCh38,CGACCCTTCAGTAATC-1
GRCh38,CGACCCTTCATCAATA-1
GRCh38,CGACCCTTCATCACTC-1
GRCh38,CGACCCTTCATGTCCT-1
GRCh38,CGACCCTTCCAGGTGT-1
GRCh38,CGACCCTTCCCATATC-1
GRCh38,CGACCCTTCCCGCATC-1
GRCh38,CGACCCTTCCGGTTAA-1
GRCh38,CGACCCTTCCGTACAA-1
GRCh38,CGACCCTTCCGTTACT-1
GRCh38,CGACCCTTCCTAATGG-1
GRCh38,CGACCCTTCCTACGCC-1
GRCh38,CGACCCTTCGTATAAC-1
GRCh38,CGACCCTTCGTTGCTT-1
GRCh38,CGACCTACAACGGTCC-1
GRCh38,CGACCTACAACTGAGA-1
GRCh38,CGACCTACAATATCTG-1
GRCh38,CGACCTACACAAGACA-1
GRCh38,CGACCTACACGCAATT-1
GRCh38,CGACCTACACGGTGTC-1
GRCh38,CGACCTACACGTAACT-1
GRCh38,CGACCTACAGCCCTAA-1
GRCh38,CGACCTACAGCCTGAC-1
GRCh38,CGACCTACAGTATGCT-1
GRCh38,CGACGCATCAAACCGC-1
GRCh38,CGACGCATCAGACACC-1
GRCh38,CGACGCATCATCAGCA-1
GRCh38,CGACGCATCCAATTAA-1
GRCh38,CGACGCATCCCAAATG-1
GRCh38,CGACGCATCGGTTATG-1
GRCh38,CGACGCATCGTATAGT-1
GRCh38,CGACGCATCGTGCTCC-1
GRCh38,CGACGGACAACAGAGC-1
GRCh38,CGACGGACAACGAAGC-1
GRCh38,CGACGGACAACGAGAC-1
GRCh38,CGACGGACAACGCACC-1
GRCh38,CGACGGACACACTCTC-1
GRCh38,CGACGGACACACTTAA-1
GRCh38,CGACGGACACTCCTAC-1
GRCh38,CGACGGACAGTACTTA-1
GRCh38,CGACGGTGTAGTGTCG-1
GRCh38,CGACGGTGTATACGGT-1
GRCh38,CGACGGTGTCCTGATC-1
GRCh38,CGACGGTGTCGACGGT-1
GRCh38,CGACGGTGTCGCACCC-1
GRCh38,CGACGGTGTCTAAATG-1
GRCh38,CGACGGTGTGCATAGT-1
GRCh38,CGACGGTGTGCCTCTG-1
GRCh38,CGACGGTGTGGCTAAT-1
GRCh38,CGACGGTGTGGGACCT-1
GRCh38,CGACGGTGTGGGAGCA-1
GRCh38,CGACGGTGTGGGTTGC-1
GRCh38,CGACGGTGTGGTTCAG-1
GRCh38,CGACGGTGTGTCTGAG-1
GRCh38,CGACGTAGTAAGCCGC-1
GRCh38,CGACGTAGTATCATTC-1
GRCh38,CGACGTAGTATTCGTT-1
GRCh38,CGACGTAGTCCAAGAT-1
GRCh38,CGACGTAGTCGCTTCG-1
GRCh38,CGACGTAGTGCATCAG-1
GRCh38,CGACGTAGTGTGGATT-1
GRCh38,CGACGTTAGAACGCGA-1
GRCh38,CGACGTTAGACTTTGG-1
GRCh38,CGACGTTAGCAGTCTA-1
GRCh38,CGACGTTAGCCCTTGC-1
GRCh38,CGACGTTAGCGGTTCG-1
GRCh38,CGACGTTAGGCAAAGT-1
GRCh38,CGACGTTAGGGACGGT-1
GRCh38,CGACGTTAGGGACTGA-1
GRCh38,CGACTAATCACTCCGC-1
GRCh38,CGACTAATCATATTAG-1
GRCh38,CGACTAATCCACTACT-1
GRCh38,CGACTAATCCGATAAT-1
GRCh38,CGACTAATCCGGACCA-1
GRCh38,CGACTAATCGTAGTTG-1
GRCh38,CGACTAGGTCACACTC-1
GRCh38,CGACTAGGTCGCATCT-1
GRCh38,CGACTAGGTCTAGTAA-1
GRCh38,CGACTAGGTCTCGTCG-1
GRCh38,CGACTAGGTGCTGGGT-1
GRCh38,CGACTAGGTGTGGCGT-1
GRCh38,CGACTCCTCAAAGGGT-1
GRCh38,CGACTCCTCACCTTAC-1
GRCh38,CGACTCCTCATAGCAT-1
GRCh38,CGACTCCTCATGGAAA-1
GRCh38,CGACTCCTCCATTCAC-1
GRCh38,CGACTCCTCCCAAAGC-1
GRCh38,CGACTCCTCCCCACTA-1
GRCh38,CGACTCCTCCCGCGTT-1
GRCh38,CGACTCCTCCCTTCCT-1
GRCh38,CGACTCCTCGGTCCCT-1
GRCh38,CGACTCCTCGTCTTAC-1
GRCh38,CGACTCTGTAAATCCA-1
GRCh38,CGACTCTGTACGGTTG-1
GRCh38,CGACTCTGTACTTAAG-1
GRCh38,CGACTCTGTAGCGGTC-1
GRCh38,CGACTCTGTAGGGAGT-1
GRCh38,CGACTCTGTAGGGCGA-1
GRCh38,CGACTCTGTAGGGGAT-1
GRCh38,CGACTCTGTATCACCC-1
GRCh38,CGACTCTGTCCTACGT-1
GRCh38,CGACTCTGTGCCCGTC-1
GRCh38,CGACTCTGTGGACCGT-1
GRCh38,CGACTCTGTGTAGTTA-1
GRCh38,CGACTCTGTGTGGCCG-1
GRCh38,CGACTTCGTATACGTA-1
GRCh38,CGACTTCGTATGCGCA-1
GRCh38,CGACTTCGTATTGGTA-1
GRCh38,CGACTTCGTCAAGGCC-1
GRCh38,CGACTTCGTCCTAATT-1
GRCh38,CGACTTCGTCTTGTAT-1
GRCh38,CGACTTCGTGCTGTCT-1
GRCh38,CGACTTCGTGTTGCGA-1
GRCh38,CGAGCATTCACCTCAT-1
GRCh38,CGAGCATTCAGAATAG-1
GRCh38,CGAGCATTCAGTCGCG-1
GRCh38,CGAGCATTCATAATGC-1
GRCh38,CGAGCATTCCAATACG-1
GRCh38,CGAGCATTCCACCCGT-1
GRCh38,CGAGCATTCCCTGAAA-1
GRCh38,CGAGCATTCCTTCATA-1
GRCh38,CGAGCATTCGCCAATA-1
GRCh38,CGAGCATTCGCTAATG-1
GRCh38,CGAGCATTCGTAGCGT-1
GRCh38,CGAGCATTCGTATCTC-1
GRCh38,CGAGCGACAACGGACG-1
GRCh38,CGAGCGACAACGTACT-1
GRCh38,CGAGCGACAACGTCCA-1
GRCh38,CGAGCGACAAGCGGCA-1
GRCh38,CGAGCGACAAGTACAG-1
GRCh38,CGAGCGACACACAGCC-1
GRCh38,CGAGCGACAGGACAAC-1
GRCh38,CGAGCGACAGGACATA-1
GRCh38,CGAGCGTGTAACGCTG-1
GRCh38,CGAGCGTGTACTATGA-1
GRCh38,CGAGCGTGTAGTGTCG-1
GRCh38,CGAGCGTGTATTACCT-1
GRCh38,CGAGCGTGTCAATGCG-1
GRCh38,CGAGCGTGTCATTAAG-1
GRCh38,CGAGCGTGTCCTGATC-1
GRCh38,CGAGCGTGTCGGTTCT-1
GRCh38,CGAGCGTGTGGGAGAT-1
GRCh38,CGAGGAGGTAAGCAAG-1
GRCh38,CGAGGAGGTATATCCT-1
GRCh38,CGAGGAGGTATTGGTA-1
GRCh38,CGAGGAGGTCCTAGCT-1
GRCh38,CGAGGAGGTCTAGTAA-1
GRCh38,CGAGGAGGTGCATTGG-1
GRCh38,CGAGGAGGTGGGGTAG-1
GRCh38,CGAGGAGGTGGGGTTC-1
GRCh38,CGAGGAGGTGTCCGCC-1
GRCh38,CGAGGAGGTGTGCCCC-1
GRCh38,CGAGGCTGTAATCTTC-1
GRCh38,CGAGGCTGTACTAAGC-1
GRCh38,CGAGGCTGTAGTGTAC-1
GRCh38,CGAGGCTGTATGTACA-1
GRCh38,CGAGGCTGTCAATGTA-1
GRCh38,CGAGGCTGTCCAGGTA-1
GRCh38,CGAGGCTGTCGATGAT-1
GRCh38,CGAGGCTGTCGCTGCC-1
GRCh38,CGAGGCTGTGCCATTC-1
GRCh38,CGAGGCTGTGGCAATT-1
GRCh38,CGAGGCTGTGGCTTCT-1
GRCh38,CGAGGCTGTGTGCGTA-1
GRCh38,CGAGGGAGTAAACGCT-1
GRCh38,CGAGGGAGTACCTTAT-1
GRCh38,CGAGGGAGTAGAGTGA-1
GRCh38,CGAGGGAGTCACCGCC-1
GRCh38,CGAGGGAGTCATTAAG-1
GRCh38,CGAGGGAGTCCACGTT-1
GRCh38,CGAGGGAGTCCAGATG-1
GRCh38,CGAGGGAGTGTCCGCC-1
GRCh38,CGAGTAACAAAGTGCA-1
GRCh38,CGAGTAACAACGTACT-1
GRCh38,CGAGTAACACAGTTCG-1
GRCh38,CGAGTAGAGAAGTACA-1
GRCh38,CGAGTAGAGAGTGATA-1
GRCh38,CGAGTAGAGATGTATC-1
GRCh38,CGAGTAGAGCCGCTGA-1
GRCh38,CGAGTAGAGGTCCAGT-1
GRCh38,CGAGTCAGTCCAAAGT-1
GRCh38,CGAGTCAGTCCCAAAG-1
GRCh38,CGAGTCAGTCCGAATG-1
GRCh38,CGAGTCAGTCCTCGAT-1
GRCh38,CGAGTCAGTCTGTCTA-1
GRCh38,CGAGTCAGTGGACCGT-1
GRCh38,CGAGTCAGTGTGCGTA-1
GRCh38,CGAGTCAGTGTGGCCG-1
GRCh38,CGAGTCAGTGTGTCCT-1
GRCh38,CGAGTCAGTGTTGGAT-1
GRCh38,CGAGTCTAGAACTAGA-1
GRCh38,CGAGTCTAGAACTGAA-1
GRCh38,CGAGTCTAGAAGGCGC-1
GRCh38,CGAGTCTAGACATATC-1
GRCh38,CGAGTCTAGACTAATC-1
GRCh38,CGAGTCTAGAGCGAAT-1
GRCh38,CGAGTCTAGCAAATTC-1
GRCh38,CGAGTCTAGCCCACAG-1
GRCh38,CGAGTCTAGCCTTAGA-1
GRCh38,CGAGTCTAGCTCATAG-1
GRCh38,CGAGTCTAGCTCTGGG-1
GRCh38,CGAGTGCGTACAGGCC-1
GRCh38,CGAGTGCGTACGAGTT-1
GRCh38,CGAGTGCGTAGAGGCG-1
GRCh38,CGAGTGCGTATAGTCA-1
GRCh38,CGAGTGCGTCACCGCC-1
GRCh38,CGAGTGCGTCGCACCC-1
GRCh38,CGAGTGCGTCTACGCT-1
GRCh38,CGAGTGCGTGTGCCCC-1
GRCh38,CGAGTGTTCAAGTTCG-1
GRCh38,CGAGTGTTCACGAGCT-1
GRCh38,CGAGTGTTCAGCATTG-1
GRCh38,CGAGTGTTCATAGTAC-1
GRCh38,CGAGTGTTCATCGCCC-1
GRCh38,CGAGTGTTCATCGCTT-1
GRCh38,CGAGTGTTCATGAGTT-1
GRCh38,CGAGTGTTCATGGAAA-1
GRCh38,CGAGTGTTCCCCATTG-1
GRCh38,CGAGTGTTCCGATAAT-1
GRCh38,CGAGTGTTCCGATCGG-1
GRCh38,CGAGTGTTCCTAAGCA-1
GRCh38,CGAGTGTTCCTATGCT-1
GRCh38,CGAGTGTTCCTGGGCA-1
GRCh38,CGAGTGTTCGCTGTAA-1
GRCh38,CGAGTGTTCGTATTCC-1
GRCh38,CGATAAGCAACATGCT-1
GRCh38,CGATAAGCAACTATCA-1
GRCh38,CGATAAGCAATTCGAC-1
GRCh38,CGATAAGCACACTGCA-1
GRCh38,CGATAAGCACCAGACC-1
GRCh38,CGATAAGCACCGCAGT-1
GRCh38,CGATAAGCACCTTACC-1
GRCh38,CGATAAGCACGAAGTA-1
GRCh38,CGATAAGCACTAAGGA-1
GRCh38,CGATAAGCAGGACGCA-1
GRCh38,CGATAAGCAGGGAGAA-1
GRCh38,CGATAAGCAGTAAACG-1
GRCh38,CGATAATTCAAGGGTG-1
GRCh38,CGATAATTCACAAGCC-1
GRCh38,CGATAATTCATAATGC-1
GRCh38,CGATAATTCATCCCAT-1
GRCh38,CGATAATTCATGTGGC-1
GRCh38,CGATAATTCCGCTCTA-1
GRCh38,CGATAATTCCTTGTGT-1
GRCh38,CGATAATTCGCGCCTT-1
GRCh38,CGATAATTCGGACATC-1
GRCh38,CGATAATTCGGTTATG-1
GRCh38,CGATAATTCGGTTTAG-1
GRCh38,CGATACATCAGCTTAG-1
GRCh38,CGATACATCATTCGTC-1
GRCh38,CGATACATCCCCACTA-1
GRCh38,CGATACATCCGCTCTA-1
GRCh38,CGATACATCCGGCCTT-1
GRCh38,CGATACATCCTTCAAC-1
GRCh38,CGATACATCGGCCCTT-1
GRCh38,CGATAGACAAAACCAG-1
GRCh38,CGATAGACAAGCGAAC-1
GRCh38,CGATAGACACTAAGCT-1
GRCh38,CGATAGACACTCATAA-1
GRCh38,CGATAGACAGCAATCT-1
GRCh38,CGATAGACAGGCGCAA-1
GRCh38,CGATAGCTCAACTATA-1
GRCh38,CGATAGCTCACCATTC-1
GRCh38,CGATAGCTCACTCGCC-1
GRCh38,CGATAGCTCAGCACGT-1
GRCh38,CGATAGCTCCATCTGT-1
GRCh38,CGATAGCTCCATGGGT-1
GRCh38,CGATAGCTCGCCCTAC-1
GRCh38,CGATAGTGTACTGCAG-1
GRCh38,CGATAGTGTATGCCGA-1
GRCh38,CGATAGTGTCACCCAT-1
GRCh38,CGATAGTGTCGGTATG-1
GRCh38,CGATAGTGTCGGTTCT-1
GRCh38,CGATAGTGTCGTCTTA-1
GRCh38,CGATAGTGTCTCATAT-1
GRCh38,CGATAGTGTGCGTTTC-1
GRCh38,CGATAGTGTGCTTCCG-1
GRCh38,CGATAGTGTGGGGATG-1
GRCh38,CGATAGTGTGGGTAGG-1
GRCh38,CGATAGTGTGTCGCGG-1
GRCh38,CGATCAATCAAATGCT-1
GRCh38,CGATCAATCACGCTAA-1
GRCh38,CGATCAATCAGACAGG-1
GRCh38,CGATCAATCAGCCCTC-1
GRCh38,CGATCAATCAGTTTAA-1
GRCh38,CGATCAATCATCCGCC-1
GRCh38,CGATCAATCCAACACA-1
GRCh38,CGATCAATCCCCACGT-1
GRCh38,CGATCAATCGTATCAG-1
GRCh38,CGATCAGGTCCGTCTG-1
GRCh38,CGATCAGGTCGAGTGC-1
GRCh38,CGATCAGGTCGCTAAG-1
GRCh38,CGATCAGGTCGCTTCG-1
GRCh38,CGATCAGGTCTCATTG-1
GRCh38,CGATCAGGTGCACTCT-1
GRCh38,CGATCAGGTGCTCCGC-1
GRCh38,CGATCAGGTGGCGCAT-1
GRCh38,CGATCAGGTGTCTTAT-1
GRCh38,CGATCGGTCAACCAAT-1
GRCh38,CGATCGGTCATCGGAC-1
GRCh38,CGATCGGTCCAGCTCC-1
GRCh38,CGATCGGTCCAGTCCC-1
GRCh38,CGATCGGTCCTGTATC-1
GRCh38,CGATCGGTCGCGGTAT-1
GRCh38,CGATCGGTCGGATTGC-1
GRCh38,CGATCGGTCGGCGTTG-1
GRCh38,CGATGAGAGACCCGCA-1
GRCh38,CGATGAGAGAGCATGG-1
GRCh38,CGATGAGAGAGGGCGT-1
GRCh38,CGATGAGAGATGCTCA-1
GRCh38,CGATGAGAGCACTATG-1
GRCh38,CGATGAGAGCATGTAT-1
GRCh38,CGATGAGAGCCCAGCA-1
GRCh38,CGATGAGAGCCGTGAT-1
GRCh38,CGATGAGAGGCAATTT-1
GRCh38,CGATGAGAGGCTTAAT-1
GRCh38,CGATGATGTAGCTTCC-1
GRCh38,CGATGATGTATATTGG-1
GRCh38,CGATGATGTATGGAGA-1
GRCh38,CGATGATGTATGTACA-1
GRCh38,CGATGATGTATTACAG-1
GRCh38,CGATGATGTATTACCT-1
GRCh38,CGATGATGTCAGCTTC-1
GRCh38,CGATGATGTCCGCATT-1
GRCh38,CGATGATGTCTTATAC-1
GRCh38,CGATGATGTGCAAGCC-1
GRCh38,CGATGATGTGCACAGC-1
GRCh38,CGATGATGTGGGACCT-1
GRCh38,CGATGATGTGGGTTGC-1
GRCh38,CGATGATGTGTCCGGG-1
GRCh38,CGATGATGTGTGCCTT-1
GRCh38,CGATGATGTGTGGTGC-1
GRCh38,CGATGGAAGATGGGCA-1
GRCh38,CGATGGAAGATGGGTG-1
GRCh38,CGATGGAAGCCAAGCT-1
GRCh38,CGATGGAAGCGCTGAT-1
GRCh38,CGATGGAAGCTGTACA-1
GRCh38,CGATGGAAGGGTAGTG-1
GRCh38,CGATGGAAGGTCTGCG-1
GRCh38,CGATGGCGTATCCGTC-1
GRCh38,CGATGGCGTATCGAGT-1
GRCh38,CGATGGCGTCAAGGCC-1
GRCh38,CGATGGCGTCACACCT-1
GRCh38,CGATGGCGTGCGAATT-1
GRCh38,CGATGGCGTGCGTATG-1
GRCh38,CGATGGCGTGGTTATA-1
GRCh38,CGATGGCGTGTCGCTT-1
GRCh38,CGATGGCGTGTTGGAT-1
GRCh38,CGATGGGCAAACTCTA-1
GRCh38,CGATGGGCAACTCCCT-1
GRCh38,CGATGGGCAAGTAACG-1
GRCh38,CGATGGGCACCACGTA-1
GRCh38,CGATGGGCACCTTCCG-1
GRCh38,CGATGGGCAGCCAAGG-1
GRCh38,CGATGGTTCAAGCTCA-1
GRCh38,CGATGGTTCACCCGCT-1
GRCh38,CGATGGTTCATCCTAC-1
GRCh38,CGATGGTTCCAAACCA-1
GRCh38,CGATGGTTCCACATCT-1
GRCh38,CGATGGTTCCCAGTAA-1
GRCh38,CGATGGTTCGCCTTGC-1
GRCh38,CGATGGTTCGGGTATC-1
GRCh38,CGATGGTTCGTATTGG-1
GRCh38,CGATGTATCATGCTTC-1
GRCh38,CGATGTATCATTGCTC-1
GRCh38,CGATGTATCCAACTTC-1
GRCh38,CGATGTATCCCGACTC-1
GRCh38,CGATGTATCCTACAAG-1
GRCh38,CGATGTATCGGTATGC-1
GRCh38,CGATGTATCGTAAGCC-1
GRCh38,CGATGTATCGTCCCTA-1
GRCh38,CGATGTTCAAACCATC-1
GRCh38,CGATGTTCAACAATGG-1
GRCh38,CGATGTTCAAGAGGGA-1
GRCh38,CGATGTTCACCAGCTA-1
GRCh38,CGATGTTCACGCTGAC-1
GRCh38,CGATGTTCAGCGACCT-1
GRCh38,CGATTACCAACACTCG-1
GRCh38,CGATTACCAACTCTCC-1
GRCh38,CGATTACCAACTTAGC-1
GRCh38,CGATTACCAACTTCAA-1
GRCh38,CGATTACCAATCATTG-1
GRCh38,CGATTACCACAAGTCT-1
GRCh38,CGATTACCACACAATC-1
GRCh38,CGATTACCACCACGTA-1
GRCh38,CGATTACCACGACACC-1
GRCh38,CGATTATAGAAAGTGC-1
GRCh38,CGATTATAGACATAAG-1
GRCh38,CGATTATAGAGTTAGA-1
GRCh38,CGATTATAGATAACAG-1
GRCh38,CGATTATAGCAAATTC-1
GRCh38,CGATTATAGCGTCATA-1
GRCh38,CGATTATAGCGTTAAT-1
GRCh38,CGATTATAGCGTTGGT-1
GRCh38,CGATTATAGCTGCTAA-1
GRCh38,CGATTATAGCTGTAAT-1
GRCh38,CGATTATAGGGGAATT-1
GRCh38,CGATTCAAGAAACCCC-1
GRCh38,CGATTCAAGAATGGTA-1
GRCh38,CGATTCAAGACATGTT-1
GRCh38,CGATTCAAGAGTATAG-1
GRCh38,CGATTCAAGATCTTGG-1
GRCh38,CGATTCAAGCAAGAGT-1
GRCh38,CGATTCAAGCTGTATG-1
GRCh38,CGATTCAAGCTGTGCG-1
GRCh38,CGATTCAAGGGACAAT-1
GRCh38,CGATTCCGTACATCTT-1
GRCh38,CGATTCCGTACTAATG-1
GRCh38,CGATTCCGTACTATAG-1
GRCh38,CGATTCCGTATGGCGC-1
GRCh38,CGATTCCGTATGGTCG-1
GRCh38,CGATTCCGTCAGTTGG-1
GRCh38,CGATTCCGTCGTTCGT-1
GRCh38,CGATTCCGTGGCGGTT-1
GRCh38,CGATTCCGTGTACTCC-1
GRCh38,CGATTCCGTGTGCGGT-1
GRCh38,CGATTGCAGACGCGAA-1
GRCh38,CGATTGCAGCGACAAG-1
GRCh38,CGATTGCAGCTAGTAT-1
GRCh38,CGATTGCAGCTGTACA-1
GRCh38,CGATTGCAGGGCCTTG-1
GRCh38,CGATTGCAGGGGACGT-1
GRCh38,CGATTGCAGGTGCCAT-1
GRCh38,CGATTGGGTAGAGAAT-1
GRCh38,CGATTGGGTAGAGGTA-1
GRCh38,CGATTGGGTATACTTC-1
GRCh38,CGATTGGGTATCTTCG-1
GRCh38,CGATTGGGTATGTGCG-1
GRCh38,CGATTGGGTCACCCTG-1
GRCh38,CGATTGGGTCTACTGC-1
GRCh38,CGATTGGGTCTAGGTG-1
GRCh38,CGATTGGGTGCAAGCC-1
GRCh38,CGATTGGGTGCTTTCA-1
GRCh38,CGATTGGGTGGCTTTC-1
GRCh38,CGATTGGGTGTAGGTT-1
GRCh38,CGATTTACAAAGCTTC-1
GRCh38,CGATTTACAACTGGGG-1
GRCh38,CGATTTACAATCATCA-1
GRCh38,CGATTTACAATCGAGA-1
GRCh38,CGATTTACAATGACAG-1
GRCh38,CGATTTACACACCCAA-1
GRCh38,CGATTTACACCTCTCG-1
GRCh38,CGATTTACAGCACCTA-1
GRCh38,CGATTTACAGCTAAAG-1
GRCh38,CGATTTACAGGTCGTC-1
GRCh38,CGATTTACAGTACGGG-1
GRCh38,CGATTTACAGTCAAGA-1
GRCh38,CGATTTGAGAAATTGG-1
GRCh38,CGATTTGAGATGCATT-1
GRCh38,CGATTTGAGATGTTCG-1
GRCh38,CGATTTGAGCACCAAC-1
GRCh38,CGATTTGAGCCTGTGG-1
GRCh38,CGATTTGAGCCTTAAG-1
GRCh38,CGATTTGAGGCACCAT-1
GRCh38,CGATTTGAGGGAGTTG-1
GRCh38,CGATTTGAGGTAAGAC-1
GRCh38,CGATTTGAGGTGTCCG-1
GRCh38,CGCAAATGTACGTTCC-1
GRCh38,CGCAAATGTACTTAAG-1
GRCh38,CGCAAATGTAGCAGGG-1
GRCh38,CGCAAATGTAGCGCGT-1
GRCh38,CGCAAATGTAGCGTTG-1
GRCh38,CGCAAATGTAGTCAGT-1
GRCh38,CGCAAATGTATACGTA-1
GRCh38,CGCAAATGTATCGCTC-1
GRCh38,CGCAAATGTCGACTTC-1
GRCh38,CGCAAATGTCGCTCGC-1
GRCh38,CGCAAATGTCTATGTT-1
GRCh38,CGCAAATGTCTCCGGC-1
GRCh38,CGCAAATGTCTGTACC-1
GRCh38,CGCAAATGTGCATTGG-1
GRCh38,CGCAAATGTGGCGCTG-1
GRCh38,CGCAACCCAAATGGCA-1
GRCh38,CGCAACCCACTAGAAG-1
GRCh38,CGCAACCCAGGCACTC-1
GRCh38,CGCAACCCAGTACGCC-1
GRCh38,CGCAACCCAGTCCTAG-1
GRCh38,CGCAACCCAGTGAGGT-1
GRCh38,CGCAATATCACTGTTC-1
GRCh38,CGCAATATCAGGGTTC-1
GRCh38,CGCAATATCAGTATTA-1
GRCh38,CGCAATATCAGTTATA-1
GRCh38,CGCAATATCATAACTA-1
GRCh38,CGCAATATCATGAGTT-1
GRCh38,CGCAATATCATTGGGC-1
GRCh38,CGCAATATCCATCACT-1
GRCh38,CGCAATATCCCTTCAG-1
GRCh38,CGCAATATCCTCCGAC-1
GRCh38,CGCAATATCCTCTGAT-1
GRCh38,CGCAATATCGGATTGC-1
GRCh38,CGCAATATCGTACATG-1
GRCh38,CGCAATATCGTGCAAC-1
GRCh38,CGCAATATCGTGTCGG-1
GRCh38,CGCAATTCAACACTCG-1
GRCh38,CGCAATTCAACAGCGG-1
GRCh38,CGCAATTCAACGATAG-1
GRCh38,CGCAATTCAAGTAACG-1
GRCh38,CGCAATTCAATACCTA-1
GRCh38,CGCAATTCACACTAAC-1
GRCh38,CGCAATTCACATATCA-1
GRCh38,CGCAATTCACTACTAA-1
GRCh38,CGCAATTCAGCATTCG-1
GRCh38,CGCAATTCAGGAAGCT-1
GRCh38,CGCAATTCAGGTAAGC-1
GRCh38,CGCAATTCAGGTATCT-1
GRCh38,CGCAATTCAGTTGAGA-1
GRCh38,CGCAATTCAGTTGGTT-1
GRCh38,CGCACATAGAACTGAA-1
GRCh38,CGCACATAGACATGAA-1
GRCh38,CGCACATAGAGCCTGT-1
GRCh38,CGCACATAGAGTTTCG-1
GRCh38,CGCACATAGATATCAC-1
GRCh38,CGCACATAGCACTTTC-1
GRCh38,CGCACATAGCGGTGTT-1
GRCh38,CGCACATAGGCTGGTT-1
GRCh38,CGCACATAGGGAGTAT-1
GRCh38,CGCACATAGGGTAAGT-1
GRCh38,CGCACATAGGGTTGTC-1
GRCh38,CGCACATAGGTCCAGT-1
GRCh38,CGCACATAGGTGCCCA-1
GRCh38,CGCACCCGTCAATGCG-1
GRCh38,CGCACCCGTCACGCGG-1
GRCh38,CGCACCCGTCCATATT-1
GRCh38,CGCACCCGTCGAGCGT-1
GRCh38,CGCACCCGTCTATCGC-1
GRCh38,CGCACCCGTGTAACGT-1
GRCh38,CGCACGTCAAACCCAT-1
GRCh38,CGCACGTCAACGGGAT-1
GRCh38,CGCACGTCAACTGAAG-1
GRCh38,CGCACGTCAAGCTGGG-1
GRCh38,CGCACGTCAAGTCTCG-1
GRCh38,CGCACGTCAATAGGGC-1
GRCh38,CGCACGTCACCTAGGC-1
GRCh38,CGCACGTCACCTCTTA-1
GRCh38,CGCACGTCACCTGACA-1
GRCh38,CGCACGTCACTTCATT-1
GRCh38,CGCACGTCAGTATGGA-1
GRCh38,CGCACGTCAGTCGGAG-1
GRCh38,CGCACGTCAGTGGTAA-1
GRCh38,CGCACTACAACATATT-1
GRCh38,CGCACTACAACATCCG-1
GRCh38,CGCACTACACAACGAA-1
GRCh38,CGCACTACACCAGAGG-1
GRCh38,CGCACTACACTTAAGC-1
GRCh38,CGCACTACACTTCTCA-1
GRCh38,CGCACTACAGCATTCG-1
GRCh38,CGCACTACAGCTTAGT-1
GRCh38,CGCACTCTCCCTGTCA-1
GRCh38,CGCACTCTCCGGCACA-1
GRCh38,CGCACTCTCCGGGAAA-1
GRCh38,CGCACTCTCGGTTGGT-1
GRCh38,CGCACTCTCGTGCTCC-1
GRCh38,CGCACTCTCGTGTAAT-1
GRCh38,CGCACTCTCGTTGTCT-1
GRCh38,CGCAGCATCAAGCTCA-1
GRCh38,CGCAGCATCAGACATT-1
GRCh38,CGCAGCATCAGGCTTA-1
GRCh38,CGCAGCATCAGTGATT-1
GRCh38,CGCAGCATCCAAACCA-1
GRCh38,CGCAGCATCCCTGATT-1
GRCh38,CGCAGCATCCCTTCCT-1
GRCh38,CGCAGCATCCGGCTTC-1
GRCh38,CGCAGCATCCTAGTTC-1
GRCh38,CGCAGCATCGCATAAT-1
GRCh38,CGCAGCATCGTGGGTT-1
GRCh38,CGCAGCTCAAAGTCTC-1
GRCh38,CGCAGCTCAAGAATAC-1
GRCh38,CGCAGCTCAAGCTATC-1
GRCh38,CGCAGCTCACAACGGG-1
GRCh38,CGCAGCTCACAGCAGG-1
GRCh38,CGCAGCTCACAGTTCG-1
GRCh38,CGCAGCTCACTCAATA-1
GRCh38,CGCAGCTCACTTATAG-1
GRCh38,CGCAGCTCAGGTTCAT-1
GRCh38,CGCAGCTCAGTAAGAT-1
GRCh38,CGCAGCTCAGTGATAG-1
GRCh38,CGCAGGACAAAAGCGC-1
GRCh38,CGCAGGACAAAGTCTC-1
GRCh38,CGCAGGACACAGTTCG-1
GRCh38,CGCAGGACACCTAGAT-1
GRCh38,CGCAGGACACGCGAAG-1
GRCh38,CGCAGGACACGTACGC-1
GRCh38,CGCAGGACAGGGACAT-1
GRCh38,CGCAGGACAGGTGCGA-1
GRCh38,CGCAGGACAGTGGGAT-1
GRCh38,CGCAGTAGTAGAGGTA-1
GRCh38,CGCAGTAGTAGGTTTA-1
GRCh38,CGCAGTAGTATGTTGA-1
GRCh38,CGCAGTAGTCGAGTCA-1
GRCh38,CGCAGTAGTGCCCTAT-1
GRCh38,CGCAGTAGTGCTAGTG-1
GRCh38,CGCAGTAGTGGTTCGA-1
GRCh38,CGCAGTCCAAATTGCC-1
GRCh38,CGCAGTCCAAGCAGTA-1
GRCh38,CGCAGTCCAAGGCTCC-1
GRCh38,CGCAGTCCAAGTCATC-1
GRCh38,CGCAGTCCAAGTTAGG-1
GRCh38,CGCAGTCCACAGTAAG-1
GRCh38,CGCAGTCCACCAAGGG-1
GRCh38,CGCAGTCCACCCTTTA-1
GRCh38,CGCAGTCCACCGACAC-1
GRCh38,CGCAGTCCACTTCGAG-1
GRCh38,CGCAGTCCAGCGGTAG-1
GRCh38,CGCAGTCCAGCGTATT-1
GRCh38,CGCAGTTAGAATCTGT-1
GRCh38,CGCAGTTAGCATCAAT-1
GRCh38,CGCAGTTAGCGAAGAT-1
GRCh38,CGCAGTTAGCTGCAGT-1
GRCh38,CGCATAATCACCAAAT-1
GRCh38,CGCATAATCAGCAATT-1
GRCh38,CGCATAATCAGCATTG-1
GRCh38,CGCATAATCATGGTGC-1
GRCh38,CGCATAATCCAATACG-1
GRCh38,CGCATAATCGCGGAAA-1
GRCh38,CGCATACAGAAGGCAT-1
GRCh38,CGCATACAGAGCTTTG-1
GRCh38,CGCATACAGCTAGTTG-1
GRCh38,CGCATACAGCTGAATT-1
GRCh38,CGCATACAGGCTGTCG-1
GRCh38,CGCATAGGTAACGTCG-1
GRCh38,CGCATAGGTAAGCCAT-1
GRCh38,CGCATAGGTACATCCC-1
GRCh38,CGCATAGGTACCCCTG-1
GRCh38,CGCATAGGTAGCCAGC-1
GRCh38,CGCATAGGTAGCCTCT-1
GRCh38,CGCATAGGTAGGGCGA-1
GRCh38,CGCATAGGTATCAGTA-1
GRCh38,CGCATAGGTCATGTCC-1
GRCh38,CGCATAGGTCTAACCC-1
GRCh38,CGCATAGGTGCAAGCC-1
GRCh38,CGCATAGGTGTCCCGC-1
GRCh38,CGCATATCAAAGGAGG-1
GRCh38,CGCATATCAACCCACA-1
GRCh38,CGCATATCAACTGGGG-1
GRCh38,CGCATATCAAGCTGCC-1
GRCh38,CGCATATCAAGTATCC-1
GRCh38,CGCATATCACCGCTAA-1
GRCh38,CGCATATCACCGTTAG-1
GRCh38,CGCATATCACTGACAT-1
GRCh38,CGCATCACAACACCCA-1
GRCh38,CGCATCACACAAGACA-1
GRCh38,CGCATCACACAAGGGT-1
GRCh38,CGCATCACACCGCATA-1
GRCh38,CGCATCACACGCAATT-1
GRCh38,CGCATCACACTATTCT-1
GRCh38,CGCATCACAGCCTCTT-1
GRCh38,CGCATCACAGCCTGAC-1
GRCh38,CGCATCACAGCTACCA-1
GRCh38,CGCATCGAGAATGATG-1
GRCh38,CGCATCGAGACAAGCG-1
GRCh38,CGCATCGAGATAGGGT-1
GRCh38,CGCATCGAGCACAAGG-1
GRCh38,CGCATCGAGCATAGGG-1
GRCh38,CGCATCGAGCTTGGGT-1
GRCh38,CGCATCGAGGTACCCG-1
GRCh38,CGCATCGAGGTGCCCA-1
GRCh38,CGCATCGAGGTGCGTT-1
GRCh38,CGCATCTGTAATGGGA-1
GRCh38,CGCATCTGTAGACGTT-1
GRCh38,CGCATCTGTATCACCC-1
GRCh38,CGCATCTGTATCAGCG-1
GRCh38,CGCATCTGTCGGGTAC-1
GRCh38,CGCATCTGTGCCTCGC-1
GRCh38,CGCATGGTCAATTCGG-1
GRCh38,CGCATGGTCACCCGCT-1
GRCh38,CGCATGGTCCACAGGT-1
GRCh38,CGCATGGTCCAGGGTT-1
GRCh38,CGCATGGTCCCACGCT-1
GRCh38,CGCATGGTCCGTGTCC-1
GRCh38,CGCATGGTCCTACTAC-1
GRCh38,CGCATGGTCCTCCATG-1
GRCh38,CGCATGGTCCTCTGGC-1
GRCh38,CGCATTAAGAGTTTAC-1
GRCh38,CGCATTAAGCATTTCC-1
GRCh38,CGCATTAAGCCGGTAT-1
GRCh38,CGCATTAAGCTCTCCA-1
GRCh38,CGCATTAAGGCAAGCA-1
GRCh38,CGCATTAAGGCGAATG-1
GRCh38,CGCATTCGTAAGGTAG-1
GRCh38,CGCATTCGTACTACGG-1
GRCh38,CGCATTCGTAGAGGCG-1
GRCh38,CGCATTCGTAGGACCC-1
GRCh38,CGCATTCGTATTATCC-1
GRCh38,CGCATTCGTATTGGGT-1
GRCh38,CGCATTCGTCAGTAGT-1
GRCh38,CGCATTCGTCGATTGG-1
GRCh38,CGCATTCGTCGCTATC-1
GRCh38,CGCATTCGTGTGGATT-1
GRCh38,CGCATTCGTGTTAGCG-1
GRCh38,CGCCAACCAAAATCAA-1
GRCh38,CGCCAACCAAAATCCC-1
GRCh38,CGCCAACCAAACATTT-1
GRCh38,CGCCAACCAAAGTTCC-1
GRCh38,CGCCAACCAACAACCT-1
GRCh38,CGCCAACCAACGAAAT-1
GRCh38,CGCCAACCAACTGGAA-1
GRCh38,CGCCAACCACAATGTC-1
GRCh38,CGCCAACCACATGTCG-1
GRCh38,CGCCAACCACCAAATC-1
GRCh38,CGCCAACCACGCACGT-1
GRCh38,CGCCAACCACTAATAT-1
GRCh38,CGCCAATAGACATATC-1
GRCh38,CGCCAATAGACGCCAT-1
GRCh38,CGCCAATAGCAACCCG-1
GRCh38,CGCCAATAGCAATATC-1
GRCh38,CGCCAATAGCCATGAC-1
GRCh38,CGCCAATAGCGTTATG-1
GRCh38,CGCCAATAGGCACCCA-1
GRCh38,CGCCAATAGGCGCATT-1
GRCh38,CGCCAATAGGTAATAG-1
GRCh38,CGCCACAAGCATCGCG-1
GRCh38,CGCCACAAGCATGGAG-1
GRCh38,CGCCACAAGCATGTCA-1
GRCh38,CGCCACAAGCCATAGC-1
GRCh38,CGCCACAAGCCTGTGG-1
GRCh38,CGCCACAAGCTTCGTT-1
GRCh38,CGCCACAAGGCCTGAT-1
GRCh38,CGCCACAAGGCGGTAA-1
GRCh38,CGCCACAAGGCTACCG-1
GRCh38,CGCCACAAGGCTGTTA-1
GRCh38,CGCCATACAAATTCCA-1
GRCh38,CGCCATACAACGACCC-1
GRCh38,CGCCATACAAGGGACT-1
GRCh38,CGCCATACAAGGGGAA-1
GRCh38,CGCCATACAATAAGGT-1
GRCh38,CGCCATACAATGGTAG-1
GRCh38,CGCCATACACAATAGG-1
GRCh38,CGCCATACACCTAGGC-1
GRCh38,CGCCATTGTAAGCATC-1
GRCh38,CGCCATTGTAAGGTAG-1
GRCh38,CGCCATTGTACCTTAT-1
GRCh38,CGCCATTGTACGCGCG-1
GRCh38,CGCCATTGTCAGTCAG-1
GRCh38,CGCCATTGTCGCGTAA-1
GRCh38,CGCCATTGTGCCCGAG-1
GRCh38,CGCCATTGTGGACGGA-1
GRCh38,CGCCATTGTGGTCTCT-1
GRCh38,CGCCCAAAGAGCGTGA-1
GRCh38,CGCCCAAAGATAAGTG-1
GRCh38,CGCCCAAAGATGAGGT-1
GRCh38,CGCCCAAAGCAATGTT-1
GRCh38,CGCCCAAAGCCGGTAT-1
GRCh38,CGCCCAAAGCGTTATG-1
GRCh38,CGCCCAAAGCTACGTA-1
GRCh38,CGCCCATTCGTATAAC-1
GRCh38,CGCCCGTGTAACGCCA-1
GRCh38,CGCCCGTGTACAAGTC-1
GRCh38,CGCCCGTGTCGGTTCT-1
GRCh38,CGCCCGTGTCTAATTC-1
GRCh38,CGCCCGTGTCTATTCG-1
GRCh38,CGCCCGTGTGCGGAGA-1
GRCh38,CGCCCGTGTGGAACCC-1
GRCh38,CGCCCGTGTGGCACGT-1
GRCh38,CGCCCGTGTGTTGCAG-1
GRCh38,CGCCCTAGTACGGGCT-1
GRCh38,CGCCCTAGTAGCTTGG-1
GRCh38,CGCCCTAGTAGTTATG-1
GRCh38,CGCCCTAGTGTGTGCA-1
GRCh38,CGCCCTAGTGTTAGCG-1
GRCh38,CGCCGTCGTACTATTC-1
GRCh38,CGCCGTCGTCCACGTT-1
GRCh38,CGCCGTCGTCGAAGTT-1
GRCh38,CGCCGTCGTCGTCAGA-1
GRCh38,CGCCGTCGTCTTAGGG-1
GRCh38,CGCCGTCGTGGGGTCT-1
GRCh38,CGCCGTTTCAGCCCCT-1
GRCh38,CGCCGTTTCATTCTCA-1
GRCh38,CGCCGTTTCCAATGTG-1
GRCh38,CGCCGTTTCCCTATGT-1
GRCh38,CGCCGTTTCCGGCGTA-1
GRCh38,CGCCGTTTCCGGGCTA-1
GRCh38,CGCCGTTTCCGTTTCG-1
GRCh38,CGCCGTTTCCTACGCC-1
GRCh38,CGCCGTTTCGCAATTG-1
GRCh38,CGCCGTTTCGTGGGTT-1
GRCh38,CGCCTAACAAAGTACG-1
GRCh38,CGCCTAACAAATTGCC-1
GRCh38,CGCCTAACAAGTCCGC-1
GRCh38,CGCCTAACAATAGTAA-1
GRCh38,CGCCTAACACGCGAAG-1
GRCh38,CGCCTAACAGCTCGGT-1
GRCh38,CGCCTAACAGCTCTAG-1
GRCh38,CGCCTAACAGGTGCGA-1
GRCh38,CGCCTAACAGTAAGAT-1
GRCh38,CGCCTACTCACGTCCC-1
GRCh38,CGCCTACTCATAGTGT-1
GRCh38,CGCCTACTCATCTCTA-1
GRCh38,CGCCTACTCATGGCGT-1
GRCh38,CGCCTACTCATGTCCT-1
GRCh38,CGCCTACTCATTATCT-1
GRCh38,CGCCTACTCCGAATCA-1
GRCh38,CGCCTACTCCGGGATT-1
GRCh38,CGCCTACTCGTAACCA-1
GRCh38,CGCCTAGAGAACCAGG-1
GRCh38,CGCCTAGAGAGCAACG-1
GRCh38,CGCCTAGAGATGGGCA-1
GRCh38,CGCCTAGAGCAAATTC-1
GRCh38,CGCCTAGAGCAAGCTC-1
GRCh38,CGCCTAGAGCAGCGAA-1
GRCh38,CGCCTAGAGCCGTAGT-1
GRCh38,CGCCTAGAGCCTAGTA-1
GRCh38,CGCCTAGAGCGTTAAT-1
GRCh38,CGCCTAGAGCTGACAC-1
GRCh38,CGCCTAGAGCTGATAT-1
GRCh38,CGCCTAGAGCTGTAAT-1
GRCh38,CGCCTAGAGGGCCATT-1
GRCh38,CGCCTAGAGGGTGAAT-1
GRCh38,CGCCTATGTAAGCGCC-1
GRCh38,CGCCTATGTAATCTCT-1
GRCh38,CGCCTATGTAGGATAG-1
GRCh38,CGCCTATGTAGGGAGT-1
GRCh38,CGCCTATGTAGGTTCG-1
GRCh38,CGCCTATGTATATCAG-1
GRCh38,CGCCTATGTATCATGA-1
GRCh38,CGCCTATGTGCATTGG-1
GRCh38,CGCCTATGTGCTCGTT-1
GRCh38,CGCCTATGTGGCGTTA-1
GRCh38,CGCCTATGTGGGAGTG-1
GRCh38,CGCCTGAAGAAGGCTG-1
GRCh38,CGCCTGAAGATCCGAC-1
GRCh38,CGCCTGAAGATGCTCA-1
GRCh38,CGCCTGAAGCAATGCC-1
GRCh38,CGCCTGAAGCCATAAT-1
GRCh38,CGCCTGAAGCGGCATT-1
GRCh38,CGCCTGAAGGCTAGAG-1
GRCh38,CGCCTGAAGGTAGTTT-1
GRCh38,CGCCTGAAGGTTAATC-1
GRCh38,CGCGAAGCAAAACGGC-1
GRCh38,CGCGAAGCAAAACTAA-1
GRCh38,CGCGAAGCAAAATGAC-1
GRCh38,CGCGAAGCAAACGCGG-1
GRCh38,CGCGAAGCAACAGTCT-1
GRCh38,CGCGAAGCACAATGGA-1
GRCh38,CGCGAAGCACATCGGC-1
GRCh38,CGCGAAGCACTACGCA-1
GRCh38,CGCGAAGCACTATGGT-1
GRCh38,CGCGAAGCAGCTAAAG-1
GRCh38,CGCGAAGCAGTAAAGT-1
GRCh38,CGCGACTCAAAACGGC-1
GRCh38,CGCGACTCAACAGTCT-1
GRCh38,CGCGACTCAACGAAAT-1
GRCh38,CGCGACTCAACTGCCA-1
GRCh38,CGCGACTCACCAACGC-1
GRCh38,CGCGACTCACGGGTCT-1
GRCh38,CGCGACTCACTAATAT-1
GRCh38,CGCGACTCACTACTAA-1
GRCh38,CGCGACTCAGGAAGGA-1
GRCh38,CGCGACTCAGGACACG-1
GRCh38,CGCGACTCAGTCGGTC-1
GRCh38,CGCGATTAGAACACCC-1
GRCh38,CGCGATTAGACAATGA-1
GRCh38,CGCGATTAGAGCATTT-1
GRCh38,CGCGATTAGAGGGATT-1
GRCh38,CGCGATTAGATATCAC-1
GRCh38,CGCGATTAGATCGTAT-1
GRCh38,CGCGATTAGATTCAGT-1
GRCh38,CGCGATTAGATTGCAT-1
GRCh38,CGCGATTAGCCTATGA-1
GRCh38,CGCGATTAGCTACAAT-1
GRCh38,CGCGATTAGGCAACAG-1
GRCh38,CGCGATTAGGTGCTGT-1
GRCh38,CGCGCATCAACAGAAT-1
GRCh38,CGCGCATCAACGAAGC-1
GRCh38,CGCGCATCAATATTAC-1
GRCh38,CGCGCATCAATGGTAG-1
GRCh38,CGCGCATCACGATAAG-1
GRCh38,CGCGCATCAGCAATAG-1
GRCh38,CGCGCATCAGCCACTA-1
GRCh38,CGCGCATCAGGGACAT-1
GRCh38,CGCGCATCAGTAGTAG-1
GRCh38,CGCGCTCGTAAGCCGC-1
GRCh38,CGCGCTCGTACCACTC-1
GRCh38,CGCGCTCGTACCTGCT-1
GRCh38,CGCGCTCGTAGGAATG-1
GRCh38,CGCGCTCGTATACTAG-1
GRCh38,CGCGCTCGTATCCGTC-1
GRCh38,CGCGCTCGTATGTTCT-1
GRCh38,CGCGCTCGTCAATTCT-1
GRCh38,CGCGCTCGTCATCGAG-1
GRCh38,CGCGCTCGTCGATGAT-1
GRCh38,CGCGGATGTAATTCAG-1
GRCh38,CGCGGATGTACCTTAT-1
GRCh38,CGCGGATGTATAGTCA-1
GRCh38,CGCGGATGTATGCTCC-1
GRCh38,CGCGGATGTCACTCCG-1
GRCh38,CGCGGATGTCATAAGC-1
GRCh38,CGCGGATGTCTAAGTA-1
GRCh38,CGCGGATGTGCGGGTT-1
GRCh38,CGCGGATGTGCTACCT-1
GRCh38,CGCGGATGTGGCCTGG-1
GRCh38,CGCGGATGTGTAATTG-1
GRCh38,CGCGGTATCACAGTTG-1
GRCh38,CGCGGTATCACATCAG-1
GRCh38,CGCGGTATCACGAACC-1
GRCh38,CGCGGTATCCACTCCA-1
GRCh38,CGCGGTATCCCTTCCT-1
GRCh38,CGCGGTATCCGTCGTC-1
GRCh38,CGCGGTATCCTAAACG-1
GRCh38,CGCGGTATCCTATCAC-1
GRCh38,CGCGTAAGTAAGGTAG-1
GRCh38,CGCGTAAGTAGCCTTC-1
GRCh38,CGCGTAAGTAGCGGGA-1
GRCh38,CGCGTAAGTATTGAGC-1
GRCh38,CGCGTAAGTCACCCTG-1
GRCh38,CGCGTAAGTCATCTAT-1
GRCh38,CGCGTAAGTCCTGTAC-1
GRCh38,CGCGTAAGTCTTCTAG-1
GRCh38,CGCGTAAGTGCACAGC-1
GRCh38,CGCGTAAGTGGTTAGT-1
GRCh38,CGCGTACCAACTAACC-1
GRCh38,CGCGTACCAAGTCGCC-1
GRCh38,CGCGTACCAAGTTAGG-1
GRCh38,CGCGTACCAATCACGT-1
GRCh38,CGCGTACCAATCCTAA-1
GRCh38,CGCGTACCAATGCCGC-1
GRCh38,CGCGTACCACAGGTCC-1
GRCh38,CGCGTACCACCGACTA-1
GRCh38,CGCGTACCACTCGGAC-1
GRCh38,CGCGTACCAGCTAACT-1
GRCh38,CGCGTATAGATCGACC-1
GRCh38,CGCGTATAGATTCAAC-1
GRCh38,CGCGTATAGCATCGAC-1
GRCh38,CGCGTATAGGCGTCAT-1
GRCh38,CGCGTATAGGGCGATA-1
GRCh38,CGCGTCAAGAACGCGA-1
GRCh38,CGCGTCAAGACCATGC-1
GRCh38,CGCGTCAAGAGTAATG-1
GRCh38,CGCGTCAAGAGTTAGA-1
GRCh38,CGCGTCAAGAGTTTAC-1
GRCh38,CGCGTCAAGCGTAGCT-1
GRCh38,CGCGTCAAGGTGAGAT-1
GRCh38,CGCGTCCGTAAGCAAG-1
GRCh38,CGCGTCCGTAAGTCTA-1
GRCh38,CGCGTCCGTACATAGC-1
GRCh38,CGCGTCCGTATAAGGG-1
GRCh38,CGCGTCCGTATGGAGA-1
GRCh38,CGCGTCCGTCACGCTT-1
GRCh38,CGCGTCCGTCCAGTGA-1
GRCh38,CGCGTCCGTCGCGTGG-1
GRCh38,CGCGTGGGTAACAGAG-1
GRCh38,CGCGTGGGTAACTTTC-1
GRCh38,CGCGTGGGTAATACTG-1
GRCh38,CGCGTGGGTAGAGGCG-1
GRCh38,CGCGTGGGTATCATGA-1
GRCh38,CGCGTGGGTATCCAGG-1
GRCh38,CGCGTGGGTCCGAATG-1
GRCh38,CGCGTGGGTCGAGGCT-1
GRCh38,CGCGTGGGTCGCTTGT-1
GRCh38,CGCGTGGGTGCCTATC-1
GRCh38,CGCGTGGGTGCGTATG-1
GRCh38,CGCGTGGGTGGCCCCT-1
GRCh38,CGCGTGGGTGGCTTTC-1
GRCh38,CGCGTGGGTGTGTGCA-1
GRCh38,CGCGTTACAAATGAAC-1
GRCh38,CGCGTTACAACACGGG-1
GRCh38,CGCGTTACAACACTTA-1
GRCh38,CGCGTTACAGCCCATA-1
GRCh38,CGCGTTACAGGAACCG-1
GRCh38,CGCGTTACAGTTAATT-1
GRCh38,CGCTAAATCACATGTG-1
GRCh38,CGCTAAATCACCAAAT-1
GRCh38,CGCTAAATCACTACTC-1
GRCh38,CGCTAAATCAGCGGTT-1
GRCh38,CGCTAAATCCAGCCTC-1
GRCh38,CGCTAAATCCAGGTGT-1
GRCh38,CGCTAAATCCATGGCG-1
GRCh38,CGCTAAATCCATTGCT-1
GRCh38,CGCTAAATCCCATATC-1
GRCh38,CGCTAAATCCTCGCTA-1
GRCh38,CGCTAAATCGGATCCG-1
GRCh38,CGCTAAATCGTAATTA-1
GRCh38,CGCTAAATCGTATTCC-1
GRCh38,CGCTAAGGTACCACGA-1
GRCh38,CGCTAAGGTACTATTC-1
GRCh38,CGCTAAGGTAGGCAGG-1
GRCh38,CGCTAAGGTAGTCGAT-1
GRCh38,CGCTAAGGTCGTCTGT-1
GRCh38,CGCTAAGGTCTAAATG-1
GRCh38,CGCTAAGGTCTCGTCG-1
GRCh38,CGCTAAGGTGCTTTCA-1
GRCh38,CGCTAAGGTGGGATAA-1
GRCh38,CGCTACCTCAACAGCC-1
GRCh38,CGCTACCTCAAGTTCG-1
GRCh38,CGCTACCTCAGGGTTC-1
GRCh38,CGCTACCTCAGGTTCA-1
GRCh38,CGCTACCTCATTATCT-1
GRCh38,CGCTACCTCATTGTGG-1
GRCh38,CGCTACCTCCCTTCAG-1
GRCh38,CGCTACCTCGCCTCTA-1
GRCh38,CGCTACCTCGCTAATG-1
GRCh38,CGCTACCTCGGATACC-1
GRCh38,CGCTATAAGAACCCCG-1
GRCh38,CGCTATAAGACTATGT-1
GRCh38,CGCTATAAGACTGTTG-1
GRCh38,CGCTATAAGCATACAT-1
GRCh38,CGCTATAAGGCGTGAA-1
GRCh38,CGCTATAAGGCTTGAC-1
GRCh38,CGCTATAAGGGGCATA-1
GRCh38,CGCTATAAGGGTAGTG-1
GRCh38,CGCTATAAGGTCGGTT-1
GRCh38,CGCTATCGTACCTTAT-1
GRCh38,CGCTATCGTACTTGCC-1
GRCh38,CGCTATCGTAGGAAAT-1
GRCh38,CGCTATCGTATACTAG-1
GRCh38,CGCTATCGTCAAGTTA-1
GRCh38,CGCTATCGTCACGGGT-1
GRCh38,CGCTATCGTCGAGTGC-1
GRCh38,CGCTATCGTCGCTGGG-1
GRCh38,CGCTATCGTCGTTAGG-1
GRCh38,CGCTATCGTCTTCTCT-1
GRCh38,CGCTATCGTGCTGTCT-1
GRCh38,CGCTATCGTGGATTCG-1
GRCh38,CGCTATCGTGGTTCGA-1
GRCh38,CGCTATCGTGTATCGG-1
GRCh38,CGCTATCGTGTCTCCG-1
GRCh38,CGCTATCGTGTGGCGT-1
GRCh38,CGCTCAACAACTGCGC-1
GRCh38,CGCTCAACAAGTGGCG-1
GRCh38,CGCTCAACAAGTTTCA-1
GRCh38,CGCTCAACAATCCGCA-1
GRCh38,CGCTCAACAATGCGCC-1
GRCh38,CGCTCAACACCATACG-1
GRCh38,CGCTCAACACTATAGC-1
GRCh38,CGCTCAACAGGTATCT-1
GRCh38,CGCTCAACAGTAACCT-1
GRCh38,CGCTCAACAGTACAAG-1
GRCh38,CGCTCAACAGTATGTC-1
GRCh38,CGCTCAACAGTTAGAG-1
GRCh38,CGCTCGAAGCAGGGGT-1
GRCh38,CGCTCGAAGCCCTAGG-1
GRCh38,CGCTCGAAGGTTCAGC-1
GRCh38,CGCTCGCGTAACTGCG-1
GRCh38,CGCTCGCGTAACTTCT-1
GRCh38,CGCTCGCGTATCAATG-1
GRCh38,CGCTCGCGTCAGGTAT-1
GRCh38,CGCTCGCGTCCATTTG-1
GRCh38,CGCTCGCGTGTTCGTC-1
GRCh38,CGCTCTATCAGCATTG-1
GRCh38,CGCTCTATCAGCTTAG-1
GRCh38,CGCTCTATCCAACTTC-1
GRCh38,CGCTCTATCCCATCCA-1
GRCh38,CGCTCTATCCGAATTG-1
GRCh38,CGCTCTATCGCACTCC-1
GRCh38,CGCTCTATCGTCAAGC-1
GRCh38,CGCTCTATCGTTCTAC-1
GRCh38,CGCTCTGGTAAAGCCT-1
GRCh38,CGCTCTGGTAAATCCA-1
GRCh38,CGCTCTGGTAACTTTC-1
GRCh38,CGCTCTGGTACGAAAG-1
GRCh38,CGCTCTGGTACGGGTC-1
GRCh38,CGCTCTGGTAGGAATG-1
GRCh38,CGCTCTGGTCAAGGCC-1
GRCh38,CGCTCTGGTCAAGGTT-1
GRCh38,CGCTCTGGTCAGTTAA-1
GRCh38,CGCTCTGGTCCAGCCC-1
GRCh38,CGCTCTGGTCGGCTCC-1
GRCh38,CGCTCTGGTCTCCGGC-1
GRCh38,CGCTCTGGTGGCCCCT-1
GRCh38,CGCTCTGGTGTATCCC-1
GRCh38,CGCTGACCAAGCGGCA-1
GRCh38,CGCTGACCAAGCTTAC-1
GRCh38,CGCTGACCAAGGGACT-1
GRCh38,CGCTGACCACACCGTA-1
GRCh38,CGCTGACCACCCATTC-1
GRCh38,CGCTGACCACCCTCAT-1
GRCh38,CGCTGACCACGCCATA-1
GRCh38,CGCTGACCACTTAGCG-1
GRCh38,CGCTGACCAGCCTGAC-1
GRCh38,CGCTGACCAGTCTTAA-1
GRCh38,CGCTGATAGAACGGAT-1
GRCh38,CGCTGATAGACATGTT-1
GRCh38,CGCTGATAGAGTGCGA-1
GRCh38,CGCTGATAGATCTTGG-1
GRCh38,CGCTGATAGCCATGGT-1
GRCh38,CGCTGATAGCGCGTCA-1
GRCh38,CGCTGATAGGGAGCGT-1
GRCh38,CGCTGATAGGGCCATT-1
GRCh38,CGCTGATAGGGTGTTC-1
GRCh38,CGCTGATAGGTAGTTT-1
GRCh38,CGCTGCAAGAAGGTTA-1
GRCh38,CGCTGCAAGAATGTTC-1
GRCh38,CGCTGCAAGACGGAGC-1
GRCh38,CGCTGCAAGAGTGGCA-1
GRCh38,CGCTGCAAGATATCAC-1
GRCh38,CGCTGCAAGCAGGCTT-1
GRCh38,CGCTGCAAGCCATATG-1
GRCh38,CGCTGCAAGCGACAAG-1
GRCh38,CGCTGCCGTATCTCGC-1
GRCh38,CGCTGCCGTATTGTCT-1
GRCh38,CGCTGCCGTGGTTTAA-1
GRCh38,CGCTGCCGTGTCGCCC-1
GRCh38,CGCTGGGGTAATTCAG-1
GRCh38,CGCTGGGGTACAATTG-1
GRCh38,CGCTGGGGTAGACGTT-1
GRCh38,CGCTGGGGTAGTATGC-1
GRCh38,CGCTGGGGTATGCAGT-1
GRCh38,CGCTGGGGTCATGTGG-1
GRCh38,CGCTGGGGTCGATAGT-1
GRCh38,CGCTGGGGTGGATTCG-1
GRCh38,CGCTGGGGTGGTCAAT-1
GRCh38,CGCTGGGGTGTGTCCT-1
GRCh38,CGCTGTGAGACAAGAC-1
GRCh38,CGCTGTGAGACAGCAG-1
GRCh38,CGCTGTGAGACGTTAT-1
GRCh38,CGCTGTGAGAGACGCA-1
GRCh38,CGCTGTGAGAGCCCCA-1
GRCh38,CGCTGTGAGAGGTGAT-1
GRCh38,CGCTGTGAGCACAGCT-1
GRCh38,CGCTGTGAGCCACGAT-1
GRCh38,CGCTGTGAGCCAGGTT-1
GRCh38,CGCTGTGAGCGAAGAT-1
GRCh38,CGCTGTGAGCTAGATT-1
GRCh38,CGCTGTGAGCTAGGAG-1
GRCh38,CGCTGTGAGGTTGCCG-1
GRCh38,CGCTTCATCAAGCAAA-1
GRCh38,CGCTTCATCAATCCTC-1
GRCh38,CGCTTCATCACGTCAA-1
GRCh38,CGCTTCATCATGCTTC-1
GRCh38,CGCTTCATCCCTATAC-1
GRCh38,CGCTTCATCCTTAATT-1
GRCh38,CGCTTCATCGCTCTAT-1
GRCh38,CGCTTCATCGGTATGC-1
GRCh38,CGCTTCGGTACAGTTA-1
GRCh38,CGCTTCGGTAGCCCTT-1
GRCh38,CGCTTCGGTATAATCG-1
GRCh38,CGCTTCGGTATCAGGT-1
GRCh38,CGCTTCGGTATGGAGA-1
GRCh38,CGCTTCGGTCAATGTA-1
GRCh38,CGCTTCGGTCAGTTAA-1
GRCh38,CGCTTCGGTCATAGTA-1
GRCh38,CGCTTCGGTCGCTTGT-1
GRCh38,CGCTTCGGTGCTCTTA-1
GRCh38,CGCTTCGGTGGAGCAG-1
GRCh38,CGCTTCGGTGTGTTGG-1
GRCh38,CGCTTCGGTGTTAATG-1
GRCh38,CGCTTGCTCACGCCCT-1
GRCh38,CGCTTGCTCATGGTAT-1
GRCh38,CGCTTGCTCCAATTAA-1
GRCh38,CGCTTGCTCCAGCTAA-1
GRCh38,CGCTTGCTCCATTCGT-1
GRCh38,CGCTTGCTCCCGCTTA-1
GRCh38,CGCTTGCTCGGCCCTT-1
GRCh38,CGCTTGCTCGGCTCCT-1
GRCh38,CGCTTGCTCGTGACGT-1
GRCh38,CGCTTGCTCGTTGGGT-1
GRCh38,CGCTTGGAGAAATTGG-1
GRCh38,CGCTTGGAGAACCCAC-1
GRCh38,CGCTTGGAGACGCTGT-1
GRCh38,CGCTTGGAGCAAGAGT-1
GRCh38,CGCTTGGAGCCCAGCA-1
GRCh38,CGCTTGGAGCGGTCAT-1
GRCh38,CGCTTGGAGCGTCATA-1
GRCh38,CGCTTGGAGGGGCTAA-1
GRCh38,CGCTTGTGTAAGGGAC-1
GRCh38,CGCTTGTGTACAGCGC-1
GRCh38,CGCTTGTGTACCACTC-1
GRCh38,CGCTTGTGTACTTCTG-1
GRCh38,CGCTTGTGTATGGAGA-1
GRCh38,CGCTTGTGTCACCGTT-1
GRCh38,CGCTTGTGTCGCGTGG-1
GRCh38,CGCTTGTGTCGTTGCT-1
GRCh38,CGCTTGTGTGCCTTGT-1
GRCh38,CGCTTGTGTGCTTGTC-1
GRCh38,CGCTTGTGTGTAGCGC-1
GRCh38,CGCTTGTGTGTGCGCG-1
GRCh38,CGCTTTAGTAAGCATC-1
GRCh38,CGCTTTAGTAATTGGC-1
GRCh38,CGCTTTAGTACTAAGC-1
GRCh38,CGCTTTAGTAGGTAAG-1
GRCh38,CGCTTTAGTATGTCTT-1
GRCh38,CGCTTTAGTCAGTTAA-1
GRCh38,CGCTTTAGTCCGATAG-1
GRCh38,CGCTTTAGTCGCAAAT-1
GRCh38,CGCTTTAGTCTCTCGG-1
GRCh38,CGCTTTAGTCTGCAAG-1
GRCh38,CGCTTTAGTGGTGGAG-1
GRCh38,CGCTTTCCAACCAAGA-1
GRCh38,CGCTTTCCAAGACAAT-1
GRCh38,CGCTTTCCAAGTAACG-1
GRCh38,CGCTTTCCAATAAGGT-1
GRCh38,CGCTTTCCAATGTATT-1
GRCh38,CGCTTTCCACAGCTCA-1
GRCh38,CGCTTTCCACATCTCC-1
GRCh38,CGCTTTCCACATTAGC-1
GRCh38,CGCTTTCCAGCAGTAA-1
GRCh38,CGCTTTCCAGGAGCCA-1
GRCh38,CGCTTTCCAGTCTAAC-1
GRCh38,CGCTTTCCAGTTAAGG-1
GRCh38,CGGAAACCAAACTAGG-1
GRCh38,CGGAAACCAATTAATC-1
GRCh38,CGGAAACCACAGTCAT-1
GRCh38,CGGAAACCACAGTTAC-1
GRCh38,CGGAAACCACCAGGGA-1
GRCh38,CGGAAACCACGACGGA-1
GRCh38,CGGAAACCACGTCTAG-1
GRCh38,CGGAAACCAGCGGTAG-1
GRCh38,CGGAAACCAGGTATCT-1
GRCh38,CGGAAACCAGTCCTAG-1
GRCh38,CGGAAAGTCACAATTA-1
GRCh38,CGGAAAGTCACATGTG-1
GRCh38,CGGAAAGTCATTGTGG-1
GRCh38,CGGAAAGTCCAACATG-1
GRCh38,CGGAAAGTCCCAATAG-1
GRCh38,CGGAAAGTCCCATGCC-1
GRCh38,CGGAAAGTCCCCAATT-1
GRCh38,CGGAAAGTCCGCAGCA-1
GRCh38,CGGAAAGTCCGGTCAG-1
GRCh38,CGGAAAGTCCTACTTA-1
GRCh38,CGGAAAGTCCTTAATT-1
GRCh38,CGGAAAGTCGCTCCAC-1
GRCh38,CGGAATCTCACAGACC-1
GRCh38,CGGAATCTCAGCCCCT-1
GRCh38,CGGAATCTCATTACTT-1
GRCh38,CGGAATCTCCCTGTCA-1
GRCh38,CGGAATCTCCTATCAC-1
GRCh38,CGGAATCTCCTATTGC-1
GRCh38,CGGAATCTCGGACCCA-1
GRCh38,CGGAATCTCGGTCAAC-1
GRCh38,CGGAATGAGACATATC-1
GRCh38,CGGAATGAGACCTTTC-1
GRCh38,CGGAATGAGAGCGATG-1
GRCh38,CGGAATGAGAGGCGGT-1
GRCh38,CGGAATGAGAGTCCCG-1
GRCh38,CGGAATGAGCGTGGTT-1
GRCh38,CGGAATGAGCTAGTCA-1
GRCh38,CGGAATGAGGCTCAGT-1
GRCh38,CGGAATTGTAAGTTGC-1
GRCh38,CGGAATTGTAGTACGT-1
GRCh38,CGGAATTGTATTCGGG-1
GRCh38,CGGAATTGTCGCCTAT-1
GRCh38,CGGAATTGTCGTTAAA-1
GRCh38,CGGAATTGTCTCTAGC-1
GRCh38,CGGAATTGTGGATTCG-1
GRCh38,CGGAATTGTGGCGAAG-1
GRCh38,CGGAATTGTGGCGTGT-1
GRCh38,CGGACATTCAAGCCGT-1
GRCh38,CGGACATTCCATGCCC-1
GRCh38,CGGACATTCGGGCAAA-1
GRCh38,CGGACCATCACCCAAA-1
GRCh38,CGGACCATCAGGAATA-1
GRCh38,CGGACCATCATATGTA-1
GRCh38,CGGACCATCCAAGTAT-1
GRCh38,CGGACCATCCAATTGG-1
GRCh38,CGGACCATCCGGGATT-1
GRCh38,CGGACCATCGCAAGCT-1
GRCh38,CGGACCATCGCCTAAA-1
GRCh38,CGGACCATCGTACTTC-1
GRCh38,CGGACCTCAACCCTAG-1
GRCh38,CGGACCTCAATTCGTA-1
GRCh38,CGGACCTCAGTGGGAT-1
GRCh38,CGGATAGAGAACGTTT-1
GRCh38,CGGATAGAGACATGGG-1
GRCh38,CGGATAGAGAGTCAGG-1
GRCh38,CGGATAGAGATCCCAA-1
GRCh38,CGGATAGAGCATGCCG-1
GRCh38,CGGATAGAGCATGTCA-1
GRCh38,CGGATAGAGCCCTGGA-1
GRCh38,CGGATAGAGCGCGATT-1
GRCh38,CGGATAGAGCGCTATA-1
GRCh38,CGGATAGAGCTAAGCC-1
GRCh38,CGGATAGAGCTGTATG-1
GRCh38,CGGATAGAGGCACCCA-1
GRCh38,CGGATAGAGGCGCTCA-1
GRCh38,CGGATAGAGGCTCGTG-1
GRCh38,CGGATAGAGGCTGTTA-1
GRCh38,CGGATATGTAACGAGA-1
GRCh38,CGGATATGTAGGAATG-1
GRCh38,CGGATATGTAGTATGC-1
GRCh38,CGGATATGTATGCCGA-1
GRCh38,CGGATATGTATGTTCT-1
GRCh38,CGGATATGTCAGCCTT-1
GRCh38,CGGATATGTCGGGTTA-1
GRCh38,CGGATATGTGGAGTAA-1
GRCh38,CGGATTCAGATACGAA-1
GRCh38,CGGATTCAGCCTGGTG-1
GRCh38,CGGATTCAGGGCGAAC-1
GRCh38,CGGCAAGCAACAGGGT-1
GRCh38,CGGCAAGCAATAGCCT-1
GRCh38,CGGCAAGCAATCGCAT-1
GRCh38,CGGCAAGCACAATGCT-1
GRCh38,CGGCAAGCACTGCTTC-1
GRCh38,CGGCAAGCAGCAGCGA-1
GRCh38,CGGCAATTCAACCCTT-1
GRCh38,CGGCAATTCACCCCGT-1
GRCh38,CGGCAATTCAGGAAAC-1
GRCh38,CGGCAATTCATAATCA-1
GRCh38,CGGCAATTCATACTAA-1
GRCh38,CGGCAATTCATATGTA-1
GRCh38,CGGCAATTCATGTCGA-1
GRCh38,CGGCAATTCCATTGTC-1
GRCh38,CGGCAATTCCGACTCC-1
GRCh38,CGGCAATTCCGGCATG-1
GRCh38,CGGCAATTCCGTCGCT-1
GRCh38,CGGCAATTCCTCATTA-1
GRCh38,CGGCAATTCCTCCGAC-1
GRCh38,CGGCAATTCGCGTATA-1
GRCh38,CGGCAATTCGGATTGC-1
GRCh38,CGGCAATTCGGCAATC-1
GRCh38,CGGCAATTCGTGCAAC-1
GRCh38,CGGCACATCAAGTCCA-1
GRCh38,CGGCACATCACACAAT-1
GRCh38,CGGCACATCAGCCCTC-1
GRCh38,CGGCACATCCAAGCTA-1
GRCh38,CGGCACATCCACGAGT-1
GRCh38,CGGCACATCCATATCC-1
GRCh38,CGGCACATCCGAATCA-1
GRCh38,CGGCACATCCGTTTAC-1
GRCh38,CGGCACATCGCACTCC-1
GRCh38,CGGCACATCGCGGTTG-1
GRCh38,CGGCACATCGGCTAAC-1
GRCh38,CGGCACTCAACGCAGG-1
GRCh38,CGGCACTCAACTGCGC-1
GRCh38,CGGCACTCAAGCTGCC-1
GRCh38,CGGCACTCACAACGCC-1
GRCh38,CGGCACTCACATGATC-1
GRCh38,CGGCACTCACATTCAA-1
GRCh38,CGGCACTCACTGGGAG-1
GRCh38,CGGCACTCAGCGGTAG-1
GRCh38,CGGCACTCAGTCGGTC-1
GRCh38,CGGCATGTCAACGTTG-1
GRCh38,CGGCATGTCACTCTTA-1
GRCh38,CGGCATGTCATCGGCG-1
GRCh38,CGGCATGTCCGAATCA-1
GRCh38,CGGCATGTCCGTATTC-1
GRCh38,CGGCATGTCGCGCAAT-1
GRCh38,CGGCATGTCGGTGTCG-1
GRCh38,CGGCATTAGAACTGAA-1
GRCh38,CGGCATTAGAACTTGT-1
GRCh38,CGGCATTAGATCTCGA-1
GRCh38,CGGCATTAGCAGGGAC-1
GRCh38,CGGCATTAGCCAAATT-1
GRCh38,CGGCATTAGCGATTGC-1
GRCh38,CGGCATTAGCTATAGT-1
GRCh38,CGGCATTAGGCCATCG-1
GRCh38,CGGCATTAGGCTGGAA-1
GRCh38,CGGCATTAGGGACGTA-1
GRCh38,CGGCCTAAGACGAACG-1
GRCh38,CGGCCTAAGCGCGTCA-1
GRCh38,CGGCCTAAGGGTTAGG-1
GRCh38,CGGCCTAAGGTAAGTA-1
GRCh38,CGGCCTAAGGTATATC-1
GRCh38,CGGCCTAAGGTCCTAA-1
GRCh38,CGGCCTAAGGTCTGTA-1
GRCh38,CGGCCTTTCAGACTTG-1
GRCh38,CGGCCTTTCCAATAGT-1
GRCh38,CGGCCTTTCCCATCGC-1
GRCh38,CGGCCTTTCCCATCTG-1
GRCh38,CGGCCTTTCCGCTCTA-1
GRCh38,CGGCCTTTCCGGCGTA-1
GRCh38,CGGCCTTTCCGTATTC-1
GRCh38,CGGCCTTTCCTACATC-1
GRCh38,CGGCCTTTCCTCCTCT-1
GRCh38,CGGCCTTTCGCGTATA-1
GRCh38,CGGCCTTTCGCTGAGT-1
GRCh38,CGGCCTTTCGGCCATG-1
GRCh38,CGGCCTTTCGTACGTA-1
GRCh38,CGGCCTTTCGTGCATA-1
GRCh38,CGGCGTATCAAAGCCC-1
GRCh38,CGGCGTATCAAGCTAT-1
GRCh38,CGGCGTATCAATCGTG-1
GRCh38,CGGCGTATCACACAAT-1
GRCh38,CGGCGTATCACACACA-1
GRCh38,CGGCGTATCAGCCCTC-1
GRCh38,CGGCGTATCATACCTC-1
GRCh38,CGGCGTATCCAACTTC-1
GRCh38,CGGCGTATCCCATCAT-1
GRCh38,CGGCGTATCCCCTAGC-1
GRCh38,CGGCGTATCCCGCCAT-1
GRCh38,CGGCGTATCCGTTTCG-1
GRCh38,CGGCGTATCCTCTCGA-1
GRCh38,CGGCGTATCCTTCAAC-1
GRCh38,CGGCGTATCGCTCTCA-1
GRCh38,CGGCTACCAAAATTTC-1
GRCh38,CGGCTACCAAGGTTTC-1
GRCh38,CGGCTACCACAAATCC-1
GRCh38,CGGCTACCACCAACAT-1
GRCh38,CGGCTACCACCGGAAG-1
GRCh38,CGGCTACCACTTCTCA-1
GRCh38,CGGCTACCAGCCACTA-1
GRCh38,CGGCTACCAGCTATCG-1
GRCh38,CGGCTACCAGGGCTCT-1
GRCh38,CGGCTACCAGTATAGG-1
GRCh38,CGGCTACCAGTGATAG-1
GRCh38,CGGCTACCAGTGGTAA-1
GRCh38,CGGCTCCGTACGGGTC-1
GRCh38,CGGCTCCGTCATATTC-1
GRCh38,CGGCTCCGTCGACTCT-1
GRCh38,CGGCTCCGTCTGGTCT-1
GRCh38,CGGCTCCGTGGCGAAG-1
GRCh38,CGGCTCCGTGGGAGTG-1
GRCh38,CGGCTCCGTGGTTGTG-1
GRCh38,CGGCTCCGTGTCTAGG-1
GRCh38,CGGCTGGGTACTTTCG-1
GRCh38,CGGCTGGGTAGGGTAA-1
GRCh38,CGGCTGGGTATACAGC-1
GRCh38,CGGCTGGGTATCCGCT-1
GRCh38,CGGCTGGGTATGTGTA-1
GRCh38,CGGCTGGGTCATGTGG-1
GRCh38,CGGCTGGGTCCTTGCG-1
GRCh38,CGGCTGGGTCGCTGGG-1
GRCh38,CGGCTGGGTCTGTGGA-1
GRCh38,CGGCTGGGTCTGTTGC-1
GRCh38,CGGCTGGGTCTTGTAT-1
GRCh38,CGGCTGGGTGCTTTCA-1
GRCh38,CGGCTGGGTGTAGTTA-1
GRCh38,CGGCTTACAAGCTTAC-1
GRCh38,CGGCTTACACATTCAA-1
GRCh38,CGGCTTACACTAGGGG-1
GRCh38,CGGCTTACACTGGGAG-1
GRCh38,CGGCTTACAGGGCTAG-1
GRCh38,CGGCTTACAGTCGGTC-1
GRCh38,CGGCTTCTCAAAGCCC-1
GRCh38,CGGCTTCTCACTCTGT-1
GRCh38,CGGCTTCTCCAATGCA-1
GRCh38,CGGCTTCTCCACCCGT-1
GRCh38,CGGCTTCTCCATTCGT-1
GRCh38,CGGCTTCTCCCTTCAG-1
GRCh38,CGGCTTCTCCCTTCTC-1
GRCh38,CGGCTTCTCCTACTTA-1
GRCh38,CGGCTTCTCCTCAGGG-1
GRCh38,CGGCTTCTCGCATCGG-1
GRCh38,CGGCTTCTCGCGCGTA-1
GRCh38,CGGCTTCTCGTATCGA-1
GRCh38,CGGCTTCTCGTTAATA-1
GRCh38,CGGCTTGAGACGTCCG-1
GRCh38,CGGCTTGAGATACGGG-1
GRCh38,CGGCTTGAGATGAGTA-1
GRCh38,CGGCTTGAGCCGTATA-1
GRCh38,CGGCTTGAGCCTGTAA-1
GRCh38,CGGCTTGAGCGTCAGT-1
GRCh38,CGGCTTGAGCTCATGA-1
GRCh38,CGGCTTGAGCTGGGTT-1
GRCh38,CGGCTTGAGCTGTGCG-1
GRCh38,CGGCTTGAGGCATCCG-1
GRCh38,CGGCTTGAGGCTACCG-1
GRCh38,CGGCTTGAGGTCACGT-1
GRCh38,CGGGAAATCACATGTG-1
GRCh38,CGGGAAATCATCGCGG-1
GRCh38,CGGGAAATCCAGCTAA-1
GRCh38,CGGGAAATCCCAACCC-1
GRCh38,CGGGAAATCGCGTAAC-1
GRCh38,CGGGAAATCGCTCTAT-1
GRCh38,CGGGATAAGAAATCAG-1
GRCh38,CGGGATAAGAAGCCGA-1
GRCh38,CGGGATAAGACGAAGT-1
GRCh38,CGGGATAAGAGGTACG-1
GRCh38,CGGGATAAGATCGGTC-1
GRCh38,CGGGATAAGCAATGCC-1
GRCh38,CGGGATAAGCCCACGA-1
GRCh38,CGGGATAAGCGCTATA-1
GRCh38,CGGGATAAGGCACCAT-1
GRCh38,CGGGATTTCAAATGCT-1
GRCh38,CGGGATTTCACGCGTG-1
GRCh38,CGGGATTTCAGTCCGG-1
GRCh38,CGGGATTTCATCTTCA-1
GRCh38,CGGGATTTCATGATGT-1
GRCh38,CGGGATTTCCCGCTGT-1
GRCh38,CGGGATTTCCGCTACC-1
GRCh38,CGGGATTTCCGCTTGC-1
GRCh38,CGGGATTTCCTACAAG-1
GRCh38,CGGGATTTCGCCAATA-1
GRCh38,CGGGATTTCGCGCGTA-1
GRCh38,CGGGATTTCGGGTTAC-1
GRCh38,CGGGATTTCGTAACCA-1
GRCh38,CGGGATTTCGTGCATA-1
GRCh38,CGGGATTTCGTGTCAA-1
GRCh38,CGGGATTTCGTTGCAA-1
GRCh38,CGGGCATGTAACCCCT-1
GRCh38,CGGGCATGTCGATAGT-1
GRCh38,CGGGCATGTCTCGTCG-1
GRCh38,CGGGCATGTCTCTAGC-1
GRCh38,CGGGCATGTCTGTGAG-1
GRCh38,CGGGCATGTGGCGTGT-1
GRCh38,CGGGCATGTGGGTAGG-1
GRCh38,CGGGCTATCAAGGGGC-1
GRCh38,CGGGCTATCACACACA-1
GRCh38,CGGGCTATCAGCCGTG-1
GRCh38,CGGGCTATCATAACGT-1
GRCh38,CGGGCTATCATTAATG-1
GRCh38,CGGGCTATCCAACCTT-1
GRCh38,CGGGCTATCCATCATC-1
GRCh38,CGGGCTATCCTAATGG-1
GRCh38,CGGGCTATCGCATAGC-1
GRCh38,CGGGCTATCGGAAGCA-1
GRCh38,CGGGCTATCGTAATCG-1
GRCh38,CGGGCTATCGTAGTCA-1
GRCh38,CGGGGATAGCAGTAGG-1
GRCh38,CGGGGATAGCTAAATC-1
GRCh38,CGGGGATAGCTAACAT-1
GRCh38,CGGGGATAGCTTGTGA-1
GRCh38,CGGGGATAGGCGCTCA-1
GRCh38,CGGGGTACAACAATGG-1
GRCh38,CGGGGTACAAGCGCCT-1
GRCh38,CGGGGTACAATATCAT-1
GRCh38,CGGGGTACAATATTAC-1
GRCh38,CGGGGTACAATTCGGT-1
GRCh38,CGGGGTACACAGGACG-1
GRCh38,CGGGGTACACGCTGAC-1
GRCh38,CGGGGTACACTGAAAG-1
GRCh38,CGGGGTACAGCCTCTT-1
GRCh38,CGGGGTACAGCCTTAG-1
GRCh38,CGGGGTACAGGGTTAA-1
GRCh38,CGGGGTTGTATCAGCG-1
GRCh38,CGGGGTTGTCAATGTA-1
GRCh38,CGGGGTTGTCATGTGG-1
GRCh38,CGGGGTTGTCCAGTAG-1
GRCh38,CGGGGTTGTCCATCCG-1
GRCh38,CGGGGTTGTCCGGTAA-1
GRCh38,CGGGGTTGTCGTTCGT-1
GRCh38,CGGGGTTGTGCCCGAG-1
GRCh38,CGGGGTTGTGGCTTGA-1
GRCh38,CGGGGTTGTGGTGATT-1
GRCh38,CGGGGTTGTGTATGTA-1
GRCh38,CGGGTAAAGAAGCGGC-1
GRCh38,CGGGTAAAGACGAGGC-1
GRCh38,CGGGTAAAGACGATGG-1
GRCh38,CGGGTAAAGATGTGAA-1
GRCh38,CGGGTAAAGCACAGGA-1
GRCh38,CGGGTAAAGCTAAACT-1
GRCh38,CGGGTAAAGCTGGCAT-1
GRCh38,CGGGTAAAGGCGAATG-1
GRCh38,CGGGTAAAGGCGATAG-1
GRCh38,CGGGTAAAGGGAAGCC-1
GRCh38,CGGGTAAAGGGGGCAT-1
GRCh38,CGGGTAAAGGGGTTAG-1
GRCh38,CGGGTACGTAACCGGC-1
GRCh38,CGGGTACGTACATCTT-1
GRCh38,CGGGTACGTACGTCTC-1
GRCh38,CGGGTACGTAGGAGTA-1
GRCh38,CGGGTACGTATCGCGA-1
GRCh38,CGGGTACGTCCTGTCG-1
GRCh38,CGGGTACGTCGCAGTA-1
GRCh38,CGGGTACGTCGTATGG-1
GRCh38,CGGGTACGTGGTAAAG-1
GRCh38,CGGGTACGTGGTTGAT-1
GRCh38,CGGGTACGTGGTTTGG-1
GRCh38,CGGGTAGCAACATACC-1
GRCh38,CGGGTAGCAACCTACG-1
GRCh38,CGGGTAGCAACCTTAA-1
GRCh38,CGGGTAGCAACGACCC-1
GRCh38,CGGGTAGCAACGCCAC-1
GRCh38,CGGGTAGCAATACGCT-1
GRCh38,CGGGTAGCACCCTTTA-1
GRCh38,CGGGTAGCACTTAACA-1
GRCh38,CGGGTAGCAGCAGGAT-1
GRCh38,CGGGTAGCAGGACTAA-1
GRCh38,CGGGTAGCAGTATTCA-1
GRCh38,CGGGTAGCAGTCCATG-1
GRCh38,CGGGTAGCAGTCCTCT-1
GRCh38,CGGGTATTCACCTCTG-1
GRCh38,CGGGTATTCACTACTC-1
GRCh38,CGGGTATTCCCAATAG-1
GRCh38,CGGGTATTCCGAGTGT-1
GRCh38,CGGGTATTCCGCGGTA-1
GRCh38,CGGGTATTCCTAACTC-1
GRCh38,CGGGTATTCCTACTTA-1
GRCh38,CGGGTATTCCTCAGGG-1
GRCh38,CGGGTATTCCTTAGTC-1
GRCh38,CGGGTATTCGGACGTT-1
GRCh38,CGGGTATTCGGATCCG-1
GRCh38,CGGGTCATCAGCATCA-1
GRCh38,CGGGTCATCATGTTAA-1
GRCh38,CGGGTCATCCAAATCG-1
GRCh38,CGGGTCATCCAACGTA-1
GRCh38,CGGGTCATCCCGAATA-1
GRCh38,CGGGTCATCCCGCTTA-1
GRCh38,CGGGTCATCCCTGAAA-1
GRCh38,CGGGTCATCCTTAGTC-1
GRCh38,CGGGTCATCGGTTATG-1
GRCh38,CGGGTCTCAACAATCC-1
GRCh38,CGGGTCTCAACTCGGC-1
GRCh38,CGGGTCTCAAGGACCG-1
GRCh38,CGGGTCTCACACAACT-1
GRCh38,CGGGTCTCACATAGTC-1
GRCh38,CGGGTCTCACCCTATC-1
GRCh38,CGGGTCTCACTGGGAG-1
GRCh38,CGGGTCTCAGGACCTC-1
GRCh38,CGGGTCTCAGTTAGCT-1
GRCh38,CGGGTTAGTAATGTCA-1
GRCh38,CGGGTTAGTAGCTGTG-1
GRCh38,CGGGTTAGTCGTAGTG-1
GRCh38,CGGGTTAGTGCCCGAG-1
GRCh38,CGGGTTAGTGGCACGT-1
GRCh38,CGGGTTAGTGGGGTTC-1
GRCh38,CGGGTTAGTGTATAGC-1
GRCh38,CGGGTTGTCAAATTGC-1
GRCh38,CGGGTTGTCACTGCCC-1
GRCh38,CGGGTTGTCAGACAGG-1
GRCh38,CGGGTTGTCATACCCT-1
GRCh38,CGGGTTGTCATTGTCC-1
GRCh38,CGGGTTGTCCACCCGT-1
GRCh38,CGGGTTGTCCACTCCA-1
GRCh38,CGGGTTGTCCATTACC-1
GRCh38,CGGGTTGTCCTATTGC-1
GRCh38,CGGGTTGTCGCATAGC-1
GRCh38,CGGGTTTAGATGAGTA-1
GRCh38,CGGGTTTAGCAAGACG-1
GRCh38,CGGGTTTAGCTAAACT-1
GRCh38,CGGGTTTAGGCCATTA-1
GRCh38,CGGGTTTAGGGATAGT-1
GRCh38,CGGGTTTAGGGTAGTG-1
GRCh38,CGGGTTTAGGTAGCAG-1
GRCh38,CGGGTTTAGGTTGCCG-1
GRCh38,CGGTAACTCAAGCCAC-1
GRCh38,CGGTAACTCACAGATT-1
GRCh38,CGGTAACTCAGCATAT-1
GRCh38,CGGTAACTCAGGTGTC-1
GRCh38,CGGTAACTCATGTAGT-1
GRCh38,CGGTAACTCATTCGCT-1
GRCh38,CGGTAACTCCCATCCA-1
GRCh38,CGGTAACTCCTCGGCT-1
GRCh38,CGGTAACTCGCAAAGG-1
GRCh38,CGGTAACTCGCTCTCA-1
GRCh38,CGGTAACTCGGTATGC-1
GRCh38,CGGTAACTCGTAGATT-1
GRCh38,CGGTAACTCGTTGCCC-1
GRCh38,CGGTATATCAAATTGC-1
GRCh38,CGGTATATCAATCCCT-1
GRCh38,CGGTATATCATCGGGT-1
GRCh38,CGGTATATCATGAGTT-1
GRCh38,CGGTATATCATGTCCT-1
GRCh38,CGGTATATCCACACCC-1
GRCh38,CGGTATATCGCGTGCA-1
GRCh38,CGGTATATCGCTAAAT-1
GRCh38,CGGTATATCGGCCAAT-1
GRCh38,CGGTATGGTATCCGAG-1
GRCh38,CGGTATGGTATTGTAG-1
GRCh38,CGGTATGGTCGTAGTG-1
GRCh38,CGGTATGGTCTAGTAA-1
GRCh38,CGGTATGGTGGGTGCT-1
GRCh38,CGGTATGGTGTCCGGG-1
GRCh38,CGGTATTCAAAGTATA-1
GRCh38,CGGTATTCAAGGCGCA-1
GRCh38,CGGTATTCAAGTAACG-1
GRCh38,CGGTATTCAATACACC-1
GRCh38,CGGTATTCAGCTAGCC-1
GRCh38,CGGTATTCAGGAATCA-1
GRCh38,CGGTATTCAGTTAGAG-1
GRCh38,CGGTCAGTCAACCCAA-1
GRCh38,CGGTCAGTCAAGCTTG-1
GRCh38,CGGTCAGTCAATCATA-1
GRCh38,CGGTCAGTCATATGTA-1
GRCh38,CGGTCAGTCCAGGGTT-1
GRCh38,CGGTCAGTCCATTGCT-1
GRCh38,CGGTCAGTCCGCGGTA-1
GRCh38,CGGTCAGTCGGAGTCT-1
GRCh38,CGGTCAGTCGGCATTA-1
GRCh38,CGGTCATAGAAGCTAA-1
GRCh38,CGGTCATAGACCTGCG-1
GRCh38,CGGTCATAGATCTTCC-1
GRCh38,CGGTCATAGATGGAGT-1
GRCh38,CGGTCATAGCATCAAT-1
GRCh38,CGGTCATAGCTAGTCA-1
GRCh38,CGGTCATAGGCAACGA-1
GRCh38,CGGTCATAGGGGGTAC-1
GRCh38,CGGTCCAAGAGGGGCT-1
GRCh38,CGGTCCAAGAGGTTAA-1
GRCh38,CGGTCCAAGATCCTGA-1
GRCh38,CGGTCCAAGATTACGT-1
GRCh38,CGGTCCAAGATTCAAC-1
GRCh38,CGGTCCAAGCAAGTAA-1
GRCh38,CGGTCCAAGCCCAGCA-1
GRCh38,CGGTCCAAGCCGCTAG-1
GRCh38,CGGTCCAAGCGCATAC-1
GRCh38,CGGTCCAAGCTCGTAA-1
GRCh38,CGGTCCAAGCTGTTGA-1
GRCh38,CGGTCCAAGGCTTCCC-1
GRCh38,CGGTCCTTCAAGGCTC-1
GRCh38,CGGTCCTTCACATGTG-1
GRCh38,CGGTCCTTCACGACTA-1
GRCh38,CGGTCCTTCCAACACA-1
GRCh38,CGGTCCTTCCCTATTA-1
GRCh38,CGGTCCTTCCGACCCT-1
GRCh38,CGGTCCTTCCGTAACA-1
GRCh38,CGGTCCTTCCTTAACC-1
GRCh38,CGGTCCTTCGCTAACA-1
GRCh38,CGGTCCTTCGTTAGCA-1
GRCh38,CGGTCGATCAACGTGC-1
GRCh38,CGGTCGATCAAGGGGC-1
GRCh38,CGGTCGATCCACCTCA-1
GRCh38,CGGTCGATCCAGGGTT-1
GRCh38,CGGTCGATCCCTGGCT-1
GRCh38,CGGTCGATCCGCACTC-1
GRCh38,CGGTCGATCGTATACG-1
GRCh38,CGGTCGTCACTCGTTC-1
GRCh38,CGGTCGTCAGCATTTA-1
GRCh38,CGGTCGTCAGTCATCG-1
GRCh38,CGGTCGTCAGTGATAG-1
GRCh38,CGGTGCATCACACACA-1
GRCh38,CGGTGCATCACATCTC-1
GRCh38,CGGTGCATCACCCCGT-1
GRCh38,CGGTGCATCAGGCTCG-1
GRCh38,CGGTGCATCATCGCCC-1
GRCh38,CGGTGCATCCAAATTA-1
GRCh38,CGGTGCATCCAACTTC-1
GRCh38,CGGTGCATCCGGCTTC-1
GRCh38,CGGTGCATCCTAAAGT-1
GRCh38,CGGTGCATCGCCCCAT-1
GRCh38,CGGTGCATCGCTTTCG-1
GRCh38,CGGTGCATCGTTATAA-1
GRCh38,CGGTGCTCAAATTGGG-1
GRCh38,CGGTGCTCAACACTCG-1
GRCh38,CGGTGCTCAACCCCAA-1
GRCh38,CGGTGCTCAACGGCAG-1
GRCh38,CGGTGCTCAAGCGTTT-1
GRCh38,CGGTGCTCAAGCTGGG-1
GRCh38,CGGTGCTCAAGTATAA-1
GRCh38,CGGTGCTCAAGTTACC-1
GRCh38,CGGTGCTCAATAGGCA-1
GRCh38,CGGTGCTCAATGATCC-1
GRCh38,CGGTGCTCAATGTGAG-1
GRCh38,CGGTGCTCAATTCGTA-1
GRCh38,CGGTGCTCACAATGGA-1
GRCh38,CGGTGCTCACATCAGT-1
GRCh38,CGGTGCTCACCTCGAA-1
GRCh38,CGGTGCTCACGATGTT-1
GRCh38,CGGTGCTCACGCACTA-1
GRCh38,CGGTGCTCAGCGACGA-1
GRCh38,CGGTGCTCAGCGCTAC-1
GRCh38,CGGTGTAGTAATTGGC-1
GRCh38,CGGTGTAGTAGAGATG-1
GRCh38,CGGTGTAGTAGTCTGG-1
GRCh38,CGGTGTAGTATCTCGC-1
GRCh38,CGGTGTAGTCGGTATG-1
GRCh38,CGGTGTAGTGCACGTA-1
GRCh38,CGGTGTAGTGCGAATT-1
GRCh38,CGGTGTAGTGGACGCT-1
GRCh38,CGGTGTAGTGGGAGAT-1
GRCh38,CGGTGTAGTGGTTGAT-1
GRCh38,CGGTGTCCAAACCCAT-1
GRCh38,CGGTGTCCAAACTCAC-1
GRCh38,CGGTGTCCAACTAACC-1
GRCh38,CGGTGTCCAACTGCGC-1
GRCh38,CGGTGTCCAATAATTC-1
GRCh38,CGGTGTCCAATCAGAG-1
GRCh38,CGGTGTCCAATTATCG-1
GRCh38,CGGTGTCCACCCTTTA-1
GRCh38,CGGTGTCCACTCCTAC-1
GRCh38,CGGTGTCCAGCACGGA-1
GRCh38,CGGTGTCCAGGCGGTA-1
GRCh38,CGGTGTCCAGTCTAAC-1
GRCh38,CGGTGTTAGAATACAG-1
GRCh38,CGGTGTTAGACCCATA-1
GRCh38,CGGTGTTAGACCCTTT-1
GRCh38,CGGTGTTAGAGGTACG-1
GRCh38,CGGTGTTAGCAAGTAA-1
GRCh38,CGGTGTTAGCACCACG-1
GRCh38,CGGTGTTAGCCACATA-1
GRCh38,CGGTGTTAGCGTCAAC-1
GRCh38,CGGTGTTAGCTGTCGG-1
GRCh38,CGGTTAATCAAGCATT-1
GRCh38,CGGTTAATCACTAACG-1
GRCh38,CGGTTAATCATAATCA-1
GRCh38,CGGTTAATCCAATACG-1
GRCh38,CGGTTAATCCACCGCT-1
GRCh38,CGGTTAATCCGTATCT-1
GRCh38,CGGTTAATCCGTCGTC-1
GRCh38,CGGTTAATCCTGCTAT-1
GRCh38,CGGTTAATCCTTATGC-1
GRCh38,CGGTTAATCGTATCAG-1
GRCh38,CGGTTAATCGTGTAAT-1
GRCh38,CGGTTAATCGTTCGCC-1
GRCh38,CGGTTACAGACTCAGC-1
GRCh38,CGGTTACAGATTAAGG-1
GRCh38,CGGTTACAGCAATGCC-1
GRCh38,CGGTTACAGCATGTAT-1
GRCh38,CGGTTACAGCCTTATC-1
GRCh38,CGGTTACAGCGATTAT-1
GRCh38,CGGTTACAGCTGACAC-1
GRCh38,CGGTTACAGGCAATTT-1
GRCh38,CGGTTACAGGCCTGAT-1
GRCh38,CGGTTACAGGTCCACG-1
GRCh38,CGGTTAGGTAACGCTG-1
GRCh38,CGGTTAGGTACTACCC-1
GRCh38,CGGTTAGGTAGGACCC-1
GRCh38,CGGTTAGGTAGGCCGT-1
GRCh38,CGGTTAGGTCGAGGGA-1
GRCh38,CGGTTAGGTCGTATGG-1
GRCh38,CGGTTAGGTCTAACCC-1
GRCh38,CGGTTAGGTCTAAGTA-1
GRCh38,CGGTTAGGTCTCTAAT-1
GRCh38,CGGTTAGGTGCCACTT-1
GRCh38,CGGTTAGGTGGAATTC-1
GRCh38,CGGTTAGGTGGTAGTT-1
GRCh38,CGGTTAGGTGTCGGCG-1
GRCh38,CGGTTCGAGAAGCTTT-1
GRCh38,CGGTTCGAGATGATGA-1
GRCh38,CGGTTCGAGCCCATGG-1
GRCh38,CGGTTCGAGCTCTAGA-1
GRCh38,CGGTTCTGTAAACCGT-1
GRCh38,CGGTTCTGTAACAGGA-1
GRCh38,CGGTTCTGTAATTCCT-1
GRCh38,CGGTTCTGTACAGCAT-1
GRCh38,CGGTTCTGTACTGCAG-1
GRCh38,CGGTTCTGTACTGGAT-1
GRCh38,CGGTTCTGTAGCTGGC-1
GRCh38,CGGTTCTGTAGGCCCG-1
GRCh38,CGGTTCTGTGGTAGCC-1
GRCh38,CGGTTCTGTGTCCCCA-1
GRCh38,CGGTTCTGTGTTGCAG-1
GRCh38,CGGTTTAAGACATAGA-1
GRCh38,CGGTTTAAGAGTCCAC-1
GRCh38,CGGTTTAAGATCCTGA-1
GRCh38,CGGTTTAAGCAACGAG-1
GRCh38,CGGTTTAAGCAGCCCA-1
GRCh38,CGGTTTAAGCCACTAA-1
GRCh38,CGGTTTAAGCCATATG-1
GRCh38,CGGTTTAAGGCGTCCA-1
GRCh38,CGGTTTAAGGGAATTA-1
GRCh38,CGGTTTAAGGTCACGT-1
GRCh38,CGGTTTAAGGTGTCCG-1
GRCh38,CGGTTTCGTAAAGTGG-1
GRCh38,CGGTTTCGTAATCCGG-1
GRCh38,CGGTTTCGTACCAGAT-1
GRCh38,CGGTTTCGTAGGAAAT-1
GRCh38,CGGTTTCGTAGTGCGC-1
GRCh38,CGGTTTCGTGCGAGGA-1
GRCh38,CGGTTTCGTGTTAGCG-1
GRCh38,CGTAAAGCAAAAGTTA-1
GRCh38,CGTAAAGCAACAGTCT-1
GRCh38,CGTAAAGCAACGAGGT-1
GRCh38,CGTAAATTCAATTCCC-1
GRCh38,CGTAAATTCACCCGCT-1
GRCh38,CGTAAATTCACTTCTA-1
GRCh38,CGTAAATTCAGACAGG-1
GRCh38,CGTAAATTCAGGACTC-1
GRCh38,CGTAAATTCAGTTGCA-1
GRCh38,CGTAAATTCATACTAA-1
GRCh38,CGTAAATTCCAACACA-1
GRCh38,CGTAAATTCCCTACGC-1
GRCh38,CGTAAATTCGTGAGCT-1
GRCh38,CGTAAATTCGTTCGTT-1
GRCh38,CGTAACATCCAGTACA-1
GRCh38,CGTAACATCCCCTTAG-1
GRCh38,CGTAACATCCTAGTCT-1
GRCh38,CGTAACATCCTCTGAT-1
GRCh38,CGTAACATCGCTATCT-1
GRCh38,CGTAACATCGCTGAGT-1
GRCh38,CGTAACATCGTCGAAC-1
GRCh38,CGTAACCAGACATAGA-1
GRCh38,CGTAACCAGCACAAGG-1
GRCh38,CGTAACCAGCATGCGT-1
GRCh38,CGTAACCAGCGGAATG-1
GRCh38,CGTAACCAGGTAATAG-1
GRCh38,CGTAACCAGGTCCAGT-1
GRCh38,CGTAACTCAAATCACC-1
GRCh38,CGTAACTCAACAGGAC-1
GRCh38,CGTAACTCAACGGCAG-1
GRCh38,CGTAACTCAATCATCA-1
GRCh38,CGTAACTCACAACGAA-1
GRCh38,CGTAACTCACCTTACC-1
GRCh38,CGTAACTCACTAAACC-1
GRCh38,CGTAACTCACTCACGA-1
GRCh38,CGTAACTCACTCTAGG-1
GRCh38,CGTAACTCAGCTCTAG-1
GRCh38,CGTAACTCAGTAATCC-1
GRCh38,CGTAACTCAGTCACGC-1
GRCh38,CGTAATAGTACAAGAG-1
GRCh38,CGTAATAGTACCACAG-1
GRCh38,CGTAATAGTACTCTAT-1
GRCh38,CGTAATAGTAGGGCGA-1
GRCh38,CGTAATAGTATACGTA-1
GRCh38,CGTAATAGTCAATTAG-1
GRCh38,CGTAATAGTCATGGGC-1
GRCh38,CGTAATAGTCTATCCA-1
GRCh38,CGTAATAGTGCGATGC-1
GRCh38,CGTAATAGTGGACTGC-1
GRCh38,CGTAATAGTGTAGCGC-1
GRCh38,CGTAATAGTGTCACGA-1
GRCh38,CGTAATAGTGTTGTGG-1
GRCh38,CGTAATCCAAAGCATG-1
GRCh38,CGTAATCCAACATGGA-1
GRCh38,CGTAATCCACAGTCAT-1
GRCh38,CGTAATCCACCTCTAC-1
GRCh38,CGTAATCCAGTGCATT-1
GRCh38,CGTAATTAGAAACCCC-1
GRCh38,CGTAATTAGAACCCAC-1
GRCh38,CGTAATTAGAAGGTGT-1
GRCh38,CGTAATTAGAGCCGAA-1
GRCh38,CGTAATTAGAGCCTGT-1
GRCh38,CGTAATTAGAGGACAT-1
GRCh38,CGTAATTAGCAAGCCT-1
GRCh38,CGTAATTAGCCAAAGG-1
GRCh38,CGTAATTAGCCGACAT-1
GRCh38,CGTAATTAGCGAATTT-1
GRCh38,CGTAATTAGCGCTTGG-1
GRCh38,CGTAATTAGGCACCAT-1
GRCh38,CGTAATTAGGCCTATA-1
GRCh38,CGTAATTAGGCTCAGT-1
GRCh38,CGTAATTAGGGACGAC-1
GRCh38,CGTAATTAGGGTGATG-1
GRCh38,CGTAATTAGGTCGCCA-1
GRCh38,CGTACAATCAACAGCC-1
GRCh38,CGTACAATCATTCTCA-1
GRCh38,CGTACAATCCAGCCTC-1
GRCh38,CGTACAATCCCTAGGG-1
GRCh38,CGTACAATCGCGAAAG-1
GRCh38,CGTACAATCGGACCCA-1
GRCh38,CGTACAATCGGTATTG-1
GRCh38,CGTACAATCGTAGCTA-1
GRCh38,CGTACACAGAGAGAGA-1
GRCh38,CGTACACAGCCTGTAA-1
GRCh38,CGTACACAGCGTTACA-1
GRCh38,CGTACACAGCTACATG-1
GRCh38,CGTACACAGCTATCGA-1
GRCh38,CGTACACAGCTCTAGA-1
GRCh38,CGTACACAGGCTTGTA-1
GRCh38,CGTACAGGTACAAGGA-1
GRCh38,CGTACAGGTATTGGTA-1
GRCh38,CGTACAGGTCAAGGCC-1
GRCh38,CGTACAGGTCCCTCTC-1
GRCh38,CGTACAGGTGCGTTTC-1
GRCh38,CGTACAGGTGGACTAT-1
GRCh38,CGTACAGGTGGTATGT-1
GRCh38,CGTACAGGTGTCGCCC-1
GRCh38,CGTACATCAAAAGTTA-1
GRCh38,CGTACATCAAACTCCG-1
GRCh38,CGTACATCAAATCGGA-1
GRCh38,CGTACATCACCAACGC-1
GRCh38,CGTACATCACCCTGAA-1
GRCh38,CGTACATCACCTGCAA-1
GRCh38,CGTACATCACTACGAT-1
GRCh38,CGTACATCAGCGGACA-1
GRCh38,CGTACATCAGGATTAG-1
GRCh38,CGTACATCAGGTTGCC-1
GRCh38,CGTACATCAGTCATCG-1
GRCh38,CGTACCGAGAACTAAG-1
GRCh38,CGTACCGAGGCTATTG-1
GRCh38,CGTACCGAGGCTTATG-1
GRCh38,CGTACCGAGGTCATGC-1
GRCh38,CGTACCTGTACTGCAG-1
GRCh38,CGTACCTGTAGGCTTG-1
GRCh38,CGTACCTGTAGTCGGC-1
GRCh38,CGTACCTGTAGTCTCC-1
GRCh38,CGTACCTGTATTACAG-1
GRCh38,CGTACCTGTCACCGGG-1
GRCh38,CGTACCTGTCCTCATA-1
GRCh38,CGTACCTGTCGCTATC-1
GRCh38,CGTACCTGTGGAGCCT-1
GRCh38,CGTACCTGTGGGAGAT-1
GRCh38,CGTACCTGTGTATAGC-1
GRCh38,CGTACCTGTGTCGTAG-1
GRCh38,CGTACCTGTGTTGTAA-1
GRCh38,CGTACGCCAACCTCAG-1
GRCh38,CGTACGCCAACGAAGC-1
GRCh38,CGTACGCCAACTATCA-1
GRCh38,CGTACGCCAATACCCG-1
GRCh38,CGTACGCCACAACTAC-1
GRCh38,CGTACGCCACCATAAC-1
GRCh38,CGTACGCCACCGAATT-1
GRCh38,CGTACGCCACCTATAA-1
GRCh38,CGTACGCCACTGCAAT-1
GRCh38,CGTACGCCACTTATAG-1
GRCh38,CGTACGCCAGGACTTT-1
GRCh38,CGTACGCCAGGTCGTC-1
GRCh38,CGTACGTAGAACGCGA-1
GRCh38,CGTACGTAGGCACAAG-1
GRCh38,CGTACGTAGGGCCATT-1
GRCh38,CGTACGTAGGTAATGA-1
GRCh38,CGTACGTAGGTGAGTG-1
GRCh38,CGTACGTAGGTTCTAG-1
GRCh38,CGTACTTTCGCTGTGG-1
GRCh38,CGTACTTTCGGGCTCA-1
GRCh38,CGTACTTTCGTTCTAC-1
GRCh38,CGTAGAACAACGCGAG-1
GRCh38,CGTAGAACAAGACGTA-1
GRCh38,CGTAGAACACACCGTA-1
GRCh38,CGTAGAACACATGGGG-1
GRCh38,CGTAGAACAGCTTTAA-1
GRCh38,CGTAGAACAGGAAGCT-1
GRCh38,CGTAGAACAGGTTACT-1
GRCh38,CGTAGAGAGAATGGTA-1
GRCh38,CGTAGAGAGAGCAGCA-1
GRCh38,CGTAGAGAGCAATTAC-1
GRCh38,CGTAGAGAGCACGAAG-1
GRCh38,CGTAGAGAGCCTTTAC-1
GRCh38,CGTAGAGAGGTACCCG-1
GRCh38,CGTAGATGTAGCTTCC-1
GRCh38,CGTAGATGTATGCCTC-1
GRCh38,CGTAGATGTCAGCGGT-1
GRCh38,CGTAGATGTCCGCCGT-1
GRCh38,CGTAGATGTCGTAGAT-1
GRCh38,CGTAGATGTGTTACCC-1
GRCh38,CGTAGCCCAAAATCAA-1
GRCh38,CGTAGCCCAAATTAAG-1
GRCh38,CGTAGCCCAACAAGAT-1
GRCh38,CGTAGCCCAATACACC-1
GRCh38,CGTAGCCCAATCCTAA-1
GRCh38,CGTAGCCCAATGTGAG-1
GRCh38,CGTAGCCCACGCGTAC-1
GRCh38,CGTAGCCCACGTCGTA-1
GRCh38,CGTAGCCCACTCACTC-1
GRCh38,CGTAGCCCAGGCGTAG-1
GRCh38,CGTAGCTAGAACGTTT-1
GRCh38,CGTAGCTAGACAAGAC-1
GRCh38,CGTAGCTAGAGTTGAA-1
GRCh38,CGTAGCTAGCAGGGGT-1
GRCh38,CGTAGCTAGCCCACAG-1
GRCh38,CGTAGCTAGCCTGCGA-1
GRCh38,CGTAGCTAGCGTGTCG-1
GRCh38,CGTAGCTAGCTAGTAT-1
GRCh38,CGTAGCTAGCTCAGGT-1
GRCh38,CGTAGCTAGCTTGTGA-1
GRCh38,CGTAGCTAGGGAGTAT-1
GRCh38,CGTAGGCGTAAACTGC-1
GRCh38,CGTAGGCGTAAGTAGG-1
GRCh38,CGTAGGCGTATGAGAG-1
GRCh38,CGTAGGCGTCAAGGTT-1
GRCh38,CGTAGGCGTCAGTAGT-1
GRCh38,CGTAGGCGTCGCTGCC-1
GRCh38,CGTAGGCGTCGCTGGG-1
GRCh38,CGTAGGCGTGCTTCCG-1
GRCh38,CGTAGGCGTGGCGCAT-1
GRCh38,CGTAGGCGTGGCTAAT-1
GRCh38,CGTAGGCGTGGTTTGG-1
GRCh38,CGTAGGGCAAGCGAGT-1
GRCh38,CGTAGGGCAAGTCGAA-1
GRCh38,CGTAGGGCACACGCAC-1
GRCh38,CGTAGGGCACCACCAA-1
GRCh38,CGTAGGGCACCCAACA-1
GRCh38,CGTAGGGCACCCACAA-1
GRCh38,CGTAGGGCACGTACAT-1
GRCh38,CGTAGGGCACTCTAGG-1
GRCh38,CGTAGTGGTAATTGTG-1
GRCh38,CGTAGTGGTACACTCC-1
GRCh38,CGTAGTGGTACAGGCC-1
GRCh38,CGTAGTGGTACTACAA-1
GRCh38,CGTAGTGGTATACTAG-1
GRCh38,CGTAGTGGTCTCGCTG-1
GRCh38,CGTAGTGGTGCATTCC-1
GRCh38,CGTAGTGGTGGCTTAG-1
GRCh38,CGTAGTGGTGGCTTTC-1
GRCh38,CGTAGTGGTGTCTAGG-1
GRCh38,CGTAGTGGTGTGGCCG-1
GRCh38,CGTATAAGTACGTGAT-1
GRCh38,CGTATAAGTAGCGGGA-1
GRCh38,CGTATAAGTAGGCGCT-1
GRCh38,CGTATAAGTAGGTTCG-1
GRCh38,CGTATAAGTATAAGGG-1
GRCh38,CGTATAAGTATCAGCG-1
GRCh38,CGTATAAGTATCCAGG-1
GRCh38,CGTATAAGTCAGCTTC-1
GRCh38,CGTATAAGTCCGTCTG-1
GRCh38,CGTATAAGTCGGATAT-1
GRCh38,CGTATAAGTGCAAGGG-1
GRCh38,CGTATAAGTGGCGAAG-1
GRCh38,CGTATAGTCAAACCGC-1
GRCh38,CGTATAGTCAATTCCC-1
GRCh38,CGTATAGTCACAGATT-1
GRCh38,CGTATAGTCACGGCCA-1
GRCh38,CGTATAGTCCAAGTGC-1
GRCh38,CGTATAGTCCTCGTCA-1
GRCh38,CGTATAGTCGCTTCGC-1
GRCh38,CGTATATAGACGGCAA-1
GRCh38,CGTATATAGAGAAGGA-1
GRCh38,CGTATATAGATCGGAG-1
GRCh38,CGTATATAGCAGTCCG-1
GRCh38,CGTATATAGCGTTACA-1
GRCh38,CGTATATAGCTATCAG-1
GRCh38,CGTATATAGCTCCTCA-1
GRCh38,CGTATATAGCTGCGAT-1
GRCh38,CGTATATAGCTGTATG-1
GRCh38,CGTATATAGGTAGGGC-1
GRCh38,CGTATATAGGTGTATT-1
GRCh38,CGTATCGCAACCCGAC-1
GRCh38,CGTATCGCAAGTCTTA-1
GRCh38,CGTATCGCAAGTGGGT-1
GRCh38,CGTATCGCAATAGGGC-1
GRCh38,CGTATCGCACAAGACA-1
GRCh38,CGTATCGCACACCCAA-1
GRCh38,CGTATCGCACACGGTC-1
GRCh38,CGTATCGCACATGCCA-1
GRCh38,CGTATCGCACATGTCG-1
GRCh38,CGTATCGCACCACAGC-1
GRCh38,CGTATCGCACGTCAGC-1
GRCh38,CGTATCGCACTCTCCG-1
GRCh38,CGTATCGCACTGAAAG-1
GRCh38,CGTATCGCAGTACTCG-1
GRCh38,CGTATCTTCACATACG-1
GRCh38,CGTATCTTCACTGTCT-1
GRCh38,CGTATCTTCAGCCCCT-1
GRCh38,CGTATCTTCAGGAAAC-1
GRCh38,CGTATCTTCAGGCCAT-1
GRCh38,CGTATCTTCCCCACTA-1
GRCh38,CGTATCTTCCCGGGTA-1
GRCh38,CGTATCTTCCTAGCTT-1
GRCh38,CGTATCTTCGTACAAT-1
GRCh38,CGTATCTTCGTTGTCT-1
GRCh38,CGTATGGGTAAACCGT-1
GRCh38,CGTATGGGTAGCAGGG-1
GRCh38,CGTATGGGTAGGTTCG-1
GRCh38,CGTATGGGTATCATTC-1
GRCh38,CGTATGGGTATTATCC-1
GRCh38,CGTATGGGTCTTGATT-1
GRCh38,CGTATGGGTGCCTTCG-1
GRCh38,CGTATGGGTGTCATGG-1
GRCh38,CGTATTCTCAACGAAA-1
GRCh38,CGTATTCTCACTCCAT-1
GRCh38,CGTATTCTCACTCGCC-1
GRCh38,CGTATTCTCACTTCTA-1
GRCh38,CGTATTCTCATTGTCC-1
GRCh38,CGTATTCTCCAGCCTC-1
GRCh38,CGTATTCTCCATCTGT-1
GRCh38,CGTATTCTCCGCATAA-1
GRCh38,CGTATTCTCCGGCAAT-1
GRCh38,CGTATTCTCCGTAAAT-1
GRCh38,CGTATTCTCGCATAAT-1
GRCh38,CGTATTGAGAGTACGG-1
GRCh38,CGTATTGAGAGTATAG-1
GRCh38,CGTATTGAGAGTCCCG-1
GRCh38,CGTATTGAGATGACGG-1
GRCh38,CGTATTGAGATGGTGG-1
GRCh38,CGTATTGAGCACTACA-1
GRCh38,CGTATTGAGCCGTAAC-1
GRCh38,CGTATTGAGCGAGTCT-1
GRCh38,CGTATTGAGCGTGTTA-1
GRCh38,CGTATTGAGGTCTGCG-1
GRCh38,CGTCAAATCACATACG-1
GRCh38,CGTCAAATCATGGTAT-1
GRCh38,CGTCAAATCCCGAATA-1
GRCh38,CGTCAAATCCCTTTCC-1
GRCh38,CGTCAAATCCTATACC-1
GRCh38,CGTCAAATCCTCTAGT-1
GRCh38,CGTCAAATCGCATTAG-1
GRCh38,CGTCAAATCGCCTGCT-1
GRCh38,CGTCAAATCGCTACTT-1
GRCh38,CGTCAAATCGGTGTTA-1
GRCh38,CGTCAAATCGTCAAAT-1
GRCh38,CGTCAAATCGTCAATG-1
GRCh38,CGTCAACAGACATATC-1
GRCh38,CGTCAACAGCATGCAC-1
GRCh38,CGTCAACAGCGATTCA-1
GRCh38,CGTCAACAGCGGATAG-1
GRCh38,CGTCAACAGCGTACCG-1
GRCh38,CGTCAACAGGCGGTTT-1
GRCh38,CGTCAACAGGGTTTCA-1
GRCh38,CGTCAATCAAACTAGG-1
GRCh38,CGTCAATCAACGAACA-1
GRCh38,CGTCAATCAATACGCT-1
GRCh38,CGTCAATCAATTCGAC-1
GRCh38,CGTCAATCACATTAGC-1
GRCh38,CGTCAATCACCGAATT-1
GRCh38,CGTCAATCACGGTGTC-1
GRCh38,CGTCAATCACGTTATA-1
GRCh38,CGTCAATCACTAAAGG-1
GRCh38,CGTCAATCAGCCCTAA-1
GRCh38,CGTCAGAGTACCCATC-1
GRCh38,CGTCAGAGTACGTGCA-1
GRCh38,CGTCAGAGTAGGCAGG-1
GRCh38,CGTCAGAGTAGGTATC-1
GRCh38,CGTCAGAGTATCGGGC-1
GRCh38,CGTCAGAGTATGGCGC-1
GRCh38,CGTCAGAGTATGTCTT-1
GRCh38,CGTCAGAGTCCTCTGG-1
GRCh38,CGTCAGAGTGCTTGCT-1
GRCh38,CGTCAGCCAATGACGA-1
GRCh38,CGTCAGCCACAATGTC-1
GRCh38,CGTCAGCCACCGCATA-1
GRCh38,CGTCAGCCAGTACGAA-1
GRCh38,CGTCAGCCAGTTAGAG-1
GRCh38,CGTCAGTAGAAATGGC-1
GRCh38,CGTCAGTAGAACGGCA-1
GRCh38,CGTCAGTAGCACAATT-1
GRCh38,CGTCAGTAGCTAGCCG-1
GRCh38,CGTCAGTAGGGACACA-1
GRCh38,CGTCAGTAGGGACTGA-1
GRCh38,CGTCAGTAGGGAGTAT-1
GRCh38,CGTCAGTAGGGGTGTA-1
GRCh38,CGTCAGTAGGTCATGC-1
GRCh38,CGTCATAAGAAAGTGC-1
GRCh38,CGTCATAAGAAGCTGG-1
GRCh38,CGTCATAAGACACGGA-1
GRCh38,CGTCATAAGCATTGCA-1
GRCh38,CGTCATAAGCCACTTT-1
GRCh38,CGTCATAAGCCTGCGA-1
GRCh38,CGTCATAAGCGCTGAT-1
GRCh38,CGTCATAAGCGTTACA-1
GRCh38,CGTCATAAGGCGGATA-1
GRCh38,CGTCATTTCAACTCTC-1
GRCh38,CGTCATTTCAGCATAT-1
GRCh38,CGTCATTTCAGTTGCA-1
GRCh38,CGTCATTTCCCAGCCT-1
GRCh38,CGTCATTTCCCATTCG-1
GRCh38,CGTCATTTCCTACAAG-1
GRCh38,CGTCATTTCCTGCACC-1
GRCh38,CGTCATTTCGCATTAG-1
GRCh38,CGTCATTTCGGAATGG-1
GRCh38,CGTCGCTTCATAGCGC-1
GRCh38,CGTCGCTTCCATCGCC-1
GRCh38,CGTCGCTTCCCTATTA-1
GRCh38,CGTCGCTTCGCTAAAT-1
GRCh38,CGTCGCTTCGGCTCGA-1
GRCh38,CGTCGCTTCGTAATCG-1
GRCh38,CGTCGCTTCGTCACCC-1
GRCh38,CGTCGCTTCGTCGAGT-1
GRCh38,CGTCGCTTCGTCGTAA-1
GRCh38,CGTCGGGGTACACCCT-1
GRCh38,CGTCGGGGTACTCATT-1
GRCh38,CGTCGGGGTAGCTGTG-1
GRCh38,CGTCGGGGTATCAGTA-1
GRCh38,CGTCGGGGTATTCGGG-1
GRCh38,CGTCGGGGTCGGTGTA-1
GRCh38,CGTCGGTCAAAGTAAC-1
GRCh38,CGTCGGTCAACATGGA-1
GRCh38,CGTCGGTCAACTGCAT-1
GRCh38,CGTCGGTCAAGCTGAA-1
GRCh38,CGTCGGTCAAGGGACT-1
GRCh38,CGTCGGTCAATCTCTT-1
GRCh38,CGTCGGTCACAATTCA-1
GRCh38,CGTCGGTCACATTCAA-1
GRCh38,CGTCGGTCACCTACTC-1
GRCh38,CGTCGGTCAGCCACTA-1
GRCh38,CGTCGGTCAGGCGCAA-1
GRCh38,CGTCGTACAACTAAGG-1
GRCh38,CGTCGTACAATCTCTT-1
GRCh38,CGTCGTACACAACTAC-1
GRCh38,CGTCGTACACATTCGG-1
GRCh38,CGTCGTACACCTCATC-1
GRCh38,CGTCGTACACGCAGTC-1
GRCh38,CGTCGTACACTATAGC-1
GRCh38,CGTCGTACAGCATTAC-1
GRCh38,CGTCGTACAGCTACGC-1
GRCh38,CGTCGTACAGGTTACT-1
GRCh38,CGTCGTACAGTTGGTT-1
GRCh38,CGTCGTCTCACATGTG-1
GRCh38,CGTCGTCTCACATTGG-1
GRCh38,CGTCGTCTCACTCTCG-1
GRCh38,CGTCGTCTCATAATGC-1
GRCh38,CGTCGTCTCCAAACCA-1
GRCh38,CGTCGTCTCCAATATA-1
GRCh38,CGTCGTCTCGCTCGCT-1
GRCh38,CGTCGTCTCGGAGCTT-1
GRCh38,CGTCGTCTCGGTCATA-1
GRCh38,CGTCGTCTCGTTAAGT-1
GRCh38,CGTCGTCTCGTTATAA-1
GRCh38,CGTCTAAAGAGGTTAA-1
GRCh38,CGTCTAAAGATGGCGA-1
GRCh38,CGTCTAAAGATTAAGG-1
GRCh38,CGTCTAAAGCAACATT-1
GRCh38,CGTCTAAAGCACCTAA-1
GRCh38,CGTCTAAAGCACGAAG-1
GRCh38,CGTCTAAAGCGAATTT-1
GRCh38,CGTCTAAAGCGATGGA-1
GRCh38,CGTCTAAAGGTATTCG-1
GRCh38,CGTCTAAAGGTTGTGC-1
GRCh38,CGTCTAGCAAGGATAT-1
GRCh38,CGTCTAGCAAGTACAG-1
GRCh38,CGTCTAGCACATAGAG-1
GRCh38,CGTCTAGCACCATTCC-1
GRCh38,CGTCTAGCAGTGCGTC-1
GRCh38,CGTCTATTCAAATGTC-1
GRCh38,CGTCTATTCAATCGCA-1
GRCh38,CGTCTATTCACACCTT-1
GRCh38,CGTCTATTCACTCTCG-1
GRCh38,CGTCTATTCACTTTCA-1
GRCh38,CGTCTATTCCGGGTAT-1
GRCh38,CGTCTATTCCTATCAC-1
GRCh38,CGTCTATTCCTGATTC-1
GRCh38,CGTCTATTCGCGCGTA-1
GRCh38,CGTCTATTCGGCTGCA-1
GRCh38,CGTCTATTCGTGTAAT-1
GRCh38,CGTCTATTCGTTGTCT-1
GRCh38,CGTCTCCAGAAAGCCG-1
GRCh38,CGTCTCCAGCTCAGTA-1
GRCh38,CGTCTCCAGCTGATTG-1
GRCh38,CGTCTCCAGCTTCTAC-1
GRCh38,CGTCTGTGTAGGCAGG-1
GRCh38,CGTCTGTGTAGGGGCA-1
GRCh38,CGTCTGTGTCAGGCGT-1
GRCh38,CGTCTGTGTCCATTTG-1
GRCh38,CGTCTGTGTCGGAATT-1
GRCh38,CGTCTGTGTCGTCTGT-1
GRCh38,CGTCTGTGTGCGCGAT-1
GRCh38,CGTCTGTGTGGAAGTA-1
GRCh38,CGTCTGTGTGTGCGGT-1
GRCh38,CGTCTTAGTAGGTTGT-1
GRCh38,CGTCTTAGTATTCAGA-1
GRCh38,CGTCTTAGTCAGTTAA-1
GRCh38,CGTCTTAGTCTCCTGG-1
GRCh38,CGTCTTAGTCTGGATG-1
GRCh38,CGTCTTAGTGGAATCT-1
GRCh38,CGTGAAGAGAAATTGG-1
GRCh38,CGTGAAGAGAATTGAG-1
GRCh38,CGTGAAGAGAGGCCAA-1
GRCh38,CGTGAAGAGATGCGAG-1
GRCh38,CGTGAAGAGGTAGAAC-1
GRCh38,CGTGAGAAGAAACTAG-1
GRCh38,CGTGAGAAGAACGTAA-1
GRCh38,CGTGAGAAGAGAATCA-1
GRCh38,CGTGAGAAGAGCGGTA-1
GRCh38,CGTGAGAAGAGGAGTT-1
GRCh38,CGTGAGAAGAGGCCAA-1
GRCh38,CGTGAGAAGCACCAAC-1
GRCh38,CGTGAGAAGCATTAAC-1
GRCh38,CGTGAGAAGGCGAAGC-1
GRCh38,CGTGAGAAGGCTTGTA-1
GRCh38,CGTGAGAAGGTATAGA-1
GRCh38,CGTGAGCGTACATTCT-1
GRCh38,CGTGAGCGTAGTGCGC-1
GRCh38,CGTGAGCGTATTACCT-1
GRCh38,CGTGAGCGTGCCTTCG-1
GRCh38,CGTGAGCGTGGAAAGC-1
GRCh38,CGTGAGCGTGGGAGCA-1
GRCh38,CGTGAGCGTGGGTCTA-1
GRCh38,CGTGAGTTCAACTGCA-1
GRCh38,CGTGAGTTCAATACGT-1
GRCh38,CGTGAGTTCAATGTTA-1
GRCh38,CGTGAGTTCACATCAG-1
GRCh38,CGTGAGTTCACCATTC-1
GRCh38,CGTGAGTTCAGTCAAT-1
GRCh38,CGTGAGTTCATCCCGC-1
GRCh38,CGTGAGTTCCCTCTAG-1
GRCh38,CGTGAGTTCCGCTAAA-1
GRCh38,CGTGAGTTCCGGACAT-1
GRCh38,CGTGAGTTCCGGCATG-1
GRCh38,CGTGAGTTCCTCTCCT-1
GRCh38,CGTGCATAGAGGCCAA-1
GRCh38,CGTGCATAGATACCAT-1
GRCh38,CGTGCATAGCACCCAG-1
GRCh38,CGTGCATAGCACCTAA-1
GRCh38,CGTGCATAGCCCTTTG-1
GRCh38,CGTGCATAGGCCCGTA-1
GRCh38,CGTGCATAGGGGCTAA-1
GRCh38,CGTGCATAGGTAGGGC-1
GRCh38,CGTGCATAGGTGTTAT-1
GRCh38,CGTGCCCGTACTGTGG-1
GRCh38,CGTGCCCGTAGCAATC-1
GRCh38,CGTGCCCGTAGCCTCT-1
GRCh38,CGTGCCCGTAGTCTCC-1
GRCh38,CGTGCCCGTCATCGAG-1
GRCh38,CGTGCCCGTCTGGATG-1
GRCh38,CGTGCCCGTGCCAAAT-1
GRCh38,CGTGCCCGTGGATCGC-1
GRCh38,CGTGCTACAACACTAC-1
GRCh38,CGTGCTACACCAACGC-1
GRCh38,CGTGCTACACGCCATA-1
GRCh38,CGTGCTACACGGGTAG-1
GRCh38,CGTGCTACACGTGCTA-1
GRCh38,CGTGCTACACTACATA-1
GRCh38,CGTGCTACAGCAGGAT-1
GRCh38,CGTGCTACAGGGCAAT-1
GRCh38,CGTGCTACAGTATGCT-1
GRCh38,CGTGGAAAGACTCAGC-1
GRCh38,CGTGGAAAGAGAATCA-1
GRCh38,CGTGGAAAGCCAGGTT-1
GRCh38,CGTGGAAAGCTGACCG-1
GRCh38,CGTGGAAAGGCTGTCG-1
GRCh38,CGTGGAAAGGTCTGCG-1
GRCh38,CGTGGGTGTACAACGT-1
GRCh38,CGTGGGTGTACACTCC-1
GRCh38,CGTGGGTGTACTTCGC-1
GRCh38,CGTGGGTGTAGGCAGG-1
GRCh38,CGTGGGTGTAGTATTG-1
GRCh38,CGTGGGTGTGCGTAGC-1
GRCh38,CGTGGGTGTGGGAGAT-1
GRCh38,CGTGGGTGTGTGGCGT-1
GRCh38,CGTGGTAGTAAATGGG-1
GRCh38,CGTGGTAGTACTCATT-1
GRCh38,CGTGGTAGTATTGGTA-1
GRCh38,CGTGGTAGTCCAGGTA-1
GRCh38,CGTGGTAGTCCTTGCG-1
GRCh38,CGTGGTAGTCTCTAAT-1
GRCh38,CGTGGTAGTGGTTATA-1
GRCh38,CGTGGTAGTGTCGAGC-1
GRCh38,CGTGGTTAGAAGCGTG-1
GRCh38,CGTGGTTAGACATTCG-1
GRCh38,CGTGGTTAGACCCTAA-1
GRCh38,CGTGGTTAGACCTTTC-1
GRCh38,CGTGGTTAGACGGGTA-1
GRCh38,CGTGGTTAGAGGCAGC-1
GRCh38,CGTGGTTAGCTGCATA-1
GRCh38,CGTGGTTAGGCTCTAA-1
GRCh38,CGTGTCCTCATTCGTC-1
GRCh38,CGTGTCCTCCAGCGCA-1
GRCh38,CGTGTCCTCCCATCAT-1
GRCh38,CGTGTCCTCCTACTTA-1
GRCh38,CGTGTCCTCGCAAACC-1
GRCh38,CGTGTCCTCGGCTCTC-1
GRCh38,CGTGTCCTCGGGTCAT-1
GRCh38,CGTGTCCTCGGTTCAA-1
GRCh38,CGTGTCGAGAGAGAGA-1
GRCh38,CGTGTCGAGAGAGGTT-1
GRCh38,CGTGTCGAGAGTGATA-1
GRCh38,CGTGTCGAGCGTTCAA-1
GRCh38,CGTGTCGAGGCACGTT-1
GRCh38,CGTGTCGAGGGTGATG-1
GRCh38,CGTGTCTGTAGAGTAG-1
GRCh38,CGTGTCTGTATAAGGG-1
GRCh38,CGTGTCTGTCAGTTAA-1
GRCh38,CGTGTCTGTCGAGTCA-1
GRCh38,CGTGTCTGTCTCTCGG-1
GRCh38,CGTGTCTGTGTCATGG-1
GRCh38,CGTGTCTGTGTTCAGG-1
GRCh38,CGTGTTAAGAACACCC-1
GRCh38,CGTGTTAAGACATATC-1
GRCh38,CGTGTTAAGACTCCAA-1
GRCh38,CGTGTTAAGATCTGCA-1
GRCh38,CGTGTTAAGCACCACG-1
GRCh38,CGTGTTAAGCAGGGGT-1
GRCh38,CGTGTTAAGCCCTTGC-1
GRCh38,CGTGTTAAGCTACATG-1
GRCh38,CGTGTTAAGGTAACCC-1
GRCh38,CGTGTTAAGGTCACGT-1
GRCh38,CGTGTTCGTAGGGTAA-1
GRCh38,CGTGTTCGTCAACTCC-1
GRCh38,CGTGTTCGTCGTAGAT-1
GRCh38,CGTGTTCGTGGGAGTG-1
GRCh38,CGTGTTCGTGTCTTCA-1
GRCh38,CGTGTTCGTGTGCGTA-1
GRCh38,CGTTAAAGTAACTGCG-1
GRCh38,CGTTAAAGTACAGCGC-1
GRCh38,CGTTAAAGTATCGCTC-1
GRCh38,CGTTAAAGTCAATGCG-1
GRCh38,CGTTAAAGTCACACTC-1
GRCh38,CGTTAAAGTCACCGCC-1
GRCh38,CGTTAAAGTCACTTTG-1
GRCh38,CGTTAAAGTCATAGCG-1
GRCh38,CGTTAAAGTCCTAGCT-1
GRCh38,CGTTAAAGTCGTTAGG-1
GRCh38,CGTTAAAGTGGCGAGA-1
GRCh38,CGTTAAAGTGGGAGCA-1
GRCh38,CGTTAATAGACTGTTG-1
GRCh38,CGTTAATAGATGATGA-1
GRCh38,CGTTAATAGCTAGCCG-1
GRCh38,CGTTAATAGGTACGTC-1
GRCh38,CGTTACAAGAACGTTT-1
GRCh38,CGTTACAAGAGAATCA-1
GRCh38,CGTTACAAGAGCAAGT-1
GRCh38,CGTTACAAGCACGCCA-1
GRCh38,CGTTACAAGCCCAAGT-1
GRCh38,CGTTACAAGCCGCAAT-1
GRCh38,CGTTACAAGCCTCACC-1
GRCh38,CGTTACAAGCCTTGCC-1
GRCh38,CGTTACAAGCTATCGA-1
GRCh38,CGTTACAAGCTATGGC-1
GRCh38,CGTTACAAGGCTCATA-1
GRCh38,CGTTACTTCAACTCCT-1
GRCh38,CGTTACTTCCGGGTAT-1
GRCh38,CGTTACTTCGGACATC-1
GRCh38,CGTTAGCAGACTTACG-1
GRCh38,CGTTAGCAGACTTTGG-1
GRCh38,CGTTAGCAGAGCTTAT-1
GRCh38,CGTTAGCAGATGAAGC-1
GRCh38,CGTTAGCAGATGTGAA-1
GRCh38,CGTTAGCAGATTGGTT-1
GRCh38,CGTTAGCAGCATTGCA-1
GRCh38,CGTTAGCAGCCTAATG-1
GRCh38,CGTTAGCAGCCTAGAC-1
GRCh38,CGTTAGCAGCGAAACG-1
GRCh38,CGTTAGCAGGCGGATA-1
GRCh38,CGTTAGCAGGGACTGA-1
GRCh38,CGTTAGCAGGTATGGG-1
GRCh38,CGTTAGCAGGTGGGTA-1
GRCh38,CGTTAGGGTAAAGTGG-1
GRCh38,CGTTAGGGTAGAGAAT-1
GRCh38,CGTTAGGGTAGGCCGT-1
GRCh38,CGTTAGGGTATTGGTA-1
GRCh38,CGTTAGGGTCATCATT-1
GRCh38,CGTTAGGGTCGAAGGG-1
GRCh38,CGTTAGGGTGCCTTCG-1
GRCh38,CGTTAGGGTGGTAAAG-1
GRCh38,CGTTAGGGTGGTTGGC-1
GRCh38,CGTTAGTCAAATACAA-1
GRCh38,CGTTAGTCAACTGCAT-1
GRCh38,CGTTAGTCAACTGCCA-1
GRCh38,CGTTAGTCAAGGCTCC-1
GRCh38,CGTTAGTCAATGATCC-1
GRCh38,CGTTAGTCAATGGACA-1
GRCh38,CGTTAGTCAGGTCGTC-1
GRCh38,CGTTAGTCAGGTTCGC-1
GRCh38,CGTTATACAAACGCAA-1
GRCh38,CGTTATACAACACAAG-1
GRCh38,CGTTATACAAGTACTC-1
GRCh38,CGTTATACAATCGGCC-1
GRCh38,CGTTATACAATGAATA-1
GRCh38,CGTTATACACAAACCT-1
GRCh38,CGTTATACACCAAGGG-1
GRCh38,CGTTATACACCGCAGT-1
GRCh38,CGTTATACACCTCTAC-1
GRCh38,CGTTATACACTGGGGA-1
GRCh38,CGTTATACAGCTTATA-1
GRCh38,CGTTATACAGGGCGTA-1
GRCh38,CGTTATACAGTCATCG-1
GRCh38,CGTTATGAGAATTCCG-1
GRCh38,CGTTATGAGACTATGT-1
GRCh38,CGTTATGAGAGCTTGC-1
GRCh38,CGTTATGAGAGGCACA-1
GRCh38,CGTTATGAGATAGTGA-1
GRCh38,CGTTATGAGCAAGGCA-1
GRCh38,CGTTATGAGCACCCAG-1
GRCh38,CGTTATGAGCACCTAA-1
GRCh38,CGTTCAAAGAACTTCG-1
GRCh38,CGTTCAAAGACGACAG-1
GRCh38,CGTTCAAAGCAACCGT-1
GRCh38,CGTTCAAAGGCTCAAC-1
GRCh38,CGTTCAAAGGCTGGAA-1
GRCh38,CGTTCAAAGGGAATGT-1
GRCh38,CGTTCAGCAAATCGGA-1
GRCh38,CGTTCAGCAACGCAGG-1
GRCh38,CGTTCAGCAAGTACGA-1
GRCh38,CGTTCAGCACACAAGA-1
GRCh38,CGTTCAGCACATGATC-1
GRCh38,CGTTCAGCACCCTTTA-1
GRCh38,CGTTCAGCACCTCTAC-1
GRCh38,CGTTCAGCACGTAGCC-1
GRCh38,CGTTCAGCAGGTAGCG-1
GRCh38,CGTTCAGCAGTCCTAG-1
GRCh38,CGTTCAGCAGTGATAG-1
GRCh38,CGTTCCCAGAGCCCCA-1
GRCh38,CGTTCCCAGAGGCCAA-1
GRCh38,CGTTCCCAGAGTAATG-1
GRCh38,CGTTCCCAGAGTGATA-1
GRCh38,CGTTCCCAGATAGGGT-1
GRCh38,CGTTCCCAGATGAAGC-1
GRCh38,CGTTCCCAGCCATCAA-1
GRCh38,CGTTCCCAGCTCATAG-1
GRCh38,CGTTCCCAGCTTCTAC-1
GRCh38,CGTTCCCAGGCTAGAG-1
GRCh38,CGTTCCCAGGTCCAGT-1
GRCh38,CGTTCCCAGGTTCGAC-1
GRCh38,CGTTCCGGTACCACCT-1
GRCh38,CGTTCCGGTAGAGGTA-1
GRCh38,CGTTCCGGTATCCAGG-1
GRCh38,CGTTCCGGTCATTAAG-1
GRCh38,CGTTCCGGTCCAAGAT-1
GRCh38,CGTTCCGGTCGATGGC-1
GRCh38,CGTTCCGGTCTCGTCG-1
GRCh38,CGTTCCGGTGCCTCTG-1
GRCh38,CGTTCCGGTGCGAATT-1
GRCh38,CGTTCCGGTGCGCTCC-1
GRCh38,CGTTCCGGTGGTGCCG-1
GRCh38,CGTTCCGGTGTCCCAT-1
GRCh38,CGTTCGACAAATTGCC-1
GRCh38,CGTTCGACAACAATTT-1
GRCh38,CGTTCGACAAGACAAT-1
GRCh38,CGTTCGACAAGTCCAT-1
GRCh38,CGTTCGACAATAATTC-1
GRCh38,CGTTCGACAATGCATC-1
GRCh38,CGTTCGACAATTCGTA-1
GRCh38,CGTTCGACACATGTCG-1
GRCh38,CGTTCGACACCGGACT-1
GRCh38,CGTTCGACACGCAATT-1
GRCh38,CGTTCGACACTAATCA-1
GRCh38,CGTTCGACACTATGGT-1
GRCh38,CGTTCGACACTCGCAA-1
GRCh38,CGTTCGACAGCTATCG-1
GRCh38,CGTTCGCTCACAACCA-1
GRCh38,CGTTCGCTCACGCCTC-1
GRCh38,CGTTCGCTCAGGAATA-1
GRCh38,CGTTCGCTCCAGTCCC-1
GRCh38,CGTTCGCTCCCGCGTT-1
GRCh38,CGTTCGCTCCCTATTA-1
GRCh38,CGTTCGCTCGTAGTTG-1
GRCh38,CGTTCGTGTCCAGCTT-1
GRCh38,CGTTCGTGTCCTTGCG-1
GRCh38,CGTTCGTGTCTCCGGC-1
GRCh38,CGTTCGTGTGCATTCC-1
GRCh38,CGTTCGTGTGCCTGGG-1
GRCh38,CGTTCGTGTGCTAGGC-1
GRCh38,CGTTCGTGTGGAGTAA-1
GRCh38,CGTTCGTGTGGCTATG-1
GRCh38,CGTTCGTGTGTATTCT-1
GRCh38,CGTTCTAGTATGAGAG-1
GRCh38,CGTTCTAGTATGTGCG-1
GRCh38,CGTTCTAGTCAGTAGT-1
GRCh38,CGTTCTAGTCCTTTGA-1
GRCh38,CGTTCTAGTGGATAAG-1
GRCh38,CGTTCTAGTGGCTTAG-1
GRCh38,CGTTCTAGTGTCTATT-1
GRCh38,CGTTCTGTCACTAATA-1
GRCh38,CGTTCTGTCACTCTTA-1
GRCh38,CGTTCTGTCATGGAAA-1
GRCh38,CGTTCTGTCCCTTCGA-1
GRCh38,CGTTCTGTCCTCGAAA-1
GRCh38,CGTTGACAGAGAATCA-1
GRCh38,CGTTGACAGATAGTAG-1
GRCh38,CGTTGACAGCATGTCA-1
GRCh38,CGTTGACAGCCCTTGC-1
GRCh38,CGTTGACAGCGTAATT-1
GRCh38,CGTTGACAGCGTTGGT-1
GRCh38,CGTTGACAGCTCTGGG-1
GRCh38,CGTTGACAGGCCCGTA-1
GRCh38,CGTTGACAGGGCGGAT-1
GRCh38,CGTTGACAGGTAATAG-1
GRCh38,CGTTGACAGGTAGTTT-1
GRCh38,CGTTGCGAGAGCGGGT-1
GRCh38,CGTTGCGAGCACTTAG-1
GRCh38,CGTTGCGAGCCGCTAG-1
GRCh38,CGTTGCGAGCTTGTAG-1
GRCh38,CGTTGCGAGGCGCATT-1
GRCh38,CGTTGCGAGGCTTGTA-1
GRCh38,CGTTGCGAGGTGGGTA-1
GRCh38,CGTTGCTGTACCTGCT-1
GRCh38,CGTTGCTGTATACTAG-1
GRCh38,CGTTGCTGTATCGCTC-1
GRCh38,CGTTGCTGTATTACCT-1
GRCh38,CGTTGCTGTGCAAGCC-1
GRCh38,CGTTGCTGTGCCTGGG-1
GRCh38,CGTTGGAGTACCAGAT-1
GRCh38,CGTTGGAGTACGTTGG-1
GRCh38,CGTTGGAGTAGTACGT-1
GRCh38,CGTTGGAGTATACGTA-1
GRCh38,CGTTGGAGTCATACAA-1
GRCh38,CGTTGGAGTCATACTT-1
GRCh38,CGTTGGAGTCATAGGT-1
GRCh38,CGTTGGAGTCCAACAG-1
GRCh38,CGTTGGAGTCCTCATA-1
GRCh38,CGTTGGAGTCGCATAG-1
GRCh38,CGTTGGAGTCTAGCTC-1
GRCh38,CGTTGGAGTGCGTATG-1
GRCh38,CGTTGGAGTGTAGTGT-1
GRCh38,CGTTGGTAGAACTTCG-1
GRCh38,CGTTGGTAGAAGGTGT-1
GRCh38,CGTTGGTAGACACATT-1
GRCh38,CGTTGGTAGACATTCG-1
GRCh38,CGTTGGTAGAGCGACA-1
GRCh38,CGTTGGTAGAGTGCGA-1
GRCh38,CGTTGGTAGATACAGA-1
GRCh38,CGTTGGTAGATGGTAA-1
GRCh38,CGTTGGTAGCAGCCAT-1
GRCh38,CGTTGGTAGCATCTAG-1
GRCh38,CGTTGGTAGCGACCAT-1
GRCh38,CGTTGGTAGCGTCAGT-1
GRCh38,CGTTGGTAGCGTTGTA-1
GRCh38,CGTTGGTAGCTACATG-1
GRCh38,CGTTGGTAGCTGACCG-1
GRCh38,CGTTGGTAGCTTAAGT-1
GRCh38,CGTTGGTAGGGACTGA-1
GRCh38,CGTTGTAAGCAAGACG-1
GRCh38,CGTTGTAAGCTGTGCG-1
GRCh38,CGTTGTAAGGTAGGGC-1
GRCh38,CGTTTACTCAACTGCA-1
GRCh38,CGTTTACTCACGCAGT-1
GRCh38,CGTTTACTCAGACTTG-1
GRCh38,CGTTTACTCAGCTATG-1
GRCh38,CGTTTACTCAGTCATG-1
GRCh38,CGTTTACTCATCACTC-1
GRCh38,CGTTTACTCCCACACC-1
GRCh38,CGTTTACTCCCCTAGC-1
GRCh38,CGTTTACTCGCGTCAG-1
GRCh38,CGTTTACTCGGCTCGA-1
GRCh38,CGTTTACTCGGGTCAT-1
GRCh38,CGTTTACTCGTCTCAT-1
GRCh38,CGTTTACTCGTTGCTT-1
GRCh38,CGTTTAGAGACATTCG-1
GRCh38,CGTTTAGAGACTCGAC-1
GRCh38,CGTTTAGAGCAGCGTT-1
GRCh38,CGTTTAGAGCCTAGCG-1
GRCh38,CGTTTAGAGCTCGATA-1
GRCh38,CGTTTAGAGCTCTGGG-1
GRCh38,CGTTTAGAGGCAGTGA-1
GRCh38,CGTTTAGAGGTTGATT-1
GRCh38,CGTTTCAGTATAGCGT-1
GRCh38,CGTTTCAGTCGTTCGT-1
GRCh38,CGTTTCAGTCTATGGG-1
GRCh38,CGTTTCAGTGCCTTTA-1
GRCh38,CGTTTCAGTGTTAGCG-1
GRCh38,CGTTTCCCAACGTTCG-1
GRCh38,CGTTTCCCAAGCGATA-1
GRCh38,CGTTTCCCACGTAGGG-1
GRCh38,CGTTTCCCAGCGTCTA-1
GRCh38,CGTTTCCCAGCGTGTC-1
GRCh38,CGTTTCCCAGGAAAGG-1
GRCh38,CGTTTCGTCAATGTGT-1
GRCh38,CGTTTCGTCACTCACT-1
GRCh38,CGTTTCGTCCAAGTGC-1
GRCh38,CGTTTCGTCCAGCAAC-1
GRCh38,CGTTTCGTCCATCATC-1
GRCh38,CGTTTCGTCCGGGTTG-1
GRCh38,CGTTTCGTCCTTATGC-1
GRCh38,CGTTTCGTCGCGAGTT-1
GRCh38,CGTTTCGTCGCTGTAA-1
GRCh38,CGTTTCGTCGGATTGC-1
GRCh38,CGTTTCGTCGTCGTAA-1
GRCh38,CGTTTGAAGAAATTGG-1
GRCh38,CGTTTGAAGACATAAG-1
GRCh38,CGTTTGAAGAGCTTAT-1
GRCh38,CGTTTGAAGCAATACT-1
GRCh38,CGTTTGAAGGTTCAAT-1
GRCh38,CGTTTGAAGGTTGGTC-1
GRCh38,CTAAACCCAAACTCCG-1
GRCh38,CTAAACCCAATAAGTA-1
GRCh38,CTAAACCCACCACGGT-1
GRCh38,CTAAACCCACGAAGGT-1
GRCh38,CTAAACCCACGCTGAC-1
GRCh38,CTAAACCCACTCCGAA-1
GRCh38,CTAAACCCAGGTAAAT-1
GRCh38,CTAAACCCAGTATTAT-1
GRCh38,CTAAACGTCACAGGTC-1
GRCh38,CTAAACGTCAGGGTTC-1
GRCh38,CTAAACGTCAGTGCTA-1
GRCh38,CTAAACGTCATGGCGT-1
GRCh38,CTAAACGTCCACCCGT-1
GRCh38,CTAAACGTCCATGCCC-1
GRCh38,CTAAACGTCCCATCCA-1
GRCh38,CTAAACGTCCGAGCAT-1
GRCh38,CTAAACGTCCGTATCT-1
GRCh38,CTAAACGTCGCAAACC-1
GRCh38,CTAAACGTCGCAAGTC-1
GRCh38,CTAAACGTCGCCCCAT-1
GRCh38,CTAAACGTCGGGCTAT-1
GRCh38,CTAAACTAGAAACGGT-1
GRCh38,CTAAACTAGACTCCAA-1
GRCh38,CTAAACTAGAGAGGTT-1
GRCh38,CTAAACTAGATAACAG-1
GRCh38,CTAAACTAGCAACCCG-1
GRCh38,CTAAACTAGCGCGATT-1
GRCh38,CTAAACTAGCGTCATA-1
GRCh38,CTAAACTAGCTAGTGC-1
GRCh38,CTAAACTAGGCATAGG-1
GRCh38,CTAAACTAGGGGAGCT-1
GRCh38,CTAAACTAGGTGCGTT-1
GRCh38,CTAAAGCGTACTTTCG-1
GRCh38,CTAAAGCGTATCACGG-1
GRCh38,CTAAAGCGTCCATCCG-1
GRCh38,CTAAAGCGTCCGGTAA-1
GRCh38,CTAAAGCGTCCTAGAG-1
GRCh38,CTAAAGCGTCTGGAAT-1
GRCh38,CTAAAGCGTGCTATGG-1
GRCh38,CTAAAGGCAACGTGGG-1
GRCh38,CTAAAGGCAACTAAGG-1
GRCh38,CTAAAGGCAATCGAAG-1
GRCh38,CTAAAGGCACCAACGC-1
GRCh38,CTAAAGGCACCTCATC-1
GRCh38,CTAAAGGCACTGATTA-1
GRCh38,CTAAAGGCAGGAGTCG-1
GRCh38,CTAAAGGCAGTCGGTC-1
GRCh38,CTAAAGGCAGTGGACG-1
GRCh38,CTAAAGTTCAATTCCC-1
GRCh38,CTAAAGTTCACATTCC-1
GRCh38,CTAAAGTTCACGCAAC-1
GRCh38,CTAAAGTTCACTGTCT-1
GRCh38,CTAAAGTTCATGCGTA-1
GRCh38,CTAAAGTTCCACAGGT-1
GRCh38,CTAAAGTTCCAGCTAA-1
GRCh38,CTAAAGTTCCTAAGCA-1
GRCh38,CTAAAGTTCGCGTGTG-1
GRCh38,CTAAATCAGAAGCGAT-1
GRCh38,CTAAATCAGAGTGGGC-1
GRCh38,CTAAATCAGCATCAAT-1
GRCh38,CTAAATCAGCCCACAG-1
GRCh38,CTAAATCAGGGACGGT-1
GRCh38,CTAAATCAGGGTACAG-1
GRCh38,CTAAATGGTCGTTCCG-1
GRCh38,CTAAATGGTGCGAGAG-1
GRCh38,CTAAATGGTGTTACTT-1
GRCh38,CTAAATTCAATAGCGA-1
GRCh38,CTAAATTCACAGTAAG-1
GRCh38,CTAAATTCACCACACA-1
GRCh38,CTAAATTCACTACTTT-1
GRCh38,CTAAATTCACTCCACT-1
GRCh38,CTAAATTCAGTCGGTC-1
GRCh38,CTAACATAGAACGTAA-1
GRCh38,CTAACATAGAATGACA-1
GRCh38,CTAACATAGACCCATA-1
GRCh38,CTAACATAGAGAAGCT-1
GRCh38,CTAACATAGAGGACGC-1
GRCh38,CTAACATAGCATCAAT-1
GRCh38,CTAACATAGCATTCAG-1
GRCh38,CTAACATAGCCCAAGT-1
GRCh38,CTAACATAGCCGGTAT-1
GRCh38,CTAACATAGCCTAAGC-1
GRCh38,CTAACATAGCCTCGTC-1
GRCh38,CTAACATAGCCTGTAA-1
GRCh38,CTAACATAGCGAGTAG-1
GRCh38,CTAACCCGTACCATGG-1
GRCh38,CTAACCCGTAGGCGCT-1
GRCh38,CTAACCCGTCATACCC-1
GRCh38,CTAACCCGTCCGTGTT-1
GRCh38,CTAACCCGTCCTCGAT-1
GRCh38,CTAACCCGTCGATCAG-1
GRCh38,CTAACCCGTCGATTGG-1
GRCh38,CTAACCCGTGGAAGTA-1
GRCh38,CTAACCCGTGGTACTG-1
GRCh38,CTAACCGCAAACCTAC-1
GRCh38,CTAACCGCACACAATC-1
GRCh38,CTAACCGCACACAGAA-1
GRCh38,CTAACCGCAGGATGGT-1
GRCh38,CTAACCGCAGTCTCGA-1
GRCh38,CTAACCGCAGTGCGAG-1
GRCh38,CTAACGGGTACATTCT-1
GRCh38,CTAACGGGTAGGCGGA-1
GRCh38,CTAACGGGTAGTATGC-1
GRCh38,CTAACGGGTCAATTAG-1
GRCh38,CTAACGGGTCGTACCT-1
GRCh38,CTAACGGGTCTGCAAG-1
GRCh38,CTAACGGGTGCACGTA-1
GRCh38,CTAACGTCAAATTCCA-1
GRCh38,CTAACGTCAAGTGGGT-1
GRCh38,CTAACGTCAATGACGA-1
GRCh38,CTAACGTCAATTCGAC-1
GRCh38,CTAACGTCACCTTGAG-1
GRCh38,CTAACGTCACGCAACC-1
GRCh38,CTAACGTCAGGACATA-1
GRCh38,CTAACGTCAGGACTAA-1
GRCh38,CTAACGTCAGTGATAG-1
GRCh38,CTAACGTCAGTTACTA-1
GRCh38,CTAACTACAAACTCCG-1
GRCh38,CTAACTACAAATTCGC-1
GRCh38,CTAACTACAACGCAGG-1
GRCh38,CTAACTACAATGCTAC-1
GRCh38,CTAACTACACCTAAAC-1
GRCh38,CTAACTACACCTCTCG-1
GRCh38,CTAACTACAGGAATCA-1
GRCh38,CTAACTACAGGGCTTC-1
GRCh38,CTAACTCTCAAACCCA-1
GRCh38,CTAACTCTCAAATCTA-1
GRCh38,CTAACTCTCACAATCG-1
GRCh38,CTAACTCTCACCAAAT-1
GRCh38,CTAACTCTCACGGTCG-1
GRCh38,CTAACTCTCCGCACTC-1
GRCh38,CTAACTCTCCGGGTCA-1
GRCh38,CTAACTCTCGGCAATC-1
GRCh38,CTAACTCTCGTCGAGT-1
GRCh38,CTAACTCTCGTGTATG-1
GRCh38,CTAACTTGTAACGCCA-1
GRCh38,CTAACTTGTAGTATGC-1
GRCh38,CTAACTTGTATGCAGT-1
GRCh38,CTAACTTGTCACGTAG-1
GRCh38,CTAACTTGTCGTCAGA-1
GRCh38,CTAACTTGTCTCCGGC-1
GRCh38,CTAAGCATCACTTCCG-1
GRCh38,CTAAGCATCAGCGGTT-1
GRCh38,CTAAGCATCATCATCC-1
GRCh38,CTAAGCATCCACTTAC-1
GRCh38,CTAAGCATCCCACTAT-1
GRCh38,CTAAGCATCCGGTAAC-1
GRCh38,CTAAGCATCGCAACGT-1
GRCh38,CTAAGCATCGTCCTAT-1
GRCh38,CTAAGCCAGAAGGCGC-1
GRCh38,CTAAGCCAGCACCCAG-1
GRCh38,CTAAGCCAGCGACGTT-1
GRCh38,CTAAGCCAGCTCACCC-1
GRCh38,CTAAGCCAGGCTCGAT-1
GRCh38,CTAAGCCAGGGTAGCA-1
GRCh38,CTAAGCGGTAATTTGG-1
GRCh38,CTAAGCGGTACGGATT-1
GRCh38,CTAAGCGGTAGAATGG-1
GRCh38,CTAAGCGGTAGAGTGA-1
GRCh38,CTAAGCGGTAGGCTCA-1
GRCh38,CTAAGCGGTATCACGG-1
GRCh38,CTAAGCGGTATCTGCC-1
GRCh38,CTAAGCGGTCAATGTA-1
GRCh38,CTAAGCGGTCACGGGT-1
GRCh38,CTAAGCGGTCGAAGGG-1
GRCh38,CTAAGCGGTCGCTGGG-1
GRCh38,CTAAGCGGTGCCTTGT-1
GRCh38,CTAAGCGGTGGGAGTG-1
GRCh38,CTAAGCTCAAACCGAA-1
GRCh38,CTAAGCTCAAATTACT-1
GRCh38,CTAAGCTCAACACTCG-1
GRCh38,CTAAGCTCAACTGAAG-1
GRCh38,CTAAGCTCAATTCTAG-1
GRCh38,CTAAGCTCACACAGCC-1
GRCh38,CTAAGCTCACAGCGTC-1
GRCh38,CTAAGCTCACAGTAAG-1
GRCh38,CTAAGCTCACCAGGCT-1
GRCh38,CTAAGCTCACCTACGA-1
GRCh38,CTAAGCTCACCTCGAA-1
GRCh38,CTAAGCTCAGCTAAGA-1
GRCh38,CTAAGCTCAGTGAAAT-1
GRCh38,CTAAGCTCAGTGCGGA-1
GRCh38,CTAAGGACAAATCGGA-1
GRCh38,CTAAGGACAACAACCT-1
GRCh38,CTAAGGACAACATCAC-1
GRCh38,CTAAGGACAACCCGTA-1
GRCh38,CTAAGGACAACTGCGC-1
GRCh38,CTAAGGACAAGCGTTT-1
GRCh38,CTAAGGACAATCCTAA-1
GRCh38,CTAAGGACAATGATCC-1
GRCh38,CTAAGGACAATTGACC-1
GRCh38,CTAAGGACACAATGCT-1
GRCh38,CTAAGGACACACTCGA-1
GRCh38,CTAAGGACACAGCTCA-1
GRCh38,CTAAGGACACCACGTA-1
GRCh38,CTAAGGACACGTTATA-1
GRCh38,CTAAGGGAGAGGCGAC-1
GRCh38,CTAAGGGAGAGGCGTA-1
GRCh38,CTAAGGGAGAGTCGTC-1
GRCh38,CTAAGGGAGCGGATTC-1
GRCh38,CTAAGGGAGCTCAGGT-1
GRCh38,CTAAGGGAGCTCTGGG-1
GRCh38,CTAAGGGAGCTGACCG-1
GRCh38,CTAAGGGAGGCCCGTA-1
GRCh38,CTAAGGGAGGGCGGAT-1
GRCh38,CTAAGGGAGGGGATCA-1
GRCh38,CTAAGGGAGGGGATTG-1
GRCh38,CTAAGGGAGGTCCACG-1
GRCh38,CTAAGGGAGGTGATTT-1
GRCh38,CTAAGGTGTACTGGAT-1
GRCh38,CTAAGGTGTAGAGGTA-1
GRCh38,CTAAGGTGTATGCGAT-1
GRCh38,CTAAGGTGTCAGGTTG-1
GRCh38,CTAAGGTGTGCCTTCG-1
GRCh38,CTAAGGTGTGGAGCCT-1
GRCh38,CTAAGTAGTAGGGGCA-1
GRCh38,CTAAGTAGTAGGTATC-1
GRCh38,CTAAGTAGTAGTTTAG-1
GRCh38,CTAAGTAGTATGCGCA-1
GRCh38,CTAAGTAGTCCGAAAT-1
GRCh38,CTAAGTAGTCTACTAT-1
GRCh38,CTAAGTAGTCTGACTC-1
GRCh38,CTAAGTAGTCTGGCCC-1
GRCh38,CTAAGTAGTGGTTATA-1
GRCh38,CTAAGTAGTGTACTCC-1
GRCh38,CTAAGTCCAAATTCCA-1
GRCh38,CTAAGTCCAACGAGAC-1
GRCh38,CTAAGTCCAACTCATA-1
GRCh38,CTAAGTCCAAGCTATC-1
GRCh38,CTAAGTCCACCATCGA-1
GRCh38,CTAAGTCCACCCTAGA-1
GRCh38,CTAAGTCCACTCATAA-1
GRCh38,CTAAGTCCACTTGACG-1
GRCh38,CTAAGTCCAGCAGGCA-1
GRCh38,CTAAGTCCAGGCATAA-1
GRCh38,CTAAGTCCAGGGGCTA-1
GRCh38,CTAAGTCCAGTTAGCT-1
GRCh38,CTAATACAGACCTACA-1
GRCh38,CTAATACAGACTCGAC-1
GRCh38,CTAATACAGCGATGGA-1
GRCh38,CTAATACAGGCGGATA-1
GRCh38,CTAATACAGGCGGTAA-1
GRCh38,CTAATATCAACGAGGT-1
GRCh38,CTAATATCAAGCGTAA-1
GRCh38,CTAATATCAAGGACTA-1
GRCh38,CTAATATCAAGGGTCG-1
GRCh38,CTAATATCACTCATAA-1
GRCh38,CTAATATCAGTATCAC-1
GRCh38,CTAATCACAAACACTC-1
GRCh38,CTAATCACAAATCCCG-1
GRCh38,CTAATCACAACACAGA-1
GRCh38,CTAATCACAACCCGAC-1
GRCh38,CTAATCACAAGTCGGG-1
GRCh38,CTAATCACAATGCGCC-1
GRCh38,CTAATCACACACTAAC-1
GRCh38,CTAATCACACTCTCCG-1
GRCh38,CTAATCCTCACTACTC-1
GRCh38,CTAATCCTCATGTAAC-1
GRCh38,CTAATCCTCATTGTGG-1
GRCh38,CTAATCCTCCATCATC-1
GRCh38,CTAATCCTCCTATGCT-1
GRCh38,CTAATCCTCGGACCTG-1
GRCh38,CTAATCCTCGTGCGCA-1
GRCh38,CTAATCGAGAAAGCTA-1
GRCh38,CTAATCGAGAACTAAG-1
GRCh38,CTAATCGAGAAGCTGG-1
GRCh38,CTAATCGAGAGCAGAT-1
GRCh38,CTAATCGAGAGTGCAG-1
GRCh38,CTAATCGAGATTCAAC-1
GRCh38,CTAATCGAGATTGCAT-1
GRCh38,CTAATCGAGCCCATGG-1
GRCh38,CTAATCGAGCGTATAT-1
GRCh38,CTAATCGAGGCGATAG-1
GRCh38,CTAATCGAGGGTGTTC-1
GRCh38,CTAATCGAGGTCAATT-1
GRCh38,CTAATCTGTACAATTG-1
GRCh38,CTAATCTGTATGTTGA-1
GRCh38,CTAATCTGTCCCATGT-1
GRCh38,CTAATCTGTCGCTATC-1
GRCh38,CTAATCTGTGCTAGGC-1
GRCh38,CTAATCTGTGGGGCTT-1
GRCh38,CTAATCTGTGGGGTTC-1
GRCh38,CTAATGAGTACATCCC-1
GRCh38,CTAATGAGTACTACAA-1
GRCh38,CTAATGAGTAGTATGC-1
GRCh38,CTAATGAGTAGTCAGT-1
GRCh38,CTAATGAGTCATGGAT-1
GRCh38,CTAATGAGTCGGGTTA-1
GRCh38,CTAATGAGTGGATATC-1
GRCh38,CTAATGAGTGTAGAAG-1
GRCh38,CTAATGGTCAAACCAT-1
GRCh38,CTAATGGTCAATTGGT-1
GRCh38,CTAATGGTCACGTCCC-1
GRCh38,CTAATGGTCAGCTTAG-1
GRCh38,CTAATGGTCAGTGAAA-1
GRCh38,CTAATGGTCATAACGT-1
GRCh38,CTAATGGTCATGGTAT-1
GRCh38,CTAATGGTCATGTCGA-1
GRCh38,CTAATGGTCCGGCGTA-1
GRCh38,CTAATGGTCCTCTGCA-1
GRCh38,CTAATGGTCCTTAGTC-1
GRCh38,CTAATGGTCGCGGAAA-1
GRCh38,CTAATGGTCGGCCCTT-1
GRCh38,CTAATTCGTACCTGCT-1
GRCh38,CTAATTCGTAGACTCG-1
GRCh38,CTAATTCGTAGTGATC-1
GRCh38,CTAATTCGTCAGGCCG-1
GRCh38,CTAATTCGTGGAACGG-1
GRCh38,CTAATTCGTGGCGATC-1
GRCh38,CTAATTCGTGGGGTCT-1
GRCh38,CTACAAGTCACACAAT-1
GRCh38,CTACAAGTCACGAACC-1
GRCh38,CTACAAGTCCACATCT-1
GRCh38,CTACAAGTCCCTGCAC-1
GRCh38,CTACAAGTCCGAAGTC-1
GRCh38,CTACAAGTCCGACCCT-1
GRCh38,CTACAAGTCCGCTACC-1
GRCh38,CTACAAGTCGTAGATT-1
GRCh38,CTACAAGTCGTTCTAC-1
GRCh38,CTACAATAGAAATTGG-1
GRCh38,CTACAATAGAGAGAGA-1
GRCh38,CTACAATAGAGGGGCT-1
GRCh38,CTACAATAGAGGTTAA-1
GRCh38,CTACAATAGCACCATA-1
GRCh38,CTACAATAGCATTAAC-1
GRCh38,CTACAATAGCCCACAG-1
GRCh38,CTACAATAGCTAAATC-1
GRCh38,CTACAATAGCTTGAAT-1
GRCh38,CTACAATAGGGGGTTA-1
GRCh38,CTACAATAGGTAGGCA-1
GRCh38,CTACAATAGGTCTCCC-1
GRCh38,CTACACAAGAACCATT-1
GRCh38,CTACACAAGAATTACC-1
GRCh38,CTACACAAGCAAATGA-1
GRCh38,CTACACAAGCCACATA-1
GRCh38,CTACACAAGCCGCAAT-1
GRCh38,CTACACAAGCGAACGA-1
GRCh38,CTACACAAGCGTGAGA-1
GRCh38,CTACACAAGGGAGCGT-1
GRCh38,CTACACAAGGTTAATC-1
GRCh38,CTACAGCAGACAACGG-1
GRCh38,CTACAGCAGACGACAG-1
GRCh38,CTACAGCAGATCACAT-1
GRCh38,CTACAGCAGATGTATC-1
GRCh38,CTACAGCAGCAAAGCG-1
GRCh38,CTACAGCAGCCAACCG-1
GRCh38,CTACAGCAGCCGCAAT-1
GRCh38,CTACAGCAGCGCGATT-1
GRCh38,CTACAGCAGCGGTTTA-1
GRCh38,CTACAGCAGCTACGTA-1
GRCh38,CTACAGCAGCTATAAC-1
GRCh38,CTACAGCAGGTTGCCG-1
GRCh38,CTACAGGGTATGAGCT-1
GRCh38,CTACAGGGTCACCCTG-1
GRCh38,CTACAGGGTCCATCCG-1
GRCh38,CTACAGGGTCTTGGAG-1
GRCh38,CTACAGGGTGCCCCGT-1
GRCh38,CTACAGGGTGCCTCGC-1
GRCh38,CTACAGGGTGCTATGG-1
GRCh38,CTACAGGGTGGTGTAT-1
GRCh38,CTACATACAAAGCTTC-1
GRCh38,CTACATACAACTAACC-1
GRCh38,CTACATACAACTTACA-1
GRCh38,CTACATACAACTTTAG-1
GRCh38,CTACATACAATGAATA-1
GRCh38,CTACATACACCACTGA-1
GRCh38,CTACATACACCTCATC-1
GRCh38,CTACATACACGCAGGA-1
GRCh38,CTACATACACGTATCG-1
GRCh38,CTACATACAGGAAAGG-1
GRCh38,CTACATACAGGCTCTA-1
GRCh38,CTACATACAGTAAAGT-1
GRCh38,CTACATACAGTCATAC-1
GRCh38,CTACATCTCCCTTCTC-1
GRCh38,CTACATCTCCTATGCT-1
GRCh38,CTACATCTCCTCGTTG-1
GRCh38,CTACATCTCGCGCAAT-1
GRCh38,CTACATGAGAGGCAGC-1
GRCh38,CTACATGAGAGTCAGG-1
GRCh38,CTACATGAGATCATCG-1
GRCh38,CTACATGAGCAGCCCA-1
GRCh38,CTACATGAGCCATGAC-1
GRCh38,CTACATGAGCGTACCG-1
GRCh38,CTACATGAGCTATAGT-1
GRCh38,CTACATGAGCTATGGC-1
GRCh38,CTACATGAGGGCGTAA-1
GRCh38,CTACATGAGGTAGAAC-1
GRCh38,CTACGACAGCCCTTGC-1
GRCh38,CTACGACAGGCGTCAT-1
GRCh38,CTACGACAGGGGGCAT-1
GRCh38,CTACGATCAAAACTAA-1
GRCh38,CTACGATCAAAGCAAT-1
GRCh38,CTACGATCAATCATGC-1
GRCh38,CTACGATCAATCGCAT-1
GRCh38,CTACGATCAATCTGAC-1
GRCh38,CTACGATCAATGAATA-1
GRCh38,CTACGATCACACTACG-1
GRCh38,CTACGATCACAGCGGA-1
GRCh38,CTACGATCACATAATT-1
GRCh38,CTACGATCACTATACA-1
GRCh38,CTACGATCAGTTAATT-1
GRCh38,CTACGCACAACCTTAA-1
GRCh38,CTACGCACAACGTGGG-1
GRCh38,CTACGCACAACGTTTA-1
GRCh38,CTACGCACAAGGAATT-1
GRCh38,CTACGCACACCCTCAT-1
GRCh38,CTACGCACACGCATAT-1
GRCh38,CTACGCACAGCTACCA-1
GRCh38,CTACGCACAGGAACGT-1
GRCh38,CTACGCACAGGAGCCA-1
GRCh38,CTACGCACAGGAGTTA-1
GRCh38,CTACGCCTCAAACTAC-1
GRCh38,CTACGCCTCAATTGGT-1
GRCh38,CTACGCCTCACAATCG-1
GRCh38,CTACGCCTCACTCGTT-1
GRCh38,CTACGCCTCATTAAGC-1
GRCh38,CTACGCCTCCCAACTT-1
GRCh38,CTACGCCTCCCCTATG-1
GRCh38,CTACGCCTCCTTGTCG-1
GRCh38,CTACGCCTCGCAAGCT-1
GRCh38,CTACGCCTCGCTCCAC-1
GRCh38,CTACGCCTCGTACTTC-1
GRCh38,CTACGCCTCGTTCATC-1
GRCh38,CTACGCGAGAATGTAG-1
GRCh38,CTACGCGAGATCTTGG-1
GRCh38,CTACGCGAGATGCCCG-1
GRCh38,CTACGCGAGATGCGGA-1
GRCh38,CTACGCGAGCAACAGG-1
GRCh38,CTACGCGAGCACATCA-1
GRCh38,CTACGCGAGCCGCAAT-1
GRCh38,CTACGCGAGCTGTACA-1
GRCh38,CTACGCTGTCCCAAAG-1
GRCh38,CTACGCTGTCCGCTTG-1
GRCh38,CTACGCTGTCGGTGTA-1
GRCh38,CTACGCTGTGGCCCCT-1
GRCh38,CTACGCTGTGTCCGGG-1
GRCh38,CTACGGAGTAAATGGG-1
GRCh38,CTACGGAGTAAGCCGC-1
GRCh38,CTACGGAGTACTGTGG-1
GRCh38,CTACGGAGTATCCCCG-1
GRCh38,CTACGGAGTCTCGCAT-1
GRCh38,CTACGGAGTGGACTAT-1
GRCh38,CTACGTAAGAATTCGT-1
GRCh38,CTACGTAAGCCAGTAC-1
GRCh38,CTACGTAAGCGCTATA-1
GRCh38,CTACGTAAGCGTTACA-1
GRCh38,CTACGTAAGCTGACCG-1
GRCh38,CTACGTAAGCTGTACA-1
GRCh38,CTACGTAAGGCAAGGC-1
GRCh38,CTACGTAAGGCTCGTG-1
GRCh38,CTACTAACAAATTGGG-1
GRCh38,CTACTAACAAGCGTCC-1
GRCh38,CTACTAACAATCGGCC-1
GRCh38,CTACTAACACGCGTTA-1
GRCh38,CTACTAACACTAGCGC-1
GRCh38,CTACTACTCACGTCCC-1
GRCh38,CTACTACTCAGTTGGC-1
GRCh38,CTACTACTCCAGCAAC-1
GRCh38,CTACTACTCCATATCC-1
GRCh38,CTACTACTCGCTCCTA-1
GRCh38,CTACTATGTAAACGGA-1
GRCh38,CTACTATGTACGGTGC-1
GRCh38,CTACTATGTATCATGA-1
GRCh38,CTACTATGTCACGTTC-1
GRCh38,CTACTATGTCGAGGCT-1
GRCh38,CTACTATGTCGGTTAG-1
GRCh38,CTACTATGTCGTATAA-1
GRCh38,CTACTATGTCTAACCC-1
GRCh38,CTACTATGTGGAATGA-1
GRCh38,CTACTCCCAAACCAGA-1
GRCh38,CTACTCCCAACCAGAA-1
GRCh38,CTACTCCCAACGTGCC-1
GRCh38,CTACTCCCAACTCGGC-1
GRCh38,CTACTCCCAAGAAGCC-1
GRCh38,CTACTCCCAAGCGAGT-1
GRCh38,CTACTCCCAAGGACCG-1
GRCh38,CTACTCCCAATAATTC-1
GRCh38,CTACTCCCACATTCGG-1
GRCh38,CTACTCCCACGACCTA-1
GRCh38,CTACTCCCACTGGGAG-1
GRCh38,CTACTCCCAGCCCATA-1
GRCh38,CTACTCCCAGCCTCTT-1
GRCh38,CTACTGAAGAACGTTT-1
GRCh38,CTACTGAAGAATTACC-1
GRCh38,CTACTGAAGAGACGAT-1
GRCh38,CTACTGAAGCATTCAG-1
GRCh38,CTACTGAAGCCATCAA-1
GRCh38,CTACTGAAGCGGGGAT-1
GRCh38,CTACTGAAGCGTTACA-1
GRCh38,CTACTGAAGCTACGCG-1
GRCh38,CTACTGAAGCTGCATA-1
GRCh38,CTACTGAAGGCCTCGA-1
GRCh38,CTACTGAAGGGTATCC-1
GRCh38,CTACTGCGTAGCCTTC-1
GRCh38,CTACTGCGTGTTAGCG-1
GRCh38,CTACTTATCAAGCAAA-1
GRCh38,CTACTTATCACAACAT-1
GRCh38,CTACTTATCACTAATA-1
GRCh38,CTACTTATCAGGCCAT-1
GRCh38,CTACTTATCAGTATTA-1
GRCh38,CTACTTATCCAATCGA-1
GRCh38,CTACTTATCCTAGCTT-1
GRCh38,CTACTTATCCTCTAAC-1
GRCh38,CTACTTATCGGGTCAT-1
GRCh38,CTACTTCAGAATTGTC-1
GRCh38,CTACTTCAGATCGTAT-1
GRCh38,CTACTTCAGATTATGC-1
GRCh38,CTACTTCAGCCACTTT-1
GRCh38,CTACTTCAGCGTAGCT-1
GRCh38,CTACTTTCAAATTAAG-1
GRCh38,CTACTTTCAAATTTCG-1
GRCh38,CTACTTTCAACGACCC-1
GRCh38,CTACTTTCAAGACGTA-1
GRCh38,CTACTTTCAAGCGATA-1
GRCh38,CTACTTTCAATGCACT-1
GRCh38,CTACTTTCACAATGCT-1
GRCh38,CTACTTTCACCTCAGA-1
GRCh38,CTACTTTCACTACTTT-1
GRCh38,CTACTTTCACTCTCCG-1
GRCh38,CTACTTTCAGCGGGTA-1
GRCh38,CTACTTTCAGTAACCT-1
GRCh38,CTACTTTCAGTAGGCG-1
GRCh38,CTAGAAGCAACTCGGC-1
GRCh38,CTAGAAGCAACTTTAG-1
GRCh38,CTAGAAGCAATGCAGA-1
GRCh38,CTAGAAGCAATGGTAG-1
GRCh38,CTAGAAGCACCCTGAA-1
GRCh38,CTAGAAGCACCTCAGA-1
GRCh38,CTAGAAGCACTGGGAG-1
GRCh38,CTAGAAGCACTTCGAG-1
GRCh38,CTAGAAGCAGGACCGA-1
GRCh38,CTAGATTAGAGCAAGT-1
GRCh38,CTAGATTAGCACCTAA-1
GRCh38,CTAGATTAGCACCTCC-1
GRCh38,CTAGATTAGCCATTTC-1
GRCh38,CTAGATTAGCGGAATG-1
GRCh38,CTAGCAATCAAGGGCA-1
GRCh38,CTAGCAATCAATGTAC-1
GRCh38,CTAGCAATCAATTGGT-1
GRCh38,CTAGCAATCACTAATA-1
GRCh38,CTAGCAATCACTTAAA-1
GRCh38,CTAGCAATCACTTTCA-1
GRCh38,CTAGCAATCAGTATTA-1
GRCh38,CTAGCAATCAGTTAGT-1
GRCh38,CTAGCAATCCACATCT-1
GRCh38,CTAGCAATCCATTGTC-1
GRCh38,CTAGCAATCCCACGCT-1
GRCh38,CTAGCAATCCCCATGC-1
GRCh38,CTAGCAATCGCGTTAA-1
GRCh38,CTAGCAATCGTTGCTT-1
GRCh38,CTAGCAGGTAAATCCA-1
GRCh38,CTAGCAGGTATCCGGA-1
GRCh38,CTAGCAGGTCCAGTGA-1
GRCh38,CTAGCAGGTCCGTTTA-1
GRCh38,CTAGCAGGTCGTCGGG-1
GRCh38,CTAGCAGGTCTCATAT-1
GRCh38,CTAGCAGGTGGCCTGG-1
GRCh38,CTAGCAGGTGGGCAAG-1
GRCh38,CTAGCATCAATTAACT-1
GRCh38,CTAGCATCAATTCGTA-1
GRCh38,CTAGCATCACAATCCG-1
GRCh38,CTAGCATCACAGGTAA-1
GRCh38,CTAGCATCACTATCCC-1
GRCh38,CTAGCATCAGCTTCAG-1
GRCh38,CTAGCCCTCAATCCTC-1
GRCh38,CTAGCCCTCACCAAGC-1
GRCh38,CTAGCCCTCCGAATTG-1
GRCh38,CTAGCCCTCCTATACC-1
GRCh38,CTAGCCCTCCTTAACC-1
GRCh38,CTAGCCCTCGCAACGT-1
GRCh38,CTAGCCGAGATAAGTG-1
GRCh38,CTAGCCGAGATTAACC-1
GRCh38,CTAGCCGAGCACCTAA-1
GRCh38,CTAGCCGAGCCCTTGC-1
GRCh38,CTAGCCGAGCGAAGTG-1
GRCh38,CTAGCCGAGCGCCCAA-1
GRCh38,CTAGCCGAGCTAAACT-1
GRCh38,CTAGCCGAGCTTCTAC-1
GRCh38,CTAGCCGAGGCTCACG-1
GRCh38,CTAGCCGAGGTGAGTG-1
GRCh38,CTAGCGCCAACCCTAG-1
GRCh38,CTAGCGCCAAGGTAAT-1
GRCh38,CTAGCGCCAATAGCAG-1
GRCh38,CTAGCGCCAATGCTTA-1
GRCh38,CTAGCGCCAATGTCCG-1
GRCh38,CTAGCGCCAATTAAGA-1
GRCh38,CTAGCGCCACAATGTC-1
GRCh38,CTAGCGCCACACAGCC-1
GRCh38,CTAGCGCCACTACTCC-1
GRCh38,CTAGCGCCAGGATTTC-1
GRCh38,CTAGCGCCAGGCTACC-1
GRCh38,CTAGCGCCAGTCTGCA-1
GRCh38,CTAGCGCCAGTTGGTT-1
GRCh38,CTAGCGTAGACGTCCG-1
GRCh38,CTAGCGTAGAGGTAAC-1
GRCh38,CTAGCGTAGCAAGTAA-1
GRCh38,CTAGCGTAGCGCATCG-1
GRCh38,CTAGCGTAGCGGTGTT-1
GRCh38,CTAGCGTAGCGTGCAT-1
GRCh38,CTAGCGTAGCTACGTA-1
GRCh38,CTAGCGTAGCTCTCCA-1
GRCh38,CTAGCGTAGGCCCGTA-1
GRCh38,CTAGCGTAGGCTCGTG-1
GRCh38,CTAGCGTAGGGACAAT-1
GRCh38,CTAGCGTAGGTGAGAT-1
GRCh38,CTAGCTAAGAACTTCG-1
GRCh38,CTAGCTAAGACATGAA-1
GRCh38,CTAGCTAAGACGACGA-1
GRCh38,CTAGCTAAGAGCCGTT-1
GRCh38,CTAGCTAAGAGCGGAC-1
GRCh38,CTAGCTAAGATTCAGT-1
GRCh38,CTAGCTAAGCCTAGCG-1
GRCh38,CTAGCTAAGCCTTAGA-1
GRCh38,CTAGCTAAGCGGGATA-1
GRCh38,CTAGCTAAGCGTTAGC-1
GRCh38,CTAGCTAAGGCCTGAT-1
GRCh38,CTAGCTAAGGTCGGAA-1
GRCh38,CTAGCTAAGGTTGCGT-1
GRCh38,CTAGCTCGTAAATGGG-1
GRCh38,CTAGCTCGTAAATTCG-1
GRCh38,CTAGCTCGTACCTGTC-1
GRCh38,CTAGCTCGTATAGGGA-1
GRCh38,CTAGCTCGTATCACGG-1
GRCh38,CTAGCTCGTATTATGG-1
GRCh38,CTAGCTCGTCAATATG-1
GRCh38,CTAGCTCGTCCGCTAT-1
GRCh38,CTAGCTCGTGTGAGTT-1
GRCh38,CTAGCTTTCAAGCTCA-1
GRCh38,CTAGCTTTCACCCCGT-1
GRCh38,CTAGCTTTCACCTACT-1
GRCh38,CTAGCTTTCCCCACGT-1
GRCh38,CTAGCTTTCCGAATGC-1
GRCh38,CTAGCTTTCCGATAGC-1
GRCh38,CTAGCTTTCCTGTCAT-1
GRCh38,CTAGCTTTCGCACGTG-1
GRCh38,CTAGCTTTCGTCCTGC-1
GRCh38,CTAGGAACAACACAGA-1
GRCh38,CTAGGAACAACACTAC-1
GRCh38,CTAGGAACAAGCCGTC-1
GRCh38,CTAGGAACACAGCGGA-1
GRCh38,CTAGGAACACCACTAG-1
GRCh38,CTAGGAACACGACCTA-1
GRCh38,CTAGGAACACGGGTCT-1
GRCh38,CTAGGAGAGACGGGGT-1
GRCh38,CTAGGAGAGACGGGTA-1
GRCh38,CTAGGAGAGATCTTGG-1
GRCh38,CTAGGAGAGCAATCCA-1
GRCh38,CTAGGAGAGCCTAGCG-1
GRCh38,CTAGGAGAGCCTTAAG-1
GRCh38,CTAGGAGAGCGTTGAC-1
GRCh38,CTAGGAGAGCGTTTAG-1
GRCh38,CTAGGAGAGCTGGTTA-1
GRCh38,CTAGGAGAGGGGTAGC-1
GRCh38,CTAGGCCCAACAACAG-1
GRCh38,CTAGGCCCAACGCACC-1
GRCh38,CTAGGCCCAAGACGTA-1
GRCh38,CTAGGCCCAAGTCCGC-1
GRCh38,CTAGGCCCACATTAGC-1
GRCh38,CTAGGCCCACGTAGAA-1
GRCh38,CTAGGCCCACTAGCGC-1
GRCh38,CTAGGCCCAGCAGGCA-1
GRCh38,CTAGGCCCAGGAACCG-1
GRCh38,CTAGGCCCAGGTGCGA-1
GRCh38,CTAGGCCCAGTTCTCC-1
GRCh38,CTAGGGCGTAACGTCG-1
GRCh38,CTAGGGCGTAGGACGG-1
GRCh38,CTAGGGCGTATGAGTC-1
GRCh38,CTAGGGCGTATGCGAT-1
GRCh38,CTAGGGCGTATGGCGC-1
GRCh38,CTAGGGCGTCAAAGGA-1
GRCh38,CTAGGGCGTCAGGTAT-1
GRCh38,CTAGGGCGTCATTTCG-1
GRCh38,CTAGGGCGTCGGATAT-1
GRCh38,CTAGGGCGTGCATTCC-1
GRCh38,CTAGGGCGTGCGAGGA-1
GRCh38,CTAGGGCGTGCTATCC-1
GRCh38,CTAGGGCGTGGTTTGG-1
GRCh38,CTAGGGCGTGTTAATG-1
GRCh38,CTAGGGGCAACCAACT-1
GRCh38,CTAGGGGCAAGCATTC-1
GRCh38,CTAGGGGCAAGTACGA-1
GRCh38,CTAGGGGCAAGTCGCC-1
GRCh38,CTAGGGGCAATGCGAA-1
GRCh38,CTAGGGGCAATGGCGG-1
GRCh38,CTAGGGGCAGGCTTCA-1
GRCh38,CTAGGGGCAGGGAGAA-1
GRCh38,CTAGGGGCAGGTGCGA-1
GRCh38,CTAGGGTTCACGCAGT-1
GRCh38,CTAGGGTTCCCACTTG-1
GRCh38,CTAGGGTTCCCGGCAA-1
GRCh38,CTAGGGTTCCGCTTCA-1
GRCh38,CTAGGGTTCGCGCAAT-1
GRCh38,CTAGGGTTCGGGTTAC-1
GRCh38,CTAGGGTTCGGTCAGT-1
GRCh38,CTAGGGTTCGTCATCT-1
GRCh38,CTAGGTCAGACCCAAC-1
GRCh38,CTAGGTCAGATGCCCG-1
GRCh38,CTAGGTCAGCACAATT-1
GRCh38,CTAGGTCAGGTAAGAC-1
GRCh38,CTAGGTGGTAAACCGT-1
GRCh38,CTAGGTGGTAACTGCG-1
GRCh38,CTAGGTGGTAGGATTC-1
GRCh38,CTAGGTGGTCCTACGT-1
GRCh38,CTAGGTGGTCGAGGGA-1
GRCh38,CTAGGTGGTCTGTTAT-1
GRCh38,CTAGGTGGTCTGTTGC-1
GRCh38,CTAGGTGGTGCATAGT-1
GRCh38,CTAGTAAGTATCGCAG-1
GRCh38,CTAGTAAGTATGCCGA-1
GRCh38,CTAGTAAGTCAGGATT-1
GRCh38,CTAGTAAGTCGCGCTC-1
GRCh38,CTAGTAAGTCGGTTCT-1
GRCh38,CTAGTAAGTCTGGTCT-1
GRCh38,CTAGTAAGTGGCGCTG-1
GRCh38,CTAGTATAGACCAATT-1
GRCh38,CTAGTATAGACCAGAG-1
GRCh38,CTAGTATAGACCTTTC-1
GRCh38,CTAGTATAGATGCATT-1
GRCh38,CTAGTATAGCCAACCG-1
GRCh38,CTAGTATAGCCGGTAT-1
GRCh38,CTAGTATAGCCTAATG-1
GRCh38,CTAGTATAGCGAATGG-1
GRCh38,CTAGTATAGCGTTGAC-1
GRCh38,CTAGTATAGGCCATAC-1
GRCh38,CTAGTATAGGTTGGAG-1
GRCh38,CTAGTCAAGAAAGTCA-1
GRCh38,CTAGTCAAGACTTGTG-1
GRCh38,CTAGTCAAGCAACGTC-1
GRCh38,CTAGTCAAGCCTGTGG-1
GRCh38,CTAGTCAAGCTTAGGC-1
GRCh38,CTAGTCAAGGCATCCG-1
GRCh38,CTAGTCGCAAACCCAT-1
GRCh38,CTAGTCGCAAACTCCG-1
GRCh38,CTAGTCGCAACCAACT-1
GRCh38,CTAGTCGCAACTGCCA-1
GRCh38,CTAGTCGCAATCGACT-1
GRCh38,CTAGTCGCAATGGCGG-1
GRCh38,CTAGTCGCACGCATAT-1
GRCh38,CTAGTCGCACTATTCT-1
GRCh38,CTAGTCGCACTGGCAC-1
GRCh38,CTAGTCGCACTTCTCA-1
GRCh38,CTAGTCGCAGCCACTA-1
GRCh38,CTAGTCGCAGGTAAAT-1
GRCh38,CTAGTCGCAGGTATTC-1
GRCh38,CTAGTCTTCAACCCTT-1
GRCh38,CTAGTCTTCAAGGCTC-1
GRCh38,CTAGTCTTCACAACTG-1
GRCh38,CTAGTCTTCACACAAT-1
GRCh38,CTAGTCTTCGGAAGCA-1
GRCh38,CTAGTCTTCGGCAATC-1
GRCh38,CTAGTGCAGCACCATA-1
GRCh38,CTAGTGCAGCATCGAC-1
GRCh38,CTAGTGCAGCCAGTAC-1
GRCh38,CTAGTGCAGCGTCATA-1
GRCh38,CTAGTGCAGCTCATAG-1
GRCh38,CTAGTGCAGCTCGAGT-1
GRCh38,CTAGTGCAGGCCACAT-1
GRCh38,CTAGTGCAGGCCTCGA-1
GRCh38,CTAGTGCAGGGCATGA-1
GRCh38,CTAGTGGGTACTGCGA-1
GRCh38,CTAGTGGGTATGAGAG-1
GRCh38,CTAGTGGGTATTGAGC-1
GRCh38,CTAGTGGGTCACACTC-1
GRCh38,CTAGTGGGTGTCACGA-1
GRCh38,CTAGTTACAAAAGGCC-1
GRCh38,CTAGTTACAAACCACT-1
GRCh38,CTAGTTACAACACTTA-1
GRCh38,CTAGTTACAAGCGCCT-1
GRCh38,CTAGTTACACAATCAC-1
GRCh38,CTAGTTACACTCGGGT-1
GRCh38,CTAGTTACAGCGAAAC-1
GRCh38,CTAGTTACAGCTGACC-1
GRCh38,CTAGTTACAGGATGGT-1
GRCh38,CTAGTTACAGTAACCT-1
GRCh38,CTAGTTACAGTTACCG-1
GRCh38,CTAGTTCTCAAAGGGT-1
GRCh38,CTAGTTCTCACAATCG-1
GRCh38,CTAGTTCTCACCCAAA-1
GRCh38,CTAGTTCTCAGTATCG-1
GRCh38,CTAGTTCTCCACTCTG-1
GRCh38,CTAGTTCTCCCCAGCT-1
GRCh38,CTAGTTCTCCCGGGTA-1
GRCh38,CTAGTTCTCGCTATCT-1
GRCh38,CTAGTTCTCGTGCAGT-1
GRCh38,CTAGTTGAGAACGATA-1
GRCh38,CTAGTTGAGAAGCGTG-1
GRCh38,CTAGTTGAGAGGCGTA-1
GRCh38,CTAGTTGAGCACCCGA-1
GRCh38,CTAGTTGAGCAGGGGT-1
GRCh38,CTAGTTGAGCGCCTGA-1
GRCh38,CTAGTTGAGCGTTGAC-1
GRCh38,CTAGTTGAGCTAGCGT-1
GRCh38,CTAGTTGAGGCTCGTG-1
GRCh38,CTAGTTGAGGGATTAA-1
GRCh38,CTAGTTGAGGGTCTGT-1
GRCh38,CTAGTTGAGGGTTCGT-1
GRCh38,CTATAACAGAAGTGTA-1
GRCh38,CTATAACAGACGACGA-1
GRCh38,CTATAACAGAGGAGCC-1
GRCh38,CTATAACAGAGTGTAA-1
GRCh38,CTATAACAGCAAGCTC-1
GRCh38,CTATAACAGCGCCAAT-1
GRCh38,CTATAACAGCGGAATG-1
GRCh38,CTATAACAGGGAATAC-1
GRCh38,CTATAAGGTACCATCC-1
GRCh38,CTATAAGGTATCAGCG-1
GRCh38,CTATAAGGTCTACTGC-1
GRCh38,CTATAAGGTGGAACGG-1
GRCh38,CTATAAGGTGTCCTTA-1
GRCh38,CTATAATCAACCCCAA-1
GRCh38,CTATAATCAAGCGTCC-1
GRCh38,CTATAATCAAGTAACG-1
GRCh38,CTATAATCAAGTCGCC-1
GRCh38,CTATAATCAAGTGGCG-1
GRCh38,CTATAATCACTAAGTC-1
GRCh38,CTATAATCAGCTTAGT-1
GRCh38,CTATAATCAGGTTGCC-1
GRCh38,CTATACACAAACCCAT-1
GRCh38,CTATACACAAGTGTCT-1
GRCh38,CTATACACAATCAACC-1
GRCh38,CTATACACAATGCCCA-1
GRCh38,CTATACACACATTAGC-1
GRCh38,CTATACACACTGACCA-1
GRCh38,CTATACACAGCTAAAG-1
GRCh38,CTATACACAGGAACTA-1
GRCh38,CTATACCTCAAACCTG-1
GRCh38,CTATACCTCAAACTAC-1
GRCh38,CTATACCTCAATATGC-1
GRCh38,CTATACCTCCAACACA-1
GRCh38,CTATACCTCCAGCCTC-1
GRCh38,CTATACCTCCATTCGT-1
GRCh38,CTATACCTCCCTTAGT-1
GRCh38,CTATACCTCGCCCTTA-1
GRCh38,CTATACCTCGCTCTAT-1
GRCh38,CTATACCTCGGTCATA-1
GRCh38,CTATACCTCGTCAAGC-1
GRCh38,CTATACCTCGTTATGG-1
GRCh38,CTATAGCCAACGAGGT-1
GRCh38,CTATAGCCAACGCAGG-1
GRCh38,CTATAGCCAATTAACT-1
GRCh38,CTATAGCCACGAAGTA-1
GRCh38,CTATAGCCAGCGCACT-1
GRCh38,CTATAGCCAGCTAGGG-1
GRCh38,CTATAGCCAGGAACTA-1
GRCh38,CTATAGCCAGTGAAGC-1
GRCh38,CTATAGCCAGTTGCCA-1
GRCh38,CTATAGTAGACCCGTG-1
GRCh38,CTATAGTAGAGGAGTT-1
GRCh38,CTATAGTAGAGGGGTC-1
GRCh38,CTATAGTAGATCTCGA-1
GRCh38,CTATAGTAGCAAGATA-1
GRCh38,CTATAGTAGCGGCCTA-1
GRCh38,CTATAGTAGGCTAAGG-1
GRCh38,CTATAGTAGGCTCAAC-1
GRCh38,CTATAGTAGGGCTTGT-1
GRCh38,CTATAGTAGGGGAGCT-1
GRCh38,CTATAGTAGGGGCGAT-1
GRCh38,CTATAGTAGGTGCTAC-1
GRCh38,CTATCACTCAATCGCA-1
GRCh38,CTATCACTCACGAGCT-1
GRCh38,CTATCACTCCATCATC-1
GRCh38,CTATCACTCCATTGTC-1
GRCh38,CTATCACTCCCACCTA-1
GRCh38,CTATCACTCCCATACT-1
GRCh38,CTATCACTCCCATTAC-1
GRCh38,CTATCACTCCTACAAG-1
GRCh38,CTATCACTCGGGTCCA-1
GRCh38,CTATCACTCGTAGCGT-1
GRCh38,CTATCAGAGAATTGTC-1
GRCh38,CTATCAGAGACAGTTT-1
GRCh38,CTATCAGAGCAACGTC-1
GRCh38,CTATCAGAGCACAGCT-1
GRCh38,CTATCAGAGCTAGCCG-1
GRCh38,CTATCAGAGGCTATTG-1
GRCh38,CTATCAGAGGGCCTTG-1
GRCh38,CTATCAGAGGGGTAAT-1
GRCh38,CTATCCAGTACATTTC-1
GRCh38,CTATCCAGTAGGATAG-1
GRCh38,CTATCCAGTAGTCTGG-1
GRCh38,CTATCCAGTAGTGTTA-1
GRCh38,CTATCCAGTATCCGTC-1
GRCh38,CTATCCAGTATCCTAT-1
GRCh38,CTATCCAGTATCTCAT-1
GRCh38,CTATCCAGTCAATGCG-1
GRCh38,CTATCCAGTCCTTGCG-1
GRCh38,CTATCCAGTCTAATGA-1
GRCh38,CTATCCAGTCTATCCA-1
GRCh38,CTATCCAGTCTTGTCA-1
GRCh38,CTATCCAGTGCATAGT-1
GRCh38,CTATCCAGTGCTCGTT-1
GRCh38,CTATCCAGTGGCGAAG-1
GRCh38,CTATCCAGTGGTTGAT-1
GRCh38,CTATCCCCAAAACGGC-1
GRCh38,CTATCCCCAAAGTAAC-1
GRCh38,CTATCCCCAAGGCACG-1
GRCh38,CTATCCCCAATCAGGA-1
GRCh38,CTATCCCCAATGTATT-1
GRCh38,CTATCCCCACAAGACA-1
GRCh38,CTATCCCCACGCGAAG-1
GRCh38,CTATCCCCACGTACAT-1
GRCh38,CTATCCCCAGGAGTTA-1
GRCh38,CTATCCCCAGGCCTTA-1
GRCh38,CTATCCCCAGTACGGG-1
GRCh38,CTATCCGTCCAAGTGC-1
GRCh38,CTATCCGTCCCACCTA-1
GRCh38,CTATCCGTCCCTAAAG-1
GRCh38,CTATCCGTCCCTACCA-1
GRCh38,CTATCCGTCCGGAAAG-1
GRCh38,CTATCCGTCCGTCATT-1
GRCh38,CTATCCGTCGCAACGT-1
GRCh38,CTATCCGTCGCTACTT-1
GRCh38,CTATCGAAGAAATGGC-1
GRCh38,CTATCGAAGAGCCGTT-1
GRCh38,CTATCGAAGAGGCGAC-1
GRCh38,CTATCGAAGAGTTGAA-1
GRCh38,CTATCGAAGCAACCCG-1
GRCh38,CTATCGAAGCACATCA-1
GRCh38,CTATCGAAGCCTGACG-1
GRCh38,CTATCGAAGCGTTGCG-1
GRCh38,CTATCGAAGCTAGTCA-1
GRCh38,CTATCGAAGGGATTAA-1
GRCh38,CTATCGAAGGGCTTGT-1
GRCh38,CTATCGCGTAAGTGTC-1
GRCh38,CTATCGCGTACGAGTT-1
GRCh38,CTATCGCGTATGGAGA-1
GRCh38,CTATCGCGTATTGCCC-1
GRCh38,CTATCGCGTCATTTCG-1
GRCh38,CTATCGCGTGCCTCGC-1
GRCh38,CTATCGCGTGGAGCCT-1
GRCh38,CTATCGCGTGGCGAGA-1
GRCh38,CTATCTTCAAACCACT-1
GRCh38,CTATCTTCAAATTGAA-1
GRCh38,CTATCTTCAAATTGCC-1
GRCh38,CTATCTTCAACAGGAC-1
GRCh38,CTATCTTCAAGAGATT-1
GRCh38,CTATCTTCAAGTAACG-1
GRCh38,CTATCTTCAAGTACAG-1
GRCh38,CTATCTTCAATCTCTT-1
GRCh38,CTATCTTCAATGCACT-1
GRCh38,CTATCTTCACAGCTCA-1
GRCh38,CTATCTTCACCAGGGA-1
GRCh38,CTATCTTCAGTCCTCT-1
GRCh38,CTATGACCAAACCACT-1
GRCh38,CTATGACCAACATACC-1
GRCh38,CTATGACCAAGTAACG-1
GRCh38,CTATGACCAAGTCGGG-1
GRCh38,CTATGACCAATCAACC-1
GRCh38,CTATGACCACATCATA-1
GRCh38,CTATGACCACGAACCC-1
GRCh38,CTATGACCACGTACGC-1
GRCh38,CTATGACCACTCGGTA-1
GRCh38,CTATGACCAGGAGCCA-1
GRCh38,CTATGACCAGTGCGTC-1
GRCh38,CTATGCTTCAATATCA-1
GRCh38,CTATGCTTCAGTATTA-1
GRCh38,CTATGCTTCCATTGCT-1
GRCh38,CTATGCTTCCCAAGTA-1
GRCh38,CTATGCTTCGCATAAT-1
GRCh38,CTATGCTTCGCATCAA-1
GRCh38,CTATGCTTCGGACGTT-1
GRCh38,CTATGCTTCGGCCATG-1
GRCh38,CTATGCTTCGTTCGTT-1
GRCh38,CTATGGCAGAAAGCCG-1
GRCh38,CTATGGCAGACAGCAG-1
GRCh38,CTATGGCAGAGCAGAT-1
GRCh38,CTATGGCAGAGCGGAC-1
GRCh38,CTATGGCAGATCCCAA-1
GRCh38,CTATGGCAGCATGTCA-1
GRCh38,CTATGGCAGCTGCGTG-1
GRCh38,CTATGGCAGGGAGATT-1
GRCh38,CTATGGCAGGGGTTAG-1
GRCh38,CTATGGCAGGTATACT-1
GRCh38,CTATGGGGTAAGGTAG-1
GRCh38,CTATGGGGTACAAGGA-1
GRCh38,CTATGGGGTACGTTGG-1
GRCh38,CTATGGGGTAGAGGCG-1
GRCh38,CTATGGGGTAGTCGAT-1
GRCh38,CTATGGGGTATACTTC-1
GRCh38,CTATGGGGTCATTCCA-1
GRCh38,CTATGGGGTCGCTTCG-1
GRCh38,CTATGGGGTCGTCAGA-1
GRCh38,CTATGGGGTCTTATGT-1
GRCh38,CTATGGGGTGCCTTCG-1
GRCh38,CTATGGGGTGCTGTCT-1
GRCh38,CTATGGGGTGGACTAT-1
GRCh38,CTATGGGGTGGACTGC-1
GRCh38,CTATGGGGTGTGCCGG-1
GRCh38,CTATGGGGTGTGGTCA-1
GRCh38,CTATGGTCAAACCATC-1
GRCh38,CTATGGTCAACATATT-1
GRCh38,CTATGGTCAACTCATA-1
GRCh38,CTATGGTCAAGGGACT-1
GRCh38,CTATGGTCACCTTCTA-1
GRCh38,CTATGGTCAGTGCATT-1
GRCh38,CTATGTCTCAACCCAA-1
GRCh38,CTATGTCTCACAACGC-1
GRCh38,CTATGTCTCAGCGGTT-1
GRCh38,CTATGTCTCATGGTTG-1
GRCh38,CTATGTCTCATTACTT-1
GRCh38,CTATGTCTCCAATCGA-1
GRCh38,CTATGTCTCCACTTAC-1
GRCh38,CTATGTCTCCAGGATC-1
GRCh38,CTATGTCTCCATCTAC-1
GRCh38,CTATGTCTCCCTTTCC-1
GRCh38,CTATGTCTCGCTGAGT-1
GRCh38,CTATGTCTCGTATGTG-1
GRCh38,CTATGTCTCGTTAGCA-1
GRCh38,CTATGTGAGAAGCTAA-1
GRCh38,CTATGTGAGACCCCGA-1
GRCh38,CTATGTGAGATATGAG-1
GRCh38,CTATGTGAGCAAGACG-1
GRCh38,CTATGTGAGCACCCGA-1
GRCh38,CTATGTGAGCCCATGG-1
GRCh38,CTATGTGAGCTGTGCG-1
GRCh38,CTATGTGAGGCTACCG-1
GRCh38,CTATGTTGTACCACGA-1
GRCh38,CTATGTTGTACGCTGA-1
GRCh38,CTATGTTGTACTCAGG-1
GRCh38,CTATGTTGTATCGCTC-1
GRCh38,CTATGTTGTATTGCGG-1
GRCh38,CTATGTTGTGCTTTCA-1
GRCh38,CTATGTTGTGGAGCCT-1
GRCh38,CTATGTTGTGTCTCCG-1
GRCh38,CTATGTTGTGTGCAAT-1
GRCh38,CTATTCGGTACCTGCT-1
GRCh38,CTATTCGGTCACGTTC-1
GRCh38,CTATTCGGTCCATTTG-1
GRCh38,CTATTCGGTCGAGGCT-1
GRCh38,CTATTCGGTCGCTGGG-1
GRCh38,CTATTCGGTCTGTTGC-1
GRCh38,CTATTCGGTGCGAAGG-1
GRCh38,CTATTCGGTGTACGTG-1
GRCh38,CTATTCGGTGTCACGA-1
GRCh38,CTATTCGGTGTCTAGG-1
GRCh38,CTATTCGGTGTTAGTA-1
GRCh38,CTATTCGGTGTTGGAT-1
GRCh38,CTATTCTCAACACTTA-1
GRCh38,CTATTCTCAAGTGCAA-1
GRCh38,CTATTCTCAATAGCGA-1
GRCh38,CTATTCTCAATCGCAT-1
GRCh38,CTATTCTCAATGGCGG-1
GRCh38,CTATTCTCACCCTTTA-1
GRCh38,CTATTCTCACTTAGCG-1
GRCh38,CTATTCTCAGGAATCA-1
GRCh38,CTATTCTCAGTACAAG-1
GRCh38,CTATTGCTCACGAGCT-1
GRCh38,CTATTGCTCACTTGTC-1
GRCh38,CTATTGCTCATCCTTA-1
GRCh38,CTATTGCTCATTGTCC-1
GRCh38,CTATTGCTCCGGTTAA-1
GRCh38,CTATTGCTCGGGCATT-1
GRCh38,CTATTGCTCGTGCAAC-1
GRCh38,CTATTGGAGAGCGGTA-1
GRCh38,CTATTGGAGATCTGCA-1
GRCh38,CTATTGGAGATCTTCC-1
GRCh38,CTATTGGAGCAATGCC-1
GRCh38,CTATTGGAGCATAGGG-1
GRCh38,CTATTGGAGCCAAACC-1
GRCh38,CTATTGGAGCCAGCAT-1
GRCh38,CTATTGGAGCGAAGCA-1
GRCh38,CTATTGGAGGCTCGTG-1
GRCh38,CTATTGGAGGGGCTAA-1
GRCh38,CTATTGTGTAACCGGC-1
GRCh38,CTATTGTGTAAGTTTG-1
GRCh38,CTATTGTGTACAGAAG-1
GRCh38,CTATTGTGTACGGGCT-1
GRCh38,CTATTGTGTACTCTAT-1
GRCh38,CTATTGTGTATGGCCA-1
GRCh38,CTATTGTGTCAGCATG-1
GRCh38,CTATTGTGTCAGGGTC-1
GRCh38,CTATTGTGTCGAGGCT-1
GRCh38,CTATTGTGTGGACGCT-1
GRCh38,CTCAATACAACGTTCG-1
GRCh38,CTCAATACAACTCTCC-1
GRCh38,CTCAATACAAGTTAGG-1
GRCh38,CTCAATACAATGTCCG-1
GRCh38,CTCAATACACGACCTA-1
GRCh38,CTCAATACACGCAATT-1
GRCh38,CTCAATACACGGCTTA-1
GRCh38,CTCAATACACGGTGCT-1
GRCh38,CTCAATACACTACTCC-1
GRCh38,CTCAATACAGTAGGCG-1
GRCh38,CTCAATACAGTCATAC-1
GRCh38,CTCAATACAGTGGTAA-1
GRCh38,CTCACCCAGAGAAGCT-1
GRCh38,CTCACCCAGATAACAG-1
GRCh38,CTCACCCAGCCAAACC-1
GRCh38,CTCACCCAGCTTGGCG-1
GRCh38,CTCACCTCAACAGCGG-1
GRCh38,CTCACCTCAACCTGCA-1
GRCh38,CTCACCTCAATAACCC-1
GRCh38,CTCACCTCACAAGGCG-1
GRCh38,CTCACCTCACAATACC-1
GRCh38,CTCACCTCACAGCACC-1
GRCh38,CTCACCTCACATCGCA-1
GRCh38,CTCACCTCACGGCTAC-1
GRCh38,CTCACCTCACTGAAAG-1
GRCh38,CTCACCTCAGGACTAA-1
GRCh38,CTCACGACAAACCACT-1
GRCh38,CTCACGACAACCTCTC-1
GRCh38,CTCACGACAAGGACTA-1
GRCh38,CTCACGACAATGAAAC-1
GRCh38,CTCACGACACATGCGC-1
GRCh38,CTCACGACACATTCGG-1
GRCh38,CTCACGACACGGAAAC-1
GRCh38,CTCACGACAGGCAATA-1
GRCh38,CTCACGACAGTAAGAT-1
GRCh38,CTCACGCTCAAGCACC-1
GRCh38,CTCACGCTCACACAAT-1
GRCh38,CTCACGCTCACCTTCG-1
GRCh38,CTCACGCTCATAGGGG-1
GRCh38,CTCACGCTCCGCGGTA-1
GRCh38,CTCACGCTCGCTCATT-1
GRCh38,CTCACGCTCGGAGTCT-1
GRCh38,CTCACGCTCGGGTTAC-1
GRCh38,CTCACTCCAAACGGGT-1
GRCh38,CTCACTCCAAATACCC-1
GRCh38,CTCACTCCAACCAACT-1
GRCh38,CTCACTCCAAGCGCAG-1
GRCh38,CTCACTCCAAGTACTC-1
GRCh38,CTCACTCCAAGTGCAA-1
GRCh38,CTCACTCCAATTCGTA-1
GRCh38,CTCACTCCACCAAGCC-1
GRCh38,CTCACTCCACCTCATC-1
GRCh38,CTCACTCCACGTTCAG-1
GRCh38,CTCACTCCACTGGAGG-1
GRCh38,CTCACTCCAGCTCAAT-1
GRCh38,CTCACTCCAGGACTTT-1
GRCh38,CTCAGCCTCAATCTCC-1
GRCh38,CTCAGCCTCACACAAT-1
GRCh38,CTCAGCCTCACTTCTA-1
GRCh38,CTCAGCCTCAGCCGCA-1
GRCh38,CTCAGCCTCCAGCAAC-1
GRCh38,CTCAGCCTCCATAGCA-1
GRCh38,CTCAGCCTCCGGCTTC-1
GRCh38,CTCAGCCTCCTCAGCC-1
GRCh38,CTCAGCCTCCTGCTAT-1
GRCh38,CTCAGCCTCGGGTATC-1
GRCh38,CTCAGCGAGAGCCGTT-1
GRCh38,CTCAGCGAGATGCCAC-1
GRCh38,CTCAGCGAGCGTGTCG-1
GRCh38,CTCAGCGAGCTAATAC-1
GRCh38,CTCAGCGAGGCAATTT-1
GRCh38,CTCAGCGAGGGGGTAC-1
GRCh38,CTCAGCGAGGGTAGGC-1
GRCh38,CTCAGCGAGGTATACT-1
GRCh38,CTCAGCGAGGTTATGT-1
GRCh38,CTCAGGGTCAAATCCG-1
GRCh38,CTCAGGGTCAATGGTT-1
GRCh38,CTCAGGGTCAGCGCCA-1
GRCh38,CTCAGGGTCATCGGGT-1
GRCh38,CTCAGGGTCCGTATTC-1
GRCh38,CTCAGGGTCGCTTCCA-1
GRCh38,CTCAGGGTCGTCAACA-1
GRCh38,CTCAGGGTCGTTACTC-1
GRCh38,CTCAGGTAGACCTGTA-1
GRCh38,CTCAGGTAGACGCCAT-1
GRCh38,CTCAGGTAGACTTTCC-1
GRCh38,CTCAGGTAGAGCCGAA-1
GRCh38,CTCAGGTAGATACGGG-1
GRCh38,CTCAGGTAGATGCGGA-1
GRCh38,CTCAGGTAGCGATGGA-1
GRCh38,CTCAGGTAGCGGTCCA-1
GRCh38,CTCAGGTAGGTAGCAG-1
GRCh38,CTCAGTAAGAAGTACA-1
GRCh38,CTCAGTAAGAATCTGT-1
GRCh38,CTCAGTAAGAGCGTGA-1
GRCh38,CTCAGTAAGAGGCCAA-1
GRCh38,CTCAGTAAGATTCAGT-1
GRCh38,CTCAGTAAGCCCTGGA-1
GRCh38,CTCAGTAAGGCACCAT-1
GRCh38,CTCAGTAAGGCCATTA-1
GRCh38,CTCAGTAAGGGGTATG-1
GRCh38,CTCATAACAAAACCGA-1
GRCh38,CTCATAACAACATGCT-1
GRCh38,CTCATAACAAGCGCGA-1
GRCh38,CTCATAACAAGTTACC-1
GRCh38,CTCATAACAATCAGAG-1
GRCh38,CTCATAACACAACTTA-1
GRCh38,CTCATAACACGACCTA-1
GRCh38,CTCATAACACTCATAA-1
GRCh38,CTCATAACAGCGCACT-1
GRCh38,CTCATAACAGGATAGC-1
GRCh38,CTCATAACAGTGAAAT-1
GRCh38,CTCATAACAGTGCAGG-1
GRCh38,CTCATAGAGAAGGTTA-1
GRCh38,CTCATAGAGAGCGACA-1
GRCh38,CTCATAGAGAGTGGCA-1
GRCh38,CTCATAGAGCCGATTA-1
GRCh38,CTCATAGAGCCTTTAC-1
GRCh38,CTCATAGAGCTTGATG-1
GRCh38,CTCATAGAGGCTTGCG-1
GRCh38,CTCATATGTAAATCTG-1
GRCh38,CTCATATGTAACTAGC-1
GRCh38,CTCATATGTAAGCGTT-1
GRCh38,CTCATATGTACGAAAG-1
GRCh38,CTCATATGTCGAGTGC-1
GRCh38,CTCATATGTGTGTATA-1
GRCh38,CTCATGAAGAATTGAG-1
GRCh38,CTCATGAAGACTCGAC-1
GRCh38,CTCATGAAGACTTTGG-1
GRCh38,CTCATGAAGATAAGCA-1
GRCh38,CTCATGAAGATATTGC-1
GRCh38,CTCATGAAGCAATGGG-1
GRCh38,CTCATGAAGCTCTGGG-1
GRCh38,CTCATTATCAACCCAA-1
GRCh38,CTCATTATCACATACG-1
GRCh38,CTCATTATCACGGTCG-1
GRCh38,CTCATTATCATACTAA-1
GRCh38,CTCATTATCCCTATAC-1
GRCh38,CTCATTATCCGGGATT-1
GRCh38,CTCATTATCCGTTCGC-1
GRCh38,CTCATTATCCTCTGCA-1
GRCh38,CTCATTATCGCTAACA-1
GRCh38,CTCATTATCGTGTTGA-1
GRCh38,CTCATTGGTAAGGCCC-1
GRCh38,CTCATTGGTATGCCGA-1
GRCh38,CTCATTGGTCATAGGT-1
GRCh38,CTCATTGGTCCATATT-1
GRCh38,CTCATTGGTCCGTGTT-1
GRCh38,CTCATTGGTCTGGTGA-1
GRCh38,CTCATTGGTGGTAGCC-1
GRCh38,CTCATTGGTGGTGTAT-1
GRCh38,CTCATTTCAAAACCAG-1
GRCh38,CTCATTTCAAGTGCAA-1
GRCh38,CTCATTTCACAATGTC-1
GRCh38,CTCATTTCACAATTCA-1
GRCh38,CTCATTTCACGCGCAT-1
GRCh38,CTCATTTCAGCAGTAA-1
GRCh38,CTCATTTCAGCTTCGA-1
GRCh38,CTCCAATTCAAGCTAT-1
GRCh38,CTCCAATTCAGAGAAC-1
GRCh38,CTCCAATTCAGCCAAC-1
GRCh38,CTCCAATTCATATGGT-1
GRCh38,CTCCAATTCCAAACCA-1
GRCh38,CTCCAATTCCATGCTT-1
GRCh38,CTCCAATTCCTTCATA-1
GRCh38,CTCCAATTCGCAACGT-1
GRCh38,CTCCAATTCGCGAAAG-1
GRCh38,CTCCAATTCGGAAACG-1
GRCh38,CTCCACATCACCATCT-1
GRCh38,CTCCACATCACTCTCG-1
GRCh38,CTCCACATCCAAATTA-1
GRCh38,CTCCACATCCAACGTA-1
GRCh38,CTCCACATCCCGGCTT-1
GRCh38,CTCCACATCCGATACA-1
GRCh38,CTCCACATCCGCGGTA-1
GRCh38,CTCCACATCCTAGCCC-1
GRCh38,CTCCACATCCTCCACA-1
GRCh38,CTCCACATCGGGCAAA-1
GRCh38,CTCCACATCGTATACG-1
GRCh38,CTCCACTCAACGCGCT-1
GRCh38,CTCCACTCAATCGAGA-1
GRCh38,CTCCACTCACCGCTAA-1
GRCh38,CTCCACTCACCTTACC-1
GRCh38,CTCCACTCACGGGTAG-1
GRCh38,CTCCACTCACTGGGAG-1
GRCh38,CTCCACTCAGCGACCT-1
GRCh38,CTCCACTCAGCGGTAG-1
GRCh38,CTCCAGCTCAATCGTG-1
GRCh38,CTCCAGCTCACAGCTA-1
GRCh38,CTCCAGCTCAGTTTGG-1
GRCh38,CTCCAGCTCCACAAGC-1
GRCh38,CTCCAGCTCCAGGATC-1
GRCh38,CTCCAGCTCCATCGGG-1
GRCh38,CTCCAGCTCCATCTAC-1
GRCh38,CTCCATCCAAAACCAG-1
GRCh38,CTCCATCCAACATAGG-1
GRCh38,CTCCATCCAACCAACT-1
GRCh38,CTCCATCCAACTGAGA-1
GRCh38,CTCCATCCAAGCGTTT-1
GRCh38,CTCCATCCAATTAATC-1
GRCh38,CTCCATCCACACTCGA-1
GRCh38,CTCCATCCACCAGCTA-1
GRCh38,CTCCATCCACCATGCA-1
GRCh38,CTCCATCCACGATGTT-1
GRCh38,CTCCATCCAGTATGGA-1
GRCh38,CTCCATGTCAAGTTCG-1
GRCh38,CTCCATGTCAGAATAG-1
GRCh38,CTCCATGTCAGGACTC-1
GRCh38,CTCCATGTCATTAACA-1
GRCh38,CTCCATGTCCCAGCCT-1
GRCh38,CTCCATGTCCCCTATG-1
GRCh38,CTCCATGTCCTCTCGA-1
GRCh38,CTCCATGTCGGTTATG-1
GRCh38,CTCCATGTCGTATAAC-1
GRCh38,CTCCGAACAAACGGGT-1
GRCh38,CTCCGAACAAGTGTCT-1
GRCh38,CTCCGAACAATATTCG-1
GRCh38,CTCCGAACACCAGACC-1
GRCh38,CTCCGAACACCCTGAA-1
GRCh38,CTCCGAACACCTCTCG-1
GRCh38,CTCCGAACACTATTCT-1
GRCh38,CTCCGAACAGCTTACG-1
GRCh38,CTCCGACTCAACCCAA-1
GRCh38,CTCCGACTCAAGGGCA-1
GRCh38,CTCCGACTCACATATA-1
GRCh38,CTCCGACTCACGTCGG-1
GRCh38,CTCCGACTCAGTTATA-1
GRCh38,CTCCGACTCCACCTAT-1
GRCh38,CTCCGACTCCCATCGC-1
GRCh38,CTCCGACTCCCCTAGC-1
GRCh38,CTCCGACTCGCGGAAA-1
GRCh38,CTCCGACTCGGTGTCG-1
GRCh38,CTCCGACTCGTCAAGC-1
GRCh38,CTCCGCAGTACTCATT-1
GRCh38,CTCCGCAGTATGGTCG-1
GRCh38,CTCCGCAGTCACGAAT-1
GRCh38,CTCCGCAGTCAGGCCG-1
GRCh38,CTCCGCAGTCGTACAG-1
GRCh38,CTCCGCAGTCTGATAA-1
GRCh38,CTCCGCAGTGCAAGCC-1
GRCh38,CTCCGCAGTGCGCTCC-1
GRCh38,CTCCGCAGTGGTGTGC-1
GRCh38,CTCCGGAAGACCCACG-1
GRCh38,CTCCGGAAGATAAGCA-1
GRCh38,CTCCGGAAGATAAGTG-1
GRCh38,CTCCGGAAGATGCTCA-1
GRCh38,CTCCGGAAGCAATGGG-1
GRCh38,CTCCGGAAGCACGCCA-1
GRCh38,CTCCGGAAGGTTGTGC-1
GRCh38,CTCCGGCGTAAATCCA-1
GRCh38,CTCCGGCGTAACTCCC-1
GRCh38,CTCCGGCGTAAGGGTA-1
GRCh38,CTCCGGCGTACCTGCT-1
GRCh38,CTCCGGCGTCATGTCC-1
GRCh38,CTCCGGCGTCGCACCC-1
GRCh38,CTCCGGCGTCTAGCTC-1
GRCh38,CTCCGGCGTGCCTTTA-1
GRCh38,CTCCGGCGTGCTGTCT-1
GRCh38,CTCCGGCGTGGCATTG-1
GRCh38,CTCCGGCGTGGTTCGA-1
GRCh38,CTCCGGCGTGTCTTAT-1
GRCh38,CTCCGGTTCAAATCAC-1
GRCh38,CTCCGGTTCAATGGTT-1
GRCh38,CTCCGGTTCAGTTGTG-1
GRCh38,CTCCGGTTCATAATGC-1
GRCh38,CTCCGGTTCCATCTGT-1
GRCh38,CTCCGGTTCCTCGTTG-1
GRCh38,CTCCGGTTCGCACAAC-1
GRCh38,CTCCGGTTCGCTCCGT-1
GRCh38,CTCCGGTTCGGATCCG-1
GRCh38,CTCCGGTTCGTGGCCA-1
GRCh38,CTCCTACCAAACATAA-1
GRCh38,CTCCTACCAAATTTCG-1
GRCh38,CTCCTACCAACCTGCA-1
GRCh38,CTCCTACCAAGCATAG-1
GRCh38,CTCCTACCAATACGTC-1
GRCh38,CTCCTACCAATCGCAT-1
GRCh38,CTCCTACCAATGCGCC-1
GRCh38,CTCCTACCACATAGCT-1
GRCh38,CTCCTACCACCACGTA-1
GRCh38,CTCCTACCACCATCGA-1
GRCh38,CTCCTACCACCCTTCG-1
GRCh38,CTCCTACCACCGTTAG-1
GRCh38,CTCCTACCACGGGTCT-1
GRCh38,CTCCTACCACTCACCT-1
GRCh38,CTCCTACCAGCTCGGT-1
GRCh38,CTCCTACCAGGACGCA-1
GRCh38,CTCCTACCAGGATGAC-1
GRCh38,CTCCTCAAGAGCGTGA-1
GRCh38,CTCCTCAAGCAGCCCA-1
GRCh38,CTCCTCAAGCCCTGGA-1
GRCh38,CTCCTCAAGCCGATTA-1
GRCh38,CTCCTCAAGCCTGCGA-1
GRCh38,CTCCTCAAGCTACGTA-1
GRCh38,CTCCTCAAGGGCGGAT-1
GRCh38,CTCCTCTTCACGGGTT-1
GRCh38,CTCCTCTTCCACCGCT-1
GRCh38,CTCCTCTTCCGCAATA-1
GRCh38,CTCCTCTTCCGGAAAG-1
GRCh38,CTCCTCTTCCTCGGCT-1
GRCh38,CTCCTCTTCGCTATCT-1
GRCh38,CTCCTCTTCGGGTCAT-1
GRCh38,CTCCTCTTCGGTTCCC-1
GRCh38,CTCCTCTTCGTGGTTA-1
GRCh38,CTCCTGGGTACAGTTA-1
GRCh38,CTCCTGGGTAGTTTAG-1
GRCh38,CTCCTGGGTATGCGAT-1
GRCh38,CTCCTGGGTCATACGG-1
GRCh38,CTCCTGGGTCATAGGT-1
GRCh38,CTCCTGGGTCGACTAG-1
GRCh38,CTCCTGGGTCGTGAGC-1
GRCh38,CTCCTGGGTCTCGTCG-1
GRCh38,CTCCTGGGTCTGGTGA-1
GRCh38,CTCCTGGGTGGGATGG-1
GRCh38,CTCCTGGGTGTGCGGT-1
GRCh38,CTCCTTACAAACCCAT-1
GRCh38,CTCCTTACAACAGGAC-1
GRCh38,CTCCTTACAAGTGGCG-1
GRCh38,CTCCTTACACCACGGT-1
GRCh38,CTCCTTACACGCAGCT-1
GRCh38,CTCCTTACACGGCAAG-1
GRCh38,CTCCTTACACTAGGCC-1
GRCh38,CTCCTTACAGCATGAA-1
GRCh38,CTCCTTACAGGTATTC-1
GRCh38,CTCCTTACAGGTCTAT-1
GRCh38,CTCCTTACAGTCCTCT-1
GRCh38,CTCCTTACAGTGGGAT-1
GRCh38,CTCCTTCTCAACCAAT-1
GRCh38,CTCCTTCTCAAGCATT-1
GRCh38,CTCCTTCTCACATTGG-1
GRCh38,CTCCTTCTCACCCATT-1
GRCh38,CTCCTTCTCACTCCTG-1
GRCh38,CTCCTTCTCAGAATAG-1
GRCh38,CTCCTTCTCAGTTAGT-1
GRCh38,CTCCTTCTCAGTTGTG-1
GRCh38,CTCCTTCTCATGTAAC-1
GRCh38,CTCCTTCTCCAAGTGC-1
GRCh38,CTCCTTCTCGCCCCAT-1
GRCh38,CTCCTTCTCGCGGATT-1
GRCh38,CTCGAAATCACAGCAC-1
GRCh38,CTCGAAATCACAGGTC-1
GRCh38,CTCGAAATCACGCATA-1
GRCh38,CTCGAAATCATGGGTC-1
GRCh38,CTCGAAATCCAGTAAT-1
GRCh38,CTCGAAATCCTTCGCA-1
GRCh38,CTCGAAATCGCATGGT-1
GRCh38,CTCGAAATCGTGATAT-1
GRCh38,CTCGAAATCGTTCGTT-1
GRCh38,CTCGAACAGACACCCG-1
GRCh38,CTCGAACAGACAGAAC-1
GRCh38,CTCGAACAGACTTACG-1
GRCh38,CTCGAACAGATAATCC-1
GRCh38,CTCGAACAGATGGCGA-1
GRCh38,CTCGAACAGCAATACT-1
GRCh38,CTCGAACAGCAATGTT-1
GRCh38,CTCGAACAGCAATTGT-1
GRCh38,CTCGAACAGCACTGCG-1
GRCh38,CTCGAACAGCCTCACC-1
GRCh38,CTCGAACAGCGTATTG-1
GRCh38,CTCGAACAGCTGGGTT-1
GRCh38,CTCGAACAGGTAACCC-1
GRCh38,CTCGAACAGGTCCAGT-1
GRCh38,CTCGAACAGGTCGGTT-1
GRCh38,CTCGAAGGTAAGTGCT-1
GRCh38,CTCGAAGGTAAGTGTC-1
GRCh38,CTCGAAGGTCAAAGCT-1
GRCh38,CTCGAAGGTGCAGTCA-1
GRCh38,CTCGAAGGTGCGCCTC-1
GRCh38,CTCGAAGGTGTTGGGC-1
GRCh38,CTCGACACAACGCACC-1
GRCh38,CTCGACACAATCCGGC-1
GRCh38,CTCGACACAATGTCCG-1
GRCh38,CTCGACACACAATTAT-1
GRCh38,CTCGACACACATGGTT-1
GRCh38,CTCGACACACTTAAGC-1
GRCh38,CTCGACACAGCCATAT-1
GRCh38,CTCGACACAGCGACGA-1
GRCh38,CTCGACACAGCGCGAA-1
GRCh38,CTCGACACAGCTTACG-1
GRCh38,CTCGACACAGCTTTAA-1
GRCh38,CTCGACACAGGACTTT-1
GRCh38,CTCGAGCCAACGTGGG-1
GRCh38,CTCGAGCCAATGGGGT-1
GRCh38,CTCGAGCCACTAGCAT-1
GRCh38,CTCGAGCCAGCTAGAA-1
GRCh38,CTCGAGCCAGCTCCAA-1
GRCh38,CTCGAGCCAGGTTAGA-1
GRCh38,CTCGAGCCAGTCAACT-1
GRCh38,CTCGAGCCAGTGACCC-1
GRCh38,CTCGAGTAGACATGGG-1
GRCh38,CTCGAGTAGACCTTAG-1
GRCh38,CTCGAGTAGATCGATT-1
GRCh38,CTCGAGTAGCACTTAG-1
GRCh38,CTCGAGTAGCGGGTAA-1
GRCh38,CTCGAGTAGGGGATTG-1
GRCh38,CTCGAGTAGGTCGGTT-1
GRCh38,CTCGATAAGAAGGTTA-1
GRCh38,CTCGATAAGCGGTTTA-1
GRCh38,CTCGATAAGCTCTCCA-1
GRCh38,CTCGATAAGCTTGAAT-1
GRCh38,CTCGATAAGGCTAAGG-1
GRCh38,CTCGATAAGGTCCAGT-1
GRCh38,CTCGATCGTACTTATC-1
GRCh38,CTCGATCGTAGAGAAT-1
GRCh38,CTCGATCGTCCGAAAT-1
GRCh38,CTCGATCGTCGGGTAC-1
GRCh38,CTCGATCGTGCGCCTC-1
GRCh38,CTCGATCGTGGTGGAG-1
GRCh38,CTCGATCGTGGTTTGG-1
GRCh38,CTCGATCGTGTCGGCG-1
GRCh38,CTCGCAACAAAGCATG-1
GRCh38,CTCGCAACAAGGAGGA-1
GRCh38,CTCGCAACAATGCTTA-1
GRCh38,CTCGCAACAATGGTCT-1
GRCh38,CTCGCAACACAAGGGT-1
GRCh38,CTCGCAACACGATTTA-1
GRCh38,CTCGCACTCAGTGGTC-1
GRCh38,CTCGCACTCATAGTAC-1
GRCh38,CTCGCACTCCATCGTT-1
GRCh38,CTCGCACTCCCACTTG-1
GRCh38,CTCGCACTCCCCAATT-1
GRCh38,CTCGCACTCCGGCAAT-1
GRCh38,CTCGCACTCGTCTCCA-1
GRCh38,CTCGCATGTAAGGAAT-1
GRCh38,CTCGCATGTACAGGTT-1
GRCh38,CTCGCATGTACTTCTG-1
GRCh38,CTCGCATGTATGTGCG-1
GRCh38,CTCGCATGTATGTTCT-1
GRCh38,CTCGCATGTCAGGTGC-1
GRCh38,CTCGCATGTGGCGAGA-1
GRCh38,CTCGCCAGTAACAGGA-1
GRCh38,CTCGCCAGTACCTATT-1
GRCh38,CTCGCCAGTCACGGCG-1
GRCh38,CTCGCCAGTCTGCGCC-1
GRCh38,CTCGCCAGTCTTGTGC-1
GRCh38,CTCGCCAGTGCATTGG-1
GRCh38,CTCGCCAGTGGGACTC-1
GRCh38,CTCGCTATCAGAATAG-1
GRCh38,CTCGCTATCATGAAAG-1
GRCh38,CTCGCTATCATGTTAA-1
GRCh38,CTCGCTATCCCTCTAG-1
GRCh38,CTCGCTATCCTAGCCC-1
GRCh38,CTCGCTATCCTCCTTC-1
GRCh38,CTCGCTGGTAGGGGAT-1
GRCh38,CTCGCTGGTCAATATG-1
GRCh38,CTCGCTGGTCGCTCTG-1
GRCh38,CTCGCTGGTGCGTTTC-1
GRCh38,CTCGCTGGTGTACTCC-1
GRCh38,CTCGCTGGTGTATCGG-1
GRCh38,CTCGGACCAAACACTC-1
GRCh38,CTCGGACCACGGGTCT-1
GRCh38,CTCGGACCAGCTTTAA-1
GRCh38,CTCGGACCAGTACTTA-1
GRCh38,CTCGGCAAGAAAGGTC-1
GRCh38,CTCGGCAAGACAGTTT-1
GRCh38,CTCGGCAAGAGAGGTT-1
GRCh38,CTCGGCAAGAGCGGGT-1
GRCh38,CTCGGCAAGATCCACA-1
GRCh38,CTCGGCAAGATTGTGT-1
GRCh38,CTCGGCAAGCGCTTGG-1
GRCh38,CTCGGCAAGGGCTAGA-1
GRCh38,CTCGGCAAGGGGATAT-1
GRCh38,CTCGGCTTCAAAGGGT-1
GRCh38,CTCGGCTTCACGGTTA-1
GRCh38,CTCGGCTTCAGACACC-1
GRCh38,CTCGGCTTCCAGGTTA-1
GRCh38,CTCGGCTTCCTCTAGT-1
GRCh38,CTCGGCTTCGCCACTC-1
GRCh38,CTCGGCTTCGGTTGTA-1
GRCh38,CTCGGGATCAACCTCT-1
GRCh38,CTCGGGATCAAGGGCA-1
GRCh38,CTCGGGATCACTCTGT-1
GRCh38,CTCGGGATCAGGCACT-1
GRCh38,CTCGGGATCATACAAC-1
GRCh38,CTCGGGATCATCCGTT-1
GRCh38,CTCGGGATCCCAAAGC-1
GRCh38,CTCGGGATCCTGGCTC-1
GRCh38,CTCGGGATCGCTTCAT-1
GRCh38,CTCGGGATCGGACGTT-1
GRCh38,CTCGGGTCAAAGCCGG-1
GRCh38,CTCGGGTCAAAGGGAG-1
GRCh38,CTCGGGTCAAATTGCC-1
GRCh38,CTCGGGTCAACTAATT-1
GRCh38,CTCGGGTCAAGCCATT-1
GRCh38,CTCGGGTCAAGCTATC-1
GRCh38,CTCGGGTCAATAGGCA-1
GRCh38,CTCGGGTCACAAGCGG-1
GRCh38,CTCGGGTCACCTAGCA-1
GRCh38,CTCGGGTCAGCAGGCA-1
GRCh38,CTCGGGTCAGCGATAA-1
GRCh38,CTCGGGTCAGTTGCCA-1
GRCh38,CTCGGTACAACATGCT-1
GRCh38,CTCGGTACAACTATCA-1
GRCh38,CTCGGTACAAGCAGTA-1
GRCh38,CTCGGTACACAGTGCC-1
GRCh38,CTCGGTACACCCAAAT-1
GRCh38,CTCGGTACACTTCGAG-1
GRCh38,CTCGGTTGTACGCAAT-1
GRCh38,CTCGGTTGTAGTCTCC-1
GRCh38,CTCGGTTGTATTGTCT-1
GRCh38,CTCGGTTGTCATAGTA-1
GRCh38,CTCGGTTGTCGAAGTT-1
GRCh38,CTCGGTTGTCTGTCCG-1
GRCh38,CTCGTAAAGAAATGGC-1
GRCh38,CTCGTAAAGAATCAAG-1
GRCh38,CTCGTAAAGAATTCCG-1
GRCh38,CTCGTAAAGACAGAAC-1
GRCh38,CTCGTAAAGACGCGAA-1
GRCh38,CTCGTAAAGATACGGG-1
GRCh38,CTCGTAAAGCACGTAC-1
GRCh38,CTCGTAAAGCCGATAC-1
GRCh38,CTCGTAAAGGCACAAG-1
GRCh38,CTCGTAAAGGGTGTTC-1
GRCh38,CTCGTAAAGGTCGCCA-1
GRCh38,CTCGTCATCAAACTTA-1
GRCh38,CTCGTCATCAAGCTTG-1
GRCh38,CTCGTCGGTACGTCAG-1
GRCh38,CTCGTCGGTACTTCGC-1
GRCh38,CTCGTCGGTAGGTTGT-1
GRCh38,CTCGTCGGTATCAGGT-1
GRCh38,CTCGTCGGTCAAGGTT-1
GRCh38,CTCGTCGGTCACTTTG-1
GRCh38,CTCGTCGGTGTCGATG-1
GRCh38,CTCGTGGAGAAACGCG-1
GRCh38,CTCGTGGAGACAGCAG-1
GRCh38,CTCGTGGAGATAACGA-1
GRCh38,CTCGTGGAGCAATTGT-1
GRCh38,CTCGTGGAGCCATCAA-1
GRCh38,CTCGTGGAGCCATGCG-1
GRCh38,CTCGTGGAGCCGACAT-1
GRCh38,CTCGTGGAGCGTTTGA-1
GRCh38,CTCGTGGAGGGAATTA-1
GRCh38,CTCGTTCCAATCGCGC-1
GRCh38,CTCGTTCCAGCACACC-1
GRCh38,CTCGTTCCAGTTAGTC-1
GRCh38,CTCGTTGTCAAATGCT-1
GRCh38,CTCGTTGTCATAACGT-1
GRCh38,CTCGTTGTCCAATGCA-1
GRCh38,CTCGTTGTCCATAGCA-1
GRCh38,CTCGTTGTCCCATCCA-1
GRCh38,CTCGTTGTCCGCTCTA-1
GRCh38,CTCGTTGTCCGTTCTG-1
GRCh38,CTCGTTGTCCTCATTA-1
GRCh38,CTCGTTGTCGCAAAGG-1
GRCh38,CTCGTTGTCGCTAACA-1
GRCh38,CTCGTTGTCGGGCATT-1
GRCh38,CTCGTTGTCGGTTATG-1
GRCh38,CTCGTTTAGACCCTAA-1
GRCh38,CTCGTTTAGATTCGTG-1
GRCh38,CTCGTTTAGCAATAGA-1
GRCh38,CTCGTTTAGCACATCA-1
GRCh38,CTCGTTTAGCACCGCA-1
GRCh38,CTCGTTTAGCAGCCAT-1
GRCh38,CTCGTTTAGCCTTTAC-1
GRCh38,CTCGTTTAGCGGTTCG-1
GRCh38,CTCGTTTAGCTGCTAA-1
GRCh38,CTCGTTTAGGGTGTTC-1
GRCh38,CTCTAACTCACAACGC-1
GRCh38,CTCTAACTCAGAATAG-1
GRCh38,CTCTAACTCCAATAGT-1
GRCh38,CTCTAACTCCACCTCA-1
GRCh38,CTCTAACTCCATCTGT-1
GRCh38,CTCTAACTCCATTCAC-1
GRCh38,CTCTAACTCCGCAATA-1
GRCh38,CTCTAACTCCGTACTT-1
GRCh38,CTCTAACTCCTCGCTA-1
GRCh38,CTCTAACTCGCTTTAC-1
GRCh38,CTCTAATGTAAGGTTC-1
GRCh38,CTCTAATGTAATTTGG-1
GRCh38,CTCTAATGTACCTGTC-1
GRCh38,CTCTAATGTATGGGCC-1
GRCh38,CTCTAATGTCACTTTG-1
GRCh38,CTCTAATGTCTATTGT-1
GRCh38,CTCTAATGTCTGGATG-1
GRCh38,CTCTAATGTGTCGTAG-1
GRCh38,CTCTAATGTGTTGTGG-1
GRCh38,CTCTAGAAGACATGGG-1
GRCh38,CTCTAGAAGACGAACG-1
GRCh38,CTCTAGAAGAGTAAGC-1
GRCh38,CTCTAGAAGATGGGGC-1
GRCh38,CTCTAGAAGCAATAGA-1
GRCh38,CTCTAGAAGCCTTATC-1
GRCh38,CTCTAGAAGCGGTCCA-1
GRCh38,CTCTAGAAGCTACGAC-1
GRCh38,CTCTAGAAGGGTACGA-1
GRCh38,CTCTAGCGTAAATTCG-1
GRCh38,CTCTAGCGTAACTTCT-1
GRCh38,CTCTAGCGTAAGGCCC-1
GRCh38,CTCTAGCGTAAGTGAG-1
GRCh38,CTCTAGCGTACCCGTT-1
GRCh38,CTCTAGCGTAGCTGTG-1
GRCh38,CTCTAGCGTAGTTATG-1
GRCh38,CTCTAGCGTCAATCCC-1
GRCh38,CTCTAGCGTCACTTTG-1
GRCh38,CTCTAGCGTCAGTATA-1
GRCh38,CTCTAGCGTCCCATGT-1
GRCh38,CTCTAGCGTCCCTGTG-1
GRCh38,CTCTAGCGTCCTTATG-1
GRCh38,CTCTAGGCAAACATTT-1
GRCh38,CTCTAGGCAAACTCTA-1
GRCh38,CTCTAGGCAACAGGAC-1
GRCh38,CTCTAGGCAACGGGAT-1
GRCh38,CTCTAGGCAAGCACAA-1
GRCh38,CTCTAGGCACCTACGA-1
GRCh38,CTCTAGGCACTGACAT-1
GRCh38,CTCTAGGCAGCGGTAG-1
GRCh38,CTCTAGGCAGCTTCAG-1
GRCh38,CTCTAGGCAGGATCAA-1
GRCh38,CTCTAGGCAGGATTAG-1
GRCh38,CTCTAGTTCAAGGGTG-1
GRCh38,CTCTAGTTCAAGGTAA-1
GRCh38,CTCTAGTTCACGTCGG-1
GRCh38,CTCTAGTTCATGGCTA-1
GRCh38,CTCTAGTTCATGGTGC-1
GRCh38,CTCTAGTTCCATGCTT-1
GRCh38,CTCTAGTTCCTGCACC-1
GRCh38,CTCTAGTTCGCGGTAT-1
GRCh38,CTCTAGTTCGGTCGCA-1
GRCh38,CTCTAGTTCGGTGTTA-1
GRCh38,CTCTCATAGAAACGTA-1
GRCh38,CTCTCATAGAAAGTCA-1
GRCh38,CTCTCATAGACAGTTT-1
GRCh38,CTCTCATAGCGATTAT-1
GRCh38,CTCTCATAGCTCGTTT-1
GRCh38,CTCTCATAGCTGACCG-1
GRCh38,CTCTCATAGCTGCGTG-1
GRCh38,CTCTCATAGGCTTAAT-1
GRCh38,CTCTCATAGGGGTTGA-1
GRCh38,CTCTCATAGGTAATGA-1
GRCh38,CTCTCCAAGAAGGCTG-1
GRCh38,CTCTCCAAGAATCAAG-1
GRCh38,CTCTCCAAGAGCGGGT-1
GRCh38,CTCTCCAAGAGTCAGG-1
GRCh38,CTCTCCAAGATTGAAG-1
GRCh38,CTCTCCAAGCAAGAGT-1
GRCh38,CTCTCCAAGCACATCA-1
GRCh38,CTCTCCAAGCCATCGG-1
GRCh38,CTCTCCAAGGCGAAGC-1
GRCh38,CTCTCCAAGGGGCATA-1
GRCh38,CTCTCCGCAAACCTAC-1
GRCh38,CTCTCCGCAAATGACG-1
GRCh38,CTCTCCGCAAGCTATC-1
GRCh38,CTCTCCGCAAGCTGAA-1
GRCh38,CTCTCCGCAATAACCC-1
GRCh38,CTCTCCGCACCAGAGG-1
GRCh38,CTCTCCGCACGCGTAC-1
GRCh38,CTCTCCGCACTACGCA-1
GRCh38,CTCTCCGCACTATGGT-1
GRCh38,CTCTCCGCAGGTTTAC-1
GRCh38,CTCTCCTTCAACATTA-1
GRCh38,CTCTCCTTCACAGCTA-1
GRCh38,CTCTCCTTCACTTCGT-1
GRCh38,CTCTCCTTCAGGGCAA-1
GRCh38,CTCTCCTTCCAACATG-1
GRCh38,CTCTCCTTCCACCCTA-1
GRCh38,CTCTCCTTCCCTACCA-1
GRCh38,CTCTCCTTCCGCCTAC-1
GRCh38,CTCTCCTTCCTTATCA-1
GRCh38,CTCTCCTTCGCCTGCT-1
GRCh38,CTCTCCTTCGGCAACT-1
GRCh38,CTCTCCTTCGTGGCCA-1
GRCh38,CTCTCGATCAAATCTA-1
GRCh38,CTCTCGATCATGGACC-1
GRCh38,CTCTCGATCCAGCAGT-1
GRCh38,CTCTCGATCCCCATTG-1
GRCh38,CTCTCGATCCGAATTG-1
GRCh38,CTCTCGATCCGCCGTT-1
GRCh38,CTCTCGATCCGTCATT-1
GRCh38,CTCTCGATCCTCTGCA-1
GRCh38,CTCTCGATCGGCTTGG-1
GRCh38,CTCTCGATCGGTATGC-1
GRCh38,CTCTCGATCGTTACTC-1
GRCh38,CTCTCGATCGTTCATC-1
GRCh38,CTCTCGGGTAAACCGT-1
GRCh38,CTCTCGGGTAAGTCTA-1
GRCh38,CTCTCGGGTACAGCAT-1
GRCh38,CTCTCGGGTAGCTGTG-1
GRCh38,CTCTCGGGTAGGTTTA-1
GRCh38,CTCTCGGGTATGATGC-1
GRCh38,CTCTCGGGTATGTTGA-1
GRCh38,CTCTCGGGTCTTCAAT-1
GRCh38,CTCTCGGGTGCTACAG-1
GRCh38,CTCTCGGGTGGCAAGG-1
GRCh38,CTCTCGGGTGTCGAGC-1
GRCh38,CTCTCGGGTGTGTCAG-1
GRCh38,CTCTGAAAGAACGTTT-1
GRCh38,CTCTGAAAGAAGGCTG-1
GRCh38,CTCTGAAAGACGCCCA-1
GRCh38,CTCTGAAAGATATACC-1
GRCh38,CTCTGAAAGATTGAGA-1
GRCh38,CTCTGAAAGCGTGGAA-1
GRCh38,CTCTGAAAGGCTCTAA-1
GRCh38,CTCTGAAAGGGTAGCA-1
GRCh38,CTCTGAAAGGTAAATG-1
GRCh38,CTCTGAAAGGTACGTC-1
GRCh38,CTCTGAAAGGTCAATT-1
GRCh38,CTCTGATTCAAATCCG-1
GRCh38,CTCTGATTCAATATGC-1
GRCh38,CTCTGATTCAGGCTTA-1
GRCh38,CTCTGATTCCAATTGG-1
GRCh38,CTCTGATTCCCCTTAG-1
GRCh38,CTCTGATTCCTTCTAA-1
GRCh38,CTCTGATTCGTACTTC-1
GRCh38,CTCTGATTCGTGATAT-1
GRCh38,CTCTGCATCACATCTC-1
GRCh38,CTCTGCATCACGGTGT-1
GRCh38,CTCTGCATCAGCATCA-1
GRCh38,CTCTGCATCATTCTCA-1
GRCh38,CTCTGCATCCATATCC-1
GRCh38,CTCTGCATCCCTATAC-1
GRCh38,CTCTGCATCGGTTGTA-1
GRCh38,CTCTGCATCGTAGCGT-1
GRCh38,CTCTGGCTCAATCCCT-1
GRCh38,CTCTGGCTCAGTCATG-1
GRCh38,CTCTGGCTCATCCTAC-1
GRCh38,CTCTGGCTCCAATATA-1
GRCh38,CTCTGGCTCCACTTCG-1
GRCh38,CTCTGGCTCCCAAAGC-1
GRCh38,CTCTGGCTCCGTACTT-1
GRCh38,CTCTGGCTCCTAAACG-1
GRCh38,CTCTGGCTCCTGGCTC-1
GRCh38,CTCTGGCTCGGATACC-1
GRCh38,CTCTGGGAGAATGATG-1
GRCh38,CTCTGGGAGACATATC-1
GRCh38,CTCTGGGAGATTAAGG-1
GRCh38,CTCTGGGAGCACCCGA-1
GRCh38,CTCTGGGAGCTTGTCT-1
GRCh38,CTGAAAGCAAACCACT-1
GRCh38,CTGAAAGCAACTCGCA-1
GRCh38,CTGAAAGCAAGGTTCT-1
GRCh38,CTGAAAGCACAATACC-1
GRCh38,CTGAAAGCACATAATT-1
GRCh38,CTGAAAGCACATGGGG-1
GRCh38,CTGAAAGCACTGGGAG-1
GRCh38,CTGAAAGCAGGAGCCA-1
GRCh38,CTGAAAGCAGTGGCGA-1
GRCh38,CTGAACATCAAATCTA-1
GRCh38,CTGAACATCACTAACG-1
GRCh38,CTGAACATCACTGCAA-1
GRCh38,CTGAACATCCACTTAC-1
GRCh38,CTGAACATCCAGCTAA-1
GRCh38,CTGAACATCCGGCAAT-1
GRCh38,CTGAACATCCTGCATT-1
GRCh38,CTGAACATCGCATACA-1
GRCh38,CTGAATTAGACTTTGG-1
GRCh38,CTGAATTAGAGGCCAA-1
GRCh38,CTGAATTAGAGGGGCT-1
GRCh38,CTGAATTAGATTGAAG-1
GRCh38,CTGAATTAGCAACAGG-1
GRCh38,CTGAATTAGCAATTGT-1
GRCh38,CTGAATTAGGCAAAGT-1
GRCh38,CTGAATTAGGCCTGCA-1
GRCh38,CTGAATTAGGTGCTGT-1
GRCh38,CTGACAATCAAGCTTG-1
GRCh38,CTGACAATCACCTTCG-1
GRCh38,CTGACAATCACTCCAT-1
GRCh38,CTGACAATCCACATCT-1
GRCh38,CTGACACAGAACCAGG-1
GRCh38,CTGACACAGCCTAATG-1
GRCh38,CTGACACAGCGACCAT-1
GRCh38,CTGACACAGCTTAGTG-1
GRCh38,CTGACACAGGCGTGTT-1
GRCh38,CTGACACAGGTTGGAG-1
GRCh38,CTGACATCAAAAGCAT-1
GRCh38,CTGACATCAACTATCA-1
GRCh38,CTGACATCACCTCTTA-1
GRCh38,CTGACATCACTAGGAA-1
GRCh38,CTGACATCAGTCTTAA-1
GRCh38,CTGACCACACACTCAG-1
GRCh38,CTGACCACACATTGGT-1
GRCh38,CTGACCACACGTCGGT-1
GRCh38,CTGACCACACTCCACT-1
GRCh38,CTGACCACAGCTCCAA-1
GRCh38,CTGACCACAGTGGGAT-1
GRCh38,CTGACCGAGAAAGCCG-1
GRCh38,CTGACCGAGACAAGTA-1
GRCh38,CTGACCGAGAGTTGAA-1
GRCh38,CTGACCGAGCCCAACG-1
GRCh38,CTGACCGAGCGGTGTT-1
GRCh38,CTGACCGAGCGTAACC-1
GRCh38,CTGACCGAGCGTTTAG-1
GRCh38,CTGACCGAGGCTTCCC-1
GRCh38,CTGACCGAGGGTTAGG-1
GRCh38,CTGACGCCAAAACGCA-1
GRCh38,CTGACGCCAAACACTC-1
GRCh38,CTGACGCCAAACTCTA-1
GRCh38,CTGACGCCAAAGCTTC-1
GRCh38,CTGACGCCAAATTACT-1
GRCh38,CTGACGCCACGCCTAA-1
GRCh38,CTGACGCCAGCGGGTA-1
GRCh38,CTGACGTAGACGAACG-1
GRCh38,CTGACGTAGAGCGGGT-1
GRCh38,CTGACGTAGAGTGATA-1
GRCh38,CTGACGTAGATGATGA-1
GRCh38,CTGACGTAGCACTCAA-1
GRCh38,CTGACGTAGCGTATAT-1
GRCh38,CTGACTCGTAAACTGC-1
GRCh38,CTGACTCGTAGTCCAG-1
GRCh38,CTGACTCGTATGGTCG-1
GRCh38,CTGACTCGTCACAGCA-1
GRCh38,CTGACTCGTCATGTGG-1
GRCh38,CTGACTCGTCCGACAA-1
GRCh38,CTGACTCGTCGACCCC-1
GRCh38,CTGACTCGTGTCATCC-1
GRCh38,CTGATAAGTAACCCCT-1
GRCh38,CTGATAAGTACAACGT-1
GRCh38,CTGATAAGTATTATCC-1
GRCh38,CTGATAAGTCCGTGTT-1
GRCh38,CTGATAAGTCGTACCT-1
GRCh38,CTGATAAGTGGCACGT-1
GRCh38,CTGATAAGTGTTGTGG-1
GRCh38,CTGATATAGACAATTC-1
GRCh38,CTGATATAGACAGGAT-1
GRCh38,CTGATATAGACCTACA-1
GRCh38,CTGATATAGATTCACG-1
GRCh38,CTGATATAGCATTAGT-1
GRCh38,CTGATATAGCCATAGC-1
GRCh38,CTGATATAGCCTGCAG-1
GRCh38,CTGATATAGCCTTAAG-1
GRCh38,CTGATATAGCCTTATC-1
GRCh38,CTGATATAGGCGTGAA-1
GRCh38,CTGATTACAATGCAGA-1
GRCh38,CTGATTACACACAACT-1
GRCh38,CTGATTACACCGTTAG-1
GRCh38,CTGATTACACCTCTTA-1
GRCh38,CTGATTACACTCTAGG-1
GRCh38,CTGATTCTCACATAAC-1
GRCh38,CTGATTCTCAGACTCA-1
GRCh38,CTGATTCTCCACTTCG-1
GRCh38,CTGATTCTCCCATATC-1
GRCh38,CTGATTCTCGCACCTC-1
GRCh38,CTGATTCTCGTAACTG-1
GRCh38,CTGATTGAGAAGCATA-1
GRCh38,CTGATTGAGAATGCAA-1
GRCh38,CTGATTGAGACCCGCA-1
GRCh38,CTGATTGAGCCAGTAC-1
GRCh38,CTGATTGAGCCGCACA-1
GRCh38,CTGATTGAGCGAACGA-1
GRCh38,CTGATTGAGCGGGATA-1
GRCh38,CTGATTGAGCGTCTCC-1
GRCh38,CTGATTGAGCTAGCTA-1
GRCh38,CTGATTGAGCTGCGAT-1
GRCh38,CTGATTGAGGCACCCA-1
GRCh38,CTGATTGAGGCTGTCG-1
GRCh38,CTGATTGAGGCTTCCC-1
GRCh38,CTGATTGAGGCTTTGA-1
GRCh38,CTGATTGAGGTAGCTC-1
GRCh38,CTGATTGAGGTATATC-1
GRCh38,CTGCAAATCACATACG-1
GRCh38,CTGCAAATCACTCTGT-1
GRCh38,CTGCAAATCAGGGCAA-1
GRCh38,CTGCAAATCATGGACC-1
GRCh38,CTGCAAATCCTCGCAC-1
GRCh38,CTGCAAATCGGCTTAA-1
GRCh38,CTGCAACAGAAGCGAT-1
GRCh38,CTGCAACAGACGCCAT-1
GRCh38,CTGCAACAGACGTTAT-1
GRCh38,CTGCAACAGAGAAGCT-1
GRCh38,CTGCAACAGAGCTTTG-1
GRCh38,CTGCAACAGCAACATT-1
GRCh38,CTGCAACAGCACGAAG-1
GRCh38,CTGCAACAGCAGCTAC-1
GRCh38,CTGCAACAGCCCTTAT-1
GRCh38,CTGCAACAGCTACGCG-1
GRCh38,CTGCAACAGCTCAGGT-1
GRCh38,CTGCAACAGGGGCGAT-1
GRCh38,CTGCAACAGGTAACCC-1
GRCh38,CTGCAACAGGTCCTAA-1
GRCh38,CTGCAAGGTACCTGCT-1
GRCh38,CTGCAAGGTAGACTCG-1
GRCh38,CTGCAAGGTATCGGGC-1
GRCh38,CTGCAAGGTCCAGCCC-1
GRCh38,CTGCAAGGTCCGTGTT-1
GRCh38,CTGCAAGGTCCTCATA-1
GRCh38,CTGCAAGGTCTTCTCT-1
GRCh38,CTGCAAGGTGTGTGCA-1
GRCh38,CTGCAATCAACAGAAT-1
GRCh38,CTGCAATCAACCCTAG-1
GRCh38,CTGCAATCAAGAGGGA-1
GRCh38,CTGCAATCAAGTAAAC-1
GRCh38,CTGCAATCAATCTTAG-1
GRCh38,CTGCAATCAATGCTTA-1
GRCh38,CTGCAATCACAACGAA-1
GRCh38,CTGCAATCAGCATCAT-1
GRCh38,CTGCAATCAGCGGTAG-1
GRCh38,CTGCAATCAGGAGCCA-1
GRCh38,CTGCAATCAGGTCGTC-1
GRCh38,CTGCAATCAGGTTTCG-1
GRCh38,CTGCACACAATTCGTA-1
GRCh38,CTGCACACACCAGACC-1
GRCh38,CTGCACACACGGTATT-1
GRCh38,CTGCACACAGTCTCGA-1
GRCh38,CTGCACCTCAAACCTG-1
GRCh38,CTGCACCTCAATCGGC-1
GRCh38,CTGCACCTCACTGCCC-1
GRCh38,CTGCACCTCATAAGTC-1
GRCh38,CTGCACCTCATAGCGC-1
GRCh38,CTGCACCTCCCAGAAC-1
GRCh38,CTGCACCTCCCTCGGT-1
GRCh38,CTGCACCTCCGAGCAT-1
GRCh38,CTGCACCTCCGCCGTT-1
GRCh38,CTGCACCTCCTTAATT-1
GRCh38,CTGCACCTCCTTGTGT-1
GRCh38,CTGCACCTCGCACTCC-1
GRCh38,CTGCACCTCGTGCATA-1
GRCh38,CTGCACGAGAATATCC-1
GRCh38,CTGCACGAGCCTGACG-1
GRCh38,CTGCACGAGCTCAGGT-1
GRCh38,CTGCACGAGGGAATCG-1
GRCh38,CTGCACGAGGTCTGCG-1
GRCh38,CTGCACGAGGTGCTGT-1
GRCh38,CTGCAGTAGAAGCCGA-1
GRCh38,CTGCAGTAGAGTTGGG-1
GRCh38,CTGCAGTAGCACGTAC-1
GRCh38,CTGCAGTAGCATCGAC-1
GRCh38,CTGCAGTAGCCTATGA-1
GRCh38,CTGCAGTAGGCATGGA-1
GRCh38,CTGCAGTAGGCCCACA-1
GRCh38,CTGCAGTAGGCCTATA-1
GRCh38,CTGCAGTAGGTCATCA-1
GRCh38,CTGCAGTAGGTCTAGC-1
GRCh38,CTGCAGTAGGTTATCG-1
GRCh38,CTGCAGTAGGTTCATG-1
GRCh38,CTGCAGTAGGTTGTAT-1
GRCh38,CTGCATAAGAACATAG-1
GRCh38,CTGCATAAGACCTGCG-1
GRCh38,CTGCATAAGCAAACTT-1
GRCh38,CTGCATAAGCAAAGTA-1
GRCh38,CTGCATAAGCATTCAG-1
GRCh38,CTGCATAAGCCACAAC-1
GRCh38,CTGCATAAGCCGTTGG-1
GRCh38,CTGCATAAGCGAATTT-1
GRCh38,CTGCATAAGCGTTGGT-1
GRCh38,CTGCATAAGCTTGATG-1
GRCh38,CTGCATAAGGCAAGCA-1
GRCh38,CTGCATCGTAAGTGTC-1
GRCh38,CTGCATCGTATTATGG-1
GRCh38,CTGCATCGTCCTCTCC-1
GRCh38,CTGCATCGTCTACGCT-1
GRCh38,CTGCATCGTCTATCGC-1
GRCh38,CTGCATCGTCTCGCCA-1
GRCh38,CTGCATCGTCTTGTAT-1
GRCh38,CTGCATCGTGCACTCT-1
GRCh38,CTGCATCGTGGCGTGT-1
GRCh38,CTGCATTTCACAGCAC-1
GRCh38,CTGCATTTCAGAATAG-1
GRCh38,CTGCATTTCCCATAAG-1
GRCh38,CTGCATTTCCCCACTA-1
GRCh38,CTGCATTTCCTTAACC-1
GRCh38,CTGCATTTCGGTACTA-1
GRCh38,CTGCGATAGACGACGA-1
GRCh38,CTGCGATAGATCGGAG-1
GRCh38,CTGCGATAGATGGCGA-1
GRCh38,CTGCGATAGCAACAGG-1
GRCh38,CTGCGATAGCAGCGAA-1
GRCh38,CTGCGATAGCATAATC-1
GRCh38,CTGCGATAGGCTAAGG-1
GRCh38,CTGCGCCGTAAGCATC-1
GRCh38,CTGCGCCGTCAATTTC-1
GRCh38,CTGCGCCGTCCTCTCC-1
GRCh38,CTGCGCCGTCTACTGC-1
GRCh38,CTGCGCCGTGGCGTGT-1
GRCh38,CTGCGCCGTGTGGCCG-1
GRCh38,CTGCGTACAAACCATC-1
GRCh38,CTGCGTACAAAGGAGG-1
GRCh38,CTGCGTACAAATATCT-1
GRCh38,CTGCGTACAACACAGA-1
GRCh38,CTGCGTACAACTTCAA-1
GRCh38,CTGCGTACAATGGCCC-1
GRCh38,CTGCGTACACAACAGA-1
GRCh38,CTGCGTACACACCCAA-1
GRCh38,CTGCGTACACCTTTCA-1
GRCh38,CTGCGTACACTTATCT-1
GRCh38,CTGCGTACAGCGCTAC-1
GRCh38,CTGCGTACAGGTATTC-1
GRCh38,CTGCGTCTCAGGGGTA-1
GRCh38,CTGCGTCTCATAGCGC-1
GRCh38,CTGCGTCTCCCTATGT-1
GRCh38,CTGCGTCTCGGTTCCC-1
GRCh38,CTGCGTGAGAAAGCTA-1
GRCh38,CTGCGTGAGAAAGTGC-1
GRCh38,CTGCGTGAGACATCAT-1
GRCh38,CTGCGTGAGCACGCCA-1
GRCh38,CTGCGTGAGCGTAGCT-1
GRCh38,CTGCTAAAGAACGAAC-1
GRCh38,CTGCTAAAGAGGACCA-1
GRCh38,CTGCTAAAGATGGCGA-1
GRCh38,CTGCTAAAGCAAGGGC-1
GRCh38,CTGCTAAAGCACCCAG-1
GRCh38,CTGCTAAAGCCTAGTA-1
GRCh38,CTGCTAAAGCGAAGTG-1
GRCh38,CTGCTAAAGCTACAGC-1
GRCh38,CTGCTAAAGGGTATCC-1
GRCh38,CTGCTAAAGGTATGGG-1
GRCh38,CTGCTATTCAAATCCG-1
GRCh38,CTGCTATTCACAAGCC-1
GRCh38,CTGCTATTCAGACACC-1
GRCh38,CTGCTATTCAGCAGTC-1
GRCh38,CTGCTATTCAGCATCA-1
GRCh38,CTGCTATTCAGGGCAA-1
GRCh38,CTGCTATTCAGTTGCA-1
GRCh38,CTGCTATTCCAAGACC-1
GRCh38,CTGCTATTCCCAACTT-1
GRCh38,CTGCTATTCCCAGTAA-1
GRCh38,CTGCTATTCCCTTCGA-1
GRCh38,CTGCTATTCGCACTCC-1
GRCh38,CTGCTATTCGCGAGTT-1
GRCh38,CTGCTATTCGCGTGCA-1
GRCh38,CTGCTATTCGGCCCTT-1
GRCh38,CTGCTATTCGGTCAGT-1
GRCh38,CTGCTATTCGTTATGG-1
GRCh38,CTGCTCTCAACGCGAG-1
GRCh38,CTGCTCTCAAGGACTA-1
GRCh38,CTGCTCTCAAGTGCCC-1
GRCh38,CTGCTCTCAATAGGGC-1
GRCh38,CTGCTCTCACAACTCG-1
GRCh38,CTGCTCTCAGGTTTAC-1
GRCh38,CTGCTCTCAGTAGGGT-1
GRCh38,CTGCTTCCAACAATGG-1
GRCh38,CTGCTTCCAAGTGTTC-1
GRCh38,CTGCTTCCAATTACGC-1
GRCh38,CTGCTTCCACAGTAAG-1
GRCh38,CTGCTTCCACGAATCT-1
GRCh38,CTGCTTCCACGCACTA-1
GRCh38,CTGCTTCCAGCGAATA-1
GRCh38,CTGCTTCCAGTGCACC-1
GRCh38,CTGGAATGTAAGGTAG-1
GRCh38,CTGGAATGTACGGTCA-1
GRCh38,CTGGAATGTAGGTTGT-1
GRCh38,CTGGAATGTCAGGATT-1
GRCh38,CTGGAATGTCAGGCGT-1
GRCh38,CTGGAATGTGCGTTTC-1
GRCh38,CTGGAATGTGGTATTA-1
GRCh38,CTGGAATGTGTCTATT-1
GRCh38,CTGGAATGTGTGTTCC-1
GRCh38,CTGGAGGCAAATATCT-1
GRCh38,CTGGAGGCAAGGTAAT-1
GRCh38,CTGGAGGCAAGTGTTC-1
GRCh38,CTGGAGGCAATCTTAG-1
GRCh38,CTGGAGGCAATGAATA-1
GRCh38,CTGGAGGCACGACCTA-1
GRCh38,CTGGAGGCACGGGTCT-1
GRCh38,CTGGAGGCAGCCCTAA-1
GRCh38,CTGGAGGCAGCGATAA-1
GRCh38,CTGGAGGCAGCTTATA-1
GRCh38,CTGGAGGCAGGTTGCC-1
GRCh38,CTGGATGGTACCTCCG-1
GRCh38,CTGGATGGTATACGTA-1
GRCh38,CTGGATGGTATATGGC-1
GRCh38,CTGGATGGTATGGCCA-1
GRCh38,CTGGATGGTCACAGCA-1
GRCh38,CTGGATGGTCATTCTG-1
GRCh38,CTGGATGGTCCGCTTG-1
GRCh38,CTGGATGGTCCGTTGT-1
GRCh38,CTGGATGGTCGATTGG-1
GRCh38,CTGGATGGTCTACGCT-1
GRCh38,CTGGCACCAAGTTTCA-1
GRCh38,CTGGCACCAATTGACC-1
GRCh38,CTGGCACCACAATAGG-1
GRCh38,CTGGCACCACAGCATT-1
GRCh38,CTGGCACCAGCAATAG-1
GRCh38,CTGGCACCAGCTAGCC-1
GRCh38,CTGGCACCAGCTTATA-1
GRCh38,CTGGCACCAGGTACAA-1
GRCh38,CTGGCACCAGTAACCT-1
GRCh38,CTGGCACCAGTATGGA-1
GRCh38,CTGGCACCAGTCAACT-1
GRCh38,CTGGCATAGAACGCGA-1
GRCh38,CTGGCATAGAGGATTA-1
GRCh38,CTGGCATAGAGTACGG-1
GRCh38,CTGGCATAGAGTTGAA-1
GRCh38,CTGGCATAGCAATTCG-1
GRCh38,CTGGCATAGCCCACGA-1
GRCh38,CTGGCATAGCTAGTTG-1
GRCh38,CTGGCATAGCTCGTAA-1
GRCh38,CTGGCATAGCTTCGTT-1
GRCh38,CTGGCATAGGCAAAGT-1
GRCh38,CTGGCATAGGCTCAAC-1
GRCh38,CTGGCATAGGTAGTAA-1
GRCh38,CTGGCCCGTAGGGGCA-1
GRCh38,CTGGCCCGTATAGGAG-1
GRCh38,CTGGCCCGTATGCCAG-1
GRCh38,CTGGCCCGTATGTTAG-1
GRCh38,CTGGCCCGTCAATTAG-1
GRCh38,CTGGCCCGTCGTTCCG-1
GRCh38,CTGGCCCGTGGGAGAT-1
GRCh38,CTGGCTCTCACCCAAA-1
GRCh38,CTGGCTCTCATACTCC-1
GRCh38,CTGGCTCTCATAGCAT-1
GRCh38,CTGGCTCTCCCGCACT-1
GRCh38,CTGGCTCTCCGTACTT-1
GRCh38,CTGGCTCTCGGCCCTT-1
GRCh38,CTGGCTTGTAGCTGGC-1
GRCh38,CTGGCTTGTAGGCATT-1
GRCh38,CTGGCTTGTAGGCTCA-1
GRCh38,CTGGCTTGTATTCGTT-1
GRCh38,CTGGCTTGTCACTCCG-1
GRCh38,CTGGCTTGTCATTTCG-1
GRCh38,CTGGCTTGTCTAAGGT-1
GRCh38,CTGGCTTGTCTGTTGC-1
GRCh38,CTGGCTTGTGCTCCGC-1
GRCh38,CTGGCTTGTGGTAGGG-1
GRCh38,CTGGCTTGTGGTATGT-1
GRCh38,CTGGCTTGTGGTCAAT-1
GRCh38,CTGGGAGCAAACGGGT-1
GRCh38,CTGGGAGCAACGCCAC-1
GRCh38,CTGGGAGCACCCAACA-1
GRCh38,CTGGGAGCACGAAGTA-1
GRCh38,CTGGGAGCACGCGACT-1
GRCh38,CTGGGAGCACGGTGTC-1
GRCh38,CTGGGAGCACGTTTCC-1
GRCh38,CTGGGAGCAGTGGTAA-1
GRCh38,CTGGGCATCACAGACC-1
GRCh38,CTGGGCATCAGGACTC-1
GRCh38,CTGGGCATCATACCCT-1
GRCh38,CTGGGCATCATACGCA-1
GRCh38,CTGGGCATCATCTCTA-1
GRCh38,CTGGGCATCATTCATT-1
GRCh38,CTGGGCATCATTCGTC-1
GRCh38,CTGGGCATCCGAATCA-1
GRCh38,CTGGGCATCCGGCCTT-1
GRCh38,CTGGGCATCGTTACTC-1
GRCh38,CTGGGCTCAACCTAGT-1
GRCh38,CTGGGCTCAAGACGTA-1
GRCh38,CTGGGCTCAAGGGTTA-1
GRCh38,CTGGGCTCAATAGCCT-1
GRCh38,CTGGGCTCAATCGACT-1
GRCh38,CTGGGCTCACACAAGA-1
GRCh38,CTGGGCTCACAGCGAG-1
GRCh38,CTGGGCTCACCTAGGC-1
GRCh38,CTGGGCTCACTGGAGG-1
GRCh38,CTGGGCTCACTGGGAG-1
GRCh38,CTGGGCTCAGGGCGTA-1
GRCh38,CTGGGCTCAGTTACTA-1
GRCh38,CTGGGGACAAAACCAG-1
GRCh38,CTGGGGACAAATGGCA-1
GRCh38,CTGGGGACAACGTAAG-1
GRCh38,CTGGGGACAACGTTAC-1
GRCh38,CTGGGGACAATGTGAG-1
GRCh38,CTGGGGACACACACGC-1
GRCh38,CTGGGGACACATTCGG-1
GRCh38,CTGGGGACACCGGAAG-1
GRCh38,CTGGGGACACTATCCC-1
GRCh38,CTGGGGACAGGACAAC-1
GRCh38,CTGGGGACAGGACCGA-1
GRCh38,CTGGGGACAGGGTATA-1
GRCh38,CTGGGGACAGTGCACC-1
GRCh38,CTGGGTGTCAAACCCA-1
GRCh38,CTGGGTGTCACCAATG-1
GRCh38,CTGGGTGTCAGCTAAT-1
GRCh38,CTGGGTGTCAGGCCCA-1
GRCh38,CTGGGTGTCATGGTAT-1
GRCh38,CTGGGTGTCATGGTCA-1
GRCh38,CTGGGTGTCCAATCGA-1
GRCh38,CTGGGTGTCCCTAGTT-1
GRCh38,CTGGGTGTCCTACGCC-1
GRCh38,CTGGGTGTCGCACCCT-1
GRCh38,CTGGGTGTCGCGATGT-1
GRCh38,CTGGGTGTCGCTCCAC-1
GRCh38,CTGGGTGTCGTCAACA-1
GRCh38,CTGGGTTAGAAGTAGC-1
GRCh38,CTGGGTTAGAAGTGTA-1
GRCh38,CTGGGTTAGAGGATTA-1
GRCh38,CTGGGTTAGAGGCCAA-1
GRCh38,CTGGGTTAGATCGACC-1
GRCh38,CTGGGTTAGCGTACGT-1
GRCh38,CTGGGTTAGCTAATCG-1
GRCh38,CTGGGTTAGGCTCACG-1
GRCh38,CTGGGTTAGGCTGTTA-1
GRCh38,CTGGGTTAGGCTTCCC-1
GRCh38,CTGGTAATCACCTCTG-1
GRCh38,CTGGTAATCACCTTAC-1
GRCh38,CTGGTAATCACTCGTT-1
GRCh38,CTGGTAATCCCAGCCT-1
GRCh38,CTGGTAATCCCATCTG-1
GRCh38,CTGGTAATCCGAGCAT-1
GRCh38,CTGGTAATCCTGTCGC-1
GRCh38,CTGGTAATCGCTAACA-1
GRCh38,CTGGTAATCGGAGGTA-1
GRCh38,CTGGTAATCGTTAAGT-1
GRCh38,CTGGTAGGTACGCTTC-1
GRCh38,CTGGTAGGTCCTTCCC-1
GRCh38,CTGGTAGGTCGAGGAG-1
GRCh38,CTGGTAGGTCGGGTTA-1
GRCh38,CTGGTAGGTCTTCTCT-1
GRCh38,CTGGTAGGTGCCTTCG-1
GRCh38,CTGGTAGGTGGACGCT-1
GRCh38,CTGGTAGGTGGCTTAG-1
GRCh38,CTGGTAGGTGTGCCTT-1
GRCh38,CTGGTCCTCAAATTGC-1
GRCh38,CTGGTCCTCAACCATG-1
GRCh38,CTGGTCCTCACAAGCC-1
GRCh38,CTGGTCCTCACGCGCA-1
GRCh38,CTGGTCCTCACTCATC-1
GRCh38,CTGGTCCTCCCAGAAC-1
GRCh38,CTGGTCCTCCCAGCTC-1
GRCh38,CTGGTCGAGCACCGCA-1
GRCh38,CTGGTCGAGCACTGTA-1
GRCh38,CTGGTCGAGCCTGTGG-1
GRCh38,CTGGTCGAGCTTGTAG-1
GRCh38,CTGGTCGAGGTGCGAA-1
GRCh38,CTGGTCTGTCACCCAT-1
GRCh38,CTGGTCTGTCACGCTT-1
GRCh38,CTGGTCTGTCCAGTAG-1
GRCh38,CTGGTCTGTCGCAGTA-1
GRCh38,CTGGTCTGTCTACGCT-1
GRCh38,CTGGTCTGTCTGTACC-1
GRCh38,CTGGTCTGTGTTCATT-1
GRCh38,CTGGTGAGTATCAATG-1
GRCh38,CTGGTGAGTATGGAGA-1
GRCh38,CTGGTGAGTCACGCTT-1
GRCh38,CTGGTGAGTCACGGGT-1
GRCh38,CTGGTGAGTCCAAAGT-1
GRCh38,CTGGTGAGTCCCTGTG-1
GRCh38,CTGGTGAGTCGTGCCC-1
GRCh38,CTGGTGAGTGCATCAG-1
GRCh38,CTGGTGAGTGCTAAGT-1
GRCh38,CTGGTGAGTGGAAATG-1
GRCh38,CTGGTGAGTGTACTCC-1
GRCh38,CTGGTGAGTGTGTCTC-1
GRCh38,CTGGTTAAGAACGACG-1
GRCh38,CTGGTTAAGCCCATTT-1
GRCh38,CTGGTTAAGCCGCTGA-1
GRCh38,CTGGTTAAGCTAAGCC-1
GRCh38,CTGGTTAAGCTCCTCA-1
GRCh38,CTGGTTAAGGTTGTAT-1
GRCh38,CTGTAACCAACACAAG-1
GRCh38,CTGTAACCACAACTAC-1
GRCh38,CTGTAACCACCACCAA-1
GRCh38,CTGTAACCAGGGTCAG-1
GRCh38,CTGTAACCAGGGTTAA-1
GRCh38,CTGTAACCAGTTGCCA-1
GRCh38,CTGTAATAGACCAATT-1
GRCh38,CTGTAATAGACTGCAC-1
GRCh38,CTGTAATAGAGAATTG-1
GRCh38,CTGTAATAGCAAGTAA-1
GRCh38,CTGTAATAGCCCTTGC-1
GRCh38,CTGTAATAGCCTGACG-1
GRCh38,CTGTAATAGGTGCCCA-1
GRCh38,CTGTACAAGATGGGCA-1
GRCh38,CTGTACAAGCAATGGG-1
GRCh38,CTGTACAAGCGTCAGT-1
GRCh38,CTGTACAAGCGTGAGA-1
GRCh38,CTGTACAAGGCATCGT-1
GRCh38,CTGTACCGTAACATGC-1
GRCh38,CTGTACCGTAATCTCT-1
GRCh38,CTGTACCGTACATTCT-1
GRCh38,CTGTACCGTACGGTCA-1
GRCh38,CTGTACCGTACGTCTC-1
GRCh38,CTGTACCGTACTATGA-1
GRCh38,CTGTACCGTAGCCCTT-1
GRCh38,CTGTACCGTAGGAATG-1
GRCh38,CTGTACCGTAGGCGGA-1
GRCh38,CTGTACCGTCAGCCTT-1
GRCh38,CTGTACCGTCCGGCCT-1
GRCh38,CTGTACCGTCTTGTAT-1
GRCh38,CTGTACCGTGCTAGTG-1
GRCh38,CTGTACCGTGCTTGCT-1
GRCh38,CTGTACCGTGGACGCT-1
GRCh38,CTGTACGCAACACTAC-1
GRCh38,CTGTACGCAACAGCGG-1
GRCh38,CTGTACGCAACCCTAG-1
GRCh38,CTGTACGCAACTCCCT-1
GRCh38,CTGTACGCAATATCAT-1
GRCh38,CTGTACGCAATGCTTA-1
GRCh38,CTGTACGCACACGCAC-1
GRCh38,CTGTACGCACTAGGAA-1
GRCh38,CTGTACGCACTGCTTC-1
GRCh38,CTGTACGCAGCCTGAC-1
GRCh38,CTGTACTTCACACATG-1
GRCh38,CTGTACTTCAGTTGTG-1
GRCh38,CTGTACTTCATGGAAA-1
GRCh38,CTGTACTTCCCGCACT-1
GRCh38,CTGTACTTCCTAGTCT-1
GRCh38,CTGTACTTCGTGAACC-1
GRCh38,CTGTAGCAGAAGCGGC-1
GRCh38,CTGTAGCAGACCCTTT-1
GRCh38,CTGTAGCAGAGGCTGA-1
GRCh38,CTGTAGCAGATCGGTC-1
GRCh38,CTGTAGCAGCCGGTAT-1
GRCh38,CTGTAGCAGCGTTACA-1
GRCh38,CTGTAGCAGGCGTGAA-1
GRCh38,CTGTAGCAGGGGTTAG-1
GRCh38,CTGTATCTCAAAGGGT-1
GRCh38,CTGTATCTCAGACAGG-1
GRCh38,CTGTATCTCATGCAGC-1
GRCh38,CTGTATCTCATGTAGT-1
GRCh38,CTGTATCTCCGCTTGC-1
GRCh38,CTGTATCTCGTGGTTA-1
GRCh38,CTGTATGAGAACGCGA-1
GRCh38,CTGTATGAGAATTACC-1
GRCh38,CTGTATGAGACTACAT-1
GRCh38,CTGTATGAGATAGTGA-1
GRCh38,CTGTATGAGATTACCG-1
GRCh38,CTGTATGAGCAATTGT-1
GRCh38,CTGTATGAGCCGACAT-1
GRCh38,CTGTATGAGCGATTAT-1
GRCh38,CTGTATTGTAACTCGG-1
GRCh38,CTGTATTGTAATCTCT-1
GRCh38,CTGTATTGTAGTTATG-1
GRCh38,CTGTATTGTATTATCC-1
GRCh38,CTGTATTGTGTCTTAT-1
GRCh38,CTGTATTGTGTGGATT-1
GRCh38,CTGTCATTCCTAGCAA-1
GRCh38,CTGTCATTCGCATTAG-1
GRCh38,CTGTCATTCGTATAAC-1
GRCh38,CTGTCCGGTAATGGCT-1
GRCh38,CTGTCCGGTACATTTC-1
GRCh38,CTGTCCGGTAGTTTAG-1
GRCh38,CTGTCCGGTATATTCC-1
GRCh38,CTGTCCGGTATGTGCG-1
GRCh38,CTGTCCGGTCGACTCT-1
GRCh38,CTGTCCGGTCGCTGGG-1
GRCh38,CTGTCCGGTCGCTTCG-1
GRCh38,CTGTCCGGTCTATTGT-1
GRCh38,CTGTCCGGTGGCTTTC-1
GRCh38,CTGTCCGGTGGTAGTT-1
GRCh38,CTGTCCGGTGTACTCC-1
GRCh38,CTGTCGCTCAACGTGC-1
GRCh38,CTGTCGCTCACAACGC-1
GRCh38,CTGTCGCTCAGACTCA-1
GRCh38,CTGTCGCTCCAAATTA-1
GRCh38,CTGTCGCTCCACGTAA-1
GRCh38,CTGTCGCTCCCGCGTT-1
GRCh38,CTGTCGCTCCTCGAAA-1
GRCh38,CTGTCGCTCGCACCCT-1
GRCh38,CTGTCGCTCGCTACTT-1
GRCh38,CTGTCGCTCGGCGAAA-1
GRCh38,CTGTCGCTCGGCTCGA-1
GRCh38,CTGTCGCTCGGTATGC-1
GRCh38,CTGTCGCTCGTCTTCG-1
GRCh38,CTGTCGGAGAACGACG-1
GRCh38,CTGTCGGAGACGGGTA-1
GRCh38,CTGTCGGAGAGGTGAT-1
GRCh38,CTGTCGGAGAGTCAGG-1
GRCh38,CTGTCGGAGATATCAC-1
GRCh38,CTGTCGGAGATCTCGA-1
GRCh38,CTGTCGGAGCCCTGGA-1
GRCh38,CTGTCGGAGCCGCCAA-1
GRCh38,CTGTCGGAGCGTCTAA-1
GRCh38,CTGTCGGAGCGTTAAT-1
GRCh38,CTGTCGGAGCTGTGGT-1
GRCh38,CTGTCGGAGGTTGTAT-1
GRCh38,CTGTCTAGTAATCCCC-1
GRCh38,CTGTCTAGTAATCGCG-1
GRCh38,CTGTCTAGTAATTTCC-1
GRCh38,CTGTCTAGTACCTTTG-1
GRCh38,CTGTCTAGTATCATTC-1
GRCh38,CTGTCTAGTATGGCGC-1
GRCh38,CTGTCTAGTCAGTCTC-1
GRCh38,CTGTCTAGTCGTAATA-1
GRCh38,CTGTCTAGTCTACGCT-1
GRCh38,CTGTCTAGTCTATCGC-1
GRCh38,CTGTCTAGTGGATCGC-1
GRCh38,CTGTCTAGTGGCACGT-1
GRCh38,CTGTCTAGTGGTTTGG-1
GRCh38,CTGTGAGGTACCATGG-1
GRCh38,CTGTGAGGTACTATTC-1
GRCh38,CTGTGAGGTAGACTCG-1
GRCh38,CTGTGAGGTAGAGTAG-1
GRCh38,CTGTGAGGTATATCCT-1
GRCh38,CTGTGAGGTATGCAGT-1
GRCh38,CTGTGAGGTCATCGAG-1
GRCh38,CTGTGAGGTCGGCTGG-1
GRCh38,CTGTGAGGTCGGTGTA-1
GRCh38,CTGTGAGGTCTAGCTC-1
GRCh38,CTGTGAGGTGCCATAG-1
GRCh38,CTGTGCGAGACCTACA-1
GRCh38,CTGTGCGAGAGGGACC-1
GRCh38,CTGTGCGAGAGTGCGA-1
GRCh38,CTGTGCGAGCACTAGC-1
GRCh38,CTGTGCGAGCATAGCC-1
GRCh38,CTGTGCGAGCCACGAT-1
GRCh38,CTGTGCGAGCGGATAG-1
GRCh38,CTGTGCGAGCTCACCC-1
GRCh38,CTGTGCGAGGGGATAT-1
GRCh38,CTGTGCGAGGTCTCCC-1
GRCh38,CTGTGGAGTACCCCTG-1
GRCh38,CTGTGGAGTACTCTAT-1
GRCh38,CTGTGGAGTATCCAGG-1
GRCh38,CTGTGGAGTATTCGTT-1
GRCh38,CTGTGGAGTATTGGTA-1
GRCh38,CTGTGGAGTCACCGGG-1
GRCh38,CTGTGGAGTCACGAAT-1
GRCh38,CTGTGGAGTCAGGGTC-1
GRCh38,CTGTGGAGTCCACGTT-1
GRCh38,CTGTGGAGTCCGCTTG-1
GRCh38,CTGTGGAGTCGATGAT-1
GRCh38,CTGTGGAGTCTGCAAG-1
GRCh38,CTGTGGTAGACACCGT-1
GRCh38,CTGTGGTAGACCCTAA-1
GRCh38,CTGTGGTAGAGGGCGT-1
GRCh38,CTGTGGTAGCACCCGA-1
GRCh38,CTGTGGTAGCCTCATT-1
GRCh38,CTGTGGTAGCGCTTGG-1
GRCh38,CTGTGGTAGGGGTTTC-1
GRCh38,CTGTTACTCAAATCAC-1
GRCh38,CTGTTACTCACCCAAA-1
GRCh38,CTGTTACTCACCTCTG-1
GRCh38,CTGTTACTCACGAACC-1
GRCh38,CTGTTACTCATGCAAT-1
GRCh38,CTGTTACTCCACAGGT-1
GRCh38,CTGTTACTCCGCTTCA-1
GRCh38,CTGTTACTCCGCTTGC-1
GRCh38,CTGTTACTCGCATCAA-1
GRCh38,CTGTTACTCGGCCCTT-1
GRCh38,CTGTTACTCGTTGCTT-1
GRCh38,CTGTTATGTATATTCC-1
GRCh38,CTGTTATGTCGTCGGG-1
GRCh38,CTGTTATGTCGTGGGT-1
GRCh38,CTGTTATGTGGCTATG-1
GRCh38,CTGTTCGTCACAGGTC-1
GRCh38,CTGTTCGTCATACTAA-1
GRCh38,CTGTTCGTCCAATTCC-1
GRCh38,CTGTTCGTCCCAATTC-1
GRCh38,CTGTTCGTCCCTTAGT-1
GRCh38,CTGTTCGTCGGCTCCT-1
GRCh38,CTGTTGAAGCAGTCCG-1
GRCh38,CTGTTGAAGCATCGCG-1
GRCh38,CTGTTGAAGGGGATTG-1
GRCh38,CTGTTGAAGGTAGGTG-1
GRCh38,CTGTTGCGTACAAGTC-1
GRCh38,CTGTTGCGTAGGCTCA-1
GRCh38,CTGTTGCGTCAATATG-1
GRCh38,CTGTTGCGTCCATGCT-1
GRCh38,CTGTTGCGTCGACAGC-1
GRCh38,CTGTTGCGTGCTTGTC-1
GRCh38,CTGTTGCGTGGCGCTG-1
GRCh38,CTGTTGCGTGGGAGTG-1
GRCh38,CTTAAATCAAAGGCAC-1
GRCh38,CTTAAATCAACAGTCT-1
GRCh38,CTTAAATCAAGCTTTA-1
GRCh38,CTTAAATCAATTGACC-1
GRCh38,CTTAAATCACCCATAG-1
GRCh38,CTTAAATCAGCAACGG-1
GRCh38,CTTAAATCAGGTAGCG-1
GRCh38,CTTAAATCAGTAGGGT-1
GRCh38,CTTAACACAAACGGCG-1
GRCh38,CTTAACACAAGAGACC-1
GRCh38,CTTAACACAAGAGAGG-1
GRCh38,CTTAACACAAGCGATA-1
GRCh38,CTTAACACAAGCTGAA-1
GRCh38,CTTAACACAAGTGCCC-1
GRCh38,CTTAACACACCGGAAG-1
GRCh38,CTTAACACACGAGCGA-1
GRCh38,CTTAACACACTGACAT-1
GRCh38,CTTAACACAGTACGAA-1
GRCh38,CTTAACCTCAGACACC-1
GRCh38,CTTAACCTCAGTCCGG-1
GRCh38,CTTAACCTCATACTAA-1
GRCh38,CTTAACCTCATCGCCC-1
GRCh38,CTTAACCTCATCGCTT-1
GRCh38,CTTAACCTCCCAGCTC-1
GRCh38,CTTAACCTCCCATATC-1
GRCh38,CTTAACCTCCTTCGCA-1
GRCh38,CTTAACCTCGGAAACG-1
GRCh38,CTTAAGCCAACAGCGG-1
GRCh38,CTTAAGCCAAGGGACT-1
GRCh38,CTTAAGCCAATCAAGG-1
GRCh38,CTTAAGCCAATCAGGA-1
GRCh38,CTTAAGCCACAACCCA-1
GRCh38,CTTAAGCCACAACGCC-1
GRCh38,CTTAAGCCACCACAAT-1
GRCh38,CTTAAGCCAGGACAAC-1
GRCh38,CTTAAGCCAGGGCGTA-1
GRCh38,CTTAAGCCAGGTAAAT-1
GRCh38,CTTAAGCCAGTCCATG-1
GRCh38,CTTAAGTAGAAACCCC-1
GRCh38,CTTAAGTAGACAGTTT-1
GRCh38,CTTAAGTAGACATGGG-1
GRCh38,CTTAAGTAGACCCACG-1
GRCh38,CTTAAGTAGAGCAAGT-1
GRCh38,CTTAAGTAGAGGCTGA-1
GRCh38,CTTAAGTAGCAAGTTT-1
GRCh38,CTTAAGTAGCAGCGTT-1
GRCh38,CTTAAGTAGCCAATAT-1
GRCh38,CTTAAGTAGCCTCGAG-1
GRCh38,CTTAAGTAGCGGGGAT-1
GRCh38,CTTAAGTAGGTTCGAC-1
GRCh38,CTTAATCGTACCCATC-1
GRCh38,CTTAATCGTAGCCAGC-1
GRCh38,CTTAATCGTAGCTTCC-1
GRCh38,CTTAATCGTATTATCC-1
GRCh38,CTTAATCGTCAGTAGT-1
GRCh38,CTTAATCGTCGAGTGC-1
GRCh38,CTTAATCGTCTCGCAT-1
GRCh38,CTTAATCGTGCTAGTG-1
GRCh38,CTTAATCGTGTCCCTG-1
GRCh38,CTTAATTTCAATATTG-1
GRCh38,CTTAATTTCACAAGCC-1
GRCh38,CTTAATTTCACGCGTG-1
GRCh38,CTTAATTTCACTATAA-1
GRCh38,CTTAATTTCACTCGTT-1
GRCh38,CTTAATTTCACTGCAA-1
GRCh38,CTTAATTTCAGTCATG-1
GRCh38,CTTAATTTCATGAAAG-1
GRCh38,CTTAATTTCCATTACC-1
GRCh38,CTTAATTTCGGCCCTT-1
GRCh38,CTTAATTTCGTAACGC-1
GRCh38,CTTAGCAAGACGGGTA-1
GRCh38,CTTAGCAAGAGCGAAT-1
GRCh38,CTTAGCAAGCAGTCCG-1
GRCh38,CTTAGCAAGCATCGAC-1
GRCh38,CTTAGCAAGCCTTTCG-1
GRCh38,CTTAGCCGTAACGCCA-1
GRCh38,CTTAGCCGTAATCCGG-1
GRCh38,CTTAGCCGTAGCCAGC-1
GRCh38,CTTAGCCGTAGTATGC-1
GRCh38,CTTAGCCGTATATCCT-1
GRCh38,CTTAGCCGTCCGTCCA-1
GRCh38,CTTAGCCGTCGACGTA-1
GRCh38,CTTAGCCGTCTCGCCA-1
GRCh38,CTTAGCCGTGCATAGT-1
GRCh38,CTTAGCCGTGGTCTCT-1
GRCh38,CTTAGCGCAAGCGTCC-1
GRCh38,CTTAGCGCAATAGGGC-1
GRCh38,CTTAGCGCAATATCAT-1
GRCh38,CTTAGCGCACCGTTAG-1
GRCh38,CTTAGCGCACGTAATC-1
GRCh38,CTTAGCGCAGCGGACA-1
GRCh38,CTTAGCTTCACGACAC-1
GRCh38,CTTAGCTTCCAGCAAC-1
GRCh38,CTTAGCTTCCATGGGT-1
GRCh38,CTTAGCTTCCGAGTGT-1
GRCh38,CTTAGCTTCCTAGCTT-1
GRCh38,CTTAGCTTCGCCCTTA-1
GRCh38,CTTAGCTTCGCTCGCT-1
GRCh38,CTTAGCTTCGGCTAAC-1
GRCh38,CTTAGCTTCGTCACCC-1
GRCh38,CTTAGCTTCGTGCAAC-1
GRCh38,CTTAGGCAGAACGATA-1
GRCh38,CTTAGGCAGAACTCAT-1
GRCh38,CTTAGGCAGACCTATG-1
GRCh38,CTTAGGCAGATGCGAG-1
GRCh38,CTTAGGCAGCATTCGA-1
GRCh38,CTTAGGCAGGCACGAA-1
GRCh38,CTTAGGCAGGCATACC-1
GRCh38,CTTAGGCAGGCGAGTA-1
GRCh38,CTTAGGCAGGTCTGGT-1
GRCh38,CTTAGGCAGGTTCAGC-1
GRCh38,CTTAGGCAGGTTGCCG-1
GRCh38,CTTAGGGGTAATCTCT-1
GRCh38,CTTAGGGGTACAGCGC-1
GRCh38,CTTAGGGGTACCTTGC-1
GRCh38,CTTAGGGGTAGTGATC-1
GRCh38,CTTAGGGGTATCCAGG-1
GRCh38,CTTAGGGGTATCCCCG-1
GRCh38,CTTAGGGGTCAGCATG-1
GRCh38,CTTAGGGGTCGCTGCC-1
GRCh38,CTTAGGGGTCGTGGGT-1
GRCh38,CTTAGGGGTGGAACGG-1
GRCh38,CTTAGGGGTGGGACTC-1
GRCh38,CTTAGGGGTGGGAGCA-1
GRCh38,CTTAGGGGTGGTAGTT-1
GRCh38,CTTAGGGGTGTCCTTA-1
GRCh38,CTTAGTACAAGTGTTC-1
GRCh38,CTTAGTACAATCCGCA-1
GRCh38,CTTAGTACACATCAGT-1
GRCh38,CTTAGTACACATGATC-1
GRCh38,CTTAGTACACCCTCAT-1
GRCh38,CTTAGTACACGCTTTC-1
GRCh38,CTTAGTACAGGAGCCA-1
GRCh38,CTTAGTACAGGTAACA-1
GRCh38,CTTAGTCTCACTCGTT-1
GRCh38,CTTAGTCTCAGTCAGC-1
GRCh38,CTTAGTCTCATGGTGC-1
GRCh38,CTTAGTCTCCAACACA-1
GRCh38,CTTAGTCTCCAGTCAA-1
GRCh38,CTTAGTCTCCTCATTA-1
GRCh38,CTTAGTCTCCTGATTC-1
GRCh38,CTTAGTCTCGTAAATC-1
GRCh38,CTTAGTGAGACCTATG-1
GRCh38,CTTAGTGAGACGTCCG-1
GRCh38,CTTAGTGAGATAGGCG-1
GRCh38,CTTAGTGAGATGGTTT-1
GRCh38,CTTAGTGAGCCATATG-1
GRCh38,CTTAGTGAGCTCGAAC-1
GRCh38,CTTAGTGAGCTCGTAA-1
GRCh38,CTTAGTGAGGCTAACC-1
GRCh38,CTTAGTGAGGTAATTC-1
GRCh38,CTTAGTTGTACTTCAT-1
GRCh38,CTTAGTTGTATCTCGC-1
GRCh38,CTTAGTTGTATTGGGT-1
GRCh38,CTTAGTTGTCAAAGCT-1
GRCh38,CTTAGTTGTCGTAGTG-1
GRCh38,CTTAGTTGTCTCTCGG-1
GRCh38,CTTAGTTGTGGACTAT-1
GRCh38,CTTAGTTGTGGATAAG-1
GRCh38,CTTATACGTAACTAGC-1
GRCh38,CTTATACGTACTCTAT-1
GRCh38,CTTATACGTAGGTAAG-1
GRCh38,CTTATACGTATACTAG-1
GRCh38,CTTATACGTATCGTGG-1
GRCh38,CTTATACGTATTGCCC-1
GRCh38,CTTATACGTCAGTCTC-1
GRCh38,CTTATACGTCGCGTGG-1
GRCh38,CTTATACGTCTCGATC-1
GRCh38,CTTATACGTGCGAATT-1
GRCh38,CTTATACGTGGGATAA-1
GRCh38,CTTATACGTGGTAAAG-1
GRCh38,CTTATACGTGTAATTG-1
GRCh38,CTTATAGCAAACCACT-1
GRCh38,CTTATAGCAAAGGGGA-1
GRCh38,CTTATAGCAAGTGCAA-1
GRCh38,CTTATAGCAATCGAGA-1
GRCh38,CTTATAGCACGCTGAC-1
GRCh38,CTTATAGCACTGGGAG-1
GRCh38,CTTATAGCAGGTTGGG-1
GRCh38,CTTATAGCAGTACGCC-1
GRCh38,CTTATAGCAGTTAGAG-1
GRCh38,CTTATCATCAGCTTAG-1
GRCh38,CTTATCATCCCTATTA-1
GRCh38,CTTATCATCCGGCATG-1
GRCh38,CTTATCTCAAAACGGC-1
GRCh38,CTTATCTCAAATCGGA-1
GRCh38,CTTATCTCAACTCGCA-1
GRCh38,CTTATCTCAAGCACAA-1
GRCh38,CTTATCTCACCACAAT-1
GRCh38,CTTATCTCACCTCTTA-1
GRCh38,CTTATCTCACGTAATC-1
GRCh38,CTTATCTCACGTTCAG-1
GRCh38,CTTATCTCAGCGTATT-1
GRCh38,CTTATCTCAGTACATC-1
GRCh38,CTTATGCTCAGACAGG-1
GRCh38,CTTATGCTCAGCCAAC-1
GRCh38,CTTATGCTCAGGACTC-1
GRCh38,CTTATGCTCAGTCAAT-1
GRCh38,CTTATGCTCATTATCT-1
GRCh38,CTTATGCTCCCCAATT-1
GRCh38,CTTATGCTCCTAAGCA-1
GRCh38,CTTATGCTCCTAATGG-1
GRCh38,CTTATGTGTAACGCAT-1
GRCh38,CTTATGTGTATGCGGC-1
GRCh38,CTTATGTGTATGTTAG-1
GRCh38,CTTATGTGTATTGCTT-1
GRCh38,CTTATGTGTCCTCATA-1
GRCh38,CTTATGTGTCTAACCC-1
GRCh38,CTTATGTGTGCTGGGT-1
GRCh38,CTTATGTGTGGCTTTC-1
GRCh38,CTTATGTGTGGTTCAG-1
GRCh38,CTTATGTGTGTAGCAT-1
GRCh38,CTTATGTGTGTGGTGC-1
GRCh38,CTTCAACTCAAACCTG-1
GRCh38,CTTCAACTCACATATA-1
GRCh38,CTTCAACTCACTGTTC-1
GRCh38,CTTCAACTCAGCTATG-1
GRCh38,CTTCAACTCAGGGCTT-1
GRCh38,CTTCAACTCATACAAC-1
GRCh38,CTTCAACTCATGGCTA-1
GRCh38,CTTCAACTCATGGGCT-1
GRCh38,CTTCAACTCCCTTAAC-1
GRCh38,CTTCAACTCCCTTAGT-1
GRCh38,CTTCAACTCCGATGGT-1
GRCh38,CTTCAACTCCGCTTCA-1
GRCh38,CTTCAACTCGCAGTGT-1
GRCh38,CTTCAACTCGGACTTA-1
GRCh38,CTTCAACTCGTATAGT-1
GRCh38,CTTCAATGTAACAGGA-1
GRCh38,CTTCAATGTAATTCAG-1
GRCh38,CTTCAATGTAGCATCG-1
GRCh38,CTTCAATGTCCAGGTA-1
GRCh38,CTTCAATGTCCGCCGT-1
GRCh38,CTTCAATGTCGCGGAT-1
GRCh38,CTTCAATGTCGTTGGA-1
GRCh38,CTTCAATGTCTGTCCG-1
GRCh38,CTTCAATGTGGGAGAT-1
GRCh38,CTTCATATCAGGAATA-1
GRCh38,CTTCATATCCCTATAC-1
GRCh38,CTTCATATCCGTAAAT-1
GRCh38,CTTCATATCGGTAGCT-1
GRCh38,CTTCATATCGTACAAT-1
GRCh38,CTTCATTCAAACACTC-1
GRCh38,CTTCATTCAACCTATA-1
GRCh38,CTTCATTCAATGCGAA-1
GRCh38,CTTCGAGCAAAACTCC-1
GRCh38,CTTCGAGCAACTTCAA-1
GRCh38,CTTCGAGCAATCGGGG-1
GRCh38,CTTCGAGCAATTACGC-1
GRCh38,CTTCGAGCACATAGAG-1
GRCh38,CTTCGAGCACATAGCT-1
GRCh38,CTTCGAGCACCACGGT-1
GRCh38,CTTCGAGCACCAGAGG-1
GRCh38,CTTCGAGCACCTTCCG-1
GRCh38,CTTCGAGCACTCAATA-1
GRCh38,CTTCGAGCAGCAGCGA-1
GRCh38,CTTCGCATCACATCAG-1
GRCh38,CTTCGCATCCGAATGC-1
GRCh38,CTTCGCATCGTGCATA-1
GRCh38,CTTCGTCCAACGCGCT-1
GRCh38,CTTCGTCCAAGACAGC-1
GRCh38,CTTCGTCCAATAAGAC-1
GRCh38,CTTCGTCCAATAGTAA-1
GRCh38,CTTCGTCCACATGCGC-1
GRCh38,CTTCGTCCACCCTAAG-1
GRCh38,CTTCGTCCACCGTACA-1
GRCh38,CTTCGTCCACCTAGCA-1
GRCh38,CTTCGTCCACGCCATA-1
GRCh38,CTTCGTCCACTCACTC-1
GRCh38,CTTCGTCCACTGTAAC-1
GRCh38,CTTCGTCCAGGCACTC-1
GRCh38,CTTCGTCCAGTGTAAG-1
GRCh38,CTTCGTGTCAAGTCCA-1
GRCh38,CTTCGTGTCACCACAA-1
GRCh38,CTTCGTGTCACGGTTA-1
GRCh38,CTTCGTGTCAGCCCCT-1
GRCh38,CTTCGTGTCAGCGTGT-1
GRCh38,CTTCGTGTCCTGGCTC-1
GRCh38,CTTCGTTAGAAGTAGC-1
GRCh38,CTTCGTTAGACAGCAG-1
GRCh38,CTTCGTTAGATAGCGG-1
GRCh38,CTTCGTTAGATGCATT-1
GRCh38,CTTCGTTAGATTATGC-1
GRCh38,CTTCGTTAGCAAACTT-1
GRCh38,CTTCGTTAGCCTGCGA-1
GRCh38,CTTCGTTAGCCTGTGG-1
GRCh38,CTTCGTTAGCTAAATC-1
GRCh38,CTTCGTTAGCTGTTGA-1
GRCh38,CTTCGTTAGGCTCGAT-1
GRCh38,CTTCGTTAGGGTCGTT-1
GRCh38,CTTCGTTAGGTCCGAT-1
GRCh38,CTTCTAATCAAACTAC-1
GRCh38,CTTCTAATCAAGTTCG-1
GRCh38,CTTCTAATCACTGGCG-1
GRCh38,CTTCTAATCAGTTGTG-1
GRCh38,CTTCTAATCATGGGCT-1
GRCh38,CTTCTAATCCACTTAC-1
GRCh38,CTTCTAATCCCAATAG-1
GRCh38,CTTCTAATCCCTTTCC-1
GRCh38,CTTCTAATCCGTAAAT-1
GRCh38,CTTCTAATCGCGCATG-1
GRCh38,CTTCTAATCGGCGTTG-1
GRCh38,CTTCTAATCGTTACCT-1
GRCh38,CTTCTACAGACAGTTT-1
GRCh38,CTTCTACAGAGAGGTT-1
GRCh38,CTTCTACAGAGCGGGT-1
GRCh38,CTTCTACAGATACCAT-1
GRCh38,CTTCTACAGATCATCG-1
GRCh38,CTTCTACAGATTGTGT-1
GRCh38,CTTCTACAGCCCTTAT-1
GRCh38,CTTCTACAGCGAAGAT-1
GRCh38,CTTCTACAGCGTGCAT-1
GRCh38,CTTCTACAGCGTGTCG-1
GRCh38,CTTCTAGGTATAAGCC-1
GRCh38,CTTCTAGGTATGAGAG-1
GRCh38,CTTCTAGGTCACACCT-1
GRCh38,CTTCTAGGTCATGCAG-1
GRCh38,CTTCTAGGTCGCATCT-1
GRCh38,CTTCTAGGTCTCTCGG-1
GRCh38,CTTCTAGGTGGCGGTT-1
GRCh38,CTTCTAGGTGTCCCCA-1
GRCh38,CTTCTATCAACGCGTC-1
GRCh38,CTTCTATCACCTCAGA-1
GRCh38,CTTCTATCACTGCGTA-1
GRCh38,CTTCTATCAGTCATAC-1
GRCh38,CTTCTCACAAATCGAG-1
GRCh38,CTTCTCACAACAGCGG-1
GRCh38,CTTCTCACAAGGTTAG-1
GRCh38,CTTCTCACAATCAGGA-1
GRCh38,CTTCTCACACAACGCC-1
GRCh38,CTTCTCACACTGTACG-1
GRCh38,CTTCTCACAGCCAACC-1
GRCh38,CTTCTCACAGGCTACC-1
GRCh38,CTTCTCACAGGTGATA-1
GRCh38,CTTCTCACAGTCGGAG-1
GRCh38,CTTCTCTGTAACGCAT-1
GRCh38,CTTCTCTGTACCCTTA-1
GRCh38,CTTCTCTGTACCTATT-1
GRCh38,CTTCTCTGTATCTGGG-1
GRCh38,CTTCTCTGTCACCCGC-1
GRCh38,CTTCTCTGTCACCCTG-1
GRCh38,CTTCTCTGTCGACTAG-1
GRCh38,CTTCTCTGTGCTAGGC-1
GRCh38,CTTCTCTGTGCTATGG-1
GRCh38,CTTCTCTGTGTAGCAT-1
GRCh38,CTTGAATAGAATGCCC-1
GRCh38,CTTGAATAGACATGTT-1
GRCh38,CTTGAATAGAGGCGAC-1
GRCh38,CTTGAATAGCCACAAC-1
GRCh38,CTTGAATAGCCACTAA-1
GRCh38,CTTGAATAGCCAGCAT-1
GRCh38,CTTGAATAGCGTTGAC-1
GRCh38,CTTGAATAGCTGATAT-1
GRCh38,CTTGAATAGGCACCAT-1
GRCh38,CTTGAATAGGTAAGGT-1
GRCh38,CTTGAATAGGTCCAGT-1
GRCh38,CTTGAATAGGTGTTAT-1
GRCh38,CTTGACGCAACAAGAT-1
GRCh38,CTTGACGCAACCACAT-1
GRCh38,CTTGACGCAAGTCGCC-1
GRCh38,CTTGACGCACAACTAC-1
GRCh38,CTTGACGCACATACCG-1
GRCh38,CTTGACGCACATCGGC-1
GRCh38,CTTGACGCACGATTTA-1
GRCh38,CTTGACGCAGGTTAGA-1
GRCh38,CTTGACGCAGTAAAGT-1
GRCh38,CTTGACGCAGTCTAAC-1
GRCh38,CTTGACGCAGTGCGTC-1
GRCh38,CTTGATGAGAACGCGA-1
GRCh38,CTTGATGAGAGAATCA-1
GRCh38,CTTGATGAGAGGGATT-1
GRCh38,CTTGATGAGATGTGAA-1
GRCh38,CTTGATGAGCGAAGCA-1
GRCh38,CTTGATGAGCGATGAG-1
GRCh38,CTTGATGAGCGGATAG-1
GRCh38,CTTGATGAGCTGATTG-1
GRCh38,CTTGATGAGGGTAGCA-1
GRCh38,CTTGATTGTAACCCGA-1
GRCh38,CTTGATTGTAAGTGCT-1
GRCh38,CTTGATTGTACTTGGG-1
GRCh38,CTTGATTGTAGCTGGC-1
GRCh38,CTTGATTGTATGCAGT-1
GRCh38,CTTGATTGTCGGATAT-1
GRCh38,CTTGATTGTCTGTTGC-1
GRCh38,CTTGGAGGTAACAGAG-1
GRCh38,CTTGGAGGTAACTAGC-1
GRCh38,CTTGGAGGTACATATG-1
GRCh38,CTTGGAGGTAGAGGCG-1
GRCh38,CTTGGAGGTAGCTGGC-1
GRCh38,CTTGGAGGTATACTTC-1
GRCh38,CTTGGAGGTCATGTCC-1
GRCh38,CTTGGAGGTCGGTTCT-1
GRCh38,CTTGGAGGTGGCGTGT-1
GRCh38,CTTGGAGGTGGGTGTC-1
GRCh38,CTTGGAGGTGGGTTCA-1
GRCh38,CTTGGCGAGAATCAAG-1
GRCh38,CTTGGCGAGACCCGTG-1
GRCh38,CTTGGCGAGAGGACGC-1
GRCh38,CTTGGCGAGATATACC-1
GRCh38,CTTGGCGAGATGTGAA-1
GRCh38,CTTGGCGAGATGTGTT-1
GRCh38,CTTGGCGAGCCCATGG-1
GRCh38,CTTGGCGAGCCTCGTC-1
GRCh38,CTTGGCGAGCTACAGC-1
GRCh38,CTTGGCGAGGCCACAT-1
GRCh38,CTTGGCGAGGGCATAG-1
GRCh38,CTTGGCGAGGGCGAAC-1
GRCh38,CTTGGCGAGGGCTAAG-1
GRCh38,CTTGGCGAGGGGGCAT-1
GRCh38,CTTGGGTAGAAAGGAG-1
GRCh38,CTTGGGTAGATGTGTT-1
GRCh38,CTTGGGTAGCAATATC-1
GRCh38,CTTGGGTAGCATGGTC-1
GRCh38,CTTGGGTAGCGGGTAA-1
GRCh38,CTTGGGTAGCGTATAT-1
GRCh38,CTTGGGTAGCGTTTGA-1
GRCh38,CTTGGGTAGCTGCAAC-1
GRCh38,CTTGGGTAGGTAATTC-1
GRCh38,CTTGGTCGTCATTCTG-1
GRCh38,CTTGTACTCAATGTAC-1
GRCh38,CTTGTACTCAATGTTA-1
GRCh38,CTTGTACTCACCCCGT-1
GRCh38,CTTGTACTCACGTATG-1
GRCh38,CTTGTACTCCATATGG-1
GRCh38,CTTGTACTCCGGCACA-1
GRCh38,CTTGTACTCCTATCAC-1
GRCh38,CTTGTACTCCTGTCGC-1
GRCh38,CTTGTACTCGGAGCTT-1
GRCh38,CTTGTAGAGACGGAGC-1
GRCh38,CTTGTAGAGATGACGG-1
GRCh38,CTTGTAGAGCAAGACG-1
GRCh38,CTTGTAGAGCGGGGAT-1
GRCh38,CTTGTAGAGCGTGTTA-1
GRCh38,CTTGTAGAGGCGTGAA-1
GRCh38,CTTGTAGAGGCTGGTT-1
GRCh38,CTTGTAGAGGTAATAG-1
GRCh38,CTTGTAGAGGTAGTAA-1
GRCh38,CTTGTATGTACTTTCG-1
GRCh38,CTTGTATGTATGCCTC-1
GRCh38,CTTGTATGTCACCGGG-1
GRCh38,CTTGTATGTCTGCATC-1
GRCh38,CTTGTATGTGTATCGG-1
GRCh38,CTTGTATGTGTGGTGC-1
GRCh38,CTTGTCAGTACTCGAG-1
GRCh38,CTTGTCAGTAGCAATC-1
GRCh38,CTTGTCAGTAGTCGCA-1
GRCh38,CTTGTCAGTATACTTC-1
GRCh38,CTTGTCAGTATAGGCT-1
GRCh38,CTTGTCAGTCACATGG-1
GRCh38,CTTGTCAGTCGTATAA-1
GRCh38,CTTGTCAGTCGTTGGA-1
GRCh38,CTTGTCAGTGCCAAAT-1
GRCh38,CTTGTCAGTGGCATAT-1
GRCh38,CTTGTCAGTGGGGTTC-1
GRCh38,CTTGTCAGTGGGTAGG-1
GRCh38,CTTGTCGTCAATCGTG-1
GRCh38,CTTGTCGTCACGGTTA-1
GRCh38,CTTGTCGTCAGCGTAC-1
GRCh38,CTTGTCGTCATCGCTT-1
GRCh38,CTTGTCGTCATGGTCA-1
GRCh38,CTTGTCGTCCATGGGT-1
GRCh38,CTTGTCGTCCATTACC-1
GRCh38,CTTGTCGTCCCGTCTA-1
GRCh38,CTTGTCGTCCTAAAGT-1
GRCh38,CTTGTCGTCCTACGCC-1
GRCh38,CTTGTCGTCGCTACTT-1
GRCh38,CTTGTCGTCGTTCATC-1
GRCh38,CTTGTCTAGAATATCC-1
GRCh38,CTTGTCTAGCAAACCC-1
GRCh38,CTTGTCTAGCCACTTT-1
GRCh38,CTTGTCTAGCCATTTC-1
GRCh38,CTTGTCTAGCTGTCGG-1
GRCh38,CTTGTCTAGGCATACC-1
GRCh38,CTTGTCTAGGGAGTAT-1
GRCh38,CTTGTCTAGGGTCGTT-1
GRCh38,CTTGTCTAGGTAAGAC-1
GRCh38,CTTGTCTAGGTCCGCA-1
GRCh38,CTTGTGAAGAAGGCAT-1
GRCh38,CTTGTGAAGAAGTACA-1
GRCh38,CTTGTGAAGAGGGCGT-1
GRCh38,CTTGTGAAGAGTAATG-1
GRCh38,CTTGTGAAGAGTCCCG-1
GRCh38,CTTGTGAAGATATGAG-1
GRCh38,CTTGTGAAGATCCCAA-1
GRCh38,CTTGTGAAGCAAGGCA-1
GRCh38,CTTGTGAAGCGCAGTT-1
GRCh38,CTTGTGAAGCGCTCGA-1
GRCh38,CTTGTGAAGCGGCCTA-1
GRCh38,CTTGTGAAGGCGCTTG-1
GRCh38,CTTGTGAAGGCTACCG-1
GRCh38,CTTGTGAAGGTATGGG-1
GRCh38,CTTGTGCGTAGCAGTT-1
GRCh38,CTTGTGCGTATCCTGC-1
GRCh38,CTTGTGCGTATGGCGC-1
GRCh38,CTTGTGCGTCATAGGT-1
GRCh38,CTTGTGCGTCCAACCT-1
GRCh38,CTTGTGCGTCGAAGGG-1
GRCh38,CTTGTGCGTCTCGCTG-1
GRCh38,CTTGTGCGTCTCGTCG-1
GRCh38,CTTGTGCGTGCACAGC-1
GRCh38,CTTGTGCGTGTCCGCC-1
GRCh38,CTTGTGTTCATCGCTT-1
GRCh38,CTTGTGTTCCCTTGTG-1
GRCh38,CTTGTGTTCCTGCATT-1
GRCh38,CTTGTGTTCGTATCTC-1
GRCh38,CTTGTGTTCGTATGCA-1
GRCh38,GCAAACCTCAAGCAAA-1
GRCh38,GCAAACCTCAGCGCAT-1
GRCh38,GCAAACCTCATACTAA-1
GRCh38,GCAAACCTCCCCTAAT-1
GRCh38,GCAAACCTCCGCACTC-1
GRCh38,GCAAACCTCCTGTCAT-1
GRCh38,GCAAACCTCGCTTTCG-1
GRCh38,GCAAACCTCGTGTCGG-1
GRCh38,GCAAAGGTCAAACTAC-1
GRCh38,GCAAAGGTCACACAAT-1
GRCh38,GCAAAGGTCAGACACC-1
GRCh38,GCAAAGGTCCCAAATG-1
GRCh38,GCAAAGGTCCCACCGT-1
GRCh38,GCAAAGGTCCTCAGGG-1
GRCh38,GCAAAGGTCGCTCTCA-1
GRCh38,GCAAAGGTCGCTTCTG-1
GRCh38,GCAAAGGTCGTGGCCA-1
GRCh38,GCAAAGTAGACCCCAG-1
GRCh38,GCAAAGTAGAGCGGTA-1
GRCh38,GCAAAGTAGATAAGTG-1
GRCh38,GCAAAGTAGCAACGAG-1
GRCh38,GCAAAGTAGGCAACAG-1
GRCh38,GCAAAGTAGGCATCAC-1
GRCh38,GCAAAGTAGGCGTCAT-1
GRCh38,GCAAAGTAGGTTGGAG-1
GRCh38,GCAACAGAGAACGATA-1
GRCh38,GCAACAGAGACAACCC-1
GRCh38,GCAACAGAGACCACGT-1
GRCh38,GCAACAGAGAGACGAT-1
GRCh38,GCAACAGAGAGCTTTG-1
GRCh38,GCAACAGAGATTGTGT-1
GRCh38,GCAACAGAGCATCGAC-1
GRCh38,GCAACAGAGCGACGTT-1
GRCh38,GCAACAGAGCGTTGCG-1
GRCh38,GCAACAGAGCTTAAGT-1
GRCh38,GCAACAGAGGCCATCG-1
GRCh38,GCAACAGAGGCGTCCA-1
GRCh38,GCAACAGAGGCTTCAA-1
GRCh38,GCAACAGAGGGTGTTC-1
GRCh38,GCAACCCCAACGGACG-1
GRCh38,GCAACCCCACAACGCC-1
GRCh38,GCAACCCCACACTTAA-1
GRCh38,GCAACCCCACAGCACC-1
GRCh38,GCAACCCCACCTTCTA-1
GRCh38,GCAACCCCACGGTCGT-1
GRCh38,GCAACCCCACTCCTTA-1
GRCh38,GCAACCCCACTCGAGC-1
GRCh38,GCAACCCCAGCAACTT-1
GRCh38,GCAACCCCAGCACGCT-1
GRCh38,GCAACCCCAGTACGCC-1
GRCh38,GCAACGAAGACTTCAG-1
GRCh38,GCAACGAAGAGTTTAC-1
GRCh38,GCAACGAAGATCCCAA-1
GRCh38,GCAACGAAGCGTACAC-1
GRCh38,GCAACGAAGCTCGAAC-1
GRCh38,GCAACGAAGGCAAGGC-1
GRCh38,GCAACGAAGGCTCATA-1
GRCh38,GCAACGAAGGGTACAG-1
GRCh38,GCAACGAAGGGTTTCA-1
GRCh38,GCAACGAAGGTAGACG-1
GRCh38,GCAACGAAGGTAGGCA-1
GRCh38,GCAACGAAGGTTATCG-1
GRCh38,GCAACGGCAAACCTTA-1
GRCh38,GCAACGGCAATTACCA-1
GRCh38,GCAACGGCACAACGAA-1
GRCh38,GCAACGGCACACCCAA-1
GRCh38,GCAACGGCACACTGCA-1
GRCh38,GCAACGGCACATGATC-1
GRCh38,GCAACGGCAGTACGGG-1
GRCh38,GCAACGTTCACACCTT-1
GRCh38,GCAACGTTCAGTGGCT-1
GRCh38,GCAACGTTCATCCTTA-1
GRCh38,GCAACGTTCCCCACGT-1
GRCh38,GCAACGTTCCCTGACC-1
GRCh38,GCAACGTTCCGCCTAC-1
GRCh38,GCAACGTTCCGCTCTA-1
GRCh38,GCAACGTTCCGTCATT-1
GRCh38,GCAACGTTCGTTGACA-1
GRCh38,GCAACTATCAAACCTG-1
GRCh38,GCAACTATCAAGGCTC-1
GRCh38,GCAACTATCAGGGACA-1
GRCh38,GCAACTATCATGTTAA-1
GRCh38,GCAACTATCCAAATGT-1
GRCh38,GCAACTATCCAGGATC-1
GRCh38,GCAACTATCCATACCT-1
GRCh38,GCAACTATCCCTTAGT-1
GRCh38,GCAACTATCCGTCGCT-1
GRCh38,GCAACTATCGTGCATA-1
GRCh38,GCAACTTCAAAGTTCC-1
GRCh38,GCAACTTCAAGACGAC-1
GRCh38,GCAACTTCAAGCAGTA-1
GRCh38,GCAACTTCAATAGCCT-1
GRCh38,GCAACTTCACAGCATT-1
GRCh38,GCAACTTCACGGTGCT-1
GRCh38,GCAACTTCACTACATA-1
GRCh38,GCAACTTCAGTACGAA-1
GRCh38,GCAACTTCAGTAGGCG-1
GRCh38,GCAAGACCAACAGCGG-1
GRCh38,GCAAGACCAAGTAAAC-1
GRCh38,GCAAGACCACATATCA-1
GRCh38,GCAAGACCACCCAAGC-1
GRCh38,GCAAGACCACGAAGTA-1
GRCh38,GCAAGACCACTAAGCT-1
GRCh38,GCAAGACCAGGTTGCC-1
GRCh38,GCAAGACCAGTATACC-1
GRCh38,GCAAGACCAGTGTAAG-1
GRCh38,GCAAGCAAGACATGGG-1
GRCh38,GCAAGCAAGATCTTGG-1
GRCh38,GCAAGCAAGATGCTCA-1
GRCh38,GCAAGCAAGCACCATA-1
GRCh38,GCAAGCAAGCACCTTT-1
GRCh38,GCAAGCAAGCACTAGC-1
GRCh38,GCAAGCAAGCATAGCC-1
GRCh38,GCAAGCAAGCGAACAG-1
GRCh38,GCAAGCAAGCGTACAC-1
GRCh38,GCAAGCAAGGCAGGGT-1
GRCh38,GCAAGCAAGGGGTAAT-1
GRCh38,GCAAGCCGTAATCAGC-1
GRCh38,GCAAGCCGTATCCGAG-1
GRCh38,GCAAGCCGTCATGCAG-1
GRCh38,GCAAGCCGTGTCGCTT-1
GRCh38,GCAAGCCGTGTGCCCC-1
GRCh38,GCAAGCTTCAACTCTC-1
GRCh38,GCAAGCTTCACGGGTT-1
GRCh38,GCAAGCTTCATAGTCG-1
GRCh38,GCAAGCTTCCCAGTAA-1
GRCh38,GCAAGCTTCCTTGTCG-1
GRCh38,GCAAGCTTCGCCACTC-1
GRCh38,GCAAGCTTCGGAGTCT-1
GRCh38,GCAAGCTTCGGTTCCC-1
GRCh38,GCAAGGCAGAAGCCAG-1
GRCh38,GCAAGGCAGACAAGTA-1
GRCh38,GCAAGGCAGACTGATT-1
GRCh38,GCAAGGCAGACTGCGT-1
GRCh38,GCAAGGCAGACTTACG-1
GRCh38,GCAAGGCAGATCCACA-1
GRCh38,GCAAGGCAGATGTGTT-1
GRCh38,GCAAGGCAGCCGTGAT-1
GRCh38,GCAAGGCAGCCTTCAT-1
GRCh38,GCAAGGCAGGGGGTAC-1
GRCh38,GCAAGGCAGGGGTTAG-1
GRCh38,GCAAGGCAGGGTTGTC-1
GRCh38,GCAAGGCAGGTAGTAA-1
GRCh38,GCAAGGCAGGTATGTT-1
GRCh38,GCAAGGCAGGTCCCGA-1
GRCh38,GCAAGGGGTACGAAAG-1
GRCh38,GCAAGGGGTAGCGTCA-1
GRCh38,GCAAGGGGTAGGAGGT-1
GRCh38,GCAAGGGGTCTACAGG-1
GRCh38,GCAAGGGGTGTTCTCA-1
GRCh38,GCAAGTCTCAACCTCT-1
GRCh38,GCAAGTCTCACAGACC-1
GRCh38,GCAAGTCTCAGCCATA-1
GRCh38,GCAAGTCTCATGGTCA-1
GRCh38,GCAAGTCTCCAGCAAC-1
GRCh38,GCAAGTCTCCATCTGT-1
GRCh38,GCAAGTCTCCTCTCCT-1
GRCh38,GCAAGTCTCCTGTCAT-1
GRCh38,GCAAGTCTCGCGCCTT-1
GRCh38,GCAAGTCTCGGAAACG-1
GRCh38,GCAATAGCAAAAGGGG-1
GRCh38,GCAATAGCAAAGGACC-1
GRCh38,GCAATAGCAAATACAA-1
GRCh38,GCAATAGCAAATCCCG-1
GRCh38,GCAATAGCAACATGCT-1
GRCh38,GCAATAGCAAGTTGAG-1
GRCh38,GCAATAGCAATGCTTA-1
GRCh38,GCAATAGCACAGCATT-1
GRCh38,GCAATAGCAGGACACG-1
GRCh38,GCAATAGCAGTGTTCG-1
GRCh38,GCAATAGCAGTTACTA-1
GRCh38,GCAATATTCACATTCC-1
GRCh38,GCAATATTCAGTTAGT-1
GRCh38,GCAATATTCATCTCTA-1
GRCh38,GCAATATTCCCGGGTA-1
GRCh38,GCAATATTCCTCCTCT-1
GRCh38,GCAATATTCGTCTCGC-1
GRCh38,GCAATCCAGAACGTGG-1
GRCh38,GCAATCCAGAGAAGCT-1
GRCh38,GCAATCCAGATGAGGT-1
GRCh38,GCAATCCAGCACCTCC-1
GRCh38,GCAATCCAGCGATGAG-1
GRCh38,GCAATCCAGCGCATCG-1
GRCh38,GCAATCCAGCTAGCGT-1
GRCh38,GCAATCCAGGGACACA-1
GRCh38,GCAATCGGTAATGGAG-1
GRCh38,GCAATCGGTACAAGTC-1
GRCh38,GCAATCGGTATCATGA-1
GRCh38,GCAATCGGTATTGCGG-1
GRCh38,GCAATCGGTCCTTGTA-1
GRCh38,GCAATCGGTCGCCTAT-1
GRCh38,GCAATCGGTGGCTTCT-1
GRCh38,GCAATCGGTGGGTCTA-1
GRCh38,GCAATCGGTGGTATTA-1
GRCh38,GCAATCGGTGTGGCGT-1
GRCh38,GCAATCGGTGTGGGCT-1
GRCh38,GCAATCTCAAAAGGAA-1
GRCh38,GCAATCTCAAACCACT-1
GRCh38,GCAATCTCAAACCGAA-1
GRCh38,GCAATCTCAAACCTTA-1
GRCh38,GCAATCTCACAAGCCC-1
GRCh38,GCAATCTCACTTATCT-1
GRCh38,GCAATCTCACTTCGAG-1
GRCh38,GCAATCTCAGCTATTA-1
GRCh38,GCAATCTCAGTAGCCC-1
GRCh38,GCAATGTGTACCCATC-1
GRCh38,GCAATGTGTCAATTCT-1
GRCh38,GCAATGTGTCACATGG-1
GRCh38,GCAATGTGTGCGAGAG-1
GRCh38,GCAATGTGTGGATAAG-1
GRCh38,GCAATGTGTGGATTCG-1
GRCh38,GCAATGTGTGGGTTCA-1
GRCh38,GCAATTGTCAGGCTGT-1
GRCh38,GCAATTGTCAGTAATC-1
GRCh38,GCAATTGTCCACCCAC-1
GRCh38,GCAATTGTCCATCGCC-1
GRCh38,GCAATTGTCCGAGTGT-1
GRCh38,GCAATTGTCCGCTCTA-1
GRCh38,GCAATTGTCCTCCTCT-1
GRCh38,GCAATTGTCGCTGGCA-1
GRCh38,GCAATTGTCGGTATGC-1
GRCh38,GCAATTGTCGTACATG-1
GRCh38,GCAATTGTCGTCTTCG-1
GRCh38,GCAATTTAGACTGTTG-1
GRCh38,GCAATTTAGACTTTGG-1
GRCh38,GCAATTTAGATGCGGA-1
GRCh38,GCAATTTAGCAAGGCA-1
GRCh38,GCAATTTAGCACCGCA-1
GRCh38,GCAATTTAGCATCAAT-1
GRCh38,GCAATTTAGCATCTAG-1
GRCh38,GCAATTTAGCCTGACG-1
GRCh38,GCAATTTAGCGTATTG-1
GRCh38,GCAATTTAGGCCATGT-1
GRCh38,GCAATTTAGGGACATG-1
GRCh38,GCAATTTAGGTATGGG-1
GRCh38,GCAATTTAGGTCCAAC-1
GRCh38,GCACAACTCAACAGCC-1
GRCh38,GCACAACTCAGCTAAT-1
GRCh38,GCACAACTCCGCAATA-1
GRCh38,GCACAACTCCTGCAAA-1
GRCh38,GCACAACTCGCGAAAG-1
GRCh38,GCACAACTCGGTTAGC-1
GRCh38,GCACAAGAGACGAGGC-1
GRCh38,GCACAAGAGAGTGGGC-1
GRCh38,GCACAAGAGATAAGTG-1
GRCh38,GCACAAGAGCACAAGG-1
GRCh38,GCACAAGAGCACCATA-1
GRCh38,GCACAAGAGCCACTAA-1
GRCh38,GCACAAGAGGTAGTGG-1
GRCh38,GCACAAGAGGTCCGAT-1
GRCh38,GCACAAGAGGTGCTAC-1
GRCh38,GCACACCCAAGGGCAT-1
GRCh38,GCACACCCAAGTGGCG-1
GRCh38,GCACACCCACAAATGG-1
GRCh38,GCACACCCACCGGACT-1
GRCh38,GCACACCCACTATACA-1
GRCh38,GCACACCCAGGACATA-1
GRCh38,GCACACCCAGTATACC-1
GRCh38,GCACACCCAGTCCGTA-1
GRCh38,GCACACCCAGTCTATA-1
GRCh38,GCACAGCGTACCATCC-1
GRCh38,GCACAGCGTCAACCCT-1
GRCh38,GCACAGCGTCCATCCG-1
GRCh38,GCACAGCGTGCTTAGG-1
GRCh38,GCACAGCGTGGAATCT-1
GRCh38,GCACAGCGTGTACGTG-1
GRCh38,GCACAGCGTGTTACCC-1
GRCh38,GCACCATAGAACGACG-1
GRCh38,GCACCATAGAAGGTTA-1
GRCh38,GCACCATAGAATATCC-1
GRCh38,GCACCATAGACCCCGA-1
GRCh38,GCACCATAGACCTACA-1
GRCh38,GCACCATAGCACTGTA-1
GRCh38,GCACCATAGCATCTTC-1
GRCh38,GCACCATAGCCTTAAG-1
GRCh38,GCACCATAGCGACAGA-1
GRCh38,GCACCATAGGCTTACA-1
GRCh38,GCACCATAGGGCCTTG-1
GRCh38,GCACCATAGGTATGGG-1
GRCh38,GCACCATAGGTCATGC-1
GRCh38,GCACCATAGGTCCAGT-1
GRCh38,GCACCCAAGAACTTCG-1
GRCh38,GCACCCAAGAAGGCAT-1
GRCh38,GCACCCAAGAGAGAGA-1
GRCh38,GCACCCAAGAGCCTGT-1
GRCh38,GCACCCAAGAGCGGTA-1
GRCh38,GCACCCAAGCCTAGAC-1
GRCh38,GCACCCAAGCTTGGCG-1
GRCh38,GCACCCAAGGCTTACA-1
GRCh38,GCACCCAAGGGGTAGC-1
GRCh38,GCACCCTTCACAACTG-1
GRCh38,GCACCCTTCACTAACG-1
GRCh38,GCACCCTTCACTTGCT-1
GRCh38,GCACCCTTCAGGGGTA-1
GRCh38,GCACCCTTCATCAGGC-1
GRCh38,GCACCCTTCCCTACCA-1
GRCh38,GCACCCTTCCTATTGC-1
GRCh38,GCACCCTTCGTCCTAT-1
GRCh38,GCACCTACAAACACTC-1
GRCh38,GCACCTACAAACTCTA-1
GRCh38,GCACCTACAACCAAGA-1
GRCh38,GCACCTACAAGGGCAT-1
GRCh38,GCACCTACAATCACGT-1
GRCh38,GCACCTACAATTCAGC-1
GRCh38,GCACCTACACAATAGG-1
GRCh38,GCACCTACACACTACG-1
GRCh38,GCACCTACAGTGCGGA-1
GRCh38,GCACCTCTCAAAGGGT-1
GRCh38,GCACCTCTCACTGTCT-1
GRCh38,GCACCTCTCATAGGGG-1
GRCh38,GCACCTCTCATCGGCG-1
GRCh38,GCACCTCTCCAGGATC-1
GRCh38,GCACCTCTCCCTAGGG-1
GRCh38,GCACCTCTCCGTTCTG-1
GRCh38,GCACCTCTCCTGAACA-1
GRCh38,GCACCTCTCGTACAAT-1
GRCh38,GCACCTCTCGTAGTCA-1
GRCh38,GCACGAAAGATGTATC-1
GRCh38,GCACGAAAGCGCATCG-1
GRCh38,GCACGAAAGGGACACA-1
GRCh38,GCACGAAAGGGCTAGA-1
GRCh38,GCACGCTCAAAACCGA-1
GRCh38,GCACGCTCAAAACGGC-1
GRCh38,GCACGCTCAAACCAGA-1
GRCh38,GCACGCTCAATCGGCC-1
GRCh38,GCACGCTCACAACTCG-1
GRCh38,GCACGCTCACAGTCCA-1
GRCh38,GCACGCTCACAGTTTA-1
GRCh38,GCACGCTCACCTATAA-1
GRCh38,GCACGCTCACGCGTAC-1
GRCh38,GCACGCTCACTTCGAG-1
GRCh38,GCACGCTCAGGCTTCA-1
GRCh38,GCACGCTCAGGTTCGC-1
GRCh38,GCACGGACAAATCGAG-1
GRCh38,GCACGGACACACACGC-1
GRCh38,GCACGGACACACTGCA-1
GRCh38,GCACGGACACAGCTCA-1
GRCh38,GCACGGACAGGACCTC-1
GRCh38,GCACGGACAGGAGTTA-1
GRCh38,GCACGGACAGGTAGCG-1
GRCh38,GCACGGACAGGTATCT-1
GRCh38,GCACGGACAGTAGTAG-1
GRCh38,GCACGTAGTAACGTCG-1
GRCh38,GCACGTAGTAGAGAAT-1
GRCh38,GCACGTAGTATATCAG-1
GRCh38,GCACGTAGTATCGCAG-1
GRCh38,GCACGTAGTCCCTGAT-1
GRCh38,GCACGTAGTGGTAGTT-1
GRCh38,GCACGTAGTGTCGGGT-1
GRCh38,GCACGTAGTGTTATGA-1
GRCh38,GCACGTGTCACGCATA-1
GRCh38,GCACGTGTCACGTCCC-1
GRCh38,GCACGTGTCAGTAATC-1
GRCh38,GCACGTGTCAGTCCGG-1
GRCh38,GCACGTGTCCCACAGG-1
GRCh38,GCACGTGTCCGTAACA-1
GRCh38,GCACGTGTCCTGCATT-1
GRCh38,GCACGTGTCGTCGAGT-1
GRCh38,GCACGTTAGAAACGCG-1
GRCh38,GCACGTTAGATCGACC-1
GRCh38,GCACGTTAGGCCTCGA-1
GRCh38,GCACGTTAGGCGGTAA-1
GRCh38,GCACTAATCACGTATG-1
GRCh38,GCACTAATCACTGTTC-1
GRCh38,GCACTAATCATGCGTA-1
GRCh38,GCACTAATCCGCAATA-1
GRCh38,GCACTAATCGTGCTAA-1
GRCh38,GCACTAGGTAAGTGAG-1
GRCh38,GCACTAGGTAGGATAG-1
GRCh38,GCACTAGGTATCGCGA-1
GRCh38,GCACTAGGTCATACGG-1
GRCh38,GCACTAGGTCCAGATG-1
GRCh38,GCACTAGGTCTAGTGG-1
GRCh38,GCACTAGGTCTTGATT-1
GRCh38,GCACTAGGTGCCAAAT-1
GRCh38,GCACTAGGTGGATTGT-1
GRCh38,GCACTAGGTGGGTAGG-1
GRCh38,GCACTAGGTGTCATCC-1
GRCh38,GCACTAGGTGTGCCCC-1
GRCh38,GCACTAGGTGTGTCAG-1
GRCh38,GCACTAGGTGTGTCCT-1
GRCh38,GCACTAGGTGTGTTAA-1
GRCh38,GCACTCCTCAACCCTT-1
GRCh38,GCACTCCTCAACGCAC-1
GRCh38,GCACTCCTCAACGTGC-1
GRCh38,GCACTCCTCAGCCAAC-1
GRCh38,GCACTCCTCAGGTAAA-1
GRCh38,GCACTCCTCAGTGGCT-1
GRCh38,GCACTCCTCCCGTGTC-1
GRCh38,GCACTCCTCCCTTTCC-1
GRCh38,GCACTCCTCCGTACAA-1
GRCh38,GCACTCCTCCTCATTA-1
GRCh38,GCACTCCTCCTCCTCT-1
GRCh38,GCACTCCTCCTTATCA-1
GRCh38,GCACTCCTCGCATCAA-1
GRCh38,GCACTCCTCGCGTGTG-1
GRCh38,GCACTCCTCGCTGTAA-1
GRCh38,GCACTCCTCGCTTCTG-1
GRCh38,GCACTCCTCGGTAGCT-1
GRCh38,GCACTCCTCGTTACCT-1
GRCh38,GCACTCTGTACATATG-1
GRCh38,GCACTCTGTACGTTGG-1
GRCh38,GCACTCTGTAGGATTC-1
GRCh38,GCACTCTGTAGGGTAA-1
GRCh38,GCACTCTGTAGTCGAT-1
GRCh38,GCACTCTGTATTCTGT-1
GRCh38,GCACTCTGTCAAAGGA-1
GRCh38,GCACTCTGTCGACTAG-1
GRCh38,GCACTCTGTCGGGGTT-1
GRCh38,GCACTCTGTGGAACGG-1
GRCh38,GCAGCCTCAAAGCAAT-1
GRCh38,GCAGCCTCAACACAAG-1
GRCh38,GCAGCCTCAACTATCA-1
GRCh38,GCAGCCTCAAGCACAA-1
GRCh38,GCAGCCTCACAGCACC-1
GRCh38,GCAGCCTCACCACTAG-1
GRCh38,GCAGCCTCACTCCTAC-1
GRCh38,GCAGCCTCAGCCATAT-1
GRCh38,GCAGCCTCAGCGTCTA-1
GRCh38,GCAGCCTCAGCTACAT-1
GRCh38,GCAGCCTCAGGTAAGC-1
GRCh38,GCAGCGACAAATGCGA-1
GRCh38,GCAGCGACAACCACAT-1
GRCh38,GCAGCGACAACCTACG-1
GRCh38,GCAGCGACAACGTTCG-1
GRCh38,GCAGCGACAAGAGATT-1
GRCh38,GCAGCGACAAGCGCTC-1
GRCh38,GCAGCGACAATCATTG-1
GRCh38,GCAGCGACACAACGGG-1
GRCh38,GCAGCGACACAGCATT-1
GRCh38,GCAGCGACACGATTAC-1
GRCh38,GCAGCGACACTACGCA-1
GRCh38,GCAGCGACACTATACA-1
GRCh38,GCAGCGACACTCTCCG-1
GRCh38,GCAGCGACAGGGCAAT-1
GRCh38,GCAGCGACAGTCCATG-1
GRCh38,GCAGGATCAAACTCAC-1
GRCh38,GCAGGATCAAAGTCTC-1
GRCh38,GCAGGATCAACGAGAC-1
GRCh38,GCAGGATCAACTTTAG-1
GRCh38,GCAGGATCAATCCGGC-1
GRCh38,GCAGGATCAATTAAAG-1
GRCh38,GCAGGATCACAGGTAA-1
GRCh38,GCAGGATCACCAAATC-1
GRCh38,GCAGGATCACCAGGCT-1
GRCh38,GCAGGATCAGGAGTTA-1
GRCh38,GCAGGATCAGTTAGTC-1
GRCh38,GCAGGCACAACTATCA-1
GRCh38,GCAGGCACAAGGTAAT-1
GRCh38,GCAGGCACAAGGTTTC-1
GRCh38,GCAGGCACAAGTTAGG-1
GRCh38,GCAGGCACACAGTCGC-1
GRCh38,GCAGGCACACATCGGC-1
GRCh38,GCAGGCACACCAAGCC-1
GRCh38,GCAGGCACACGTCAGC-1
GRCh38,GCAGGCACACTCGGAC-1
GRCh38,GCAGGCACAGGGTTCC-1
GRCh38,GCAGGCACAGGTCTAT-1
GRCh38,GCAGGCACAGTATCAC-1
GRCh38,GCAGGGTAGATTATGC-1
GRCh38,GCAGGGTAGCAATGCC-1
GRCh38,GCAGGGTAGCGAGTCT-1
GRCh38,GCAGGGTAGCGGAATG-1
GRCh38,GCAGGGTAGGTGCCCA-1
GRCh38,GCAGTAACAAACCAGA-1
GRCh38,GCAGTAACAACAGGGT-1
GRCh38,GCAGTAACAAGGATAT-1
GRCh38,GCAGTAACAAGGTTAG-1
GRCh38,GCAGTAACACAAGTCT-1
GRCh38,GCAGTAACACAGCATT-1
GRCh38,GCAGTAACACCTAGCA-1
GRCh38,GCAGTAACACTAACGT-1
GRCh38,GCAGTAACAGGCGTAG-1
GRCh38,GCAGTAACAGGCTCTA-1
GRCh38,GCAGTAACAGTCCATG-1
GRCh38,GCAGTAACAGTTGGTT-1
GRCh38,GCAGTACTCACCCTGC-1
GRCh38,GCAGTACTCAGTTATA-1
GRCh38,GCAGTACTCATGTTAA-1
GRCh38,GCAGTACTCCAACAGC-1
GRCh38,GCAGTACTCCGAACAC-1
GRCh38,GCAGTACTCCTTGTCG-1
GRCh38,GCAGTACTCGGCGCTA-1
GRCh38,GCAGTACTCGTATCTC-1
GRCh38,GCAGTACTCGTGTAAT-1
GRCh38,GCAGTCAGTACAGAAG-1
GRCh38,GCAGTCAGTACGGTCA-1
GRCh38,GCAGTCAGTATCATTC-1
GRCh38,GCAGTCAGTATTATGG-1
GRCh38,GCAGTCAGTCAAGGCC-1
GRCh38,GCAGTCAGTCACTCCG-1
GRCh38,GCAGTCAGTCTAATTC-1
GRCh38,GCAGTCAGTCTGCATC-1
GRCh38,GCAGTCAGTGCGTTAG-1
GRCh38,GCAGTCAGTGGAGTAA-1
GRCh38,GCAGTGAAGACATGTT-1
GRCh38,GCAGTGAAGACGTATT-1
GRCh38,GCAGTGAAGACGTCCG-1
GRCh38,GCAGTGAAGCCTTTCG-1
GRCh38,GCAGTGAAGCTCAGTA-1
GRCh38,GCAGTGAAGCTCTGAA-1
GRCh38,GCAGTGTTCACTCGCC-1
GRCh38,GCAGTGTTCCAATACG-1
GRCh38,GCAGTGTTCCAGGTGT-1
GRCh38,GCAGTGTTCCATAAGT-1
GRCh38,GCAGTGTTCCCAATTC-1
GRCh38,GCAGTGTTCGCAACGT-1
GRCh38,GCAGTGTTCGCTGTAA-1
GRCh38,GCAGTGTTCGTCAATG-1
GRCh38,GCAGTGTTCGTCGCTC-1
GRCh38,GCATAAGCAACACAGA-1
GRCh38,GCATAAGCAATAGTAA-1
GRCh38,GCATAAGCAATCATCA-1
GRCh38,GCATAAGCACCAGACC-1
GRCh38,GCATAAGCAGCACGGA-1
GRCh38,GCATAAGCAGCGGGTA-1
GRCh38,GCATAAGCAGGTCGTC-1
GRCh38,GCATAAGCAGTACGCC-1
GRCh38,GCATAAGCAGTCGGAG-1
GRCh38,GCATAAGCAGTGTGGG-1
GRCh38,GCATAATTCAGGCTTA-1
GRCh38,GCATAATTCATGAGTT-1
GRCh38,GCATAATTCCTCAGGG-1
GRCh38,GCATAATTCGGCATTA-1
GRCh38,GCATAATTCGGCTCCT-1
GRCh38,GCATAATTCGTCAAAT-1
GRCh38,GCATAATTCGTGGCCA-1
GRCh38,GCATAATTCGTTAGGC-1
GRCh38,GCATACATCAAGCAAA-1
GRCh38,GCATACATCAAGCCTA-1
GRCh38,GCATACATCACTATCC-1
GRCh38,GCATACATCACTCTTA-1
GRCh38,GCATACATCATTATCT-1
GRCh38,GCATACATCCCACTAT-1
GRCh38,GCATACATCCGCCCAT-1
GRCh38,GCATACATCGCGTTAA-1
GRCh38,GCATACATCGGACATC-1
GRCh38,GCATACATCGTCTCTG-1
GRCh38,GCATACATCGTTGCTT-1
GRCh38,GCATACCAGAAACTAG-1
GRCh38,GCATACCAGAGTCCCG-1
GRCh38,GCATACCAGATGACGG-1
GRCh38,GCATACCAGCACCAAC-1
GRCh38,GCATACCAGCCACATA-1
GRCh38,GCATACCAGCCACTAA-1
GRCh38,GCATACCAGCGGTTCG-1
GRCh38,GCATACCAGCTGTGGT-1
GRCh38,GCATACCAGGCAATCC-1
GRCh38,GCATACCAGGCATCCG-1
GRCh38,GCATACCAGGCGGTAA-1
GRCh38,GCATACCAGGCTCGAT-1
GRCh38,GCATACCAGGTTAGTT-1
GRCh38,GCATAGACAAAGTATA-1
GRCh38,GCATAGACAACAGCGG-1
GRCh38,GCATAGACAACGATAG-1
GRCh38,GCATAGACAACGTACT-1
GRCh38,GCATAGACAAGCGCTC-1
GRCh38,GCATAGACACAACATC-1
GRCh38,GCATAGACACAACCCA-1
GRCh38,GCATAGACACAACGGG-1
GRCh38,GCATAGACACCTCTCG-1
GRCh38,GCATAGACACGGTGCT-1
GRCh38,GCATAGACAGGACAAC-1
GRCh38,GCATAGACAGGTTACT-1
GRCh38,GCATAGCTCACACACA-1
GRCh38,GCATAGCTCATAACAC-1
GRCh38,GCATAGCTCCAAGACC-1
GRCh38,GCATAGCTCCATATCC-1
GRCh38,GCATAGCTCCCTAAAG-1
GRCh38,GCATAGCTCCGATGGT-1
GRCh38,GCATAGCTCCGTAACA-1
GRCh38,GCATAGCTCGCAGTGT-1
GRCh38,GCATAGCTCGCCATGG-1
GRCh38,GCATAGCTCGCTATAG-1
GRCh38,GCATAGCTCGCTATCT-1
GRCh38,GCATAGGAGAAACGCG-1
GRCh38,GCATAGGAGACGGGGT-1
GRCh38,GCATAGGAGAGGGTGC-1
GRCh38,GCATAGGAGAGTACGG-1
GRCh38,GCATAGGAGAGTCGTC-1
GRCh38,GCATAGGAGATTCACG-1
GRCh38,GCATAGGAGCAAAGGT-1
GRCh38,GCATAGGAGCAACAGG-1
GRCh38,GCATAGGAGCACTCAA-1
GRCh38,GCATAGGAGCGATTCA-1
GRCh38,GCATAGGAGCGTACAC-1
GRCh38,GCATAGGAGCTTAAGT-1
GRCh38,GCATAGGAGGCCTCGA-1
GRCh38,GCATAGGAGGGAGAGG-1
GRCh38,GCATAGGAGGGGACGT-1
GRCh38,GCATAGTGTAATTGTG-1
GRCh38,GCATAGTGTAGGAAAT-1
GRCh38,GCATAGTGTAGGCATT-1
GRCh38,GCATAGTGTATACCCC-1
GRCh38,GCATAGTGTCATCATT-1
GRCh38,GCATAGTGTCCATAGG-1
GRCh38,GCATAGTGTCCATTTG-1
GRCh38,GCATAGTGTCTGTGAG-1
GRCh38,GCATAGTGTGCCTCGC-1
GRCh38,GCATCAATCAATGCGC-1
GRCh38,GCATCAATCACAGCGT-1
GRCh38,GCATCAATCACATATA-1
GRCh38,GCATCAATCACCTCTG-1
GRCh38,GCATCAATCAGTGAAA-1
GRCh38,GCATCAATCCCTGACC-1
GRCh38,GCATCAATCCGGAAAG-1
GRCh38,GCATCAATCGCGTCAG-1
GRCh38,GCATCAATCGTCAATG-1
GRCh38,GCATCACAGAAGCATA-1
GRCh38,GCATCACAGAATTACC-1
GRCh38,GCATCACAGATAAGTG-1
GRCh38,GCATCACAGCAAGGCA-1
GRCh38,GCATCACAGCACTATG-1
GRCh38,GCATCACAGCCATCAA-1
GRCh38,GCATCACAGCTGTAGC-1
GRCh38,GCATCACAGCTTGTCT-1
GRCh38,GCATCACAGGCAAAGT-1
GRCh38,GCATCACAGGCTAGAG-1
GRCh38,GCATCACAGGGGTAGC-1
GRCh38,GCATCACAGGTTGGAG-1
GRCh38,GCATCAGGTAACGCCA-1
GRCh38,GCATCAGGTACCTGTC-1
GRCh38,GCATCAGGTATCAGGT-1
GRCh38,GCATCAGGTCGACTAG-1
GRCh38,GCATCATCAAAGCTAG-1
GRCh38,GCATCATCAACCATCG-1
GRCh38,GCATCATCAAGAGATT-1
GRCh38,GCATCATCAAGCCGTC-1
GRCh38,GCATCATCAAGGCCGA-1
GRCh38,GCATCATCAAGGGCAT-1
GRCh38,GCATCATCAATGACCT-1
GRCh38,GCATCATCACAAATCC-1
GRCh38,GCATCATCACCCAAAT-1
GRCh38,GCATCATCACCCTAAG-1
GRCh38,GCATCATCACCCTAGA-1
GRCh38,GCATCATCACCTAGAT-1
GRCh38,GCATCATCACGGGGTA-1
GRCh38,GCATCATCAGCAACTT-1
GRCh38,GCATCATCAGCCTCTT-1
GRCh38,GCATCATCAGGTTAGA-1
GRCh38,GCATCATCAGTATTAT-1
GRCh38,GCATCCACAAAACCTC-1
GRCh38,GCATCCACAAAAGGCC-1
GRCh38,GCATCCACAAGCGCTC-1
GRCh38,GCATCCACAATATTAC-1
GRCh38,GCATCCACAGCTAACT-1
GRCh38,GCATCCACAGCTAGGG-1
GRCh38,GCATCCACAGCTATTA-1
GRCh38,GCATCCGAGAGCCGTT-1
GRCh38,GCATCCGAGCGGAATG-1
GRCh38,GCATCCGAGCGTCAAC-1
GRCh38,GCATCCGAGCTAGCGT-1
GRCh38,GCATCCGAGGCAAAGT-1
GRCh38,GCATCCGAGGCAGTGA-1
GRCh38,GCATCCGAGGCTCACG-1
GRCh38,GCATCCGAGGTGTATT-1
GRCh38,GCATCGCCAAACCGGG-1
GRCh38,GCATCGCCAAATCTCA-1
GRCh38,GCATCGCCAACAACCT-1
GRCh38,GCATCGCCAACTCATA-1
GRCh38,GCATCGCCAAGGACTA-1
GRCh38,GCATCGCCAATTAAGA-1
GRCh38,GCATCGCCACACAAGA-1
GRCh38,GCATCGCCACATATGC-1
GRCh38,GCATCGCCACCCAACA-1
GRCh38,GCATCGCCACCTACCT-1
GRCh38,GCATCGCCAGCTTAGT-1
GRCh38,GCATCGCCAGGCGTTC-1
GRCh38,GCATCGCCAGTTAGCT-1
GRCh38,GCATCGGTCATGGTTG-1
GRCh38,GCATCGGTCATTGCTC-1
GRCh38,GCATCGGTCCATCTGT-1
GRCh38,GCATCGGTCCCAGCCT-1
GRCh38,GCATCGGTCGCCTGCT-1
GRCh38,GCATCGGTCGCGGATT-1
GRCh38,GCATCGGTCGTGCTCC-1
GRCh38,GCATCGTAGACAGAAC-1
GRCh38,GCATCGTAGCAATGGG-1
GRCh38,GCATCGTAGCACGAAG-1
GRCh38,GCATCGTAGCCCATTT-1
GRCh38,GCATCGTAGCTGTGGT-1
GRCh38,GCATCGTAGGGGTTTC-1
GRCh38,GCATCGTAGGTTGTGC-1
GRCh38,GCATGAACAACACAAG-1
GRCh38,GCATGAACAACATCAC-1
GRCh38,GCATGAACAAGACGTA-1
GRCh38,GCATGAACAATCAGGA-1
GRCh38,GCATGAACAATCCCGA-1
GRCh38,GCATGAACACTTCTCA-1
GRCh38,GCATGAACAGCTAACT-1
GRCh38,GCATGAACAGTACGCC-1
GRCh38,GCATGAACAGTTCACG-1
GRCh38,GCATGCCCAAATTTCG-1
GRCh38,GCATGCCCAACAATTT-1
GRCh38,GCATGCCCAACATAGG-1
GRCh38,GCATGCCCAACCAACT-1
GRCh38,GCATGCCCAAGCTGGG-1
GRCh38,GCATGCCCACAAGCGG-1
GRCh38,GCATGCCCACTAAGGA-1
GRCh38,GCATGCCCACTTAACA-1
GRCh38,GCATGCCCAGCGGTCT-1
GRCh38,GCATGGAAGACGCCCA-1
GRCh38,GCATGGAAGCCATTTC-1
GRCh38,GCATGGAAGCTACGTA-1
GRCh38,GCATGGAAGGTCCGAT-1
GRCh38,GCATGGCGTACTATGA-1
GRCh38,GCATGGCGTATGAGAG-1
GRCh38,GCATGGCGTATTGGTA-1
GRCh38,GCATGGCGTCCAACCT-1
GRCh38,GCATGGCGTCCGTAAG-1
GRCh38,GCATGGCGTCCTCTCC-1
GRCh38,GCATGGCGTCGCTCGC-1
GRCh38,GCATGGCGTCTAATGA-1
GRCh38,GCATGGCGTCTGTTGC-1
GRCh38,GCATGGCGTGCCTTTA-1
GRCh38,GCATGGCGTGGAGCTC-1
GRCh38,GCATGGCGTGGTTGGC-1
GRCh38,GCATGGGCAACAGTCT-1
GRCh38,GCATGGGCAAGTGGGT-1
GRCh38,GCATGGGCACCGACAC-1
GRCh38,GCATGGGCACTCGCAA-1
GRCh38,GCATGGGCAGGAAGCT-1
GRCh38,GCATGGGCAGGACCGA-1
GRCh38,GCATGGGCAGTCACGC-1
GRCh38,GCATGGTTCACCATCT-1
GRCh38,GCATGGTTCACTAATA-1
GRCh38,GCATGGTTCAGACGCT-1
GRCh38,GCATGGTTCAGGGTCT-1
GRCh38,GCATGGTTCATACTCC-1
GRCh38,GCATGGTTCATTACTT-1
GRCh38,GCATGGTTCCAAATGT-1
GRCh38,GCATGGTTCCACCAAA-1
GRCh38,GCATGGTTCCACGAGT-1
GRCh38,GCATGGTTCCCGGTTC-1
GRCh38,GCATGGTTCCCTCTAG-1
GRCh38,GCATGGTTCCGATACA-1
GRCh38,GCATGGTTCCGGCGTA-1
GRCh38,GCATGGTTCGGAAAGT-1
GRCh38,GCATGGTTCGTATCGA-1
GRCh38,GCATGGTTCGTCGAAC-1
GRCh38,GCATTACCAACAAGAT-1
GRCh38,GCATTACCAAGCGTAA-1
GRCh38,GCATTACCAAGGACAC-1
GRCh38,GCATTACCAATGCAGA-1
GRCh38,GCATTACCACCCAGAC-1
GRCh38,GCATTACCACGCGTTA-1
GRCh38,GCATTACCAGCAACCC-1
GRCh38,GCATTACCAGTACGGG-1
GRCh38,GCATTAGTCAGGCCAT-1
GRCh38,GCATTAGTCATACGCA-1
GRCh38,GCATTAGTCATCTCTA-1
GRCh38,GCATTAGTCCCAAATG-1
GRCh38,GCATTAGTCCGTATTC-1
GRCh38,GCATTAGTCGCACCTC-1
GRCh38,GCATTCAAGAACTAGA-1
GRCh38,GCATTCAAGAGAGGTT-1
GRCh38,GCATTCAAGAGCCGAA-1
GRCh38,GCATTCAAGAGGACCA-1
GRCh38,GCATTCAAGAGTGATA-1
GRCh38,GCATTCAAGAGTTGGG-1
GRCh38,GCATTCAAGATCTCGA-1
GRCh38,GCATTCAAGCAAGGCA-1
GRCh38,GCATTCAAGCCCAGCA-1
GRCh38,GCATTCAAGCGCAGTT-1
GRCh38,GCATTCAAGCGTGTCG-1
GRCh38,GCATTCAAGCGTTCAA-1
GRCh38,GCATTCAAGCTAAGCC-1
GRCh38,GCATTCAAGCTAGCCG-1
GRCh38,GCATTCAAGCTAGGTC-1
GRCh38,GCATTCAAGGTACGTC-1
GRCh38,GCATTCAAGGTAGAGT-1
GRCh38,GCATTCCGTACGCGCG-1
GRCh38,GCATTCCGTACTTCGC-1
GRCh38,GCATTCCGTACTTGGG-1
GRCh38,GCATTCCGTCACACTC-1
GRCh38,GCATTCCGTCCGGTAA-1
GRCh38,GCATTCCGTCCTTATG-1
GRCh38,GCATTCCGTCGCCGTC-1
GRCh38,GCATTCCGTCTCGCCA-1
GRCh38,GCATTCCGTGTTGGAT-1
GRCh38,GCATTCGCAATGTGAG-1
GRCh38,GCATTCGCACCAGACC-1
GRCh38,GCATTCGCACCAGAGG-1
GRCh38,GCATTCGCACGGCACT-1
GRCh38,GCATTCGCACGTCGTA-1
GRCh38,GCATTCGCACGTTTCC-1
GRCh38,GCATTCGCAGCAAGAC-1
GRCh38,GCATTCGCAGTACGCC-1
GRCh38,GCATTGGGTAATGGGA-1
GRCh38,GCATTGGGTACTACGG-1
GRCh38,GCATTGGGTACTTCGC-1
GRCh38,GCATTGGGTAGCTGGC-1
GRCh38,GCATTGGGTATCGCAG-1
GRCh38,GCATTGGGTATCGCTC-1
GRCh38,GCATTGGGTCTTAGCC-1
GRCh38,GCATTGGGTGGTTGGC-1
GRCh38,GCATTGGGTGTGCGTA-1
GRCh38,GCATTGGGTGTGGCGT-1
GRCh38,GCATTTACAAAGTCTC-1
GRCh38,GCATTTACAAGAGGGA-1
GRCh38,GCATTTACAATGCGGG-1
GRCh38,GCATTTACAATGCTAC-1
GRCh38,GCATTTACACAATCAC-1
GRCh38,GCATTTACAGTGCACC-1
GRCh38,GCCAAATGTAAGCCCA-1
GRCh38,GCCAAATGTACTGCGA-1
GRCh38,GCCAAATGTAGTAAGG-1
GRCh38,GCCAAATGTAGTCCGA-1
GRCh38,GCCAAATGTATCCGCT-1
GRCh38,GCCAAATGTATCTGTT-1
GRCh38,GCCAAATGTCAGCAAT-1
GRCh38,GCCAAATGTCAGGCGT-1
GRCh38,GCCAAATGTCCAACGA-1
GRCh38,GCCAAATGTCGGCTGG-1
GRCh38,GCCAAATGTGCCCATT-1
GRCh38,GCCAAATGTGTTCTCA-1
GRCh38,GCCAACCCAAACGAGC-1
GRCh38,GCCAACCCAAACGTTC-1
GRCh38,GCCAACCCAACCCGAC-1
GRCh38,GCCAACCCAAGTATAA-1
GRCh38,GCCAACCCAATACGTC-1
GRCh38,GCCAACCCACCCAGTA-1
GRCh38,GCCAACCCACCCTAGA-1
GRCh38,GCCAACCCACCGTCAA-1
GRCh38,GCCAACCCACTAATCA-1
GRCh38,GCCAACCCACTTAGCG-1
GRCh38,GCCAACCCAGGAATCA-1
GRCh38,GCCAACCCAGGACAAC-1
GRCh38,GCCAACCCAGGCATAA-1
GRCh38,GCCAAGGCAAGACGAC-1
GRCh38,GCCAAGGCAAGGAGGA-1
GRCh38,GCCAAGGCACAATGTC-1
GRCh38,GCCAAGGCACCATAAC-1
GRCh38,GCCAAGGCACCATCGA-1
GRCh38,GCCAAGGCACCTCTTA-1
GRCh38,GCCAAGGCACCTTTCA-1
GRCh38,GCCAAGGCACGATGGG-1
GRCh38,GCCAATATCACCTTAC-1
GRCh38,GCCAATATCACTAACG-1
GRCh38,GCCAATATCACTCCCA-1
GRCh38,GCCAATATCCAGCAGT-1
GRCh38,GCCAATATCCCTATGT-1
GRCh38,GCCAATATCCTATCCG-1
GRCh38,GCCAATATCGGGTTAC-1
GRCh38,GCCAATATCGTACGGT-1
GRCh38,GCCAATTCAAACGAGC-1
GRCh38,GCCAATTCAACAATGG-1
GRCh38,GCCAATTCAACCCGAC-1
GRCh38,GCCAATTCAACTCGCA-1
GRCh38,GCCAATTCAACTGCCA-1
GRCh38,GCCAATTCACAGCATT-1
GRCh38,GCCAATTCACGATAGA-1
GRCh38,GCCAATTCACGATGGG-1
GRCh38,GCCAATTCAGTTGCGC-1
GRCh38,GCCACATAGAAGGCTG-1
GRCh38,GCCACATAGACCCCAG-1
GRCh38,GCCACATAGAGCTTAT-1
GRCh38,GCCACATAGCATCTTC-1
GRCh38,GCCACATAGCCCAAGT-1
GRCh38,GCCACATAGCCTTGCC-1
GRCh38,GCCACATAGCGTGTCG-1
GRCh38,GCCACATAGGTAACCC-1
GRCh38,GCCACTACAACACAGA-1
GRCh38,GCCACTACAAGAATAC-1
GRCh38,GCCACTACAATTCATG-1
GRCh38,GCCACTACAGCCACTA-1
GRCh38,GCCACTACAGCTAGGG-1
GRCh38,GCCACTACAGGGTGCA-1
GRCh38,GCCACTACAGTGCTCA-1
GRCh38,GCCACTACAGTGGCAG-1
GRCh38,GCCACTCTCAATCTGG-1
GRCh38,GCCACTCTCAGGTAAA-1
GRCh38,GCCACTCTCCATATGG-1
GRCh38,GCCACTCTCCATCGGG-1
GRCh38,GCCACTCTCCCTAAAG-1
GRCh38,GCCACTCTCCTAGTTC-1
GRCh38,GCCACTCTCCTCATTA-1
GRCh38,GCCACTCTCGCTTCAT-1
GRCh38,GCCACTCTCGGCAATC-1
GRCh38,GCCACTCTCGGCGTCA-1
GRCh38,GCCACTTGTAACGCCA-1
GRCh38,GCCACTTGTAGCAGGG-1
GRCh38,GCCACTTGTAGCGGTC-1
GRCh38,GCCACTTGTATCTCGC-1
GRCh38,GCCACTTGTCAGTAGT-1
GRCh38,GCCACTTGTCTAAGTA-1
GRCh38,GCCACTTGTCTTAGCC-1
GRCh38,GCCACTTGTGGCATTG-1
GRCh38,GCCACTTGTGTTAGTA-1
GRCh38,GCCATAATCAGTGATT-1
GRCh38,GCCATAATCAGTGGTC-1
GRCh38,GCCATAATCCCATTCG-1
GRCh38,GCCATAATCCGGTCAG-1
GRCh38,GCCATAATCGCAAAGG-1
GRCh38,GCCATAATCGGTCCCT-1
GRCh38,GCCATAATCGTTACCT-1
GRCh38,GCCATACAGAAACGGT-1
GRCh38,GCCATACAGAACCCCG-1
GRCh38,GCCATACAGAGCAAGT-1
GRCh38,GCCATACAGCTCGTGG-1
GRCh38,GCCATACAGGCAACAG-1
GRCh38,GCCATACAGGCATACC-1
GRCh38,GCCATACAGGCTAGAG-1
GRCh38,GCCATAGGTACGAAAG-1
GRCh38,GCCATAGGTAGCGTTG-1
GRCh38,GCCATAGGTATGCCTC-1
GRCh38,GCCATAGGTCACAGCA-1
GRCh38,GCCATAGGTCATCTTG-1
GRCh38,GCCATAGGTCCTAATT-1
GRCh38,GCCATAGGTCGACTCT-1
GRCh38,GCCATAGGTCGAGGAG-1
GRCh38,GCCATAGGTCTCATTG-1
GRCh38,GCCATAGGTGCGGAGA-1
GRCh38,GCCATAGGTGCTAGGC-1
GRCh38,GCCATATCAACGTCCA-1
GRCh38,GCCATATCAAGAGACC-1
GRCh38,GCCATATCAATGGGGT-1
GRCh38,GCCATATCAATTACCA-1
GRCh38,GCCATATCACATCTCC-1
GRCh38,GCCATATCACCGCAGT-1
GRCh38,GCCATATCACGATGTT-1
GRCh38,GCCATATCAGCAATCT-1
GRCh38,GCCATATCAGGAAAGG-1
GRCh38,GCCATATCAGGCGTAG-1
GRCh38,GCCATCGAGAACGAAC-1
GRCh38,GCCATCGAGAATTACC-1
GRCh38,GCCATCGAGACCTTAG-1
GRCh38,GCCATCGAGACGCGAA-1
GRCh38,GCCATCGAGACTCCAA-1
GRCh38,GCCATCGAGCGTTACA-1
GRCh38,GCCATCGAGGTACGTC-1
GRCh38,GCCATGGTCACGTCGG-1
GRCh38,GCCATGGTCACTTTCA-1
GRCh38,GCCATGGTCAGTGGTC-1
GRCh38,GCCATGGTCCCTGCTA-1
GRCh38,GCCATGGTCCTGGCTC-1
GRCh38,GCCATGGTCGCGGTAT-1
GRCh38,GCCATGGTCGCTCCTA-1
GRCh38,GCCATGGTCGCTTTAC-1
GRCh38,GCCATGGTCGGCTCGA-1
GRCh38,GCCATGGTCGGTCGCA-1
GRCh38,GCCATGTAGACACATT-1
GRCh38,GCCATGTAGACATGGG-1
GRCh38,GCCATGTAGAGTCCAC-1
GRCh38,GCCATGTAGAGTTAAG-1
GRCh38,GCCATGTAGCTTAAGT-1
GRCh38,GCCATGTAGGGTTTCA-1
GRCh38,GCCATTAAGCAATGGG-1
GRCh38,GCCATTAAGCAGGGAC-1
GRCh38,GCCATTAAGCCATTAG-1
GRCh38,GCCATTAAGCGTACCG-1
GRCh38,GCCATTAAGGTATACT-1
GRCh38,GCCATTAAGGTCTGCG-1
GRCh38,GCCATTCGTAACCCCT-1
GRCh38,GCCATTCGTAGGTTGT-1
GRCh38,GCCATTCGTCGACGGT-1
GRCh38,GCCATTCGTCGGTTCT-1
GRCh38,GCCATTCGTCTAACCC-1
GRCh38,GCCATTCGTCTGCGCC-1
GRCh38,GCCATTCGTCTTGGTC-1
GRCh38,GCCATTCGTGGCATAT-1
GRCh38,GCCATTCGTGTGTCGA-1
GRCh38,GCCATTCGTGTGTCTC-1
GRCh38,GCCCAACCAACATGCT-1
GRCh38,GCCCAACCAACCCGTA-1
GRCh38,GCCCAACCAACGCACC-1
GRCh38,GCCCAACCAATATCAT-1
GRCh38,GCCCAACCAATTCATG-1
GRCh38,GCCCAACCACACCTCT-1
GRCh38,GCCCAACCACCGCAGT-1
GRCh38,GCCCAACCACGCTTTC-1
GRCh38,GCCCAACCAGCGTCTA-1
GRCh38,GCCCAACCAGCTTATA-1
GRCh38,GCCCAATAGAACCAGG-1
GRCh38,GCCCAATAGAATGCAA-1
GRCh38,GCCCAATAGATGACGG-1
GRCh38,GCCCAATAGCATGGAG-1
GRCh38,GCCCAATAGCCTCATT-1
GRCh38,GCCCAATAGCTAAGGG-1
GRCh38,GCCCAATAGCTACAGC-1
GRCh38,GCCCAATAGCTGTAGC-1
GRCh38,GCCCAATAGGGATGAT-1
GRCh38,GCCCAATAGGGGTAAT-1
GRCh38,GCCCAATAGGTTAATC-1
GRCh38,GCCCACAAGACCAGGA-1
GRCh38,GCCCACAAGAGTCCCG-1
GRCh38,GCCCACAAGATAGGGT-1
GRCh38,GCCCACAAGATGATGA-1
GRCh38,GCCCACAAGGTGTATT-1
GRCh38,GCCCACAAGGTTCTAG-1
GRCh38,GCCCATACAACCATAC-1
GRCh38,GCCCATACAACTTCGG-1
GRCh38,GCCCATACAAGCATAG-1
GRCh38,GCCCATACAATGCCCA-1
GRCh38,GCCCATACACGAAGGT-1
GRCh38,GCCCATACACTAAGCT-1
GRCh38,GCCCATACACTCAATA-1
GRCh38,GCCCATTGTAATCCCC-1
GRCh38,GCCCATTGTAGTAAGG-1
GRCh38,GCCCATTGTATGTCGG-1
GRCh38,GCCCATTGTCAATGCG-1
GRCh38,GCCCATTGTCCGATAG-1
GRCh38,GCCCATTGTCGCCATT-1
GRCh38,GCCCATTGTCTATGGG-1
GRCh38,GCCCATTGTGGCGAAG-1
GRCh38,GCCCATTGTGGCTGTA-1
GRCh38,GCCCATTGTGGGTTTG-1
GRCh38,GCCCATTGTGTACTCC-1
GRCh38,GCCCATTGTGTGTGCA-1
GRCh38,GCCCCAAAGAAGTACA-1
GRCh38,GCCCCAAAGCGATGAG-1
GRCh38,GCCCCAAAGCGGGTTT-1
GRCh38,GCCCCAAAGCGTTGTA-1
GRCh38,GCCCCAAAGGCATTCA-1
GRCh38,GCCCCAAAGGTATCCA-1
GRCh38,GCCCCAAAGGTGTTAT-1
GRCh38,GCCCCATTCAGCAATT-1
GRCh38,GCCCCATTCATAACTA-1
GRCh38,GCCCCATTCGCGCATG-1
GRCh38,GCCCCGTGTCTCGCCA-1
GRCh38,GCCCCGTGTCTGACTC-1
GRCh38,GCCCCGTGTGCCATAG-1
GRCh38,GCCCCGTGTGCCTCGC-1
GRCh38,GCCCCGTGTGGGTTCA-1
GRCh38,GCCCCGTGTGGTCTAG-1
GRCh38,GCCCCGTGTGTTATGA-1
GRCh38,GCCCCTAGTAAGTGAG-1
GRCh38,GCCCCTAGTAGCCAGC-1
GRCh38,GCCCCTAGTAGCGTAT-1
GRCh38,GCCCCTAGTATGGAGA-1
GRCh38,GCCCCTAGTCAGTCTC-1
GRCh38,GCCCCTAGTCATTTCG-1
GRCh38,GCCCCTAGTCCGCTTG-1
GRCh38,GCCCCTAGTCGCATCT-1
GRCh38,GCCCCTAGTCGTTAAA-1
GRCh38,GCCCCTAGTGCACAGC-1
GRCh38,GCCCCTAGTGCCTCTG-1
GRCh38,GCCCGAGGTAAGCAAG-1
GRCh38,GCCCGAGGTACAATTG-1
GRCh38,GCCCGAGGTATATGGC-1
GRCh38,GCCCGAGGTATCCGGA-1
GRCh38,GCCCGAGGTATCGCTC-1
GRCh38,GCCCGAGGTCAAGGTT-1
GRCh38,GCCCGAGGTCCTGCGC-1
GRCh38,GCCCGAGGTCTAGGTG-1
GRCh38,GCCCGAGGTCTCGGTT-1
GRCh38,GCCCGAGGTCTTAGGG-1
GRCh38,GCCCGAGGTGGAGCTC-1
GRCh38,GCCCGAGGTGGTCTCT-1
GRCh38,GCCCGAGGTGTTACTT-1
GRCh38,GCCCGTAAGATCGACC-1
GRCh38,GCCCGTAAGCAATCCA-1
GRCh38,GCCCGTAAGCCGTAGT-1
GRCh38,GCCCGTAAGCTAAGCC-1
GRCh38,GCCCGTAAGGCTTATG-1
GRCh38,GCCCGTCGTAAGCGTT-1
GRCh38,GCCCGTCGTAAGTCCG-1
GRCh38,GCCCGTCGTAGCTTGG-1
GRCh38,GCCCGTCGTATCGCTC-1
GRCh38,GCCCGTCGTCATAAGC-1
GRCh38,GCCCGTCGTCCATAGG-1
GRCh38,GCCCGTCGTCTAATCT-1
GRCh38,GCCCGTCGTGGATATC-1
GRCh38,GCCCGTCGTGGGCGTT-1
GRCh38,GCCCGTTTCAACACGC-1
GRCh38,GCCCGTTTCAACTCCT-1
GRCh38,GCCCGTTTCATAAGTC-1
GRCh38,GCCCGTTTCATAGGGG-1
GRCh38,GCCCGTTTCATCGGGT-1
GRCh38,GCCCGTTTCCACCTAT-1
GRCh38,GCCCGTTTCCACGTAA-1
GRCh38,GCCCGTTTCCATGGGT-1
GRCh38,GCCCGTTTCCCTTTAA-1
GRCh38,GCCCGTTTCCTTAACC-1
GRCh38,GCCCTAACAAATTAAG-1
GRCh38,GCCCTAACAAGCGCGA-1
GRCh38,GCCCTAACAAGGAATT-1
GRCh38,GCCCTAACACATCACG-1
GRCh38,GCCCTAACACTCACCT-1
GRCh38,GCCCTAACACTCGAGC-1
GRCh38,GCCCTAACAGTCGCAC-1
GRCh38,GCCCTACTCAAGCACC-1
GRCh38,GCCCTACTCAGCCAAC-1
GRCh38,GCCCTACTCATTACTT-1
GRCh38,GCCCTACTCCAGGGTT-1
GRCh38,GCCCTACTCCAGTCCC-1
GRCh38,GCCCTACTCCCCAACC-1
GRCh38,GCCCTACTCCTCGTTG-1
GRCh38,GCCCTACTCGCCCTAC-1
GRCh38,GCCCTACTCGCGAAAG-1
GRCh38,GCCCTACTCGTAGCAC-1
GRCh38,GCCCTATGTATAGTGC-1
GRCh38,GCCCTATGTATGAGTC-1
GRCh38,GCCCTATGTCACCGCC-1
GRCh38,GCCCTATGTGCAAGGG-1
GRCh38,GCCCTATGTGGAACGG-1
GRCh38,GCCCTATGTGTGTTGG-1
GRCh38,GCCCTGAAGAACGCGA-1
GRCh38,GCCCTGAAGACCCCGA-1
GRCh38,GCCCTGAAGAGCGGTA-1
GRCh38,GCCCTGAAGCAGTAGG-1
GRCh38,GCCCTGAAGCGAACGA-1
GRCh38,GCCCTGAAGCGCTCGA-1
GRCh38,GCCCTGAAGCTAGTAT-1
GRCh38,GCCCTGAAGGCTTGAC-1
GRCh38,GCCCTGAAGGGAAATC-1
GRCh38,GCCCTGAAGGGCTTGT-1
GRCh38,GCCCTTATCAATCCTC-1
GRCh38,GCCCTTATCACTGGCG-1
GRCh38,GCCCTTATCAGCCAAC-1
GRCh38,GCCCTTATCCAAGCGT-1
GRCh38,GCCCTTATCCAGCCCT-1
GRCh38,GCCCTTATCCCAACTT-1
GRCh38,GCCCTTATCCGAATCA-1
GRCh38,GCCCTTATCCGGCAAT-1
GRCh38,GCCCTTATCGTCATTC-1
GRCh38,GCCTAAATCAGAGAAC-1
GRCh38,GCCTAAATCAGCGCAT-1
GRCh38,GCCTAAATCCTAATCC-1
GRCh38,GCCTAAATCCTAGCCC-1
GRCh38,GCCTAAATCGCGAGTT-1
GRCh38,GCCTAAATCGGTGTCG-1
GRCh38,GCCTAAATCGTAGCTA-1
GRCh38,GCCTAAATCGTTCTAC-1
GRCh38,GCCTACCTCACCTACT-1
GRCh38,GCCTACCTCACTTCGT-1
GRCh38,GCCTACCTCAGTATCG-1
GRCh38,GCCTACCTCATAATCA-1
GRCh38,GCCTACCTCCAAATTA-1
GRCh38,GCCTACCTCCAAGACC-1
GRCh38,GCCTACCTCCAGTCAA-1
GRCh38,GCCTACCTCCCACCGT-1
GRCh38,GCCTACCTCCTGTCAT-1
GRCh38,GCCTACCTCGGACCCA-1
GRCh38,GCCTACCTCGGGTCAT-1
GRCh38,GCCTACCTCGGTTCCC-1
GRCh38,GCCTATAAGAAATTGG-1
GRCh38,GCCTATAAGACAACCC-1
GRCh38,GCCTATAAGATACGGG-1
GRCh38,GCCTATAAGATGTGTT-1
GRCh38,GCCTATAAGCAGGGAC-1
GRCh38,GCCTATAAGCCATATG-1
GRCh38,GCCTATAAGCCTTGCC-1
GRCh38,GCCTATAAGCGCATTA-1
GRCh38,GCCTATAAGCGTCAGT-1
GRCh38,GCCTATAAGCTAATAC-1
GRCh38,GCCTATAAGCTTGTGA-1
GRCh38,GCCTATCGTAACAGGA-1
GRCh38,GCCTATCGTAAGTGCT-1
GRCh38,GCCTATCGTAGGGGCA-1
GRCh38,GCCTATCGTCAGTTAA-1
GRCh38,GCCTATCGTCCTACGT-1
GRCh38,GCCTATCGTCGATTCC-1
GRCh38,GCCTATCGTCGCAGTA-1
GRCh38,GCCTATCGTCGGAATT-1
GRCh38,GCCTATCGTCGGTATG-1
GRCh38,GCCTATCGTGGCTAAT-1
GRCh38,GCCTATCGTGGGGAAT-1
GRCh38,GCCTCGAAGAGCGATG-1
GRCh38,GCCTCGAAGAGGAGCC-1
GRCh38,GCCTCGAAGAGGGTGC-1
GRCh38,GCCTCGAAGAGTCCCG-1
GRCh38,GCCTCGAAGATCACAT-1
GRCh38,GCCTCGAAGATGATGA-1
GRCh38,GCCTCGAAGATGGGAT-1
GRCh38,GCCTCGAAGCATGCGT-1
GRCh38,GCCTCGAAGCATTAGT-1
GRCh38,GCCTCGAAGCCGCTAG-1
GRCh38,GCCTCGAAGCCTAATG-1
GRCh38,GCCTCGAAGCGAACAG-1
GRCh38,GCCTCGAAGCGCAGTT-1
GRCh38,GCCTCGAAGCGCTTGG-1
GRCh38,GCCTCGAAGCTGTGCG-1
GRCh38,GCCTCGAAGGTAGCAG-1
GRCh38,GCCTCGAAGGTTGTAT-1
GRCh38,GCCTCGCGTACTCGCT-1
GRCh38,GCCTCGCGTATGCGGC-1
GRCh38,GCCTCGCGTCCTTATG-1
GRCh38,GCCTCGCGTCCTTGTA-1
GRCh38,GCCTCGCGTCTCCGGC-1
GRCh38,GCCTCGCGTGCCAAAT-1
GRCh38,GCCTCGCGTGCCCCGT-1
GRCh38,GCCTCGCGTGGAGTAA-1
GRCh38,GCCTCGCGTGTGCGGT-1
GRCh38,GCCTCGCGTGTTAATG-1
GRCh38,GCCTCTATCACGGTGT-1
GRCh38,GCCTCTATCAGCGTAC-1
GRCh38,GCCTCTATCATCAATA-1
GRCh38,GCCTCTATCCCCTAGC-1
GRCh38,GCCTCTATCCCGCTGT-1
GRCh38,GCCTCTATCCTACAAG-1
GRCh38,GCCTCTATCCTCCAAT-1
GRCh38,GCCTCTATCGCGAGTT-1
GRCh38,GCCTCTGGTAGACGGG-1
GRCh38,GCCTCTGGTAGCCCTT-1
GRCh38,GCCTCTGGTAGTGTTA-1
GRCh38,GCCTCTGGTATTATGG-1
GRCh38,GCCTCTGGTCACCGCC-1
GRCh38,GCCTCTGGTCATTAAG-1
GRCh38,GCCTCTGGTCATTATC-1
GRCh38,GCCTCTGGTCGACAGC-1
GRCh38,GCCTCTGGTCGCGCTC-1
GRCh38,GCCTCTGGTCGCGTCC-1
GRCh38,GCCTCTGGTCGGTTAG-1
GRCh38,GCCTCTGGTCGTTCTA-1
GRCh38,GCCTCTGGTCTGCAAG-1
GRCh38,GCCTCTGGTGCTAGGC-1
GRCh38,GCCTCTGGTGGCTTTC-1
GRCh38,GCCTCTGGTGGGGCTT-1
GRCh38,GCCTCTGGTGGGTGTC-1
GRCh38,GCCTCTGGTGGTGCGT-1
GRCh38,GCCTCTGGTGTGTCTC-1
GRCh38,GCCTCTTCAAACCGAA-1
GRCh38,GCCTCTTCAAATTGGG-1
GRCh38,GCCTCTTCAACGGACG-1
GRCh38,GCCTCTTCAATGTGAG-1
GRCh38,GCCTCTTCACCTACTC-1
GRCh38,GCCTCTTCACGCAGGA-1
GRCh38,GCCTCTTCACTGCGTA-1
GRCh38,GCCTCTTCAGCATTAC-1
GRCh38,GCCTCTTCAGCTTACG-1
GRCh38,GCCTCTTCAGGAAGCT-1
GRCh38,GCCTCTTCAGGTCTAT-1
GRCh38,GCCTCTTCAGTAAACG-1
GRCh38,GCCTCTTCAGTGCGTC-1
GRCh38,GCCTGACCAACAATCC-1
GRCh38,GCCTGACCAAGCTTAC-1
GRCh38,GCCTGACCAATCACGT-1
GRCh38,GCCTGACCACAACTTA-1
GRCh38,GCCTGACCACAATGTC-1
GRCh38,GCCTGACCACACATAC-1
GRCh38,GCCTGACCACAGTCCA-1
GRCh38,GCCTGACCACGGCACT-1
GRCh38,GCCTGACCACTCTCCG-1
GRCh38,GCCTGACCAGCGGACA-1
GRCh38,GCCTGACCAGGGATTA-1
GRCh38,GCCTGACCAGGGCTAG-1
GRCh38,GCCTGACCAGGTTCAT-1
GRCh38,GCCTGACCAGTGTCGC-1
GRCh38,GCCTGATAGACTACAT-1
GRCh38,GCCTGATAGAGCCTGT-1
GRCh38,GCCTGATAGAGGTTGG-1
GRCh38,GCCTGATAGATCACAT-1
GRCh38,GCCTGATAGCCGATAC-1
GRCh38,GCCTGATAGCGGCATT-1
GRCh38,GCCTGATAGCTAAGGG-1
GRCh38,GCCTGATAGCTCGTTT-1
GRCh38,GCCTGATAGCTGTATG-1
GRCh38,GCCTGATAGGGCATAG-1
GRCh38,GCCTGATAGGGGGTTA-1
GRCh38,GCCTGATAGGTCCATA-1
GRCh38,GCCTGCAAGAACGGGC-1
GRCh38,GCCTGCAAGAAGGCGC-1
GRCh38,GCCTGCAAGAGGGTAT-1
GRCh38,GCCTGCAAGATCAGGG-1
GRCh38,GCCTGCAAGATGCGAG-1
GRCh38,GCCTGCAAGATGTGTT-1
GRCh38,GCCTGCAAGCTAACAT-1
GRCh38,GCCTGCAAGCTGCGAT-1
GRCh38,GCCTGCAAGGCACCAT-1
GRCh38,GCCTGCAAGGCTAAGG-1
GRCh38,GCCTGCCGTAAAGCCT-1
GRCh38,GCCTGCCGTACAAGCT-1
GRCh38,GCCTGCCGTACCACGA-1
GRCh38,GCCTGCCGTAGAGGGT-1
GRCh38,GCCTGCCGTATGTACA-1
GRCh38,GCCTGCCGTATGTTGA-1
GRCh38,GCCTGCCGTCGCTATC-1
GRCh38,GCCTGCCGTGGAACTT-1
GRCh38,GCCTGCCGTGTCTATT-1
GRCh38,GCCTGCCGTGTTAGGT-1
GRCh38,GCCTGCCGTGTTCGTC-1
GRCh38,GCCTGCTTCACGCGTG-1
GRCh38,GCCTGCTTCAGCGTAC-1
GRCh38,GCCTGCTTCATGTCCT-1
GRCh38,GCCTGCTTCCCAACCC-1
GRCh38,GCCTGCTTCGCGTATA-1
GRCh38,GCCTGCTTCGGTACGT-1
GRCh38,GCCTGCTTCGGTGTTA-1
GRCh38,GCCTGCTTCGTAACTG-1
GRCh38,GCCTGCTTCGTATAGT-1
GRCh38,GCCTGCTTCGTCCATT-1
GRCh38,GCCTGGGGTACCACTC-1
GRCh38,GCCTGGGGTATTCAGA-1
GRCh38,GCCTGGGGTCATTATC-1
GRCh38,GCCTGGGGTCCCAAAG-1
GRCh38,GCCTGGGGTCTAACTT-1
GRCh38,GCCTGGGGTGCCAAAT-1
GRCh38,GCCTGGGGTGGTCAAT-1
GRCh38,GCCTGGGGTGTCGTCT-1
GRCh38,GCCTTAGCAAACCTTA-1
GRCh38,GCCTTAGCAACATGCT-1
GRCh38,GCCTTAGCAACATGGA-1
GRCh38,GCCTTAGCAACCAACT-1
GRCh38,GCCTTAGCAACCCTAG-1
GRCh38,GCCTTAGCAACGCTCA-1
GRCh38,GCCTTAGCAACTTCGG-1
GRCh38,GCCTTAGCAAGCCATT-1
GRCh38,GCCTTAGCACAACGCC-1
GRCh38,GCCTTAGCACCAACGC-1
GRCh38,GCCTTAGCACGTTATA-1
GRCh38,GCCTTAGCACTCGGAC-1
GRCh38,GCCTTAGCAGGGCAAT-1
GRCh38,GCCTTAGCAGGGCTCT-1
GRCh38,GCCTTAGCAGTCCACA-1
GRCh38,GCCTTCGGTAAGGGAC-1
GRCh38,GCCTTCGGTAGAGTAG-1
GRCh38,GCCTTCGGTAGCTTGG-1
GRCh38,GCCTTCGGTATCTTGT-1
GRCh38,GCCTTCGGTATGTGCG-1
GRCh38,GCCTTCGGTCAGTTGG-1
GRCh38,GCCTTCGGTGCCCCTA-1
GRCh38,GCCTTCGGTGGGAGCA-1
GRCh38,GCCTTCGGTGTCACGA-1
GRCh38,GCCTTGCTCAAGCTTG-1
GRCh38,GCCTTGCTCACACGTA-1
GRCh38,GCCTTGCTCCCAATAG-1
GRCh38,GCCTTGCTCCCATCAT-1
GRCh38,GCCTTGCTCCCTTTAA-1
GRCh38,GCCTTGCTCCTCACGC-1
GRCh38,GCCTTGCTCCTCGGCT-1
GRCh38,GCCTTGCTCGCGTCGA-1
GRCh38,GCCTTGCTCGTTCGTT-1
GRCh38,GCCTTGTGTAGTGCGC-1
GRCh38,GCCTTGTGTATGCCAG-1
GRCh38,GCCTTGTGTCCAGTGA-1
GRCh38,GCCTTGTGTGGACGGA-1
GRCh38,GCCTTGTGTGTCCGGG-1
GRCh38,GCCTTGTGTGTCTTCA-1
GRCh38,GCCTTTAGTAGAGAAT-1
GRCh38,GCCTTTAGTCGCATCT-1
GRCh38,GCCTTTAGTGTTATGA-1
GRCh38,GCCTTTCCAACTGCCA-1
GRCh38,GCCTTTCCACAGCACC-1
GRCh38,GCCTTTCCACATGAAG-1
GRCh38,GCCTTTCCACTAACTA-1
GRCh38,GCCTTTCCACTAGGGG-1
GRCh38,GCCTTTCCACTATCCC-1
GRCh38,GCCTTTCCACTGACGC-1
GRCh38,GCCTTTCCAGCAATCT-1
GRCh38,GCCTTTCCAGCCAAGG-1
GRCh38,GCCTTTCCAGCGTGTC-1
GRCh38,GCCTTTCCAGGAAGGA-1
GRCh38,GCCTTTCCAGGTAAGC-1
GRCh38,GCCTTTCCAGTGGACG-1
GRCh38,GCGAAACCAACGTAAG-1
GRCh38,GCGAAACCAAGGACTA-1
GRCh38,GCGAAACCAAGTGTCT-1
GRCh38,GCGAAACCAATCTGAC-1
GRCh38,GCGAAACCAATTGTAT-1
GRCh38,GCGAAACCACAGCATT-1
GRCh38,GCGAAACCACATAGCT-1
GRCh38,GCGAAACCACCCAACA-1
GRCh38,GCGAAACCACCGTCAA-1
GRCh38,GCGAAACCACGTTATA-1
GRCh38,GCGAAACCAGCAAGAC-1
GRCh38,GCGAAACCAGCGAATA-1
GRCh38,GCGAAACCAGGAGTTA-1
GRCh38,GCGAAACCAGGTTGGG-1
GRCh38,GCGAAAGTCAACGTAT-1
GRCh38,GCGAAAGTCAAGCTAT-1
GRCh38,GCGAAAGTCAGTATTA-1
GRCh38,GCGAAAGTCCAGCCCT-1
GRCh38,GCGAAAGTCCCACTAT-1
GRCh38,GCGAAAGTCCGCTACC-1
GRCh38,GCGAAAGTCCTATGTC-1
GRCh38,GCGAAAGTCCTCCTTC-1
GRCh38,GCGAAAGTCGGCCCTT-1
GRCh38,GCGAAAGTCGTGCTCC-1
GRCh38,GCGAAAGTCGTTCACT-1
GRCh38,GCGAAGCAGAGTTTAC-1
GRCh38,GCGAAGCAGATAATCC-1
GRCh38,GCGAAGCAGATAGGGT-1
GRCh38,GCGAAGCAGCATAGCC-1
GRCh38,GCGAAGCAGCCTCGTC-1
GRCh38,GCGAAGCAGCGTCAGT-1
GRCh38,GCGAAGCAGCGTTGCG-1
GRCh38,GCGAAGCAGGCAGGGT-1
GRCh38,GCGAAGCAGGCTCATA-1
GRCh38,GCGAAGCAGGTAGGCA-1
GRCh38,GCGAAGGGTAACTTCT-1
GRCh38,GCGAAGGGTAAGCCGC-1
GRCh38,GCGAAGGGTACATTTC-1
GRCh38,GCGAAGGGTATCGCTC-1
GRCh38,GCGAAGGGTGCTTCGT-1
GRCh38,GCGAAGGGTGGCACGT-1
GRCh38,GCGAAGGGTGTTGTAA-1
GRCh38,GCGAATACAACACGGG-1
GRCh38,GCGAATACAACCAGAA-1
GRCh38,GCGAATACAAGGAGGA-1
GRCh38,GCGAATACACCCTCAT-1
GRCh38,GCGAATACACGCTCAA-1
GRCh38,GCGAATACACGGCTTA-1
GRCh38,GCGAATACACTTCGAG-1
GRCh38,GCGAATACAGCCAACC-1
GRCh38,GCGAATACAGTGGGAT-1
GRCh38,GCGAATGAGACGAACG-1
GRCh38,GCGAATGAGAGTAAGC-1
GRCh38,GCGAATGAGAGTTGGG-1
GRCh38,GCGAATGAGCCAAACC-1
GRCh38,GCGAATGAGGGAATCG-1
GRCh38,GCGAATGAGGGAGTAT-1
GRCh38,GCGAATGAGGTAAGAC-1
GRCh38,GCGAATGAGGTCAATT-1
GRCh38,GCGAATGAGGTCGTAC-1
GRCh38,GCGAATGAGGTGTCCG-1
GRCh38,GCGAATTGTACAGAAG-1
GRCh38,GCGAATTGTAGCCAGC-1
GRCh38,GCGAATTGTATGTTCT-1
GRCh38,GCGAATTGTCAATCGG-1
GRCh38,GCGAATTGTGTTCGAG-1
GRCh38,GCGACAGCAACAGGGT-1
GRCh38,GCGACAGCAACGTCGC-1
GRCh38,GCGACAGCAAGCCATT-1
GRCh38,GCGACAGCAATAATTC-1
GRCh38,GCGACAGCACAGCTCA-1
GRCh38,GCGACAGCACAGTCCA-1
GRCh38,GCGACAGCACATAGCT-1
GRCh38,GCGACAGCACCAACGC-1
GRCh38,GCGACAGCAGTCTTCC-1
GRCh38,GCGACATTCACAACCA-1
GRCh38,GCGACATTCACGCATA-1
GRCh38,GCGACATTCACGCCTC-1
GRCh38,GCGACATTCAGTCAAT-1
GRCh38,GCGACATTCATTCAAA-1
GRCh38,GCGACATTCCACTTAC-1
GRCh38,GCGACATTCCCTTTCC-1
GRCh38,GCGACATTCCGAGTGT-1
GRCh38,GCGACATTCCGGCGTA-1
GRCh38,GCGACATTCCTCTAAC-1
GRCh38,GCGACATTCGCAAGCT-1
GRCh38,GCGACATTCGCACGTG-1
GRCh38,GCGACATTCGTGAGCT-1
GRCh38,GCGACCTCAACACGCC-1
GRCh38,GCGACCTCAACCCGTA-1
GRCh38,GCGACCTCACAACATC-1
GRCh38,GCGACCTCACACTTAA-1
GRCh38,GCGACCTCACAGCTCA-1
GRCh38,GCGACCTCACATGCGC-1
GRCh38,GCGACCTCACATTCAA-1
GRCh38,GCGACCTCACGATAGA-1
GRCh38,GCGACCTCACGCAGGA-1
GRCh38,GCGACCTCAGCAACCC-1
GRCh38,GCGACCTCAGCACGCT-1
GRCh38,GCGACCTCAGCCACTA-1
GRCh38,GCGACCTCAGCTATTA-1
GRCh38,GCGACCTCAGCTTCAG-1
GRCh38,GCGACCTCAGGTATTC-1
GRCh38,GCGACGACAAAATGGT-1
GRCh38,GCGACGACAAACTCTA-1
GRCh38,GCGACGACAAGCGATA-1
GRCh38,GCGACGACAAGGACCG-1
GRCh38,GCGACGACAATGACAG-1
GRCh38,GCGACGACAATGACCT-1
GRCh38,GCGACGACACCTACGA-1
GRCh38,GCGACGACACTAGCGC-1
GRCh38,GCGACGACAGCAGCGA-1
GRCh38,GCGACGACAGCGACGA-1
GRCh38,GCGACGACAGTGTAAG-1
GRCh38,GCGAGAGGTACTTATC-1
GRCh38,GCGAGAGGTACTTCGC-1
GRCh38,GCGAGAGGTAGGCCCG-1
GRCh38,GCGAGAGGTAGGGGAT-1
GRCh38,GCGAGAGGTAGTCGCA-1
GRCh38,GCGAGAGGTATCTTCG-1
GRCh38,GCGAGAGGTCAAACGT-1
GRCh38,GCGAGAGGTCGATGAT-1
GRCh38,GCGAGAGGTCGGTTCT-1
GRCh38,GCGAGAGGTCTAAGTA-1
GRCh38,GCGAGAGGTGGGTTGC-1
GRCh38,GCGAGAGGTGGTCAGC-1
GRCh38,GCGAGAGGTGTAATTG-1
GRCh38,GCGAGAGGTGTAGGTT-1
GRCh38,GCGAGAGGTGTTGTAA-1
GRCh38,GCGAGGAGTAACTAGC-1
GRCh38,GCGAGGAGTAGCGGAG-1
GRCh38,GCGAGGAGTATATGGC-1
GRCh38,GCGAGGAGTATCCGCT-1
GRCh38,GCGAGGAGTCAGCGGT-1
GRCh38,GCGAGGAGTCAGGGTC-1
GRCh38,GCGAGGAGTCCTTCGG-1
GRCh38,GCGAGGAGTCTAGCTC-1
GRCh38,GCGAGGAGTGCATGGC-1
GRCh38,GCGAGGAGTGCTAGTG-1
GRCh38,GCGAGGAGTGCTGGGT-1
GRCh38,GCGAGGAGTGGATCGC-1
GRCh38,GCGAGGAGTGTGCGGT-1
GRCh38,GCGAGTAAGAATGCGG-1
GRCh38,GCGAGTAAGACAACCC-1
GRCh38,GCGAGTAAGACATAGA-1
GRCh38,GCGAGTAAGACCCTAA-1
GRCh38,GCGAGTAAGACGAGGC-1
GRCh38,GCGAGTAAGAGTGATA-1
GRCh38,GCGAGTAAGAGTTGGG-1
GRCh38,GCGAGTAAGCAATCCA-1
GRCh38,GCGAGTAAGCGACAGA-1
GRCh38,GCGAGTAAGGCTGTTA-1
GRCh38,GCGAGTAAGGGTATCC-1
GRCh38,GCGAGTTTCAATACGT-1
GRCh38,GCGAGTTTCACCAACA-1
GRCh38,GCGAGTTTCACTGTTC-1
GRCh38,GCGAGTTTCAGGCTCG-1
GRCh38,GCGAGTTTCAGTGCTA-1
GRCh38,GCGAGTTTCATAATGC-1
GRCh38,GCGAGTTTCCCTGCAC-1
GRCh38,GCGAGTTTCCGGTATA-1
GRCh38,GCGAGTTTCCTCGGCT-1
GRCh38,GCGAGTTTCGCGATGT-1
GRCh38,GCGAGTTTCGCGTGCA-1
GRCh38,GCGAGTTTCGGTGTTA-1
GRCh38,GCGATAACAAAAGCGC-1
GRCh38,GCGATAACAAATATCT-1
GRCh38,GCGATAACAACCACAT-1
GRCh38,GCGATAACACCCTCAT-1
GRCh38,GCGATAACACCCTGAA-1
GRCh38,GCGATAACACTAAAGG-1
GRCh38,GCGATAACACTAACTA-1
GRCh38,GCGATAACAGCACGCT-1
GRCh38,GCGATAACAGTATGTC-1
GRCh38,GCGATAGAGAATGGCG-1
GRCh38,GCGATAGAGCGTTGTA-1
GRCh38,GCGATAGAGCGTTTGA-1
GRCh38,GCGATAGAGCTCTCCA-1
GRCh38,GCGATAGAGCTGATAT-1
GRCh38,GCGATAGAGCTGATTG-1
GRCh38,GCGATAGAGCTGCAGT-1
GRCh38,GCGATAGAGGCCTGAT-1
GRCh38,GCGATAGAGGTAGTTT-1
GRCh38,GCGATGCGTACATATG-1
GRCh38,GCGATGCGTACTAATG-1
GRCh38,GCGATGCGTCAATCCC-1
GRCh38,GCGATGCGTCAGGTTG-1
GRCh38,GCGATGCGTCATACAA-1
GRCh38,GCGATGCGTCCTGCGC-1
GRCh38,GCGATGCGTCGATCAG-1
GRCh38,GCGATGCGTGCTAGTG-1
GRCh38,GCGATGCGTGCTTGCT-1
GRCh38,GCGATGCGTGGCCCCT-1
GRCh38,GCGATGCGTGGTCTCT-1
GRCh38,GCGATGCGTGTACGTG-1
GRCh38,GCGATGCGTGTGCCGG-1
GRCh38,GCGATGTTCACTCCTG-1
GRCh38,GCGATGTTCACTGCCC-1
GRCh38,GCGATGTTCAGCCTCC-1
GRCh38,GCGATGTTCAGGCACT-1
GRCh38,GCGATGTTCATATTAG-1
GRCh38,GCGATGTTCATCCGTT-1
GRCh38,GCGATGTTCGCAGTGT-1
GRCh38,GCGATGTTCGTATCAG-1
GRCh38,GCGCAATTCAATGCGC-1
GRCh38,GCGCAATTCACGGTTA-1
GRCh38,GCGCAATTCAGCTTAG-1
GRCh38,GCGCAATTCATCCGTT-1
GRCh38,GCGCAATTCCCGACTC-1
GRCh38,GCGCACTCAACAGAAT-1
GRCh38,GCGCACTCACTATAGC-1
GRCh38,GCGCACTCAGCATTTA-1
GRCh38,GCGCACTCAGGTTACT-1
GRCh38,GCGCACTCAGTGAAGC-1
GRCh38,GCGCATCCAAACACCT-1
GRCh38,GCGCATCCAAACGGCG-1
GRCh38,GCGCATCCAAGGTTAG-1
GRCh38,GCGCATCCAATAATTC-1
GRCh38,GCGCATCCACATTCGG-1
GRCh38,GCGCATCCACCCATTC-1
GRCh38,GCGCATCCAGCGTCTA-1
GRCh38,GCGCATCCAGTCACGC-1
GRCh38,GCGCATGTCAAGGCTC-1
GRCh38,GCGCATGTCACATAAC-1
GRCh38,GCGCATGTCAGTCGCG-1
GRCh38,GCGCATGTCATGCCTT-1
GRCh38,GCGCATGTCATGTAGT-1
GRCh38,GCGCATGTCCTGTACT-1
GRCh38,GCGCATTAGAACCAGG-1
GRCh38,GCGCATTAGACCATGC-1
GRCh38,GCGCATTAGACGCTGT-1
GRCh38,GCGCATTAGAGTGATA-1
GRCh38,GCGCATTAGATCGTTG-1
GRCh38,GCGCATTAGATTCAGT-1
GRCh38,GCGCATTAGCAGCGAA-1
GRCh38,GCGCATTAGCCATCAA-1
GRCh38,GCGCATTAGCTACACA-1
GRCh38,GCGCATTAGGGGGCAT-1
GRCh38,GCGCATTAGGTGCTAC-1
GRCh38,GCGCCTCGTAGCTGGC-1
GRCh38,GCGCCTCGTCAATCGG-1
GRCh38,GCGCCTCGTCACATGG-1
GRCh38,GCGCCTCGTCCGCTAT-1
GRCh38,GCGCCTCGTCCTGCGC-1
GRCh38,GCGCCTCGTCGTCGGG-1
GRCh38,GCGCCTCGTGGACGCT-1
GRCh38,GCGCCTCGTGGGGTAG-1
GRCh38,GCGCCTTTCATAAGTC-1
GRCh38,GCGCCTTTCCTAGCTT-1
GRCh38,GCGCCTTTCCTCACGC-1
GRCh38,GCGCCTTTCGGCGATT-1
GRCh38,GCGCCTTTCGGTATTG-1
GRCh38,GCGCCTTTCGTTGGGT-1
GRCh38,GCGCCTTTCGTTGTCT-1
GRCh38,GCGCGAACAAACCAGA-1
GRCh38,GCGCGAACAAATTAAG-1
GRCh38,GCGCGAACAACACGGG-1
GRCh38,GCGCGAACAACCTCAG-1
GRCh38,GCGCGAACAACGTTAC-1
GRCh38,GCGCGAACAACTTAGC-1
GRCh38,GCGCGAACAAGAATTA-1
GRCh38,GCGCGAACAATAGTAA-1
GRCh38,GCGCGAACAGCTACCA-1
GRCh38,GCGCGAACAGTCACGC-1
GRCh38,GCGCGATGTACTATTC-1
GRCh38,GCGCGATGTACTCAGG-1
GRCh38,GCGCGATGTATCAGGT-1
GRCh38,GCGCGATGTATGGGCC-1
GRCh38,GCGCGATGTATTCTGT-1
GRCh38,GCGCGATGTCACCCAT-1
GRCh38,GCGCGATGTCACGGGT-1
GRCh38,GCGCGATGTCCAGCCC-1
GRCh38,GCGCGATGTCGCCTAT-1
GRCh38,GCGCGATGTCTCTAGC-1
GRCh38,GCGCGATGTCTCTCGG-1
GRCh38,GCGCGATGTGCGGAGA-1
GRCh38,GCGCGATGTGGTTAGT-1
GRCh38,GCGCGATGTGTATCGG-1
GRCh38,GCGCGATGTGTCCGGG-1
GRCh38,GCGCGTATCAACCCTT-1
GRCh38,GCGCGTATCCAAACCA-1
GRCh38,GCGCGTATCCCCTATG-1
GRCh38,GCGCGTATCCCGCTTA-1
GRCh38,GCGCGTATCGCTCCGT-1
GRCh38,GCGCGTATCGGTCGCA-1
GRCh38,GCGCGTATCGTAGTGC-1
GRCh38,GCGCTACCAAAATTCT-1
GRCh38,GCGCTACCAACCTATA-1
GRCh38,GCGCTACCAAGGATCA-1
GRCh38,GCGCTACCAAGTCGCC-1
GRCh38,GCGCTACCAATGCCCA-1
GRCh38,GCGCTACCACAAGGCG-1
GRCh38,GCGCTACCACTATGGT-1
GRCh38,GCGCTACCAGCATAGA-1
GRCh38,GCGCTACCAGCCCATA-1
GRCh38,GCGCTACCAGCCTTAG-1
GRCh38,GCGCTACCAGGACACG-1
GRCh38,GCGCTACCAGGCAATA-1
GRCh38,GCGCTACCAGGTAGCG-1
GRCh38,GCGCTACCAGTATAGG-1
GRCh38,GCGCTACCAGTCCACA-1
GRCh38,GCGCTCAAGAGTTGGG-1
GRCh38,GCGCTCAAGCAACAGG-1
GRCh38,GCGCTCAAGGGATTAA-1
GRCh38,GCGCTCAAGGTGATTT-1
GRCh38,GCGCTCCGTACCATGG-1
GRCh38,GCGCTCCGTCAGCGTA-1
GRCh38,GCGCTCCGTCATCATT-1
GRCh38,GCGCTCCGTCGATCAG-1
GRCh38,GCGCTCCGTGTGTGCA-1
GRCh38,GCGCTGGGTAATGTTG-1
GRCh38,GCGCTGGGTACAGGTT-1
GRCh38,GCGCTGGGTACCACAG-1
GRCh38,GCGCTGGGTATACGTA-1
GRCh38,GCGCTGGGTCAGTTAA-1
GRCh38,GCGCTGGGTCATTTCG-1
GRCh38,GCGCTGGGTCCAGTGA-1
GRCh38,GCGCTGGGTCGACGTA-1
GRCh38,GCGCTGGGTCGCCCTA-1
GRCh38,GCGCTGGGTCTAACTT-1
GRCh38,GCGCTGGGTCTGCGCC-1
GRCh38,GCGCTGGGTGCTATCC-1
GRCh38,GCGCTGGGTGGCGCAT-1
GRCh38,GCGCTGGGTGGCTTTC-1
GRCh38,GCGCTTACAACAACCT-1
GRCh38,GCGCTTACAACCATAC-1
GRCh38,GCGCTTACAACGTTCG-1
GRCh38,GCGCTTACAAGTGCAA-1
GRCh38,GCGCTTACAATCGCGC-1
GRCh38,GCGCTTACAATGGGCG-1
GRCh38,GCGCTTACACCCTAGA-1
GRCh38,GCGCTTACACGGGTCT-1
GRCh38,GCGCTTACACTAACTA-1
GRCh38,GCGCTTACAGGGGCTA-1
GRCh38,GCGCTTACAGTCGGAG-1
GRCh38,GCGCTTGAGACTTGTG-1
GRCh38,GCGCTTGAGATGGGGC-1
GRCh38,GCGCTTGAGCGAATGG-1
GRCh38,GCGCTTGAGCTAATAC-1
GRCh38,GCGCTTGAGGCTATTG-1
GRCh38,GCGCTTGAGGGGGTAC-1
GRCh38,GCGCTTGAGGTCTACA-1
GRCh38,GCGGAAATCAATGTTA-1
GRCh38,GCGGAAATCACTGTCT-1
GRCh38,GCGGAAATCAGTATCG-1
GRCh38,GCGGAAATCCAGGATC-1
GRCh38,GCGGAAATCCCAATTC-1
GRCh38,GCGGAAATCCCTAAAG-1
GRCh38,GCGGAAATCCGATAAT-1
GRCh38,GCGGAAATCCGATCAA-1
GRCh38,GCGGAAATCCGCATGG-1
GRCh38,GCGGAAATCGCTCATT-1
GRCh38,GCGGAAATCGTAGGCT-1
GRCh38,GCGGAAATCGTCCGCT-1
GRCh38,GCGGACACAACCTGCA-1
GRCh38,GCGGACACAATGGGCG-1
GRCh38,GCGGACACACAAATGG-1
GRCh38,GCGGACACACACTCAG-1
GRCh38,GCGGACACACATGCGC-1
GRCh38,GCGGACACACTATCTT-1
GRCh38,GCGGACACAGCACGGA-1
GRCh38,GCGGACACAGCCAATT-1
GRCh38,GCGGACACAGGTTCAT-1
GRCh38,GCGGACACAGTACTCG-1
GRCh38,GCGGACACAGTTAGCT-1
GRCh38,GCGGAGAGTAACGAGA-1
GRCh38,GCGGAGAGTAATCCGG-1
GRCh38,GCGGAGAGTACACTCC-1
GRCh38,GCGGAGAGTAGACTCG-1
GRCh38,GCGGAGAGTATCCGTC-1
GRCh38,GCGGAGAGTATGTTAG-1
GRCh38,GCGGAGAGTCAGCAAT-1
GRCh38,GCGGAGAGTCAGCGTA-1
GRCh38,GCGGAGAGTCCAACGA-1
GRCh38,GCGGAGAGTCCCTCTC-1
GRCh38,GCGGAGAGTCTTAGCC-1
GRCh38,GCGGAGAGTGCATTCC-1
GRCh38,GCGGAGAGTGCTATCC-1
GRCh38,GCGGAGAGTGGGACCT-1
GRCh38,GCGGAGAGTGTGGTGC-1
GRCh38,GCGGAGAGTGTTCTCA-1
GRCh38,GCGGAGTAGACAATTC-1
GRCh38,GCGGAGTAGAGCCGTT-1
GRCh38,GCGGAGTAGCCTGTAA-1
GRCh38,GCGGAGTAGGGGCTTT-1
GRCh38,GCGGAGTAGGTTGCCG-1
GRCh38,GCGGATAAGAACGACG-1
GRCh38,GCGGATAAGACTGATT-1
GRCh38,GCGGATAAGAGCCTGT-1
GRCh38,GCGGATAAGATATACC-1
GRCh38,GCGGATAAGCAAACTT-1
GRCh38,GCGGATAAGCCCTTGC-1
GRCh38,GCGGATAAGCGCCACA-1
GRCh38,GCGGATAAGCGCGTCA-1
GRCh38,GCGGATAAGCTAGTTG-1
GRCh38,GCGGATAAGCTTGATG-1
GRCh38,GCGGATAAGGCATAGG-1
GRCh38,GCGGATAAGGCCCAAT-1
GRCh38,GCGGATAAGGGCTTGT-1
GRCh38,GCGGATAAGGTCCTTT-1
GRCh38,GCGGATAAGGTCGACT-1
GRCh38,GCGGATTTCATCCTTA-1
GRCh38,GCGGATTTCATTCGTC-1
GRCh38,GCGGATTTCCAGCATA-1
GRCh38,GCGGATTTCCGATGTA-1
GRCh38,GCGGATTTCCGCCTAC-1
GRCh38,GCGGATTTCCGCGGTA-1
GRCh38,GCGGATTTCCTAAGCA-1
GRCh38,GCGGATTTCCTAGTTC-1
GRCh38,GCGGATTTCCTCGCAC-1
GRCh38,GCGGATTTCGCAACTA-1
GRCh38,GCGGCTATCACTCATC-1
GRCh38,GCGGCTATCAGTGATT-1
GRCh38,GCGGCTATCCCAAAGC-1
GRCh38,GCGGCTATCCTCGAAA-1
GRCh38,GCGGCTATCGCGGTAT-1
GRCh38,GCGGGATAGAATGTAG-1
GRCh38,GCGGGATAGACTACAT-1
GRCh38,GCGGGATAGAGGGCGT-1
GRCh38,GCGGGATAGAGGTTAA-1
GRCh38,GCGGGATAGATGGTTT-1
GRCh38,GCGGGATAGCAAGCGA-1
GRCh38,GCGGGATAGCACCACG-1
GRCh38,GCGGGATAGCCAAATT-1
GRCh38,GCGGGATAGCCGCCAA-1
GRCh38,GCGGGATAGCGGATAG-1
GRCh38,GCGGGATAGCTACTTC-1
GRCh38,GCGGGATAGGCCTATA-1
GRCh38,GCGGGATAGGCTGGAA-1
GRCh38,GCGGGATAGGGAAACT-1
GRCh38,GCGGGATAGGTAGTGG-1
GRCh38,GCGGGTACAAGCGAAC-1
GRCh38,GCGGGTACACGCCTAA-1
GRCh38,GCGGGTACAGCAATCT-1
GRCh38,GCGGGTACAGGTTACT-1
GRCh38,GCGGGTACAGTCATCG-1
GRCh38,GCGGGTTGTACGTTCC-1
GRCh38,GCGGGTTGTCAACGTG-1
GRCh38,GCGGGTTGTCAGGCGT-1
GRCh38,GCGGGTTGTCATTATC-1
GRCh38,GCGGGTTGTCTAATCT-1
GRCh38,GCGGGTTGTGTAACGT-1
GRCh38,GCGGGTTGTGTGTATA-1
GRCh38,GCGGTAAAGAGTTTCG-1
GRCh38,GCGGTAAAGCACCTCC-1
GRCh38,GCGGTAAAGCAGCTGT-1
GRCh38,GCGGTAAAGCGACAAG-1
GRCh38,GCGGTAAAGCGTTACA-1
GRCh38,GCGGTAAAGCTAAATC-1
GRCh38,GCGGTAAAGCTTAGGC-1
GRCh38,GCGGTAAAGGGGCGAT-1
GRCh38,GCGGTAAAGGGTGATG-1
GRCh38,GCGGTAAAGGTCACGT-1
GRCh38,GCGGTAGCAAGGCCGA-1
GRCh38,GCGGTAGCAATCGAAG-1
GRCh38,GCGGTAGCAATGGCCC-1
GRCh38,GCGGTAGCACAACGGG-1
GRCh38,GCGGTAGCACAAGGCG-1
GRCh38,GCGGTAGCACAGTAAG-1
GRCh38,GCGGTAGCACCTATAA-1
GRCh38,GCGGTAGCACTATGGT-1
GRCh38,GCGGTATTCAAATGTC-1
GRCh38,GCGGTATTCACTCCAT-1
GRCh38,GCGGTATTCAGGAAAC-1
GRCh38,GCGGTATTCATGACCA-1
GRCh38,GCGGTATTCCCAGCTC-1
GRCh38,GCGGTATTCCGGGTAT-1
GRCh38,GCGGTATTCCGTTCTG-1
GRCh38,GCGGTATTCGCACTAA-1
GRCh38,GCGGTATTCGCGGTAT-1
GRCh38,GCGGTATTCGGCTCGA-1
GRCh38,GCGGTATTCGTACGTA-1
GRCh38,GCGGTATTCGTCCTAT-1
GRCh38,GCGGTCTCAAAAGCCA-1
GRCh38,GCGGTCTCAACGCCAC-1
GRCh38,GCGGTCTCACAATAGG-1
GRCh38,GCGGTCTCACACAGCC-1
GRCh38,GCGGTCTCAGCAATCT-1
GRCh38,GCGGTCTCAGGCGACA-1
GRCh38,GCGGTCTCAGGTACAA-1
GRCh38,GCGGTCTCAGTGCAGG-1
GRCh38,GCGGTCTCAGTTAGCT-1
GRCh38,GCGGTCTCAGTTGGGG-1
GRCh38,GCGGTTAGTAGGCCGT-1
GRCh38,GCGGTTAGTAGGCTCA-1
GRCh38,GCGGTTAGTATGTGCG-1
GRCh38,GCGGTTAGTCCGCCGT-1
GRCh38,GCGGTTAGTCGGTGTA-1
GRCh38,GCGGTTAGTGGCGAAG-1
GRCh38,GCGGTTAGTGTGTGCA-1
GRCh38,GCGGTTAGTGTTCATT-1
GRCh38,GCGGTTGTCAACACGC-1
GRCh38,GCGGTTGTCATGACCA-1
GRCh38,GCGGTTGTCATTGGCA-1
GRCh38,GCGGTTGTCCTAACTC-1
GRCh38,GCGGTTGTCGTAAATC-1
GRCh38,GCGGTTTAGACGCTGT-1
GRCh38,GCGGTTTAGAGCTTAT-1
GRCh38,GCGGTTTAGCCTAATG-1
GRCh38,GCGGTTTAGCCTTTAC-1
GRCh38,GCGGTTTAGGTATAGA-1
GRCh38,GCGTAACTCATGCCTT-1
GRCh38,GCGTAACTCCATCACT-1
GRCh38,GCGTAACTCCCCATGC-1
GRCh38,GCGTAACTCCCTTCGA-1
GRCh38,GCGTAACTCCGCAGCA-1
GRCh38,GCGTAACTCCTACTTA-1
GRCh38,GCGTAACTCGCGTCGA-1
GRCh38,GCGTAACTCGGACGTT-1
GRCh38,GCGTAACTCGTTGGGT-1
GRCh38,GCGTAGAAGAAACGCG-1
GRCh38,GCGTAGAAGAGCGACA-1
GRCh38,GCGTAGAAGAGTAATG-1
GRCh38,GCGTAGAAGATCGACC-1
GRCh38,GCGTAGAAGCGCTGCA-1
GRCh38,GCGTAGAAGCTCCGGA-1
GRCh38,GCGTAGAAGCTGCGAT-1
GRCh38,GCGTAGAAGGCTGGTT-1
GRCh38,GCGTAGAAGGGCATAG-1
GRCh38,GCGTAGAAGGGGAATT-1
GRCh38,GCGTAGAAGGGTGAAT-1
GRCh38,GCGTAGAAGGTCTGCG-1
GRCh38,GCGTAGCGTACGAGTT-1
GRCh38,GCGTAGCGTATCTCAT-1
GRCh38,GCGTAGCGTATGGTTA-1
GRCh38,GCGTAGCGTATTCGGG-1
GRCh38,GCGTAGCGTCAACCCT-1
GRCh38,GCGTAGCGTCCTTATG-1
GRCh38,GCGTAGCGTGGCCTGG-1
GRCh38,GCGTAGCGTGGTGCCG-1
GRCh38,GCGTAGGCAAACATAA-1
GRCh38,GCGTAGGCAAACCGGG-1
GRCh38,GCGTAGGCAAACGCAA-1
GRCh38,GCGTAGGCAAATCCCG-1
GRCh38,GCGTAGGCAATGTGTC-1
GRCh38,GCGTAGGCACCCTCAT-1
GRCh38,GCGTAGGCACCTTGAG-1
GRCh38,GCGTAGGCACTCGGAC-1
GRCh38,GCGTAGGCACTGCACA-1
GRCh38,GCGTAGGCACTTAACA-1
GRCh38,GCGTAGGCAGCCCAAC-1
GRCh38,GCGTAGGCAGGTGATA-1
GRCh38,GCGTAGTTCACCCCGT-1
GRCh38,GCGTAGTTCAGTATTA-1
GRCh38,GCGTAGTTCATACTCC-1
GRCh38,GCGTAGTTCCCGCATC-1
GRCh38,GCGTAGTTCCCTTCAG-1
GRCh38,GCGTAGTTCCGAATTG-1
GRCh38,GCGTAGTTCCGAGCAT-1
GRCh38,GCGTAGTTCCTCTGCA-1
GRCh38,GCGTAGTTCGTAACGC-1
GRCh38,GCGTATATCAATTCCC-1
GRCh38,GCGTATATCACTTAAA-1
GRCh38,GCGTATATCAGGCTTA-1
GRCh38,GCGTATATCAGGTTCA-1
GRCh38,GCGTATATCCAATAGT-1
GRCh38,GCGTATATCGCGCCTT-1
GRCh38,GCGTATATCGCTTATC-1
GRCh38,GCGTATGGTACTCGCT-1
GRCh38,GCGTATGGTATAAGGG-1
GRCh38,GCGTATGGTATGTGTA-1
GRCh38,GCGTATGGTCGCCCTA-1
GRCh38,GCGTATGGTGGCCCCT-1
GRCh38,GCGTATGGTGGCCTGG-1
GRCh38,GCGTATGGTGGCTGTA-1
GRCh38,GCGTATGGTGTCGATG-1
GRCh38,GCGTATGGTGTTCGAG-1
GRCh38,GCGTATTCAAAGGGAG-1
GRCh38,GCGTATTCAAATCACC-1
GRCh38,GCGTATTCAACCAGAA-1
GRCh38,GCGTATTCAAGTCGGG-1
GRCh38,GCGTATTCAAGTGTTC-1
GRCh38,GCGTATTCAAGTTGAG-1
GRCh38,GCGTATTCACACTCAG-1
GRCh38,GCGTATTCACCCTCAT-1
GRCh38,GCGTATTCACTCGTTC-1
GRCh38,GCGTATTCACTGCAAT-1
GRCh38,GCGTATTCAGGCTACC-1
GRCh38,GCGTATTCAGTTAACC-1
GRCh38,GCGTATTCAGTTAGCT-1
GRCh38,GCGTCAGTCAACTGCA-1
GRCh38,GCGTCAGTCAAGCTCA-1
GRCh38,GCGTCAGTCACGAACC-1
GRCh38,GCGTCAGTCAGCACGT-1
GRCh38,GCGTCAGTCAGCCATA-1
GRCh38,GCGTCAGTCATAACAC-1
GRCh38,GCGTCAGTCCACCCGT-1
GRCh38,GCGTCAGTCCCTGAAA-1
GRCh38,GCGTCAGTCCTCGTCA-1
GRCh38,GCGTCAGTCCTCTGCA-1
GRCh38,GCGTCAGTCCTGACAA-1
GRCh38,GCGTCAGTCGGAATGG-1
GRCh38,GCGTCAGTCGTAGGCT-1
GRCh38,GCGTCAGTCGTGAACC-1
GRCh38,GCGTCAGTCGTTGCTT-1
GRCh38,GCGTCATAGACAATTC-1
GRCh38,GCGTCATAGACCAGGA-1
GRCh38,GCGTCATAGAGCCCAT-1
GRCh38,GCGTCATAGAGCTTAT-1
GRCh38,GCGTCATAGCCAGAGA-1
GRCh38,GCGTCATAGCGCATAC-1
GRCh38,GCGTCATAGCTGACAC-1
GRCh38,GCGTCATAGGCGGTTT-1
GRCh38,GCGTCATAGGTAGAAC-1
GRCh38,GCGTCATAGGTCGCCA-1
GRCh38,GCGTCCAAGAAAGTCA-1
GRCh38,GCGTCCAAGACAAGAC-1
GRCh38,GCGTCCAAGACAGCAG-1
GRCh38,GCGTCCAAGACTTACG-1
GRCh38,GCGTCCAAGCAGCCAT-1
GRCh38,GCGTCCAAGCATGGTC-1
GRCh38,GCGTCCAAGCCATAGC-1
GRCh38,GCGTCCAAGCCATGAC-1
GRCh38,GCGTCCAAGCCCACGA-1
GRCh38,GCGTCCAAGCCGTTAA-1
GRCh38,GCGTCCAAGCGCGTAT-1
GRCh38,GCGTCCAAGCTAAACT-1
GRCh38,GCGTCCAAGGGACGAC-1
GRCh38,GCGTCCAAGGGTGAAT-1
GRCh38,GCGTCCAAGGTCCTTT-1
GRCh38,GCGTCGATCACACACA-1
GRCh38,GCGTCGATCAGCATAT-1
GRCh38,GCGTCGATCCATATGG-1
GRCh38,GCGTCGATCCCAATAG-1
GRCh38,GCGTCGATCCCCTAGC-1
GRCh38,GCGTCGATCCGTACAA-1
GRCh38,GCGTCGATCGCTCCAC-1
GRCh38,GCGTCGATCGTGCAAC-1
GRCh38,GCGTCGATCGTGCGTG-1
GRCh38,GCGTCTACAAACTAGG-1
GRCh38,GCGTCTACAACGTCGC-1
GRCh38,GCGTCTACACTAGGCC-1
GRCh38,GCGTCTACACTCGTTC-1
GRCh38,GCGTCTACACTGGGAG-1
GRCh38,GCGTCTACAGCAATAG-1
GRCh38,GCGTCTACAGCCATAT-1
GRCh38,GCGTCTTGTGCTTAGG-1
GRCh38,GCGTGAAAGAAGCGTG-1
GRCh38,GCGTGAAAGATATCAC-1
GRCh38,GCGTGAAAGCCCTTTG-1
GRCh38,GCGTGAAAGCGAACGA-1
GRCh38,GCGTGAAAGCGCGTAT-1
GRCh38,GCGTGAAAGCTACTGA-1
GRCh38,GCGTGAAAGGCGAATG-1
GRCh38,GCGTGAAAGGTCGAAG-1
GRCh38,GCGTGAGCACACTAAC-1
GRCh38,GCGTGAGCACTAATAT-1
GRCh38,GCGTGAGCACTATTCT-1
GRCh38,GCGTGAGCAGCCAACC-1
GRCh38,GCGTGAGCAGGCGTAG-1
GRCh38,GCGTGCATCACGCGTG-1
GRCh38,GCGTGCATCAGTGATT-1
GRCh38,GCGTGCATCCAACGTA-1
GRCh38,GCGTGCATCCAATTCC-1
GRCh38,GCGTGCATCCATCACT-1
GRCh38,GCGTGCATCCCTTGTG-1
GRCh38,GCGTGCATCGGCTCCT-1
GRCh38,GCGTGCATCGTGCGTG-1
GRCh38,GCGTGCATCGTGGTTA-1
GRCh38,GCGTGCTCAACATGGA-1
GRCh38,GCGTGCTCAACTCCCT-1
GRCh38,GCGTGCTCAAGCTGCC-1
GRCh38,GCGTGCTCAATTAAGA-1
GRCh38,GCGTGCTCACATCACG-1
GRCh38,GCGTGCTCACGAAGGT-1
GRCh38,GCGTGCTCAGTTAGCT-1
GRCh38,GCGTGTCCAACATATT-1
GRCh38,GCGTGTCCAATCGTCG-1
GRCh38,GCGTGTCCACCAGGGA-1
GRCh38,GCGTGTCCACCGACAC-1
GRCh38,GCGTGTCCACGGTGTC-1
GRCh38,GCGTGTGTCAGCATTG-1
GRCh38,GCGTGTGTCAGCCCCT-1
GRCh38,GCGTGTGTCAGGCCAT-1
GRCh38,GCGTGTGTCATATGGT-1
GRCh38,GCGTGTGTCCAGTAAT-1
GRCh38,GCGTGTGTCCCACTCA-1
GRCh38,GCGTGTGTCCCTTCAG-1
GRCh38,GCGTGTGTCCGGTGCA-1
GRCh38,GCGTGTGTCGTCACCC-1
GRCh38,GCGTGTGTCGTCTCGC-1
GRCh38,GCGTGTTAGAGCAACG-1
GRCh38,GCGTGTTAGATACGGG-1
GRCh38,GCGTGTTAGCAATACT-1
GRCh38,GCGTGTTAGCACGGTT-1
GRCh38,GCGTGTTAGCCCTTAT-1
GRCh38,GCGTGTTAGCGGCATT-1
GRCh38,GCGTGTTAGCTATCAG-1
GRCh38,GCGTGTTAGGTAGTAA-1
GRCh38,GCGTTAATCAATTGGT-1
GRCh38,GCGTTAATCAGTAATC-1
GRCh38,GCGTTAATCCAATTCC-1
GRCh38,GCGTTAATCCCGCGTT-1
GRCh38,GCGTTAATCCCGGGTA-1
GRCh38,GCGTTAATCCTTCTAA-1
GRCh38,GCGTTAATCGCAATTG-1
GRCh38,GCGTTAATCGCCATGG-1
GRCh38,GCGTTAATCGGTCTAA-1
GRCh38,GCGTTAATCGTCGAAC-1
GRCh38,GCGTTAATCGTGCAGT-1
GRCh38,GCGTTAATCGTGTAAT-1
GRCh38,GCGTTACAGACGAAGT-1
GRCh38,GCGTTACAGAGCGTGA-1
GRCh38,GCGTTACAGATCCGTA-1
GRCh38,GCGTTACAGATGGAGT-1
GRCh38,GCGTTACAGCAGTCCG-1
GRCh38,GCGTTACAGCCTAATG-1
GRCh38,GCGTTACAGCCTATGA-1
GRCh38,GCGTTACAGCGTTTAG-1
GRCh38,GCGTTACAGGGTAGGC-1
GRCh38,GCGTTAGGTAAACGCT-1
GRCh38,GCGTTAGGTAGCTGGC-1
GRCh38,GCGTTAGGTATCATTC-1
GRCh38,GCGTTAGGTCAAAGCT-1
GRCh38,GCGTTAGGTCAGCTTC-1
GRCh38,GCGTTAGGTCGCTCGC-1
GRCh38,GCGTTAGGTCGTTCTA-1
GRCh38,GCGTTAGGTCTTCTAG-1
GRCh38,GCGTTAGGTGGCATAT-1
GRCh38,GCGTTAGGTGTATAGC-1
GRCh38,GCGTTTAAGAACCAGG-1
GRCh38,GCGTTTAAGATGGGAT-1
GRCh38,GCGTTTAAGCACCCGA-1
GRCh38,GCGTTTAAGCCAGTAC-1
GRCh38,GCGTTTAAGCCGCAAT-1
GRCh38,GCGTTTAAGGTCATGC-1
GRCh38,GCGTTTCGTACTCATT-1
GRCh38,GCGTTTCGTATCGCGA-1
GRCh38,GCGTTTCGTATGCCGA-1
GRCh38,GCGTTTCGTCATACTT-1
GRCh38,GCGTTTCGTCGTATAA-1
GRCh38,GCGTTTCGTCGTGAGC-1
GRCh38,GCGTTTCGTGCAGTCA-1
GRCh38,GCGTTTCGTGTGCGGT-1
GRCh38,GCGTTTCGTGTGTAGT-1
GRCh38,GCTAAAGCAAATCACC-1
GRCh38,GCTAAAGCAAGTACTC-1
GRCh38,GCTAAAGCACATCGGC-1
GRCh38,GCTAAAGCACTTATCT-1
GRCh38,GCTAAAGCAGGTTACT-1
GRCh38,GCTAAATTCAATCATA-1
GRCh38,GCTAAATTCAATCCTC-1
GRCh38,GCTAAATTCAGGAAAC-1
GRCh38,GCTAAATTCAGTCATG-1
GRCh38,GCTAAATTCATCGGCG-1
GRCh38,GCTAAATTCCAGTAGC-1
GRCh38,GCTAAATTCCCATTCG-1
GRCh38,GCTAAATTCCGATAAT-1
GRCh38,GCTAAATTCCTACGCC-1
GRCh38,GCTAAATTCGCTTAAG-1
GRCh38,GCTAAATTCGTCTTAC-1
GRCh38,GCTAAATTCGTTCATC-1
GRCh38,GCTAACATCAATCGTG-1
GRCh38,GCTAACATCACGAACC-1
GRCh38,GCTAACATCATTGGGC-1
GRCh38,GCTAACATCCCGGCTT-1
GRCh38,GCTAACATCGCGGATT-1
GRCh38,GCTAACATCGCTATCT-1
GRCh38,GCTAACCAGAGAGGAA-1
GRCh38,GCTAACCAGAGGGTAT-1
GRCh38,GCTAACCAGAGTGATA-1
GRCh38,GCTAACCAGATCCTGA-1
GRCh38,GCTAACCAGATGTGAA-1
GRCh38,GCTAACCAGCCTTAAG-1
GRCh38,GCTAACCAGCTAACAT-1
GRCh38,GCTAACCAGCTAGCGT-1
GRCh38,GCTAACCAGCTGATAT-1
GRCh38,GCTAACCAGGCCATTA-1
GRCh38,GCTAACCAGGCCCAAT-1
GRCh38,GCTAACCAGGCTAACC-1
GRCh38,GCTAACCAGGGACGGT-1
GRCh38,GCTAACCAGGGCCATT-1
GRCh38,GCTAACCAGGGTCGTT-1
GRCh38,GCTAACTCAAGGGTCG-1
GRCh38,GCTAACTCAAGTCGCC-1
GRCh38,GCTAACTCACAAATCC-1
GRCh38,GCTAACTCACAGCGGA-1
GRCh38,GCTAACTCACTAGGCC-1
GRCh38,GCTAACTCACTTGACG-1
GRCh38,GCTAACTCAGGACAAC-1
GRCh38,GCTAACTCAGTCCTAG-1
GRCh38,GCTAACTCAGTCTTAA-1
GRCh38,GCTAACTCAGTGTCGC-1
GRCh38,GCTAAGACAAACCATC-1
GRCh38,GCTAAGACAAAGCTCT-1
GRCh38,GCTAAGACAAAGGAGG-1
GRCh38,GCTAAGACAATAGGGC-1
GRCh38,GCTAAGACACATAATT-1
GRCh38,GCTAAGACACTCGAGC-1
GRCh38,GCTAAGACAGCCATAT-1
GRCh38,GCTAAGACAGGCATTT-1
GRCh38,GCTAAGACAGTATTAT-1
GRCh38,GCTAAGGAGACGCCCA-1
GRCh38,GCTAAGGAGACTAATC-1
GRCh38,GCTAAGGAGAGCGACA-1
GRCh38,GCTAAGGAGCACTATG-1
GRCh38,GCTAAGGAGCTGCGTG-1
GRCh38,GCTAAGGAGGTAAATG-1
GRCh38,GCTAAGTGTACCTTTG-1
GRCh38,GCTAAGTGTAGAGATG-1
GRCh38,GCTAAGTGTATGTTAG-1
GRCh38,GCTAAGTGTCGTCGGG-1
GRCh38,GCTAAGTGTCTCGATC-1
GRCh38,GCTAAGTGTCTGCATC-1
GRCh38,GCTAAGTGTGCCCATT-1
GRCh38,GCTAAGTGTGGAGCCT-1
GRCh38,GCTAAGTGTGGGAGCA-1
GRCh38,GCTAAGTGTGGTCAAT-1
GRCh38,GCTAAGTGTGTACCCT-1
GRCh38,GCTAAGTGTGTAGTGT-1
GRCh38,GCTAAGTGTGTGGTGC-1
GRCh38,GCTAATCCAAAACGGC-1
GRCh38,GCTAATCCAATCGGGG-1
GRCh38,GCTAATCCACACAATC-1
GRCh38,GCTAATCCACACGCAC-1
GRCh38,GCTAATCCACATTTAG-1
GRCh38,GCTAATCCACCATCGA-1
GRCh38,GCTAATCCACGCCAAC-1
GRCh38,GCTAATCCACGTCAGC-1
GRCh38,GCTAATCCAGCAGGAT-1
GRCh38,GCTAATCCAGCCAATT-1
GRCh38,GCTAATCCAGCTATTA-1
GRCh38,GCTAATGTCACAGACC-1
GRCh38,GCTAATGTCACGTCCC-1
GRCh38,GCTAATGTCAGTTTGG-1
GRCh38,GCTAATGTCCGGGATT-1
GRCh38,GCTAATGTCCGTACTT-1
GRCh38,GCTAATGTCCTTGTAC-1
GRCh38,GCTAATGTCGCGAGTT-1
GRCh38,GCTAATGTCGGGTATC-1
GRCh38,GCTACACAGATGAAGC-1
GRCh38,GCTACACAGCACAGCT-1
GRCh38,GCTACACAGCATTCGA-1
GRCh38,GCTACACAGCGAATGG-1
GRCh38,GCTACACAGCTATTGG-1
GRCh38,GCTACACAGGTGCGAA-1
GRCh38,GCTACAGGTACAGCGC-1
GRCh38,GCTACAGGTAGAGGGT-1
GRCh38,GCTACAGGTAGTGAGA-1
GRCh38,GCTACAGGTCATACAA-1
GRCh38,GCTACAGGTCCAGTGA-1
GRCh38,GCTACAGGTCGTTCGT-1
GRCh38,GCTACAGGTCTATCCA-1
GRCh38,GCTACAGGTCTATGGG-1
GRCh38,GCTACAGGTCTGGAAT-1
GRCh38,GCTACAGGTGCTCCGC-1
GRCh38,GCTACAGGTGTACCCT-1
GRCh38,GCTACAGGTGTCGATG-1
GRCh38,GCTACAGGTGTTATAG-1
GRCh38,GCTACAGGTGTTCGTC-1
GRCh38,GCTACATCAAAGCTTC-1
GRCh38,GCTACATCAAGGACCG-1
GRCh38,GCTACATCACGCTTTC-1
GRCh38,GCTACATCAGCACGGA-1
GRCh38,GCTACATCAGCGACAG-1
GRCh38,GCTACATCAGCTAACT-1
GRCh38,GCTACCACAACAGTCT-1
GRCh38,GCTACCACAACGTAAG-1
GRCh38,GCTACCACAACTCCCT-1
GRCh38,GCTACCACAAGACGAC-1
GRCh38,GCTACCACAAGCTTTA-1
GRCh38,GCTACCACAATCGTCG-1
GRCh38,GCTACCACACACCGTA-1
GRCh38,GCTACCACACCGCATA-1
GRCh38,GCTACCACACCTATAA-1
GRCh38,GCTACCACACCTTACC-1
GRCh38,GCTACCACACGTTATA-1
GRCh38,GCTACCACAGCCAAGG-1
GRCh38,GCTACCGAGAACTAAG-1
GRCh38,GCTACCGAGACAGCAG-1
GRCh38,GCTACCGAGCAAACCC-1
GRCh38,GCTACCGAGCTCGTGG-1
GRCh38,GCTACCGAGGCAGGGT-1
GRCh38,GCTACCTGTAAATGGG-1
GRCh38,GCTACCTGTAGCTTCC-1
GRCh38,GCTACCTGTATTCTGT-1
GRCh38,GCTACCTGTCAGCGTA-1
GRCh38,GCTACCTGTCCCAAAG-1
GRCh38,GCTACCTGTCGGTTCT-1
GRCh38,GCTACCTGTCTAGCTC-1
GRCh38,GCTACCTGTGGGTAGG-1
GRCh38,GCTACCTGTGGGTATT-1
GRCh38,GCTACCTGTGTTAGCG-1
GRCh38,GCTACGCCAAAATGAC-1
GRCh38,GCTACGCCAAACACTC-1
GRCh38,GCTACGCCAATTCAGC-1
GRCh38,GCTACGCCACAGGTAA-1
GRCh38,GCTACGCCACAGTCAT-1
GRCh38,GCTACGCCACGAAGTA-1
GRCh38,GCTACGCCACGTAACT-1
GRCh38,GCTACGCCACTCGAGC-1
GRCh38,GCTACGCCACTGATTA-1
GRCh38,GCTACGCCAGCAGGCA-1
GRCh38,GCTACGCCAGTGCGTC-1
GRCh38,GCTACTTTCAAAGGGT-1
GRCh38,GCTACTTTCAACCAAT-1
GRCh38,GCTACTTTCACAACGC-1
GRCh38,GCTACTTTCACAATCG-1
GRCh38,GCTACTTTCACGCAAC-1
GRCh38,GCTACTTTCAGTCATG-1
GRCh38,GCTACTTTCATACTCC-1
GRCh38,GCTACTTTCATTGGCA-1
GRCh38,GCTACTTTCCTCCACA-1
GRCh38,GCTACTTTCGCCATAA-1
GRCh38,GCTACTTTCGGACTAC-1
GRCh38,GCTACTTTCGTAGCGT-1
GRCh38,GCTACTTTCGTGTTGA-1
GRCh38,GCTAGAACAAAATTTC-1
GRCh38,GCTAGAACAAAGCATG-1
GRCh38,GCTAGAACAAATATCT-1
GRCh38,GCTAGAACAACACCCA-1
GRCh38,GCTAGAACAACGTCCA-1
GRCh38,GCTAGAACAAGCTTTA-1
GRCh38,GCTAGAGAGAAGCCGA-1
GRCh38,GCTAGAGAGACTGATT-1
GRCh38,GCTAGAGAGAGAATTG-1
GRCh38,GCTAGAGAGAGAGGAA-1
GRCh38,GCTAGAGAGCACAAGG-1
GRCh38,GCTAGAGAGCATGGAG-1
GRCh38,GCTAGAGAGCATGGTC-1
GRCh38,GCTAGAGAGCTAAGCC-1
GRCh38,GCTAGAGAGCTAATAC-1
GRCh38,GCTAGAGAGCTAGTGC-1
GRCh38,GCTAGAGAGGCATCGT-1
GRCh38,GCTAGAGAGGGTAGGC-1
GRCh38,GCTAGAGAGGTATGTT-1
GRCh38,GCTAGAGAGGTTGATT-1
GRCh38,GCTAGATGTACGGGCT-1
GRCh38,GCTAGATGTAGGCTCA-1
GRCh38,GCTAGATGTCATACAA-1
GRCh38,GCTAGATGTCGAGGCT-1
GRCh38,GCTAGATGTCGGATAT-1
GRCh38,GCTAGATGTCGTATGG-1
GRCh38,GCTAGATGTCTCTCGG-1
GRCh38,GCTAGATGTGGCGTTA-1
GRCh38,GCTAGATGTGGTTTAA-1
GRCh38,GCTAGCCCAAATCTAT-1
GRCh38,GCTAGCCCAACTGCAT-1
GRCh38,GCTAGCCCAAGCTGGG-1
GRCh38,GCTAGCCCAATTGCTA-1
GRCh38,GCTAGCCCACCTCTTA-1
GRCh38,GCTAGCCCACTAATAT-1
GRCh38,GCTAGCCCACTCACGA-1
GRCh38,GCTAGCCCAGCGCATC-1
GRCh38,GCTAGCCCAGGTAAAT-1
GRCh38,GCTAGCCCAGTTGAAG-1
GRCh38,GCTAGGCGTAATTTCC-1
GRCh38,GCTAGGCGTAGTGTAC-1
GRCh38,GCTAGGCGTCCTCTCC-1
GRCh38,GCTAGGCGTCGACTAG-1
GRCh38,GCTAGGCGTCTATCCA-1
GRCh38,GCTAGGCGTGCGGAGA-1
GRCh38,GCTAGGCGTGTCACGA-1
GRCh38,GCTAGGGCAACATTAT-1
GRCh38,GCTAGGGCACACCTCT-1
GRCh38,GCTAGGGCACAGTGCC-1
GRCh38,GCTAGTGGTACCATCC-1
GRCh38,GCTAGTGGTACTGTGG-1
GRCh38,GCTAGTGGTATGTGTA-1
GRCh38,GCTAGTGGTCAAGGTT-1
GRCh38,GCTAGTGGTCGCCGTC-1
GRCh38,GCTAGTGGTCGCTTCG-1
GRCh38,GCTATAAGTAAAGCGA-1
GRCh38,GCTATAAGTAAAGTGG-1
GRCh38,GCTATAAGTAATGGCT-1
GRCh38,GCTATAAGTACAGGTT-1
GRCh38,GCTATAAGTACGTTGG-1
GRCh38,GCTATAAGTATAATCG-1
GRCh38,GCTATAAGTATCCAGG-1
GRCh38,GCTATAAGTGGATTCG-1
GRCh38,GCTATAAGTGGCACGT-1
GRCh38,GCTATAAGTGGTAGCC-1
GRCh38,GCTATAGTCAACCATG-1
GRCh38,GCTATAGTCACGCAAC-1
GRCh38,GCTATAGTCATGGCGT-1
GRCh38,GCTATAGTCCCAGAAC-1
GRCh38,GCTATAGTCCCTTTGG-1
GRCh38,GCTATAGTCCGACCCT-1
GRCh38,GCTATAGTCCGATGGT-1
GRCh38,GCTATAGTCCGCTTCA-1
GRCh38,GCTATAGTCCGGTCAG-1
GRCh38,GCTATAGTCGGACTTA-1
GRCh38,GCTATCCGTAAATCTG-1
GRCh38,GCTATCCGTAAGGAAT-1
GRCh38,GCTATCCGTACTGGGC-1
GRCh38,GCTATCCGTAGCGTTG-1
GRCh38,GCTATCCGTAGGCGCT-1
GRCh38,GCTATCCGTAGTCCAG-1
GRCh38,GCTATCCGTAGTCGGC-1
GRCh38,GCTATCCGTATCAATG-1
GRCh38,GCTATCCGTATCCGGA-1
GRCh38,GCTATCCGTATGGTTA-1
GRCh38,GCTATCCGTGCTGGGT-1
GRCh38,GCTATCGCAAAATGAC-1
GRCh38,GCTATCGCAAAGTCTC-1
GRCh38,GCTATCGCACCCTTTA-1
GRCh38,GCTATCGCACTACGAT-1
GRCh38,GCTATCGCAGCCACTA-1
GRCh38,GCTATCGCAGGATTTC-1
GRCh38,GCTATCGCAGTAGTAG-1
GRCh38,GCTATCTTCACTCTTA-1
GRCh38,GCTATCTTCAGCTGTA-1
GRCh38,GCTATCTTCCACTTCG-1
GRCh38,GCTATCTTCCCTATAC-1
GRCh38,GCTATCTTCCGTCATT-1
GRCh38,GCTATCTTCCTCTGCA-1
GRCh38,GCTATCTTCGCGGTTG-1
GRCh38,GCTATCTTCGGACCCA-1
GRCh38,GCTATCTTCGGGTCAT-1
GRCh38,GCTATCTTCGTACTTC-1
GRCh38,GCTATGCAGAACAGGT-1
GRCh38,GCTATGCAGAACGTTT-1
GRCh38,GCTATGCAGAGACGCA-1
GRCh38,GCTATGCAGAGACTTT-1
GRCh38,GCTATGCAGAGTTAGA-1
GRCh38,GCTATGCAGATACGGG-1
GRCh38,GCTATGCAGATATTGC-1
GRCh38,GCTATGCAGATGGGGC-1
GRCh38,GCTATGCAGGGCGTAA-1
GRCh38,GCTATGCAGGTAATTC-1
GRCh38,GCTATGGGTAACTTTC-1
GRCh38,GCTATGGGTACTCATT-1
GRCh38,GCTATGGGTATGCCGA-1
GRCh38,GCTATGGGTCACGAAT-1
GRCh38,GCTATGGGTCATTCTG-1
GRCh38,GCTATGGGTCCCTGAT-1
GRCh38,GCTATGGGTCGCAGTA-1
GRCh38,GCTATGGGTCGTTTCA-1
GRCh38,GCTATGGGTCTAACCC-1
GRCh38,GCTATGGGTGCACTCT-1
GRCh38,GCTATGGGTGGTGTAT-1
GRCh38,GCTATGGGTGTCTATT-1
GRCh38,GCTATGGGTGTGGCCG-1
GRCh38,GCTATTACAAGAAGCC-1
GRCh38,GCTATTACACACCCAA-1
GRCh38,GCTATTACACCAGGCT-1
GRCh38,GCTATTACACCATTCC-1
GRCh38,GCTATTACACCCTCAT-1
GRCh38,GCTATTACACCGGACT-1
GRCh38,GCTATTACACCTAGGC-1
GRCh38,GCTATTACACGATTAC-1
GRCh38,GCTATTACACTCGAGC-1
GRCh38,GCTATTACACTGCTCT-1
GRCh38,GCTATTACAGTACAAG-1
GRCh38,GCTATTACAGTACATC-1
GRCh38,GCTATTACAGTTAATT-1
GRCh38,GCTATTGAGAATTCCG-1
GRCh38,GCTATTGAGATGCATT-1
GRCh38,GCTATTGAGATGCCCG-1
GRCh38,GCTATTGAGCATAGGG-1
GRCh38,GCTATTGAGCATGCGT-1
GRCh38,GCTATTGAGCCAAACC-1
GRCh38,GCTATTGAGCCACGAT-1
GRCh38,GCTATTGAGCTAAGCC-1
GRCh38,GCTATTGAGCTATCGA-1
GRCh38,GCTATTGAGGGAATCG-1
GRCh38,GCTCAACAGAACTCAT-1
GRCh38,GCTCAACAGAATTGTC-1
GRCh38,GCTCAACAGAGGAGCC-1
GRCh38,GCTCAACAGATACCCA-1
GRCh38,GCTCAACAGATCCCAA-1
GRCh38,GCTCAACAGCAAGACG-1
GRCh38,GCTCAACAGCCCACAG-1
GRCh38,GCTCAACAGCCGTATA-1
GRCh38,GCTCAACAGGCAACAG-1
GRCh38,GCTCAACAGGCAACGA-1
GRCh38,GCTCAACAGGCAGGGT-1
GRCh38,GCTCAACAGGTGGGTA-1
GRCh38,GCTCAATCAATCCAAC-1
GRCh38,GCTCAATCAATCGTCG-1
GRCh38,GCTCAATCACAACTTA-1
GRCh38,GCTCAATCACAAGCGG-1
GRCh38,GCTCAATCACCACACA-1
GRCh38,GCTCAATCAGGACTAA-1
GRCh38,GCTCAATCAGGTTTAC-1
GRCh38,GCTCACGAGACGTTAT-1
GRCh38,GCTCACGAGCTGCACG-1
GRCh38,GCTCACGAGGCATTCA-1
GRCh38,GCTCAGTAGACGCTGT-1
GRCh38,GCTCAGTAGATCGTTG-1
GRCh38,GCTCAGTAGATGTGAA-1
GRCh38,GCTCAGTAGCAACAGG-1
GRCh38,GCTCAGTAGCCAAATT-1
GRCh38,GCTCAGTAGCCTATTC-1
GRCh38,GCTCAGTAGCTATAGT-1
GRCh38,GCTCAGTAGCTCGAGT-1
GRCh38,GCTCAGTAGCTGACCG-1
GRCh38,GCTCAGTAGGCTCATA-1
GRCh38,GCTCAGTAGGTAACCC-1
GRCh38,GCTCATAAGAGCAGCA-1
GRCh38,GCTCATAAGAGCGGTA-1
GRCh38,GCTCATAAGCCGTATA-1
GRCh38,GCTCATAAGCCGTCGA-1
GRCh38,GCTCATAAGGGATGAT-1
GRCh38,GCTCATAAGGTATTCG-1
GRCh38,GCTCATTTCAAACCAT-1
GRCh38,GCTCATTTCAACCTCT-1
GRCh38,GCTCATTTCACCAACA-1
GRCh38,GCTCATTTCAGCCCCT-1
GRCh38,GCTCATTTCAGGCACT-1
GRCh38,GCTCATTTCCAATAGT-1
GRCh38,GCTCATTTCCGAACAC-1
GRCh38,GCTCATTTCCGGCCTT-1
GRCh38,GCTCATTTCGGACACT-1
GRCh38,GCTCCAACAACGCGCT-1
GRCh38,GCTCCAACAACGTAAG-1
GRCh38,GCTCCAACACCTCTAC-1
GRCh38,GCTCCAACAGCGACGA-1
GRCh38,GCTCCAACAGCTACGC-1
GRCh38,GCTCCACTCACGGGTT-1
GRCh38,GCTCCACTCACGTCGG-1
GRCh38,GCTCCACTCAGACTGC-1
GRCh38,GCTCCACTCAGGCACT-1
GRCh38,GCTCCACTCAGTCATG-1
GRCh38,GCTCCACTCATGCTTC-1
GRCh38,GCTCCACTCCCGGTTC-1
GRCh38,GCTCCACTCCGGTGCA-1
GRCh38,GCTCCACTCCGTTTAC-1
GRCh38,GCTCCACTCCTTCATA-1
GRCh38,GCTCCACTCGGTGCAT-1
GRCh38,GCTCCACTCGTTCGCC-1
GRCh38,GCTCCGCGTACGTTGG-1
GRCh38,GCTCCGCGTAGCGCGT-1
GRCh38,GCTCCGCGTATGGTCG-1
GRCh38,GCTCCGCGTCATTTCG-1
GRCh38,GCTCCGCGTCCTAGCT-1
GRCh38,GCTCCGCGTCTACGGA-1
GRCh38,GCTCCGCGTCTCATTG-1
GRCh38,GCTCCGCGTGCGCGAT-1
GRCh38,GCTCCGCGTGGAAAGC-1
GRCh38,GCTCCGCGTGGAATCT-1
GRCh38,GCTCCGCGTGTCGCCC-1
GRCh38,GCTCCGTTCACACGGT-1
GRCh38,GCTCCGTTCAGGCCCA-1
GRCh38,GCTCCGTTCATGCAGC-1
GRCh38,GCTCCGTTCCAATTCC-1
GRCh38,GCTCCGTTCCAGTATG-1
GRCh38,GCTCCGTTCCCTTAGT-1
GRCh38,GCTCCGTTCGCCCTAC-1
GRCh38,GCTCCGTTCGGGTCCA-1
GRCh38,GCTCCGTTCGTAGCTA-1
GRCh38,GCTCCTATCACTTCCG-1
GRCh38,GCTCCTATCAGCATCA-1
GRCh38,GCTCCTATCATGATGT-1
GRCh38,GCTCCTATCCGGCCTT-1
GRCh38,GCTCCTATCCGGGTTG-1
GRCh38,GCTCCTATCCTGGGCA-1
GRCh38,GCTCCTATCGCAAAGG-1
GRCh38,GCTCCTATCGCATGGT-1
GRCh38,GCTCCTATCGCGCAAT-1
GRCh38,GCTCCTATCGGCCATG-1
GRCh38,GCTCCTATCGTAGTGC-1
GRCh38,GCTCCTGGTACTTCTG-1
GRCh38,GCTCCTGGTAGCGCGT-1
GRCh38,GCTCCTGGTAGGGGAT-1
GRCh38,GCTCCTGGTATGCGGC-1
GRCh38,GCTCCTGGTCAACCTC-1
GRCh38,GCTCCTGGTCACATGG-1
GRCh38,GCTCCTGGTCGCATCT-1
GRCh38,GCTCCTGGTCGCGGAT-1
GRCh38,GCTCCTGGTGGAGTAA-1
GRCh38,GCTCGATAGATCGACC-1
GRCh38,GCTCGATAGATCTGCA-1
GRCh38,GCTCGATAGCGGTGTT-1
GRCh38,GCTCGATAGGCACGTT-1
GRCh38,GCTCGCTTCAACAGCC-1
GRCh38,GCTCGCTTCCGATCAA-1
GRCh38,GCTCGCTTCCTGGGCA-1
GRCh38,GCTCGCTTCGCCCTTA-1
GRCh38,GCTCGCTTCGCCTACC-1
GRCh38,GCTCGCTTCGTTGCCC-1
GRCh38,GCTCGGGGTAGCCTTC-1
GRCh38,GCTCGGGGTAGCGGAG-1
GRCh38,GCTCGGGGTCACCGTT-1
GRCh38,GCTCGGGGTCCTGATC-1
GRCh38,GCTCGGGGTGTGTCTC-1
GRCh38,GCTCGGGGTGTTACGG-1
GRCh38,GCTCGGTCAAAGCTAG-1
GRCh38,GCTCGGTCAAGCTTAC-1
GRCh38,GCTCGGTCAAGGACCG-1
GRCh38,GCTCGGTCAATCGAAG-1
GRCh38,GCTCGGTCACATGATC-1
GRCh38,GCTCGGTCACGTCAGC-1
GRCh38,GCTCGGTCAGGTTACT-1
GRCh38,GCTCGGTCAGTAAAGT-1
GRCh38,GCTCGTGAGAAAGCGT-1
GRCh38,GCTCGTGAGACGAAGT-1
GRCh38,GCTCGTGAGACTCAGC-1
GRCh38,GCTCGTGAGACTGATT-1
GRCh38,GCTCGTGAGATATACC-1
GRCh38,GCTCGTGAGCAATTGT-1
GRCh38,GCTCGTGAGCCACTAA-1
GRCh38,GCTCGTGAGCCGGTAT-1
GRCh38,GCTCGTGAGCTAAGCC-1
GRCh38,GCTCGTGAGGCAACGA-1
GRCh38,GCTCGTGAGGCGAAGC-1
GRCh38,GCTCGTGAGGTGTCCG-1
GRCh38,GCTCGTTGTAACATGC-1
GRCh38,GCTCGTTGTAATCTCT-1
GRCh38,GCTCGTTGTAATGGGA-1
GRCh38,GCTCGTTGTCACCCGC-1
GRCh38,GCTCGTTGTCAGGATT-1
GRCh38,GCTCGTTGTCGCCATT-1
GRCh38,GCTCGTTGTGCGTTAG-1
GRCh38,GCTCGTTGTGGAATTC-1
GRCh38,GCTCGTTGTGGAGCCT-1
GRCh38,GCTCGTTGTGGCATTG-1
GRCh38,GCTCGTTGTGGTTGAT-1
GRCh38,GCTCGTTGTGTTACCC-1
GRCh38,GCTCTAAAGAGAGTTA-1
GRCh38,GCTCTAAAGATCGCGT-1
GRCh38,GCTCTAAAGCATTTGG-1
GRCh38,GCTCTAAAGCCGCTAG-1
GRCh38,GCTCTAAAGGGGATCA-1
GRCh38,GCTCTAAAGGTAGAAC-1
GRCh38,GCTCTAGCAAACCGGG-1
GRCh38,GCTCTAGCAACAGAAT-1
GRCh38,GCTCTAGCAACGTGCC-1
GRCh38,GCTCTAGCACACTCAG-1
GRCh38,GCTCTAGCAGCACGCT-1
GRCh38,GCTCTAGCAGCTAACT-1
GRCh38,GCTCTAGCAGGATGAC-1
GRCh38,GCTCTAGCAGGGTATA-1
GRCh38,GCTCTAGCAGTCAAGA-1
GRCh38,GCTCTAGCAGTGATAG-1
GRCh38,GCTCTATTCAAGCCAC-1
GRCh38,GCTCTATTCAGCACGT-1
GRCh38,GCTCTATTCAGCACTA-1
GRCh38,GCTCTATTCAGCCCTC-1
GRCh38,GCTCTATTCATACCCT-1
GRCh38,GCTCTATTCCGGCATG-1
GRCh38,GCTCTATTCGCCCCAT-1
GRCh38,GCTCTATTCGCTTACT-1
GRCh38,GCTCTATTCGTCTTCG-1
GRCh38,GCTCTCATCACACATG-1
GRCh38,GCTCTCATCACCCTAT-1
GRCh38,GCTCTCATCATTACAA-1
GRCh38,GCTCTCATCCATGGCG-1
GRCh38,GCTCTCATCCGGCCTT-1
GRCh38,GCTCTCATCCGGTGCA-1
GRCh38,GCTCTCATCCTAAGCA-1
GRCh38,GCTCTCATCGCTATCT-1
GRCh38,GCTCTCATCGGTTAAT-1
GRCh38,GCTCTCATCGTATGCA-1
GRCh38,GCTCTGTGTAACTAGC-1
GRCh38,GCTCTGTGTAAGCATC-1
GRCh38,GCTCTGTGTACAAGGA-1
GRCh38,GCTCTGTGTACCACTC-1
GRCh38,GCTCTGTGTACCCATC-1
GRCh38,GCTCTGTGTATGCTCC-1
GRCh38,GCTCTGTGTCACCGCC-1
GRCh38,GCTCTGTGTCAGGTGC-1
GRCh38,GCTCTGTGTCATTCTG-1
GRCh38,GCTCTGTGTCCGATAG-1
GRCh38,GCTCTGTGTCCGCTTG-1
GRCh38,GCTCTGTGTCTGTGAG-1
GRCh38,GCTCTGTGTGGACTAT-1
GRCh38,GCTCTGTGTGGGACTC-1
GRCh38,GCTCTGTGTGTCGGCG-1
GRCh38,GCTCTGTGTGTTAGTA-1
GRCh38,GCTCTGTGTGTTCGTC-1
GRCh38,GCTCTTAGTACCCGTT-1
GRCh38,GCTCTTAGTCAGGGTC-1
GRCh38,GCTCTTAGTGCCACTT-1
GRCh38,GCTGACCCAAATCGGA-1
GRCh38,GCTGACCCAAGGAATT-1
GRCh38,GCTGACCCAATACGGA-1
GRCh38,GCTGACCCAATTAACT-1
GRCh38,GCTGACCCACTAATCA-1
GRCh38,GCTGACCCAGGCATTT-1
GRCh38,GCTGACCCAGTGGCGA-1
GRCh38,GCTGACCCAGTTCAGT-1
GRCh38,GCTGAGTTCACAGGTC-1
GRCh38,GCTGAGTTCCCATCTG-1
GRCh38,GCTGAGTTCCCTAATC-1
GRCh38,GCTGAGTTCCGTACAA-1
GRCh38,GCTGAGTTCGTCCATT-1
GRCh38,GCTGCCCGTAACTAGC-1
GRCh38,GCTGCCCGTAAGTGCT-1
GRCh38,GCTGCCCGTACGGGCT-1
GRCh38,GCTGCCCGTATGGTCG-1
GRCh38,GCTGCCCGTCAATTAG-1
GRCh38,GCTGCCCGTCATTAAG-1
GRCh38,GCTGCCCGTCTATGTT-1
GRCh38,GCTGCCCGTCTGTTGC-1
GRCh38,GCTGCCCGTGGGTGTC-1
GRCh38,GCTGCCCGTGGTTATA-1
GRCh38,GCTGGAAAGACGCCAT-1
GRCh38,GCTGGAAAGACTAATC-1
GRCh38,GCTGGAAAGACTCAGC-1
GRCh38,GCTGGAAAGAGCCGTT-1
GRCh38,GCTGGAAAGAGTCAGG-1
GRCh38,GCTGGAAAGCAAGTAA-1
GRCh38,GCTGGAAAGCCTGACG-1
GRCh38,GCTGGAAAGGCTCTAA-1
GRCh38,GCTGGCATCAAGCTCA-1
GRCh38,GCTGGCATCACTTGTC-1
GRCh38,GCTGGCATCCAACACA-1
GRCh38,GCTGGCATCGTATACG-1
GRCh38,GCTGGCATCGTTATGG-1
GRCh38,GCTGGGTGTAACGAAG-1
GRCh38,GCTGGGTGTACTCGAG-1
GRCh38,GCTGGGTGTCCTGATC-1
GRCh38,GCTGGGTGTCGAAGGG-1
GRCh38,GCTGGGTGTGCTTCCG-1
GRCh38,GCTGGGTGTGGCTATG-1
GRCh38,GCTGGGTGTGTAAAGG-1
GRCh38,GCTGGGTGTGTCACGA-1
GRCh38,GCTGGTTAGACTTGTG-1
GRCh38,GCTGGTTAGAGGGGCT-1
GRCh38,GCTGGTTAGCAATATC-1
GRCh38,GCTGGTTAGCACCTCC-1
GRCh38,GCTGGTTAGCTAGGAG-1
GRCh38,GCTGGTTAGGCCTCGA-1
GRCh38,GCTGGTTAGGGACAAT-1
GRCh38,GCTGGTTAGGGTACGA-1
GRCh38,GCTGGTTAGGTAGTGG-1
GRCh38,GCTGTAATCAAAGGTA-1
GRCh38,GCTGTAATCACACATG-1
GRCh38,GCTGTAATCAGTTAGT-1
GRCh38,GCTGTAATCATCGGCG-1
GRCh38,GCTGTAATCATGCAGC-1
GRCh38,GCTGTAATCATGGCGT-1
GRCh38,GCTGTAATCCAATGCA-1
GRCh38,GCTGTAATCGGAAAGT-1
GRCh38,GCTGTAATCGGACTTA-1
GRCh38,GCTGTAATCGTACATG-1
GRCh38,GCTGTAATCGTAGTTG-1
GRCh38,GCTGTATCAACGTGCC-1
GRCh38,GCTGTATCACAAGGCG-1
GRCh38,GCTGTATCACAGTCAT-1
GRCh38,GCTGTATCACCTAGGC-1
GRCh38,GCTGTATCACTCACTC-1
GRCh38,GCTGTATCACTGTACG-1
GRCh38,GCTGTATCAGCGTAGG-1
GRCh38,GCTGTATCAGGTAAAT-1
GRCh38,GCTGTATCAGTGAAAT-1
GRCh38,GCTGTATCAGTGCGTC-1
GRCh38,GCTGTCGAGATGTGTT-1
GRCh38,GCTGTCGAGCAGGCTT-1
GRCh38,GCTGTCGAGCGTCAGT-1
GRCh38,GCTGTCGAGCTGATAT-1
GRCh38,GCTGTCGAGGCATTCA-1
GRCh38,GCTGTCGAGGGACAAT-1
GRCh38,GCTGTCGAGGGCGAGT-1
GRCh38,GCTGTCTGTAAATCCA-1
GRCh38,GCTGTCTGTAGGCTTG-1
GRCh38,GCTGTCTGTAGGGGAT-1
GRCh38,GCTGTCTGTATTGGGT-1
GRCh38,GCTGTCTGTCCGAATG-1
GRCh38,GCTGTCTGTCCTTAAT-1
GRCh38,GCTGTCTGTGCATGGC-1
GRCh38,GCTGTCTGTGTAGGTT-1
GRCh38,GCTGTGGTCAATCCCT-1
GRCh38,GCTGTGGTCACTTCTA-1
GRCh38,GCTGTGGTCAGACGCT-1
GRCh38,GCTGTGGTCAGTTGGC-1
GRCh38,GCTGTGGTCCCGGCAA-1
GRCh38,GCTGTGGTCCCTAGGG-1
GRCh38,GCTGTGGTCCGTAAAT-1
GRCh38,GCTGTGGTCCTGGTCC-1
GRCh38,GCTGTGGTCGCGTAGT-1
GRCh38,GCTGTGGTCGGACACT-1
GRCh38,GCTGTGGTCGTAGTTG-1
GRCh38,GCTGTTAAGAACGTTT-1
GRCh38,GCTGTTAAGACAATAG-1
GRCh38,GCTGTTAAGACAATTC-1
GRCh38,GCTGTTAAGACCCAAC-1
GRCh38,GCTGTTAAGATCTCGA-1
GRCh38,GCTGTTAAGATTCAAC-1
GRCh38,GCTGTTAAGCAGTCCG-1
GRCh38,GCTGTTAAGCATTCGA-1
GRCh38,GCTGTTAAGCCGATAC-1
GRCh38,GCTGTTAAGCGTTAAT-1
GRCh38,GCTGTTAAGCTACTGA-1
GRCh38,GCTGTTAAGCTCAGTA-1
GRCh38,GCTGTTAAGGCACCAT-1
GRCh38,GCTGTTAAGGCGATAG-1
GRCh38,GCTGTTAAGGCTTTGA-1
GRCh38,GCTGTTAAGGTCTGCG-1
GRCh38,GCTTAAGTCAAGCAAA-1
GRCh38,GCTTAAGTCACATATA-1
GRCh38,GCTTAAGTCACCACTT-1
GRCh38,GCTTAAGTCAGTCAGC-1
GRCh38,GCTTAAGTCATGACCA-1
GRCh38,GCTTAAGTCATGCAGC-1
GRCh38,GCTTAAGTCCAATCGA-1
GRCh38,GCTTAAGTCCATAGGC-1
GRCh38,GCTTAAGTCCATTCAC-1
GRCh38,GCTTAAGTCCCATACT-1
GRCh38,GCTTAAGTCCTTATGC-1
GRCh38,GCTTAAGTCGGACCTG-1
GRCh38,GCTTAAGTCGGCTCCT-1
GRCh38,GCTTAAGTCGTATTAA-1
GRCh38,GCTTAATAGAACAGAC-1
GRCh38,GCTTAATAGAACGTAA-1
GRCh38,GCTTAATAGACACCGT-1
GRCh38,GCTTAATAGAGGATTA-1
GRCh38,GCTTAATAGAGGGGTC-1
GRCh38,GCTTAATAGATCCAAT-1
GRCh38,GCTTAATAGATTCGAT-1
GRCh38,GCTTAATAGCAAGGCA-1
GRCh38,GCTTAATAGCCAACCG-1
GRCh38,GCTTAATAGCCCACGA-1
GRCh38,GCTTAATAGCGCATAC-1
GRCh38,GCTTAATAGCGTAGAG-1
GRCh38,GCTTAATAGCGTTGCG-1
GRCh38,GCTTAATAGCTAGGAG-1
GRCh38,GCTTAATAGGCGAATG-1
GRCh38,GCTTAATAGGCTAACC-1
GRCh38,GCTTAATAGGGAGCGT-1
GRCh38,GCTTAATAGGGGGTTA-1
GRCh38,GCTTAATAGGTATTCG-1
GRCh38,GCTTACAAGAAAGCTA-1
GRCh38,GCTTACAAGAGTATTC-1
GRCh38,GCTTACAAGATATACC-1
GRCh38,GCTTACAAGCATCAAT-1
GRCh38,GCTTACAAGCATTTGG-1
GRCh38,GCTTACAAGCCAATAT-1
GRCh38,GCTTACAAGCGATTTG-1
GRCh38,GCTTACAAGCGTTGGT-1
GRCh38,GCTTACAAGGCATGGA-1
GRCh38,GCTTACAAGGCCCACA-1
GRCh38,GCTTACAAGGGTAAGT-1
GRCh38,GCTTACGCAAAACTCC-1
GRCh38,GCTTACGCAAGGACTA-1
GRCh38,GCTTACGCAAGGGCAT-1
GRCh38,GCTTACGCAAGTGCAA-1
GRCh38,GCTTACGCACAATGGA-1
GRCh38,GCTTACGCACACTCGA-1
GRCh38,GCTTACGCACGTACGC-1
GRCh38,GCTTACGCAGTAGTAG-1
GRCh38,GCTTACGCAGTGGACG-1
GRCh38,GCTTACGCAGTTCTCC-1
GRCh38,GCTTACTTCAACACGC-1
GRCh38,GCTTACTTCAACGTGC-1
GRCh38,GCTTACTTCAATCATA-1
GRCh38,GCTTACTTCACTACCT-1
GRCh38,GCTTACTTCATAACTA-1
GRCh38,GCTTACTTCATTACTT-1
GRCh38,GCTTACTTCCACGTAA-1
GRCh38,GCTTACTTCCCCATTG-1
GRCh38,GCTTACTTCCCTTCGA-1
GRCh38,GCTTACTTCGCGACAT-1
GRCh38,GCTTACTTCGTATAGT-1
GRCh38,GCTTACTTCGTCTCTG-1
GRCh38,GCTTAGGGTAAGGTAG-1
GRCh38,GCTTAGGGTAGAATGG-1
GRCh38,GCTTAGGGTCGAGGGA-1
GRCh38,GCTTAGGGTCGCGCTC-1
GRCh38,GCTTAGTCAAATTGCC-1
GRCh38,GCTTAGTCAACAACAG-1
GRCh38,GCTTAGTCACGCATAT-1
GRCh38,GCTTAGTCACTATGAC-1
GRCh38,GCTTAGTCACTATGGT-1
GRCh38,GCTTAGTCAGCGTGTC-1
GRCh38,GCTTAGTCAGGGAGAA-1
GRCh38,GCTTAGTCAGGTACAA-1
GRCh38,GCTTAGTCAGTCTCGA-1
GRCh38,GCTTATACAAACCATC-1
GRCh38,GCTTATACAAAGGCAC-1
GRCh38,GCTTATACAAATGGCA-1
GRCh38,GCTTATACACGCCTAA-1
GRCh38,GCTTATACACGGTCGT-1
GRCh38,GCTTATACAGCCTTAG-1
GRCh38,GCTTATCTCACAGTTG-1
GRCh38,GCTTATCTCACCATTC-1
GRCh38,GCTTATCTCATCCCGC-1
GRCh38,GCTTATCTCGCTCTAT-1
GRCh38,GCTTATGAGAAACTAG-1
GRCh38,GCTTATGAGACAAGCG-1
GRCh38,GCTTATGAGATGGAGT-1
GRCh38,GCTTATGAGCAAGCGA-1
GRCh38,GCTTATGAGCACGGTT-1
GRCh38,GCTTATGAGCCTAATG-1
GRCh38,GCTTATGAGCGCCACA-1
GRCh38,GCTTATGAGCTGGTTA-1
GRCh38,GCTTATGAGGGGTAAT-1
GRCh38,GCTTCAAAGAACACCC-1
GRCh38,GCTTCAAAGAGGTGAT-1
GRCh38,GCTTCAAAGCAAACCC-1
GRCh38,GCTTCAAAGCAGGAGC-1
GRCh38,GCTTCAAAGCCCTTAT-1
GRCh38,GCTTCAAAGCCTGACG-1
GRCh38,GCTTCAAAGGCATTCA-1
GRCh38,GCTTCAAAGGCGGTTT-1
GRCh38,GCTTCAAAGGCTTCGG-1
GRCh38,GCTTCAAAGGGGTTGA-1
GRCh38,GCTTCAGCAAAAGCCA-1
GRCh38,GCTTCAGCAACAGAAT-1
GRCh38,GCTTCAGCAACGCGAG-1
GRCh38,GCTTCAGCAACTGCCA-1
GRCh38,GCTTCAGCAAGGGACT-1
GRCh38,GCTTCAGCAAGTCCAT-1
GRCh38,GCTTCAGCAATGCTAC-1
GRCh38,GCTTCAGCACAAGTCT-1
GRCh38,GCTTCAGCACCATTCC-1
GRCh38,GCTTCAGCACGTAACT-1
GRCh38,GCTTCAGCACGTCAAT-1
GRCh38,GCTTCAGCACTCGTTC-1
GRCh38,GCTTCAGCAGCTAGGG-1
GRCh38,GCTTCAGCAGCTTCAG-1
GRCh38,GCTTCAGCAGTTGGGG-1
GRCh38,GCTTCATTCAAACCAT-1
GRCh38,GCTTCATTCAATGTTA-1
GRCh38,GCTTCATTCACACATG-1
GRCh38,GCTTCATTCATGCGTA-1
GRCh38,GCTTCATTCCAAACCA-1
GRCh38,GCTTCATTCCACCATT-1
GRCh38,GCTTCATTCGGCTTAA-1
GRCh38,GCTTCATTCGTATGTG-1
GRCh38,GCTTCATTCGTTATGG-1
GRCh38,GCTTCATTCGTTGGCG-1
GRCh38,GCTTCCATCACAGGTC-1
GRCh38,GCTTCCATCACGGGTT-1
GRCh38,GCTTCCATCATAACTA-1
GRCh38,GCTTCCATCCGCGGTA-1
GRCh38,GCTTCCATCGCTGAGT-1
GRCh38,GCTTCCATCGTATCTC-1
GRCh38,GCTTCCATCGTTCGTT-1
GRCh38,GCTTCCCAGAAGGCGC-1
GRCh38,GCTTCCCAGAATGATG-1
GRCh38,GCTTCCCAGAATTTGC-1
GRCh38,GCTTCCCAGAGCATTT-1
GRCh38,GCTTCCCAGAGTTTAC-1
GRCh38,GCTTCCCAGATGTGAA-1
GRCh38,GCTTCCCAGCGGGTAA-1
GRCh38,GCTTCCCAGGCCCTGA-1
GRCh38,GCTTCCCAGGGGTATG-1
GRCh38,GCTTCCCAGGGTGAAT-1
GRCh38,GCTTCCCAGGGTGATG-1
GRCh38,GCTTCCGGTAATCGCG-1
GRCh38,GCTTCCGGTAATTGGC-1
GRCh38,GCTTCCGGTACAAGGA-1
GRCh38,GCTTCCGGTACATTAG-1
GRCh38,GCTTCCGGTACCTTAT-1
GRCh38,GCTTCCGGTAGTCTCC-1
GRCh38,GCTTCCGGTCGTAATA-1
GRCh38,GCTTCCGGTGCGTATG-1
GRCh38,GCTTCCGGTGGGACTC-1
GRCh38,GCTTCGACAAGTCCAT-1
GRCh38,GCTTCGACACAGCGTC-1
GRCh38,GCTTCGACACCCAAGC-1
GRCh38,GCTTCGACACTTCTCA-1
GRCh38,GCTTCGACAGCGCACT-1
GRCh38,GCTTCGACAGTCTTCC-1
GRCh38,GCTTCGCTCATGTCGA-1
GRCh38,GCTTCGCTCCAGTCAA-1
GRCh38,GCTTCGCTCCCAAATG-1
GRCh38,GCTTCGCTCCGAGTGT-1
GRCh38,GCTTCGCTCCTGTACT-1
GRCh38,GCTTCGCTCGGTCCTC-1
GRCh38,GCTTCGCTCGTAATTA-1
GRCh38,GCTTCGCTCGTCAATG-1
GRCh38,GCTTCGCTCGTCTCAT-1
GRCh38,GCTTCGGAGAAAGGAG-1
GRCh38,GCTTCGGAGAACGACG-1
GRCh38,GCTTCGGAGAAGCCAG-1
GRCh38,GCTTCGGAGAAGGCAT-1
GRCh38,GCTTCGGAGAATGCAA-1
GRCh38,GCTTCGGAGATCTTGG-1
GRCh38,GCTTCGGAGCACAATT-1
GRCh38,GCTTCGGAGCACATCA-1
GRCh38,GCTTCGGAGCCAAAGG-1
GRCh38,GCTTCGGAGCCATGGT-1
GRCh38,GCTTCGGAGCGGTTAC-1
GRCh38,GCTTCGGAGGCTTGTA-1
GRCh38,GCTTCGGAGGGAATCG-1
GRCh38,GCTTCGGAGGGATGAT-1
GRCh38,GCTTCGGAGGTATATC-1
GRCh38,GCTTCGTGTAAGGAAT-1
GRCh38,GCTTCGTGTATCATGA-1
GRCh38,GCTTCGTGTCATCTTG-1
GRCh38,GCTTCGTGTCCAACGA-1
GRCh38,GCTTCGTGTCCGTCGC-1
GRCh38,GCTTCGTGTGCGTTAG-1
GRCh38,GCTTCGTGTGTATAGC-1
GRCh38,GCTTCTAGTACCTATT-1
GRCh38,GCTTCTAGTAGACTCG-1
GRCh38,GCTTCTAGTAGCTTGG-1
GRCh38,GCTTCTAGTAGTCTCC-1
GRCh38,GCTTCTAGTATAGTGC-1
GRCh38,GCTTCTAGTCACCCAT-1
GRCh38,GCTTCTAGTCAGTCTC-1
GRCh38,GCTTCTAGTCAGTTGG-1
GRCh38,GCTTCTAGTCGTTGCT-1
GRCh38,GCTTCTAGTCTATGTT-1
GRCh38,GCTTCTAGTGCATTCC-1
GRCh38,GCTTCTAGTGGATATC-1
GRCh38,GCTTCTAGTGTCGTAG-1
GRCh38,GCTTCTGTCAGGGGTA-1
GRCh38,GCTTCTGTCAGGGTTC-1
GRCh38,GCTTCTGTCATAATCA-1
GRCh38,GCTTCTGTCATACCTC-1
GRCh38,GCTTCTGTCATTGTGG-1
GRCh38,GCTTCTGTCCAATACG-1
GRCh38,GCTTCTGTCCAATCAG-1
GRCh38,GCTTCTGTCCACCGCT-1
GRCh38,GCTTCTGTCCGGACAT-1
GRCh38,GCTTCTGTCCGGGTAT-1
GRCh38,GCTTCTGTCCGTAAAT-1
GRCh38,GCTTCTGTCGCACAAC-1
GRCh38,GCTTCTGTCGCGAAAG-1
GRCh38,GCTTCTGTCGCTTCGC-1
GRCh38,GCTTCTGTCGTCCTAT-1
GRCh38,GCTTCTGTCGTGAGCT-1
GRCh38,GCTTGACAGAACGGAT-1
GRCh38,GCTTGACAGACGGGTA-1
GRCh38,GCTTGACAGAGTCCCG-1
GRCh38,GCTTGACAGCAGGGTA-1
GRCh38,GCTTGACAGCATCACA-1
GRCh38,GCTTGACAGCGATTAT-1
GRCh38,GCTTGACAGCGCCACA-1
GRCh38,GCTTGACAGCGCTTGG-1
GRCh38,GCTTGACAGGCATTCA-1
GRCh38,GCTTGACAGGGAATGT-1
GRCh38,GCTTGACAGGTTGATT-1
GRCh38,GCTTGCGAGAGGACAT-1
GRCh38,GCTTGCGAGCAAGCGA-1
GRCh38,GCTTGCGAGCGGATAG-1
GRCh38,GCTTGCGAGCTGCACG-1
GRCh38,GCTTGCGAGGCAACGA-1
GRCh38,GCTTGCGAGGTATATC-1
GRCh38,GCTTGCTGTAGGCGGA-1
GRCh38,GCTTGCTGTAGTCGAT-1
GRCh38,GCTTGCTGTAGTGATC-1
GRCh38,GCTTGCTGTCAACCCT-1
GRCh38,GCTTGCTGTCAACGTG-1
GRCh38,GCTTGCTGTGTAGTGT-1
GRCh38,GCTTGGAGTAGTCGGC-1
GRCh38,GCTTGGAGTAGTGTGT-1
GRCh38,GCTTGGAGTCTATTCG-1
GRCh38,GCTTGGAGTCTTAATC-1
GRCh38,GCTTGGAGTGGCCCCT-1
GRCh38,GCTTGGAGTGGCGTGT-1
GRCh38,GCTTGGAGTGGTTAGT-1
GRCh38,GCTTGGAGTGTGCCCC-1
GRCh38,GCTTGTAAGACTATGT-1
GRCh38,GCTTGTAAGACTCAGC-1
GRCh38,GCTTGTAAGCAAGCTC-1
GRCh38,GCTTGTAAGCCTGCAG-1
GRCh38,GCTTGTAAGCGTGCAT-1
GRCh38,GCTTGTAAGGGCGATA-1
GRCh38,GCTTGTAAGGGCTAGA-1
GRCh38,GCTTGTAAGGGCTCAT-1
GRCh38,GCTTGTAAGGGTTAGG-1
GRCh38,GCTTGTCGTAACTTTC-1
GRCh38,GCTTGTCGTACTTCTG-1
GRCh38,GCTTGTCGTAGCATCG-1
GRCh38,GCTTGTCGTAGGCCGT-1
GRCh38,GCTTGTCGTAGGGTAA-1
GRCh38,GCTTGTCGTAGGTATC-1
GRCh38,GCTTGTCGTATCCAGG-1
GRCh38,GCTTGTCGTATGAGGA-1
GRCh38,GCTTGTCGTATTACAG-1
GRCh38,GCTTGTCGTATTATCC-1
GRCh38,GCTTGTCGTCAATGCG-1
GRCh38,GCTTGTCGTCATCTAT-1
GRCh38,GCTTGTCGTCCTATTG-1
GRCh38,GCTTGTCGTCGATTGG-1
GRCh38,GCTTGTCGTCGCTGGG-1
GRCh38,GCTTGTCGTCTCCGCA-1
GRCh38,GCTTGTCGTCTGGCTT-1
GRCh38,GCTTGTCGTGGTTATA-1
GRCh38,GCTTGTCGTGTTCTCA-1
GRCh38,GCTTTAACAAAGTTCC-1
GRCh38,GCTTTAACAAATCGGA-1
GRCh38,GCTTTAACAATCACGT-1
GRCh38,GCTTTAACAATTAACT-1
GRCh38,GCTTTAACACAAGGGT-1
GRCh38,GCTTTAACACGGCTAC-1
GRCh38,GCTTTAACACGTCAGC-1
GRCh38,GCTTTAACAGGTAGCG-1
GRCh38,GCTTTAACAGTCATCG-1
GRCh38,GCTTTACTCAACCCAA-1
GRCh38,GCTTTACTCATTAAGC-1
GRCh38,GCTTTACTCCAATATA-1
GRCh38,GCTTTACTCCCTTCGA-1
GRCh38,GCTTTACTCCTAAGCA-1
GRCh38,GCTTTACTCGGGCTCA-1
GRCh38,GCTTTAGAGACCTTTC-1
GRCh38,GCTTTAGAGACTCCAA-1
GRCh38,GCTTTAGAGATACAGA-1
GRCh38,GCTTTAGAGCACGCCA-1
GRCh38,GCTTTAGAGCGATTTG-1
GRCh38,GCTTTAGAGCGTTAGC-1
GRCh38,GCTTTAGAGCTGCTAA-1
GRCh38,GCTTTAGAGGCTTAAT-1
GRCh38,GCTTTAGAGGGAATAC-1
GRCh38,GCTTTCAGTAACCCGA-1
GRCh38,GCTTTCAGTATACGTA-1
GRCh38,GCTTTCAGTATGGCCA-1
GRCh38,GCTTTCAGTCAATTCT-1
GRCh38,GCTTTCAGTCCTTTGA-1
GRCh38,GCTTTCAGTCGCCTAT-1
GRCh38,GCTTTCAGTCTAACCC-1
GRCh38,GCTTTCAGTGCCTGGG-1
GRCh38,GCTTTCGTCAAAGGTA-1
GRCh38,GCTTTCGTCACGATAT-1
GRCh38,GCTTTCGTCATAATGC-1
GRCh38,GCTTTCGTCCCAAAGC-1
GRCh38,GCTTTCGTCCCATCCA-1
GRCh38,GCTTTCGTCCGCCTAC-1
GRCh38,GCTTTCGTCGCGGCTA-1
GRCh38,GCTTTCGTCGTAACCA-1
GRCh38,GCTTTCGTCGTATCTC-1
GRCh38,GCTTTGAAGAAAGTCA-1
GRCh38,GCTTTGAAGAAATTGG-1
GRCh38,GCTTTGAAGAACCATT-1
GRCh38,GCTTTGAAGAATACAG-1
GRCh38,GCTTTGAAGAATGTAG-1
GRCh38,GCTTTGAAGCCACTAA-1
GRCh38,GCTTTGAAGCCTGGTG-1
GRCh38,GCTTTGAAGCTGGTCG-1
GRCh38,GCTTTGAAGGTATTCG-1
GRCh38,GCTTTGAAGGTCTATG-1
GRCh38,GCTTTGAAGGTGCCAT-1
GRCh38,GCTTTGAAGGTGCGAA-1
GRCh38,GGAAACCCAACACGAA-1
GRCh38,GGAAACCCAACAGGGT-1
GRCh38,GGAAACCCAACCTAAC-1
GRCh38,GGAAACCCACCATAAC-1
GRCh38,GGAAACCCACGATAAG-1
GRCh38,GGAAACCCACGGTGTC-1
GRCh38,GGAAACCCACGTAGAA-1
GRCh38,GGAAACCCAGCATCGC-1
GRCh38,GGAAACCCAGGACTTT-1
GRCh38,GGAAACCCAGGTAACA-1
GRCh38,GGAAACCCAGTTAGAG-1
GRCh38,GGAAACGTCAGGCTCG-1
GRCh38,GGAAACGTCCATGGCG-1
GRCh38,GGAAACGTCCTAGGGT-1
GRCh38,GGAAACGTCCTGCGTC-1
GRCh38,GGAAACGTCCTGTTCG-1
GRCh38,GGAAACGTCGCGAGTT-1
GRCh38,GGAAACTAGAAAGGAG-1
GRCh38,GGAAACTAGAAGCGTG-1
GRCh38,GGAAACTAGAGGACGC-1
GRCh38,GGAAACTAGCCATAGC-1
GRCh38,GGAAACTAGCCTGGCA-1
GRCh38,GGAAACTAGCTTGGCG-1
GRCh38,GGAAACTAGGCCATAC-1
GRCh38,GGAAACTAGGCGTAGA-1
GRCh38,GGAAACTAGGTGCGAA-1
GRCh38,GGAAACTAGGTTAGTT-1
GRCh38,GGAAAGCGTAACGAAG-1
GRCh38,GGAAAGCGTAGGAGGT-1
GRCh38,GGAAAGCGTAGGATAG-1
GRCh38,GGAAAGCGTCCTTAGC-1
GRCh38,GGAAAGCGTGGGATAA-1
GRCh38,GGAAAGCGTGGGTCTA-1
GRCh38,GGAAAGCGTGTGTGCA-1
GRCh38,GGAAAGGCAAACTCAC-1
GRCh38,GGAAAGGCAACCCACA-1
GRCh38,GGAAAGGCAATTGTAT-1
GRCh38,GGAAAGGCACATTCGG-1
GRCh38,GGAAAGGCACGATAGA-1
GRCh38,GGAAAGGCACTAATAT-1
GRCh38,GGAAAGGCAGCTATTA-1
GRCh38,GGAAAGGCAGCTCTAG-1
GRCh38,GGAAAGGCAGCTTACG-1
GRCh38,GGAAAGGCAGCTTATA-1
GRCh38,GGAAAGTTCAGCCTCC-1
GRCh38,GGAAAGTTCCATTCTA-1
GRCh38,GGAAAGTTCCATTGTC-1
GRCh38,GGAAAGTTCGGACGTT-1
GRCh38,GGAAAGTTCGGTTACA-1
GRCh38,GGAAAGTTCGTAGGTC-1
GRCh38,GGAAATCAGAAACCGG-1
GRCh38,GGAAATCAGAACCAGG-1
GRCh38,GGAAATCAGAACGAAC-1
GRCh38,GGAAATCAGAATGCCC-1
GRCh38,GGAAATCAGACACCGT-1
GRCh38,GGAAATCAGAGAATTG-1
GRCh38,GGAAATCAGAGACATA-1
GRCh38,GGAAATCAGATACCAT-1
GRCh38,GGAAATCAGCGAAACG-1
GRCh38,GGAAATCAGCGTTTGA-1
GRCh38,GGAAATGGTAGAGTGA-1
GRCh38,GGAAATGGTATCGCTC-1
GRCh38,GGAAATGGTCATGGAT-1
GRCh38,GGAAATGGTCCAGAAT-1
GRCh38,GGAAATGGTCGACGTA-1
GRCh38,GGAAATGGTCTATCGC-1
GRCh38,GGAAATGGTCTATGTT-1
GRCh38,GGAAATGGTGGCATAT-1
GRCh38,GGAAATGGTGGGCAAG-1
GRCh38,GGAAATGGTGTGGCGT-1
GRCh38,GGAACCCGTAACGCAT-1
GRCh38,GGAACCCGTAATCCCC-1
GRCh38,GGAACCCGTAATGTTG-1
GRCh38,GGAACCCGTACGGATT-1
GRCh38,GGAACCCGTCCGGCCT-1
GRCh38,GGAACCCGTCGTCGGG-1
GRCh38,GGAACCCGTGGCCCCT-1
GRCh38,GGAACCCGTGGCGATC-1
GRCh38,GGAACCCGTGTCATGG-1
GRCh38,GGAACCCGTGTCGTAG-1
GRCh38,GGAACCCGTGTGCCTT-1
GRCh38,GGAACCGCAAAGTGCA-1
GRCh38,GGAACCGCAACATCCG-1
GRCh38,GGAACCGCAAGCATAG-1
GRCh38,GGAACCGCAAGGACAC-1
GRCh38,GGAACCGCAATAGGCA-1
GRCh38,GGAACCGCAGCCTGAC-1
GRCh38,GGAACCGCAGCGTAGG-1
GRCh38,GGAACCGCAGTAATCC-1
GRCh38,GGAACCGCAGTTGGAA-1
GRCh38,GGAACGGGTAAGTCCG-1
GRCh38,GGAACGGGTAGGACCC-1
GRCh38,GGAACGGGTATCCCCG-1
GRCh38,GGAACGGGTCCGTAAG-1
GRCh38,GGAACGGGTCGGGTAC-1
GRCh38,GGAACGGGTGCTTTCA-1
GRCh38,GGAACGGGTGGACTAT-1
GRCh38,GGAACGGGTGGGGTTC-1
GRCh38,GGAACGTCAAAAGCAT-1
GRCh38,GGAACGTCAAAAGGAA-1
GRCh38,GGAACGTCAACGAACA-1
GRCh38,GGAACGTCAATTACGC-1
GRCh38,GGAACGTCACAACAGA-1
GRCh38,GGAACGTCACACCTCT-1
GRCh38,GGAACGTCAGGAAACC-1
GRCh38,GGAACGTCAGGTTAGA-1
GRCh38,GGAACTACAAACTAGG-1
GRCh38,GGAACTACAAGTCGAA-1
GRCh38,GGAACTACAAGTGCAA-1
GRCh38,GGAACTACAATGAATA-1
GRCh38,GGAACTACAATTCTAG-1
GRCh38,GGAACTACACATGCGC-1
GRCh38,GGAACTACACCTGCAA-1
GRCh38,GGAACTACACCTTCTA-1
GRCh38,GGAACTACACTGGAGG-1
GRCh38,GGAACTACAGGATAGC-1
GRCh38,GGAACTACAGTCTAAC-1
GRCh38,GGAACTACAGTTAGAG-1
GRCh38,GGAACTTGTAACGCTG-1
GRCh38,GGAACTTGTAGGTTTA-1
GRCh38,GGAACTTGTATGCCTC-1
GRCh38,GGAACTTGTCGAAGGG-1
GRCh38,GGAACTTGTCGGATAT-1
GRCh38,GGAACTTGTGCAGTCA-1
GRCh38,GGAACTTGTGGACTGC-1
GRCh38,GGAACTTGTGTATGTA-1
GRCh38,GGAACTTGTGTTAGGT-1
GRCh38,GGAAGCATCAACCCAA-1
GRCh38,GGAAGCATCAGAAGTA-1
GRCh38,GGAAGCATCAGTGATT-1
GRCh38,GGAAGCATCCAAGCGT-1
GRCh38,GGAAGCATCCAGCAGT-1
GRCh38,GGAAGCATCCAGCCCT-1
GRCh38,GGAAGCATCCCCAATT-1
GRCh38,GGAAGCATCCCTATTA-1
GRCh38,GGAAGCATCGCCTACC-1
GRCh38,GGAAGCATCGCTTTCG-1
GRCh38,GGAAGCATCGGTCGCA-1
GRCh38,GGAAGCCAGAACGTGG-1
GRCh38,GGAAGCCAGAATTCCG-1
GRCh38,GGAAGCCAGACCCGAT-1
GRCh38,GGAAGCCAGAGTACGG-1
GRCh38,GGAAGCCAGAGTCCAC-1
GRCh38,GGAAGCCAGATGCGAG-1
GRCh38,GGAAGCCAGGTCGCCA-1
GRCh38,GGAAGCTCAATGCCCA-1
GRCh38,GGAAGCTCACTTAAAT-1
GRCh38,GGAAGCTCAGCCATAT-1
GRCh38,GGAAGCTCAGCGCGAA-1
GRCh38,GGAAGCTCAGCGTAGG-1
GRCh38,GGAAGCTCAGGTTCAT-1
GRCh38,GGAAGCTCAGTACATC-1
GRCh38,GGAAGCTCAGTTGGTT-1
GRCh38,GGAAGGACAAACTACC-1
GRCh38,GGAAGGACACGACCTA-1
GRCh38,GGAAGGACACTTCATT-1
GRCh38,GGAAGTAGTATAAGGG-1
GRCh38,GGAAGTAGTCACGCTT-1
GRCh38,GGAAGTAGTCGAGGGA-1
GRCh38,GGAAGTAGTGCGTCTT-1
GRCh38,GGAAGTAGTGCTTGCT-1
GRCh38,GGAAGTAGTGCTTGGA-1
GRCh38,GGAAGTAGTGGAAGTA-1
GRCh38,GGAAGTAGTGTACCCT-1
GRCh38,GGAATACAGAAAGCGT-1
GRCh38,GGAATACAGAGGTACG-1
GRCh38,GGAATACAGATTGTGT-1
GRCh38,GGAATACAGCAAGTTT-1
GRCh38,GGAATACAGCAGGGGT-1
GRCh38,GGAATACAGCATCTAG-1
GRCh38,GGAATACAGCCCAGCA-1
GRCh38,GGAATACAGCCCATTT-1
GRCh38,GGAATACAGCTAACAT-1
GRCh38,GGAATACAGGCATGGA-1
GRCh38,GGAATACAGGCTTCCC-1
GRCh38,GGAATATCAAACGGTA-1
GRCh38,GGAATATCAACGGCAG-1
GRCh38,GGAATATCACAAGTCT-1
GRCh38,GGAATATCACCGCATA-1
GRCh38,GGAATATCACGTACGC-1
GRCh38,GGAATATCAGGGTCAG-1
GRCh38,GGAATATCAGTCATAC-1
GRCh38,GGAATCACAAATATCT-1
GRCh38,GGAATCACAACCACAT-1
GRCh38,GGAATCACAACGATAG-1
GRCh38,GGAATCACAACTGCAT-1
GRCh38,GGAATCACAAGTCCAT-1
GRCh38,GGAATCACACACCGTA-1
GRCh38,GGAATCACACATTGGT-1
GRCh38,GGAATCACACTAGGAA-1
GRCh38,GGAATCACAGCCAACC-1
GRCh38,GGAATCACAGTCATCG-1
GRCh38,GGAATCACAGTCTTCC-1
GRCh38,GGAATCGAGAGCAAGT-1
GRCh38,GGAATCGAGAGCATGG-1
GRCh38,GGAATCGAGAGCATTT-1
GRCh38,GGAATCGAGATCGATT-1
GRCh38,GGAATCGAGCTACATG-1
GRCh38,GGAATCGAGGCGTAGA-1
GRCh38,GGAATCGAGGCTCTAA-1
GRCh38,GGAATCGAGGGACAAT-1
GRCh38,GGAATCGAGGGCATGA-1
GRCh38,GGAATCGAGGGGTAAT-1
GRCh38,GGAATCGAGGTGAGTG-1
GRCh38,GGAATCGAGGTTGCCG-1
GRCh38,GGAATCTGTATTCGGG-1
GRCh38,GGAATCTGTCACGGCG-1
GRCh38,GGAATCTGTCATAGGT-1
GRCh38,GGAATCTGTCATCATT-1
GRCh38,GGAATCTGTGGGGTAG-1
GRCh38,GGAATGAGTAGAGATG-1
GRCh38,GGAATGAGTAGTAAGG-1
GRCh38,GGAATGAGTAGTTGCG-1
GRCh38,GGAATGAGTCAAAGCT-1
GRCh38,GGAATGAGTCAAAGGA-1
GRCh38,GGAATGAGTCCAGTAG-1
GRCh38,GGAATGAGTCCCATGT-1
GRCh38,GGAATGAGTCTGGAAT-1
GRCh38,GGAATGAGTGGCACGT-1
GRCh38,GGAATGAGTGTTGTGG-1
GRCh38,GGAATGGTCAAATGCT-1
GRCh38,GGAATGGTCAAGGTAA-1
GRCh38,GGAATGGTCAAGTCGC-1
GRCh38,GGAATGGTCATGTCCT-1
GRCh38,GGAATGGTCCAAGACC-1
GRCh38,GGAATGGTCCACTCCA-1
GRCh38,GGAATGGTCCCAACCC-1
GRCh38,GGAATGGTCCCTTAAC-1
GRCh38,GGAATGGTCCTCGCTA-1
GRCh38,GGAATGGTCGCTGTGG-1
GRCh38,GGAATGGTCGGTGGTT-1
GRCh38,GGAATGGTCGTCGAGT-1
GRCh38,GGAATGGTCGTGAGCT-1
GRCh38,GGAATGGTCGTGCAGT-1
GRCh38,GGAATGTAGACCCCGA-1
GRCh38,GGAATGTAGACTGATT-1
GRCh38,GGAATGTAGAGGTTGG-1
GRCh38,GGAATGTAGCAACCCG-1
GRCh38,GGAATGTAGCATCGAC-1
GRCh38,GGAATGTAGGTAGTGG-1
GRCh38,GGAATGTAGGTCGTAC-1
GRCh38,GGAATTAAGATGTAGA-1
GRCh38,GGAATTAAGCAAGCTC-1
GRCh38,GGAATTAAGCACCTTT-1
GRCh38,GGAATTAAGCGGCCTA-1
GRCh38,GGAATTAAGCGTAATT-1
GRCh38,GGAATTAAGCTAGGAG-1
GRCh38,GGAATTAAGCTGCGTG-1
GRCh38,GGAATTAAGGCATCAC-1
GRCh38,GGAATTAAGGCTTCCC-1
GRCh38,GGAATTAAGGGCTAGA-1
GRCh38,GGAATTCGTAAACGGA-1
GRCh38,GGAATTCGTACAAGGA-1
GRCh38,GGAATTCGTACTGGGC-1
GRCh38,GGAATTCGTACTTCGC-1
GRCh38,GGAATTCGTATTGTAG-1
GRCh38,GGAATTCGTCACACTC-1
GRCh38,GGAATTCGTCACCCGC-1
GRCh38,GGAATTCGTCCTCGAT-1
GRCh38,GGAATTCGTCGCCGTC-1
GRCh38,GGAATTCGTGGCTTTC-1
GRCh38,GGAATTCGTGGGTGAG-1
GRCh38,GGAATTCGTGTTAAGC-1
GRCh38,GGACAACCAAAGCTAG-1
GRCh38,GGACAACCAACATAGG-1
GRCh38,GGACAACCAACCTAAC-1
GRCh38,GGACAACCAACTCGCA-1
GRCh38,GGACAACCAAGCCGTC-1
GRCh38,GGACAACCAATGCGCC-1
GRCh38,GGACAACCAATGGGAC-1
GRCh38,GGACAACCAATTATCG-1
GRCh38,GGACAACCACAAGCCC-1
GRCh38,GGACAACCACACGCAC-1
GRCh38,GGACAACCACAGTCAT-1
GRCh38,GGACAACCACCACACA-1
GRCh38,GGACAACCACCACTAG-1
GRCh38,GGACAACCACGCAGGA-1
GRCh38,GGACAACCACGGGTCT-1
GRCh38,GGACAACCACTGAAAG-1
GRCh38,GGACAACCAGCACCTA-1
GRCh38,GGACAACCAGCGGTCT-1
GRCh38,GGACAACCAGGCGTAG-1
GRCh38,GGACAATAGATACAGA-1
GRCh38,GGACAATAGCGAAGTG-1
GRCh38,GGACAATAGCTCGAGT-1
GRCh38,GGACAATAGGGAAACT-1
GRCh38,GGACAATAGGGCATGA-1
GRCh38,GGACAATAGGGCTTCG-1
GRCh38,GGACACAAGAAACGTA-1
GRCh38,GGACACAAGACGAACG-1
GRCh38,GGACACAAGATATGAG-1
GRCh38,GGACACAAGCAGGGAC-1
GRCh38,GGACACAAGCATTTGG-1
GRCh38,GGACACAAGCCGCTAG-1
GRCh38,GGACACAAGGTCATCA-1
GRCh38,GGACACGCAAAACCTC-1
GRCh38,GGACACGCAAACCGAA-1
GRCh38,GGACACGCAAATTGCC-1
GRCh38,GGACACGCAACACAGA-1
GRCh38,GGACACGCAATAGCGA-1
GRCh38,GGACACGCAATGGACA-1
GRCh38,GGACACGCACAATCAC-1
GRCh38,GGACACGCACCTCACT-1
GRCh38,GGACACGCACGGCTAC-1
GRCh38,GGACACGCACTAGGAA-1
GRCh38,GGACACGCAGTGCACC-1
GRCh38,GGACACTTCACGTAAT-1
GRCh38,GGACACTTCACTCTGT-1
GRCh38,GGACACTTCATACGTG-1
GRCh38,GGACACTTCATCTCTA-1
GRCh38,GGACACTTCATGCTTC-1
GRCh38,GGACACTTCCTTCGCA-1
GRCh38,GGACACTTCGCTCTCA-1
GRCh38,GGACACTTCGGCGAAA-1
GRCh38,GGACACTTCGGTCAAC-1
GRCh38,GGACACTTCGTGCTCC-1
GRCh38,GGACATACAAACGGCG-1
GRCh38,GGACATACAACGTAAG-1
GRCh38,GGACATACAATATGTT-1
GRCh38,GGACATACACGGTGTC-1
GRCh38,GGACATACAGCTAAGA-1
GRCh38,GGACATACAGGACTAA-1
GRCh38,GGACATCTCAGTACTG-1
GRCh38,GGACATCTCATGGCGT-1
GRCh38,GGACATCTCCGATGGT-1
GRCh38,GGACATCTCCTACTTA-1
GRCh38,GGACATCTCGGAAGCA-1
GRCh38,GGACATCTCGTAGGCT-1
GRCh38,GGACATCTCGTCATCT-1
GRCh38,GGACATGAGACCAGAG-1
GRCh38,GGACATGAGAGGTACG-1
GRCh38,GGACATGAGAGGTTGG-1
GRCh38,GGACATGAGATATACC-1
GRCh38,GGACATGAGATGGGCA-1
GRCh38,GGACATGAGCACCCGA-1
GRCh38,GGACATGAGCCATACA-1
GRCh38,GGACATGAGCGAAGAT-1
GRCh38,GGACATGAGCGCATAC-1
GRCh38,GGACATGAGGCACGTT-1
GRCh38,GGACATGAGGGGTAAT-1
GRCh38,GGACATGAGGGGTTGA-1
GRCh38,GGACCCATCAAATCCG-1
GRCh38,GGACCCATCACGAGCT-1
GRCh38,GGACCCATCACGCTAA-1
GRCh38,GGACCCATCAGCGCAT-1
GRCh38,GGACCCATCATCCCCA-1
GRCh38,GGACCCATCATCGGAC-1
GRCh38,GGACCCATCATGCAGC-1
GRCh38,GGACCCATCCCTCGGT-1
GRCh38,GGACCCATCCTCTCGA-1
GRCh38,GGACCCATCCTTGTGT-1
GRCh38,GGACCGACAATTCTAG-1
GRCh38,GGACCGACACACGGTC-1
GRCh38,GGACCGACAGGTAAGC-1
GRCh38,GGACCGACAGTCACGC-1
GRCh38,GGACCGACAGTGCGGA-1
GRCh38,GGACCGACAGTTGCCA-1
GRCh38,GGACCGTGTAAATGGG-1
GRCh38,GGACCGTGTATCCGTC-1
GRCh38,GGACCGTGTCACGAAT-1
GRCh38,GGACCGTGTCCGACAA-1
GRCh38,GGACCTCCAACACTCG-1
GRCh38,GGACCTCCAACGTAAG-1
GRCh38,GGACCTCCAAGCATAG-1
GRCh38,GGACCTCCAAGTTACC-1
GRCh38,GGACCTCCAAGTTTCA-1
GRCh38,GGACCTCCACCCACAA-1
GRCh38,GGACCTCCACCGGTTA-1
GRCh38,GGACCTCCACCGTACA-1
GRCh38,GGACCTCCAGCTCTAG-1
GRCh38,GGACCTCCAGGACTAA-1
GRCh38,GGACCTCCAGGTGCGA-1
GRCh38,GGACCTGTCACGTAAT-1
GRCh38,GGACCTGTCACTACTC-1
GRCh38,GGACCTGTCCAATACG-1
GRCh38,GGACCTGTCCTCAGCC-1
GRCh38,GGACCTGTCCTGCATT-1
GRCh38,GGACCTGTCCTTAATT-1
GRCh38,GGACCTGTCGTAACTG-1
GRCh38,GGACCTGTCGTGTTGA-1
GRCh38,GGACGACAGACCCGAT-1
GRCh38,GGACGACAGAGTCCAC-1
GRCh38,GGACGACAGATTCAGT-1
GRCh38,GGACGACAGCACCAAC-1
GRCh38,GGACGACAGCGAATTT-1
GRCh38,GGACGACAGCGCCAAT-1
GRCh38,GGACGACAGCTATTGG-1
GRCh38,GGACGACAGGCCTCGA-1
GRCh38,GGACGACAGGGCGTAA-1
GRCh38,GGACGACAGGTTGCCG-1
GRCh38,GGACGCACAATATTAC-1
GRCh38,GGACGCACAATGCCGC-1
GRCh38,GGACGCACACACATAC-1
GRCh38,GGACGCACACTAAATT-1
GRCh38,GGACGCTGTCCAGATG-1
GRCh38,GGACGCTGTCGCGCTC-1
GRCh38,GGACGCTGTCTTCTAG-1
GRCh38,GGACGCTGTGCCTTTA-1
GRCh38,GGACGCTGTGCTTCCG-1
GRCh38,GGACGGAGTAAGGTCT-1
GRCh38,GGACGGAGTACTTCTG-1
GRCh38,GGACGGAGTATACTAG-1
GRCh38,GGACGGAGTATTCTGT-1
GRCh38,GGACGGAGTCAGTCTC-1
GRCh38,GGACGGAGTCAGTTCC-1
GRCh38,GGACGGAGTCCCTAGT-1
GRCh38,GGACGGAGTCCCTTGG-1
GRCh38,GGACGGAGTCGATGGC-1
GRCh38,GGACGGAGTGGAACCC-1
GRCh38,GGACGGAGTGTGGCGT-1
GRCh38,GGACGGTAGCATGGAG-1
GRCh38,GGACGGTAGGGTTAGG-1
GRCh38,GGACGGTAGGTATTGT-1
GRCh38,GGACGTAAGAAAGGAG-1
GRCh38,GGACGTAAGAAGGGCC-1
GRCh38,GGACGTAAGCCGACAT-1
GRCh38,GGACGTAAGCTTGATG-1
GRCh38,GGACGTAAGGCACAAG-1
GRCh38,GGACGTAAGGTCTATG-1
GRCh38,GGACGTTTCACCCCTA-1
GRCh38,GGACGTTTCACGCCCT-1
GRCh38,GGACGTTTCACGCGTG-1
GRCh38,GGACGTTTCATGGTGC-1
GRCh38,GGACGTTTCCATATGG-1
GRCh38,GGACGTTTCCGCAGCA-1
GRCh38,GGACGTTTCCTATCCG-1
GRCh38,GGACGTTTCCTCGTCA-1
GRCh38,GGACGTTTCCTCGTTG-1
GRCh38,GGACGTTTCGGGTCAT-1
GRCh38,GGACGTTTCGTATACG-1
GRCh38,GGACTAACAAATCGGA-1
GRCh38,GGACTAACAACATCAC-1
GRCh38,GGACTAACAACGCGTC-1
GRCh38,GGACTAACAACTGGGG-1
GRCh38,GGACTAACAATAGGGC-1
GRCh38,GGACTAACAATCATTG-1
GRCh38,GGACTAACAATCCAAC-1
GRCh38,GGACTAACAATCCCGA-1
GRCh38,GGACTAACACAATTAT-1
GRCh38,GGACTAACACATGCCA-1
GRCh38,GGACTAACACCACAAT-1
GRCh38,GGACTAACACGAAGGT-1
GRCh38,GGACTAACACGATTTA-1
GRCh38,GGACTAACAGGGCTAG-1
GRCh38,GGACTAACAGTCCGTA-1
GRCh38,GGACTAACAGTGAAGC-1
GRCh38,GGACTAACAGTGCGGA-1
GRCh38,GGACTACTCAAGTTCG-1
GRCh38,GGACTACTCAATTCGG-1
GRCh38,GGACTACTCACGCCCT-1
GRCh38,GGACTACTCCAACCTT-1
GRCh38,GGACTACTCCACACCC-1
GRCh38,GGACTACTCCCTAGTT-1
GRCh38,GGACTACTCCGATACA-1
GRCh38,GGACTACTCCTAGTTC-1
GRCh38,GGACTACTCGCAAGTC-1
GRCh38,GGACTACTCGCATAAT-1
GRCh38,GGACTACTCGGACCTG-1
GRCh38,GGACTATGTACGGTTG-1
GRCh38,GGACTATGTACTTGCC-1
GRCh38,GGACTATGTATCCGAG-1
GRCh38,GGACTATGTATGTGCG-1
GRCh38,GGACTATGTCAGCCTT-1
GRCh38,GGACTATGTCCTTCGG-1
GRCh38,GGACTATGTCGCCGTC-1
GRCh38,GGACTATGTCTTAGCC-1
GRCh38,GGACTATGTGGCGAAG-1
GRCh38,GGACTATGTGTAAGTC-1
GRCh38,GGACTATGTGTACGTG-1
GRCh38,GGACTGAAGATAATCC-1
GRCh38,GGACTGAAGCATTTCC-1
GRCh38,GGACTGAAGCCACTTT-1
GRCh38,GGACTGAAGCGTCAAC-1
GRCh38,GGACTGAAGCGTTAGC-1
GRCh38,GGACTGAAGCTACAAT-1
GRCh38,GGACTGAAGCTCATGA-1
GRCh38,GGACTGAAGGGGATAT-1
GRCh38,GGACTGCGTAGGAAAT-1
GRCh38,GGACTGCGTATCAGTA-1
GRCh38,GGACTGCGTATCGCAG-1
GRCh38,GGACTGCGTCCCTGAT-1
GRCh38,GGACTGCGTCTATCCA-1
GRCh38,GGACTGCGTGGCGCAT-1
GRCh38,GGACTGCGTGTATTCT-1
GRCh38,GGACTGCGTGTGCAAT-1
GRCh38,GGACTTATCCACAAGC-1
GRCh38,GGACTTATCCGATGTA-1
GRCh38,GGACTTATCCGTATAG-1
GRCh38,GGACTTATCCTTAACC-1
GRCh38,GGACTTTCAACATCAC-1
GRCh38,GGACTTTCAACGGTCC-1
GRCh38,GGACTTTCAAGGAGGA-1
GRCh38,GGACTTTCAATCCGGC-1
GRCh38,GGACTTTCAATGCCCA-1
GRCh38,GGACTTTCACCGGACT-1
GRCh38,GGACTTTCACGTAGCC-1
GRCh38,GGACTTTCACTATACA-1
GRCh38,GGAGAGGAGACAGCGA-1
GRCh38,GGAGAGGAGACGTTAT-1
GRCh38,GGAGAGGAGACTCGAC-1
GRCh38,GGAGAGGAGCCTACGG-1
GRCh38,GGAGAGGAGCGGTCCA-1
GRCh38,GGAGAGGAGCGGTTTA-1
GRCh38,GGAGAGGAGGGCTTCG-1
GRCh38,GGAGAGGAGGGTTAGG-1
GRCh38,GGAGATTAGAACTCAT-1
GRCh38,GGAGATTAGCCATCAA-1
GRCh38,GGAGATTAGCTCACCC-1
GRCh38,GGAGATTAGCTGCATA-1
GRCh38,GGAGATTAGGGGGTTA-1
GRCh38,GGAGATTAGGTAATGA-1
GRCh38,GGAGATTAGGTCCTAA-1
GRCh38,GGAGCAGGTAATACTG-1
GRCh38,GGAGCAGGTAGGACGG-1
GRCh38,GGAGCAGGTATATCCT-1
GRCh38,GGAGCAGGTCACTATT-1
GRCh38,GGAGCAGGTCATCAGG-1
GRCh38,GGAGCAGGTCCTAGTC-1
GRCh38,GGAGCAGGTCCTTTAG-1
GRCh38,GGAGCAGGTCGGATAT-1
GRCh38,GGAGCAGGTGCACAGC-1
GRCh38,GGAGCAGGTGCCTGGG-1
GRCh38,GGAGCAGGTGGCATAT-1
GRCh38,GGAGCAGGTGTGTCGA-1
GRCh38,GGAGCCACAATGACGA-1
GRCh38,GGAGCCACAATTCAGC-1
GRCh38,GGAGCCACACACGCAC-1
GRCh38,GGAGCCACACAGGTCC-1
GRCh38,GGAGCCACACCGCTAA-1
GRCh38,GGAGCCACACTCCTTA-1
GRCh38,GGAGCCACACTGCGTA-1
GRCh38,GGAGCCTGTAACCGTG-1
GRCh38,GGAGCCTGTAATGGAG-1
GRCh38,GGAGCCTGTAATGGGA-1
GRCh38,GGAGCCTGTACCACTC-1
GRCh38,GGAGCCTGTACGTTGG-1
GRCh38,GGAGCCTGTAGGACGG-1
GRCh38,GGAGCCTGTAGGCTTG-1
GRCh38,GGAGCCTGTATTGGTA-1
GRCh38,GGAGCCTGTCTATGGG-1
GRCh38,GGAGCCTGTGGGTGTC-1
GRCh38,GGAGCCTGTGTTCGTC-1
GRCh38,GGAGCGAGTAACTCCC-1
GRCh38,GGAGCGAGTAGCTTGG-1
GRCh38,GGAGCGAGTAGGCGCT-1
GRCh38,GGAGCGAGTATTATGG-1
GRCh38,GGAGCGAGTCACCCTG-1
GRCh38,GGAGCGAGTCAGTCTC-1
GRCh38,GGAGCGAGTCGCATCT-1
GRCh38,GGAGCGAGTGCAGTCA-1
GRCh38,GGAGCGAGTGGAAAGC-1
GRCh38,GGAGCGAGTGGGGTTC-1
GRCh38,GGAGCGTAGAACACCC-1
GRCh38,GGAGCGTAGAGGGGTC-1
GRCh38,GGAGCGTAGATAATCC-1
GRCh38,GGAGCGTAGCAACCCG-1
GRCh38,GGAGCGTAGCCATCGG-1
GRCh38,GGAGCGTAGCTACATG-1
GRCh38,GGAGCGTAGCTACGTA-1
GRCh38,GGAGCGTAGCTCTCCA-1
GRCh38,GGAGCGTAGCTTCTAC-1
GRCh38,GGAGCGTAGGGATGAT-1
GRCh38,GGAGCGTAGGGCATAG-1
GRCh38,GGAGCGTAGGGGTATG-1
GRCh38,GGAGCTAAGAACGTGG-1
GRCh38,GGAGCTAAGACGCCAT-1
GRCh38,GGAGCTAAGAGTGGGC-1
GRCh38,GGAGCTAAGCACAATT-1
GRCh38,GGAGCTAAGCACCTAA-1
GRCh38,GGAGCTAAGCACGCCA-1
GRCh38,GGAGCTAAGCACGTCG-1
GRCh38,GGAGCTAAGCGCATAC-1
GRCh38,GGAGCTAAGCGGTTCG-1
GRCh38,GGAGCTAAGCTGTTGA-1
GRCh38,GGAGCTAAGGCATCGT-1
GRCh38,GGAGCTAAGGGCATGA-1
GRCh38,GGAGCTCGTACCACTC-1
GRCh38,GGAGCTCGTCACTTAT-1
GRCh38,GGAGCTCGTCCATAGG-1
GRCh38,GGAGCTCGTCCGACAA-1
GRCh38,GGAGCTCGTCCTCTCC-1
GRCh38,GGAGCTCGTCTAATCT-1
GRCh38,GGAGCTCGTGCCCATT-1
GRCh38,GGAGCTCGTGGCTAAT-1
GRCh38,GGAGCTCGTGTCCCTG-1
GRCh38,GGAGCTTTCATGCGTA-1
GRCh38,GGAGCTTTCCGGGCTA-1
GRCh38,GGAGCTTTCCGTTACT-1
GRCh38,GGAGCTTTCGCGCATG-1
GRCh38,GGAGCTTTCGGACGTT-1
GRCh38,GGAGCTTTCGTATGCA-1
GRCh38,GGAGGTATCACCATCT-1
GRCh38,GGAGGTATCAGCCATA-1
GRCh38,GGAGGTATCCCACTCA-1
GRCh38,GGAGGTATCCGAATCA-1
GRCh38,GGAGGTATCGCCCTTA-1
GRCh38,GGAGGTATCGCGTCGA-1
GRCh38,GGAGGTATCGGCGATT-1
GRCh38,GGAGGTATCGTAGTGC-1
GRCh38,GGAGGTCAGAAATTGG-1
GRCh38,GGAGGTCAGACACATT-1
GRCh38,GGAGGTCAGAGCAGAT-1
GRCh38,GGAGGTCAGAGTATAG-1
GRCh38,GGAGGTCAGAGTCCCG-1
GRCh38,GGAGGTCAGCGGGTAA-1
GRCh38,GGAGGTCAGCTACGAC-1
GRCh38,GGAGGTCAGCTGTCGG-1
GRCh38,GGAGGTCAGGCGCATT-1
GRCh38,GGAGGTCAGGGCTAGA-1
GRCh38,GGAGGTCAGGGGTTTC-1
GRCh38,GGAGTAAGTAGCCTTC-1
GRCh38,GGAGTAAGTCCTTGTA-1
GRCh38,GGAGTAAGTGGCGATC-1
GRCh38,GGAGTATAGAAGTACA-1
GRCh38,GGAGTATAGATAGGCG-1
GRCh38,GGAGTATAGATGTATC-1
GRCh38,GGAGTATAGCAAGACG-1
GRCh38,GGAGTATAGCAAGCTC-1
GRCh38,GGAGTATAGGCAACAG-1
GRCh38,GGAGTATAGGCTATGC-1
GRCh38,GGAGTATAGGGAGCTA-1
GRCh38,GGAGTATAGGGCATAG-1
GRCh38,GGAGTATAGGGCTAGA-1
GRCh38,GGAGTCGCAAGCGCAG-1
GRCh38,GGAGTCGCAATGCAGA-1
GRCh38,GGAGTCGCACTAAACC-1
GRCh38,GGAGTCGCACTTCATT-1
GRCh38,GGAGTCGCAGCACGGA-1
GRCh38,GGAGTCGCAGGTGATA-1
GRCh38,GGAGTCTTCAAGCGTC-1
GRCh38,GGAGTCTTCACATTCC-1
GRCh38,GGAGTCTTCCATGCTT-1
GRCh38,GGAGTCTTCCCGAAAC-1
GRCh38,GGAGTCTTCCCTTGTG-1
GRCh38,GGAGTCTTCCTACGCC-1
GRCh38,GGAGTCTTCGTATGTG-1
GRCh38,GGAGTCTTCGTCATCT-1
GRCh38,GGAGTCTTCGTTGTCT-1
GRCh38,GGAGTGGGTACTACAA-1
GRCh38,GGAGTGGGTATCATGA-1
GRCh38,GGAGTGGGTATCCTAT-1
GRCh38,GGAGTGGGTCATAGTA-1
GRCh38,GGAGTGGGTCCAGCCC-1
GRCh38,GGAGTGGGTCGTAATA-1
GRCh38,GGAGTGGGTCTAAAGC-1
GRCh38,GGAGTGGGTCTAAGTA-1
GRCh38,GGAGTGGGTCTGCAAG-1
GRCh38,GGAGTGGGTCTGCGCC-1
GRCh38,GGAGTGGGTGTAAGGA-1
GRCh38,GGAGTGGGTGTACCCT-1
GRCh38,GGAGTTACAAAAGCAT-1
GRCh38,GGAGTTACAAATATCT-1
GRCh38,GGAGTTACAAATGCGA-1
GRCh38,GGAGTTACAACAATGG-1
GRCh38,GGAGTTACAACATCCG-1
GRCh38,GGAGTTACAACCTATA-1
GRCh38,GGAGTTACAAGCGAAC-1
GRCh38,GGAGTTACAATCAGAG-1
GRCh38,GGAGTTACAATCGCAT-1
GRCh38,GGAGTTACACAACGCC-1
GRCh38,GGAGTTACACTGGGGA-1
GRCh38,GGAGTTGAGAATTCGT-1
GRCh38,GGAGTTGAGCACGAAG-1
GRCh38,GGAGTTGAGCCAACCG-1
GRCh38,GGAGTTGAGCGAACGA-1
GRCh38,GGAGTTGAGCTCGTAA-1
GRCh38,GGATAAGGTAGCTGAT-1
GRCh38,GGATAAGGTAGGAGTA-1
GRCh38,GGATAAGGTAGGTATC-1
GRCh38,GGATAAGGTAGTCGCA-1
GRCh38,GGATAAGGTATTCGGG-1
GRCh38,GGATAAGGTCGACTAG-1
GRCh38,GGATAAGGTCTCGATC-1
GRCh38,GGATAAGGTGGAGTGG-1
GRCh38,GGATAAGGTGGCTAGC-1
GRCh38,GGATAAGGTGTTCGAG-1
GRCh38,GGATACCTCAACTGCA-1
GRCh38,GGATACCTCAGCTATG-1
GRCh38,GGATACCTCATCTCTA-1
GRCh38,GGATACCTCCCGCATC-1
GRCh38,GGATACCTCCCGCTTA-1
GRCh38,GGATACCTCCGATGTA-1
GRCh38,GGATACCTCGGAAGCA-1
GRCh38,GGATACCTCGGCGATT-1
GRCh38,GGATACCTCGTCTCGC-1
GRCh38,GGATAGCCAAAACCAG-1
GRCh38,GGATAGCCAACATAGG-1
GRCh38,GGATAGCCAATAGCCT-1
GRCh38,GGATAGCCAATGAAAC-1
GRCh38,GGATAGCCAATTGCTA-1
GRCh38,GGATAGCCACATAACC-1
GRCh38,GGATAGCCACATGATC-1
GRCh38,GGATAGCCACCAGGCT-1
GRCh38,GGATAGCCACGAGTAA-1
GRCh38,GGATAGCCACTAAAGG-1
GRCh38,GGATAGCCACTGGGCT-1
GRCh38,GGATAGCCAGCTATCG-1
GRCh38,GGATAGTAGAGCGACA-1
GRCh38,GGATAGTAGAGTGCAG-1
GRCh38,GGATAGTAGCCTTGCC-1
GRCh38,GGATAGTAGGTTCGCG-1
GRCh38,GGATATCGTACAATTG-1
GRCh38,GGATATCGTACATATG-1
GRCh38,GGATATCGTAGTCTCC-1
GRCh38,GGATATCGTCGACGTA-1
GRCh38,GGATCAACAACCTCTC-1
GRCh38,GGATCAACAATCTGAC-1
GRCh38,GGATCAACACTCACGA-1
GRCh38,GGATCAACAGGAATCA-1
GRCh38,GGATCAACAGGACCTC-1
GRCh38,GGATCAACAGGGTATA-1
GRCh38,GGATCAACAGTGGCAG-1
GRCh38,GGATCAACAGTGTAAG-1
GRCh38,GGATCACTCACAGCGT-1
GRCh38,GGATCACTCACTGTTC-1
GRCh38,GGATCACTCAGCCCTC-1
GRCh38,GGATCACTCAGGACTC-1
GRCh38,GGATCACTCATGTCAG-1
GRCh38,GGATCACTCCAAAGCC-1
GRCh38,GGATCACTCCCTAACT-1
GRCh38,GGATCACTCCGCAGCA-1
GRCh38,GGATCACTCGTATCAG-1
GRCh38,GGATCACTCGTTGGCG-1
GRCh38,GGATCCGTCACTCCCA-1
GRCh38,GGATCCGTCATTCGTC-1
GRCh38,GGATCCGTCGCACTAA-1
GRCh38,GGATCCGTCGGGCCTA-1
GRCh38,GGATCCGTCGTAACCA-1
GRCh38,GGATCCGTCGTCAAAT-1
GRCh38,GGATCCGTCGTTACTC-1
GRCh38,GGATCCGTCGTTGGCG-1
GRCh38,GGATCGCGTAATCTCT-1
GRCh38,GGATCGCGTAGCAGGG-1
GRCh38,GGATCGCGTATCCCCG-1
GRCh38,GGATCGCGTATCTTCG-1
GRCh38,GGATCGCGTATTGGGT-1
GRCh38,GGATCGCGTCAACGTG-1
GRCh38,GGATCGCGTGGAGCTC-1
GRCh38,GGATGACCAAACCCAT-1
GRCh38,GGATGACCAAACTAGG-1
GRCh38,GGATGACCAACCTGCA-1
GRCh38,GGATGACCAAGCGAGT-1
GRCh38,GGATGACCAAGCTGGG-1
GRCh38,GGATGACCAAGTGTTC-1
GRCh38,GGATGACCACGATAAG-1
GRCh38,GGATGACCACGTACGC-1
GRCh38,GGATGACCACTCAATA-1
GRCh38,GGATGACCAGGACGCA-1
GRCh38,GGATGACCAGGCTTCA-1
GRCh38,GGATGACCAGGTACAA-1
GRCh38,GGATGACCAGTAGTAG-1
GRCh38,GGATGATAGAACCAGG-1
GRCh38,GGATGATAGAACGTTT-1
GRCh38,GGATGATAGACAATTC-1
GRCh38,GGATGATAGACGGAGC-1
GRCh38,GGATGATAGACGGCAA-1
GRCh38,GGATGATAGACTATCG-1
GRCh38,GGATGATAGAGGAGCC-1
GRCh38,GGATGATAGCATGCAC-1
GRCh38,GGATGATAGCATGGTC-1
GRCh38,GGATGATAGCATGTTG-1
GRCh38,GGATGATAGCCCTTGC-1
GRCh38,GGATGATAGCCGTCAG-1
GRCh38,GGATGATAGCCGTGAT-1
GRCh38,GGATGATAGCGCTGTG-1
GRCh38,GGATGATAGCGGTCCA-1
GRCh38,GGATGATAGCTGTGCG-1
GRCh38,GGATGGGGTAAAGCTC-1
GRCh38,GGATGGGGTAAGCGTT-1
GRCh38,GGATGGGGTACATTCT-1
GRCh38,GGATGGGGTACGCCGG-1
GRCh38,GGATGGGGTACTGCAG-1
GRCh38,GGATGGGGTCACACCT-1
GRCh38,GGATGGGGTCTCGAAG-1
GRCh38,GGATGGGGTGTGTGCA-1
GRCh38,GGATGGTCAAACGGGT-1
GRCh38,GGATGGTCAACGTGGG-1
GRCh38,GGATGGTCACGTAATC-1
GRCh38,GGATGGTCACTACATA-1
GRCh38,GGATGGTCAGCAGCGA-1
GRCh38,GGATGGTCAGCTAGCC-1
GRCh38,GGATGGTCAGCTCTAG-1
GRCh38,GGATGGTCAGGAAGCT-1
GRCh38,GGATGGTCAGGCTTCA-1
GRCh38,GGATGGTCAGTGAAAT-1
GRCh38,GGATGTCTCAAATCAC-1
GRCh38,GGATGTCTCACGATAT-1
GRCh38,GGATGTCTCAGAAGTA-1
GRCh38,GGATGTCTCAGCGTAC-1
GRCh38,GGATGTCTCATAGTAC-1
GRCh38,GGATGTCTCGGCGCTA-1
GRCh38,GGATGTTGTATACGGT-1
GRCh38,GGATGTTGTATTCTGT-1
GRCh38,GGATGTTGTCAGGGTC-1
GRCh38,GGATGTTGTCCAAAGT-1
GRCh38,GGATGTTGTCCCTCTC-1
GRCh38,GGATGTTGTCGAAGTT-1
GRCh38,GGATGTTGTCGAGCGT-1
GRCh38,GGATGTTGTCTATCCA-1
GRCh38,GGATGTTGTCTCATTG-1
GRCh38,GGATGTTGTCTCGCTG-1
GRCh38,GGATGTTGTCTTCTCT-1
GRCh38,GGATGTTGTGCGCTCC-1
GRCh38,GGATGTTGTGTCCTTA-1
GRCh38,GGATGTTGTGTGCCCC-1
GRCh38,GGATTAAAGATAAGCA-1
GRCh38,GGATTAAAGCGCTCGA-1
GRCh38,GGATTAAAGCGTGAGA-1
GRCh38,GGATTAAAGCGTGGTT-1
GRCh38,GGATTAAAGCTGCGTG-1
GRCh38,GGATTAAAGGGGATCA-1
GRCh38,GGATTAAAGGTAAGTA-1
GRCh38,GGATTAGCAACGCTCA-1
GRCh38,GGATTAGCAATATGCC-1
GRCh38,GGATTAGCACATCTCC-1
GRCh38,GGATTAGCACGATAGA-1
GRCh38,GGATTCGGTAGAGGCG-1
GRCh38,GGATTCGGTCAGGATT-1
GRCh38,GGATTCGGTCGCTCGC-1
GRCh38,GGATTCGGTGGCGCAT-1
GRCh38,GGATTCGGTGGTAAAG-1
GRCh38,GGATTGCTCAGACATT-1
GRCh38,GGATTGCTCAGTTGTG-1
GRCh38,GGATTGCTCATAACAC-1
GRCh38,GGATTGCTCATCTCTA-1
GRCh38,GGATTGCTCCCACACC-1
GRCh38,GGATTGCTCCGGCAAT-1
GRCh38,GGATTGCTCCTGCTAT-1
GRCh38,GGATTGCTCGCGTCGA-1
GRCh38,GGATTGTGTACAGGCC-1
GRCh38,GGATTGTGTACCCATC-1
GRCh38,GGATTGTGTACTACGG-1
GRCh38,GGATTGTGTAGGCTTG-1
GRCh38,GGATTGTGTCGACTAG-1
GRCh38,GGATTGTGTCGCTATC-1
GRCh38,GGATTGTGTCGTTTCA-1
GRCh38,GGATTGTGTGGAACTT-1
GRCh38,GGATTGTGTGGCGCAT-1
GRCh38,GGATTTAGTAAGCCCA-1
GRCh38,GGATTTAGTACGGGCT-1
GRCh38,GGATTTAGTAGCAATC-1
GRCh38,GGATTTAGTATCGCAG-1
GRCh38,GGATTTAGTATGTCGG-1
GRCh38,GGATTTAGTCCATCCG-1
GRCh38,GGATTTAGTCCTTTGA-1
GRCh38,GGATTTAGTCTACTGC-1
GRCh38,GGATTTAGTCTATGTT-1
GRCh38,GGATTTAGTCTCTCGG-1
GRCh38,GGATTTAGTCTGGTGA-1
GRCh38,GGATTTAGTGGAGTAA-1
GRCh38,GGATTTAGTGGGTTTG-1
GRCh38,GGATTTAGTGGTGTGC-1
GRCh38,GGATTTAGTGTTACGG-1
GRCh38,GGATTTCCAAATGCGA-1
GRCh38,GGATTTCCAACTGCCA-1
GRCh38,GGATTTCCAAGCTTCG-1
GRCh38,GGATTTCCAAGGGGAA-1
GRCh38,GGATTTCCAATTCTAG-1
GRCh38,GGATTTCCACAAGCGG-1
GRCh38,GGATTTCCACCACACA-1
GRCh38,GGATTTCCACCCACAA-1
GRCh38,GGATTTCCAGGAACGT-1
GRCh38,GGATTTCCAGGACCGA-1
GRCh38,GGATTTCCAGTCAAGA-1
GRCh38,GGATTTCCAGTGCTCA-1
GRCh38,GGATTTCCAGTTAATT-1
GRCh38,GGCAACTTCATCAATA-1
GRCh38,GGCAACTTCATCCTTA-1
GRCh38,GGCAACTTCATGTCCT-1
GRCh38,GGCAACTTCCCTAAAG-1
GRCh38,GGCAACTTCCCTATTA-1
GRCh38,GGCAACTTCCGATAAT-1
GRCh38,GGCAACTTCCTGAACA-1
GRCh38,GGCAACTTCGTAGATT-1
GRCh38,GGCAACTTCGTCTCCA-1
GRCh38,GGCAAGGGTCTAAATG-1
GRCh38,GGCAAGGGTCTATAAG-1
GRCh38,GGCAATACAAAGCATG-1
GRCh38,GGCAATACAAGTTTCA-1
GRCh38,GGCAATACAATCTGAC-1
GRCh38,GGCAATACAATTCGTA-1
GRCh38,GGCAATACACAATAGG-1
GRCh38,GGCAATACACAGCATT-1
GRCh38,GGCAATACACCCTTTA-1
GRCh38,GGCAATACAGCACCTA-1
GRCh38,GGCAATACAGCTAAAG-1
GRCh38,GGCAATCTCATGTCGA-1
GRCh38,GGCAATCTCCGTATCT-1
GRCh38,GGCAATCTCGGAATGG-1
GRCh38,GGCAATCTCGTCTTAC-1
GRCh38,GGCAATTGTAGGGGCA-1
GRCh38,GGCAATTGTATGTCTT-1
GRCh38,GGCAATTGTCCAACCT-1
GRCh38,GGCAATTGTCCCAATC-1
GRCh38,GGCAATTGTCTACTAT-1
GRCh38,GGCAATTGTCTGCGCC-1
GRCh38,GGCAATTGTGGAGCCT-1
GRCh38,GGCAATTGTGGCTAAT-1
GRCh38,GGCAATTGTGGTGATT-1
GRCh38,GGCACGTGTAACGAAG-1
GRCh38,GGCACGTGTAAGTTGC-1
GRCh38,GGCACGTGTATGTACA-1
GRCh38,GGCACGTGTCCTGATC-1
GRCh38,GGCACGTGTCTTAGTT-1
GRCh38,GGCACGTGTGGGAGAT-1
GRCh38,GGCACTCCAAACCAGA-1
GRCh38,GGCACTCCAAACTCAC-1
GRCh38,GGCACTCCAAGGCACG-1
GRCh38,GGCACTCCACGAGTAA-1
GRCh38,GGCACTCCACGTACGC-1
GRCh38,GGCACTCCACTCATTT-1
GRCh38,GGCACTCCAGGTAGCG-1
GRCh38,GGCATAACAAATTGGG-1
GRCh38,GGCATAACAACGAGGT-1
GRCh38,GGCATAACAAGCTGAA-1
GRCh38,GGCATAACAAGGCCGA-1
GRCh38,GGCATAACACAAATCC-1
GRCh38,GGCATAACACAATGGA-1
GRCh38,GGCATAACACACACGC-1
GRCh38,GGCATAACACATAGAG-1
GRCh38,GGCATAACACATTTAG-1
GRCh38,GGCATAACAGCAACTT-1
GRCh38,GGCATAGAGAATGCCC-1
GRCh38,GGCATAGAGACTGCGT-1
GRCh38,GGCATAGAGCAGGGTA-1
GRCh38,GGCATAGAGCGAATTT-1
GRCh38,GGCATAGAGGCGTCCA-1
GRCh38,GGCATAGAGGCTGTCG-1
GRCh38,GGCATAGAGGTAAGGT-1
GRCh38,GGCATAGAGGTGCGAA-1
GRCh38,GGCATATGTAACCGCA-1
GRCh38,GGCATATGTAATACTG-1
GRCh38,GGCATATGTCCTTCGG-1
GRCh38,GGCATATGTCGGGTAC-1
GRCh38,GGCATATGTCTAGGTG-1
GRCh38,GGCATATGTCTGTGAG-1
GRCh38,GGCATATGTGGTGCGT-1
GRCh38,GGCATATGTGTCCTTA-1
GRCh38,GGCATATGTGTGCGGT-1
GRCh38,GGCATATGTGTTAAGC-1
GRCh38,GGCATGAAGAACCCGT-1
GRCh38,GGCATGAAGAACGGCA-1
GRCh38,GGCATGAAGACAATTC-1
GRCh38,GGCATGAAGACCTATG-1
GRCh38,GGCATGAAGAGTCCCG-1
GRCh38,GGCATGAAGATCGACC-1
GRCh38,GGCATGAAGCAAAGGT-1
GRCh38,GGCATGAAGCTAGGAG-1
GRCh38,GGCATGAAGGCCATAC-1
GRCh38,GGCATGAAGGGCTTGT-1
GRCh38,GGCATGCGTACGGATT-1
GRCh38,GGCATGCGTAGCGTAT-1
GRCh38,GGCATGCGTCACCGGG-1
GRCh38,GGCATGCGTCAGGTAT-1
GRCh38,GGCATGCGTCCGACAA-1
GRCh38,GGCATGCGTCCTCATA-1
GRCh38,GGCATGCGTCGCTGCC-1
GRCh38,GGCATGCGTCTCTCGG-1
GRCh38,GGCATGCGTGCGTTAG-1
GRCh38,GGCATGCGTGTCATGG-1
GRCh38,GGCATGCGTGTCGATG-1
GRCh38,GGCATGCGTGTTATAG-1
GRCh38,GGCATTATCAATCGTG-1
GRCh38,GGCATTATCAGACAGG-1
GRCh38,GGCATTATCATGGGTC-1
GRCh38,GGCATTATCCCCACGT-1
GRCh38,GGCATTATCCGCTAAA-1
GRCh38,GGCATTATCCGCTACC-1
GRCh38,GGCATTATCCTAGGGT-1
GRCh38,GGCATTATCCTTCTAA-1
GRCh38,GGCATTATCGCTAATG-1
GRCh38,GGCATTATCGTAGTTG-1
GRCh38,GGCATTATCGTTACCT-1
GRCh38,GGCATTGGTCCGACAA-1
GRCh38,GGCATTGGTCCGTCTG-1
GRCh38,GGCATTGGTGCCTGCC-1
GRCh38,GGCATTGGTGCTATAA-1
GRCh38,GGCATTGGTGTACGTG-1
GRCh38,GGCATTGGTGTACTCC-1
GRCh38,GGCATTGGTGTCGTAG-1
GRCh38,GGCATTTCAAACCTAC-1
GRCh38,GGCATTTCAATCATTG-1
GRCh38,GGCATTTCACGATGTT-1
GRCh38,GGCATTTCACGTTCGA-1
GRCh38,GGCATTTCACTACTCC-1
GRCh38,GGCATTTCAGCACGGA-1
GRCh38,GGCATTTCAGTCGGAG-1
GRCh38,GGCATTTCAGTTAGCT-1
GRCh38,GGCCAATTCACTCCGC-1
GRCh38,GGCCAATTCAGGCTGT-1
GRCh38,GGCCAATTCAGTGATT-1
GRCh38,GGCCAATTCATATGTA-1
GRCh38,GGCCAATTCCCAAGTA-1
GRCh38,GGCCAATTCCCACATT-1
GRCh38,GGCCAATTCCGGTCGA-1
GRCh38,GGCCAATTCGCTCCTA-1
GRCh38,GGCCAATTCGGCCTCT-1
GRCh38,GGCCAATTCGTCCTGC-1
GRCh38,GGCCATGTCAAGCATT-1
GRCh38,GGCCATGTCACATACG-1
GRCh38,GGCCATGTCCACCCAC-1
GRCh38,GGCCATGTCGCCCGTT-1
GRCh38,GGCCATGTCGCGGAAA-1
GRCh38,GGCCATGTCGCTCTAT-1
GRCh38,GGCCATGTCGGTATAT-1
GRCh38,GGCCATGTCGTATTCC-1
GRCh38,GGCCATTAGAAGGTGT-1
GRCh38,GGCCATTAGAGGTATA-1
GRCh38,GGCCATTAGATCCGTA-1
GRCh38,GGCCATTAGCACTTAG-1
GRCh38,GGCCATTAGCCGATAC-1
GRCh38,GGCCATTAGCGTTCAA-1
GRCh38,GGCCATTAGGCACGTT-1
GRCh38,GGCCATTAGGGAATAC-1
GRCh38,GGCCCCTGTAAGGCCC-1
GRCh38,GGCCCCTGTACCTGCT-1
GRCh38,GGCCCCTGTACGTGCA-1
GRCh38,GGCCCCTGTATGCGAT-1
GRCh38,GGCCCCTGTCTCGCTG-1
GRCh38,GGCCCCTGTGCAAGGG-1
GRCh38,GGCCCCTGTGGTACTG-1
GRCh38,GGCCCCTGTGTAAGGA-1
GRCh38,GGCCCTTTCAATTGGT-1
GRCh38,GGCCCTTTCACCTCTG-1
GRCh38,GGCCCTTTCAGACAGG-1
GRCh38,GGCCCTTTCAGTATCG-1
GRCh38,GGCCCTTTCAGTGGCT-1
GRCh38,GGCCCTTTCATAGTGT-1
GRCh38,GGCCCTTTCATGGGTC-1
GRCh38,GGCCCTTTCCAATTCC-1
GRCh38,GGCCCTTTCCTCCACA-1
GRCh38,GGCCCTTTCGCGCATG-1
GRCh38,GGCCCTTTCGCGGCTA-1
GRCh38,GGCCCTTTCGCTTACT-1
GRCh38,GGCCCTTTCGTCAAGC-1
GRCh38,GGCCCTTTCGTCCTAT-1
GRCh38,GGCCTCTTCAAACCGC-1
GRCh38,GGCCTCTTCAGCCGCA-1
GRCh38,GGCCTCTTCCGAGCAT-1
GRCh38,GGCCTCTTCCGGGTTG-1
GRCh38,GGCCTCTTCGGGCAAA-1
GRCh38,GGCCTCTTCGTAATCG-1
GRCh38,GGCCTCTTCGTTGCAA-1
GRCh38,GGCCTGGGTAACGCCA-1
GRCh38,GGCCTGGGTAACTTCT-1
GRCh38,GGCCTGGGTATCAGGT-1
GRCh38,GGCCTGGGTATGTTAG-1
GRCh38,GGCCTGGGTCATACAA-1
GRCh38,GGCCTGGGTCGTTCTA-1
GRCh38,GGCCTGGGTCTACTAT-1
GRCh38,GGCCTGGGTCTCGCAT-1
GRCh38,GGCCTGGGTGCGAGGA-1
GRCh38,GGCCTTACAATAAGGT-1
GRCh38,GGCCTTACAATTAAAG-1
GRCh38,GGCCTTACACCGTAAT-1
GRCh38,GGCCTTACACTCACCT-1
GRCh38,GGCCTTACAGCATTTA-1
GRCh38,GGCCTTACAGCCTTTC-1
GRCh38,GGCCTTACAGCTTTAA-1
GRCh38,GGCCTTACAGGCATAA-1
GRCh38,GGCCTTACAGTCTTAA-1
GRCh38,GGCCTTACAGTGTAAG-1
GRCh38,GGCCTTCTCACATTCC-1
GRCh38,GGCCTTCTCATAACTA-1
GRCh38,GGCCTTCTCATTACTT-1
GRCh38,GGCCTTCTCCACTCTG-1
GRCh38,GGCCTTCTCCGTTTCG-1
GRCh38,GGCCTTCTCGGCGAAA-1
GRCh38,GGCCTTGAGAGTTAAG-1
GRCh38,GGCCTTGAGAGTTTCG-1
GRCh38,GGCCTTGAGATAGTAG-1
GRCh38,GGCCTTGAGCACGTCG-1
GRCh38,GGCCTTGAGCGAATGG-1
GRCh38,GGCCTTGAGCGGAATG-1
GRCh38,GGCCTTGAGCTATTGG-1
GRCh38,GGCCTTGAGGCCATGT-1
GRCh38,GGCCTTGAGGCTGGTT-1
GRCh38,GGCCTTGAGGCTTAAT-1
GRCh38,GGCCTTGAGGTTATGT-1
GRCh38,GGCGAAATCAACGCAC-1
GRCh38,GGCGAAATCATCAGCA-1
GRCh38,GGCGAAATCCAAACCA-1
GRCh38,GGCGAAATCCGGAAAG-1
GRCh38,GGCGAAATCGCATCAA-1
GRCh38,GGCGAAATCGCGTGTG-1
GRCh38,GGCGAAATCGGCTTCC-1
GRCh38,GGCGAAATCGTCGTAA-1
GRCh38,GGCGAAATCGTGAGCT-1
GRCh38,GGCGAAATCGTTACCT-1
GRCh38,GGCGAACAGAAAGCGT-1
GRCh38,GGCGAACAGAAGCATA-1
GRCh38,GGCGAACAGAATGTAG-1
GRCh38,GGCGAACAGACACATT-1
GRCh38,GGCGAACAGATAACGA-1
GRCh38,GGCGAACAGATACAAG-1
GRCh38,GGCGAACAGATCGATT-1
GRCh38,GGCGAACAGATGAAGC-1
GRCh38,GGCGAACAGCATGCCG-1
GRCh38,GGCGAACAGCCTATGA-1
GRCh38,GGCGAACAGCTACGAC-1
GRCh38,GGCGAACAGGTGCTAC-1
GRCh38,GGCGAAGGTACGCCGG-1
GRCh38,GGCGAAGGTACGTGAT-1
GRCh38,GGCGAAGGTAGCATCG-1
GRCh38,GGCGAAGGTAGCGTGC-1
GRCh38,GGCGAAGGTCGATTCC-1
GRCh38,GGCGAAGGTCGTTCCG-1
GRCh38,GGCGAAGGTCTCATTG-1
GRCh38,GGCGAAGGTGCGCCTC-1
GRCh38,GGCGAAGGTGGTTCAG-1
GRCh38,GGCGAAGGTGTATCGG-1
GRCh38,GGCGACACAAAACGGC-1
GRCh38,GGCGACACAAAAGCGC-1
GRCh38,GGCGACACAAATCGAG-1
GRCh38,GGCGACACAACGGACG-1
GRCh38,GGCGACACAACTATAT-1
GRCh38,GGCGACACACACTCAG-1
GRCh38,GGCGACACACAGCACC-1
GRCh38,GGCGACACACCGCAGT-1
GRCh38,GGCGACACAGTGTCAT-1
GRCh38,GGCGAGAGTCAGGCGT-1
GRCh38,GGCGAGAGTCCAGAAT-1
GRCh38,GGCGAGAGTCCCATGT-1
GRCh38,GGCGAGAGTCGATAGT-1
GRCh38,GGCGAGAGTCGCCCGT-1
GRCh38,GGCGAGAGTCTAATGA-1
GRCh38,GGCGAGAGTCTGGCTT-1
GRCh38,GGCGAGAGTGCCCTAT-1
GRCh38,GGCGAGAGTGGCTATG-1
GRCh38,GGCGAGAGTGTCGCTT-1
GRCh38,GGCGAGTAGCAGTCCG-1
GRCh38,GGCGAGTAGCCAAACC-1
GRCh38,GGCGAGTAGCCTATGA-1
GRCh38,GGCGAGTAGCCTGGCA-1
GRCh38,GGCGAGTAGCGCCTAG-1
GRCh38,GGCGAGTAGGCTATGC-1
GRCh38,GGCGAGTAGGGATTAA-1
GRCh38,GGCGATAAGACCCGAT-1
GRCh38,GGCGATAAGACGGGGT-1
GRCh38,GGCGATAAGAGACGAT-1
GRCh38,GGCGATAAGAGCTTGC-1
GRCh38,GGCGATAAGAGTAATG-1
GRCh38,GGCGATAAGAGTGGGC-1
GRCh38,GGCGATAAGCACAGCT-1
GRCh38,GGCGATAAGCACTAGC-1
GRCh38,GGCGATAAGCATTCGA-1
GRCh38,GGCGATAAGCCGCTGA-1
GRCh38,GGCGATAAGCCGGTAT-1
GRCh38,GGCGATAAGCGTCATA-1
GRCh38,GGCGATAAGCTACAGC-1
GRCh38,GGCGATAAGCTAGTAT-1
GRCh38,GGCGATAAGCTATGTG-1
GRCh38,GGCGATAAGGGCTCAT-1
GRCh38,GGCGATAAGGGGCTTT-1
GRCh38,GGCGATCGTAACATTG-1
GRCh38,GGCGATCGTAACCGGC-1
GRCh38,GGCGATCGTAATTTCC-1
GRCh38,GGCGATCGTCCTGTCG-1
GRCh38,GGCGATCGTGCGTTAG-1
GRCh38,GGCGATCGTGGTTCGA-1
GRCh38,GGCGATCGTGTGCCGG-1
GRCh38,GGCGATCGTGTGGCCG-1
GRCh38,GGCGATTTCAACGAAA-1
GRCh38,GGCGATTTCAGGCACT-1
GRCh38,GGCGATTTCCAATTGG-1
GRCh38,GGCGATTTCCCCAATT-1
GRCh38,GGCGATTTCCGCTTGC-1
GRCh38,GGCGATTTCCTTAGCT-1
GRCh38,GGCGATTTCGCTTACT-1
GRCh38,GGCGATTTCGGTATTG-1
GRCh38,GGCGATTTCGTGATAT-1
GRCh38,GGCGCAACAAAGCCAA-1
GRCh38,GGCGCAACAACTTAAT-1
GRCh38,GGCGCAACAATCTTAG-1
GRCh38,GGCGCAACAGCATTCG-1
GRCh38,GGCGCAACAGCGGACA-1
GRCh38,GGCGCATGTATAGGAG-1
GRCh38,GGCGCATGTCAATCCC-1
GRCh38,GGCGCATGTCAGCCTT-1
GRCh38,GGCGCATGTCCCAAAG-1
GRCh38,GGCGCATGTGGCTAAT-1
GRCh38,GGCGCTATCACGCAGT-1
GRCh38,GGCGCTATCATCCCCA-1
GRCh38,GGCGCTATCATCGGAC-1
GRCh38,GGCGCTATCATGGCCG-1
GRCh38,GGCGCTATCCCTAATC-1
GRCh38,GGCGCTATCCGGAAAG-1
GRCh38,GGCGCTATCGGTTGGT-1
GRCh38,GGCGCTATCGTGATAT-1
GRCh38,GGCGCTGGTACGCTGA-1
GRCh38,GGCGCTGGTAGTCGCA-1
GRCh38,GGCGCTGGTATGAGGA-1
GRCh38,GGCGCTGGTCAGGGTC-1
GRCh38,GGCGCTGGTCCAGAAT-1
GRCh38,GGCGCTGGTCCAGGGT-1
GRCh38,GGCGCTGGTCCTCTCC-1
GRCh38,GGCGCTGGTCTAACCC-1
GRCh38,GGCGCTGGTGCATAGT-1
GRCh38,GGCGCTGGTGCTCCGC-1
GRCh38,GGCGCTGGTGTGCCTT-1
GRCh38,GGCGCTGGTGTGTGCA-1
GRCh38,GGCGGATAGACTGATT-1
GRCh38,GGCGGATAGAGAGGTT-1
GRCh38,GGCGGATAGAGTAATG-1
GRCh38,GGCGGATAGCGGAATG-1
GRCh38,GGCGGATAGGGAGTTG-1
GRCh38,GGCGGATAGGTCTACA-1
GRCh38,GGCGGTACAACACTCG-1
GRCh38,GGCGGTACAACCACAT-1
GRCh38,GGCGGTACAACGTCGC-1
GRCh38,GGCGGTACAACTGGAA-1
GRCh38,GGCGGTACAAGCTGCC-1
GRCh38,GGCGGTACAAGGGGAA-1
GRCh38,GGCGGTACAATCAGGA-1
GRCh38,GGCGGTACACAATTCA-1
GRCh38,GGCGGTACACACTCGA-1
GRCh38,GGCGGTACACCAAGGG-1
GRCh38,GGCGGTACACCCAGAC-1
GRCh38,GGCGGTACACCTCTCG-1
GRCh38,GGCGGTACACGCGCAT-1
GRCh38,GGCGGTACACTAGCGC-1
GRCh38,GGCGGTTGTAAATTCG-1
GRCh38,GGCGGTTGTACATAGC-1
GRCh38,GGCGGTTGTACGGTGC-1
GRCh38,GGCGGTTGTATCGCAG-1
GRCh38,GGCGGTTGTCACCGCC-1
GRCh38,GGCGGTTGTCACGAAT-1
GRCh38,GGCGGTTGTCCGAAAT-1
GRCh38,GGCGGTTGTCGCATCT-1
GRCh38,GGCGGTTGTCTAAGCG-1
GRCh38,GGCGGTTGTGCCCGAG-1
GRCh38,GGCGGTTGTGGCGGTT-1
GRCh38,GGCGTAAAGACGTATT-1
GRCh38,GGCGTAAAGAGGTACG-1
GRCh38,GGCGTAAAGATAGTAG-1
GRCh38,GGCGTAAAGATCTTGG-1
GRCh38,GGCGTAAAGCACTCAA-1
GRCh38,GGCGTAAAGCATTAAC-1
GRCh38,GGCGTAAAGCGCTCGA-1
GRCh38,GGCGTAAAGCTTGTCT-1
GRCh38,GGCGTAAAGGCGAAGC-1
GRCh38,GGCGTAAAGGCTACCG-1
GRCh38,GGCGTAAAGGGTCGTT-1
GRCh38,GGCGTAAAGGTCTAGC-1
GRCh38,GGCGTAGCAAAGGACC-1
GRCh38,GGCGTAGCAACGTGGG-1
GRCh38,GGCGTAGCAACTAACC-1
GRCh38,GGCGTAGCAAGCGAGT-1
GRCh38,GGCGTAGCAAGTCTCG-1
GRCh38,GGCGTAGCACCTCTTA-1
GRCh38,GGCGTAGCACGCTTTC-1
GRCh38,GGCGTAGCACTCCTAC-1
GRCh38,GGCGTAGCACTCGAGC-1
GRCh38,GGCGTAGCACTTCGTC-1
GRCh38,GGCGTATTCACAAGCC-1
GRCh38,GGCGTATTCACGCTAA-1
GRCh38,GGCGTATTCACGGTTA-1
GRCh38,GGCGTATTCATAGCAT-1
GRCh38,GGCGTATTCATCGGCG-1
GRCh38,GGCGTATTCCCTGGCT-1
GRCh38,GGCGTATTCCGGTCAG-1
GRCh38,GGCGTATTCGCAACTA-1
GRCh38,GGCGTATTCGCGGTTG-1
GRCh38,GGCGTATTCGGCATTA-1
GRCh38,GGCGTATTCGGTCAGT-1
GRCh38,GGCGTATTCGGTGTCG-1
GRCh38,GGCGTCATCAGTACGC-1
GRCh38,GGCGTCATCATATCCC-1
GRCh38,GGCGTCATCATATGTA-1
GRCh38,GGCGTCATCCTCTAGT-1
GRCh38,GGCGTCATCGCATACA-1
GRCh38,GGCGTCATCGCTTATC-1
GRCh38,GGCGTCATCGTGTCAA-1
GRCh38,GGCGTCATCGTTACTC-1
GRCh38,GGCGTGTGTAAGCATC-1
GRCh38,GGCGTGTGTACGTGCA-1
GRCh38,GGCGTGTGTCAGGGTC-1
GRCh38,GGCGTGTGTCAGTGCA-1
GRCh38,GGCGTGTGTCATAGCG-1
GRCh38,GGCGTGTGTCCAGAAT-1
GRCh38,GGCGTGTGTCCTTAAT-1
GRCh38,GGCGTGTGTCGCCCGT-1
GRCh38,GGCGTGTGTGCACTAG-1
GRCh38,GGCGTTAGTAATCAGC-1
GRCh38,GGCGTTAGTACCTTGC-1
GRCh38,GGCGTTAGTCACCCGC-1
GRCh38,GGCGTTAGTCACTAGG-1
GRCh38,GGCGTTAGTCTCATTG-1
GRCh38,GGCGTTAGTGCTTGCT-1
GRCh38,GGCGTTCCAAATATTC-1
GRCh38,GGCGTTCCAACGCAGG-1
GRCh38,GGCGTTCCAAGTGCCC-1
GRCh38,GGCGTTCCAATAACTT-1
GRCh38,GGCGTTCCACCAAATC-1
GRCh38,GGCGTTCCACTATACA-1
GRCh38,GGCGTTCCAGCGGTCT-1
GRCh38,GGCGTTGTCAGACTTG-1
GRCh38,GGCGTTGTCCCGCATC-1
GRCh38,GGCGTTGTCCGGCTTC-1
GRCh38,GGCGTTGTCGCTCCGT-1
GRCh38,GGCGTTGTCGCTTACT-1
GRCh38,GGCGTTGTCGGGTTAC-1
GRCh38,GGCTAACTCAATACGT-1
GRCh38,GGCTAACTCAATGCGC-1
GRCh38,GGCTAACTCAGACAGG-1
GRCh38,GGCTAACTCATGTCGA-1
GRCh38,GGCTAACTCCGGCATG-1
GRCh38,GGCTAACTCGCAAAGG-1
GRCh38,GGCTAACTCGCGTAAC-1
GRCh38,GGCTAACTCGGAGGTA-1
GRCh38,GGCTAACTCGGCTGCA-1
GRCh38,GGCTAACTCGTTCTAC-1
GRCh38,GGCTAAGAGAAAGGAG-1
GRCh38,GGCTAAGAGACGACAG-1
GRCh38,GGCTAAGAGAGGTTGG-1
GRCh38,GGCTAAGAGCATTAGT-1
GRCh38,GGCTAAGAGCGGCATT-1
GRCh38,GGCTAAGAGCTCTCCA-1
GRCh38,GGCTAAGAGGCATGGA-1
GRCh38,GGCTAAGAGGCTTCGG-1
GRCh38,GGCTAAGAGGGTTCGT-1
GRCh38,GGCTAATGTAAAGCCT-1
GRCh38,GGCTAATGTACAACGT-1
GRCh38,GGCTAATGTAGCAGTT-1
GRCh38,GGCTAATGTAGGGGAT-1
GRCh38,GGCTAATGTATGTCGG-1
GRCh38,GGCTAATGTATGTGCG-1
GRCh38,GGCTAATGTCGTTCCG-1
GRCh38,GGCTAATGTGTTATGA-1
GRCh38,GGCTACCCAAACTAGG-1
GRCh38,GGCTACCCAACCCGAC-1
GRCh38,GGCTACCCAACCCGTA-1
GRCh38,GGCTACCCAAGGAATT-1
GRCh38,GGCTACCCACATTCAA-1
GRCh38,GGCTACCCACCCTTTA-1
GRCh38,GGCTACCCACCTTCTA-1
GRCh38,GGCTACCCACGATAAG-1
GRCh38,GGCTACCCACGCGTTA-1
GRCh38,GGCTACCCAGCAGGAT-1
GRCh38,GGCTACCCAGCTAAAG-1
GRCh38,GGCTACCCAGCTGACC-1
GRCh38,GGCTACCCAGGGCGTA-1
GRCh38,GGCTACCCAGGTCGTC-1
GRCh38,GGCTAGAAGAAAGCCG-1
GRCh38,GGCTAGAAGAATGTAG-1
GRCh38,GGCTAGAAGACGGCAA-1
GRCh38,GGCTAGAAGAGTTTAC-1
GRCh38,GGCTAGAAGATCGGAG-1
GRCh38,GGCTAGAAGCATGTTG-1
GRCh38,GGCTAGAAGCGACGTT-1
GRCh38,GGCTAGAAGGCAAAGT-1
GRCh38,GGCTAGAAGGCCATCG-1
GRCh38,GGCTAGAAGGCCATTA-1
GRCh38,GGCTAGAAGGCCCAAT-1
GRCh38,GGCTAGAAGGGACGGT-1
GRCh38,GGCTAGCGTAACTCGG-1
GRCh38,GGCTAGCGTACAGTTA-1
GRCh38,GGCTAGCGTACCTAGG-1
GRCh38,GGCTAGCGTAGTCGGC-1
GRCh38,GGCTAGCGTATATGTG-1
GRCh38,GGCTAGCGTATCAGCG-1
GRCh38,GGCTAGCGTCAGCATG-1
GRCh38,GGCTAGCGTCCTAGTC-1
GRCh38,GGCTAGCGTCTATAAG-1
GRCh38,GGCTAGCGTCTGGCCC-1
GRCh38,GGCTAGCGTGCGTTAG-1
GRCh38,GGCTAGCGTGCTTGCT-1
GRCh38,GGCTAGCGTGGCATTG-1
GRCh38,GGCTAGCGTGGGGTCT-1
GRCh38,GGCTATATCAGCCAAC-1
GRCh38,GGCTATATCCACAAGC-1
GRCh38,GGCTATATCGGTGGTT-1
GRCh38,GGCTATATCGTGCATA-1
GRCh38,GGCTATATCGTGTATG-1
GRCh38,GGCTATGGTAACAGGA-1
GRCh38,GGCTATGGTACATTAG-1
GRCh38,GGCTATGGTAGGGCGA-1
GRCh38,GGCTATGGTATAGTGC-1
GRCh38,GGCTATGGTCCCTGTG-1
GRCh38,GGCTATGGTCGCCCTA-1
GRCh38,GGCTATGGTGCGGGTT-1
GRCh38,GGCTATGGTGGAGCTC-1
GRCh38,GGCTATGGTGGATTGT-1
GRCh38,GGCTATGGTGGCATAT-1
GRCh38,GGCTATGGTGGTATGT-1
GRCh38,GGCTATGGTGGTTGTG-1
GRCh38,GGCTATGGTGTGCGTA-1
GRCh38,GGCTCATAGAACCAGG-1
GRCh38,GGCTCATAGAACTAAG-1
GRCh38,GGCTCATAGAATTGTC-1
GRCh38,GGCTCATAGAGGGATT-1
GRCh38,GGCTCATAGATCGTAT-1
GRCh38,GGCTCATAGCTAATAC-1
GRCh38,GGCTCATAGCTCAGGT-1
GRCh38,GGCTCATAGCTTGGGT-1
GRCh38,GGCTCATAGGTTGTAT-1
GRCh38,GGCTCCCGTACATCCC-1
GRCh38,GGCTCCCGTACTCGCT-1
GRCh38,GGCTCCCGTAGAGGCG-1
GRCh38,GGCTCCCGTATCTGTT-1
GRCh38,GGCTCCCGTCATACTT-1
GRCh38,GGCTCCCGTCGTGGGT-1
GRCh38,GGCTCCCGTCTGGTCT-1
GRCh38,GGCTCCCGTGCTAGTG-1
GRCh38,GGCTCCCGTGGATGTT-1
GRCh38,GGCTCCCGTGGATTGT-1
GRCh38,GGCTCCCGTGTCGTGA-1
GRCh38,GGCTCCCGTGTTGTGG-1
GRCh38,GGCTCCTTCAGCCCCT-1
GRCh38,GGCTCCTTCATCCGCC-1
GRCh38,GGCTCCTTCATCCGTT-1
GRCh38,GGCTCCTTCCACAACA-1
GRCh38,GGCTCCTTCCGCCCAT-1
GRCh38,GGCTCCTTCCTAAAGT-1
GRCh38,GGCTCCTTCCTAAGCA-1
GRCh38,GGCTCCTTCCTACATC-1
GRCh38,GGCTCCTTCCTATTGC-1
GRCh38,GGCTCCTTCCTGCACC-1
GRCh38,GGCTCCTTCGGGTCCA-1
GRCh38,GGCTCGATCACACCTT-1
GRCh38,GGCTCGATCACGATAT-1
GRCh38,GGCTCGATCACTACTC-1
GRCh38,GGCTCGATCACTTCGT-1
GRCh38,GGCTCGATCAGACGCT-1
GRCh38,GGCTCGATCAGGGCAA-1
GRCh38,GGCTCGATCAGGTGTC-1
GRCh38,GGCTCGATCATCAATA-1
GRCh38,GGCTCGATCATTACAA-1
GRCh38,GGCTCGATCCAATCGA-1
GRCh38,GGCTCGATCCCGCTGT-1
GRCh38,GGCTCGATCCCTGCAC-1
GRCh38,GGCTCGATCCGCAGCA-1
GRCh38,GGCTCGATCGCACTCC-1
GRCh38,GGCTCGATCGTGGGTT-1
GRCh38,GGCTCTACAAAACCTC-1
GRCh38,GGCTCTACAAAATCAA-1
GRCh38,GGCTCTACAACGAAAT-1
GRCh38,GGCTCTACAACTGAGA-1
GRCh38,GGCTCTACAACTGGAA-1
GRCh38,GGCTCTACAAGTCATC-1
GRCh38,GGCTCTACAATGCTCG-1
GRCh38,GGCTCTACACTTATAG-1
GRCh38,GGCTCTCTCACCAATG-1
GRCh38,GGCTCTCTCACCACAA-1
GRCh38,GGCTCTCTCACTACCT-1
GRCh38,GGCTCTCTCAGTTAGT-1
GRCh38,GGCTCTCTCATTGCTC-1
GRCh38,GGCTCTCTCCACCATT-1
GRCh38,GGCTCTCTCGCATACA-1
GRCh38,GGCTCTCTCGCATAGC-1
GRCh38,GGCTCTCTCGGCTTGG-1
GRCh38,GGCTGAAAGAGACGCA-1
GRCh38,GGCTGAAAGATAGTAG-1
GRCh38,GGCTGAAAGCAACAGG-1
GRCh38,GGCTGAAAGCCTCTTG-1
GRCh38,GGCTGAAAGCGCATCG-1
GRCh38,GGCTGAAAGCTACTTC-1
GRCh38,GGCTGAAAGCTGTGGT-1
GRCh38,GGCTGAAAGGGAGTTG-1
GRCh38,GGCTGAAAGGGGTATG-1
GRCh38,GGCTGAAAGGTGGGTA-1
GRCh38,GGCTGAAAGGTTAATC-1
GRCh38,GGCTGCATCCGGTCGA-1
GRCh38,GGCTGCATCCTATGCT-1
GRCh38,GGCTGCATCCTCTGGC-1
GRCh38,GGCTGCATCGCGTGTG-1
GRCh38,GGCTGCATCGGACCTG-1
GRCh38,GGCTGCATCGGGCTAT-1
GRCh38,GGCTGTAGTAAGGTTC-1
GRCh38,GGCTGTAGTACGTTGG-1
GRCh38,GGCTGTAGTACTACCC-1
GRCh38,GGCTGTAGTAGGACTT-1
GRCh38,GGCTGTAGTAGTTTAG-1
GRCh38,GGCTGTAGTATAGGGA-1
GRCh38,GGCTGTAGTATCAGGT-1
GRCh38,GGCTGTAGTGCTCCGC-1
GRCh38,GGCTGTAGTGGTCCCC-1
GRCh38,GGCTTAATCATCGACA-1
GRCh38,GGCTTAATCATCGGAC-1
GRCh38,GGCTTAATCATCTCTA-1
GRCh38,GGCTTAATCATTGCTC-1
GRCh38,GGCTTAATCCCGCACT-1
GRCh38,GGCTTAATCGTGTCAA-1
GRCh38,GGCTTAATCGTTGGCG-1
GRCh38,GGCTTAGGTAACCCCT-1
GRCh38,GGCTTAGGTAATACTG-1
GRCh38,GGCTTAGGTACTCGAG-1
GRCh38,GGCTTAGGTATCAGGT-1
GRCh38,GGCTTAGGTCACTTAT-1
GRCh38,GGCTTAGGTCCAACAG-1
GRCh38,GGCTTAGGTCTGTATT-1
GRCh38,GGCTTAGGTGCGAGAG-1
GRCh38,GGCTTAGGTGCTACAG-1
GRCh38,GGCTTAGGTGGAATTC-1
GRCh38,GGCTTAGGTGTACGTG-1
GRCh38,GGCTTAGGTGTCGCGG-1
GRCh38,GGCTTAGGTGTGCGGT-1
GRCh38,GGCTTCACAAATTAAG-1
GRCh38,GGCTTCACAATAACTT-1
GRCh38,GGCTTCACAATGGTAG-1
GRCh38,GGCTTCACACACAGCC-1
GRCh38,GGCTTCACACCAACAT-1
GRCh38,GGCTTCACACCTCATC-1
GRCh38,GGCTTCACACGCGCAT-1
GRCh38,GGCTTCACACTAACCG-1
GRCh38,GGCTTCACACTCATTT-1
GRCh38,GGCTTCACACTGCTTC-1
GRCh38,GGCTTCACAGCAAGAC-1
GRCh38,GGCTTCACAGCTAGGG-1
GRCh38,GGCTTCACAGGTTAGA-1
GRCh38,GGCTTCACAGTGTTAC-1
GRCh38,GGCTTCACAGTTGGAA-1
GRCh38,GGCTTCCTCCGGCGTA-1
GRCh38,GGCTTCCTCGGATCAC-1
GRCh38,GGCTTCCTCGTAGCAC-1
GRCh38,GGCTTCGAGAAGGGCC-1
GRCh38,GGCTTCGAGAATGCCC-1
GRCh38,GGCTTCGAGAGCGACA-1
GRCh38,GGCTTCGAGAGTGGGC-1
GRCh38,GGCTTCGAGAGTTGCC-1
GRCh38,GGCTTCGAGCAATAGA-1
GRCh38,GGCTTCGAGCGATGGA-1
GRCh38,GGCTTCGAGGCATCCG-1
GRCh38,GGCTTCGAGGTAAGTA-1
GRCh38,GGCTTCGAGGTCATGC-1
GRCh38,GGCTTCTGTAGCGGGA-1
GRCh38,GGCTTCTGTAGGCGCT-1
GRCh38,GGCTTCTGTATTCAGA-1
GRCh38,GGCTTCTGTATTGTAG-1
GRCh38,GGCTTCTGTCCAGATG-1
GRCh38,GGCTTCTGTCTCTAGC-1
GRCh38,GGCTTCTGTGCAAGGG-1
GRCh38,GGCTTCTGTGGAACCC-1
GRCh38,GGCTTCTGTGGGGCTT-1
GRCh38,GGCTTCTGTGGTACTG-1
GRCh38,GGCTTCTGTGTATTCT-1
GRCh38,GGCTTGAGTAAAGTGG-1
GRCh38,GGCTTGAGTACTATAG-1
GRCh38,GGCTTGAGTATCAGTA-1
GRCh38,GGCTTGAGTCACACTC-1
GRCh38,GGCTTGAGTCGCAGTA-1
GRCh38,GGCTTGAGTCTACTAT-1
GRCh38,GGCTTGAGTGCTGCCC-1
GRCh38,GGCTTGAGTGGCACGT-1
GRCh38,GGCTTGAGTGTGGGCT-1
GRCh38,GGCTTGGTCACTAACG-1
GRCh38,GGCTTGGTCAGAGTAA-1
GRCh38,GGCTTGGTCATCTCAC-1
GRCh38,GGCTTGGTCCTTAACC-1
GRCh38,GGCTTGGTCGCTTCTG-1
GRCh38,GGCTTGGTCGCTTTCG-1
GRCh38,GGCTTGGTCGGCAATC-1
GRCh38,GGCTTGGTCGGTGTCG-1
GRCh38,GGCTTGTAGACAATAG-1
GRCh38,GGCTTGTAGACCCCAG-1
GRCh38,GGCTTGTAGACGGAGC-1
GRCh38,GGCTTGTAGATCGCGT-1
GRCh38,GGCTTGTAGCAAGACG-1
GRCh38,GGCTTGTAGCCATGCG-1
GRCh38,GGCTTGTAGCGAACGA-1
GRCh38,GGCTTGTAGGCTCACG-1
GRCh38,GGCTTGTAGGGATGAT-1
GRCh38,GGCTTGTAGGGGCGAT-1
GRCh38,GGCTTGTAGGGGCTTT-1
GRCh38,GGCTTGTAGGGTGATG-1
GRCh38,GGCTTTCGTAGCCTCT-1
GRCh38,GGCTTTCGTATCCGTC-1
GRCh38,GGCTTTCGTATGCTGG-1
GRCh38,GGCTTTCGTCGAGTCA-1
GRCh38,GGCTTTCGTCGAGTGC-1
GRCh38,GGCTTTCGTCTTGGAG-1
GRCh38,GGCTTTCGTGCGGGTT-1
GRCh38,GGGAATTAGACTGCCG-1
GRCh38,GGGAATTAGAGCTTGC-1
GRCh38,GGGAATTAGCAAGATA-1
GRCh38,GGGAATTAGCCGTAAC-1
GRCh38,GGGAATTAGCGTCTAA-1
GRCh38,GGGAATTAGCTCTCCA-1
GRCh38,GGGAATTAGCTGAATT-1
GRCh38,GGGAATTAGGCACCCA-1
GRCh38,GGGAATTAGGCACGTT-1
GRCh38,GGGACATCAAAAGCAT-1
GRCh38,GGGACATCAGCATGGG-1
GRCh38,GGGACATCAGGAATAT-1
GRCh38,GGGACATCAGGCGTAG-1
GRCh38,GGGACATCAGTGCATT-1
GRCh38,GGGACCTGTAACCGCA-1
GRCh38,GGGACCTGTAAGGTCT-1
GRCh38,GGGACCTGTAATACTG-1
GRCh38,GGGACCTGTAGTAAGG-1
GRCh38,GGGACCTGTATCTGCC-1
GRCh38,GGGACCTGTATTGCCC-1
GRCh38,GGGACCTGTCCCTTGG-1
GRCh38,GGGACCTGTCCGGTAA-1
GRCh38,GGGACCTGTCCTACGT-1
GRCh38,GGGACCTGTCGCAGTA-1
GRCh38,GGGACCTGTCTCGATC-1
GRCh38,GGGACCTGTGCCTCGC-1
GRCh38,GGGACCTGTGCGAATT-1
GRCh38,GGGACCTGTGCGGTTA-1
GRCh38,GGGACCTGTGCTCGTT-1
GRCh38,GGGACCTGTGGGTATT-1
GRCh38,GGGACGTAGAAAGTGC-1
GRCh38,GGGACGTAGAATCTGT-1
GRCh38,GGGACGTAGAATTGTC-1
GRCh38,GGGACGTAGACAATAG-1
GRCh38,GGGACGTAGACAGCCT-1
GRCh38,GGGACGTAGACGGAGC-1
GRCh38,GGGACGTAGAGTGGCA-1
GRCh38,GGGACGTAGATCCACA-1
GRCh38,GGGACGTAGATGAGTA-1
GRCh38,GGGACGTAGCCTTCAT-1
GRCh38,GGGACGTAGCTAAACT-1
GRCh38,GGGACGTAGGCACGAA-1
GRCh38,GGGACGTAGGCTCACG-1
GRCh38,GGGACGTAGGTAGCAG-1
GRCh38,GGGACGTAGGTCCGCA-1
GRCh38,GGGACGTAGGTTAGTT-1
GRCh38,GGGACTCGTAAGCATC-1
GRCh38,GGGACTCGTAATGGAG-1
GRCh38,GGGACTCGTATCTTCG-1
GRCh38,GGGACTCGTATGGAGA-1
GRCh38,GGGACTCGTATTCGTT-1
GRCh38,GGGACTCGTCATTTCG-1
GRCh38,GGGACTCGTCCTAGAG-1
GRCh38,GGGACTCGTCTCCGCA-1
GRCh38,GGGACTCGTCTTCAAT-1
GRCh38,GGGACTCGTGGATGGG-1
GRCh38,GGGACTCGTGGCATTG-1
GRCh38,GGGACTCGTGGTCTCT-1
GRCh38,GGGACTCGTGGTGCCG-1
GRCh38,GGGACTCGTGTGCGTA-1
GRCh38,GGGACTCGTGTGTGCA-1
GRCh38,GGGACTCGTGTTAAGC-1
GRCh38,GGGACTCGTGTTCGAG-1
GRCh38,GGGACTCGTGTTGTCC-1
GRCh38,GGGAGAACAAATACCC-1
GRCh38,GGGAGAACAACACGCC-1
GRCh38,GGGAGAACAATCATGC-1
GRCh38,GGGAGAACAATCTCTT-1
GRCh38,GGGAGAACAATGGACA-1
GRCh38,GGGAGAACACAACGCC-1
GRCh38,GGGAGAACACACACGC-1
GRCh38,GGGAGAACACCGACTA-1
GRCh38,GGGAGAACACCGCTAA-1
GRCh38,GGGAGAACACGCACGT-1
GRCh38,GGGAGAACACGGCTAC-1
GRCh38,GGGAGAACAGCGTAGG-1
GRCh38,GGGAGAACAGGTTAGA-1
GRCh38,GGGAGAACAGTACTCG-1
GRCh38,GGGAGAACAGTGTTAC-1
GRCh38,GGGAGATGTAACAGGA-1
GRCh38,GGGAGATGTAACGCCA-1
GRCh38,GGGAGATGTAAGGCCC-1
GRCh38,GGGAGATGTACTTCTG-1
GRCh38,GGGAGATGTATGCAGT-1
GRCh38,GGGAGATGTCACTTAT-1
GRCh38,GGGAGATGTCACTTTG-1
GRCh38,GGGAGATGTCCTTGCG-1
GRCh38,GGGAGATGTCTTAGGG-1
GRCh38,GGGAGATGTGCATTCC-1
GRCh38,GGGAGATGTGCTACAG-1
GRCh38,GGGAGATGTGGAATGA-1
GRCh38,GGGAGCAGTACCTTAT-1
GRCh38,GGGAGCAGTACCTTGC-1
GRCh38,GGGAGCAGTAGCATCG-1
GRCh38,GGGAGCAGTAGCGTTG-1
GRCh38,GGGAGCAGTCAAAGGA-1
GRCh38,GGGAGCAGTCCGCTTG-1
GRCh38,GGGAGCAGTCTCGCCA-1
GRCh38,GGGAGCAGTGCTTAGG-1
GRCh38,GGGAGCAGTGGCATGC-1
GRCh38,GGGAGCTAGAACATAG-1
GRCh38,GGGAGCTAGAATACAG-1
GRCh38,GGGAGCTAGAGGTGAT-1
GRCh38,GGGAGCTAGCACCTTT-1
GRCh38,GGGAGCTAGCATCTAG-1
GRCh38,GGGAGCTAGCCCACGA-1
GRCh38,GGGAGCTAGCTGACAC-1
GRCh38,GGGAGCTAGGCCATGT-1
GRCh38,GGGAGCTAGGTAGACG-1
GRCh38,GGGAGCTAGGTGCGAA-1
GRCh38,GGGAGTGGTACTGTGG-1
GRCh38,GGGAGTGGTAGTATGC-1
GRCh38,GGGAGTGGTAGTTGCG-1
GRCh38,GGGAGTGGTATGGAGA-1
GRCh38,GGGAGTGGTCAACCTC-1
GRCh38,GGGAGTGGTCGAGCGT-1
GRCh38,GGGAGTGGTCGCGTAA-1
GRCh38,GGGAGTGGTCGTTAAA-1
GRCh38,GGGAGTGGTGCCATAG-1
GRCh38,GGGAGTGGTGGCTATG-1
GRCh38,GGGAGTGGTGTTCATT-1
GRCh38,GGGATAAGTAAAGCCT-1
GRCh38,GGGATAAGTAAATCCA-1
GRCh38,GGGATAAGTATGATGC-1
GRCh38,GGGATAAGTCTGTTGC-1
GRCh38,GGGATAAGTGGGAGTG-1
GRCh38,GGGATAAGTGGTTCAG-1
GRCh38,GGGATAAGTGTTCTCA-1
GRCh38,GGGATATAGAAATCAG-1
GRCh38,GGGATATAGACAAGCG-1
GRCh38,GGGATATAGAGCGAAT-1
GRCh38,GGGATATAGAGGCAGC-1
GRCh38,GGGATATAGCCTGCAG-1
GRCh38,GGGATATAGCCTTAAG-1
GRCh38,GGGATATAGGCGAAGC-1
GRCh38,GGGATATAGGGGTATG-1
GRCh38,GGGATATAGGTGTTAT-1
GRCh38,GGGATCAAGAATGTTC-1
GRCh38,GGGATCAAGACAGCCT-1
GRCh38,GGGATCAAGAGCATTT-1
GRCh38,GGGATCAAGAGGACCA-1
GRCh38,GGGATCAAGATGGCGA-1
GRCh38,GGGATCAAGCAACCGT-1
GRCh38,GGGATCAAGCCACAAC-1
GRCh38,GGGATCAAGCGGTTAC-1
GRCh38,GGGATCAAGCTATAGT-1
GRCh38,GGGATCAAGGGGATCA-1
GRCh38,GGGATCAAGGTGCGTT-1
GRCh38,GGGATGGGTAAAGCTC-1
GRCh38,GGGATGGGTATAAGGG-1
GRCh38,GGGATGGGTATGTTCT-1
GRCh38,GGGATGGGTCAGGCGT-1
GRCh38,GGGATGGGTCATACGG-1
GRCh38,GGGATGGGTCCAGATG-1
GRCh38,GGGATGGGTCTAAATG-1
GRCh38,GGGATGGGTGTCATGG-1
GRCh38,GGGATTACAAAGGGGA-1
GRCh38,GGGATTACAACCTTAA-1
GRCh38,GGGATTACAACGTCCA-1
GRCh38,GGGATTACAAGCGCCT-1
GRCh38,GGGATTACACCGACTA-1
GRCh38,GGGATTACACGGGTAG-1
GRCh38,GGGATTACACGGTGCT-1
GRCh38,GGGATTACACTAAATT-1
GRCh38,GGGATTACAGGAGTTA-1
GRCh38,GGGATTGAGAAAGCGT-1
GRCh38,GGGATTGAGAGACATA-1
GRCh38,GGGATTGAGAGGACGC-1
GRCh38,GGGATTGAGCAACGTC-1
GRCh38,GGGATTGAGCGCTGTG-1
GRCh38,GGGATTGAGCTAAACT-1
GRCh38,GGGATTGAGCTATGGC-1
GRCh38,GGGATTGAGGCCATCG-1
GRCh38,GGGATTGAGGCTTGAC-1
GRCh38,GGGCAAATCACGCCCT-1
GRCh38,GGGCAAATCAGGCTGT-1
GRCh38,GGGCAAATCAGTTGTG-1
GRCh38,GGGCAAATCATAGTCG-1
GRCh38,GGGCAAATCCACGTAA-1
GRCh38,GGGCAAATCCATCGTT-1
GRCh38,GGGCAAATCCATTGTC-1
GRCh38,GGGCAAATCCTGCAAA-1
GRCh38,GGGCAAGGTAAGGAAT-1
GRCh38,GGGCAAGGTACTTTCG-1
GRCh38,GGGCAAGGTAGGGCGA-1
GRCh38,GGGCAAGGTCACACTC-1
GRCh38,GGGCAAGGTCAGGTTG-1
GRCh38,GGGCAAGGTCCTTGCG-1
GRCh38,GGGCAAGGTCGAGCGT-1
GRCh38,GGGCAAGGTGGGGATG-1
GRCh38,GGGCAAGGTGGGTGAG-1
GRCh38,GGGCAAGGTGGTTTCC-1
GRCh38,GGGCAAGGTGTTACCC-1
GRCh38,GGGCAATCAAAACGAT-1
GRCh38,GGGCAATCAACCAACT-1
GRCh38,GGGCAATCAAGAATTA-1
GRCh38,GGGCAATCAAGCTTAC-1
GRCh38,GGGCAATCAAGGTAAT-1
GRCh38,GGGCAATCACTTAGCG-1
GRCh38,GGGCAATCAGGACAAC-1
GRCh38,GGGCAATCAGGTTAGA-1
GRCh38,GGGCATAAGACCCGTG-1
GRCh38,GGGCATAAGATCGATT-1
GRCh38,GGGCATAAGATGAGGT-1
GRCh38,GGGCATAAGCACGGAA-1
GRCh38,GGGCATAAGCCTGCGA-1
GRCh38,GGGCATAAGCGACGTT-1
GRCh38,GGGCATAAGCGGTGTT-1
GRCh38,GGGCATAAGCGTTATG-1
GRCh38,GGGCATAAGCTACGAC-1
GRCh38,GGGCATAAGCTAGTCA-1
GRCh38,GGGCATAAGGCCCGTA-1
GRCh38,GGGCATAAGGGATAGT-1
GRCh38,GGGCATAAGGGGTAAT-1
GRCh38,GGGCATTTCACATTAA-1
GRCh38,GGGCATTTCACTCCGC-1
GRCh38,GGGCATTTCATTCGCT-1
GRCh38,GGGCATTTCCAACACA-1
GRCh38,GGGCATTTCCCTTTCC-1
GRCh38,GGGCATTTCCGCTTCA-1
GRCh38,GGGCATTTCCTACTTA-1
GRCh38,GGGCATTTCGCCTAAA-1
GRCh38,GGGCATTTCGGGTCCA-1
GRCh38,GGGCCTATCAATCCCT-1
GRCh38,GGGCCTATCACTGCCC-1
GRCh38,GGGCCTATCAGGGTCT-1
GRCh38,GGGCCTATCATCAGCA-1
GRCh38,GGGCCTATCGCAACGT-1
GRCh38,GGGCCTATCGCTCCAC-1
GRCh38,GGGCCTATCGTCCAAA-1
GRCh38,GGGCGATAGAACGGAT-1
GRCh38,GGGCGATAGACATCAT-1
GRCh38,GGGCGATAGAGAGGTT-1
GRCh38,GGGCGATAGCCACTAA-1
GRCh38,GGGCGATAGCTACAAT-1
GRCh38,GGGCGATAGCTCCGGA-1
GRCh38,GGGCGATAGCTGCACG-1
GRCh38,GGGCGATAGGGCTGAA-1
GRCh38,GGGCGATAGGTATGGG-1
GRCh38,GGGCGATAGGTGCCAT-1
GRCh38,GGGCGTACAAATTGGG-1
GRCh38,GGGCGTACAACAACCT-1
GRCh38,GGGCGTACAAGGACCG-1
GRCh38,GGGCGTACAATACACC-1
GRCh38,GGGCGTACAATCATGC-1
GRCh38,GGGCGTACAATGGGAC-1
GRCh38,GGGCGTACAATGGGGT-1
GRCh38,GGGCGTACAATTCGTA-1
GRCh38,GGGCGTACACTTAACA-1
GRCh38,GGGCGTACAGTTCACG-1
GRCh38,GGGCGTTGTAGTCTGG-1
GRCh38,GGGCGTTGTCGCCTAT-1
GRCh38,GGGCGTTGTGCACTCT-1
GRCh38,GGGCGTTGTGGTATGT-1
GRCh38,GGGCTAAAGATCTCGA-1
GRCh38,GGGCTAAAGATGGGTG-1
GRCh38,GGGCTAAAGCGCATTA-1
GRCh38,GGGCTAGCAAAATCTT-1
GRCh38,GGGCTAGCAATTCATG-1
GRCh38,GGGCTAGCACAGCTCA-1
GRCh38,GGGCTAGCACGCAACC-1
GRCh38,GGGCTAGCACTGTACG-1
GRCh38,GGGCTAGCAGCGCATC-1
GRCh38,GGGCTAGCAGCTAAGA-1
GRCh38,GGGCTAGCAGTCATCG-1
GRCh38,GGGCTAGCAGTTAAGG-1
GRCh38,GGGCTATTCAGGACTC-1
GRCh38,GGGCTATTCATACAAC-1
GRCh38,GGGCTATTCCCGGTTC-1
GRCh38,GGGCTATTCCGTCTAT-1
GRCh38,GGGCTATTCCTATGCT-1
GRCh38,GGGCTATTCGGAAAGT-1
GRCh38,GGGCTATTCGTATCGA-1
GRCh38,GGGCTATTCGTTGCAA-1
GRCh38,GGGCTCATCAAATTGC-1
GRCh38,GGGCTCATCCAAATGT-1
GRCh38,GGGCTCATCCAGTCCC-1
GRCh38,GGGCTCATCCATATCC-1
GRCh38,GGGCTCATCCCAGTAA-1
GRCh38,GGGCTCTCAAAATCCC-1
GRCh38,GGGCTCTCAACCAAGA-1
GRCh38,GGGCTCTCAACGTAAG-1
GRCh38,GGGCTCTCAACTCGAT-1
GRCh38,GGGCTCTCAACTGCGC-1
GRCh38,GGGCTCTCAAGAAGCC-1
GRCh38,GGGCTCTCAAGAGACC-1
GRCh38,GGGCTCTCAAGCGAAC-1
GRCh38,GGGCTCTCAATGTCCG-1
GRCh38,GGGCTCTCACGTAGGG-1
GRCh38,GGGCTCTCACTCCTTA-1
GRCh38,GGGCTCTCAGCGGTCT-1
GRCh38,GGGCTCTCAGCTATTA-1
GRCh38,GGGCTCTCAGTATGTC-1
GRCh38,GGGCTTCCAATTACGC-1
GRCh38,GGGCTTCCACAGTTAC-1
GRCh38,GGGCTTCCAGCGCTAC-1
GRCh38,GGGCTTGTCAACGAAA-1
GRCh38,GGGCTTGTCATACGCA-1
GRCh38,GGGCTTGTCATCTTCA-1
GRCh38,GGGCTTGTCATGCGTA-1
GRCh38,GGGCTTGTCATGTTAA-1
GRCh38,GGGCTTGTCCACTCCA-1
GRCh38,GGGCTTGTCCCATCCA-1
GRCh38,GGGCTTGTCCTGTTCG-1
GRCh38,GGGCTTGTCCTTCTAA-1
GRCh38,GGGCTTTAGAAAGGTC-1
GRCh38,GGGCTTTAGAAGTACA-1
GRCh38,GGGCTTTAGAGCGAAT-1
GRCh38,GGGCTTTAGAGCGTAG-1
GRCh38,GGGCTTTAGCCATGCG-1
GRCh38,GGGCTTTAGCGCCACA-1
GRCh38,GGGCTTTAGGCAATTT-1
GRCh38,GGGGAATGTAAATCTG-1
GRCh38,GGGGAATGTAAGGAAT-1
GRCh38,GGGGAATGTACTATTC-1
GRCh38,GGGGAATGTATATTCC-1
GRCh38,GGGGAATGTCCGCTAT-1
GRCh38,GGGGAATGTCTAGGTG-1
GRCh38,GGGGAATGTCTCGGTT-1
GRCh38,GGGGAATGTGCATTCC-1
GRCh38,GGGGAATGTGGAACGG-1
GRCh38,GGGGAATGTGGGAGTG-1
GRCh38,GGGGAATGTGGGTGAG-1
GRCh38,GGGGAATGTGTCCCCA-1
GRCh38,GGGGATGGTAAATGGG-1
GRCh38,GGGGATGGTACGCGCG-1
GRCh38,GGGGATGGTAGGAATG-1
GRCh38,GGGGATGGTAGTTAGC-1
GRCh38,GGGGATGGTATCACCC-1
GRCh38,GGGGATGGTATCCAGG-1
GRCh38,GGGGATGGTATTGCTT-1
GRCh38,GGGGATGGTCACGTAG-1
GRCh38,GGGGATGGTCGGGCAT-1
GRCh38,GGGGATGGTCTTGGTC-1
GRCh38,GGGGATGGTGTGAAAG-1
GRCh38,GGGGCATAGAATTTGC-1
GRCh38,GGGGCATAGACAATAG-1
GRCh38,GGGGCATAGAGTTTAC-1
GRCh38,GGGGCATAGATACGGG-1
GRCh38,GGGGCATAGCATGCCG-1
GRCh38,GGGGCATAGGCGGAGT-1
GRCh38,GGGGCATAGGCTATGC-1
GRCh38,GGGGCATAGGTAATAG-1
GRCh38,GGGGCATAGGTGCCAT-1
GRCh38,GGGGCTACAAGCGTCC-1
GRCh38,GGGGCTACAAGGCACG-1
GRCh38,GGGGCTACACAGTCGC-1
GRCh38,GGGGCTACACCCTTCG-1
GRCh38,GGGGCTACAGCTACAT-1
GRCh38,GGGGCTACAGTCTAAC-1
GRCh38,GGGGCTTGTACGGTTG-1
GRCh38,GGGGCTTGTAGGATTC-1
GRCh38,GGGGCTTGTATGCGCA-1
GRCh38,GGGGCTTGTCAATCCC-1
GRCh38,GGGGCTTGTGCCTTTA-1
GRCh38,GGGGCTTGTGTGAGTT-1
GRCh38,GGGGTAATCACATGTG-1
GRCh38,GGGGTAATCATGACCA-1
GRCh38,GGGGTAATCCACAACA-1
GRCh38,GGGGTAATCCTGGTAA-1
GRCh38,GGGGTAATCGTAACGC-1
GRCh38,GGGGTAATCGTAATTA-1
GRCh38,GGGGTAATCGTCCTGC-1
GRCh38,GGGGTACAGACACCCG-1
GRCh38,GGGGTACAGCAGGGTA-1
GRCh38,GGGGTACAGCATTTCC-1
GRCh38,GGGGTACAGCCGTAGT-1
GRCh38,GGGGTACAGCTAGATT-1
GRCh38,GGGGTACAGCTCATAG-1
GRCh38,GGGGTACAGCTGGGTT-1
GRCh38,GGGGTACAGCTTAAGT-1
GRCh38,GGGGTACAGCTTAGCA-1
GRCh38,GGGGTACAGGCAACGA-1
GRCh38,GGGGTACAGGGGAGCT-1
GRCh38,GGGGTACAGGGGCTAA-1
GRCh38,GGGGTACAGGGTAAGT-1
GRCh38,GGGGTACAGGTAGGAT-1
GRCh38,GGGGTACAGGTTATGT-1
GRCh38,GGGGTAGGTAACAGAG-1
GRCh38,GGGGTAGGTAAGTTTG-1
GRCh38,GGGGTAGGTACACTCC-1
GRCh38,GGGGTAGGTAGCAATC-1
GRCh38,GGGGTAGGTAGGTATC-1
GRCh38,GGGGTAGGTAGTGATC-1
GRCh38,GGGGTAGGTCATCTAT-1
GRCh38,GGGGTAGGTCCTCTGG-1
GRCh38,GGGGTAGGTCGCTTTA-1
GRCh38,GGGGTAGGTCTAAATG-1
GRCh38,GGGGTAGGTGCTCGGG-1
GRCh38,GGGGTAGGTGGGACTC-1
GRCh38,GGGGTAGGTGTGCCCC-1
GRCh38,GGGGTCTGTAATTGTG-1
GRCh38,GGGGTCTGTACACTCC-1
GRCh38,GGGGTCTGTACTATAG-1
GRCh38,GGGGTCTGTCACGAAT-1
GRCh38,GGGGTCTGTCACTCCG-1
GRCh38,GGGGTCTGTCCATCCG-1
GRCh38,GGGGTCTGTCGCGGAT-1
GRCh38,GGGGTCTGTCTGCAAG-1
GRCh38,GGGGTCTGTCTTCTAG-1
GRCh38,GGGGTCTGTGCCTGCC-1
GRCh38,GGGGTCTGTGCGCGAT-1
GRCh38,GGGGTTAAGAAGCCAG-1
GRCh38,GGGGTTAAGAATGCAA-1
GRCh38,GGGGTTAAGCAGCCCA-1
GRCh38,GGGGTTAAGCGGTTTA-1
GRCh38,GGGGTTAAGGCCCCAA-1
GRCh38,GGGGTTAAGGCTTCAA-1
GRCh38,GGGGTTAAGGTAAGAC-1
GRCh38,GGGGTTAAGGTGCTGT-1
GRCh38,GGGGTTCGTAACGCCA-1
GRCh38,GGGGTTCGTAAGCATC-1
GRCh38,GGGGTTCGTACCATGG-1
GRCh38,GGGGTTCGTAGACTCG-1
GRCh38,GGGGTTCGTATACGGT-1
GRCh38,GGGGTTCGTCACTCCG-1
GRCh38,GGGGTTCGTCAGTATA-1
GRCh38,GGGGTTCGTGCATCAG-1
GRCh38,GGGGTTCGTGTTCGTC-1
GRCh38,GGGTAATAGCATACAT-1
GRCh38,GGGTAATAGCCTGTAA-1
GRCh38,GGGTAATAGCTGCAGT-1
GRCh38,GGGTAATAGGCAAGCA-1
GRCh38,GGGTACAAGAAGCTTT-1
GRCh38,GGGTACAAGAGTTAGA-1
GRCh38,GGGTACAAGATCGTTG-1
GRCh38,GGGTACAAGATGGTAA-1
GRCh38,GGGTACAAGCATCAAT-1
GRCh38,GGGTACAAGGTTATCG-1
GRCh38,GGGTAGCAGAATTGAG-1
GRCh38,GGGTAGCAGACCAGGA-1
GRCh38,GGGTAGCAGATGGTAA-1
GRCh38,GGGTAGCAGCAGGGTA-1
GRCh38,GGGTAGCAGCGGGTTT-1
GRCh38,GGGTAGCAGCTGCGTG-1
GRCh38,GGGTAGCAGGGACGAC-1
GRCh38,GGGTAGCAGGGGACGT-1
GRCh38,GGGTAGCAGGTCCACG-1
GRCh38,GGGTAGGGTAGGGCGA-1
GRCh38,GGGTAGGGTATACGTA-1
GRCh38,GGGTAGGGTCTAGGTG-1
GRCh38,GGGTAGGGTCTTATAC-1
GRCh38,GGGTAGGGTGCGGTTA-1
GRCh38,GGGTAGGGTGGCTAGC-1
GRCh38,GGGTAGGGTGTGTCAG-1
GRCh38,GGGTATACAACGATAG-1
GRCh38,GGGTATACAACTCGAT-1
GRCh38,GGGTATACAAGAGGGA-1
GRCh38,GGGTATACACATCAGT-1
GRCh38,GGGTATACACCAGAGG-1
GRCh38,GGGTATACACCGACAC-1
GRCh38,GGGTATACACGCTTTC-1
GRCh38,GGGTATACAGCGGACA-1
GRCh38,GGGTATACAGGAATAT-1
GRCh38,GGGTATCTCACGTCGG-1
GRCh38,GGGTATCTCAGACTTG-1
GRCh38,GGGTATCTCAGCCATA-1
GRCh38,GGGTATCTCAGCTATG-1
GRCh38,GGGTATCTCAGTTATA-1
GRCh38,GGGTATCTCCAATAGT-1
GRCh38,GGGTATCTCCCTAAAG-1
GRCh38,GGGTATCTCGCCTAAA-1
GRCh38,GGGTATCTCGGACTAC-1
GRCh38,GGGTATCTCGGGCAAA-1
GRCh38,GGGTATCTCGTGAGCT-1
GRCh38,GGGTATGAGAAGGTGT-1
GRCh38,GGGTATGAGACCCCGA-1
GRCh38,GGGTATGAGACGGAGC-1
GRCh38,GGGTATGAGACTTAAC-1
GRCh38,GGGTATGAGAGGCGTA-1
GRCh38,GGGTATGAGCCATGCG-1
GRCh38,GGGTATGAGCCGCCAA-1
GRCh38,GGGTATGAGCCGTAAC-1
GRCh38,GGGTATGAGCTGTTGA-1
GRCh38,GGGTATTGTAATACTG-1
GRCh38,GGGTATTGTACAAGAG-1
GRCh38,GGGTATTGTACGCTTC-1
GRCh38,GGGTATTGTACTCCCG-1
GRCh38,GGGTATTGTAGGTTGT-1
GRCh38,GGGTATTGTATGAGCT-1
GRCh38,GGGTATTGTATTGCCC-1
GRCh38,GGGTATTGTCACCGTT-1
GRCh38,GGGTATTGTCATACGG-1
GRCh38,GGGTATTGTCGTTGCT-1
GRCh38,GGGTATTGTGCCCGAG-1
GRCh38,GGGTATTGTGTCGGGT-1
GRCh38,GGGTATTGTGTCTGAG-1
GRCh38,GGGTCAGCAAAATGAC-1
GRCh38,GGGTCAGCAAACCACT-1
GRCh38,GGGTCAGCAAACCAGA-1
GRCh38,GGGTCAGCAAACTCAC-1
GRCh38,GGGTCAGCAAAGGACC-1
GRCh38,GGGTCAGCAACCCTAG-1
GRCh38,GGGTCAGCAAGTGCAA-1
GRCh38,GGGTCAGCACAAACCT-1
GRCh38,GGGTCAGCACATAATT-1
GRCh38,GGGTCAGCACCAAGCC-1
GRCh38,GGGTCAGCACCCTATC-1
GRCh38,GGGTCAGCACCGCAGT-1
GRCh38,GGGTCAGCACCGCTAA-1
GRCh38,GGGTCAGCACTCAATA-1
GRCh38,GGGTCAGCAGCGTCTA-1
GRCh38,GGGTCAGCAGGACGCA-1
GRCh38,GGGTCATTCAACGTTG-1
GRCh38,GGGTCATTCAATGTAC-1
GRCh38,GGGTCATTCAGTCATG-1
GRCh38,GGGTCATTCCTGTCGC-1
GRCh38,GGGTCATTCGCTGGCA-1
GRCh38,GGGTCATTCGGACATC-1
GRCh38,GGGTCATTCGGTTAAT-1
GRCh38,GGGTCATTCGTAATTA-1
GRCh38,GGGTCATTCGTGCGTG-1
GRCh38,GGGTCCATCAGTTTAA-1
GRCh38,GGGTCCATCCCACTAT-1
GRCh38,GGGTCCATCCGGGTCA-1
GRCh38,GGGTCCATCGCGTCGA-1
GRCh38,GGGTCCATCGGCGTTG-1
GRCh38,GGGTCCATCGTCTCGC-1
GRCh38,GGGTCCATCGTCTTCG-1
GRCh38,GGGTCCATCGTTATGG-1
GRCh38,GGGTCTAGTACGTCTC-1
GRCh38,GGGTCTAGTACTATTC-1
GRCh38,GGGTCTAGTAGAGGTA-1
GRCh38,GGGTCTAGTAGGGAGT-1
GRCh38,GGGTCTAGTATACTTC-1
GRCh38,GGGTCTAGTATTCTGT-1
GRCh38,GGGTCTAGTCAGCGTA-1
GRCh38,GGGTCTAGTCAGTTCC-1
GRCh38,GGGTCTAGTCATTTCG-1
GRCh38,GGGTCTAGTCGTACCT-1
GRCh38,GGGTCTAGTCGTAGGC-1
GRCh38,GGGTCTAGTCGTGCCC-1
GRCh38,GGGTCTAGTGGAATTC-1
GRCh38,GGGTCTCCAAAAGGGG-1
GRCh38,GGGTCTCCAACGTTAC-1
GRCh38,GGGTCTCCAACTGAGA-1
GRCh38,GGGTCTCCACAAATCC-1
GRCh38,GGGTCTCCACCAGAGG-1
GRCh38,GGGTCTCCAGCTAATC-1
GRCh38,GGGTCTCCAGGTTGCC-1
GRCh38,GGGTCTCCAGTGCTCA-1
GRCh38,GGGTGAGGTAATTGGC-1
GRCh38,GGGTGAGGTATCTGCC-1
GRCh38,GGGTGAGGTATGTTAG-1
GRCh38,GGGTGAGGTCACCCGC-1
GRCh38,GGGTGAGGTCAGGTGC-1
GRCh38,GGGTGAGGTCCAAGAT-1
GRCh38,GGGTGAGGTCTGGAAT-1
GRCh38,GGGTGAGGTCTTAGGG-1
GRCh38,GGGTGAGGTCTTATGT-1
GRCh38,GGGTGAGGTGTCGTAG-1
GRCh38,GGGTGAGGTGTGTCGA-1
GRCh38,GGGTGCACAAAGTAAC-1
GRCh38,GGGTGCACAAGCGGCA-1
GRCh38,GGGTGCACAAGGAGGA-1
GRCh38,GGGTGCACACAAATGG-1
GRCh38,GGGTGCACACCACGTA-1
GRCh38,GGGTGCACACGTTAGT-1
GRCh38,GGGTGCACACTATGGT-1
GRCh38,GGGTGCACAGCATCGC-1
GRCh38,GGGTGCACAGTAGCCC-1
GRCh38,GGGTGCTGTAAAGTGG-1
GRCh38,GGGTGCTGTAAGGTCT-1
GRCh38,GGGTGCTGTAATGTGC-1
GRCh38,GGGTGCTGTAGCTGTG-1
GRCh38,GGGTGCTGTATCCTGC-1
GRCh38,GGGTGCTGTCATACAA-1
GRCh38,GGGTGCTGTCCTTGCG-1
GRCh38,GGGTGCTGTCGACGGT-1
GRCh38,GGGTGCTGTCGATTGG-1
GRCh38,GGGTGCTGTCTAATCT-1
GRCh38,GGGTGCTGTGCCTCTG-1
GRCh38,GGGTGCTGTGCCTTCG-1
GRCh38,GGGTGCTGTGGAGCAG-1
GRCh38,GGGTGTAAGAGTCGTC-1
GRCh38,GGGTGTAAGATATACC-1
GRCh38,GGGTGTAAGATGTTCG-1
GRCh38,GGGTGTAAGCACCTAA-1
GRCh38,GGGTGTAAGCATAGGG-1
GRCh38,GGGTGTAAGCCACATA-1
GRCh38,GGGTGTAAGCCAGGTT-1
GRCh38,GGGTGTAAGCGGTCCA-1
GRCh38,GGGTGTAAGCGTTAAT-1
GRCh38,GGGTGTAAGGCTACCG-1
GRCh38,GGGTGTAAGGGGTATG-1
GRCh38,GGGTGTCGTAAAGCGA-1
GRCh38,GGGTGTCGTAGTATTG-1
GRCh38,GGGTGTCGTCAGCTTC-1
GRCh38,GGGTGTCGTCCGAAAT-1
GRCh38,GGGTGTCGTCTAACCC-1
GRCh38,GGGTGTCGTCTACGGA-1
GRCh38,GGGTGTCGTGGCTGTA-1
GRCh38,GGGTTAACAAAGGGAG-1
GRCh38,GGGTTAACAAATTCCA-1
GRCh38,GGGTTAACAACCTCTC-1
GRCh38,GGGTTAACAACGTACT-1
GRCh38,GGGTTAACAAGAGACC-1
GRCh38,GGGTTAACAAGCACAA-1
GRCh38,GGGTTAACACGCCTAA-1
GRCh38,GGGTTAACACGGCTAC-1
GRCh38,GGGTTAACACTATGAC-1
GRCh38,GGGTTAACAGCACACC-1
GRCh38,GGGTTAACAGCCCATA-1
GRCh38,GGGTTAACAGCGGGTA-1
GRCh38,GGGTTAACAGGCGGTA-1
GRCh38,GGGTTACTCAACGAAA-1
GRCh38,GGGTTACTCAAGGCTC-1
GRCh38,GGGTTACTCACAGTTG-1
GRCh38,GGGTTACTCAGCATTG-1
GRCh38,GGGTTACTCAGGACTC-1
GRCh38,GGGTTACTCATGTCGA-1
GRCh38,GGGTTACTCCACGTAA-1
GRCh38,GGGTTACTCCGCATGG-1
GRCh38,GGGTTACTCGCTATCT-1
GRCh38,GGGTTACTCGCTTAAG-1
GRCh38,GGGTTACTCGGCGTCA-1
GRCh38,GGGTTACTCGGTAGCT-1
GRCh38,GGGTTACTCGTCGTAA-1
GRCh38,GGGTTAGAGACGTTAT-1
GRCh38,GGGTTAGAGAGTATTC-1
GRCh38,GGGTTAGAGAGTGATA-1
GRCh38,GGGTTAGAGATCTCGA-1
GRCh38,GGGTTAGAGATGGGAT-1
GRCh38,GGGTTAGAGCACCCAG-1
GRCh38,GGGTTAGAGCCGTCAG-1
GRCh38,GGGTTAGAGCTCGGCA-1
GRCh38,GGGTTAGAGCTCTGGG-1
GRCh38,GGGTTAGAGGCATAGG-1
GRCh38,GGGTTAGAGGGATAGT-1
GRCh38,GGGTTAGAGGTTGCCG-1
GRCh38,GGGTTATGTAAGTGAG-1
GRCh38,GGGTTATGTAGTAAGG-1
GRCh38,GGGTTATGTCTGTCTA-1
GRCh38,GGGTTATGTGCCATTC-1
GRCh38,GGGTTATGTGCTTCTA-1
GRCh38,GGGTTATGTGGATCGC-1
GRCh38,GGGTTATGTGTCACGA-1
GRCh38,GGGTTCAGTAACCCGA-1
GRCh38,GGGTTCAGTACTATTC-1
GRCh38,GGGTTCAGTACTCCCG-1
GRCh38,GGGTTCAGTATGGCCA-1
GRCh38,GGGTTCAGTCATCTAT-1
GRCh38,GGGTTCAGTCCAGTAG-1
GRCh38,GGGTTCAGTCCCTGAT-1
GRCh38,GGGTTCAGTCGTCTGT-1
GRCh38,GGGTTCAGTCGTTCCG-1
GRCh38,GGGTTCAGTCTCGCCA-1
GRCh38,GGGTTCAGTCTCTAAT-1
GRCh38,GGGTTCAGTGTACGTG-1
GRCh38,GGGTTCAGTGTCCCAT-1
GRCh38,GGGTTCCCAACACTAC-1
GRCh38,GGGTTCCCAAGCGGCA-1
GRCh38,GGGTTCCCAAGTATCC-1
GRCh38,GGGTTCCCAATGGTAG-1
GRCh38,GGGTTCCCACCAGATT-1
GRCh38,GGGTTCCCACCCATTC-1
GRCh38,GGGTTCCCACGCCATA-1
GRCh38,GGGTTCCCAGCTCCAA-1
GRCh38,GGGTTCCCAGGATCAA-1
GRCh38,GGGTTCCCAGGTACAA-1
GRCh38,GGGTTCCCAGTGAAAT-1
GRCh38,GGGTTCGTCACGCATA-1
GRCh38,GGGTTCGTCACGCGCA-1
GRCh38,GGGTTCGTCAGCCAAC-1
GRCh38,GGGTTCGTCAGCTATG-1
GRCh38,GGGTTCGTCATGCTTC-1
GRCh38,GGGTTCGTCCATGGGT-1
GRCh38,GGGTTCGTCCCATAAG-1
GRCh38,GGGTTCGTCCCCAACC-1
GRCh38,GGGTTCGTCCGATAGC-1
GRCh38,GGGTTCGTCCTACATC-1
GRCh38,GGGTTCGTCCTATTGC-1
GRCh38,GGGTTCGTCGCACCCT-1
GRCh38,GGGTTGAAGAGGGTGC-1
GRCh38,GGGTTGAAGCACTGCG-1
GRCh38,GGGTTGAAGCCCACAG-1
GRCh38,GGGTTGAAGCCCTTGC-1
GRCh38,GGGTTGAAGCCTTTCG-1
GRCh38,GGGTTGAAGCGATGAG-1
GRCh38,GGGTTGAAGCTCGGCA-1
GRCh38,GGGTTGAAGGCCCAAT-1
GRCh38,GGGTTGAAGGCGTCAT-1
GRCh38,GGGTTGAAGGGAATTA-1
GRCh38,GGGTTGAAGGGACGAC-1
GRCh38,GGGTTGAAGGTCCGAT-1
GRCh38,GGGTTGAAGGTCGAGA-1
GRCh38,GGGTTGAAGGTCGGAA-1
GRCh38,GGGTTGCGTAACATTG-1
GRCh38,GGGTTGCGTAAGTGCT-1
GRCh38,GGGTTGCGTACAGGCC-1
GRCh38,GGGTTGCGTAGCAATC-1
GRCh38,GGGTTGCGTAGCCTCT-1
GRCh38,GGGTTGCGTATCTGCC-1
GRCh38,GGGTTGCGTCATCGCT-1
GRCh38,GGGTTGCGTCATTATC-1
GRCh38,GGGTTGCGTCGATCAG-1
GRCh38,GGGTTGCGTCGCTCTG-1
GRCh38,GGGTTGCGTCTGCAAG-1
GRCh38,GGGTTGCGTGCTTAGG-1
GRCh38,GGGTTGCGTGGGGATG-1
GRCh38,GGGTTGCGTGTGCAAT-1
GRCh38,GGGTTGCGTGTGTTAA-1
GRCh38,GGGTTTCAGAAACCAA-1
GRCh38,GGGTTTCAGAACATAG-1
GRCh38,GGGTTTCAGACAACCC-1
GRCh38,GGGTTTCAGAGGCGAC-1
GRCh38,GGGTTTCAGATAGGCG-1
GRCh38,GGGTTTCAGCACTGTA-1
GRCh38,GGGTTTCAGCCATAGC-1
GRCh38,GGGTTTCAGCCGTCAG-1
GRCh38,GGGTTTCAGCTGTATG-1
GRCh38,GGGTTTCAGGCATTCA-1
GRCh38,GGGTTTCAGGCTCGAT-1
GRCh38,GGGTTTGGTAATGTGC-1
GRCh38,GGGTTTGGTACGGGTC-1
GRCh38,GGGTTTGGTAGTCAGT-1
GRCh38,GGGTTTGGTATATCAG-1
GRCh38,GGGTTTGGTCACGTTC-1
GRCh38,GGGTTTGGTCATACAA-1
GRCh38,GGGTTTGGTCGCTTTA-1
GRCh38,GGGTTTGGTGGGGTTC-1
GRCh38,GGGTTTGGTGTCCCGC-1
GRCh38,GGTAAAGGTAACCCCT-1
GRCh38,GGTAAAGGTAAGGTCT-1
GRCh38,GGTAAAGGTATCACGG-1
GRCh38,GGTAAAGGTATGAGGA-1
GRCh38,GGTAAAGGTATTACCT-1
GRCh38,GGTAAAGGTATTCGGG-1
GRCh38,GGTAAAGGTCAGGCCG-1
GRCh38,GGTAAAGGTCAGTCAG-1
GRCh38,GGTAAAGGTCCTTTGA-1
GRCh38,GGTAAAGGTCGTAGGC-1
GRCh38,GGTAAAGGTCGTAGTG-1
GRCh38,GGTAAAGGTGCTAGGC-1
GRCh38,GGTAAAGGTGGCATAT-1
GRCh38,GGTAAAGGTGTGTTAA-1
GRCh38,GGTAAATCAAACTCCG-1
GRCh38,GGTAAATCAACAATGG-1
GRCh38,GGTAAATCAACGGACG-1
GRCh38,GGTAAATCAACTAATT-1
GRCh38,GGTAAATCAAGAAGCC-1
GRCh38,GGTAAATCAAGCGAGT-1
GRCh38,GGTAAATCAAGGACAC-1
GRCh38,GGTAAATCACAACAGA-1
GRCh38,GGTAAATCACTAAGGA-1
GRCh38,GGTAAATCACTCATTT-1
GRCh38,GGTAAATCAGCTAAAG-1
GRCh38,GGTAAATCAGTACGAA-1
GRCh38,GGTAACACAAACGAGC-1
GRCh38,GGTAACACAAACGGTA-1
GRCh38,GGTAACACAAGGAGGA-1
GRCh38,GGTAACACACATTAGC-1
GRCh38,GGTAACACACCATACG-1
GRCh38,GGTAACACACGCTCAA-1
GRCh38,GGTAACACACTAGGCC-1
GRCh38,GGTAACACAGCGCTTA-1
GRCh38,GGTAACACAGCGGTCT-1
GRCh38,GGTAACACAGCTATCG-1
GRCh38,GGTAACACAGCTTTAA-1
GRCh38,GGTAACACAGGGTCAG-1
GRCh38,GGTAAGCCAACCCGAC-1
GRCh38,GGTAAGCCAACGTTAC-1
GRCh38,GGTAAGCCAAGAATTA-1
GRCh38,GGTAAGCCAATCATGC-1
GRCh38,GGTAAGCCACACAGAA-1
GRCh38,GGTAAGCCACCAAGCC-1
GRCh38,GGTAAGCCACCAATTA-1
GRCh38,GGTAAGCCACTCGTTC-1
GRCh38,GGTAAGCCAGCACACC-1
GRCh38,GGTAAGCCAGCAGTAA-1
GRCh38,GGTAAGCCAGTAACCT-1
GRCh38,GGTAAGCCAGTCTAAC-1
GRCh38,GGTAAGTAGACACCGT-1
GRCh38,GGTAAGTAGACGACAG-1
GRCh38,GGTAAGTAGAGCAGCA-1
GRCh38,GGTAAGTAGAGCGGAC-1
GRCh38,GGTAAGTAGAGTATAG-1
GRCh38,GGTAAGTAGCACAGGA-1
GRCh38,GGTAAGTAGGTAGGCA-1
GRCh38,GGTAATCGTAGCGTAT-1
GRCh38,GGTAATCGTAGCGTCA-1
GRCh38,GGTAATCGTAGGTTCG-1
GRCh38,GGTAATCGTATATGGC-1
GRCh38,GGTAATCGTCCGGTAA-1
GRCh38,GGTAATCGTCCTAGCT-1
GRCh38,GGTAATCGTCGTACAG-1
GRCh38,GGTAATTTCAGACTGC-1
GRCh38,GGTAATTTCAGTCGCG-1
GRCh38,GGTAATTTCCATCGGG-1
GRCh38,GGTAATTTCCCATTAC-1
GRCh38,GGTAATTTCCGCACTC-1
GRCh38,GGTAATTTCCGGGTAT-1
GRCh38,GGTAATTTCCGTTCTG-1
GRCh38,GGTAATTTCCTATCCG-1
GRCh38,GGTAATTTCGCACCTC-1
GRCh38,GGTAATTTCGCGGTTG-1
GRCh38,GGTAATTTCGTATGCA-1
GRCh38,GGTAATTTCGTGGTTA-1
GRCh38,GGTACAACAAACTCAC-1
GRCh38,GGTACAACAAGCAGTA-1
GRCh38,GGTACAACAAGCCATT-1
GRCh38,GGTACAACAATCGAAG-1
GRCh38,GGTACAACACGCCATA-1
GRCh38,GGTACAACACGGAAAC-1
GRCh38,GGTACAACACTCGCAA-1
GRCh38,GGTACAACAGTGATTC-1
GRCh38,GGTACAGAGAATGGTA-1
GRCh38,GGTACAGAGAATTCGT-1
GRCh38,GGTACAGAGAGGACCA-1
GRCh38,GGTACAGAGATTGAAG-1
GRCh38,GGTACAGAGCCCACAG-1
GRCh38,GGTACAGAGCGCTTGG-1
GRCh38,GGTACAGAGCGTCAAC-1
GRCh38,GGTACAGAGCTCGTAA-1
GRCh38,GGTACAGAGCTCGTTT-1
GRCh38,GGTACAGAGCTCTAGA-1
GRCh38,GGTACAGAGCTGGCAT-1
GRCh38,GGTACAGAGGCCCACA-1
GRCh38,GGTACAGAGGGTTCCG-1
GRCh38,GGTACAGAGGTATTGT-1
GRCh38,GGTACAGAGGTCACGT-1
GRCh38,GGTACGAAGAAGCTGG-1
GRCh38,GGTACGAAGAAGTAGC-1
GRCh38,GGTACGAAGAGACGAT-1
GRCh38,GGTACGAAGAGGTATA-1
GRCh38,GGTACGAAGATCTTGG-1
GRCh38,GGTACGAAGCCTCGTC-1
GRCh38,GGTACGAAGCGGATAG-1
GRCh38,GGTACGAAGCGGATTC-1
GRCh38,GGTACGAAGCGTACGT-1
GRCh38,GGTACGAAGCGTCTAA-1
GRCh38,GGTACGAAGCTCGTAA-1
GRCh38,GGTACGTTCAACATTA-1
GRCh38,GGTACGTTCAATATTG-1
GRCh38,GGTACGTTCACACGGT-1
GRCh38,GGTACGTTCAGCCATA-1
GRCh38,GGTACGTTCCAACAGC-1
GRCh38,GGTACGTTCCCGGTTC-1
GRCh38,GGTACGTTCCTCGGCT-1
GRCh38,GGTACGTTCCTGAACA-1
GRCh38,GGTACGTTCGGTGTCG-1
GRCh38,GGTACGTTCGTCCGCT-1
GRCh38,GGTACGTTCGTTAAGT-1
GRCh38,GGTACGTTCGTTGTCT-1
GRCh38,GGTACTATCAAATTGC-1
GRCh38,GGTACTATCACAGATT-1
GRCh38,GGTACTATCACCACAA-1
GRCh38,GGTACTATCAGACTGC-1
GRCh38,GGTACTATCATTGTCC-1
GRCh38,GGTACTATCCGCAATA-1
GRCh38,GGTACTATCGCACTAA-1
GRCh38,GGTACTATCGCAGTGT-1
GRCh38,GGTACTATCGCATCGG-1
GRCh38,GGTACTATCGCCATAA-1
GRCh38,GGTACTGGTACTATGA-1
GRCh38,GGTACTGGTATCAATG-1
GRCh38,GGTACTGGTCAGTCTC-1
GRCh38,GGTACTGGTCGTGGGT-1
GRCh38,GGTACTGGTCGTTCGT-1
GRCh38,GGTAGCAAGAACGCGA-1
GRCh38,GGTAGCAAGACAATTC-1
GRCh38,GGTAGCAAGACTATCG-1
GRCh38,GGTAGCAAGAGCAGAT-1
GRCh38,GGTAGCAAGAGTATAG-1
GRCh38,GGTAGCAAGAGTCTTG-1
GRCh38,GGTAGCAAGCCGATTA-1
GRCh38,GGTAGCAAGGCCATCG-1
GRCh38,GGTAGCAAGGTTATGT-1
GRCh38,GGTAGCCGTACCATGG-1
GRCh38,GGTAGCCGTAGCGTCA-1
GRCh38,GGTAGCCGTATTGCGG-1
GRCh38,GGTAGCCGTCAGCATG-1
GRCh38,GGTAGCCGTCCAACAG-1
GRCh38,GGTAGCCGTGTCCCTG-1
GRCh38,GGTAGCGCAAGCGCGA-1
GRCh38,GGTAGCGCAATACGCT-1
GRCh38,GGTAGCGCAATTGTAT-1
GRCh38,GGTAGCGCACACATAC-1
GRCh38,GGTAGCGCACACGGTC-1
GRCh38,GGTAGCGCACATAGTC-1
GRCh38,GGTAGCGCACCCTAGA-1
GRCh38,GGTAGCGCACCGACTA-1
GRCh38,GGTAGCGCACGCACTA-1
GRCh38,GGTAGCGCACGGACCT-1
GRCh38,GGTAGCGCAGTAACCT-1
GRCh38,GGTAGCGCAGTGAGCG-1
GRCh38,GGTAGCTTCAGACTCA-1
GRCh38,GGTAGCTTCAGTACTG-1
GRCh38,GGTAGCTTCATGGCCG-1
GRCh38,GGTAGCTTCATGTCAG-1
GRCh38,GGTAGCTTCCCCATTG-1
GRCh38,GGTAGCTTCGCTTCGC-1
GRCh38,GGTAGCTTCGGATACC-1
GRCh38,GGTAGCTTCGTATGTG-1
GRCh38,GGTAGCTTCGTGGCAT-1
GRCh38,GGTAGGCAGACCCTAA-1
GRCh38,GGTAGGCAGAGCAAGT-1
GRCh38,GGTAGGCAGCATAGGG-1
GRCh38,GGTAGGCAGCATTACG-1
GRCh38,GGTAGGCAGCATTAGT-1
GRCh38,GGTAGGCAGCCGCACA-1
GRCh38,GGTAGGCAGCTACAGC-1
GRCh38,GGTAGGCAGGTAGGTG-1
GRCh38,GGTAGGGGTACAGGTT-1
GRCh38,GGTAGGGGTAGCGGAG-1
GRCh38,GGTAGGGGTAGTTGCG-1
GRCh38,GGTAGGGGTATGCTGG-1
GRCh38,GGTAGGGGTCATGTGG-1
GRCh38,GGTAGGGGTCGTCGGG-1
GRCh38,GGTAGGGGTGCCTGGG-1
GRCh38,GGTAGGGGTGCTTGTC-1
GRCh38,GGTAGGGGTGTATTCT-1
GRCh38,GGTAGTGAGAGAGGAA-1
GRCh38,GGTAGTGAGCACTATG-1
GRCh38,GGTAGTGAGCGCTCGA-1
GRCh38,GGTAGTGAGGCATTCA-1
GRCh38,GGTAGTGAGGCTTGAC-1
GRCh38,GGTAGTGAGGGGATTG-1
GRCh38,GGTAGTGAGGGTGATG-1
GRCh38,GGTAGTTGTAACGAAG-1
GRCh38,GGTAGTTGTACCTTTG-1
GRCh38,GGTAGTTGTATGGCGC-1
GRCh38,GGTAGTTGTCAATGTA-1
GRCh38,GGTAGTTGTCCTACGT-1
GRCh38,GGTAGTTGTCGAAGCC-1
GRCh38,GGTAGTTGTCTCGATC-1
GRCh38,GGTAGTTGTGCAGTCA-1
GRCh38,GGTAGTTGTGCCAAAT-1
GRCh38,GGTAGTTGTGTCATGG-1
GRCh38,GGTATATTCACTCCAT-1
GRCh38,GGTATATTCCATTGTC-1
GRCh38,GGTATATTCCCCTAAT-1
GRCh38,GGTATATTCCGGTAAC-1
GRCh38,GGTATATTCGCATGGT-1
GRCh38,GGTATATTCGTAGGTC-1
GRCh38,GGTATATTCGTGTAAT-1
GRCh38,GGTATCCAGACCTATG-1
GRCh38,GGTATCCAGAGCGTAG-1
GRCh38,GGTATCCAGAGTAATG-1
GRCh38,GGTATCCAGCACCAAC-1
GRCh38,GGTATCCAGCATTCAG-1
GRCh38,GGTATCCAGCCAGGTT-1
GRCh38,GGTATCCAGCCTCACC-1
GRCh38,GGTATCCAGCCTCATT-1
GRCh38,GGTATCCAGCGTTGTA-1
GRCh38,GGTATCCAGGGTAGGC-1
GRCh38,GGTATCCAGGTTGTGC-1
GRCh38,GGTATCTCAACACAGA-1
GRCh38,GGTATCTCAACTGTCG-1
GRCh38,GGTATCTCAAGCAGTA-1
GRCh38,GGTATCTCAAGTTTCA-1
GRCh38,GGTATCTCAATGGCGG-1
GRCh38,GGTATCTCAATTCAGC-1
GRCh38,GGTATCTCACCGTTAG-1
GRCh38,GGTATCTCACGAAGTA-1
GRCh38,GGTATCTCAGCATCCA-1
GRCh38,GGTATCTCAGCGACCT-1
GRCh38,GGTATCTCAGGGTATA-1
GRCh38,GGTATCTCAGTTGCCA-1
GRCh38,GGTATGCTCAAACCGC-1
GRCh38,GGTATGCTCAACTCTC-1
GRCh38,GGTATGCTCAGCACGT-1
GRCh38,GGTATGCTCAGCATAT-1
GRCh38,GGTATGCTCATAAGCT-1
GRCh38,GGTATGCTCCAAGTGC-1
GRCh38,GGTATGCTCCATACCT-1
GRCh38,GGTATGCTCCCTCTAG-1
GRCh38,GGTATGCTCGTACATG-1
GRCh38,GGTATGCTCGTCAAGC-1
GRCh38,GGTATGTGTACAAGCT-1
GRCh38,GGTATGTGTACCATCC-1
GRCh38,GGTATGTGTAGGACCC-1
GRCh38,GGTATGTGTATCCGAG-1
GRCh38,GGTATGTGTCATTGGG-1
GRCh38,GGTATGTGTCCAAGAT-1
GRCh38,GGTATGTGTCCGTAAG-1
GRCh38,GGTATGTGTCTGTTGC-1
GRCh38,GGTATGTGTGTATCGG-1
GRCh38,GGTATGTGTGTCTTCA-1
GRCh38,GGTATGTGTGTGTTAA-1
GRCh38,GGTATTAGTACATTTC-1
GRCh38,GGTATTAGTAGCCAGC-1
GRCh38,GGTATTAGTAGGGGAT-1
GRCh38,GGTATTAGTAGGTTGT-1
GRCh38,GGTATTAGTAGTCAGT-1
GRCh38,GGTATTAGTATTCTGT-1
GRCh38,GGTATTAGTCCGTAAG-1
GRCh38,GGTATTAGTCGACTCT-1
GRCh38,GGTATTAGTCTAACCC-1
GRCh38,GGTATTAGTGTCTATT-1
GRCh38,GGTATTCCAAAGCGTA-1
GRCh38,GGTATTCCAAATTGCC-1
GRCh38,GGTATTCCAACACTTA-1
GRCh38,GGTATTCCAATGCATC-1
GRCh38,GGTATTCCAATGTCCG-1
GRCh38,GGTATTCCACAACGCC-1
GRCh38,GGTATTCCACAACTCG-1
GRCh38,GGTATTCCAGTGGGAT-1
GRCh38,GGTATTGTCAAATCCG-1
GRCh38,GGTATTGTCACAACGC-1
GRCh38,GGTATTGTCACCCTGC-1
GRCh38,GGTATTGTCACTGCCC-1
GRCh38,GGTATTGTCATTGCTC-1
GRCh38,GGTATTGTCCGCGGTA-1
GRCh38,GGTATTGTCCTTCTAA-1
GRCh38,GGTATTGTCGCCTAAA-1
GRCh38,GGTATTGTCGCTAACA-1
GRCh38,GGTATTGTCGCTTCGC-1
GRCh38,GGTATTGTCGCTTCTG-1
GRCh38,GGTATTGTCGGCTTCC-1
GRCh38,GGTCAACTCACACTTC-1
GRCh38,GGTCAACTCACATAAC-1
GRCh38,GGTCAACTCATAAGCT-1
GRCh38,GGTCAACTCATATGTA-1
GRCh38,GGTCAACTCCAATCGA-1
GRCh38,GGTCAACTCCACCCAC-1
GRCh38,GGTCAACTCCGTCGCT-1
GRCh38,GGTCAACTCCTCCTCT-1
GRCh38,GGTCAACTCCTTATGC-1
GRCh38,GGTCAACTCGCAACTA-1
GRCh38,GGTCAACTCGGAATGG-1
GRCh38,GGTCAACTCGGCGAAA-1
GRCh38,GGTCAACTCGGCGTTG-1
GRCh38,GGTCAACTCGGCTGCA-1
GRCh38,GGTCAACTCGGCTTAA-1
GRCh38,GGTCAACTCGTAGCGT-1
GRCh38,GGTCAATGTAACCGTG-1
GRCh38,GGTCAATGTAATTGGC-1
GRCh38,GGTCAATGTACCCTTA-1
GRCh38,GGTCAATGTAGGCCCG-1
GRCh38,GGTCAATGTCGCATTC-1
GRCh38,GGTCAATGTCTCGGTT-1
GRCh38,GGTCAATGTGGTGCCG-1
GRCh38,GGTCAATGTGTATGTA-1
GRCh38,GGTCAATGTGTCATGG-1
GRCh38,GGTCAATGTGTGTCGA-1
GRCh38,GGTCAGCGTAGGAAAT-1
GRCh38,GGTCAGCGTATAAGCC-1
GRCh38,GGTCAGCGTCACATGG-1
GRCh38,GGTCAGCGTCACGAAT-1
GRCh38,GGTCAGCGTCCGGTAA-1
GRCh38,GGTCAGCGTCTACTAT-1
GRCh38,GGTCAGCGTGCTTCCG-1
GRCh38,GGTCAGCGTGCTTGGA-1
GRCh38,GGTCAGCGTGTCTATT-1
GRCh38,GGTCAGTTCACTCTGT-1
GRCh38,GGTCAGTTCATCTTCA-1
GRCh38,GGTCAGTTCATGAATC-1
GRCh38,GGTCAGTTCATGGCGT-1
GRCh38,GGTCAGTTCATTGGCA-1
GRCh38,GGTCAGTTCCGGTAAC-1
GRCh38,GGTCAGTTCCTTGTAC-1
GRCh38,GGTCAGTTCGCGTAGT-1
GRCh38,GGTCAGTTCGTCCAAA-1
GRCh38,GGTCATATCCAATAGT-1
GRCh38,GGTCATATCCAGCATA-1
GRCh38,GGTCATATCCATTGCT-1
GRCh38,GGTCATATCCCACGCT-1
GRCh38,GGTCATATCCGATCGG-1
GRCh38,GGTCATATCCGCGGTA-1
GRCh38,GGTCATATCCTAACTC-1
GRCh38,GGTCATATCCTGCTAT-1
GRCh38,GGTCATATCGCTCATT-1
GRCh38,GGTCATATCGGTTCGG-1
GRCh38,GGTCATTCAAACATTT-1
GRCh38,GGTCATTCAACAACAG-1
GRCh38,GGTCATTCAAGCACAA-1
GRCh38,GGTCATTCAAGCCGAG-1
GRCh38,GGTCATTCAAGCGCTC-1
GRCh38,GGTCATTCACAGTAAG-1
GRCh38,GGTCCCCGTAGAGATG-1
GRCh38,GGTCCCCGTATGCGGC-1
GRCh38,GGTCCCCGTCCAGTTC-1
GRCh38,GGTCCCCGTCCGTCGC-1
GRCh38,GGTCCCCGTCGTCTGT-1
GRCh38,GGTCCCCGTGTATTCT-1
GRCh38,GGTCCCTTCCGGCACA-1
GRCh38,GGTCCCTTCCTACATC-1
GRCh38,GGTCCCTTCGGATCAC-1
GRCh38,GGTCCCTTCGGCTCCT-1
GRCh38,GGTCCCTTCGTTATGG-1
GRCh38,GGTCCTCTCAACACGC-1
GRCh38,GGTCCTCTCACCAAAT-1
GRCh38,GGTCCTCTCAGCGGTT-1
GRCh38,GGTCCTCTCAGCGTGT-1
GRCh38,GGTCCTCTCATAACAC-1
GRCh38,GGTCCTCTCATCGCTT-1
GRCh38,GGTCCTCTCCACATCT-1
GRCh38,GGTCCTCTCCCTAACT-1
GRCh38,GGTCCTCTCCGGGAAA-1
GRCh38,GGTCCTCTCCTCGTCA-1
GRCh38,GGTCCTCTCGCTCCAC-1
GRCh38,GGTCGCATCACAGATT-1
GRCh38,GGTCGCATCAGTTATA-1
GRCh38,GGTCGCATCCATCTAC-1
GRCh38,GGTCGCATCCGGGTTG-1
GRCh38,GGTCGCATCGGAGTCT-1
GRCh38,GGTCGCATCGTTATGG-1
GRCh38,GGTCGTCCAAACCTAC-1
GRCh38,GGTCGTCCAACCACAT-1
GRCh38,GGTCGTCCACAGTTTA-1
GRCh38,GGTCGTCCACCACCAA-1
GRCh38,GGTCGTCCAGCTAGAA-1
GRCh38,GGTCGTCCAGCTTAGT-1
GRCh38,GGTCGTTAGAACCCCG-1
GRCh38,GGTCGTTAGAATACAG-1
GRCh38,GGTCGTTAGACGATGG-1
GRCh38,GGTCGTTAGACGCCCA-1
GRCh38,GGTCGTTAGCACTCAA-1
GRCh38,GGTCGTTAGCGTGTCG-1
GRCh38,GGTCGTTAGCTGATAT-1
GRCh38,GGTCTAATCAATCTGG-1
GRCh38,GGTCTAATCACTAACG-1
GRCh38,GGTCTAATCCATATCC-1
GRCh38,GGTCTAATCCCTTTCC-1
GRCh38,GGTCTAATCCGCACTC-1
GRCh38,GGTCTAATCCGCTAAA-1
GRCh38,GGTCTAATCGCATACA-1
GRCh38,GGTCTAATCGTTCTAC-1
GRCh38,GGTCTAGGTAATCCGG-1
GRCh38,GGTCTAGGTACAGGTT-1
GRCh38,GGTCTAGGTACCCTTA-1
GRCh38,GGTCTAGGTAGGTTGT-1
GRCh38,GGTCTAGGTATGCAGT-1
GRCh38,GGTCTAGGTCATACAA-1
GRCh38,GGTCTAGGTCGCCATT-1
GRCh38,GGTCTAGGTCGCGTCC-1
GRCh38,GGTCTAGGTCGCTCGC-1
GRCh38,GGTCTAGGTCTAAGTA-1
GRCh38,GGTCTAGGTGCACTCT-1
GRCh38,GGTCTAGGTGGTCTAG-1
GRCh38,GGTCTAGGTGTCCCTG-1
GRCh38,GGTCTAGGTGTCGATG-1
GRCh38,GGTCTATCAAACCACT-1
GRCh38,GGTCTATCAACATGTC-1
GRCh38,GGTCTATCAACCCGTA-1
GRCh38,GGTCTATCAAGCGGCA-1
GRCh38,GGTCTATCAATTATCG-1
GRCh38,GGTCTATCACAACGGG-1
GRCh38,GGTCTATCACAAGCCC-1
GRCh38,GGTCTCTGTATCTCAT-1
GRCh38,GGTCTCTGTATGGGCC-1
GRCh38,GGTCTCTGTCGGCTGG-1
GRCh38,GGTCTCTGTGCGTCTT-1
GRCh38,GGTCTCTGTGGGTCTA-1
GRCh38,GGTCTGTAGAATTCGT-1
GRCh38,GGTCTGTAGACGTCCG-1
GRCh38,GGTCTGTAGATTAACC-1
GRCh38,GGTCTGTAGCACGAAG-1
GRCh38,GGTCTGTAGCCGACAT-1
GRCh38,GGTCTGTAGCCGCACA-1
GRCh38,GGTCTGTAGCCTGCAG-1
GRCh38,GGTCTGTAGCCTGCGA-1
GRCh38,GGTCTGTAGCCTTAAG-1
GRCh38,GGTCTGTAGCGGCATT-1
GRCh38,GGTCTGTAGCTGCATA-1
GRCh38,GGTCTGTAGCTGTAAT-1
GRCh38,GGTCTGTAGCTTGAAT-1
GRCh38,GGTCTGTAGGCGTCAT-1
GRCh38,GGTCTGTAGGTGTCCG-1
GRCh38,GGTGAATAGACAGTTT-1
GRCh38,GGTGAATAGACGAACG-1
GRCh38,GGTGAATAGACTATCG-1
GRCh38,GGTGAATAGAGAAGCT-1
GRCh38,GGTGAATAGAGCTTGC-1
GRCh38,GGTGAATAGATAAGTG-1
GRCh38,GGTGAATAGATCGGAG-1
GRCh38,GGTGAATAGCAATACT-1
GRCh38,GGTGAATAGCGCTTGG-1
GRCh38,GGTGAATAGGCACAAG-1
GRCh38,GGTGAATAGGCTGTTA-1
GRCh38,GGTGAATAGGTCACGT-1
GRCh38,GGTGAATAGGTGCGTT-1
GRCh38,GGTGATACAACAATCC-1
GRCh38,GGTGATACAACATATT-1
GRCh38,GGTGATACAACCCTAG-1
GRCh38,GGTGATACAAGGTAAT-1
GRCh38,GGTGATACAAGTCGAA-1
GRCh38,GGTGATACAAGTGCAA-1
GRCh38,GGTGATACAATGCCCA-1
GRCh38,GGTGATACACCGCTAA-1
GRCh38,GGTGATACACGGCACT-1
GRCh38,GGTGATACAGCAGTAA-1
GRCh38,GGTGATACAGGACATA-1
GRCh38,GGTGATACAGGAGTTA-1
GRCh38,GGTGATACAGGGCTAG-1
GRCh38,GGTGATACAGTCCTAG-1
GRCh38,GGTGATACAGTTAAGG-1
GRCh38,GGTGATGAGAAACCAA-1
GRCh38,GGTGATGAGACGATGG-1
GRCh38,GGTGATGAGACGCCCA-1
GRCh38,GGTGATGAGATGGTGG-1
GRCh38,GGTGATGAGCAACCCG-1
GRCh38,GGTGATGAGCATGGAG-1
GRCh38,GGTGATGAGCCGATAC-1
GRCh38,GGTGATGAGCTCAGGT-1
GRCh38,GGTGATGAGCTGTCGG-1
GRCh38,GGTGATGAGGCTTAAT-1
GRCh38,GGTGATGAGGTCGTAC-1
GRCh38,GGTGATTGTAAAGCGA-1
GRCh38,GGTGATTGTATGCGGC-1
GRCh38,GGTGATTGTATGGTTA-1
GRCh38,GGTGATTGTCATCGAG-1
GRCh38,GGTGATTGTCGACTAG-1
GRCh38,GGTGATTGTCGAGTGC-1
GRCh38,GGTGATTGTCGCCGTC-1
GRCh38,GGTGATTGTCTCATTG-1
GRCh38,GGTGATTGTGCCACTT-1
GRCh38,GGTGATTGTGGGTATT-1
GRCh38,GGTGATTGTGTGAAAG-1
GRCh38,GGTGCATTCAAACTAC-1
GRCh38,GGTGCATTCAATGGTT-1
GRCh38,GGTGCATTCATCCTAC-1
GRCh38,GGTGCATTCATTAATG-1
GRCh38,GGTGCATTCCACCCAC-1
GRCh38,GGTGCATTCGCACAAC-1
GRCh38,GGTGCATTCGCACCTC-1
GRCh38,GGTGCATTCGCTCCGT-1
GRCh38,GGTGCATTCGGATGTC-1
GRCh38,GGTGCATTCGTGTCAA-1
GRCh38,GGTGCCGGTACCTTGC-1
GRCh38,GGTGCCGGTATAGTCA-1
GRCh38,GGTGCCGGTATGCAGT-1
GRCh38,GGTGCCGGTCAAAGCT-1
GRCh38,GGTGCCGGTCGCGCTC-1
GRCh38,GGTGCCGGTCGCGTCC-1
GRCh38,GGTGCCGGTCGTAATA-1
GRCh38,GGTGCCGGTGCGTAGC-1
GRCh38,GGTGCCGGTGGCTTTC-1
GRCh38,GGTGCGACAAACCTAC-1
GRCh38,GGTGCGACAACGAAGC-1
GRCh38,GGTGCGACAAGCGGCA-1
GRCh38,GGTGCGACAAGGTTAG-1
GRCh38,GGTGCGACAAGTCTCG-1
GRCh38,GGTGCGACACCGACTA-1
GRCh38,GGTGCGACAGTATACC-1
GRCh38,GGTGCGTGTACTACAA-1
GRCh38,GGTGGAGGTAAGGAAT-1
GRCh38,GGTGGAGGTACAGAAG-1
GRCh38,GGTGGAGGTAGTGTTA-1
GRCh38,GGTGGAGGTCGACTTC-1
GRCh38,GGTGGAGGTCGTAGTG-1
GRCh38,GGTGGAGGTGCTATAA-1
GRCh38,GGTGGTTTCAATCGGC-1
GRCh38,GGTGGTTTCACTCCGC-1
GRCh38,GGTGGTTTCAGGGCAA-1
GRCh38,GGTGGTTTCATGGTAT-1
GRCh38,GGTGGTTTCCTGGGTG-1
GRCh38,GGTGGTTTCGGCTATA-1
GRCh38,GGTGGTTTCGTACGGT-1
GRCh38,GGTGTATGTAGCTGAT-1
GRCh38,GGTGTATGTAGTGTAC-1
GRCh38,GGTGTATGTCAAAGCT-1
GRCh38,GGTGTATGTCACACCT-1
GRCh38,GGTGTATGTCGAGGCT-1
GRCh38,GGTGTATGTCGCAGTA-1
GRCh38,GGTGTATGTCGTATAA-1
GRCh38,GGTGTATGTGCTAAGT-1
GRCh38,GGTGTCAGTAGCGTGC-1
GRCh38,GGTGTCAGTATCTCGC-1
GRCh38,GGTGTCAGTCACTATT-1
GRCh38,GGTGTCAGTCAGGCGT-1
GRCh38,GGTGTCAGTCGCGCTC-1
GRCh38,GGTGTCAGTCGTGTCT-1
GRCh38,GGTGTCAGTGCGCTGG-1
GRCh38,GGTGTCAGTGCTTGCT-1
GRCh38,GGTGTCAGTGTGTGAT-1
GRCh38,GGTGTCGTCAAGCATT-1
GRCh38,GGTGTCGTCCAGCAGT-1
GRCh38,GGTGTCGTCCGGGTAT-1
GRCh38,GGTGTCGTCCGTCGTC-1
GRCh38,GGTGTGCGTAATCCCC-1
GRCh38,GGTGTGCGTAATTGGC-1
GRCh38,GGTGTGCGTACAATTG-1
GRCh38,GGTGTGCGTACTGTGG-1
GRCh38,GGTGTGCGTATACTAG-1
GRCh38,GGTGTGCGTATGAAGG-1
GRCh38,GGTGTGCGTCAATCGG-1
GRCh38,GGTGTGCGTCACCGGG-1
GRCh38,GGTGTGCGTCATACCC-1
GRCh38,GGTGTGCGTCCTAGTC-1
GRCh38,GGTGTGCGTCGATCAG-1
GRCh38,GGTGTGCGTCGTTCGT-1
GRCh38,GGTGTTATCAACTGCA-1
GRCh38,GGTGTTATCACGTCGG-1
GRCh38,GGTGTTATCATCGACA-1
GRCh38,GGTGTTATCCAATTAA-1
GRCh38,GGTGTTATCCATGGGT-1
GRCh38,GGTGTTATCGGCGCTA-1
GRCh38,GGTGTTATCGGCTTCC-1
GRCh38,GGTGTTCAGAGGGATT-1
GRCh38,GGTGTTCAGATAGTAG-1
GRCh38,GGTGTTCAGATCGCGT-1
GRCh38,GGTGTTCAGCAATACT-1
GRCh38,GGTGTTCAGCAGCCAT-1
GRCh38,GGTGTTCAGGCGATAG-1
GRCh38,GGTGTTCAGGCGCATT-1
GRCh38,GGTGTTCAGGCTATGC-1
GRCh38,GGTGTTCAGGGTACAG-1
GRCh38,GGTGTTCAGGTAGTTT-1
GRCh38,GGTTAATTCAGTACGC-1
GRCh38,GGTTAATTCAGTCCGG-1
GRCh38,GGTTAATTCCACCCGT-1
GRCh38,GGTTAATTCCAGGATC-1
GRCh38,GGTTAATTCCCACTCA-1
GRCh38,GGTTAATTCCCGGCAA-1
GRCh38,GGTTAATTCCGAAACC-1
GRCh38,GGTTAATTCCGATAGC-1
GRCh38,GGTTAATTCCTCGTCA-1
GRCh38,GGTTAATTCGTGAACC-1
GRCh38,GGTTACATCAAGGTAA-1
GRCh38,GGTTACATCAGCTATG-1
GRCh38,GGTTACATCCCAAATG-1
GRCh38,GGTTACATCCCGCGTT-1
GRCh38,GGTTACATCCCTTAGT-1
GRCh38,GGTTACATCCTAACTC-1
GRCh38,GGTTACATCCTCTCGA-1
GRCh38,GGTTACATCGGGCTCA-1
GRCh38,GGTTACATCGGTATTG-1
GRCh38,GGTTACATCGTACGTA-1
GRCh38,GGTTACATCGTTGACA-1
GRCh38,GGTTACTCAAACATAA-1
GRCh38,GGTTACTCAAATCTCA-1
GRCh38,GGTTACTCAAATTTCG-1
GRCh38,GGTTACTCAACAATGG-1
GRCh38,GGTTACTCAACGATAG-1
GRCh38,GGTTACTCAACTTCAA-1
GRCh38,GGTTACTCAATAGCAG-1
GRCh38,GGTTACTCAATGCACT-1
GRCh38,GGTTACTCACAAATGG-1
GRCh38,GGTTACTCACCCAGAC-1
GRCh38,GGTTACTCACTCCATC-1
GRCh38,GGTTACTCAGGCGTTC-1
GRCh38,GGTTACTCAGGTATTC-1
GRCh38,GGTTACTCAGTACAAG-1
GRCh38,GGTTAGACAAAGGAGG-1
GRCh38,GGTTAGACAAGCGCAG-1
GRCh38,GGTTAGACAATACGTC-1
GRCh38,GGTTAGACACCAATTA-1
GRCh38,GGTTAGACAGGCTTCA-1
GRCh38,GGTTAGACAGGGGCTA-1
GRCh38,GGTTAGACAGGTCATT-1
GRCh38,GGTTAGACAGTACTTA-1
GRCh38,GGTTAGCTCAAATGTC-1
GRCh38,GGTTAGCTCAAGCGTC-1
GRCh38,GGTTAGCTCATATGTA-1
GRCh38,GGTTAGCTCATGTCGA-1
GRCh38,GGTTAGCTCATGTGGC-1
GRCh38,GGTTAGCTCCGAATCA-1
GRCh38,GGTTAGCTCGCCTGCT-1
GRCh38,GGTTAGCTCGCGGTAT-1
GRCh38,GGTTAGCTCGTCAAGC-1
GRCh38,GGTTAGGAGAATGCGG-1
GRCh38,GGTTAGGAGACCAGGA-1
GRCh38,GGTTAGGAGACGCGAA-1
GRCh38,GGTTAGGAGAGGTACG-1
GRCh38,GGTTAGGAGATAACGA-1
GRCh38,GGTTAGGAGCAACAGG-1
GRCh38,GGTTAGGAGCTATCGA-1
GRCh38,GGTTAGGAGGTCTAGC-1
GRCh38,GGTTAGGAGGTTGGAG-1
GRCh38,GGTTAGTGTAACCGCA-1
GRCh38,GGTTAGTGTACAGAAG-1
GRCh38,GGTTAGTGTACGGTGC-1
GRCh38,GGTTAGTGTACTGCGA-1
GRCh38,GGTTAGTGTAGGGCGA-1
GRCh38,GGTTAGTGTCAGTCTC-1
GRCh38,GGTTAGTGTCTCGCAT-1
GRCh38,GGTTAGTGTGGGTTTG-1
GRCh38,GGTTAGTGTGGTAGTT-1
GRCh38,GGTTATAGTAAACGCT-1
GRCh38,GGTTATAGTACCTAGG-1
GRCh38,GGTTATAGTATCTGGG-1
GRCh38,GGTTATAGTCATAGTA-1
GRCh38,GGTTATAGTCGAGTGC-1
GRCh38,GGTTATAGTCGCTATC-1
GRCh38,GGTTATAGTGCGGTTA-1
GRCh38,GGTTATAGTGGGACTC-1
GRCh38,GGTTATAGTGGTAGCC-1
GRCh38,GGTTATAGTGTATCCC-1
GRCh38,GGTTATGTCAACGCTA-1
GRCh38,GGTTATGTCATGAATC-1
GRCh38,GGTTATGTCCAGTATG-1
GRCh38,GGTTATGTCCATCTAC-1
GRCh38,GGTTATGTCCGAATCA-1
GRCh38,GGTTATGTCCTGCAAA-1
GRCh38,GGTTATGTCCTGGTAA-1
GRCh38,GGTTCAATCAACCCTT-1
GRCh38,GGTTCAATCAAGCTAT-1
GRCh38,GGTTCAATCACGCCCT-1
GRCh38,GGTTCAATCATACCTC-1
GRCh38,GGTTCAATCCATTGCT-1
GRCh38,GGTTCAATCCGACTCC-1
GRCh38,GGTTCAATCCTCGGCT-1
GRCh38,GGTTCAATCGCTGTGG-1
GRCh38,GGTTCAATCGGCAATC-1
GRCh38,GGTTCAATCGGCTTGG-1
GRCh38,GGTTCAATCGTAGCGT-1
GRCh38,GGTTCAATCGTTACTC-1
GRCh38,GGTTCAGGTAACTAGC-1
GRCh38,GGTTCAGGTAAGTCCG-1
GRCh38,GGTTCAGGTAGCATCG-1
GRCh38,GGTTCAGGTAGCGTAT-1
GRCh38,GGTTCAGGTATTATCC-1
GRCh38,GGTTCAGGTCAAAGGA-1
GRCh38,GGTTCAGGTCACGTTC-1
GRCh38,GGTTCAGGTCTCCGCA-1
GRCh38,GGTTCAGGTGCCTTGT-1
GRCh38,GGTTCAGGTGCGTCTT-1
GRCh38,GGTTCAGGTGCTGCCC-1
GRCh38,GGTTCAGGTGTAAGTC-1
GRCh38,GGTTCAGGTGTAGAAG-1
GRCh38,GGTTCAGGTGTCCTTA-1
GRCh38,GGTTCATCAAATGACG-1
GRCh38,GGTTCATCAACGTACT-1
GRCh38,GGTTCATCAACTAATT-1
GRCh38,GGTTCATCAATGACCT-1
GRCh38,GGTTCATCAATGATCC-1
GRCh38,GGTTCATCAATTATCG-1
GRCh38,GGTTCATCACCGTTAG-1
GRCh38,GGTTCATCACTAACTA-1
GRCh38,GGTTCATCACTTAAAT-1
GRCh38,GGTTCATCAGTGAGGT-1
GRCh38,GGTTCCCTCAACGCTA-1
GRCh38,GGTTCCCTCAGTTTGG-1
GRCh38,GGTTCCCTCATTATCT-1
GRCh38,GGTTCCCTCCGGCCTT-1
GRCh38,GGTTCCCTCCTGCACC-1
GRCh38,GGTTCCCTCGGCGCTA-1
GRCh38,GGTTCCCTCGGTATGC-1
GRCh38,GGTTCCGAGAACAGAC-1
GRCh38,GGTTCCGAGAGTCAGG-1
GRCh38,GGTTCCGAGATGCCAC-1
GRCh38,GGTTCCGAGCAAGGCA-1
GRCh38,GGTTCCGAGCAGGGGT-1
GRCh38,GGTTCCGAGCATGCCG-1
GRCh38,GGTTCCGAGCCAGAGA-1
GRCh38,GGTTCCGAGCCCTAGG-1
GRCh38,GGTTCCGAGCCTTAAG-1
GRCh38,GGTTCCGAGCGCGATT-1
GRCh38,GGTTCCGAGGCACAAG-1
GRCh38,GGTTCCGAGGCTTGTA-1
GRCh38,GGTTCCGAGGTCGTAC-1
GRCh38,GGTTCCGAGGTGATTT-1
GRCh38,GGTTCGAGTAATTTCC-1
GRCh38,GGTTCGAGTAGCCTTC-1
GRCh38,GGTTCGAGTATGTTGA-1
GRCh38,GGTTCGAGTCAGCCCC-1
GRCh38,GGTTCGAGTCATCGCT-1
GRCh38,GGTTCGAGTCTAAAGC-1
GRCh38,GGTTCGAGTGGGACCT-1
GRCh38,GGTTCGAGTGTACTCC-1
GRCh38,GGTTCGCCAAAACGCA-1
GRCh38,GGTTCGCCAAACCACT-1
GRCh38,GGTTCGCCAAGCGGCA-1
GRCh38,GGTTCGCCAAGGGGAA-1
GRCh38,GGTTCGCCAATCAAGG-1
GRCh38,GGTTCGCCAATCGCGC-1
GRCh38,GGTTCGCCACAACGGG-1
GRCh38,GGTTCGCCACTATGGT-1
GRCh38,GGTTCGCCAGCACACC-1
GRCh38,GGTTCGCCAGGTCATT-1
GRCh38,GGTTCGGTCACCACAA-1
GRCh38,GGTTCGGTCAGGCTGT-1
GRCh38,GGTTCGGTCATCAGGC-1
GRCh38,GGTTCGGTCCCATTAC-1
GRCh38,GGTTCGGTCCCCAACC-1
GRCh38,GGTTCGGTCCGCGGTA-1
GRCh38,GGTTCGGTCGTACATG-1
GRCh38,GGTTCGGTCGTACCTT-1
GRCh38,GGTTCGGTCGTCGTAA-1
GRCh38,GGTTCGGTCGTTAGCA-1
GRCh38,GGTTCGTAGATGGGTG-1
GRCh38,GGTTCGTAGCATGGTC-1
GRCh38,GGTTGATGTACACTCC-1
GRCh38,GGTTGATGTCATCGGA-1
GRCh38,GGTTGATGTCATTAAG-1
GRCh38,GGTTGATGTCATTGGG-1
GRCh38,GGTTGATGTCGACTTC-1
GRCh38,GGTTGATGTGTGTCTC-1
GRCh38,GGTTGCCCAAACTACC-1
GRCh38,GGTTGCCCAACATGTC-1
GRCh38,GGTTGCCCAATGTATT-1
GRCh38,GGTTGCCCACATTAGC-1
GRCh38,GGTTGCCCACGATTAC-1
GRCh38,GGTTGCCCACTGCTCT-1
GRCh38,GGTTGCCCAGCGTGCT-1
GRCh38,GGTTGCCCAGCTCTAG-1
GRCh38,GGTTGCCCAGTCATCG-1
GRCh38,GGTTGCCCAGTCGCAC-1
GRCh38,GGTTGCCCAGTTCGCA-1
GRCh38,GGTTGGCGTAAGTGCT-1
GRCh38,GGTTGGCGTAATTCCT-1
GRCh38,GGTTGGCGTACATAGC-1
GRCh38,GGTTGGCGTACCCCAT-1
GRCh38,GGTTGGCGTAGCCCTT-1
GRCh38,GGTTGGCGTAGTGTTA-1
GRCh38,GGTTGGCGTCTACTAT-1
GRCh38,GGTTGGCGTCTACTGC-1
GRCh38,GGTTGGCGTGCCCATT-1
GRCh38,GGTTGGCGTGGGAGAT-1
GRCh38,GGTTGGCGTGGTGTAT-1
GRCh38,GGTTGGGCAAAGCGTA-1
GRCh38,GGTTGGGCAAAGGCCG-1
GRCh38,GGTTGGGCAAAGTATA-1
GRCh38,GGTTGGGCAAATCCCG-1
GRCh38,GGTTGGGCAAGCGTAA-1
GRCh38,GGTTGGGCAATCCAAC-1
GRCh38,GGTTGGGCAATGCTTA-1
GRCh38,GGTTGGGCACAACCCA-1
GRCh38,GGTTGGGCACCTCTAC-1
GRCh38,GGTTGGGCACCTTGAG-1
GRCh38,GGTTGGGCACGCAATT-1
GRCh38,GGTTGGGCAGCTAATC-1
GRCh38,GGTTGGTTCAGCAGTC-1
GRCh38,GGTTGGTTCAGGGCTT-1
GRCh38,GGTTGGTTCCGTATCT-1
GRCh38,GGTTGGTTCCGTCTAT-1
GRCh38,GGTTGGTTCGTCGCTC-1
GRCh38,GGTTGGTTCGTGGTTA-1
GRCh38,GGTTGGTTCGTTACCT-1
GRCh38,GGTTGGTTCGTTGGCG-1
GRCh38,GGTTGTATCACGCGCA-1
GRCh38,GGTTGTATCACTCACT-1
GRCh38,GGTTGTATCCTAAGCA-1
GRCh38,GGTTGTATCGCGACAT-1
GRCh38,GGTTGTATCGCTTTCG-1
GRCh38,GGTTGTATCGGCTGCA-1
GRCh38,GGTTGTATCGTATGTG-1
GRCh38,GGTTGTATCGTGACGT-1
GRCh38,GGTTGTCAGACAATAG-1
GRCh38,GGTTGTCAGACCCGTG-1
GRCh38,GGTTGTCAGATGGTTT-1
GRCh38,GGTTGTCAGCACAATT-1
GRCh38,GGTTGTCAGCACCCAG-1
GRCh38,GGTTGTCAGCCATAAT-1
GRCh38,GGTTGTCAGCCCATTT-1
GRCh38,GGTTGTCAGCCGGATT-1
GRCh38,GGTTGTCAGCGTAACC-1
GRCh38,GGTTGTCAGGGACGTA-1
GRCh38,GGTTGTCAGGGGTAAT-1
GRCh38,GGTTGTCAGGGTTTCA-1
GRCh38,GGTTGTGGTACGGTGC-1
GRCh38,GGTTGTGGTCAGGCCG-1
GRCh38,GGTTGTGGTCATACTT-1
GRCh38,GGTTGTGGTCGGGTTA-1
GRCh38,GGTTGTGGTGCACAGC-1
GRCh38,GGTTGTGGTGGCCCCT-1
GRCh38,GGTTTAAGTAGTCCGA-1
GRCh38,GGTTTAAGTAGTCTGG-1
GRCh38,GGTTTAAGTATAATCG-1
GRCh38,GGTTTAAGTCACTATT-1
GRCh38,GGTTTAAGTCGATAGT-1
GRCh38,GGTTTAAGTCGTAGGC-1
GRCh38,GGTTTAAGTCTAAAGC-1
GRCh38,GGTTTAAGTCTTCTCT-1
GRCh38,GGTTTAAGTGCCCCTA-1
GRCh38,GGTTTAAGTGCGTTTC-1
GRCh38,GGTTTAAGTGCTGTCT-1
GRCh38,GGTTTAAGTGCTTCGT-1
GRCh38,GGTTTAAGTGGAGCCT-1
GRCh38,GGTTTACCAAAACCTC-1
GRCh38,GGTTTACCAAACGTTC-1
GRCh38,GGTTTACCAACACTAC-1
GRCh38,GGTTTACCAACATTAT-1
GRCh38,GGTTTACCAACTCGAT-1
GRCh38,GGTTTACCAAGGACTA-1
GRCh38,GGTTTACCACAACATC-1
GRCh38,GGTTTACCACCACTAG-1
GRCh38,GGTTTACCACCATTCC-1
GRCh38,GGTTTACCACGATGTT-1
GRCh38,GGTTTACCACTTCATT-1
GRCh38,GGTTTACCAGCAGGCA-1
GRCh38,GGTTTACCAGTAGCGG-1
GRCh38,GGTTTAGTCAATTGGT-1
GRCh38,GGTTTAGTCACAATTA-1
GRCh38,GGTTTAGTCACACGGT-1
GRCh38,GGTTTAGTCACGCAGT-1
GRCh38,GGTTTAGTCATAGTCG-1
GRCh38,GGTTTAGTCGCAATTG-1
GRCh38,GGTTTAGTCGGCGATT-1
GRCh38,GGTTTAGTCGTCGAAC-1
GRCh38,GGTTTCAAGAAACGTA-1
GRCh38,GGTTTCAAGCCTCACC-1
GRCh38,GGTTTCAAGCGTATTG-1
GRCh38,GGTTTCAAGGCCATTA-1
GRCh38,GGTTTCAAGGCTATTG-1
GRCh38,GGTTTCAAGGTCCGAT-1
GRCh38,GGTTTCCGTACCAGAT-1
GRCh38,GGTTTCCGTACCCTTA-1
GRCh38,GGTTTCCGTAGAGTAG-1
GRCh38,GGTTTCCGTATAGGCT-1
GRCh38,GGTTTCCGTATGGTCG-1
GRCh38,GGTTTCCGTCAAGGCC-1
GRCh38,GGTTTCCGTCTTATGT-1
GRCh38,GGTTTCCGTGGAGTAA-1
GRCh38,GGTTTCGCAAACGAGC-1
GRCh38,GGTTTCGCAACATATT-1
GRCh38,GGTTTCGCAACTGCAT-1
GRCh38,GGTTTCGCAAGCGCGA-1
GRCh38,GGTTTCGCAAGCGGCA-1
GRCh38,GGTTTCGCAAGGAGGA-1
GRCh38,GGTTTCGCAATGGGGT-1
GRCh38,GGTTTCGCACATACCG-1
GRCh38,GGTTTCGCACATATGC-1
GRCh38,GGTTTCGCACGTTCAG-1
GRCh38,GGTTTCGCACTAGGGG-1
GRCh38,GGTTTCGCAGCATAGA-1
GRCh38,GGTTTCGCAGCGTAGG-1
GRCh38,GGTTTCGCAGGAGCCA-1
GRCh38,GGTTTCGCAGGGAGAA-1
GRCh38,GGTTTCGCAGGTTCAT-1
GRCh38,GGTTTGGGTACATCTT-1
GRCh38,GGTTTGGGTACCTTTG-1
GRCh38,GGTTTGGGTACTCGAG-1
GRCh38,GGTTTGGGTAGGGTAA-1
GRCh38,GGTTTGGGTATAGGAG-1
GRCh38,GGTTTGGGTATCTCGC-1
GRCh38,GGTTTGGGTCATAGCG-1
GRCh38,GGTTTGGGTCATCATT-1
GRCh38,GGTTTGGGTCATCTAT-1
GRCh38,GGTTTGGGTCTATCCA-1
GRCh38,GGTTTGGGTCTTATGT-1
GRCh38,GGTTTGGGTGCAGTCA-1
GRCh38,GGTTTGGGTGCTACCT-1
GRCh38,GGTTTGGGTGGTCCCC-1
GRCh38,GGTTTGGGTGTCGTAG-1
GRCh38,GTAAACGCAAATGACG-1
GRCh38,GTAAACGCAACCTCAG-1
GRCh38,GTAAACGCAACTGCGC-1
GRCh38,GTAAACGCACATCACG-1
GRCh38,GTAAACGCACATTGGT-1
GRCh38,GTAAACGCACGCTCAA-1
GRCh38,GTAAACGCACGGCTTA-1
GRCh38,GTAAACGCACTTATAG-1
GRCh38,GTAAACGCAGGATCAA-1
GRCh38,GTAAAGGGTAACGCAT-1
GRCh38,GTAAAGGGTAATCGCG-1
GRCh38,GTAAAGGGTAGCCTCT-1
GRCh38,GTAAAGGGTGCCTCGC-1
GRCh38,GTAAAGGGTGGCTTGA-1
GRCh38,GTAAAGGGTGTGAGTT-1
GRCh38,GTAAAGTCAACACGCC-1
GRCh38,GTAAAGTCAACAGAAT-1
GRCh38,GTAAAGTCAAGACAAT-1
GRCh38,GTAAAGTCAAGTCGGG-1
GRCh38,GTAAAGTCAATACCCG-1
GRCh38,GTAAAGTCAATATCTG-1
GRCh38,GTAAAGTCAATGCCGC-1
GRCh38,GTAAAGTCACCGTAAT-1
GRCh38,GTAAAGTCACCTGACA-1
GRCh38,GTAAAGTCACGTGCTA-1
GRCh38,GTAAAGTCAGGCATAA-1
GRCh38,GTAAATCTCAACGAAA-1
GRCh38,GTAAATCTCACGTCCC-1
GRCh38,GTAAATCTCAGGCACT-1
GRCh38,GTAAATCTCATCAATA-1
GRCh38,GTAAATCTCATGGTCA-1
GRCh38,GTAAATCTCCTATACC-1
GRCh38,GTAAATCTCCTCCAAT-1
GRCh38,GTAAATCTCGGTTATG-1
GRCh38,GTAAATGAGACGACGA-1
GRCh38,GTAAATGAGAGCGATG-1
GRCh38,GTAAATGAGAGGCGAC-1
GRCh38,GTAAATGAGATTATGC-1
GRCh38,GTAAATGAGCAATACT-1
GRCh38,GTAAATGAGCACCCAG-1
GRCh38,GTAAATGAGCGAGTCT-1
GRCh38,GTAAATGAGCGGCATT-1
GRCh38,GTAAATGAGCGTCATA-1
GRCh38,GTAAATGAGGCATGGA-1
GRCh38,GTAAATGAGGGGAATT-1
GRCh38,GTAAATGAGGTTGGTC-1
GRCh38,GTAACCATCACCAAAT-1
GRCh38,GTAACCATCCCATGCC-1
GRCh38,GTAACCATCCCTCTAG-1
GRCh38,GTAACCATCCCTTAAC-1
GRCh38,GTAACCATCGTGAACC-1
GRCh38,GTAACCCAGAACGGAT-1
GRCh38,GTAACCCAGAAGTAGC-1
GRCh38,GTAACCCAGACCCGAT-1
GRCh38,GTAACCCAGATAGTAG-1
GRCh38,GTAACCCAGATTGCAT-1
GRCh38,GTAACCCAGCAAGGCA-1
GRCh38,GTAACCCAGCAAGTAA-1
GRCh38,GTAACCCAGCATGTCA-1
GRCh38,GTAACCCAGCCATTAG-1
GRCh38,GTAACCCAGCTGCAGT-1
GRCh38,GTAACCCAGGGGTTTC-1
GRCh38,GTAACCCAGGTTGCCG-1
GRCh38,GTAACCTCAACAGACA-1
GRCh38,GTAACCTCAATATGTT-1
GRCh38,GTAACCTCACAATACC-1
GRCh38,GTAACCTCACGGGTCT-1
GRCh38,GTAACCTCACTCTCCG-1
GRCh38,GTAACCTCAGTGGCAG-1
GRCh38,GTAACCTCAGTTGGAA-1
GRCh38,GTAACGCTCAAGCCAC-1
GRCh38,GTAACGCTCAGCACTA-1
GRCh38,GTAACGCTCAGGCACT-1
GRCh38,GTAACGCTCATGGTAT-1
GRCh38,GTAACGCTCCCAATTC-1
GRCh38,GTAACGCTCCCACTAT-1
GRCh38,GTAACGCTCGGGCTCA-1
GRCh38,GTAACGCTCGTACGTA-1
GRCh38,GTAACGCTCGTCCCTA-1
GRCh38,GTAACGTGTAACGAAG-1
GRCh38,GTAACGTGTACGTCAG-1
GRCh38,GTAACGTGTATTGCGG-1
GRCh38,GTAACGTGTCATCGAG-1
GRCh38,GTAACGTGTCATTTCG-1
GRCh38,GTAACGTGTCGAGGGA-1
GRCh38,GTAACGTGTCGGATAT-1
GRCh38,GTAACGTGTGGATATC-1
GRCh38,GTAACTGTCAAACCTG-1
GRCh38,GTAACTGTCAATCTCC-1
GRCh38,GTAACTGTCACGCCCT-1
GRCh38,GTAACTGTCAGGAAAC-1
GRCh38,GTAACTGTCATCCGCC-1
GRCh38,GTAACTGTCCGACTAA-1
GRCh38,GTAACTGTCGTCCGCT-1
GRCh38,GTAAGACAGAACCCGT-1
GRCh38,GTAAGACAGACAACCC-1
GRCh38,GTAAGACAGACGAAGT-1
GRCh38,GTAAGACAGGTTAGCC-1
GRCh38,GTAAGATCAAAAGCCA-1
GRCh38,GTAAGATCAAACGGTA-1
GRCh38,GTAAGATCAAAGCGTA-1
GRCh38,GTAAGATCAACGCGAG-1
GRCh38,GTAAGATCAACTGGAA-1
GRCh38,GTAAGATCAAGAATAC-1
GRCh38,GTAAGATCAAGGACAC-1
GRCh38,GTAAGATCAATGTATT-1
GRCh38,GTAAGATCAATTCATG-1
GRCh38,GTAAGATCACAAATCC-1
GRCh38,GTAAGATCACTGACAT-1
GRCh38,GTAAGATCAGCATTTA-1
GRCh38,GTAAGATCAGCGACAG-1
GRCh38,GTAAGATCAGGGTTAA-1
GRCh38,GTAAGATCAGGTTGGG-1
GRCh38,GTAAGATCAGTTGATC-1
GRCh38,GTAAGCCTCACTAATA-1
GRCh38,GTAAGCCTCCAGCAAC-1
GRCh38,GTAAGCCTCCATTGCT-1
GRCh38,GTAAGCCTCCGCCTAC-1
GRCh38,GTAAGCCTCCTCCACA-1
GRCh38,GTAAGCCTCGCACAAC-1
GRCh38,GTAAGCCTCGGTCCCT-1
GRCh38,GTAAGCGAGACTCCAA-1
GRCh38,GTAAGCGAGACTTCAG-1
GRCh38,GTAAGCGAGAGAATTG-1
GRCh38,GTAAGCGAGAGCAACG-1
GRCh38,GTAAGCGAGCAGCTGT-1
GRCh38,GTAAGCGAGCTAGTAT-1
GRCh38,GTAAGCGAGGCATTCA-1
GRCh38,GTAAGCGAGGCTCATA-1
GRCh38,GTAAGCGAGGGACGTA-1
GRCh38,GTAAGCTGTAACAGGA-1
GRCh38,GTAAGCTGTAGTCCGA-1
GRCh38,GTAAGCTGTCCTTAGC-1
GRCh38,GTAAGCTGTCGCATCT-1
GRCh38,GTAAGCTGTGCCTTCG-1
GRCh38,GTAAGCTGTGCTATAA-1
GRCh38,GTAAGCTGTGCTTCGT-1
GRCh38,GTAAGCTGTGGTTGTG-1
GRCh38,GTAAGCTGTGTACGTG-1
GRCh38,GTAAGCTGTGTATGCG-1
GRCh38,GTAAGCTGTGTCTGAG-1
GRCh38,GTAAGGAGTACCACGA-1
GRCh38,GTAAGGAGTACTTCGC-1
GRCh38,GTAAGGAGTAGTCGGC-1
GRCh38,GTAAGGAGTATCGAGT-1
GRCh38,GTAAGGAGTATGTGTA-1
GRCh38,GTAAGGAGTCAATTAG-1
GRCh38,GTAAGGAGTCCACGTT-1
GRCh38,GTAAGGAGTCGCAAAT-1
GRCh38,GTAAGGAGTGTGGCCG-1
GRCh38,GTAAGGAGTGTGTCAG-1
GRCh38,GTAAGGTAGCACAATT-1
GRCh38,GTAAGGTAGCAGGGAC-1
GRCh38,GTAAGGTAGGGAGATT-1
GRCh38,GTAAGGTAGGTAGGTG-1
GRCh38,GTAAGGTAGGTCTGGT-1
GRCh38,GTAAGGTAGGTTGGAG-1
GRCh38,GTAAGTAAGAAGCTAA-1
GRCh38,GTAAGTAAGAAGGGTT-1
GRCh38,GTAAGTAAGAATCAAG-1
GRCh38,GTAAGTAAGACCTACA-1
GRCh38,GTAAGTAAGACGCCCA-1
GRCh38,GTAAGTAAGATCGTTG-1
GRCh38,GTAAGTAAGATGCATT-1
GRCh38,GTAAGTAAGGGAGTTG-1
GRCh38,GTAAGTAAGGTAGGTG-1
GRCh38,GTAAGTAAGGTATACT-1
GRCh38,GTAAGTCGTAAGGGTA-1
GRCh38,GTAAGTCGTAAGGTCT-1
GRCh38,GTAAGTCGTACTCAGG-1
GRCh38,GTAAGTCGTATGCAGT-1
GRCh38,GTAAGTCGTCCGACAA-1
GRCh38,GTAAGTCGTCCGTTTA-1
GRCh38,GTAAGTCGTCGATCAG-1
GRCh38,GTAAGTCGTCTGTGGA-1
GRCh38,GTAAGTCGTGCAATCG-1
GRCh38,GTAAGTCGTGCTCGTT-1
GRCh38,GTAAGTCGTGGTATGT-1
GRCh38,GTAAGTCGTGTTCGAG-1
GRCh38,GTAATAGAGATGAGGT-1
GRCh38,GTAATAGAGCACTGTA-1
GRCh38,GTAATAGAGCGTACGT-1
GRCh38,GTAATAGAGCGTAGCT-1
GRCh38,GTAATAGAGCGTTCCC-1
GRCh38,GTAATAGAGCTACTTC-1
GRCh38,GTAATAGAGCTAGCGT-1
GRCh38,GTAATAGAGCTGTTGA-1
GRCh38,GTAATAGAGCTTGGGT-1
GRCh38,GTAATAGAGGCAGGGT-1
GRCh38,GTAATAGAGGCGAGTA-1
GRCh38,GTAATAGAGGCTAGAG-1
GRCh38,GTAATAGAGGGAGTTG-1
GRCh38,GTAATAGAGGGCTTGT-1
GRCh38,GTAATAGAGGTATTCG-1
GRCh38,GTAATAGAGGTTCGCG-1
GRCh38,GTAATCCCAAAGCCAA-1
GRCh38,GTAATCCCAACCTACG-1
GRCh38,GTAATCCCAACTTAAT-1
GRCh38,GTAATCCCACACTACG-1
GRCh38,GTAATCCCACTCAATA-1
GRCh38,GTAATCCCAGGATGGT-1
GRCh38,GTAATCGTCACCCAAA-1
GRCh38,GTAATCGTCAGTTAGT-1
GRCh38,GTAATCGTCATTAACA-1
GRCh38,GTAATCGTCCAACATG-1
GRCh38,GTAATCGTCCTCGCAC-1
GRCh38,GTAATCGTCGCCATGG-1
GRCh38,GTAATGAAGAACGGGC-1
GRCh38,GTAATGAAGAATGGTA-1
GRCh38,GTAATGAAGAATTACC-1
GRCh38,GTAATGAAGACATTCG-1
GRCh38,GTAATGAAGAGCCGAA-1
GRCh38,GTAATGAAGATACCAT-1
GRCh38,GTAATGAAGATAGGGT-1
GRCh38,GTAATGAAGCATAGGG-1
GRCh38,GTAATGAAGCCGTCGA-1
GRCh38,GTAATGAAGCCTACGG-1
GRCh38,GTAATGAAGCTATTGG-1
GRCh38,GTAATGAAGCTGTTGA-1
GRCh38,GTAATGAAGGCGGATA-1
GRCh38,GTAATGAAGGCTCTAA-1
GRCh38,GTAATGAAGGGACGAC-1
GRCh38,GTAATGAAGGTAGGAT-1
GRCh38,GTAATGAAGGTATATC-1
GRCh38,GTAATTATCAAACCAT-1
GRCh38,GTAATTATCAATGTTA-1
GRCh38,GTAATTATCACAACGC-1
GRCh38,GTAATTATCCAGTACA-1
GRCh38,GTAATTATCCCATCGC-1
GRCh38,GTAATTATCCCTAAAG-1
GRCh38,GTAATTATCCTACTTA-1
GRCh38,GTAATTATCGCAGTGT-1
GRCh38,GTAATTATCGGGCTCA-1
GRCh38,GTAATTATCGTATGTG-1
GRCh38,GTAATTCAGAAGGCAT-1
GRCh38,GTAATTCAGAAGTACA-1
GRCh38,GTAATTCAGAGTGCGA-1
GRCh38,GTAATTCAGCAACGAG-1
GRCh38,GTAATTCAGCCGCCAA-1
GRCh38,GTAATTCAGCGACAGA-1
GRCh38,GTAATTGGTAACATTG-1
GRCh38,GTAATTGGTAAGCCCA-1
GRCh38,GTAATTGGTACTATTC-1
GRCh38,GTAATTGGTACTCGAG-1
GRCh38,GTAATTGGTCCCTTGG-1
GRCh38,GTAATTGGTGCCCGTC-1
GRCh38,GTAATTGGTGCGTAGC-1
GRCh38,GTAATTGGTGTCGATG-1
GRCh38,GTACAAGCAATATCTG-1
GRCh38,GTACAAGCAATTCGGT-1
GRCh38,GTACAAGCACATATGC-1
GRCh38,GTACAAGCACCGAATT-1
GRCh38,GTACAAGCACCTCTCG-1
GRCh38,GTACAAGCACTATGGT-1
GRCh38,GTACAAGCACTCCTAC-1
GRCh38,GTACAAGCAGGGTTCC-1
GRCh38,GTACAATTCAAATCCG-1
GRCh38,GTACAATTCCCTAAAG-1
GRCh38,GTACAATTCCCTTCCT-1
GRCh38,GTACAATTCCGTTACT-1
GRCh38,GTACAATTCCTACATC-1
GRCh38,GTACAATTCCTCGCAC-1
GRCh38,GTACAATTCGTAATCG-1
GRCh38,GTACATCCAACACGCC-1
GRCh38,GTACATCCAAGCTGAA-1
GRCh38,GTACATCCAATATTAC-1
GRCh38,GTACATCCAATCACTA-1
GRCh38,GTACATCCAATGCATC-1
GRCh38,GTACATCCAATTCTAG-1
GRCh38,GTACATCCACACAGCC-1
GRCh38,GTACATCCACCGCAGT-1
GRCh38,GTACATCCACTTCATT-1
GRCh38,GTACATCCAGCAATCT-1
GRCh38,GTACATCCAGCCTCTT-1
GRCh38,GTACATCCAGGAACCG-1
GRCh38,GTACATCCAGGACTTT-1
GRCh38,GTACATGTCACACAAT-1
GRCh38,GTACATGTCCAGTACA-1
GRCh38,GTACATGTCGCACCCT-1
GRCh38,GTACATGTCGCTTAAG-1
GRCh38,GTACATGTCGGTTCAA-1
GRCh38,GTACCCGAGAAGGGCC-1
GRCh38,GTACCCGAGAATGGCG-1
GRCh38,GTACCCGAGCAAGTAA-1
GRCh38,GTACCCGAGCCATTTC-1
GRCh38,GTACCCGAGCCCATTT-1
GRCh38,GTACCCGAGCTATAGT-1
GRCh38,GTACCCGAGCTCGATA-1
GRCh38,GTACCCGAGGGTCTGT-1
GRCh38,GTACCCTGTACCTCCG-1
GRCh38,GTACCCTGTCGGTGTA-1
GRCh38,GTACCCTGTCGTATAA-1
GRCh38,GTACCCTGTGCTTGGA-1
GRCh38,GTACCCTGTGGCTAAT-1
GRCh38,GTACCCTGTGTCCCGC-1
GRCh38,GTACCCTGTGTTCTAT-1
GRCh38,GTACCTTTCACCCAAA-1
GRCh38,GTACCTTTCAGCTGTA-1
GRCh38,GTACCTTTCAGTCATG-1
GRCh38,GTACCTTTCATCTCCG-1
GRCh38,GTACCTTTCCAAGTGC-1
GRCh38,GTACCTTTCCGAATCA-1
GRCh38,GTACCTTTCCGGGATT-1
GRCh38,GTACCTTTCCTCGCAC-1
GRCh38,GTACCTTTCGCACAAC-1
GRCh38,GTACCTTTCGCCTCTA-1
GRCh38,GTACCTTTCGGTCGCA-1
GRCh38,GTACGAACAACCTCTC-1
GRCh38,GTACGAACAACGTTAC-1
GRCh38,GTACGAACAAGGTAAT-1
GRCh38,GTACGAACACACTACG-1
GRCh38,GTACGAACACAGCATT-1
GRCh38,GTACGAACACCGTACA-1
GRCh38,GTACGAACACTCCGAA-1
GRCh38,GTACGAACAGCTACCA-1
GRCh38,GTACGAACAGCTAGCC-1
GRCh38,GTACGCCCAAACGGGT-1
GRCh38,GTACGCCCAACGTACT-1
GRCh38,GTACGCCCAACTCTCC-1
GRCh38,GTACGCCCAAGTCGGG-1
GRCh38,GTACGCCCAATCATGC-1
GRCh38,GTACGCCCACATATCA-1
GRCh38,GTACGCCCACCAGTGC-1
GRCh38,GTACGCCCACGTAGAA-1
GRCh38,GTACGCCCAGCGCTAC-1
GRCh38,GTACGGGCACAGTCCA-1
GRCh38,GTACGGGCACCGAATT-1
GRCh38,GTACGGGCACCTAATA-1
GRCh38,GTACGGGCACGTCGTA-1
GRCh38,GTACGGGCAGTCAACT-1
GRCh38,GTACGGGCAGTGCTCA-1
GRCh38,GTACGGTTCAAATGTC-1
GRCh38,GTACGGTTCAGTCCTT-1
GRCh38,GTACGGTTCATGATGT-1
GRCh38,GTACGGTTCATGGGCT-1
GRCh38,GTACGGTTCCCTGTCA-1
GRCh38,GTACGGTTCCGGACCA-1
GRCh38,GTACGGTTCCGGGATT-1
GRCh38,GTACGGTTCGGTATTG-1
GRCh38,GTACGGTTCGTGGCCA-1
GRCh38,GTACGGTTCGTTACCT-1
GRCh38,GTACGTATCACACGTA-1
GRCh38,GTACGTATCCCGCTGT-1
GRCh38,GTACGTATCCGCTCTA-1
GRCh38,GTACGTATCCTCTGAT-1
GRCh38,GTACGTATCGCACCCT-1
GRCh38,GTACGTATCGCGGTTG-1
GRCh38,GTACGTATCGCTTTCG-1
GRCh38,GTACGTATCGTTCGCC-1
GRCh38,GTACGTCAGAACGACG-1
GRCh38,GTACGTCAGAGGCACA-1
GRCh38,GTACGTCAGATTAACC-1
GRCh38,GTACGTCAGCACCAAC-1
GRCh38,GTACGTCAGCCCTTAT-1
GRCh38,GTACGTCAGCTTGTAG-1
GRCh38,GTACGTCAGGGAGTTG-1
GRCh38,GTACGTCAGGGTTCGT-1
GRCh38,GTACGTCAGGTAGACG-1
GRCh38,GTACGTGGTAGGCTTG-1
GRCh38,GTACGTGGTCAAGGCC-1
GRCh38,GTACGTGGTCACCCTG-1
GRCh38,GTACGTGGTCGCGTAA-1
GRCh38,GTACGTGGTCGTTAAA-1
GRCh38,GTACGTGGTGCTTAGG-1
GRCh38,GTACGTGGTGGGACTC-1
GRCh38,GTACGTGGTGGGTGTC-1
GRCh38,GTACGTGGTGGTTTAA-1
GRCh38,GTACGTGGTGTACGTG-1
GRCh38,GTACGTGGTGTATCGG-1
GRCh38,GTACTCCGTACTACCC-1
GRCh38,GTACTCCGTAGCTGAT-1
GRCh38,GTACTCCGTATCCCCG-1
GRCh38,GTACTCCGTATCCCTA-1
GRCh38,GTACTCCGTATCTTCG-1
GRCh38,GTACTCCGTCCGTAAG-1
GRCh38,GTACTCCGTCTAAGTA-1
GRCh38,GTACTCCGTGCCTCGC-1
GRCh38,GTACTCCGTGGAAAGC-1
GRCh38,GTACTCCGTGGATATC-1
GRCh38,GTACTCCGTGGTTTCC-1
GRCh38,GTACTCGCAAGAGGGA-1
GRCh38,GTACTCGCAATATCAT-1
GRCh38,GTACTCGCAATGCACT-1
GRCh38,GTACTCGCACAAACCT-1
GRCh38,GTACTCGCACCTACGA-1
GRCh38,GTACTCGCAGCAGCGA-1
GRCh38,GTACTCGCAGCCACTA-1
GRCh38,GTACTCGCAGCTGACC-1
GRCh38,GTACTTACAAGTCCGC-1
GRCh38,GTACTTACACATCTCC-1
GRCh38,GTACTTACACCCACAA-1
GRCh38,GTACTTACACCGAATT-1
GRCh38,GTACTTACACGCTCAA-1
GRCh38,GTACTTACAGCTGACC-1
GRCh38,GTACTTACAGGAATAT-1
GRCh38,GTACTTCTCACTTGCT-1
GRCh38,GTACTTCTCAGACATT-1
GRCh38,GTACTTCTCAGCACGT-1
GRCh38,GTACTTCTCATCAGCA-1
GRCh38,GTACTTCTCCGCTCTA-1
GRCh38,GTACTTCTCCTAGGGT-1
GRCh38,GTACTTCTCGCGTCGA-1
GRCh38,GTACTTCTCGGTTTAG-1
GRCh38,GTAGAACAGAATGATG-1
GRCh38,GTAGAACAGAGTGATA-1
GRCh38,GTAGAACAGCACTGCG-1
GRCh38,GTAGAACAGCCTCGAG-1
GRCh38,GTAGAACAGCGGGATA-1
GRCh38,GTAGAACAGCTGACAC-1
GRCh38,GTAGAACAGGGGATTG-1
GRCh38,GTAGAACAGGTGCGTT-1
GRCh38,GTAGAAGGTAATGGTC-1
GRCh38,GTAGAAGGTACCTCCG-1
GRCh38,GTAGAAGGTACGGGTC-1
GRCh38,GTAGAAGGTAGAGGGT-1
GRCh38,GTAGAAGGTCGCCGTC-1
GRCh38,GTAGAAGGTGCCATAG-1
GRCh38,GTAGAAGGTGCCTTGT-1
GRCh38,GTAGAAGGTGCTGCCC-1
GRCh38,GTAGAAGGTGGCACGT-1
GRCh38,GTAGAAGGTGTGCGCG-1
GRCh38,GTAGACGAGAAGGGCC-1
GRCh38,GTAGACGAGACAAGCG-1
GRCh38,GTAGACGAGAGGGTAT-1
GRCh38,GTAGACGAGAGGTGAT-1
GRCh38,GTAGACGAGAGTTAAG-1
GRCh38,GTAGACGAGCCACGAT-1
GRCh38,GTAGACGAGCCGATAC-1
GRCh38,GTAGACGAGCGTTTGA-1
GRCh38,GTAGACGAGGTGAGAT-1
GRCh38,GTAGACGAGGTTATGT-1
GRCh38,GTAGAGTAGAACGTAA-1
GRCh38,GTAGAGTAGAAGCTTT-1
GRCh38,GTAGAGTAGAAGGCTG-1
GRCh38,GTAGAGTAGCTACACA-1
GRCh38,GTAGAGTAGCTGTAGC-1
GRCh38,GTAGAGTAGCTTAGTG-1
GRCh38,GTAGAGTAGGCTAACC-1
GRCh38,GTAGAGTAGGGAGGTC-1
GRCh38,GTAGATTTCAATGCGC-1
GRCh38,GTAGATTTCATGCTTC-1
GRCh38,GTAGATTTCCTATGTC-1
GRCh38,GTAGATTTCGCTACTT-1
GRCh38,GTAGATTTCGGTCCCT-1
GRCh38,GTAGATTTCGTATGCA-1
GRCh38,GTAGATTTCGTGGCCA-1
GRCh38,GTAGATTTCGTGTCAA-1
GRCh38,GTAGCACTCATTGTCC-1
GRCh38,GTAGCACTCCAGCTAA-1
GRCh38,GTAGCACTCCAGTAGC-1
GRCh38,GTAGCACTCCTCTCCT-1
GRCh38,GTAGCACTCGCTCCAC-1
GRCh38,GTAGCACTCGTAACGC-1
GRCh38,GTAGCACTCGTACAAT-1
GRCh38,GTAGCACTCGTGGCAT-1
GRCh38,GTAGCAGAGAAGGTTA-1
GRCh38,GTAGCAGAGACCATGC-1
GRCh38,GTAGCAGAGAGGCCAA-1
GRCh38,GTAGCAGAGAGGGCGT-1
GRCh38,GTAGCAGAGAGTCAGG-1
GRCh38,GTAGCAGAGCAGCGTT-1
GRCh38,GTAGCAGAGGTAAGTA-1
GRCh38,GTAGCATGTAAATCCA-1
GRCh38,GTAGCATGTAATGTGC-1
GRCh38,GTAGCATGTCAGGCCG-1
GRCh38,GTAGCATGTCCAACTC-1
GRCh38,GTAGCATGTCCACGTT-1
GRCh38,GTAGCATGTCGACTCT-1
GRCh38,GTAGCATGTCTAATGA-1
GRCh38,GTAGCATGTGGCTTCT-1
GRCh38,GTAGCATGTGGGACCT-1
GRCh38,GTAGCATGTGTTCGCT-1
GRCh38,GTAGCCCCAAACTCCG-1
GRCh38,GTAGCCCCAAGCAGTA-1
GRCh38,GTAGCCCCACCACTCT-1
GRCh38,GTAGCCCCACCAGACC-1
GRCh38,GTAGCCCCACGATAAG-1
GRCh38,GTAGCCCCACGATTTA-1
GRCh38,GTAGCCCCACTCTCCG-1
GRCh38,GTAGCCCCAGCGTATT-1
GRCh38,GTAGCCCCAGGATGGT-1
GRCh38,GTAGCGCGTAACCGCA-1
GRCh38,GTAGCGCGTAAGTGTC-1
GRCh38,GTAGCGCGTATATCCT-1
GRCh38,GTAGCGCGTCATCTAT-1
GRCh38,GTAGCGCGTCGACTAG-1
GRCh38,GTAGCGCGTGTATCGG-1
GRCh38,GTAGCGGCAAAACCTC-1
GRCh38,GTAGCGGCAAACTCAC-1
GRCh38,GTAGCGGCAACGCGTC-1
GRCh38,GTAGCGGCAACGTTAC-1
GRCh38,GTAGCGGCAAGCGTTT-1
GRCh38,GTAGCGGCACACCCAA-1
GRCh38,GTAGCGGCACTAGGCC-1
GRCh38,GTAGCGGCACTATACA-1
GRCh38,GTAGCGGCAGCCCAAC-1
GRCh38,GTAGCGGCAGGAAGGA-1
GRCh38,GTAGCGTTCACTCTGT-1
GRCh38,GTAGCGTTCAGCCAAC-1
GRCh38,GTAGCGTTCCTCGCAC-1
GRCh38,GTAGCGTTCGGGCAAA-1
GRCh38,GTAGCGTTCGTAGCAC-1
GRCh38,GTAGCGTTCGTCTCAT-1
GRCh38,GTAGCTATCAATCTCC-1
GRCh38,GTAGCTATCACGACAC-1
GRCh38,GTAGCTATCATTGCTC-1
GRCh38,GTAGCTATCCAAATCG-1
GRCh38,GTAGCTATCCATGCTT-1
GRCh38,GTAGCTATCCATTCAC-1
GRCh38,GTAGCTATCCCGGTTC-1
GRCh38,GTAGCTATCCGCTTCA-1
GRCh38,GTAGCTATCCGTTTCG-1
GRCh38,GTAGCTATCCTATCCG-1
GRCh38,GTAGCTATCCTTAGTC-1
GRCh38,GTAGCTATCGGCCATG-1
GRCh38,GTAGCTCAGACAAGCG-1
GRCh38,GTAGCTCAGATACCAT-1
GRCh38,GTAGCTCAGATGGGAT-1
GRCh38,GTAGCTCAGCAACGTC-1
GRCh38,GTAGCTCAGCACCACG-1
GRCh38,GTAGCTCAGCGTGGAA-1
GRCh38,GTAGCTCAGGCATGGA-1
GRCh38,GTAGCTCAGGGAATAC-1
GRCh38,GTAGCTCAGGGGGTAC-1
GRCh38,GTAGGATAGAGAGGTT-1
GRCh38,GTAGGATAGATCCGAC-1
GRCh38,GTAGGATAGCATAGCC-1
GRCh38,GTAGGATAGCATGTAT-1
GRCh38,GTAGGATAGCATTAAC-1
GRCh38,GTAGGATAGCGGCTTG-1
GRCh38,GTAGGATAGCGTTACA-1
GRCh38,GTAGGATAGGCGTTTA-1
GRCh38,GTAGGATAGGTGCCAT-1
GRCh38,GTAGGCAAGAAGGCAT-1
GRCh38,GTAGGCAAGACCCTAA-1
GRCh38,GTAGGCAAGACTGCAC-1
GRCh38,GTAGGCAAGATTCAAC-1
GRCh38,GTAGGCAAGCAGTAGG-1
GRCh38,GTAGGCAAGCCATCAA-1
GRCh38,GTAGGCAAGCCCACGA-1
GRCh38,GTAGGCAAGCCTTTAC-1
GRCh38,GTAGGCAAGCGATGAG-1
GRCh38,GTAGGCAAGGGGATAT-1
GRCh38,GTAGGCAAGGTGCCAT-1
GRCh38,GTAGGCAAGGTGGGTA-1
GRCh38,GTAGGCGCAACAGAGC-1
GRCh38,GTAGGCGCAACCACAT-1
GRCh38,GTAGGCGCAACCTAAC-1
GRCh38,GTAGGCGCAACTGCGC-1
GRCh38,GTAGGCGCAATACCCG-1
GRCh38,GTAGGCGCAATCGCCA-1
GRCh38,GTAGGCGCACCTAGGC-1
GRCh38,GTAGGCGCAGGATTTC-1
GRCh38,GTAGGCTTCACAGATT-1
GRCh38,GTAGGCTTCACTTGCT-1
GRCh38,GTAGGCTTCATCGGGT-1
GRCh38,GTAGGCTTCCCAAATG-1
GRCh38,GTAGGCTTCCGGTCAG-1
GRCh38,GTAGGCTTCGTTATAA-1
GRCh38,GTAGGGCAGCAAACGG-1
GRCh38,GTAGGGCAGCCGGTAT-1
GRCh38,GTAGGGCAGGCACCAT-1
GRCh38,GTAGGGCAGGGAATAC-1
GRCh38,GTAGGGCAGGGTCGTT-1
GRCh38,GTAGGGCAGGTAGGTG-1
GRCh38,GTAGGGCAGGTGCGAA-1
GRCh38,GTAGGGCAGGTTAATC-1
GRCh38,GTAGGGTCAAATTGCC-1
GRCh38,GTAGGGTCAATACGGA-1
GRCh38,GTAGGGTCAGCCTTAG-1
GRCh38,GTAGGGTCAGCTAAAG-1
GRCh38,GTAGGGTCAGGTACAA-1
GRCh38,GTAGGGTCAGTTCAGT-1
GRCh38,GTAGGGTCAGTTGGAA-1
GRCh38,GTAGGTCTCACTATAA-1
GRCh38,GTAGGTCTCAGCGTGT-1
GRCh38,GTAGGTCTCAGTGGCT-1
GRCh38,GTAGGTCTCATTAATG-1
GRCh38,GTAGGTCTCCAACACA-1
GRCh38,GTAGGTCTCCATTCTA-1
GRCh38,GTAGGTCTCGCCCTTA-1
GRCh38,GTAGGTGAGACCTGCG-1
GRCh38,GTAGGTGAGACTTACG-1
GRCh38,GTAGGTGAGAGGTAAC-1
GRCh38,GTAGGTGAGAGGTACG-1
GRCh38,GTAGGTGAGATAAGTG-1
GRCh38,GTAGGTGAGATCGTAT-1
GRCh38,GTAGGTGAGATGTGTT-1
GRCh38,GTAGGTGAGCACGCCA-1
GRCh38,GTAGGTGAGCCACTTT-1
GRCh38,GTAGGTGAGCTAGTTG-1
GRCh38,GTAGGTGAGGTGCTAC-1
GRCh38,GTAGGTGAGGTGTTAT-1
GRCh38,GTAGGTTGTAAAGCCT-1
GRCh38,GTAGGTTGTACATTAG-1
GRCh38,GTAGGTTGTACGGATT-1
GRCh38,GTAGGTTGTAGAGGTA-1
GRCh38,GTAGGTTGTAGCGTCA-1
GRCh38,GTAGGTTGTAGTACGT-1
GRCh38,GTAGGTTGTCCAACGA-1
GRCh38,GTAGGTTGTCCAACTC-1
GRCh38,GTAGGTTGTCCCTCTC-1
GRCh38,GTAGGTTGTCCTTCGG-1
GRCh38,GTAGGTTGTGCTACAG-1
GRCh38,GTAGGTTGTGCTGGGT-1
GRCh38,GTAGGTTGTGGTTTAA-1
GRCh38,GTAGTAAAGAAAGCCG-1
GRCh38,GTAGTAAAGAGGCACA-1
GRCh38,GTAGTAAAGAGGGACC-1
GRCh38,GTAGTAAAGATTACCG-1
GRCh38,GTAGTAAAGCACGCCA-1
GRCh38,GTAGTAAAGCCGTTGG-1
GRCh38,GTAGTAAAGCCTGGTG-1
GRCh38,GTAGTAAAGCCTTTAC-1
GRCh38,GTAGTAAAGCGTAATT-1
GRCh38,GTAGTAAAGCTAGCGT-1
GRCh38,GTAGTAAAGGGACAAT-1
GRCh38,GTAGTAAAGGTTATCG-1
GRCh38,GTAGTAGCAAGCGGCA-1
GRCh38,GTAGTAGCACAGTTCG-1
GRCh38,GTAGTAGCACATGTCG-1
GRCh38,GTAGTAGCACCTAAAC-1
GRCh38,GTAGTAGCACGTTAGT-1
GRCh38,GTAGTAGCACTCGACA-1
GRCh38,GTAGTCATCAGCATTG-1
GRCh38,GTAGTCATCAGTTTGG-1
GRCh38,GTAGTCATCCGACTCC-1
GRCh38,GTAGTCATCCGTGAGT-1
GRCh38,GTAGTCATCGCAAACC-1
GRCh38,GTAGTCATCGGAGTCT-1
GRCh38,GTAGTGCTCAATATGC-1
GRCh38,GTAGTGCTCACGCTCC-1
GRCh38,GTAGTGCTCATGGCGT-1
GRCh38,GTAGTGCTCATTCGCT-1
GRCh38,GTAGTGCTCCGTATCT-1
GRCh38,GTAGTGCTCGGTTGTA-1
GRCh38,GTAGTGGAGAACAGAC-1
GRCh38,GTAGTGGAGAAGGCGC-1
GRCh38,GTAGTGGAGACCTATG-1
GRCh38,GTAGTGGAGAGAAGCT-1
GRCh38,GTAGTGGAGCAAGTTT-1
GRCh38,GTAGTGGAGCAGGGGT-1
GRCh38,GTAGTGGAGCATTACG-1
GRCh38,GTAGTGGAGCCACGAT-1
GRCh38,GTAGTGGAGCCAGCAT-1
GRCh38,GTAGTGGAGCCAGGTT-1
GRCh38,GTAGTGGAGCCTGTAA-1
GRCh38,GTAGTGGAGCTAGTGC-1
GRCh38,GTAGTGGAGGCTCATA-1
GRCh38,GTAGTGGAGGGAGTAT-1
GRCh38,GTAGTGGAGGGGTATG-1
GRCh38,GTAGTGGAGGTAGAAC-1
GRCh38,GTAGTGGAGGTCTGTA-1
GRCh38,GTAGTGGAGGTGAGAT-1
GRCh38,GTAGTGTGTAACAGAG-1
GRCh38,GTAGTGTGTAAGCCGC-1
GRCh38,GTAGTGTGTAGTATGC-1
GRCh38,GTAGTGTGTATGGGTT-1
GRCh38,GTAGTGTGTCACGGGT-1
GRCh38,GTAGTGTGTCGCTGGG-1
GRCh38,GTAGTGTGTCGTATGG-1
GRCh38,GTAGTGTGTGCAAGGG-1
GRCh38,GTAGTGTGTGCCCGAG-1
GRCh38,GTAGTGTGTGCGCTGG-1
GRCh38,GTAGTTAGTAAGGTAG-1
GRCh38,GTAGTTAGTACGGGTC-1
GRCh38,GTAGTTAGTAGGAATG-1
GRCh38,GTAGTTAGTCGACGTA-1
GRCh38,GTAGTTAGTGTTAAGC-1
GRCh38,GTAGTTGTCAACCAAT-1
GRCh38,GTAGTTGTCACCTCTG-1
GRCh38,GTAGTTGTCATACTAA-1
GRCh38,GTAGTTGTCATGGAAA-1
GRCh38,GTAGTTGTCCCATAAG-1
GRCh38,GTAGTTGTCCCCATTG-1
GRCh38,GTAGTTGTCCTCGGCT-1
GRCh38,GTAGTTGTCCTCTCGA-1
GRCh38,GTAGTTGTCGCACCCT-1
GRCh38,GTAGTTGTCGCCAATA-1
GRCh38,GTAGTTGTCGCGCCTT-1
GRCh38,GTAGTTGTCGGCTTGG-1
GRCh38,GTAGTTTAGAACGCGA-1
GRCh38,GTAGTTTAGACATAGA-1
GRCh38,GTAGTTTAGCACAGCT-1
GRCh38,GTAGTTTAGCGCGTCA-1
GRCh38,GTAGTTTAGCTAATAC-1
GRCh38,GTAGTTTAGCTATTGG-1
GRCh38,GTAGTTTAGGGGTAGC-1
GRCh38,GTAGTTTAGGGTGTTC-1
GRCh38,GTATAACTCACTCCAT-1
GRCh38,GTATAACTCACTCGGG-1
GRCh38,GTATAACTCAGCCGTG-1
GRCh38,GTATAACTCAGGCTCG-1
GRCh38,GTATAACTCCATCTAC-1
GRCh38,GTATAACTCCATGCCC-1
GRCh38,GTATAACTCCCGCTTA-1
GRCh38,GTATAACTCCGACTAA-1
GRCh38,GTATAACTCCGATACA-1
GRCh38,GTATAACTCCGGTTAA-1
GRCh38,GTATAACTCCTCCACA-1
GRCh38,GTATAACTCGCGTTAA-1
GRCh38,GTATAACTCGTTGCTT-1
GRCh38,GTATACCCAACGCAGG-1
GRCh38,GTATACCCAACTGGAA-1
GRCh38,GTATACCCAACTGTCG-1
GRCh38,GTATACCCAAGCGCTC-1
GRCh38,GTATACCCAATGGGAC-1
GRCh38,GTATACCCACGGCACT-1
GRCh38,GTATACCCACTATCTT-1
GRCh38,GTATACCCAGCTTCAG-1
GRCh38,GTATACCCAGGAAGGA-1
GRCh38,GTATACGTCAAGGGCA-1
GRCh38,GTATACGTCACTCTTA-1
GRCh38,GTATACGTCACTGTCT-1
GRCh38,GTATACGTCAGCTGTA-1
GRCh38,GTATACGTCCCTAGTT-1
GRCh38,GTATACGTCCCTTCTC-1
GRCh38,GTATACGTCCGGTATA-1
GRCh38,GTATACGTCGCAAAGG-1
GRCh38,GTATACGTCGGTATTG-1
GRCh38,GTATACTAGAAGGTGT-1
GRCh38,GTATACTAGACATAAG-1
GRCh38,GTATACTAGACGAAGT-1
GRCh38,GTATACTAGACGCCAT-1
GRCh38,GTATACTAGACTTTCC-1
GRCh38,GTATACTAGCCTCGTC-1
GRCh38,GTATACTAGCGTATAT-1
GRCh38,GTATACTAGCTACATG-1
GRCh38,GTATACTAGCTGCGAT-1
GRCh38,GTATACTAGGCGGGAT-1
GRCh38,GTATACTAGGCTCACG-1
GRCh38,GTATACTAGGGAATAC-1
GRCh38,GTATAGAAGAACTTCG-1
GRCh38,GTATAGAAGAATGGGT-1
GRCh38,GTATAGAAGACATCAT-1
GRCh38,GTATAGAAGAGGACAT-1
GRCh38,GTATAGAAGATCCGAC-1
GRCh38,GTATAGAAGATGTATC-1
GRCh38,GTATAGAAGCATCTAG-1
GRCh38,GTATAGAAGCGATTCA-1
GRCh38,GTATAGAAGCGCCAAT-1
GRCh38,GTATAGAAGCGGTCCA-1
GRCh38,GTATAGAAGCTATCAG-1
GRCh38,GTATAGAAGCTGCACG-1
GRCh38,GTATAGAAGGTCCATA-1
GRCh38,GTATAGCGTAACTTCT-1
GRCh38,GTATAGCGTAAGGGAC-1
GRCh38,GTATAGCGTAGGGGCA-1
GRCh38,GTATAGCGTCCGGCCT-1
GRCh38,GTATAGCGTCGGATAT-1
GRCh38,GTATAGCGTGCCATTC-1
GRCh38,GTATAGGCAAAAGGAA-1
GRCh38,GTATAGGCAAGACAAT-1
GRCh38,GTATAGGCAAGAGGGA-1
GRCh38,GTATAGGCACCAGAGG-1
GRCh38,GTATAGGCACGAGTAA-1
GRCh38,GTATAGGCACGTATCG-1
GRCh38,GTATAGGCACTCATAA-1
GRCh38,GTATAGGCAGCTCCAA-1
GRCh38,GTATAGTTCAAACCTG-1
GRCh38,GTATAGTTCAGCCAAC-1
GRCh38,GTATAGTTCAGGCTGT-1
GRCh38,GTATAGTTCAGTTGCA-1
GRCh38,GTATAGTTCATCGGGT-1
GRCh38,GTATAGTTCCTCTGAT-1
GRCh38,GTATAGTTCGCGAAAG-1
GRCh38,GTATAGTTCGGACCTG-1
GRCh38,GTATAGTTCGGTAGCT-1
GRCh38,GTATATCAGAAACGTA-1
GRCh38,GTATATCAGAAGCTTT-1
GRCh38,GTATATCAGACGCTGT-1
GRCh38,GTATATCAGAGCTTGC-1
GRCh38,GTATATCAGAGTGATA-1
GRCh38,GTATATCAGATAATCC-1
GRCh38,GTATATCAGATTCGAT-1
GRCh38,GTATATCAGCCGTCAG-1
GRCh38,GTATATCAGCGAAGCA-1
GRCh38,GTATATCAGCGCTGCA-1
GRCh38,GTATATCAGCTGCACG-1
GRCh38,GTATCACCAAAGGGGA-1
GRCh38,GTATCACCAAATTGAA-1
GRCh38,GTATCACCACCACCAA-1
GRCh38,GTATCACCACCCTATC-1
GRCh38,GTATCACCACGCGACT-1
GRCh38,GTATCACCACGTCAAT-1
GRCh38,GTATCACCACTACGCA-1
GRCh38,GTATCACCACTAGAAG-1
GRCh38,GTATCACCACTATACA-1
GRCh38,GTATCACCAGCTTATA-1
GRCh38,GTATCACCAGGAAACC-1
GRCh38,GTATCACCAGGCCTTA-1
GRCh38,GTATCACCAGTATTAT-1
GRCh38,GTATCACCAGTCCTCT-1
GRCh38,GTATCAGTCATTGGGC-1
GRCh38,GTATCAGTCCGAAGTC-1
GRCh38,GTATCAGTCGGCTAAC-1
GRCh38,GTATCAGTCGGTCAGT-1
GRCh38,GTATCAGTCGTACTTC-1
GRCh38,GTATCAGTCGTGGCAT-1
GRCh38,GTATCAGTCGTTAAGT-1
GRCh38,GTATCCAAGAAAGGAG-1
GRCh38,GTATCCAAGAAGCGGC-1
GRCh38,GTATCCAAGACAACCC-1
GRCh38,GTATCCAAGACATGGG-1
GRCh38,GTATCCAAGCAACGAG-1
GRCh38,GTATCCAAGCCTATTC-1
GRCh38,GTATCCAAGCGGCTTG-1
GRCh38,GTATCCAAGCTGACCG-1
GRCh38,GTATCCCGTACCTTGC-1
GRCh38,GTATCCCGTACTTGGG-1
GRCh38,GTATCCCGTCATTGGG-1
GRCh38,GTATCCCGTCCTCTCC-1
GRCh38,GTATCCCGTCTCTAAT-1
GRCh38,GTATCCCGTGGGATGG-1
GRCh38,GTATCCCGTGTGCCTT-1
GRCh38,GTATCGATCACCACAA-1
GRCh38,GTATCGATCACTTGCT-1
GRCh38,GTATCGATCCCCACTA-1
GRCh38,GTATCGATCGTAGCAC-1
GRCh38,GTATCGGGTACTCGAG-1
GRCh38,GTATCGGGTAGGTTTA-1
GRCh38,GTATCGGGTAGTTGCG-1
GRCh38,GTATCGGGTCTGTCCG-1
GRCh38,GTATCGGGTGGGTATT-1
GRCh38,GTATCGGGTGTCCGGG-1
GRCh38,GTATCGGGTGTTACTT-1
GRCh38,GTATCTCTCACTACCT-1
GRCh38,GTATCTCTCAGGCTCG-1
GRCh38,GTATCTCTCATAAGTC-1
GRCh38,GTATCTCTCATGGACC-1
GRCh38,GTATCTCTCATTCGTC-1
GRCh38,GTATCTCTCCATAAGT-1
GRCh38,GTATCTCTCCGATACA-1
GRCh38,GTATCTCTCCGGAAAG-1
GRCh38,GTATCTCTCGCACGTG-1
GRCh38,GTATCTCTCGTGAACC-1
GRCh38,GTATCTTGTAGCTTCC-1
GRCh38,GTATCTTGTATATCAG-1
GRCh38,GTATCTTGTCCATTCA-1
GRCh38,GTATCTTGTCCGCATT-1
GRCh38,GTATCTTGTCCGTTTA-1
GRCh38,GTATCTTGTCCTATTG-1
GRCh38,GTATCTTGTCGCATCT-1
GRCh38,GTATCTTGTCGCTGCC-1
GRCh38,GTATCTTGTCGGTTTC-1
GRCh38,GTATCTTGTGGGGTAG-1
GRCh38,GTATCTTGTGGTTCAG-1
GRCh38,GTATCTTGTGTACTCC-1
GRCh38,GTATCTTGTGTTAAGC-1
GRCh38,GTATGCATCAATCGCA-1
GRCh38,GTATGCATCACAATTA-1
GRCh38,GTATGCATCATATGTA-1
GRCh38,GTATGCATCATGAGTT-1
GRCh38,GTATGCATCCAGGTTA-1
GRCh38,GTATGCATCGGGCCTA-1
GRCh38,GTATGCATCGTACCTT-1
GRCh38,GTATGCGGTAACGCAT-1
GRCh38,GTATGCGGTACGAAAG-1
GRCh38,GTATGCGGTATCAGCG-1
GRCh38,GTATGCGGTCACGCTT-1
GRCh38,GTATGCGGTCCGAAAT-1
GRCh38,GTATGCGGTCGCGGAT-1
GRCh38,GTATGCGGTCGGCTCC-1
GRCh38,GTATGCGGTCGTTAAA-1
GRCh38,GTATGCGGTGGTTTAA-1
GRCh38,GTATGCGGTGTCATCC-1
GRCh38,GTATGCTCAATACGCT-1
GRCh38,GTATGCTCAATTAAAG-1
GRCh38,GTATGCTCACGACACC-1
GRCh38,GTATGCTCAGCGAAAC-1
GRCh38,GTATGCTCAGTCTAAC-1
GRCh38,GTATGCTCAGTTGCGC-1
GRCh38,GTATGGACAAAACGCA-1
GRCh38,GTATGGACAAAGCGTA-1
GRCh38,GTATGGACACACCGTA-1
GRCh38,GTATGGACACATGGGG-1
GRCh38,GTATGGACACCGTTAG-1
GRCh38,GTATGGACACTATGGT-1
GRCh38,GTATGGACAGGCATTT-1
GRCh38,GTATGGACAGTATTAT-1
GRCh38,GTATGGACAGTTACTA-1
GRCh38,GTATGGGAGAAACTAG-1
GRCh38,GTATGGGAGACCCGCA-1
GRCh38,GTATGGGAGAGAGTTA-1
GRCh38,GTATGGGAGCAAACTT-1
GRCh38,GTATGGGAGCAATAGA-1
GRCh38,GTATGGGAGCACGTCG-1
GRCh38,GTATGGGAGCACTCCC-1
GRCh38,GTATGGGAGCGACCAT-1
GRCh38,GTATGGGAGCGTTGGT-1
GRCh38,GTATGGGAGCTAGCTA-1
GRCh38,GTATGGGAGCTAGGTC-1
GRCh38,GTATGGGAGCTCGAGT-1
GRCh38,GTATGGGAGCTTAGGC-1
GRCh38,GTATGGGAGCTTGGCG-1
GRCh38,GTATGGGAGGCAAGCA-1
GRCh38,GTATGGGAGGTAGAAC-1
GRCh38,GTATGGGAGGTTAGGG-1
GRCh38,GTATGTAGTAATCTAG-1
GRCh38,GTATGTAGTACACCCT-1
GRCh38,GTATGTAGTACGTCTC-1
GRCh38,GTATGTAGTACTGGAT-1
GRCh38,GTATGTAGTCAGGCGT-1
GRCh38,GTATGTAGTCCAGCCC-1
GRCh38,GTATGTAGTCCATTTG-1
GRCh38,GTATGTAGTCGTTAAA-1
GRCh38,GTATGTAGTGGCGAGA-1
GRCh38,GTATGTAGTGTCTAGG-1
GRCh38,GTATGTCCAAATTCCA-1
GRCh38,GTATGTCCAACACAAG-1
GRCh38,GTATGTCCAACACCCA-1
GRCh38,GTATGTCCAACATAGG-1
GRCh38,GTATGTCCAATTACCA-1
GRCh38,GTATGTCCACCCAAGC-1
GRCh38,GTATGTCCACGTCGGT-1
GRCh38,GTATGTCCACGTTTCC-1
GRCh38,GTATGTCCAGCTAACT-1
GRCh38,GTATGTGTCAAATTGC-1
GRCh38,GTATGTGTCAATCCCT-1
GRCh38,GTATGTGTCACAATTA-1
GRCh38,GTATGTGTCACATAAC-1
GRCh38,GTATGTGTCACGCAGT-1
GRCh38,GTATGTGTCATGCGGT-1
GRCh38,GTATGTGTCCAACACA-1
GRCh38,GTATGTGTCCAGTACA-1
GRCh38,GTATGTGTCCATCATC-1
GRCh38,GTATGTGTCCCGCCAT-1
GRCh38,GTATGTGTCGCACCTC-1
GRCh38,GTATGTGTCGCGAGTT-1
GRCh38,GTATGTGTCGGAATGG-1
GRCh38,GTATGTGTCGGACGTT-1
GRCh38,GTATGTTAGACGAACG-1
GRCh38,GTATGTTAGAGGGGCT-1
GRCh38,GTATGTTAGAGGGTGC-1
GRCh38,GTATGTTAGATAATCC-1
GRCh38,GTATGTTAGCAAACGG-1
GRCh38,GTATGTTAGCAATAGA-1
GRCh38,GTATGTTAGCCTCTTG-1
GRCh38,GTATGTTAGCTAGCTA-1
GRCh38,GTATGTTAGGCTTCCC-1
GRCh38,GTATTAATCACACAAT-1
GRCh38,GTATTAATCACGCTCC-1
GRCh38,GTATTAATCATACTCC-1
GRCh38,GTATTAATCCAATACG-1
GRCh38,GTATTAATCCGTTCGC-1
GRCh38,GTATTAATCGCAGTAC-1
GRCh38,GTATTAATCGTAGCTA-1
GRCh38,GTATTATCAAACCGAA-1
GRCh38,GTATTATCAATGCGGG-1
GRCh38,GTATTATCAATGGTAG-1
GRCh38,GTATTATCACGGCTTA-1
GRCh38,GTATTCACAAACGGGT-1
GRCh38,GTATTCACAAATATTC-1
GRCh38,GTATTCACAAGAGGGA-1
GRCh38,GTATTCACAAGTACTC-1
GRCh38,GTATTCACAAGTGTCT-1
GRCh38,GTATTCACACTACTTT-1
GRCh38,GTATTCACAGGCCTTA-1
GRCh38,GTATTCACAGTACTCG-1
GRCh38,GTATTCCTCAAGCCAC-1
GRCh38,GTATTCCTCACGTCAA-1
GRCh38,GTATTCCTCATACTAA-1
GRCh38,GTATTCCTCATGGCGT-1
GRCh38,GTATTCCTCCATAAGT-1
GRCh38,GTATTCCTCCGCCGTT-1
GRCh38,GTATTCCTCCTCTGAT-1
GRCh38,GTATTCCTCGGACGTT-1
GRCh38,GTATTCCTCGGGGTAA-1
GRCh38,GTATTCGAGACATGTT-1
GRCh38,GTATTCGAGAGACGAT-1
GRCh38,GTATTCGAGAGCGGTA-1
GRCh38,GTATTCGAGATTCAAC-1
GRCh38,GTATTCGAGCCCTAGG-1
GRCh38,GTATTCGAGCGCCTAG-1
GRCh38,GTATTCGAGCGGATTC-1
GRCh38,GTATTCGAGCGGCATT-1
GRCh38,GTATTCGAGGGACTGA-1
GRCh38,GTATTCGAGGGCGGAT-1
GRCh38,GTATTCTGTAACAGGA-1
GRCh38,GTATTCTGTAACTTCT-1
GRCh38,GTATTCTGTAAGTAGG-1
GRCh38,GTATTCTGTACAGAAG-1
GRCh38,GTATTCTGTACCCATC-1
GRCh38,GTATTCTGTAGAGATG-1
GRCh38,GTATTCTGTATTATGG-1
GRCh38,GTATTCTGTCCACGGG-1
GRCh38,GTATTCTGTCTTGTGC-1
GRCh38,GTATTCTGTGCTACAG-1
GRCh38,GTATTCTGTGGTCTCT-1
GRCh38,GTATTCTGTGGTGTGC-1
GRCh38,GTATTCTGTGTGTAGT-1
GRCh38,GTATTGGTCACAGTTG-1
GRCh38,GTATTGGTCACGCGTG-1
GRCh38,GTATTGGTCAGTACAT-1
GRCh38,GTATTGGTCAGTGATT-1
GRCh38,GTATTGGTCATGCAAT-1
GRCh38,GTATTGGTCCACCTAT-1
GRCh38,GTATTGGTCCCACATT-1
GRCh38,GTATTGGTCCGTAAAT-1
GRCh38,GTATTGGTCCTACTTA-1
GRCh38,GTATTGGTCCTCGTTG-1
GRCh38,GTATTGGTCGGACATC-1
GRCh38,GTATTGGTCGTTGCCC-1
GRCh38,GTATTGTAGACCCGCA-1
GRCh38,GTATTGTAGACTTACG-1
GRCh38,GTATTGTAGCGATGAG-1
GRCh38,GTATTGTAGCTAATAC-1
GRCh38,GTATTGTAGCTTGGCG-1
GRCh38,GTATTGTAGGCCATCG-1
GRCh38,GTATTGTAGGTCTGTA-1
GRCh38,GTCAAATTCAACCAAT-1
GRCh38,GTCAAATTCATTCTCA-1
GRCh38,GTCAAATTCCATTACC-1
GRCh38,GTCAAATTCCGGTGCA-1
GRCh38,GTCAAATTCGCTTCCA-1
GRCh38,GTCAACATCCGAGTGT-1
GRCh38,GTCAACATCCTCGGGA-1
GRCh38,GTCAACATCGGGTCAT-1
GRCh38,GTCAACTCAAAGGCAC-1
GRCh38,GTCAACTCAACTGGAA-1
GRCh38,GTCAACTCAAGCGTTT-1
GRCh38,GTCAACTCAATGTGTC-1
GRCh38,GTCAACTCACGATAAG-1
GRCh38,GTCAACTCACGGCACT-1
GRCh38,GTCAACTCACTAAAGG-1
GRCh38,GTCAACTCAGCATAAG-1
GRCh38,GTCAACTCAGGGTCAG-1
GRCh38,GTCAAGACAACACCCA-1
GRCh38,GTCAAGACAACGACCC-1
GRCh38,GTCAAGACAACGGTCC-1
GRCh38,GTCAAGACAATAACCC-1
GRCh38,GTCAAGACAATGCTCG-1
GRCh38,GTCAAGACAGGACACG-1
GRCh38,GTCAAGCTCAACTCCT-1
GRCh38,GTCAAGCTCACCAATG-1
GRCh38,GTCAAGCTCATAAGTC-1
GRCh38,GTCAAGCTCCATAGCA-1
GRCh38,GTCAAGCTCCATCATC-1
GRCh38,GTCAAGCTCCCAGAAC-1
GRCh38,GTCAAGCTCCCATGCC-1
GRCh38,GTCAAGCTCCCTCTAG-1
GRCh38,GTCAAGCTCCGGCATG-1
GRCh38,GTCAAGCTCCTCATTA-1
GRCh38,GTCAAGCTCCTGTCGC-1
GRCh38,GTCAAGCTCGGACTTA-1
GRCh38,GTCAAGCTCGTTACCT-1
GRCh38,GTCAATCCAACGTCCA-1
GRCh38,GTCAATCCAAGCGATA-1
GRCh38,GTCAATCCACAATCAC-1
GRCh38,GTCAATCCACATTGGT-1
GRCh38,GTCAATCCACCGTTAG-1
GRCh38,GTCAATCCACCTAGGC-1
GRCh38,GTCAATCCACTGGGGA-1
GRCh38,GTCAATCCAGCAACCC-1
GRCh38,GTCAATCCAGCCCAAC-1
GRCh38,GTCAATCCAGCCTTAG-1
GRCh38,GTCAATCCAGCTTAGT-1
GRCh38,GTCAATCCAGTACGCC-1
GRCh38,GTCAATCCAGTTGGAA-1
GRCh38,GTCAATGTCACTCTCG-1
GRCh38,GTCAATGTCAGAGAAC-1
GRCh38,GTCAATGTCAGGGACA-1
GRCh38,GTCAATGTCATCCGCC-1
GRCh38,GTCAATGTCCCACACC-1
GRCh38,GTCAATGTCCGGCTTC-1
GRCh38,GTCAATGTCCTACTAC-1
GRCh38,GTCAATGTCGCAATAT-1
GRCh38,GTCAATGTCGCACTCC-1
GRCh38,GTCAATGTCGGGTTAC-1
GRCh38,GTCAATGTCGTACTTC-1
GRCh38,GTCAATTAGACCCAAC-1
GRCh38,GTCAATTAGAGAATCA-1
GRCh38,GTCAATTAGCTACAGC-1
GRCh38,GTCAATTAGGCTCAAC-1
GRCh38,GTCAATTAGGGGAATT-1
GRCh38,GTCACCCTCAACTCTC-1
GRCh38,GTCACCCTCACACGTA-1
GRCh38,GTCACCCTCACAGCTA-1
GRCh38,GTCACCCTCACTAACG-1
GRCh38,GTCACCCTCACTACCT-1
GRCh38,GTCACCCTCAGTCCTT-1
GRCh38,GTCACCCTCCACGTAA-1
GRCh38,GTCACCCTCCATTCGT-1
GRCh38,GTCACCCTCCGATCAA-1
GRCh38,GTCACCCTCGCAAAGG-1
GRCh38,GTCACCCTCGTCCTAT-1
GRCh38,GTCACCCTCGTTCTAC-1
GRCh38,GTCACGAGTAAGGGAC-1
GRCh38,GTCACGAGTACGCTGA-1
GRCh38,GTCACGAGTATCGCGA-1
GRCh38,GTCACGAGTCATCGAG-1
GRCh38,GTCACGAGTCCGTAAG-1
GRCh38,GTCACGAGTCGCGGAT-1
GRCh38,GTCACGAGTCGGCTCC-1
GRCh38,GTCACGAGTGTCGTGA-1
GRCh38,GTCACGAGTGTTAATG-1
GRCh38,GTCACGAGTGTTGGGC-1
GRCh38,GTCACGAGTGTTGTAA-1
GRCh38,GTCACGCCAAACTCAC-1
GRCh38,GTCACGCCAACTCGGC-1
GRCh38,GTCACGCCAAGGACCG-1
GRCh38,GTCACGCCAATATTCG-1
GRCh38,GTCACGCCACAAGCCC-1
GRCh38,GTCACGCCACGTAACT-1
GRCh38,GTCACGCCAGGTTTAC-1
GRCh38,GTCACGTAGAAACTAG-1
GRCh38,GTCACGTAGCAACATT-1
GRCh38,GTCACGTAGCCACGAT-1
GRCh38,GTCACGTAGCCATAGC-1
GRCh38,GTCACGTAGCCCTTTG-1
GRCh38,GTCACGTAGGCGGGAT-1
GRCh38,GTCACGTAGGCTTATG-1
GRCh38,GTCATACCAATAAGGT-1
GRCh38,GTCATACCAATGGGCG-1
GRCh38,GTCATACCAGCATCAT-1
GRCh38,GTCATACCAGCTAGCC-1
GRCh38,GTCATACCAGTCAATC-1
GRCh38,GTCATACCAGTCCTAG-1
GRCh38,GTCATACCAGTGTGGG-1
GRCh38,GTCATCAAGAGGACAT-1
GRCh38,GTCATCAAGAGTGTAA-1
GRCh38,GTCATCAAGCGTACAC-1
GRCh38,GTCATCAAGGGGTTTC-1
GRCh38,GTCATCCGTAGCCAGC-1
GRCh38,GTCATCCGTAGGGCGA-1
GRCh38,GTCATCCGTATATCAG-1
GRCh38,GTCATCCGTCCTCGAT-1
GRCh38,GTCATCCGTCCTTTGA-1
GRCh38,GTCATCCGTCGATGGC-1
GRCh38,GTCATCCGTCGATTCC-1
GRCh38,GTCATCCGTCGCCGTC-1
GRCh38,GTCATCCGTCGGCTCC-1
GRCh38,GTCATCCGTCTACAGG-1
GRCh38,GTCATCCGTCTGTGGA-1
GRCh38,GTCATCCGTGGTATTA-1
GRCh38,GTCATCGCAAAACTAA-1
GRCh38,GTCATCGCAAAAGGGG-1
GRCh38,GTCATCGCAACAGCCC-1
GRCh38,GTCATCGCACAATGCT-1
GRCh38,GTCATCGCACACAAGA-1
GRCh38,GTCATCGCACCAGCTA-1
GRCh38,GTCATCGCACCTCTTA-1
GRCh38,GTCATCGCAGCCTGAC-1
GRCh38,GTCATCGCAGGAGTCG-1
GRCh38,GTCATCGCAGTTACTA-1
GRCh38,GTCATCTTCACGCCTC-1
GRCh38,GTCATCTTCACTCTCG-1
GRCh38,GTCATCTTCAGAATAG-1
GRCh38,GTCATCTTCAGACATT-1
GRCh38,GTCATCTTCAGCACTA-1
GRCh38,GTCATCTTCCAACAGC-1
GRCh38,GTCATCTTCCGAATGC-1
GRCh38,GTCATCTTCCGTTTCG-1
GRCh38,GTCATCTTCGGGCTAT-1
GRCh38,GTCATCTTCGTTGGCG-1
GRCh38,GTCATGCAGAAACCAA-1
GRCh38,GTCATGCAGAAGCTAA-1
GRCh38,GTCATGCAGAATATCC-1
GRCh38,GTCATGCAGAATGACA-1
GRCh38,GTCATGCAGACCCGAT-1
GRCh38,GTCATGCAGACCTACA-1
GRCh38,GTCATGCAGAGCCTGT-1
GRCh38,GTCATGCAGCAGCTAC-1
GRCh38,GTCATGCAGCCATTAG-1
GRCh38,GTCATGCAGCGAAGAT-1
GRCh38,GTCATGCAGCGAAGCA-1
GRCh38,GTCATGCAGCGGAATG-1
GRCh38,GTCATGCAGGGGATCA-1
GRCh38,GTCATGGGTACTATTC-1
GRCh38,GTCATGGGTCATAGCG-1
GRCh38,GTCATGGGTCTCGGTT-1
GRCh38,GTCATGGGTGCGCTCC-1
GRCh38,GTCATGGGTGGAAGTA-1
GRCh38,GTCATGGGTGTAGTTA-1
GRCh38,GTCATTCTCAAGCAAA-1
GRCh38,GTCATTCTCACACAAT-1
GRCh38,GTCATTCTCAGTCGCG-1
GRCh38,GTCATTCTCATACCCT-1
GRCh38,GTCATTCTCCGGTGCA-1
GRCh38,GTCATTCTCCTTGTCG-1
GRCh38,GTCATTCTCGGCTGCA-1
GRCh38,GTCATTCTCGTGCATA-1
GRCh38,GTCCAAATCATAACAC-1
GRCh38,GTCCAAATCATCGCGG-1
GRCh38,GTCCAAATCCGGCTTC-1
GRCh38,GTCCAAATCCGGTGCA-1
GRCh38,GTCCAAATCGTAGCGT-1
GRCh38,GTCCAACAGACTCAGC-1
GRCh38,GTCCAACAGACTCCAA-1
GRCh38,GTCCAACAGACTTAAC-1
GRCh38,GTCCAACAGAGCCCCA-1
GRCh38,GTCCAACAGCATGGTC-1
GRCh38,GTCCAACAGCCATTAG-1
GRCh38,GTCCAACAGGTAGGAT-1
GRCh38,GTCCAACAGGTGTCCG-1
GRCh38,GTCCACACAACAATGG-1
GRCh38,GTCCACACAACGTGCC-1
GRCh38,GTCCACACAAGCGATA-1
GRCh38,GTCCACACAAGTCCGC-1
GRCh38,GTCCACACAATCACGT-1
GRCh38,GTCCACACACAGTGGG-1
GRCh38,GTCCACACACATGGGG-1
GRCh38,GTCCACACACTATCTT-1
GRCh38,GTCCACACAGGCGGTA-1
GRCh38,GTCCACACAGTTGAGA-1
GRCh38,GTCCACGAGAAGTGTA-1
GRCh38,GTCCACGAGCAAACGG-1
GRCh38,GTCCACGAGCAACGAG-1
GRCh38,GTCCACGAGCAGGGAC-1
GRCh38,GTCCACGAGCCCTTTG-1
GRCh38,GTCCACGAGGTCATGC-1
GRCh38,GTCCAGTAGACTTAAC-1
GRCh38,GTCCAGTAGCACCATA-1
GRCh38,GTCCAGTAGCACGGTT-1
GRCh38,GTCCAGTAGCAGCTGT-1
GRCh38,GTCCAGTAGCCATCGG-1
GRCh38,GTCCAGTAGCCTAAGC-1
GRCh38,GTCCAGTAGCGCACAT-1
GRCh38,GTCCAGTAGCGCCAAT-1
GRCh38,GTCCAGTAGCGTTGGT-1
GRCh38,GTCCAGTAGCTTGGGT-1
GRCh38,GTCCAGTAGCTTGTGA-1
GRCh38,GTCCATAAGAATGGGT-1
GRCh38,GTCCATAAGAGTCGTC-1
GRCh38,GTCCATAAGATTCAGT-1
GRCh38,GTCCATAAGCACAATT-1
GRCh38,GTCCATAAGCACCAAC-1
GRCh38,GTCCATAAGCGAAGAT-1
GRCh38,GTCCATAAGCGTGAGA-1
GRCh38,GTCCATAAGCGTTTGA-1
GRCh38,GTCCATCGTACTCGCT-1
GRCh38,GTCCATCGTAGCCCTT-1
GRCh38,GTCCATCGTAGTATTG-1
GRCh38,GTCCATCGTCAACGTG-1
GRCh38,GTCCATCGTCGATCAG-1
GRCh38,GTCCATCGTGGGTGAG-1
GRCh38,GTCCATCGTGGTAATC-1
GRCh38,GTCCATGCAAATCTCA-1
GRCh38,GTCCATGCAAATGACG-1
GRCh38,GTCCATGCAACTCTCC-1
GRCh38,GTCCATGCAAGGACAC-1
GRCh38,GTCCATGCAATCAGGA-1
GRCh38,GTCCATGCACAGTAAG-1
GRCh38,GTCCATGCACATAATT-1
GRCh38,GTCCATGCACGAACGG-1
GRCh38,GTCCATGCACGCAGGA-1
GRCh38,GTCCATGCACGCTCAA-1
GRCh38,GTCCATGCACTAATAT-1
GRCh38,GTCCATGCACTATCCC-1
GRCh38,GTCCATGCAGCATGAA-1
GRCh38,GTCCATGCAGGGGCTA-1
GRCh38,GTCCATGCAGGTCTAT-1
GRCh38,GTCCATGCAGTGCAGG-1
GRCh38,GTCCATTTCAATGTAC-1
GRCh38,GTCCATTTCAATTGGT-1
GRCh38,GTCCATTTCACCTTAC-1
GRCh38,GTCCATTTCACGGTGT-1
GRCh38,GTCCATTTCAGCCCTC-1
GRCh38,GTCCATTTCCACAGGT-1
GRCh38,GTCCATTTCCATAGGC-1
GRCh38,GTCCATTTCCTAGTCT-1
GRCh38,GTCCATTTCCTGTCAT-1
GRCh38,GTCCCATGTAGTGTCG-1
GRCh38,GTCCCATGTCACACCT-1
GRCh38,GTCCCATGTCGAGGGA-1
GRCh38,GTCCCATGTCTGCGCC-1
GRCh38,GTCCCATGTGGATTCG-1
GRCh38,GTCCCATGTGTTGCGA-1
GRCh38,GTCCCCAGTAAACCGT-1
GRCh38,GTCCCCAGTACAGCAT-1
GRCh38,GTCCCCAGTAGCCAGC-1
GRCh38,GTCCCCAGTCAAAGCT-1
GRCh38,GTCCCCAGTCCTCGAT-1
GRCh38,GTCCCCAGTCGATAGT-1
GRCh38,GTCCCCAGTCGCATCT-1
GRCh38,GTCCCGAAGACAATTC-1
GRCh38,GTCCCGAAGACGCCAT-1
GRCh38,GTCCCGAAGACTAATC-1
GRCh38,GTCCCGAAGAGAGGTT-1
GRCh38,GTCCCGAAGATCCTGA-1
GRCh38,GTCCCGAAGCATATGT-1
GRCh38,GTCCCGAAGCATTGCA-1
GRCh38,GTCCCGAAGCCCTGGA-1
GRCh38,GTCCCGAAGCGTCAAC-1
GRCh38,GTCCCGAAGGCAACGA-1
GRCh38,GTCCCGAAGGGATTAA-1
GRCh38,GTCCCGCGTACTACAA-1
GRCh38,GTCCCGCGTAGGACTT-1
GRCh38,GTCCCGCGTATAAGGG-1
GRCh38,GTCCCGCGTATGAAGG-1
GRCh38,GTCCCGCGTCCTAGCT-1
GRCh38,GTCCCGCGTGCCTATC-1
GRCh38,GTCCCGCGTGGTAGTT-1
GRCh38,GTCCCGCGTGTTGCGA-1
GRCh38,GTCCCTATCAGGCTGT-1
GRCh38,GTCCCTATCAGTTGGC-1
GRCh38,GTCCCTATCCGTATAG-1
GRCh38,GTCCCTATCCTATACC-1
GRCh38,GTCCCTATCCTCCAAT-1
GRCh38,GTCCCTATCCTGGTAA-1
GRCh38,GTCCCTATCGCGGATT-1
GRCh38,GTCCCTATCGCTGGCA-1
GRCh38,GTCCCTATCGTATAAC-1
GRCh38,GTCCCTGGTATTGCGG-1
GRCh38,GTCCCTGGTCAGCGTA-1
GRCh38,GTCCCTGGTCGGAATT-1
GRCh38,GTCCCTGGTGGCGCTG-1
GRCh38,GTCCCTGGTGTCCCGC-1
GRCh38,GTCCGATAGAAGCTGG-1
GRCh38,GTCCGATAGACAAGAC-1
GRCh38,GTCCGATAGATCTTGG-1
GRCh38,GTCCGATAGCCAACCG-1
GRCh38,GTCCGATAGCCGCCAA-1
GRCh38,GTCCGATAGCGAGTCT-1
GRCh38,GTCCGATAGCGCATAC-1
GRCh38,GTCCGATAGCTGTAAT-1
GRCh38,GTCCGATAGGCCCCAA-1
GRCh38,GTCCGATAGGCCTGCA-1
GRCh38,GTCCGATAGGGACAAT-1
GRCh38,GTCCGATAGGGCTGAA-1
GRCh38,GTCCGATAGGGTCTGT-1
GRCh38,GTCCGCAAGAACAGAC-1
GRCh38,GTCCGCAAGAATTTGC-1
GRCh38,GTCCGCAAGAGGGCGT-1
GRCh38,GTCCGCAAGATTAAGG-1
GRCh38,GTCCGCAAGCAAACGG-1
GRCh38,GTCCGCAAGCCACGAT-1
GRCh38,GTCCGCAAGCCCAAGT-1
GRCh38,GTCCGCAAGCTAATAC-1
GRCh38,GTCCGCAAGGCCACAT-1
GRCh38,GTCCGCAAGGCCCAAT-1
GRCh38,GTCCGCAAGGTAGTTT-1
GRCh38,GTCCGCAAGGTCGACT-1
GRCh38,GTCCGCAAGGTGCGTT-1
GRCh38,GTCCGCCGTACAGGCC-1
GRCh38,GTCCGCCGTACTGCGA-1
GRCh38,GTCCGCCGTCAGCGGT-1
GRCh38,GTCCGCCGTCCTAGAG-1
GRCh38,GTCCGCCGTCGAAGGG-1
GRCh38,GTCCGCCGTGTGCCGG-1
GRCh38,GTCCGCTTCACGCGCA-1
GRCh38,GTCCGCTTCCATATGG-1
GRCh38,GTCCGCTTCCCTTCCT-1
GRCh38,GTCCGCTTCGCAGTGT-1
GRCh38,GTCCGCTTCGTGATAT-1
GRCh38,GTCCGGGGTACTGTGG-1
GRCh38,GTCCGGGGTAGGTTCG-1
GRCh38,GTCCGGGGTATAGTGC-1
GRCh38,GTCCGGGGTATGCGGC-1
GRCh38,GTCCGGGGTATGTACA-1
GRCh38,GTCCGGGGTATGTCTT-1
GRCh38,GTCCGGGGTCACTAGG-1
GRCh38,GTCCGGGGTGGAATGA-1
GRCh38,GTCCGGGGTGGATCGC-1
GRCh38,GTCCGGGGTGTGGTCA-1
GRCh38,GTCCGTACAAAAGGGG-1
GRCh38,GTCCGTACAACCTATA-1
GRCh38,GTCCGTACACCTTTCA-1
GRCh38,GTCCGTACAGGATTTC-1
GRCh38,GTCCTAAAGACAACCC-1
GRCh38,GTCCTAAAGACTATCG-1
GRCh38,GTCCTAAAGCAAAGTA-1
GRCh38,GTCCTAAAGCAATCCA-1
GRCh38,GTCCTAAAGCACGCCA-1
GRCh38,GTCCTAAAGCACTAGC-1
GRCh38,GTCCTAAAGCATCAAT-1
GRCh38,GTCCTAAAGCCTAGTA-1
GRCh38,GTCCTAAAGCGATTGC-1
GRCh38,GTCCTAAAGGTAACCC-1
GRCh38,GTCCTAGCAAATTAAG-1
GRCh38,GTCCTAGCAATAGCCT-1
GRCh38,GTCCTAGCACGTAGGG-1
GRCh38,GTCCTAGCAGCATCGC-1
GRCh38,GTCCTAGCAGTGGTAA-1
GRCh38,GTCCTATTCAAGGGCA-1
GRCh38,GTCCTATTCAATATCA-1
GRCh38,GTCCTATTCATTAACA-1
GRCh38,GTCCTATTCCAACATG-1
GRCh38,GTCCTATTCCCATTCG-1
GRCh38,GTCCTATTCCCTATGT-1
GRCh38,GTCCTATTCGGCGTTG-1
GRCh38,GTCCTATTCGGGCTAT-1
GRCh38,GTCCTCCAGAACTTGT-1
GRCh38,GTCCTCCAGAAGGCTG-1
GRCh38,GTCCTCCAGACGAACG-1
GRCh38,GTCCTCCAGCATACAT-1
GRCh38,GTCCTCCAGGCGGGAT-1
GRCh38,GTCCTCTCAAATATTC-1
GRCh38,GTCCTCTCAACATTAT-1
GRCh38,GTCCTCTCAACGCACC-1
GRCh38,GTCCTCTCACATAGCT-1
GRCh38,GTCCTCTCACATTCAA-1
GRCh38,GTCCTCTCACCACTCT-1
GRCh38,GTCCTCTCACGGACCT-1
GRCh38,GTCCTCTCAGCAACCC-1
GRCh38,GTCCTCTCAGCTGTAT-1
GRCh38,GTCCTCTCAGTGAAAT-1
GRCh38,GTCCTCTCAGTGCACC-1
GRCh38,GTCCTCTCAGTGTGGG-1
GRCh38,GTCCTGCTCAAATCAC-1
GRCh38,GTCCTGCTCAGAAGTA-1
GRCh38,GTCCTGCTCAGCACTA-1
GRCh38,GTCCTGCTCAGCGGTT-1
GRCh38,GTCCTGCTCCCTAGGG-1
GRCh38,GTCCTGCTCCTGGTAA-1
GRCh38,GTCCTGCTCGGGCTTG-1
GRCh38,GTCCTGCTCGGTTACA-1
GRCh38,GTCCTGCTCGTATCTC-1
GRCh38,GTCCTGCTCGTTAGGC-1
GRCh38,GTCCTGCTCGTTCATC-1
GRCh38,GTCCTTAGTACTAATG-1
GRCh38,GTCCTTAGTAGCGGAG-1
GRCh38,GTCCTTAGTATGGTTA-1
GRCh38,GTCCTTAGTCTAGGGC-1
GRCh38,GTCCTTAGTCTTCAAT-1
GRCh38,GTCCTTAGTGCGAGAG-1
GRCh38,GTCCTTAGTGTGGCGT-1
GRCh38,GTCCTTTAGAACAGGT-1
GRCh38,GTCCTTTAGAGTGATA-1
GRCh38,GTCCTTTAGAGTTGCC-1
GRCh38,GTCCTTTAGATGGAGT-1
GRCh38,GTCCTTTAGATTATGC-1
GRCh38,GTCCTTTAGCCGTGAT-1
GRCh38,GTCCTTTAGCGTGAAG-1
GRCh38,GTCCTTTAGCTTCGTT-1
GRCh38,GTCCTTTAGGCTTATG-1
GRCh38,GTCCTTTAGGGTAGGC-1
GRCh38,GTCCTTTAGGTTATGT-1
GRCh38,GTCGAACTCAATTATG-1
GRCh38,GTCGAACTCAGGGCAA-1
GRCh38,GTCGAACTCATAGTCG-1
GRCh38,GTCGAACTCCAGCAAC-1
GRCh38,GTCGAACTCCAGCGCA-1
GRCh38,GTCGAACTCCAGTAAT-1
GRCh38,GTCGAACTCCATGGCG-1
GRCh38,GTCGAACTCCCATCAT-1
GRCh38,GTCGAACTCCTTCAAC-1
GRCh38,GTCGAACTCGCACAAC-1
GRCh38,GTCGAACTCGCATTAG-1
GRCh38,GTCGAACTCGGTGGTT-1
GRCh38,GTCGAACTCGTGCAAC-1
GRCh38,GTCGAAGAGAGGTAAC-1
GRCh38,GTCGAAGAGCGATTGC-1
GRCh38,GTCGAAGAGGCTAACC-1
GRCh38,GTCGAAGAGGTTGTGC-1
GRCh38,GTCGAATGTAATGGGA-1
GRCh38,GTCGAATGTACTCCCG-1
GRCh38,GTCGAATGTATATTGG-1
GRCh38,GTCGAATGTCAGGCCG-1
GRCh38,GTCGAATGTCAGTCTC-1
GRCh38,GTCGAATGTCGCAAAT-1
GRCh38,GTCGAATGTGCTGTCT-1
GRCh38,GTCGACTAGAGCAGCA-1
GRCh38,GTCGACTAGAGCATGG-1
GRCh38,GTCGACTAGAGTGCGA-1
GRCh38,GTCGACTAGATTGGTT-1
GRCh38,GTCGACTAGCCATTGA-1
GRCh38,GTCGACTAGCTCAGGT-1
GRCh38,GTCGACTAGGGATAGT-1
GRCh38,GTCGACTAGGTCCGCA-1
GRCh38,GTCGAGAAGAAGTACA-1
GRCh38,GTCGAGAAGAATGGTA-1
GRCh38,GTCGAGAAGAGGCAGC-1
GRCh38,GTCGAGAAGAGGTACG-1
GRCh38,GTCGAGAAGATTAAGG-1
GRCh38,GTCGAGAAGCAATTAC-1
GRCh38,GTCGAGAAGCACCCGA-1
GRCh38,GTCGAGAAGCCATCGG-1
GRCh38,GTCGAGAAGCGTACGT-1
GRCh38,GTCGAGAAGGCCCTGA-1
GRCh38,GTCGAGAAGGTACCCG-1
GRCh38,GTCGAGAAGGTAGGTG-1
GRCh38,GTCGAGCGTATGGTCG-1
GRCh38,GTCGAGCGTATGTTCT-1
GRCh38,GTCGAGCGTGCCTCTG-1
GRCh38,GTCGAGCGTGCGAAGG-1
GRCh38,GTCGAGCGTGTAGAAG-1
GRCh38,GTCGAGCGTGTCTTCA-1
GRCh38,GTCGAGTTCACCACAA-1
GRCh38,GTCGAGTTCCAAGTGC-1
GRCh38,GTCGAGTTCCAGTCCC-1
GRCh38,GTCGAGTTCCGACTCC-1
GRCh38,GTCGAGTTCCGATAGC-1
GRCh38,GTCGAGTTCCTCAGCC-1
GRCh38,GTCGAGTTCGGCAATC-1
GRCh38,GTCGAGTTCGGCGAAA-1
GRCh38,GTCGAGTTCGGCGTCA-1
GRCh38,GTCGAGTTCGGCTCCT-1
GRCh38,GTCGAGTTCGGTTAAT-1
GRCh38,GTCGATGGTACATCTT-1
GRCh38,GTCGATGGTAGGATAG-1
GRCh38,GTCGATGGTAGTCAGT-1
GRCh38,GTCGATGGTCATTATC-1
GRCh38,GTCGATGGTCTAGCTC-1
GRCh38,GTCGATGGTCTAGTAA-1
GRCh38,GTCGATGGTCTCTAAT-1
GRCh38,GTCGATGGTCTCTAGC-1
GRCh38,GTCGATGGTCTGTTAT-1
GRCh38,GTCGATGGTGCCCTAT-1
GRCh38,GTCGATGGTGCGATGC-1
GRCh38,GTCGATGGTGCGTTTC-1
GRCh38,GTCGCACCAACACGCC-1
GRCh38,GTCGCACCAACCAAGA-1
GRCh38,GTCGCACCAAGTACTC-1
GRCh38,GTCGCACCAATGGACA-1
GRCh38,GTCGCACCACAGCGGA-1
GRCh38,GTCGCACCACATAATT-1
GRCh38,GTCGCACCACCTCGAA-1
GRCh38,GTCGCACCACTGAAAG-1
GRCh38,GTCGCACCAGCAATCT-1
GRCh38,GTCGCATAGACAGCCT-1
GRCh38,GTCGCATAGACTCCAA-1
GRCh38,GTCGCATAGAGGGGTC-1
GRCh38,GTCGCATAGCAAACCC-1
GRCh38,GTCGCATAGCGCATCG-1
GRCh38,GTCGCATAGGTTCAAT-1
GRCh38,GTCGCCAAGAACTAAG-1
GRCh38,GTCGCCAAGACTGATT-1
GRCh38,GTCGCCAAGCAAAGCG-1
GRCh38,GTCGCCAAGCACAGCT-1
GRCh38,GTCGCCAAGCACGCCA-1
GRCh38,GTCGCCAAGCGTACGT-1
GRCh38,GTCGCCAAGGCCCTGA-1
GRCh38,GTCGCCAAGGCGTAGA-1
GRCh38,GTCGCCAAGGTCGAGA-1
GRCh38,GTCGCCCGTACTCGAG-1
GRCh38,GTCGCCCGTCCCTCTC-1
GRCh38,GTCGCCCGTCGTTCCG-1
GRCh38,GTCGCCCGTGCATTCC-1
GRCh38,GTCGCCCGTGGCTATG-1
GRCh38,GTCGCCCGTGTTACCC-1
GRCh38,GTCGCGGGTAATTTCC-1
GRCh38,GTCGCGGGTACAAGCT-1
GRCh38,GTCGCGGGTACCCCTG-1
GRCh38,GTCGCGGGTCAGCTTC-1
GRCh38,GTCGCGGGTCATCTTG-1
GRCh38,GTCGCGGGTCCTTGTA-1
GRCh38,GTCGCGGGTCGGTTTC-1
GRCh38,GTCGCGGGTGGTTGTG-1
GRCh38,GTCGCTCTCACAATAC-1
GRCh38,GTCGCTCTCACAGATT-1
GRCh38,GTCGCTCTCCCAGAAC-1
GRCh38,GTCGCTCTCCTAACTC-1
GRCh38,GTCGCTCTCCTAGCCC-1
GRCh38,GTCGCTCTCCTGGGCA-1
GRCh38,GTCGCTCTCGGCATTA-1
GRCh38,GTCGCTCTCGTATTGG-1
GRCh38,GTCGCTCTCGTGTAAT-1
GRCh38,GTCGCTTGTAAGTGAG-1
GRCh38,GTCGCTTGTACCCCTG-1
GRCh38,GTCGCTTGTACTACCC-1
GRCh38,GTCGCTTGTATAGGGA-1
GRCh38,GTCGCTTGTCAGCATG-1
GRCh38,GTCGCTTGTCCAGGTA-1
GRCh38,GTCGCTTGTCTCGAAG-1
GRCh38,GTCGCTTGTGGAAATG-1
GRCh38,GTCGCTTGTGGGGCTT-1
GRCh38,GTCGCTTGTGTGTTCC-1
GRCh38,GTCGGAAAGAAATGGC-1
GRCh38,GTCGGAAAGACCCGCA-1
GRCh38,GTCGGAAAGACGCGAA-1
GRCh38,GTCGGAAAGAGAAGCT-1
GRCh38,GTCGGAAAGCACGTCG-1
GRCh38,GTCGGAAAGCCATCAA-1
GRCh38,GTCGGAAAGGCATGGA-1
GRCh38,GTCGGAAAGGTAGACG-1
GRCh38,GTCGGAAAGGTGCGAA-1
GRCh38,GTCGGAGCAAATTCCA-1
GRCh38,GTCGGAGCAACGGACG-1
GRCh38,GTCGGAGCAACGTAAG-1
GRCh38,GTCGGAGCAAGTCCGC-1
GRCh38,GTCGGAGCAATGTGTC-1
GRCh38,GTCGGAGCAATTCATG-1
GRCh38,GTCGGAGCACAATACC-1
GRCh38,GTCGGAGCACAGCTCA-1
GRCh38,GTCGGAGCACGCAGTC-1
GRCh38,GTCGGAGCAGCACACC-1
GRCh38,GTCGGAGCAGGACATA-1
GRCh38,GTCGGAGCAGGGTATA-1
GRCh38,GTCGGCGGTAGGAAAT-1
GRCh38,GTCGGCGGTATGCGCA-1
GRCh38,GTCGGCGGTCAAGGTT-1
GRCh38,GTCGGCGGTCACACCT-1
GRCh38,GTCGGCGGTCTGGTAG-1
GRCh38,GTCGGCGGTGCAATCG-1
GRCh38,GTCGGCGGTGGTCTCT-1
GRCh38,GTCGGGTGTAACGCTG-1
GRCh38,GTCGGGTGTCACTAGG-1
GRCh38,GTCGGGTGTCCAGCCC-1
GRCh38,GTCGGGTGTCCTTGCG-1
GRCh38,GTCGGGTGTCGATTGG-1
GRCh38,GTCGGGTGTGTCGTAG-1
GRCh38,GTCGGTCCAACCAGAA-1
GRCh38,GTCGGTCCAACGACCC-1
GRCh38,GTCGGTCCAATGAAAC-1
GRCh38,GTCGGTCCACATATGC-1
GRCh38,GTCGGTCCACGCACGT-1
GRCh38,GTCGGTCCACGGGGTA-1
GRCh38,GTCGGTCCACTCCACT-1
GRCh38,GTCGGTCCACTCGAGC-1
GRCh38,GTCGGTCCAGCGAAAC-1
GRCh38,GTCGGTCCAGCTAAGA-1
GRCh38,GTCGGTCCAGGGCTCT-1
GRCh38,GTCGGTTAGACCAGAG-1
GRCh38,GTCGGTTAGACCCGAT-1
GRCh38,GTCGGTTAGCGATTGC-1
GRCh38,GTCGGTTAGGCGCTTG-1
GRCh38,GTCGGTTAGGGCTTCG-1
GRCh38,GTCGTAATCACAGGTC-1
GRCh38,GTCGTAATCACCATTC-1
GRCh38,GTCGTAATCACTTCCG-1
GRCh38,GTCGTAATCATCCCGC-1
GRCh38,GTCGTAATCATCTTCA-1
GRCh38,GTCGTAATCCCTATAC-1
GRCh38,GTCGTAATCCGTAAAT-1
GRCh38,GTCGTAATCCGTACAA-1
GRCh38,GTCGTAATCCTAGCAA-1
GRCh38,GTCGTAATCCTCCTCT-1
GRCh38,GTCGTAATCCTGCATT-1
GRCh38,GTCGTAATCCTGCGTC-1
GRCh38,GTCGTAATCGCGCAAT-1
GRCh38,GTCGTAATCGCGTGCA-1
GRCh38,GTCGTAATCGGTCAGT-1
GRCh38,GTCGTAATCGGTTACA-1
GRCh38,GTCGTAATCGTAGCGT-1
GRCh38,GTCGTACAGAATCTGT-1
GRCh38,GTCGTACAGCCCATTT-1
GRCh38,GTCGTACAGGGCCATT-1
GRCh38,GTCGTACAGGTAACCC-1
GRCh38,GTCGTACAGGTAAGTA-1
GRCh38,GTCGTACAGGTAGAGT-1
GRCh38,GTCGTACAGGTCTCCC-1
GRCh38,GTCGTAGGTACGGGTC-1
GRCh38,GTCGTAGGTACGTGCA-1
GRCh38,GTCGTAGGTAGGGGCA-1
GRCh38,GTCGTAGGTCCTAGCT-1
GRCh38,GTCGTAGGTCTATCGC-1
GRCh38,GTCGTAGGTGCGCGAT-1
GRCh38,GTCGTAGGTGCGTCTT-1
GRCh38,GTCGTAGGTGGTAGCC-1
GRCh38,GTCGTAGGTGGTTGAT-1
GRCh38,GTCGTAGGTGTTCTCA-1
GRCh38,GTCGTCTGTATATGGC-1
GRCh38,GTCGTCTGTATCAGCG-1
GRCh38,GTCGTCTGTATCTGGG-1
GRCh38,GTCGTCTGTATGGCCA-1
GRCh38,GTCGTCTGTCATCGAG-1
GRCh38,GTCGTCTGTCTCTAAT-1
GRCh38,GTCGTCTGTGTTGTCC-1
GRCh38,GTCGTGAGTAGCCTTC-1
GRCh38,GTCGTGAGTGCCTGGG-1
GRCh38,GTCTAACCAAGTAAAC-1
GRCh38,GTCTAACCACACGCAC-1
GRCh38,GTCTAACCACATAGCT-1
GRCh38,GTCTAACCACATTTAG-1
GRCh38,GTCTAACCACCCAACA-1
GRCh38,GTCTAACCACCTCTTA-1
GRCh38,GTCTAACCACCTTACC-1
GRCh38,GTCTAACCACTATAGC-1
GRCh38,GTCTAACCACTATGAC-1
GRCh38,GTCTACAAGAACGTTT-1
GRCh38,GTCTACAAGATGATGA-1
GRCh38,GTCTACAAGATGGTTT-1
GRCh38,GTCTACAAGCGTGGAA-1
GRCh38,GTCTACAAGCTCGTGG-1
GRCh38,GTCTACAAGGCTAACC-1
GRCh38,GTCTAGCAGAAGTACA-1
GRCh38,GTCTAGCAGAGCAGAT-1
GRCh38,GTCTAGCAGAGGGGTC-1
GRCh38,GTCTAGCAGATCGGAG-1
GRCh38,GTCTAGCAGATTGCAT-1
GRCh38,GTCTAGCAGCCGCTAG-1
GRCh38,GTCTAGCAGCCTCGAG-1
GRCh38,GTCTAGCAGGGCCTTG-1
GRCh38,GTCTAGCAGGTCCAGT-1
GRCh38,GTCTAGGGTAAGGTAG-1
GRCh38,GTCTAGGGTAAGTGAG-1
GRCh38,GTCTAGGGTATAATCG-1
GRCh38,GTCTAGGGTATTATCC-1
GRCh38,GTCTAGGGTCCAGTAG-1
GRCh38,GTCTAGGGTCCAGTGA-1
GRCh38,GTCTAGGGTCGTGGGT-1
GRCh38,GTCTAGGGTCTGATAA-1
GRCh38,GTCTAGGGTGGAGCGA-1
GRCh38,GTCTAGGGTGTCTTCA-1
GRCh38,GTCTAGGGTGTTAGCG-1
GRCh38,GTCTATACAACATACC-1
GRCh38,GTCTATACAACATGGA-1
GRCh38,GTCTATACAATCAACC-1
GRCh38,GTCTATACACAGCTCA-1
GRCh38,GTCTATACACCGACTA-1
GRCh38,GTCTATACACGCAATT-1
GRCh38,GTCTATACAGCATGCC-1
GRCh38,GTCTATACAGTTAATT-1
GRCh38,GTCTATGAGAAACCAA-1
GRCh38,GTCTATGAGAAATTGG-1
GRCh38,GTCTATGAGAACCCAC-1
GRCh38,GTCTATGAGAGCGTAG-1
GRCh38,GTCTATGAGCACTGCG-1
GRCh38,GTCTATGAGCAGCCCA-1
GRCh38,GTCTATGAGCCATATG-1
GRCh38,GTCTATGAGCGCCCAA-1
GRCh38,GTCTATGAGCGTTAAT-1
GRCh38,GTCTATGAGGCAACGA-1
GRCh38,GTCTATGAGGGCGGAT-1
GRCh38,GTCTATGAGGTAGGAT-1
GRCh38,GTCTATTGTAGCGTCA-1
GRCh38,GTCTATTGTAGGCCCG-1
GRCh38,GTCTATTGTATCAGGT-1
GRCh38,GTCTATTGTCATAGTA-1
GRCh38,GTCTATTGTCGCTAAG-1
GRCh38,GTCTATTGTGGTTCAG-1
GRCh38,GTCTCATTCAGCCATA-1
GRCh38,GTCTCATTCCAACCTT-1
GRCh38,GTCTCATTCCGACCCT-1
GRCh38,GTCTCATTCCTAAGCA-1
GRCh38,GTCTCATTCGTGTCGG-1
GRCh38,GTCTCCATCAATCGGC-1
GRCh38,GTCTCCATCATAGCAT-1
GRCh38,GTCTCCATCCCAACTT-1
GRCh38,GTCTCCATCCGACGCA-1
GRCh38,GTCTCCATCCTTATCA-1
GRCh38,GTCTCCATCGTAACGC-1
GRCh38,GTCTCCATCGTTGCCC-1
GRCh38,GTCTCCCAGACTTGTG-1
GRCh38,GTCTCCCAGAGAAGCT-1
GRCh38,GTCTCCCAGAGGCCAA-1
GRCh38,GTCTCCCAGAGTGCGA-1
GRCh38,GTCTCCCAGATCTTCC-1
GRCh38,GTCTCCCAGATTGGTT-1
GRCh38,GTCTCCCAGCCGATTA-1
GRCh38,GTCTCCCAGCCTTGCC-1
GRCh38,GTCTCCCAGCGTTATG-1
GRCh38,GTCTCCCAGCTAACAT-1
GRCh38,GTCTCCCAGCTGCACG-1
GRCh38,GTCTCCCAGGGGGTTA-1
GRCh38,GTCTCCGGTACGTCTC-1
GRCh38,GTCTCCGGTACGTTCC-1
GRCh38,GTCTCCGGTAGGCGGA-1
GRCh38,GTCTCCGGTAGTGTAC-1
GRCh38,GTCTCCGGTATGCGGC-1
GRCh38,GTCTCCGGTCGTTAGG-1
GRCh38,GTCTCCGGTCTTGGAG-1
GRCh38,GTCTCCGGTGCATAGT-1
GRCh38,GTCTCCGGTGCCTGGG-1
GRCh38,GTCTCCGGTGTCGGGT-1
GRCh38,GTCTCGACAACCTCTC-1
GRCh38,GTCTCGACAAGCTGCC-1
GRCh38,GTCTCGACAAGTCGAA-1
GRCh38,GTCTCGACAATCTGAC-1
GRCh38,GTCTCGACAATGTGAG-1
GRCh38,GTCTCGACACCCTATC-1
GRCh38,GTCTCGACACCTCGAA-1
GRCh38,GTCTCGACACTATCTT-1
GRCh38,GTCTCGACAGCAGCGA-1
GRCh38,GTCTCGACAGCTAACT-1
GRCh38,GTCTCGACAGGACCGA-1
GRCh38,GTCTCGCTCCCAGCTC-1
GRCh38,GTCTCGCTCCCTTTCC-1
GRCh38,GTCTCGCTCGCGGTAT-1
GRCh38,GTCTCGCTCGTTGTCT-1
GRCh38,GTCTCTGTCAATACGT-1
GRCh38,GTCTCTGTCACCCGCT-1
GRCh38,GTCTCTGTCAGGAAAC-1
GRCh38,GTCTCTGTCATAGCAT-1
GRCh38,GTCTCTGTCCAATGTG-1
GRCh38,GTCTCTGTCCCTATTA-1
GRCh38,GTCTCTGTCCGGAAAG-1
GRCh38,GTCTCTGTCCTTCTAA-1
GRCh38,GTCTCTGTCGCCTGCT-1
GRCh38,GTCTCTGTCGCTCTAT-1
GRCh38,GTCTCTGTCGGATTGC-1
GRCh38,GTCTGAGGTAAAGCTC-1
GRCh38,GTCTGAGGTAAATGGG-1
GRCh38,GTCTGAGGTACGGTTG-1
GRCh38,GTCTGAGGTACTCCCG-1
GRCh38,GTCTGAGGTATGAAGG-1
GRCh38,GTCTGAGGTCAGCCCC-1
GRCh38,GTCTGAGGTCATGCAG-1
GRCh38,GTCTGAGGTCCAGAAT-1
GRCh38,GTCTGAGGTCTTAGCC-1
GRCh38,GTCTGAGGTGGAGTGG-1
GRCh38,GTCTGAGGTGTATGCG-1
GRCh38,GTCTGAGGTGTCCGCC-1
GRCh38,GTCTGCACAAACATAA-1
GRCh38,GTCTGCACAAACGTTC-1
GRCh38,GTCTGCACAAATCGAG-1
GRCh38,GTCTGCACAAGGCTCC-1
GRCh38,GTCTGCACAATAATTC-1
GRCh38,GTCTGCACAATGATCC-1
GRCh38,GTCTGCACACCAAGCC-1
GRCh38,GTCTGCACACGTCAGC-1
GRCh38,GTCTGCACACTATGGT-1
GRCh38,GTCTGCACAGCTACGC-1
GRCh38,GTCTGCACAGGCGTTC-1
GRCh38,GTCTGCACAGGGTCAG-1
GRCh38,GTCTGCACAGTTAACC-1
GRCh38,GTCTGCGAGACCTGTA-1
GRCh38,GTCTGCGAGACTGCGT-1
GRCh38,GTCTGCGAGAGGGTGC-1
GRCh38,GTCTGCGAGATATTGC-1
GRCh38,GTCTGCGAGATGTTCG-1
GRCh38,GTCTGCGAGCACCATA-1
GRCh38,GTCTGCGAGCCGTTGG-1
GRCh38,GTCTGCGAGCTAAATC-1
GRCh38,GTCTGCGAGCTGACGT-1
GRCh38,GTCTGCGAGGCCATTA-1
GRCh38,GTCTGCGAGGCGTCAT-1
GRCh38,GTCTGCGAGGGACTGA-1
GRCh38,GTCTGCGAGGTCTCCC-1
GRCh38,GTCTGGTAGAAATCAG-1
GRCh38,GTCTGGTAGAGGGTGC-1
GRCh38,GTCTGGTAGAGTGTAA-1
GRCh38,GTCTGGTAGCAAGACG-1
GRCh38,GTCTGGTAGCACTGCG-1
GRCh38,GTCTGGTAGCCCTGGA-1
GRCh38,GTCTGGTAGCCGTAAC-1
GRCh38,GTCTGGTAGCCTAGAC-1
GRCh38,GTCTGGTAGCGCAGTT-1
GRCh38,GTCTGGTAGCGTGGTT-1
GRCh38,GTCTGGTAGGCAAGCA-1
GRCh38,GTCTGGTAGGCGCTCA-1
GRCh38,GTCTGGTAGGGGCTAA-1
GRCh38,GTCTGGTAGGTTATGT-1
GRCh38,GTCTGGTAGGTTCAGC-1
GRCh38,GTCTGTAAGCCTCTTG-1
GRCh38,GTCTGTAAGCGCGATT-1
GRCh38,GTCTGTAAGCTATCAG-1
GRCh38,GTCTGTAAGGCGGGAT-1
GRCh38,GTCTGTAAGGTGCCAT-1
GRCh38,GTCTGTAAGGTGCTAC-1
GRCh38,GTCTTAACACATTCGG-1
GRCh38,GTCTTAACACCAATTA-1
GRCh38,GTCTTAACACTATAAT-1
GRCh38,GTCTTAACACTATACA-1
GRCh38,GTCTTAACACTCGACA-1
GRCh38,GTCTTAACACTTAAAT-1
GRCh38,GTCTTAACAGCGTGTC-1
GRCh38,GTCTTAACAGGTAGCG-1
GRCh38,GTCTTACTCATAACAC-1
GRCh38,GTCTTACTCATGGCAC-1
GRCh38,GTCTTACTCCACAAGC-1
GRCh38,GTCTTACTCCCCACGT-1
GRCh38,GTCTTATGTACTCCCG-1
GRCh38,GTCTTATGTATTGCTT-1
GRCh38,GTCTTATGTCACGCTT-1
GRCh38,GTCTTATGTCAGGTGC-1
GRCh38,GTCTTATGTCCAACAG-1
GRCh38,GTCTTATGTCGAGCGT-1
GRCh38,GTCTTATGTCGGTGTA-1
GRCh38,GTCTTATGTCGTTCGT-1
GRCh38,GTCTTATGTCTTGTAT-1
GRCh38,GTCTTATGTGCCCCTA-1
GRCh38,GTCTTATGTGCTACAG-1
GRCh38,GTCTTATGTGCTTGCT-1
GRCh38,GTCTTATGTGTCGATG-1
GRCh38,GTCTTATGTGTGTCTC-1
GRCh38,GTCTTCAGTAACCCGA-1
GRCh38,GTCTTCAGTAACCGCA-1
GRCh38,GTCTTCAGTACTCGCT-1
GRCh38,GTCTTCAGTATCACGG-1
GRCh38,GTCTTCAGTCGTACCT-1
GRCh38,GTCTTCAGTCTACTGC-1
GRCh38,GTCTTCAGTGCCATTC-1
GRCh38,GTCTTCAGTGCGCTCC-1
GRCh38,GTCTTCCCAACACGGG-1
GRCh38,GTCTTCCCAACTGAAG-1
GRCh38,GTCTTCCCAAGGAGGA-1
GRCh38,GTCTTCCCAATCTTAG-1
GRCh38,GTCTTCCCAATGGCCC-1
GRCh38,GTCTTCCCACAATTAT-1
GRCh38,GTCTTCCCACACTCAG-1
GRCh38,GTCTTCCCACTCGGTA-1
GRCh38,GTCTTCCCAGCAACGG-1
GRCh38,GTCTTCCCAGCATTCG-1
GRCh38,GTCTTCCCAGCCCTAA-1
GRCh38,GTCTTCGTCAAGCCAC-1
GRCh38,GTCTTCGTCAATTCGG-1
GRCh38,GTCTTCGTCACCCGCT-1
GRCh38,GTCTTCGTCAGTTATA-1
GRCh38,GTCTTCGTCCCTTAGT-1
GRCh38,GTCTTCGTCCGCAGCA-1
GRCh38,GTCTTCGTCCGTTTCG-1
GRCh38,GTCTTCGTCCTCCAAT-1
GRCh38,GTCTTCGTCGGCTTAA-1
GRCh38,GTCTTCGTCGGTCAAC-1
GRCh38,GTCTTCGTCGGTGGTT-1
GRCh38,GTGAAAGGTAACGCAT-1
GRCh38,GTGAAAGGTACATTCT-1
GRCh38,GTGAAAGGTAGCCCTT-1
GRCh38,GTGAAAGGTAGGGGCA-1
GRCh38,GTGAAAGGTATCTCAT-1
GRCh38,GTGAAAGGTATGGTCG-1
GRCh38,GTGAAAGGTCATAGCG-1
GRCh38,GTGAAAGGTCTCATTG-1
GRCh38,GTGAAAGGTGCACAGC-1
GRCh38,GTGAAAGGTGGACGCT-1
GRCh38,GTGAAAGGTGGTAGGG-1
GRCh38,GTGAAAGGTGTTCGTC-1
GRCh38,GTGAAATCAAGCCATT-1
GRCh38,GTGAAATCAAGGTTCT-1
GRCh38,GTGAAATCAATGCCGC-1
GRCh38,GTGAAATCAATGCTTA-1
GRCh38,GTGAAATCACCACTCT-1
GRCh38,GTGAAATCACCTAAAC-1
GRCh38,GTGAAATCAGCAACGG-1
GRCh38,GTGAAATCAGCATCCA-1
GRCh38,GTGAACCTCACAGGCT-1
GRCh38,GTGAACCTCACCAAAT-1
GRCh38,GTGAACCTCAGCGTGT-1
GRCh38,GTGAACCTCATCAATA-1
GRCh38,GTGAACCTCATCATCC-1
GRCh38,GTGAACCTCCCGACTC-1
GRCh38,GTGAACCTCCGAACAC-1
GRCh38,GTGAACCTCCTATCAC-1
GRCh38,GTGAACCTCGCATAGC-1
GRCh38,GTGAAGCCAAACCCAT-1
GRCh38,GTGAAGCCAAACTCCG-1
GRCh38,GTGAAGCCAAAGCTCT-1
GRCh38,GTGAAGCCAACGCGCT-1
GRCh38,GTGAAGCCAATACACC-1
GRCh38,GTGAAGCCACAAGACA-1
GRCh38,GTGAAGCCACATATGC-1
GRCh38,GTGAAGCCACCGACAC-1
GRCh38,GTGAAGCCACCTACGA-1
GRCh38,GTGAAGCCACTAAAGG-1
GRCh38,GTGAAGCCACTCCACT-1
GRCh38,GTGAAGCCAGCTATCG-1
GRCh38,GTGAAGCCAGTCGGAG-1
GRCh38,GTGAAGCCAGTGCGTC-1
GRCh38,GTGACCCCAAAGTCTC-1
GRCh38,GTGACCCCAAGACGTA-1
GRCh38,GTGACCCCAAGGTTCT-1
GRCh38,GTGACCCCAATTAAGA-1
GRCh38,GTGACCCCACAACTTA-1
GRCh38,GTGACCCCAGGCTCTA-1
GRCh38,GTGACGTTCACACGGT-1
GRCh38,GTGACGTTCCTCAGCC-1
GRCh38,GTGACGTTCGGTCCTC-1
GRCh38,GTGACGTTCGTAGCAC-1
GRCh38,GTGACTATCAAGCCGT-1
GRCh38,GTGACTATCAGGACTC-1
GRCh38,GTGACTATCCATTGTC-1
GRCh38,GTGACTATCCCAAAGC-1
GRCh38,GTGACTATCCCTAACT-1
GRCh38,GTGACTATCCGATCGG-1
GRCh38,GTGACTATCCTAGTCT-1
GRCh38,GTGACTATCCTTCGCA-1
GRCh38,GTGACTATCGGGCTTG-1
GRCh38,GTGACTATCGTCTTAC-1
GRCh38,GTGAGATAGAATCTGT-1
GRCh38,GTGAGATAGACCCAAC-1
GRCh38,GTGAGATAGCACGGTT-1
GRCh38,GTGAGATAGCGATTGC-1
GRCh38,GTGAGATAGCTGACCG-1
GRCh38,GTGAGATAGGTTCTAG-1
GRCh38,GTGAGCGCAAACCAGA-1
GRCh38,GTGAGCGCAACTTACA-1
GRCh38,GTGAGCGCAAGGTTAG-1
GRCh38,GTGAGCGCAATGGCGG-1
GRCh38,GTGAGCGCAATTCATG-1
GRCh38,GTGAGCGCACAGCGTC-1
GRCh38,GTGAGCGCACTTCTCA-1
GRCh38,GTGAGCGCAGCTATTA-1
GRCh38,GTGAGCGCAGGTCATT-1
GRCh38,GTGAGCTTCATGCAGC-1
GRCh38,GTGAGCTTCCATCGTT-1
GRCh38,GTGAGCTTCCGCCGTT-1
GRCh38,GTGAGCTTCCGTGAGT-1
GRCh38,GTGAGCTTCGCATGGT-1
GRCh38,GTGAGGTCAAAAGGAA-1
GRCh38,GTGAGGTCAAACATGG-1
GRCh38,GTGAGGTCAAGCCGTC-1
GRCh38,GTGAGGTCAATGACAG-1
GRCh38,GTGAGGTCAATTCGAC-1
GRCh38,GTGAGGTCAATTCGTA-1
GRCh38,GTGAGGTCACAGGTAA-1
GRCh38,GTGAGGTCACCTTCCG-1
GRCh38,GTGAGGTCACGGAAAC-1
GRCh38,GTGAGGTCAGGACCTC-1
GRCh38,GTGAGGTCAGTAATCC-1
GRCh38,GTGAGGTCAGTCAACT-1
GRCh38,GTGAGTGAGAAACGGT-1
GRCh38,GTGAGTGAGATTACGT-1
GRCh38,GTGAGTGAGCAATTCG-1
GRCh38,GTGAGTGAGCAGGGGT-1
GRCh38,GTGAGTGAGCTAGCTA-1
GRCh38,GTGAGTGAGGCGTGTT-1
GRCh38,GTGAGTTGTATCAGCG-1
GRCh38,GTGAGTTGTCACTATT-1
GRCh38,GTGAGTTGTCATTCCA-1
GRCh38,GTGAGTTGTGTAATTG-1
GRCh38,GTGAGTTGTGTTAATG-1
GRCh38,GTGATAGCAAGCAAAT-1
GRCh38,GTGATAGCAAGTTGAG-1
GRCh38,GTGATAGCAATCAGTC-1
GRCh38,GTGATAGCAATCGTCG-1
GRCh38,GTGATAGCACCAGATT-1
GRCh38,GTGATAGCACCTCACT-1
GRCh38,GTGATAGCACTCGCAA-1
GRCh38,GTGATAGCACTGCTTC-1
GRCh38,GTGATAGCAGCGGTAG-1
GRCh38,GTGATAGCAGTTCTCC-1
GRCh38,GTGATATTCAAGTCGC-1
GRCh38,GTGATATTCAATCTCC-1
GRCh38,GTGATATTCACATTAA-1
GRCh38,GTGATATTCACTTGTC-1
GRCh38,GTGATATTCCAGTAGC-1
GRCh38,GTGATATTCCCCAATT-1
GRCh38,GTGATATTCCGAATCA-1
GRCh38,GTGATATTCCGCTTCA-1
GRCh38,GTGATATTCCTACATC-1
GRCh38,GTGATATTCGCCCTAC-1
GRCh38,GTGATATTCGGTGCAT-1
GRCh38,GTGATATTCGTGGCCA-1
GRCh38,GTGATTCCAAGGTAAT-1
GRCh38,GTGATTCCAATGCTCG-1
GRCh38,GTGATTCCACAACTCG-1
GRCh38,GTGATTCCACCCTAGA-1
GRCh38,GTGATTCCACGTGCTA-1
GRCh38,GTGATTCCACTCGACA-1
GRCh38,GTGATTCCACTCGCAA-1
GRCh38,GTGATTCCACTTCTAT-1
GRCh38,GTGATTTAGAATATCC-1
GRCh38,GTGATTTAGACCTATG-1
GRCh38,GTGATTTAGCACTTAG-1
GRCh38,GTGATTTAGCCAATAT-1
GRCh38,GTGATTTAGCCTGCAG-1
GRCh38,GTGATTTAGCGGCTTG-1
GRCh38,GTGATTTAGGCAATTT-1
GRCh38,GTGATTTAGGGTTCCG-1
GRCh38,GTGCAACTCAAGGGCA-1
GRCh38,GTGCAACTCACACAAT-1
GRCh38,GTGCAACTCAGGAAAC-1
GRCh38,GTGCAACTCAGGTTCA-1
GRCh38,GTGCAACTCATATGGT-1
GRCh38,GTGCAACTCCTCATTA-1
GRCh38,GTGCAACTCGCAAGTC-1
GRCh38,GTGCAACTCGGTGGTT-1
GRCh38,GTGCAATGTAACCGGC-1
GRCh38,GTGCAATGTACTATGA-1
GRCh38,GTGCAATGTAGCTGGC-1
GRCh38,GTGCAATGTAGTCGCA-1
GRCh38,GTGCAATGTCACCGTT-1
GRCh38,GTGCAATGTCACGCGG-1
GRCh38,GTGCAATGTCTAACTT-1
GRCh38,GTGCAATGTGCGTATG-1
GRCh38,GTGCACCCAAAACGGC-1
GRCh38,GTGCACCCAAATGCGA-1
GRCh38,GTGCACCCACCCTAGA-1
GRCh38,GTGCACCCACCTACTC-1
GRCh38,GTGCAGGCAAGTATCC-1
GRCh38,GTGCAGGCAAGTGCAA-1
GRCh38,GTGCAGGCAATACCCG-1
GRCh38,GTGCAGGCACAAGTCT-1
GRCh38,GTGCAGGCACATATCA-1
GRCh38,GTGCAGGCACTAGAAG-1
GRCh38,GTGCAGGCACTCTCCG-1
GRCh38,GTGCAGGCACTGGCAC-1
GRCh38,GTGCAGGCACTTAGTA-1
GRCh38,GTGCAGGCACTTATCT-1
GRCh38,GTGCAGGCAGGTCGTC-1
GRCh38,GTGCAGGCAGGTTCAT-1
GRCh38,GTGCAGGCAGTGCACC-1
GRCh38,GTGCAGTTCAACAGGG-1
GRCh38,GTGCAGTTCAAGCGTC-1
GRCh38,GTGCAGTTCACAATTA-1
GRCh38,GTGCAGTTCAGGTTCA-1
GRCh38,GTGCAGTTCCATAGGC-1
GRCh38,GTGCAGTTCCTCTGCA-1
GRCh38,GTGCAGTTCGGGTTCG-1
GRCh38,GTGCATATCACCCCTA-1
GRCh38,GTGCATATCACCCGCT-1
GRCh38,GTGCATATCACTCACT-1
GRCh38,GTGCATATCATTAACA-1
GRCh38,GTGCATATCCACCCGT-1
GRCh38,GTGCATATCCAGTACA-1
GRCh38,GTGCATATCCCGGGTA-1
GRCh38,GTGCATATCCCTGTCA-1
GRCh38,GTGCATATCGCCATAA-1
GRCh38,GTGCATATCGGCTTGG-1
GRCh38,GTGCATATCGTGGTTA-1
GRCh38,GTGCATGGTAACCGGC-1
GRCh38,GTGCATGGTAACGAAG-1
GRCh38,GTGCATGGTAGGCCCG-1
GRCh38,GTGCATGGTCAGCCTT-1
GRCh38,GTGCATGGTGGCTTAG-1
GRCh38,GTGCATGGTGGGATGG-1
GRCh38,GTGCATGGTGTCCCTG-1
GRCh38,GTGCATGGTGTGAGTT-1
GRCh38,GTGCATTCAAAACTAA-1
GRCh38,GTGCATTCAAAATTTC-1
GRCh38,GTGCATTCAAGTGCAA-1
GRCh38,GTGCATTCAATTACGC-1
GRCh38,GTGCATTCACGCCTAA-1
GRCh38,GTGCATTCAGCATGGG-1
GRCh38,GTGCATTCAGGCACTC-1
GRCh38,GTGCCATAGAAAGGTC-1
GRCh38,GTGCCATAGAACGGCA-1
GRCh38,GTGCCATAGACTTTCC-1
GRCh38,GTGCCATAGCACTATG-1
GRCh38,GTGCCATAGCCTGCGA-1
GRCh38,GTGCCATAGGGAGATT-1
GRCh38,GTGCCATAGGGCTAGA-1
GRCh38,GTGCCATAGGGTAGGC-1
GRCh38,GTGCCATAGGTTAGTT-1
GRCh38,GTGCCCAAGAAAGCCG-1
GRCh38,GTGCCCAAGACATGAA-1
GRCh38,GTGCCCAAGAGTCTTG-1
GRCh38,GTGCCCAAGCACCCAG-1
GRCh38,GTGCCCAAGCGGATAG-1
GRCh38,GTGCCCAAGCTCAGTA-1
GRCh38,GTGCCCAAGCTCGGCA-1
GRCh38,GTGCCCCGTACTTCGC-1
GRCh38,GTGCCCCGTAGTCCAG-1
GRCh38,GTGCCCCGTCACGCCC-1
GRCh38,GTGCCCCGTCATTGGG-1
GRCh38,GTGCCCCGTCCTAGCT-1
GRCh38,GTGCCCCGTCCTCTGG-1
GRCh38,GTGCCCCGTCGCATTC-1
GRCh38,GTGCCCCGTCTACTAT-1
GRCh38,GTGCCCCGTCTAGCAG-1
GRCh38,GTGCCCCGTGCAATCG-1
GRCh38,GTGCCCCGTGTGGGCT-1
GRCh38,GTGCCCCGTGTTGCGA-1
GRCh38,GTGCCGGGTAATGTCA-1
GRCh38,GTGCCGGGTACATCCC-1
GRCh38,GTGCCGGGTATGCAGT-1
GRCh38,GTGCCGGGTATTATGG-1
GRCh38,GTGCCGGGTCCAGTAG-1
GRCh38,GTGCCGGGTCCTAGAG-1
GRCh38,GTGCCGGGTCGCATTC-1
GRCh38,GTGCCGGGTCGTTCGT-1
GRCh38,GTGCCGGGTCTTGATT-1
GRCh38,GTGCCGGGTGGCGGTT-1
GRCh38,GTGCCGGGTGGCTATG-1
GRCh38,GTGCCGGGTGGGAGTG-1
GRCh38,GTGCCGGGTGTAGAAG-1
GRCh38,GTGCCGGGTGTTGTAA-1
GRCh38,GTGCCTTGTAAGGTAG-1
GRCh38,GTGCCTTGTATACAGC-1
GRCh38,GTGCCTTGTATGCCGA-1
GRCh38,GTGCCTTGTCGTACCT-1
GRCh38,GTGCGAAAGAAGGGCC-1
GRCh38,GTGCGAAAGAGGTTAA-1
GRCh38,GTGCGAAAGAGTACGG-1
GRCh38,GTGCGAAAGCATGTAT-1
GRCh38,GTGCGAAAGCATGTTG-1
GRCh38,GTGCGAAAGCCTAGTA-1
GRCh38,GTGCGAAAGCGTAGCT-1
GRCh38,GTGCGAAAGCGTGTCG-1
GRCh38,GTGCGAAAGCTGCACG-1
GRCh38,GTGCGAAAGGGAGAGG-1
GRCh38,GTGCGAAAGGGCGAAC-1
GRCh38,GTGCGAAAGGGTTTCA-1
GRCh38,GTGCGAAAGGTTATGT-1
GRCh38,GTGCGAGCAAGTCGGG-1
GRCh38,GTGCGAGCAAGTGGCG-1
GRCh38,GTGCGAGCAATAACCC-1
GRCh38,GTGCGAGCACGTCAGC-1
GRCh38,GTGCGAGCAGTACTCG-1
GRCh38,GTGCGAGCAGTTGAGA-1
GRCh38,GTGCGCATCAAATGCT-1
GRCh38,GTGCGCATCAATCGGC-1
GRCh38,GTGCGCATCACTTCCG-1
GRCh38,GTGCGCATCAGACAGG-1
GRCh38,GTGCGCATCAGGGACA-1
GRCh38,GTGCGCATCAGTACTG-1
GRCh38,GTGCGCATCATACCCT-1
GRCh38,GTGCGCATCATGTCCT-1
GRCh38,GTGCGCATCGCACGTG-1
GRCh38,GTGCGCATCGCTCCGT-1
GRCh38,GTGCGCATCGTAAATC-1
GRCh38,GTGCGCGGTAATGGTC-1
GRCh38,GTGCGCGGTACAGGCC-1
GRCh38,GTGCGCGGTACCTAGG-1
GRCh38,GTGCGCGGTATATTCC-1
GRCh38,GTGCGCGGTATCCGCT-1
GRCh38,GTGCGCGGTCCAGTTC-1
GRCh38,GTGCGCGGTCTATCGC-1
GRCh38,GTGCGCGGTGGTAGCC-1
GRCh38,GTGCGCGGTGTGAGTT-1
GRCh38,GTGCGGACAAATACAA-1
GRCh38,GTGCGGACAAATACCC-1
GRCh38,GTGCGGACAATGCATC-1
GRCh38,GTGCGGACAATGTGAG-1
GRCh38,GTGCGGACACTCGGTA-1
GRCh38,GTGCGGACAGTAACCT-1
GRCh38,GTGCGGACAGTGGACG-1
GRCh38,GTGCGGTGTACAATTG-1
GRCh38,GTGCGGTGTATTATGG-1
GRCh38,GTGCGGTGTCGACGGT-1
GRCh38,GTGCGGTGTCGCTGCC-1
GRCh38,GTGCGGTGTGTAGCGC-1
GRCh38,GTGCGGTGTGTAGGTT-1
GRCh38,GTGCGGTGTGTATCGG-1
GRCh38,GTGCGTAGTATGTTAG-1
GRCh38,GTGCGTAGTGCGCCTC-1
GRCh38,GTGCGTAGTGTTCGAG-1
GRCh38,GTGCGTCCAAGGGGAA-1
GRCh38,GTGCGTCCAATAGCGA-1
GRCh38,GTGCGTCCAATGCGGG-1
GRCh38,GTGCGTCCACAAGGGT-1
GRCh38,GTGCGTCCACACGCAC-1
GRCh38,GTGCGTCCACAGCATT-1
GRCh38,GTGCGTCCACATTCCC-1
GRCh38,GTGCGTCCACTATAAT-1
GRCh38,GTGCGTCCACTTAAGC-1
GRCh38,GTGCGTCCAGCGAAAC-1
GRCh38,GTGCGTCCAGCGGACA-1
GRCh38,GTGCGTCCAGTTGATC-1
GRCh38,GTGCGTGTCACAGATT-1
GRCh38,GTGCGTGTCAGACATT-1
GRCh38,GTGCGTGTCAGGTGTC-1
GRCh38,GTGCGTGTCCCAGCCT-1
GRCh38,GTGCGTGTCCTTCATA-1
GRCh38,GTGCGTGTCGCGGATT-1
GRCh38,GTGCGTGTCGCTTATC-1
GRCh38,GTGCGTGTCGGTTCGG-1
GRCh38,GTGCGTTAGAACCCGT-1
GRCh38,GTGCGTTAGACCCGTG-1
GRCh38,GTGCGTTAGCCGCAAT-1
GRCh38,GTGCGTTAGCCGTATA-1
GRCh38,GTGCGTTAGCTGATAT-1
GRCh38,GTGCTAATCACATCTC-1
GRCh38,GTGCTAATCACCTCAT-1
GRCh38,GTGCTAATCAGGCCAT-1
GRCh38,GTGCTAATCAGTTTAA-1
GRCh38,GTGCTAATCATGAATC-1
GRCh38,GTGCTAATCCAGCTCC-1
GRCh38,GTGCTAATCCCTTTCC-1
GRCh38,GTGCTAATCCGACGCA-1
GRCh38,GTGCTAATCCGAGCAT-1
GRCh38,GTGCTAATCCTCACGC-1
GRCh38,GTGCTAATCCTGGTCC-1
GRCh38,GTGCTAATCGCAAGTC-1
GRCh38,GTGCTAATCGCCACTC-1
GRCh38,GTGCTACAGAACTCAT-1
GRCh38,GTGCTACAGAGGAGCC-1
GRCh38,GTGCTACAGCCAAATT-1
GRCh38,GTGCTACAGCCGATAC-1
GRCh38,GTGCTACAGCTAATAC-1
GRCh38,GTGCTACAGGCCCCAA-1
GRCh38,GTGCTACAGGTCTATG-1
GRCh38,GTGCTCACAACGTGGG-1
GRCh38,GTGCTCACAAGTCGCC-1
GRCh38,GTGCTCACAATGGTAG-1
GRCh38,GTGCTCACACCACTGA-1
GRCh38,GTGCTCACACCCTTTA-1
GRCh38,GTGCTCACACGAGTAA-1
GRCh38,GTGCTCACACGATGTT-1
GRCh38,GTGCTCACACGCATCA-1
GRCh38,GTGCTCACACGTCTAG-1
GRCh38,GTGCTCACACTCACTC-1
GRCh38,GTGCTCACACTGTAAC-1
GRCh38,GTGCTCACACTTCTAT-1
GRCh38,GTGCTCCTCAATGTAC-1
GRCh38,GTGCTCCTCATCCCAT-1
GRCh38,GTGCTCCTCCAGTCAA-1
GRCh38,GTGCTCCTCCCGTAAA-1
GRCh38,GTGCTCCTCCCTAAAG-1
GRCh38,GTGCTCCTCCCTTAAC-1
GRCh38,GTGCTCCTCCCTTTCC-1
GRCh38,GTGCTCCTCCTCCAAT-1
GRCh38,GTGCTCCTCGTGGCAT-1
GRCh38,GTGCTGTAGAACTTCG-1
GRCh38,GTGCTGTAGACCCCAG-1
GRCh38,GTGCTGTAGAGGCTGA-1
GRCh38,GTGCTGTAGAGTGCAG-1
GRCh38,GTGCTGTAGATCGGTC-1
GRCh38,GTGCTGTAGATGGGCA-1
GRCh38,GTGCTGTAGCCTCATT-1
GRCh38,GTGCTGTAGCGTTGCG-1
GRCh38,GTGCTGTAGCTTAAGT-1
GRCh38,GTGCTGTAGGCTCAAC-1
GRCh38,GTGCTGTAGGGGACGT-1
GRCh38,GTGCTGTAGGTAAGAC-1
GRCh38,GTGCTGTAGGTAGGGC-1
GRCh38,GTGCTGTAGGTTGTGC-1
GRCh38,GTGGACGCAAATTAAG-1
GRCh38,GTGGACGCAAGAGGTC-1
GRCh38,GTGGACGCAATCATCA-1
GRCh38,GTGGACGCAATCGTCG-1
GRCh38,GTGGACGCACCCAACA-1
GRCh38,GTGGACGCACCGGACT-1
GRCh38,GTGGACGCACCTGCAA-1
GRCh38,GTGGACGCACGGGTCT-1
GRCh38,GTGGACGCAGCAACCC-1
GRCh38,GTGGACGCAGCAATCT-1
GRCh38,GTGGACGCAGCGCATC-1
GRCh38,GTGGACGCAGGCGACA-1
GRCh38,GTGGACGCAGGTATTC-1
GRCh38,GTGGACGCAGTAGGGT-1
GRCh38,GTGGATTGTAAGGTAG-1
GRCh38,GTGGATTGTACGCGCG-1
GRCh38,GTGGATTGTACTTTCG-1
GRCh38,GTGGATTGTAGTCCGA-1
GRCh38,GTGGATTGTATAGGCT-1
GRCh38,GTGGATTGTCACGTTC-1
GRCh38,GTGGATTGTCAGCAAT-1
GRCh38,GTGGATTGTCTAATTC-1
GRCh38,GTGGATTGTCTACTGC-1
GRCh38,GTGGATTGTGTCGATG-1
GRCh38,GTGGCAGCAAGAATAC-1
GRCh38,GTGGCAGCAAGGAATT-1
GRCh38,GTGGCAGCAGCGACCT-1
GRCh38,GTGGCAGCAGCTACAT-1
GRCh38,GTGGCAGCAGGCGACA-1
GRCh38,GTGGCAGCAGGTAACA-1
GRCh38,GTGGCATTCAGTTTGG-1
GRCh38,GTGGCATTCCAACTTC-1
GRCh38,GTGGCATTCCCTTAAC-1
GRCh38,GTGGCATTCCGTATCT-1
GRCh38,GTGGCCATCACCCATT-1
GRCh38,GTGGCCATCAGACATT-1
GRCh38,GTGGCCATCATTGGGC-1
GRCh38,GTGGCCATCCATATGG-1
GRCh38,GTGGCCATCCGCAGCA-1
GRCh38,GTGGCCATCCGGGCTA-1
GRCh38,GTGGCCATCCGTAAAT-1
GRCh38,GTGGCCATCCGTCGCT-1
GRCh38,GTGGCCATCCTCTGGC-1
GRCh38,GTGGCCATCGCGCATG-1
GRCh38,GTGGCCATCGGCGAAA-1
GRCh38,GTGGCCATCGGCGTTG-1
GRCh38,GTGGCCATCGTCGCTC-1
GRCh38,GTGGCCGGTAAACCGT-1
GRCh38,GTGGCCGGTAAAGTGG-1
GRCh38,GTGGCCGGTATATGGC-1
GRCh38,GTGGCCGGTCAACGTG-1
GRCh38,GTGGCCGGTCAATATG-1
GRCh38,GTGGCCGGTGCCTATC-1
GRCh38,GTGGCCGGTGGCCCCT-1
GRCh38,GTGGCGACAAAACTAA-1
GRCh38,GTGGCGACAACAGTCT-1
GRCh38,GTGGCGACAACGCGTC-1
GRCh38,GTGGCGACAACTCGGC-1
GRCh38,GTGGCGACACAAATGG-1
GRCh38,GTGGCGACACACAAGA-1
GRCh38,GTGGCGACACACTCAG-1
GRCh38,GTGGCGACACCCTATC-1
GRCh38,GTGGCGACACCTAGAT-1
GRCh38,GTGGCGACACTCACGA-1
GRCh38,GTGGCGACAGCAACCC-1
GRCh38,GTGGCGACAGCATCCA-1
GRCh38,GTGGCGACAGCATGAA-1
GRCh38,GTGGCGACAGCGTATT-1
GRCh38,GTGGCGACAGGATAGC-1
GRCh38,GTGGCGACAGTCAAGA-1
GRCh38,GTGGCGACAGTCCATG-1
GRCh38,GTGGCGTGTACGTTCC-1
GRCh38,GTGGCGTGTCGAGTCA-1
GRCh38,GTGGCGTGTCGTCGGG-1
GRCh38,GTGGCGTGTGGCGAGA-1
GRCh38,GTGGGATCAAAAGTTA-1
GRCh38,GTGGGATCAAACTCAC-1
GRCh38,GTGGGATCAACGCGAG-1
GRCh38,GTGGGATCAAGTCTTA-1
GRCh38,GTGGGATCAAGTTACC-1
GRCh38,GTGGGATCACAATTAT-1
GRCh38,GTGGGATCACTAAGGA-1
GRCh38,GTGGGATCACTCCACT-1
GRCh38,GTGGGATCAGCATGAA-1
GRCh38,GTGGGATCAGCATTTA-1
GRCh38,GTGGGATCAGCGACCT-1
GRCh38,GTGGGATCAGGAATAT-1
GRCh38,GTGGGATCAGGTTTCG-1
GRCh38,GTGGGCTGTAGCCAGC-1
GRCh38,GTGGGCTGTATCGCGA-1
GRCh38,GTGGGCTGTATGATGC-1
GRCh38,GTGGGCTGTATGGTCG-1
GRCh38,GTGGGCTGTCACCGCC-1
GRCh38,GTGGGCTGTCACCGTT-1
GRCh38,GTGGGCTGTCATTAAG-1
GRCh38,GTGGGCTGTCCAAGAT-1
GRCh38,GTGGGCTGTCGCTTGT-1
GRCh38,GTGGGCTGTCTTCTAG-1
GRCh38,GTGGGCTGTGCCTTCG-1
GRCh38,GTGGGCTGTGCTATCC-1
GRCh38,GTGGGCTGTGTCCCAT-1
GRCh38,GTGGGTAAGAATCTGT-1
GRCh38,GTGGGTAAGACCTGCG-1
GRCh38,GTGGGTAAGCCTTATC-1
GRCh38,GTGGGTAAGCTACTTC-1
GRCh38,GTGGGTAAGCTTGAAT-1
GRCh38,GTGGGTAAGGGTTGTC-1
GRCh38,GTGGGTTTCAATCGTG-1
GRCh38,GTGGGTTTCACGCGTG-1
GRCh38,GTGGGTTTCAGTGCTA-1
GRCh38,GTGGGTTTCCAGCCCT-1
GRCh38,GTGGGTTTCCATAACG-1
GRCh38,GTGGGTTTCCCAAAGC-1
GRCh38,GTGGGTTTCCCGCTGT-1
GRCh38,GTGGGTTTCCCTTAGT-1
GRCh38,GTGGGTTTCCTCGAAA-1
GRCh38,GTGGGTTTCGCTTATC-1
GRCh38,GTGGGTTTCGGCGTTG-1
GRCh38,GTGGGTTTCGTAATTA-1
GRCh38,GTGGGTTTCGTTCACT-1
GRCh38,GTGGTAACAATCCTAA-1
GRCh38,GTGGTAACAATGTGTC-1
GRCh38,GTGGTAACAATTCGAC-1
GRCh38,GTGGTAACACAACATC-1
GRCh38,GTGGTAACACCAGCTA-1
GRCh38,GTGGTAACACTAAGTC-1
GRCh38,GTGGTAACACTGGCAC-1
GRCh38,GTGGTAACACTTAACA-1
GRCh38,GTGGTAACAGCGCTAC-1
GRCh38,GTGGTAACAGTCTATA-1
GRCh38,GTGGTCAGTAATCCGG-1
GRCh38,GTGGTCAGTAGCAATC-1
GRCh38,GTGGTCAGTATAGCGT-1
GRCh38,GTGGTCAGTCAAGTTA-1
GRCh38,GTGGTCAGTCATCAGG-1
GRCh38,GTGGTCAGTCGCATAG-1
GRCh38,GTGGTCAGTCGCTGCC-1
GRCh38,GTGGTCAGTCGGGGTT-1
GRCh38,GTGGTCAGTCTCGATC-1
GRCh38,GTGGTCAGTCTTGTGC-1
GRCh38,GTGGTCAGTGGACCGT-1
GRCh38,GTGGTCAGTGTGGCCG-1
GRCh38,GTGGTGCGTAATTCAG-1
GRCh38,GTGGTGCGTACAGAAG-1
GRCh38,GTGGTGCGTACGGTCA-1
GRCh38,GTGGTGCGTAGCGGTC-1
GRCh38,GTGGTGCGTCCCAAAG-1
GRCh38,GTGGTGCGTCTTGTCA-1
GRCh38,GTGGTGCGTGGCTGTA-1
GRCh38,GTGGTGCGTGTCGATG-1
GRCh38,GTGGTGCGTGTCTCCG-1
GRCh38,GTGGTGCGTGTCTGAG-1
GRCh38,GTGGTTATCACGCAAC-1
GRCh38,GTGGTTATCAGCAGTC-1
GRCh38,GTGGTTATCAGTACGC-1
GRCh38,GTGGTTATCCCTGATT-1
GRCh38,GTGGTTATCCGTACTT-1
GRCh38,GTGGTTATCCTAAACG-1
GRCh38,GTGTAAGCAACACGCC-1
GRCh38,GTGTAAGCAACCAAGA-1
GRCh38,GTGTAAGCAAGGACCG-1
GRCh38,GTGTAAGCAATATGCC-1
GRCh38,GTGTAAGCACCATGCA-1
GRCh38,GTGTAAGCACTGAAAG-1
GRCh38,GTGTAATTCACACAAT-1
GRCh38,GTGTAATTCCCAACTT-1
GRCh38,GTGTAATTCCCGCTTA-1
GRCh38,GTGTAATTCCGCAATA-1
GRCh38,GTGTAATTCCGGACCA-1
GRCh38,GTGTAATTCCTATGTC-1
GRCh38,GTGTAATTCCTCGAAA-1
GRCh38,GTGTAATTCGGTCAAC-1
GRCh38,GTGTAATTCGTTGTCT-1
GRCh38,GTGTACATCAGACACC-1
GRCh38,GTGTACATCAGTACAT-1
GRCh38,GTGTACATCCAGGGTT-1
GRCh38,GTGTACATCCAGGTGT-1
GRCh38,GTGTACATCCCACATT-1
GRCh38,GTGTACATCCCTATGT-1
GRCh38,GTGTACATCCGAATCA-1
GRCh38,GTGTACATCCGAATTG-1
GRCh38,GTGTACATCCGCTCTA-1
GRCh38,GTGTACATCCTAGTCT-1
GRCh38,GTGTACATCGTCTCAT-1
GRCh38,GTGTACATCGTGCATA-1
GRCh38,GTGTACATCGTGCTCC-1
GRCh38,GTGTAGCTCAAGCCGT-1
GRCh38,GTGTAGCTCACCTCTG-1
GRCh38,GTGTAGCTCAGCAATT-1
GRCh38,GTGTAGCTCAGGCTCG-1
GRCh38,GTGTAGCTCATAAGTC-1
GRCh38,GTGTAGCTCCATCGTT-1
GRCh38,GTGTAGCTCCTTAGCT-1
GRCh38,GTGTAGCTCCTTAGTC-1
GRCh38,GTGTAGCTCCTTATCA-1
GRCh38,GTGTAGCTCGCTCCAC-1
GRCh38,GTGTAGCTCGCTTATC-1
GRCh38,GTGTAGCTCGGTTCGG-1
GRCh38,GTGTAGCTCGTAGGTC-1
GRCh38,GTGTAGTGTAAGCAAG-1
GRCh38,GTGTAGTGTACCACGA-1
GRCh38,GTGTAGTGTACCCATC-1
GRCh38,GTGTAGTGTATACAGC-1
GRCh38,GTGTAGTGTCGACTCT-1
GRCh38,GTGTAGTGTCGCATAG-1
GRCh38,GTGTAGTGTGGTTCAG-1
GRCh38,GTGTAGTGTGTGCGCG-1
GRCh38,GTGTAGTGTGTGTTGG-1
GRCh38,GTGTATAGTAATCTCT-1
GRCh38,GTGTATAGTACGCTGA-1
GRCh38,GTGTATAGTACGGTGC-1
GRCh38,GTGTATAGTCGGGTTA-1
GRCh38,GTGTATAGTCTGTTGC-1
GRCh38,GTGTATAGTGGGGTTC-1
GRCh38,GTGTATAGTGTGTCGA-1
GRCh38,GTGTATGTCAAATGTC-1
GRCh38,GTGTATGTCACTTCTA-1
GRCh38,GTGTATGTCATGGCAC-1
GRCh38,GTGTATGTCCGTTCTG-1
GRCh38,GTGTATGTCGCCATGG-1
GRCh38,GTGTATGTCGCGAGTT-1
GRCh38,GTGTATGTCGCGCATG-1
GRCh38,GTGTATGTCGCTCTAT-1
GRCh38,GTGTATGTCGTAGATT-1
GRCh38,GTGTATGTCGTGCTAA-1
GRCh38,GTGTATTAGACTTCAG-1
GRCh38,GTGTATTAGAGCGACA-1
GRCh38,GTGTATTAGCCGCAAT-1
GRCh38,GTGTATTAGCGTAATT-1
GRCh38,GTGTATTAGGCGTCCA-1
GRCh38,GTGTATTAGGTGCCAT-1
GRCh38,GTGTCAATCAAGGGGC-1
GRCh38,GTGTCAATCAGTTTGG-1
GRCh38,GTGTCAATCCGGGTAT-1
GRCh38,GTGTCAATCGGAAACG-1
GRCh38,GTGTCAGGTAACTAGC-1
GRCh38,GTGTCAGGTACGCGCG-1
GRCh38,GTGTCAGGTACTACCC-1
GRCh38,GTGTCAGGTACTTAAG-1
GRCh38,GTGTCAGGTAGTCTCC-1
GRCh38,GTGTCAGGTCCTTGCG-1
GRCh38,GTGTCAGGTCTACTGC-1
GRCh38,GTGTCAGGTCTGGTGA-1
GRCh38,GTGTCAGGTGTGCAAT-1
GRCh38,GTGTCATCAAACATTT-1
GRCh38,GTGTCATCAAACGAGC-1
GRCh38,GTGTCATCAAACGGTA-1
GRCh38,GTGTCATCAACGTACT-1
GRCh38,GTGTCATCAATAAGTA-1
GRCh38,GTGTCATCAATGGTCT-1
GRCh38,GTGTCATCAGGGACAT-1
GRCh38,GTGTCCGAGAATGGCG-1
GRCh38,GTGTCCGAGACCTACA-1
GRCh38,GTGTCCGAGCAGGCTT-1
GRCh38,GTGTCCGAGCCGTGAT-1
GRCh38,GTGTCCGAGCGCTGAT-1
GRCh38,GTGTCCGAGCGGTTTA-1
GRCh38,GTGTCCGAGCGTTACA-1
GRCh38,GTGTCCGAGCTAGGTC-1
GRCh38,GTGTCCGAGGGACAAT-1
GRCh38,GTGTCCGAGGGCATGA-1
GRCh38,GTGTCCGAGGTATGGG-1
GRCh38,GTGTCCGAGGTCCTCC-1
GRCh38,GTGTCCGAGGTCGAAG-1
GRCh38,GTGTCCGAGGTGTTAT-1
GRCh38,GTGTCCTGTAACCGGC-1
GRCh38,GTGTCCTGTATGAGGA-1
GRCh38,GTGTCCTGTATGCTGG-1
GRCh38,GTGTCCTGTCAACGTG-1
GRCh38,GTGTCCTGTCCTCATA-1
GRCh38,GTGTCCTGTCGCATTC-1
GRCh38,GTGTCCTGTCGGGGTT-1
GRCh38,GTGTCCTGTCTAGGTG-1
GRCh38,GTGTCCTGTCTGGAAT-1
GRCh38,GTGTCCTGTCTGTTGC-1
GRCh38,GTGTCCTGTGGGGCTT-1
GRCh38,GTGTCGAGTACATTAG-1
GRCh38,GTGTCGAGTATCCCTA-1
GRCh38,GTGTCGAGTATTGTAG-1
GRCh38,GTGTCGAGTCACCCGC-1
GRCh38,GTGTCGAGTCGTATGG-1
GRCh38,GTGTCGAGTCTAGCAG-1
GRCh38,GTGTCGAGTGCTAGAT-1
GRCh38,GTGTCGAGTGGAACCC-1
GRCh38,GTGTCGAGTGGATCGC-1
GRCh38,GTGTCGAGTGGGGAAT-1
GRCh38,GTGTCGAGTGGGGCTT-1
GRCh38,GTGTCGAGTGGTACTG-1
GRCh38,GTGTCGAGTGGTAGCC-1
GRCh38,GTGTCGCCAAACACTC-1
GRCh38,GTGTCGCCAACCTACG-1
GRCh38,GTGTCGCCAAGAATTA-1
GRCh38,GTGTCGCCAAGCGCCT-1
GRCh38,GTGTCGCCAAGTACTC-1
GRCh38,GTGTCGCCAATGCACT-1
GRCh38,GTGTCGCCACGCGAAG-1
GRCh38,GTGTCGCCACTTAAAT-1
GRCh38,GTGTCGCCAGTCAATC-1
GRCh38,GTGTCGGTCACCTTCG-1
GRCh38,GTGTCGGTCACTCGGG-1
GRCh38,GTGTCGGTCAGAGAAC-1
GRCh38,GTGTCGGTCAGGCTTA-1
GRCh38,GTGTCGGTCATCAGCA-1
GRCh38,GTGTCGGTCCCCACGT-1
GRCh38,GTGTCGGTCCCTAGGG-1
GRCh38,GTGTCGGTCCCTTCTC-1
GRCh38,GTGTCGGTCCTCATTA-1
GRCh38,GTGTCGGTCGTATAAC-1
GRCh38,GTGTCGGTCGTCAATG-1
GRCh38,GTGTCGGTCGTCGCTC-1
GRCh38,GTGTCGTAGACGTCCG-1
GRCh38,GTGTCGTAGACTCAGC-1
GRCh38,GTGTCGTAGACTTAAC-1
GRCh38,GTGTCGTAGAGGACCA-1
GRCh38,GTGTCGTAGATCGATT-1
GRCh38,GTGTCGTAGCCTGGCA-1
GRCh38,GTGTCTCGTAGGTTTA-1
GRCh38,GTGTCTCGTATGGTCG-1
GRCh38,GTGTCTCGTCCATCCG-1
GRCh38,GTGTCTCGTCTCATAT-1
GRCh38,GTGTCTCGTCTTCTAG-1
GRCh38,GTGTCTCGTGCACAGC-1
GRCh38,GTGTCTCGTGCCCATT-1
GRCh38,GTGTCTCGTGGTGTGC-1
GRCh38,GTGTCTCGTGTCGTAG-1
GRCh38,GTGTGATGTACATTAG-1
GRCh38,GTGTGATGTACGGTCA-1
GRCh38,GTGTGATGTACTATAG-1
GRCh38,GTGTGATGTATGGAGA-1
GRCh38,GTGTGATGTCGATTCC-1
GRCh38,GTGTGATGTCGTCTTA-1
GRCh38,GTGTGCAGTATATTCC-1
GRCh38,GTGTGCAGTATTCTGT-1
GRCh38,GTGTGCAGTCAACTCC-1
GRCh38,GTGTGCAGTCCGATAG-1
GRCh38,GTGTGCAGTCGCATTC-1
GRCh38,GTGTGCAGTCGTGTCT-1
GRCh38,GTGTGCAGTGCTAAGT-1
GRCh38,GTGTGCAGTGGGTTTG-1
GRCh38,GTGTGCAGTGTCGAAT-1
GRCh38,GTGTGCAGTGTGTAGT-1
GRCh38,GTGTGGGCAAAAGGAA-1
GRCh38,GTGTGGGCACAATGCT-1
GRCh38,GTGTGGGCACCAGCTA-1
GRCh38,GTGTGGGCACCTACCT-1
GRCh38,GTGTGGGCACCTCATC-1
GRCh38,GTGTGGGCACGTCTAG-1
GRCh38,GTGTGGGCAGGGCAAT-1
GRCh38,GTGTTAAGTATAAGCC-1
GRCh38,GTGTTAAGTCAATCGG-1
GRCh38,GTGTTAAGTCGTTCTA-1
GRCh38,GTGTTAAGTGCCATTC-1
GRCh38,GTGTTAAGTGGCAAGG-1
GRCh38,GTGTTAAGTGGCTAAT-1
GRCh38,GTGTTAAGTGGTTATA-1
GRCh38,GTGTTAAGTGTTATAG-1
GRCh38,GTGTTACCAAAGGGGA-1
GRCh38,GTGTTACCAACACCCA-1
GRCh38,GTGTTACCAAGCGAAC-1
GRCh38,GTGTTACCACCAATAC-1
GRCh38,GTGTTACCACCACTGA-1
GRCh38,GTGTTACCACCATTCC-1
GRCh38,GTGTTACCACCGGAAG-1
GRCh38,GTGTTACCACGCATCA-1
GRCh38,GTGTTACCACGTCGTA-1
GRCh38,GTGTTACCACTATAAT-1
GRCh38,GTGTTACCAGGGCTCT-1
GRCh38,GTGTTACCAGTTGAAG-1
GRCh38,GTGTTATAGACAGCAG-1
GRCh38,GTGTTATAGACGGAGC-1
GRCh38,GTGTTATAGCCAGCAT-1
GRCh38,GTGTTATAGGTACCCG-1
GRCh38,GTGTTCCGTAAATCCA-1
GRCh38,GTGTTCCGTAGGCCGT-1
GRCh38,GTGTTCCGTAGTGCGC-1
GRCh38,GTGTTCCGTATAGTGC-1
GRCh38,GTGTTCCGTCAACTCC-1
GRCh38,GTGTTCCGTCAGCGTA-1
GRCh38,GTGTTCCGTCAGCTTC-1
GRCh38,GTGTTCCGTCGGCTGG-1
GRCh38,GTGTTCCGTCGTGGTA-1
GRCh38,GTGTTCCGTGCATGGC-1
GRCh38,GTGTTCCGTGGACTAT-1
GRCh38,GTGTTCCGTGGAGTGG-1
GRCh38,GTGTTCCGTGGTTAGT-1
GRCh38,GTGTTCCGTGTGTTAA-1
GRCh38,GTGTTCGCAACAGACA-1
GRCh38,GTGTTCGCAACGCAGG-1
GRCh38,GTGTTCGCAACTAATT-1
GRCh38,GTGTTCGCAAGTTTCA-1
GRCh38,GTGTTCGCAATGCACT-1
GRCh38,GTGTTCGCACAATACC-1
GRCh38,GTGTTCGCACGCATAT-1
GRCh38,GTGTTCGCACTATAAT-1
GRCh38,GTGTTCGCACTCGGTA-1
GRCh38,GTGTTGATCATTATCT-1
GRCh38,GTGTTGATCCCAAAGC-1
GRCh38,GTGTTGATCCCAGCCT-1
GRCh38,GTGTTGATCCTCTAGT-1
GRCh38,GTGTTGATCGGGCATT-1
GRCh38,GTGTTGATCGTATAAC-1
GRCh38,GTGTTGGGTAACTAGC-1
GRCh38,GTGTTGGGTAAGGGTA-1
GRCh38,GTGTTGGGTATAGTGC-1
GRCh38,GTGTTGGGTATCTCTG-1
GRCh38,GTGTTGGGTCCTCATA-1
GRCh38,GTGTTGGGTCGATCAG-1
GRCh38,GTGTTGGGTCGCTCGC-1
GRCh38,GTGTTGGGTGCAATGT-1
GRCh38,GTGTTGGGTGCAGTCA-1
GRCh38,GTGTTGGGTGGTAGCC-1
GRCh38,GTGTTGGGTGTAACGT-1
GRCh38,GTGTTGGGTGTATCTT-1
GRCh38,GTGTTGGGTGTATGTA-1
GRCh38,GTGTTGGGTGTCCCAT-1
GRCh38,GTTAACCCAAGCTGGG-1
GRCh38,GTTAACCCAATAGCGA-1
GRCh38,GTTAACCCACCGTCAA-1
GRCh38,GTTAACCCACGGTGCT-1
GRCh38,GTTAACCCACTAGAAG-1
GRCh38,GTTAACCCAGCCTGAC-1
GRCh38,GTTAACCCAGCTAGAA-1
GRCh38,GTTAACCCAGGGAGAA-1
GRCh38,GTTAACCCAGTGGACG-1
GRCh38,GTTAACCCAGTTGAGA-1
GRCh38,GTTAAGCGTAATGGTC-1
GRCh38,GTTAAGCGTAGACGGG-1
GRCh38,GTTAAGCGTAGCAATC-1
GRCh38,GTTAAGCGTCCAGATG-1
GRCh38,GTTAAGCGTCCATCCG-1
GRCh38,GTTAAGCGTGCAATCG-1
GRCh38,GTTAAGCGTGCCTCGC-1
GRCh38,GTTAAGCGTGTAAGCT-1
GRCh38,GTTAAGCGTGTCTATT-1
GRCh38,GTTAAGCGTGTGGCGT-1
GRCh38,GTTAAGGCAAAATCTT-1
GRCh38,GTTAAGGCAAAGTACG-1
GRCh38,GTTAAGGCAAATTAAG-1
GRCh38,GTTAAGGCACCACACA-1
GRCh38,GTTAAGGCACTGGCAC-1
GRCh38,GTTAAGGCAGTAGTAG-1
GRCh38,GTTAAGGCAGTTGGTT-1
GRCh38,GTTAAGTTCAGGGGTA-1
GRCh38,GTTAAGTTCATCACTC-1
GRCh38,GTTAAGTTCATCCTTA-1
GRCh38,GTTAAGTTCATTGTGG-1
GRCh38,GTTAAGTTCCATGGCG-1
GRCh38,GTTAAGTTCCTATGTC-1
GRCh38,GTTAAGTTCGCTATAG-1
GRCh38,GTTAAGTTCGCTTACT-1
GRCh38,GTTAATATCAATTCCC-1
GRCh38,GTTAATATCACAGGTC-1
GRCh38,GTTAATATCACCTCCA-1
GRCh38,GTTAATATCACTTCGT-1
GRCh38,GTTAATATCATCTCTA-1
GRCh38,GTTAATATCCCTATAC-1
GRCh38,GTTAATATCCGGCATG-1
GRCh38,GTTAATATCCTAATGG-1
GRCh38,GTTAATATCGCACAAC-1
GRCh38,GTTAATATCGCGTTAA-1
GRCh38,GTTAATATCGCTGAGT-1
GRCh38,GTTAATATCGCTTACT-1
GRCh38,GTTAATATCGTAAATC-1
GRCh38,GTTAATATCGTTCATC-1
GRCh38,GTTAATCAGACAACCC-1
GRCh38,GTTAATCAGACCACGT-1
GRCh38,GTTAATCAGACCCAAC-1
GRCh38,GTTAATCAGACTCAGC-1
GRCh38,GTTAATCAGAGTACGG-1
GRCh38,GTTAATCAGCAACCGT-1
GRCh38,GTTAATCAGCGACGTT-1
GRCh38,GTTAATCAGCTGACGT-1
GRCh38,GTTAATCAGGCATCGT-1
GRCh38,GTTAATCAGGGCTTGT-1
GRCh38,GTTAATCAGGTAGCTC-1
GRCh38,GTTAATGGTAAAGCTC-1
GRCh38,GTTAATGGTAAGCCAT-1
GRCh38,GTTAATGGTAAGCCGC-1
GRCh38,GTTAATGGTACTTATC-1
GRCh38,GTTAATGGTAGCGGAG-1
GRCh38,GTTAATGGTAGTCAGT-1
GRCh38,GTTAATGGTCTGTGGA-1
GRCh38,GTTAATGGTCTTCTCT-1
GRCh38,GTTAATGGTGCTAGAT-1
GRCh38,GTTAATGGTGTCGGCG-1
GRCh38,GTTAATGGTGTTAGGT-1
GRCh38,GTTAATTCACAACGCC-1
GRCh38,GTTAATTCACAGTGCC-1
GRCh38,GTTAATTCACATATGC-1
GRCh38,GTTAATTCACCATTAA-1
GRCh38,GTTAATTCACCTCATC-1
GRCh38,GTTAATTCACGACCTA-1
GRCh38,GTTAATTCAGCTAGAA-1
GRCh38,GTTACCCGTACTCGCT-1
GRCh38,GTTACCCGTCACACTC-1
GRCh38,GTTACCCGTCGAGCGT-1
GRCh38,GTTACCCGTCGCTGGG-1
GRCh38,GTTACCCGTCGTAGAT-1
GRCh38,GTTACCCGTCTAAGCG-1
GRCh38,GTTACCCGTGGTGGAG-1
GRCh38,GTTACCCGTGTCCCTG-1
GRCh38,GTTACCGCAACAGACA-1
GRCh38,GTTACCGCAACCTCTC-1
GRCh38,GTTACCGCACCTCTCG-1
GRCh38,GTTACCGCACGCGTTA-1
GRCh38,GTTACCGCACTGCTCT-1
GRCh38,GTTACCGCAGTCAACT-1
GRCh38,GTTACCGCAGTTAGTC-1
GRCh38,GTTACCTTCAAATTGC-1
GRCh38,GTTACCTTCAGCCCTC-1
GRCh38,GTTACCTTCAGCTAAT-1
GRCh38,GTTACCTTCATTGTAA-1
GRCh38,GTTACCTTCCACCTCA-1
GRCh38,GTTACCTTCCATGCTT-1
GRCh38,GTTACCTTCCCGCACT-1
GRCh38,GTTACCTTCCCGTCTA-1
GRCh38,GTTACCTTCCGACGCA-1
GRCh38,GTTACGGGTACTCGCT-1
GRCh38,GTTACGGGTACTGCGA-1
GRCh38,GTTACGGGTAGCGGTC-1
GRCh38,GTTACGGGTATCAGGT-1
GRCh38,GTTACGGGTCCAGCCC-1
GRCh38,GTTACGGGTCCATCCG-1
GRCh38,GTTACGGGTCGCATAG-1
GRCh38,GTTACGGGTCTAAGTA-1
GRCh38,GTTACGGGTGGATAAG-1
GRCh38,GTTACTACAAACGCGG-1
GRCh38,GTTACTACAACAGCCC-1
GRCh38,GTTACTACAACCTCAG-1
GRCh38,GTTACTACAAGCGCGA-1
GRCh38,GTTACTACAAGCGGCA-1
GRCh38,GTTACTACAAGCTTTA-1
GRCh38,GTTACTACAAGGTTTC-1
GRCh38,GTTACTACAATAGCGA-1
GRCh38,GTTACTACAATATGTT-1
GRCh38,GTTACTACACATGAAG-1
GRCh38,GTTACTACACTGGGGA-1
GRCh38,GTTACTCTCAAACCCA-1
GRCh38,GTTACTCTCACATCAG-1
GRCh38,GTTACTCTCACGTCCC-1
GRCh38,GTTACTCTCAGACGCT-1
GRCh38,GTTACTCTCAGACTGC-1
GRCh38,GTTACTCTCATACAAC-1
GRCh38,GTTACTCTCATGTCGA-1
GRCh38,GTTACTCTCATTGTAA-1
GRCh38,GTTACTCTCCACCCTA-1
GRCh38,GTTACTCTCGCTTTCG-1
GRCh38,GTTACTCTCGTATCAG-1
GRCh38,GTTACTCTCGTTGCCC-1
GRCh38,GTTACTTGTAATGTCA-1
GRCh38,GTTACTTGTACCCCTG-1
GRCh38,GTTACTTGTATGCAGT-1
GRCh38,GTTACTTGTCAGGATT-1
GRCh38,GTTACTTGTCGTGGGT-1
GRCh38,GTTACTTGTCTGGTCT-1
GRCh38,GTTACTTGTGCATCAG-1
GRCh38,GTTACTTGTGCGAGGA-1
GRCh38,GTTACTTGTGGGGAAT-1
GRCh38,GTTAGAGCAACATATT-1
GRCh38,GTTAGAGCAAGCGCAG-1
GRCh38,GTTAGAGCACAAGGCG-1
GRCh38,GTTAGAGCACAATGTC-1
GRCh38,GTTAGAGCACGTACAT-1
GRCh38,GTTAGAGCAGTACAAG-1
GRCh38,GTTAGCATCACTATCC-1
GRCh38,GTTAGCATCAGAAGTA-1
GRCh38,GTTAGCATCAGCTAAT-1
GRCh38,GTTAGCATCATAACAC-1
GRCh38,GTTAGCATCATATGGT-1
GRCh38,GTTAGCATCCAAGTAT-1
GRCh38,GTTAGCATCCAATAGT-1
GRCh38,GTTAGCATCCCTCTAG-1
GRCh38,GTTAGCATCGCACAAC-1
GRCh38,GTTAGCCAGAAGGCAT-1
GRCh38,GTTAGCCAGAATTACC-1
GRCh38,GTTAGCCAGATGACGG-1
GRCh38,GTTAGCCAGATGTGTT-1
GRCh38,GTTAGCCAGCTGCAGT-1
GRCh38,GTTAGCCAGGGACGAC-1
GRCh38,GTTAGCCAGGGTACAG-1
GRCh38,GTTAGCCAGGTGTCCG-1
GRCh38,GTTAGCGGTAGCCTTC-1
GRCh38,GTTAGCGGTATAAGCC-1
GRCh38,GTTAGCGGTCTACAGG-1
GRCh38,GTTAGCGGTGGGTAGG-1
GRCh38,GTTAGCGGTGTGTTAA-1
GRCh38,GTTAGCTCAACAATTT-1
GRCh38,GTTAGCTCAAGCATAG-1
GRCh38,GTTAGCTCAAGCGTCC-1
GRCh38,GTTAGCTCAAGGGCAT-1
GRCh38,GTTAGCTCAATAAGTA-1
GRCh38,GTTAGCTCACAACAGA-1
GRCh38,GTTAGCTCACCACTAG-1
GRCh38,GTTAGCTCACCGTAAT-1
GRCh38,GTTAGCTCACCTGTAG-1
GRCh38,GTTAGCTCACTCGCAA-1
GRCh38,GTTAGCTCAGCAACGG-1
GRCh38,GTTAGCTCAGTACAAG-1
GRCh38,GTTAGCTCAGTGGGAT-1
GRCh38,GTTAGCTCAGTTAGTC-1
GRCh38,GTTAGGCTCACTGACA-1
GRCh38,GTTAGGCTCAGGCTGT-1
GRCh38,GTTAGGCTCCAATCGA-1
GRCh38,GTTAGGCTCGCTAACA-1
GRCh38,GTTAGGCTCGTCAATG-1
GRCh38,GTTAGGCTCGTCGAGT-1
GRCh38,GTTAGGCTCGTTAGCA-1
GRCh38,GTTAGGGAGACTCAGC-1
GRCh38,GTTAGGGAGAGCCTGT-1
GRCh38,GTTAGGGAGCAATTCG-1
GRCh38,GTTAGGGAGCACTCCC-1
GRCh38,GTTAGGGAGCCGTTAA-1
GRCh38,GTTAGGGAGCTAAACT-1
GRCh38,GTTAGGGAGGCCATAC-1
GRCh38,GTTAGGGAGGGCGAGT-1
GRCh38,GTTAGGGAGGGTAAGT-1
GRCh38,GTTAGGTGTAAACTGC-1
GRCh38,GTTAGGTGTAAAGTGG-1
GRCh38,GTTAGGTGTACTAAGC-1
GRCh38,GTTAGGTGTAGCTGTG-1
GRCh38,GTTAGGTGTCGTTTCA-1
GRCh38,GTTAGTAGTAATGTGC-1
GRCh38,GTTAGTAGTAGCGGAG-1
GRCh38,GTTAGTAGTAGGTATC-1
GRCh38,GTTAGTAGTATCTGTT-1
GRCh38,GTTAGTAGTCAGCGGT-1
GRCh38,GTTAGTAGTCCGACAA-1
GRCh38,GTTAGTAGTGCATTCC-1
GRCh38,GTTAGTCCAACTAACC-1
GRCh38,GTTAGTCCACAAGGGT-1
GRCh38,GTTAGTCCACAGCAGG-1
GRCh38,GTTAGTCCACGAACGG-1
GRCh38,GTTAGTCCACTAAATT-1
GRCh38,GTTAGTTAGAAAGCTA-1
GRCh38,GTTAGTTAGAACGTTT-1
GRCh38,GTTAGTTAGAAGCGTG-1
GRCh38,GTTAGTTAGACACCGT-1
GRCh38,GTTAGTTAGAGCAACG-1
GRCh38,GTTAGTTAGCACAATT-1
GRCh38,GTTAGTTAGCACTCAA-1
GRCh38,GTTAGTTAGCCGTCGA-1
GRCh38,GTTAGTTAGCTCGAAC-1
GRCh38,GTTAGTTAGGCTCGTG-1
GRCh38,GTTAGTTAGGTCTAGC-1
GRCh38,GTTATAATCAACCAAT-1
GRCh38,GTTATAATCACGCCTC-1
GRCh38,GTTATAATCAGCATCA-1
GRCh38,GTTATAATCATGTCCT-1
GRCh38,GTTATAATCCAAGACC-1
GRCh38,GTTATAATCCACCATT-1
GRCh38,GTTATAATCCATAACG-1
GRCh38,GTTATAATCCATATCC-1
GRCh38,GTTATAATCCATCGGG-1
GRCh38,GTTATAATCCCCATTG-1
GRCh38,GTTATAATCCGTAAAT-1
GRCh38,GTTATAATCGTCATCT-1
GRCh38,GTTATAGGTAACCGCA-1
GRCh38,GTTATAGGTACCACCT-1
GRCh38,GTTATAGGTACTACGG-1
GRCh38,GTTATAGGTAGCAGGG-1
GRCh38,GTTATAGGTCAGCCCC-1
GRCh38,GTTATAGGTCATACGG-1
GRCh38,GTTATAGGTCCTAGAG-1
GRCh38,GTTATAGGTCCTTCGG-1
GRCh38,GTTATAGGTCGAGGCT-1
GRCh38,GTTATAGGTCGTATGG-1
GRCh38,GTTATAGGTCGTCGGG-1
GRCh38,GTTATAGGTCTAATTC-1
GRCh38,GTTATAGGTGGCGAGA-1
GRCh38,GTTATAGGTGTGCCTT-1
GRCh38,GTTATCGAGAAGCGTG-1
GRCh38,GTTATCGAGAGACGAT-1
GRCh38,GTTATCGAGATTATGC-1
GRCh38,GTTATCGAGCATCTTC-1
GRCh38,GTTATCGAGCGAACAG-1
GRCh38,GTTATCGAGCGGTCAT-1
GRCh38,GTTATCGAGCGTTATG-1
GRCh38,GTTATCGAGGGTGAAT-1
GRCh38,GTTATGAGTAACGCCA-1
GRCh38,GTTATGAGTAACTCCC-1
GRCh38,GTTATGAGTACCTTAT-1
GRCh38,GTTATGAGTATAGGCT-1
GRCh38,GTTATGAGTATAGGGA-1
GRCh38,GTTATGAGTATGCGAT-1
GRCh38,GTTATGAGTATTGCGG-1
GRCh38,GTTATGAGTATTGTCT-1
GRCh38,GTTATGAGTCATGGGC-1
GRCh38,GTTATGAGTCCTTTGA-1
GRCh38,GTTATGAGTGTATCCC-1
GRCh38,GTTATGAGTGTCCCAT-1
GRCh38,GTTATGAGTGTGTCCT-1
GRCh38,GTTATGGTCACACCTT-1
GRCh38,GTTATGGTCACCTCTG-1
GRCh38,GTTATGGTCCTTGTGT-1
GRCh38,GTTATGGTCGGACCCA-1
GRCh38,GTTATGGTCGTATTAA-1
GRCh38,GTTATGTAGAAACGGT-1
GRCh38,GTTATGTAGACTCAGC-1
GRCh38,GTTATGTAGAGCATTT-1
GRCh38,GTTATGTAGCGTAGCT-1
GRCh38,GTTATGTAGCGTGGAA-1
GRCh38,GTTATGTAGGCAATTT-1
GRCh38,GTTATGTAGGCCACAT-1
GRCh38,GTTCAATAGACGTATT-1
GRCh38,GTTCAATAGAGCAGCA-1
GRCh38,GTTCAATAGAGCTTAT-1
GRCh38,GTTCAATAGAGTTGGG-1
GRCh38,GTTCAATAGCATCACA-1
GRCh38,GTTCAATAGCATGGAG-1
GRCh38,GTTCAATAGCCCTTTG-1
GRCh38,GTTCAATAGCTGCAGT-1
GRCh38,GTTCAATAGCTGTGCG-1
GRCh38,GTTCAATAGGGCGATA-1
GRCh38,GTTCAATAGGTGAGAT-1
GRCh38,GTTCACGCAAAACGGC-1
GRCh38,GTTCACGCAACAGGGT-1
GRCh38,GTTCACGCAAGCCGAG-1
GRCh38,GTTCACGCACCGGAAG-1
GRCh38,GTTCACGCACCTAGAT-1
GRCh38,GTTCACGCACTAAGTC-1
GRCh38,GTTCACGCAGCACACC-1
GRCh38,GTTCACGCAGCGTGCT-1
GRCh38,GTTCACGCAGGAACGT-1
GRCh38,GTTCACGCAGGCTCTA-1
GRCh38,GTTCACGCAGTGGTAA-1
GRCh38,GTTCACTTCAACCAAT-1
GRCh38,GTTCACTTCAGGTAAA-1
GRCh38,GTTCACTTCCCTGGCT-1
GRCh38,GTTCACTTCCGTACAA-1
GRCh38,GTTCACTTCCTCCTTC-1
GRCh38,GTTCACTTCCTTATCA-1
GRCh38,GTTCACTTCGCGAAAG-1
GRCh38,GTTCAGCAGAACGGGC-1
GRCh38,GTTCAGCAGACGACAG-1
GRCh38,GTTCAGCAGATACAAG-1
GRCh38,GTTCAGCAGATAGGCG-1
GRCh38,GTTCAGCAGATGCATT-1
GRCh38,GTTCAGCAGATGTAGA-1
GRCh38,GTTCAGCAGCAGCCCA-1
GRCh38,GTTCAGCAGCCCAAGT-1
GRCh38,GTTCAGCAGCCTGTGG-1
GRCh38,GTTCAGCAGCGTATTG-1
GRCh38,GTTCAGCAGGCTTCGG-1
GRCh38,GTTCAGCAGGGGATAT-1
GRCh38,GTTCAGCAGGTAGGAT-1
GRCh38,GTTCAGCAGGTGGGTA-1
GRCh38,GTTCAGGGTATTACAG-1
GRCh38,GTTCAGGGTCATTAAG-1
GRCh38,GTTCAGGGTCGGTTTC-1
GRCh38,GTTCAGGGTCGTCTGT-1
GRCh38,GTTCAGGGTGCGAGGA-1
GRCh38,GTTCAGGGTGCTTGGA-1
GRCh38,GTTCAGGGTGGTAGCC-1
GRCh38,GTTCAGTCAACCACAT-1
GRCh38,GTTCAGTCAAGTAACG-1
GRCh38,GTTCAGTCAATTAAGA-1
GRCh38,GTTCAGTCAATTAATC-1
GRCh38,GTTCAGTCACACAAGA-1
GRCh38,GTTCAGTCACATAATT-1
GRCh38,GTTCAGTCACGACGGA-1
GRCh38,GTTCAGTCAGGAGTTA-1
GRCh38,GTTCATCTCACAATAC-1
GRCh38,GTTCATCTCAGAGAAC-1
GRCh38,GTTCATCTCCACTTCG-1
GRCh38,GTTCATCTCCATCGTT-1
GRCh38,GTTCATCTCCTGACAA-1
GRCh38,GTTCATCTCGCACTAA-1
GRCh38,GTTCATCTCGCAGTAC-1
GRCh38,GTTCATCTCGCTATCT-1
GRCh38,GTTCATCTCGGCCATG-1
GRCh38,GTTCATGAGAACGTGG-1
GRCh38,GTTCATGAGCAAACCC-1
GRCh38,GTTCATGAGCGCCCAA-1
GRCh38,GTTCATGAGGGTAGCA-1
GRCh38,GTTCATTGTACTTGCC-1
GRCh38,GTTCATTGTAGCATCG-1
GRCh38,GTTCATTGTATGGTCG-1
GRCh38,GTTCATTGTCCAGATG-1
GRCh38,GTTCATTGTCGACTCT-1
GRCh38,GTTCATTGTGCTATGG-1
GRCh38,GTTCATTGTGGACTAT-1
GRCh38,GTTCATTGTGGCAAGG-1
GRCh38,GTTCATTGTGTGTTAA-1
GRCh38,GTTCGACAGAAGCGTG-1
GRCh38,GTTCGACAGATACAGA-1
GRCh38,GTTCGACAGCACAATT-1
GRCh38,GTTCGACAGCCTTAGA-1
GRCh38,GTTCGACAGCGCACAT-1
GRCh38,GTTCGACAGCTACACA-1
GRCh38,GTTCGACAGCTTCTAC-1
GRCh38,GTTCGACAGGTATTGT-1
GRCh38,GTTCGACAGGTGCGAA-1
GRCh38,GTTCGACAGGTTGGAG-1
GRCh38,GTTCGAGGTACAGGTT-1
GRCh38,GTTCGAGGTACTCGCT-1
GRCh38,GTTCGAGGTATCGAGT-1
GRCh38,GTTCGAGGTCAACGTG-1
GRCh38,GTTCGAGGTCAGCCCC-1
GRCh38,GTTCGAGGTCAGGCCG-1
GRCh38,GTTCGAGGTCATAGGT-1
GRCh38,GTTCGAGGTCCAGTGA-1
GRCh38,GTTCGAGGTCGTATGG-1
GRCh38,GTTCGAGGTCTAACCC-1
GRCh38,GTTCGAGGTGTCCCCA-1
GRCh38,GTTCGAGGTGTCCTTA-1
GRCh38,GTTCGCACAACATCAC-1
GRCh38,GTTCGCACAACCCCAA-1
GRCh38,GTTCGCACACCAGTGC-1
GRCh38,GTTCGCACACCTGCAA-1
GRCh38,GTTCGCACACTGCGTA-1
GRCh38,GTTCGCCTCAGCACTA-1
GRCh38,GTTCGCCTCAGCCCTC-1
GRCh38,GTTCGCCTCATGGTCA-1
GRCh38,GTTCGCCTCCAATGTG-1
GRCh38,GTTCGCCTCCAATTCC-1
GRCh38,GTTCGCCTCCCAGCCT-1
GRCh38,GTTCGCCTCCTCTGCA-1
GRCh38,GTTCGCCTCGGGCAAA-1
GRCh38,GTTCGCCTCGTTAGCA-1
GRCh38,GTTCGCGAGACCATGC-1
GRCh38,GTTCGCGAGAGCCTGT-1
GRCh38,GTTCGCGAGCGAATTT-1
GRCh38,GTTCGCGAGCGACCAT-1
GRCh38,GTTCGCGAGCGGATAG-1
GRCh38,GTTCGCGAGCTTAAGT-1
GRCh38,GTTCGCGAGGCGTCAT-1
GRCh38,GTTCGCGAGGGGATTG-1
GRCh38,GTTCGCGAGGGGTAGC-1
GRCh38,GTTCGCGAGGTCTGGT-1
GRCh38,GTTCGCTGTGTGCGTA-1
GRCh38,GTTCGGGTCAAAGGTA-1
GRCh38,GTTCGGGTCAGAGAAC-1
GRCh38,GTTCGGGTCATGTAGT-1
GRCh38,GTTCGGGTCATTCAAA-1
GRCh38,GTTCGGGTCCGATCGG-1
GRCh38,GTTCGGGTCCGTTCTG-1
GRCh38,GTTCGGGTCCTATGCT-1
GRCh38,GTTCGGGTCCTCCTCT-1
GRCh38,GTTCGGGTCCTCCTTC-1
GRCh38,GTTCGGGTCGCGCGTA-1
GRCh38,GTTCGGGTCGGCTAAC-1
GRCh38,GTTCGGGTCGTTAATA-1
GRCh38,GTTCGTCGTACCTGCT-1
GRCh38,GTTCGTCGTACTCAGG-1
GRCh38,GTTCGTCGTCAGTATA-1
GRCh38,GTTCGTCGTCATCGAG-1
GRCh38,GTTCGTCGTCCAACTC-1
GRCh38,GTTCGTCGTCCGCATT-1
GRCh38,GTTCGTCGTCGTGCCC-1
GRCh38,GTTCGTCGTCTATAAG-1
GRCh38,GTTCGTCGTCTCCGCA-1
GRCh38,GTTCGTCGTGCCCGTC-1
GRCh38,GTTCGTTTCACAACCA-1
GRCh38,GTTCGTTTCACAGATT-1
GRCh38,GTTCGTTTCACGTCGG-1
GRCh38,GTTCGTTTCACTCGTT-1
GRCh38,GTTCGTTTCAGGAATA-1
GRCh38,GTTCGTTTCATGGTCA-1
GRCh38,GTTCGTTTCATTCTCA-1
GRCh38,GTTCGTTTCCCGAAAC-1
GRCh38,GTTCGTTTCCCGACTC-1
GRCh38,GTTCGTTTCCTCCGAC-1
GRCh38,GTTCGTTTCGCGCGTA-1
GRCh38,GTTCGTTTCGTACCTT-1
GRCh38,GTTCGTTTCGTGCTAA-1
GRCh38,GTTCTACTCAGCACGT-1
GRCh38,GTTCTACTCAGTACAT-1
GRCh38,GTTCTACTCATCCGTT-1
GRCh38,GTTCTACTCCCACATT-1
GRCh38,GTTCTACTCCCTGTCA-1
GRCh38,GTTCTACTCCGATAGC-1
GRCh38,GTTCTACTCCTCGGGA-1
GRCh38,GTTCTACTCGGACTTA-1
GRCh38,GTTCTACTCGGCCTTC-1
GRCh38,GTTCTACTCGGCTTCC-1
GRCh38,GTTCTAGAGACAACCC-1
GRCh38,GTTCTAGAGACATAGA-1
GRCh38,GTTCTAGAGACCACGT-1
GRCh38,GTTCTAGAGAGTATAG-1
GRCh38,GTTCTAGAGCAAAGTA-1
GRCh38,GTTCTAGAGCACTATG-1
GRCh38,GTTCTAGAGCGCCTAG-1
GRCh38,GTTCTAGAGCGTACAC-1
GRCh38,GTTCTAGAGCTAGGTC-1
GRCh38,GTTCTAGAGGCCACAT-1
GRCh38,GTTCTAGAGGCGAAGC-1
GRCh38,GTTCTAGAGGGAAGCC-1
GRCh38,GTTCTAGAGGGAGATT-1
GRCh38,GTTCTAGAGGTTAATC-1
GRCh38,GTTCTATGTAAATCCA-1
GRCh38,GTTCTATGTACGGATT-1
GRCh38,GTTCTATGTAGCGGGA-1
GRCh38,GTTCTATGTAGGTTCG-1
GRCh38,GTTCTATGTATACGGT-1
GRCh38,GTTCTATGTATCTCGC-1
GRCh38,GTTCTATGTATTGTAG-1
GRCh38,GTTCTATGTGGCGTGT-1
GRCh38,GTTCTATGTGTCGATG-1
GRCh38,GTTCTATGTGTCGCTT-1
GRCh38,GTTCTCAGTAAGTGTC-1
GRCh38,GTTCTCAGTACATTAG-1
GRCh38,GTTCTCAGTAGCTGTG-1
GRCh38,GTTCTCAGTCTATTGT-1
GRCh38,GTTCTCAGTCTCCGGC-1
GRCh38,GTTCTCAGTGGAACTT-1
GRCh38,GTTCTCAGTGTGTCGA-1
GRCh38,GTTCTCCCAACAATTT-1
GRCh38,GTTCTCCCAACCAAGA-1
GRCh38,GTTCTCCCAATCGGGG-1
GRCh38,GTTCTCCCAATGCACT-1
GRCh38,GTTCTCCCACAACTCG-1
GRCh38,GTTCTCCCACTAACTA-1
GRCh38,GTTCTCCCAGCGTGTC-1
GRCh38,GTTCTCCCAGTATACC-1
GRCh38,GTTGAAGCAAAGCCGG-1
GRCh38,GTTGAAGCAAGCTGAA-1
GRCh38,GTTGAAGCACAACTAC-1
GRCh38,GTTGAAGCACTCCACT-1
GRCh38,GTTGAAGCACTGCTCT-1
GRCh38,GTTGAAGCAGGACCGA-1
GRCh38,GTTGAAGCAGGTATCT-1
GRCh38,GTTGAAGCAGGTCGTC-1
GRCh38,GTTGAAGCAGTCTCGA-1
GRCh38,GTTGACATCACCTACT-1
GRCh38,GTTGACATCACGCAGT-1
GRCh38,GTTGACATCACGTGGT-1
GRCh38,GTTGACATCACTCTTA-1
GRCh38,GTTGACATCATGTCCT-1
GRCh38,GTTGACATCCCATACT-1
GRCh38,GTTGACATCCCTATTA-1
GRCh38,GTTGACATCCGTAACA-1
GRCh38,GTTGACATCGGTGCAT-1
GRCh38,GTTGACATCGGTTAGC-1
GRCh38,GTTGACATCGTCTCAT-1
GRCh38,GTTGAGACAACATGCT-1
GRCh38,GTTGAGACAAGCGTTT-1
GRCh38,GTTGAGACAAGTTGAG-1
GRCh38,GTTGAGACACTGATTA-1
GRCh38,GTTGAGACACTTAGCG-1
GRCh38,GTTGAGACAGGACATA-1
GRCh38,GTTGAGACAGGCGTAG-1
GRCh38,GTTGAGACAGTAAACG-1
GRCh38,GTTGATCCAAAGGACC-1
GRCh38,GTTGATCCAACAGAGC-1
GRCh38,GTTGATCCAATGACGA-1
GRCh38,GTTGATCCACAAGGGT-1
GRCh38,GTTGATCCACACAAGA-1
GRCh38,GTTGATCCACGAGCGA-1
GRCh38,GTTGATCCACGCTGAC-1
GRCh38,GTTGATCCACTAGCAT-1
GRCh38,GTTGATCCACTGCTCT-1
GRCh38,GTTGATCCAGTAAAGT-1
GRCh38,GTTGATTAGAGAAGGA-1
GRCh38,GTTGATTAGAGGGATT-1
GRCh38,GTTGATTAGCAAACTT-1
GRCh38,GTTGATTAGCAATTCG-1
GRCh38,GTTGATTAGCCATACA-1
GRCh38,GTTGATTAGCTCCGGA-1
GRCh38,GTTGATTAGGGCATGA-1
GRCh38,GTTGATTAGGTCCTAA-1
GRCh38,GTTGCAATCAATGCGC-1
GRCh38,GTTGCAATCACTTTCA-1
GRCh38,GTTGCAATCAGAAGTA-1
GRCh38,GTTGCAATCATAATCA-1
GRCh38,GTTGCAATCATACCTC-1
GRCh38,GTTGCAATCATTCGTC-1
GRCh38,GTTGCAATCCAGGGTT-1
GRCh38,GTTGCAATCCCACACC-1
GRCh38,GTTGCAATCGGGCTAT-1
GRCh38,GTTGCAATCGGGGTAA-1
GRCh38,GTTGCAGGTAACGCTG-1
GRCh38,GTTGCAGGTAATGTTG-1
GRCh38,GTTGCAGGTACCACGA-1
GRCh38,GTTGCAGGTAGTCGCA-1
GRCh38,GTTGCAGGTATACTTC-1
GRCh38,GTTGCAGGTATCTTGT-1
GRCh38,GTTGCAGGTCAACCCT-1
GRCh38,GTTGCAGGTCACGCTT-1
GRCh38,GTTGCAGGTCAGTTAA-1
GRCh38,GTTGCAGGTCATTAAG-1
GRCh38,GTTGCAGGTCCGTGTT-1
GRCh38,GTTGCAGGTCGCTCTG-1
GRCh38,GTTGCAGGTGTATGCG-1
GRCh38,GTTGCCACACAAGGGT-1
GRCh38,GTTGCCACACAGTTCG-1
GRCh38,GTTGCCACACCACTCT-1
GRCh38,GTTGCCACAGGGTGCA-1
GRCh38,GTTGCCCTCAAAGGGT-1
GRCh38,GTTGCCCTCAAGCCTA-1
GRCh38,GTTGCCCTCATAGTCG-1
GRCh38,GTTGCCCTCCATTGCT-1
GRCh38,GTTGCCCTCCCATGCC-1
GRCh38,GTTGCCCTCGTATCAG-1
GRCh38,GTTGCCGAGAATGTTC-1
GRCh38,GTTGCCGAGACATAGA-1
GRCh38,GTTGCCGAGAGAAGCT-1
GRCh38,GTTGCCGAGAGGAGCC-1
GRCh38,GTTGCCGAGATGAGTA-1
GRCh38,GTTGCCGAGATGGGGC-1
GRCh38,GTTGCCGAGCAGGGAC-1
GRCh38,GTTGCCGAGGGACGGT-1
GRCh38,GTTGCGAGTAACGAGA-1
GRCh38,GTTGCGAGTAAGGTCT-1
GRCh38,GTTGCGAGTAAGTGTC-1
GRCh38,GTTGCGAGTCAGCCTT-1
GRCh38,GTTGCGAGTCGAAGCC-1
GRCh38,GTTGCGAGTCGACTTC-1
GRCh38,GTTGCGAGTCTCCGCA-1
GRCh38,GTTGCGAGTCTGTTGC-1
GRCh38,GTTGCGAGTGTTCTAT-1
GRCh38,GTTGCGCCAAACCCAT-1
GRCh38,GTTGCGCCAAATCGGA-1
GRCh38,GTTGCGCCAACAATGG-1
GRCh38,GTTGCGCCAACCTCAG-1
GRCh38,GTTGCGCCAATCGACT-1
GRCh38,GTTGCGCCAATCGAGA-1
GRCh38,GTTGCGCCACAGGTCC-1
GRCh38,GTTGCGCCACGTAGGG-1
GRCh38,GTTGCGCCAGCTTACG-1
GRCh38,GTTGCGCCAGGGCAAT-1
GRCh38,GTTGCGCCAGTGAAGC-1
GRCh38,GTTGCGTAGAAATCAG-1
GRCh38,GTTGCGTAGAGGGTGC-1
GRCh38,GTTGCGTAGCAAGATA-1
GRCh38,GTTGCGTAGCCATGCG-1
GRCh38,GTTGCGTAGCTAAATC-1
GRCh38,GTTGCGTAGGCAATCC-1
GRCh38,GTTGCGTAGGCTGTCG-1
GRCh38,GTTGCGTAGGGTGAAT-1
GRCh38,GTTGCGTAGGTTGATT-1
GRCh38,GTTGCTTTCACCACAA-1
GRCh38,GTTGCTTTCATCTCTA-1
GRCh38,GTTGCTTTCCCTTTAA-1
GRCh38,GTTGCTTTCCGGGCTA-1
GRCh38,GTTGCTTTCCTCTGAT-1
GRCh38,GTTGCTTTCGCCCGTT-1
GRCh38,GTTGCTTTCGGGTTAC-1
GRCh38,GTTGCTTTCGTAACCA-1
GRCh38,GTTGCTTTCGTGACGT-1
GRCh38,GTTGGAACAAATATAG-1
GRCh38,GTTGGAACAAGTCCGC-1
GRCh38,GTTGGAACAATCGTCG-1
GRCh38,GTTGGAACACATATCA-1
GRCh38,GTTGGAACACCCTATC-1
GRCh38,GTTGGAACACGCAGCT-1
GRCh38,GTTGGAACAGCCACTA-1
GRCh38,GTTGGAACAGCGGACA-1
GRCh38,GTTGGAACAGCTTTAA-1
GRCh38,GTTGGAGAGAATGACA-1
GRCh38,GTTGGAGAGACTGCCG-1
GRCh38,GTTGGAGAGAGAGGTT-1
GRCh38,GTTGGAGAGCTACAAT-1
GRCh38,GTTGGAGAGCTTGTGA-1
GRCh38,GTTGGAGAGGTCGACT-1
GRCh38,GTTGGAGAGGTGCCCA-1
GRCh38,GTTGGATGTAACCGTG-1
GRCh38,GTTGGATGTACAGGCC-1
GRCh38,GTTGGATGTACATATG-1
GRCh38,GTTGGATGTACCTTAT-1
GRCh38,GTTGGATGTACGGATT-1
GRCh38,GTTGGATGTCAATTCT-1
GRCh38,GTTGGATGTCCTCTCC-1
GRCh38,GTTGGATGTCGTCTGT-1
GRCh38,GTTGGATGTGGAACTT-1
GRCh38,GTTGGATGTGGGCAAG-1
GRCh38,GTTGGCGTCAAGTCGC-1
GRCh38,GTTGGCGTCACACGGT-1
GRCh38,GTTGGCGTCACTCTGT-1
GRCh38,GTTGGCGTCATAAGTC-1
GRCh38,GTTGGCGTCATACCTC-1
GRCh38,GTTGGCGTCATGTTAA-1
GRCh38,GTTGGCGTCCCACTTG-1
GRCh38,GTTGGCGTCCCGTCTA-1
GRCh38,GTTGGCGTCCGACTCC-1
GRCh38,GTTGGCGTCCGCCGTT-1
GRCh38,GTTGGCGTCCTAGTTC-1
GRCh38,GTTGGCGTCGTTCGCC-1
GRCh38,GTTGGGCGTATGGTCG-1
GRCh38,GTTGGGCGTCAATTAG-1
GRCh38,GTTGGGCGTCTTAGGG-1
GRCh38,GTTGGGCGTGCAAGGG-1
GRCh38,GTTGGGCGTGCACAGC-1
GRCh38,GTTGGGCGTGCGCCTC-1
GRCh38,GTTGGGCGTGGGTTTG-1
GRCh38,GTTGGGCGTGGTACTG-1
GRCh38,GTTGGGCGTGGTCTAG-1
GRCh38,GTTGGGGCAAAATCTT-1
GRCh38,GTTGGGGCAACATACC-1
GRCh38,GTTGGGGCAACTCCGA-1
GRCh38,GTTGGGGCAAGAATAC-1
GRCh38,GTTGGGGCAAGCTTTA-1
GRCh38,GTTGGGGCACCACGTA-1
GRCh38,GTTGGGGCACCTAATA-1
GRCh38,GTTGGGGCACGTAGCC-1
GRCh38,GTTGGGGCAGCAACGG-1
GRCh38,GTTGGGGCAGCTTCGA-1
GRCh38,GTTGGGGCAGTTAACC-1
GRCh38,GTTGGGGCAGTTGCGC-1
GRCh38,GTTGGGGCAGTTGGGG-1
GRCh38,GTTGGGTTCACAGTTG-1
GRCh38,GTTGGGTTCCAAGCGT-1
GRCh38,GTTGGGTTCCCATACT-1
GRCh38,GTTGGGTTCCGTTTCG-1
GRCh38,GTTGGGTTCGGCGAAA-1
GRCh38,GTTGGTCAGATAAGCA-1
GRCh38,GTTGGTCAGATGGGCA-1
GRCh38,GTTGGTCAGCACCGCA-1
GRCh38,GTTGGTCAGCATGCAC-1
GRCh38,GTTGGTCAGCGAGTCT-1
GRCh38,GTTGGTCAGGTGTCCG-1
GRCh38,GTTGGTTCAAAACCGA-1
GRCh38,GTTGGTTCAACAACCT-1
GRCh38,GTTGGTTCAAGAGGTC-1
GRCh38,GTTGGTTCAAGCGATA-1
GRCh38,GTTGGTTCAATGGGGT-1
GRCh38,GTTGGTTCACCCTGAA-1
GRCh38,GTTGGTTCACTTCTCA-1
GRCh38,GTTGGTTCAGCGACGA-1
GRCh38,GTTGTAAGTACGTGAT-1
GRCh38,GTTGTAAGTAGGATAG-1
GRCh38,GTTGTAAGTATAAGCC-1
GRCh38,GTTGTAAGTATAGGCT-1
GRCh38,GTTGTAAGTCAATGCG-1
GRCh38,GTTGTAAGTCGTACAG-1
GRCh38,GTTGTAAGTCTGGAAT-1
GRCh38,GTTGTATAGAGGGGTC-1
GRCh38,GTTGTATAGAGTATAG-1
GRCh38,GTTGTATAGATCGTTG-1
GRCh38,GTTGTATAGATGGGGC-1
GRCh38,GTTGTATAGCAAGGGC-1
GRCh38,GTTGTATAGCATGCAC-1
GRCh38,GTTGTATAGGGTATCC-1
GRCh38,GTTGTATAGGTCATCA-1
GRCh38,GTTGTCCGTACCTATT-1
GRCh38,GTTGTCCGTAGGGTAA-1
GRCh38,GTTGTCCGTATGTTGA-1
GRCh38,GTTGTCCGTCGACTAG-1
GRCh38,GTTGTCCGTGTCGAAT-1
GRCh38,GTTGTCTTCACTATAA-1
GRCh38,GTTGTCTTCAGCGCAT-1
GRCh38,GTTGTCTTCAGCGCCA-1
GRCh38,GTTGTCTTCAGTACTG-1
GRCh38,GTTGTCTTCATTGTAA-1
GRCh38,GTTGTCTTCCTCCGGT-1
GRCh38,GTTGTCTTCCTCTGCA-1
GRCh38,GTTGTCTTCCTTGTAC-1
GRCh38,GTTGTCTTCGGACCTG-1
GRCh38,GTTGTGCAGAATGGCG-1
GRCh38,GTTGTGCAGCACCTCC-1
GRCh38,GTTGTGCAGCAGGGGT-1
GRCh38,GTTGTGCAGCATCGCG-1
GRCh38,GTTGTGCAGGTGTCGT-1
GRCh38,GTTGTGCAGGTTAATC-1
GRCh38,GTTGTGGGTAAAGCCT-1
GRCh38,GTTGTGGGTACCTGTC-1
GRCh38,GTTGTGGGTATCACGG-1
GRCh38,GTTGTGGGTCAATGCG-1
GRCh38,GTTGTGGGTCCTTGCG-1
GRCh38,GTTGTGGGTCTGGTAG-1
GRCh38,GTTGTGGGTCTTAATC-1
