GRCh38,AAACCAAAGCGGGGAT-1
GRCh38,AAACCAGCACCTACCT-1
GRCh38,AAACCCCAGCGCATTA-1
GRCh38,AAACCCCAGCGGAATG-1
GRCh38,AAACCCCAGCTACAGC-1
GRCh38,AAACCGACAACGATAG-1
GRCh38,AAACCGACAGCTACAT-1
GRCh38,AAACCGCTCGCTGGCA-1
GRCh38,AAACCGGAGGGAAACT-1
GRCh38,AAACCGTGTAAAGCGA-1
GRCh38,AAACCGTGTACCACAG-1
GRCh38,AAACCGTGTGGATTGT-1
GRCh38,AAACCGTGTGTGCCTT-1
GRCh38,AAACCTCCAACAGACA-1
GRCh38,AAACCTCCACAGCGAG-1
GRCh38,AAACCTGTCCTTATCA-1
GRCh38,AAACGATCACAGTGCC-1
GRCh38,AAACGCACACTAACCG-1
GRCh38,AAACGCGAGCCTCATT-1
GRCh38,AAACGCTGTAGGCATT-1
GRCh38,AAACGCTGTCTCGTCG-1
GRCh38,AAACGCTGTGGCTTGA-1
GRCh38,AAACGCTGTGGTGCCG-1
GRCh38,AAACGGAGTCTAACGG-1
GRCh38,AAACGGAGTGGAGCCT-1
GRCh38,AAACGGCCACCGCAGT-1
GRCh38,AAACGGTAGCGGGTAA-1
GRCh38,AAACGGTAGGGGAGCT-1
GRCh38,AAACGTAAGCGATTTG-1
GRCh38,AAACTAACAAGCGCTC-1
GRCh38,AAACTAACACGCACTA-1
GRCh38,AAACTAACAGGGACAT-1
GRCh38,AAACTACTCAACGTAT-1
GRCh38,AAACTACTCCACCCAC-1
GRCh38,AAACTAGAGCTCTCCA-1
GRCh38,AAACTAGAGGCGGTTT-1
GRCh38,AAACTAGAGGCTTCGG-1
GRCh38,AAACTAGAGGGCTAAG-1
GRCh38,AAACTAGAGGTCGGTT-1
GRCh38,AAACTCCCAAGGAATT-1
GRCh38,AAACTGCGTACACCCT-1
GRCh38,AAAGCAATCGTATTCC-1
GRCh38,AAAGCATCAATCCAAC-1
GRCh38,AAAGCATCACAGCTCA-1
GRCh38,AAAGCATCACCAACAT-1
GRCh38,AAAGCCACACATTCGG-1
GRCh38,AAAGCCCTCCATTACC-1
GRCh38,AAAGCCGAGCTCGGCA-1
GRCh38,AAAGCCTGTGTCGCTT-1
GRCh38,AAAGCGCCAGTCGGAG-1
GRCh38,AAAGCGTAGCCCAGCA-1
GRCh38,AAAGCTCGTAGCTGGC-1
GRCh38,AAAGCTCGTATCTCAT-1
GRCh38,AAAGGAACAATCTGAC-1
GRCh38,AAAGGAGAGATCCACA-1
GRCh38,AAAGGAGAGCGATTCA-1
GRCh38,AAAGGCCCAATAGCCT-1
GRCh38,AAAGGGGCAAAATTTC-1
GRCh38,AAAGGGGCACGCTTTC-1
GRCh38,AAAGGGGCAGCAACTT-1
GRCh38,AAAGGGTTCCCTGCTA-1
GRCh38,AAAGTCAAGACGGCAA-1
GRCh38,AAAGTCAAGCAAACGG-1
GRCh38,AAAGTCAAGGTAATAG-1
GRCh38,AAAGTGCAGCCTGACG-1
GRCh38,AAAGTGCAGGCGCATT-1
GRCh38,AAAGTTACAACGGACG-1
GRCh38,AAAGTTACAGGGCTCT-1
GRCh38,AAATCAACAAGCTGAA-1
GRCh38,AAATCAACAGGCGTTC-1
GRCh38,AAATCACTCGCTAATG-1
GRCh38,AAATCAGAGCGTGGAA-1
GRCh38,AAATCCGTCAAACCGC-1
GRCh38,AAATCTGGTACAGTTA-1
GRCh38,AAATCTGGTACTCAGG-1
GRCh38,AAATCTTCACCGACAC-1
GRCh38,AAATCTTCAGCGCTTA-1
GRCh38,AAATGACCAAGTAAAC-1
GRCh38,AAATGCTTCAATGGTT-1
GRCh38,AAATGGGGTCTAGGTG-1
GRCh38,AAATGGGGTCTGGAAT-1
GRCh38,AAATGGTCAAATCGGA-1
GRCh38,AAATGGTCAATCTGAC-1
GRCh38,AAATGTCTCCCGGCAA-1
GRCh38,AAATGTCTCCTGCAAA-1
GRCh38,AAATTCGGTAGCCTTC-1
GRCh38,AAATTGCTCCCGGGTA-1
GRCh38,AAATTGGAGAGCGTAG-1
GRCh38,AAATTGGAGATATACC-1
GRCh38,AAATTTCCAGGACCTC-1
GRCh38,AACACCCAGCTGCAGT-1
GRCh38,AACACCTCAGCTAGAA-1
GRCh38,AACACTCCACGGCACT-1
GRCh38,AACAGACAGAAACGGT-1
GRCh38,AACAGAGGTAAGTTTG-1
GRCh38,AACAGGAGTCGGGTAC-1
GRCh38,AACAGGGTCCGCTACC-1
GRCh38,AACATAACAGTAATCC-1
GRCh38,AACATGCGTAAGTTGC-1
GRCh38,AACATGGCAACGACCC-1
GRCh38,AACATGGCAATCGCCA-1
GRCh38,AACATGGCACTTCTAT-1
GRCh38,AACATTATCGGAGTCT-1
GRCh38,AACATTATCGTGAGCT-1
GRCh38,AACCAGGAGGCATAGG-1
GRCh38,AACCAGGAGGCGTTAC-1
GRCh38,AACCATGTCCGGTCGA-1
GRCh38,AACCATTAGATAATCC-1
GRCh38,AACCCAATCCTACGCC-1
GRCh38,AACCCAATCGGTTGGT-1
GRCh38,AACCCATCAAATTGCC-1
GRCh38,AACCCCGAGAAGCGAT-1
GRCh38,AACCCCGAGCTAATAC-1
GRCh38,AACCCCTGTAGGGGAT-1
GRCh38,AACCCGTAGAATATCC-1
GRCh38,AACCCGTAGACCCGTG-1
GRCh38,AACCCTTTCCGTTACT-1
GRCh38,AACCCTTTCCTAGCCC-1
GRCh38,AACCCTTTCGCTGGCA-1
GRCh38,AACCGCAGTCAATCCC-1
GRCh38,AACCGTGGTCCTAGTC-1
GRCh38,AACGAACAGCTAAATC-1
GRCh38,AACGACGAGACATAAG-1
GRCh38,AACGACGAGCAAATGA-1
GRCh38,AACGACGAGGCGGGAT-1
GRCh38,AACGAGCCAAAGTCTC-1
GRCh38,AACGAGCCAATGCGGG-1
GRCh38,AACGATAAGAACGGGC-1
GRCh38,AACGATAAGAGGGATT-1
GRCh38,AACGCAACAACAGTCT-1
GRCh38,AACGCACTCATCACTC-1
GRCh38,AACGCACTCGGCAATC-1
GRCh38,AACGCACTCGTCCGCT-1
GRCh38,AACGCTGGTGCTTGGA-1
GRCh38,AACGGATAGGCAATCC-1
GRCh38,AACGGCAAGAACACCC-1
GRCh38,AACGGCAAGAGTGATA-1
GRCh38,AACGGCAAGCGTTCCC-1
GRCh38,AACGGCGCAAATCTCA-1
GRCh38,AACGGCTTCATATTAG-1
GRCh38,AACGGGCAGATGGTGG-1
GRCh38,AACGGGCAGCTTGGCG-1
GRCh38,AACGGGTCAAGTCGCC-1
GRCh38,AACGGTACACGCGACT-1
GRCh38,AACGTATTCCCACGCT-1
GRCh38,AACGTGGAGAACGTAA-1
GRCh38,AACGTGGAGAATTCCG-1
GRCh38,AACGTGGAGACGCCAT-1
GRCh38,AACGTGGAGCGTACAC-1
GRCh38,AACGTGGAGGGGTTAG-1
GRCh38,AACGTTTAGCGTAGAG-1
GRCh38,AACGTTTAGGTAGACG-1
GRCh38,AACTACCCAAGAATTA-1
GRCh38,AACTACCCACCTAGCA-1
GRCh38,AACTAGAAGAAGGCTG-1
GRCh38,AACTAGAAGCTGCTAA-1
GRCh38,AACTAGCGTAACTCCC-1
GRCh38,AACTAGCGTACCTGCT-1
GRCh38,AACTAGGCAAGACGTA-1
GRCh38,AACTAGGCAAGTACAG-1
GRCh38,AACTCACCAACTTTAG-1
GRCh38,AACTCACCACCGTAAT-1
GRCh38,AACTCATAGGTAGTAA-1
GRCh38,AACTCCCGTAATCGCG-1
GRCh38,AACTCCCGTCCGATAG-1
GRCh38,AACTCGGGTCATCATT-1
GRCh38,AACTCGGGTCTCCGGC-1
GRCh38,AACTGCATCATAAGTC-1
GRCh38,AACTGCATCATATGTA-1
GRCh38,AACTGCATCGCTTAAG-1
GRCh38,AACTTCGAGAGGTTGG-1
GRCh38,AACTTCTGTATTCGTT-1
GRCh38,AACTTCTGTCATTCCA-1
GRCh38,AACTTGTAGCGTTGCG-1
GRCh38,AAGCAAATCCGTATTC-1
GRCh38,AAGCAAGGTGGTTGTG-1
GRCh38,AAGCATGCACTGCACA-1
GRCh38,AAGCATGCACTTATCT-1
GRCh38,AAGCCAACAGCGAATA-1
GRCh38,AAGCCACTCCGAATCA-1
GRCh38,AAGCCACTCCTCGCAC-1
GRCh38,AAGCCACTCGCTCCGT-1
GRCh38,AAGCCATGTACCTCCG-1
GRCh38,AAGCCATGTATATGGC-1
GRCh38,AAGCCCAGTCGTAGAT-1
GRCh38,AAGCCCAGTGGCTTTC-1
GRCh38,AAGCCGAAGGGGGCAT-1
GRCh38,AAGCCTATCAGGGCTT-1
GRCh38,AAGCGATAGCTGTCGG-1
GRCh38,AAGCGATAGGGCTAGA-1
GRCh38,AAGCGATAGGGGGCAT-1
GRCh38,AAGCGCCGTCGGTTCT-1
GRCh38,AAGCGGCAGAGGTACG-1
GRCh38,AAGCGGCAGCAAGAGT-1
GRCh38,AAGCGGCAGGTCGCAT-1
GRCh38,AAGCGTACAACCTACG-1
GRCh38,AAGCGTGAGCCATGGT-1
GRCh38,AAGCGTTGTAGAGTGA-1
GRCh38,AAGCTCATCCCACCTA-1
GRCh38,AAGCTCATCGTTATAA-1
GRCh38,AAGCTCTCAATGTGTC-1
GRCh38,AAGCTGGAGAAGCTAA-1
GRCh38,AAGCTGGAGGGGCATA-1
GRCh38,AAGCTTTAGCAATAGA-1
GRCh38,AAGCTTTAGCCTGTGG-1
GRCh38,AAGCTTTAGCTCAGTA-1
GRCh38,AAGCTTTAGCTCTCAT-1
GRCh38,AAGGAATGTAGGGGCA-1
GRCh38,AAGGCACCACAGTTAC-1
GRCh38,AAGGCATAGCGTACAC-1
GRCh38,AAGGCATAGGGATGAT-1
GRCh38,AAGGCTCTCAGACATT-1
GRCh38,AAGGCTCTCCTCGCAC-1
GRCh38,AAGGCTCTCGCCTAAA-1
GRCh38,AAGGCTGAGGGATTAA-1
GRCh38,AAGGGAGCAAAATGGT-1
GRCh38,AAGGGAGCACAATACC-1
GRCh38,AAGGGCATCCACATCT-1
GRCh38,AAGGGCATCCACCATT-1
GRCh38,AAGGGCATCGCAGTAC-1
GRCh38,AAGGGCCAGCTGACCG-1
GRCh38,AAGGGCCAGGCGATAG-1
GRCh38,AAGGGCCAGGTAGCAG-1
GRCh38,AAGGGGACAGGCGTAG-1
GRCh38,AAGGGGCTCATAATTG-1
GRCh38,AAGGGGCTCATATGGT-1
GRCh38,AAGGGGCTCCGTGTCC-1
GRCh38,AAGGGTAGTACAAGAG-1
GRCh38,AAGGGTAGTAGTATGC-1
GRCh38,AAGGGTAGTGCGAATT-1
GRCh38,AAGGGTAGTGTTAGTA-1
GRCh38,AAGGGTTAGAGAAGGA-1
GRCh38,AAGGGTTAGGCTATTG-1
GRCh38,AAGGTAATCATGGGCT-1
GRCh38,AAGGTAGGTAGCTTGG-1
GRCh38,AAGGTAGGTGGGGATG-1
GRCh38,AAGGTCTGTGCAATCG-1
GRCh38,AAGGTGTAGACGAAGT-1
GRCh38,AAGGTTAAGGTAGTTT-1
GRCh38,AAGGTTAAGGTCCCGA-1
GRCh38,AAGGTTCGTCACTAGG-1
GRCh38,AAGTAACCAACGTTAC-1
GRCh38,AAGTAACCACGGCTAC-1
GRCh38,AAGTAACCAGCAGCGA-1
GRCh38,AAGTAACCAGGCGACA-1
GRCh38,AAGTACGCAGGGTGCA-1
GRCh38,AAGTATACAAATCACC-1
GRCh38,AAGTATACACATCTCC-1
GRCh38,AAGTATACACTGCACA-1
GRCh38,AAGTATACAGTCTCGA-1
GRCh38,AAGTCCATCAAGGGGC-1
GRCh38,AAGTCCATCCAGCGCA-1
GRCh38,AAGTCCATCCGATCAA-1
GRCh38,AAGTCCGGTCTCGCTG-1
GRCh38,AAGTCTAGTAGGCAGG-1
GRCh38,AAGTCTAGTGCACTCT-1
GRCh38,AAGTGAGGTAGGGCGA-1
GRCh38,AAGTGAGGTCTAATGA-1
GRCh38,AAGTGAGGTCTGGTGA-1
GRCh38,AAGTGAGGTGCACGTA-1
GRCh38,AAGTGTAAGAAGCATA-1
GRCh38,AAGTGTAAGACATGCC-1
GRCh38,AAGTGTAAGCAATATC-1
GRCh38,AAGTGTAAGGTAACCC-1
GRCh38,AAGTGTCGTACCTCCG-1
GRCh38,AAGTGTCGTCGGCTGG-1
GRCh38,AAGTGTCGTGGTATGT-1
GRCh38,AAGTTGCGTACAAGGA-1
GRCh38,AAGTTGCGTACATAGC-1
GRCh38,AAGTTGCGTGTTCTCA-1
GRCh38,AAGTTTGGTGCCCTAT-1
GRCh38,AATACAACACACTCTC-1
GRCh38,AATACAGAGAACGGGC-1
GRCh38,AATACAGAGATCTTCC-1
GRCh38,AATACCCCAAGGCGCA-1
GRCh38,AATACGAAGCGACAGA-1
GRCh38,AATACGTTCAATTCGG-1
GRCh38,AATACTGGTATCATCT-1
GRCh38,AATATAGCAAAGCCAA-1
GRCh38,AATATCCAGGTAAATG-1
GRCh38,AATATTCCAAGGGACT-1
GRCh38,AATATTCCACATAGAG-1
GRCh38,AATATTCCACTGCAAT-1
GRCh38,AATCACCCAAAGGGAG-1
GRCh38,AATCACCCAATGCTAC-1
GRCh38,AATCACCCAGCTAATC-1
GRCh38,AATCAGCGTCACGTTC-1
GRCh38,AATCAGCGTGGTTATA-1
GRCh38,AATCCCCGTACCTAGG-1
GRCh38,AATCCCGCAAGCGTAA-1
GRCh38,AATCCCGCACGTAGAA-1
GRCh38,AATCCCGCAGCTTACG-1
GRCh38,AATCCCTTCAATTCCC-1
GRCh38,AATCCCTTCCGAAACC-1
GRCh38,AATCCGGGTCTACAGG-1
GRCh38,AATCCTCTCGTGCATA-1
GRCh38,AATCGCGGTCAATGTA-1
GRCh38,AATCGGACACTATACA-1
GRCh38,AATCGTGTCCGAATGC-1
GRCh38,AATCGTGTCGTAATTA-1
GRCh38,AATCTAGGTGGAGCTC-1
GRCh38,AATCTATCACACCTCT-1
GRCh38,AATCTATCACCACAAT-1
GRCh38,AATCTCCTCCCTGCTA-1
GRCh38,AATCTCTGTCCTGTAC-1
GRCh38,AATCTGGTCGCACGTG-1
GRCh38,AATCTGTAGAGAAGGA-1
GRCh38,AATCTGTAGATTACGT-1
GRCh38,AATCTGTAGCAAGTTT-1
GRCh38,AATCTGTAGCATTAAC-1
GRCh38,AATCTGTAGCGTTCCC-1
GRCh38,AATCTGTAGGGCCATT-1
GRCh38,AATCTGTAGGTCGTAC-1
GRCh38,AATCTTCGTAAAGCCT-1
GRCh38,AATCTTCGTCTAGTGG-1
GRCh38,AATCTTCGTGTTCGAG-1
GRCh38,AATGAACCAAGTCTTA-1
GRCh38,AATGAACCAGTAATCC-1
GRCh38,AATGATGAGGCTCAAC-1
GRCh38,AATGCAAAGGGTGAAT-1
GRCh38,AATGCCCAGCCTTGCC-1
GRCh38,AATGCCCAGGGAGATT-1
GRCh38,AATGCGCTCACTCTCG-1
GRCh38,AATGCGCTCGTTCGGG-1
GRCh38,AATGCGGAGAACGAAC-1
GRCh38,AATGCGGAGACAACGG-1
GRCh38,AATGGAGGTGCAAGGG-1
GRCh38,AATGGCACACTCCGAA-1
GRCh38,AATGGCACAGGTCTAT-1
GRCh38,AATGGCGAGCCGCCAA-1
GRCh38,AATGGTAAGAATGTAG-1
GRCh38,AATGGTAAGGGCTAAG-1
GRCh38,AATGGTCGTATGCTGG-1
GRCh38,AATGGTTTCCAAATTA-1
GRCh38,AATGTACTCCAGCGCA-1
GRCh38,AATGTCAGTCATCGAG-1
GRCh38,AATGTGCGTGGCTATG-1
GRCh38,AATGTTATCCTCGTTG-1
GRCh38,AATGTTCAGGTTGCCG-1
GRCh38,AATTACTCAACCCATG-1
GRCh38,AATTACTCACGGCTTA-1
GRCh38,AATTACTCAGTCGGAG-1
GRCh38,AATTATGTCCAACTTC-1
GRCh38,AATTATGTCCTAGGGT-1
GRCh38,AATTATGTCGTCCATT-1
GRCh38,AATTCCCTCAGTCATG-1
GRCh38,AATTCCTGTCTTGTGC-1
GRCh38,AATTCGCCAGTTGGAA-1
GRCh38,AATTCGTAGAGCCCAT-1
GRCh38,AATTCGTAGAGGACAT-1
GRCh38,AATTCGTAGCATTTCC-1
GRCh38,AATTGAACAGCTACGC-1
GRCh38,AATTGAACAGCTCGGT-1
GRCh38,AATTGAGAGCCGATTA-1
GRCh38,AATTGAGAGGGGATTG-1
GRCh38,AATTGCCCAACTCCGA-1
GRCh38,AATTGCCCAGTGGGAT-1
GRCh38,AATTGGCGTACCTGCT-1
GRCh38,AATTGGCGTATCTCAT-1
GRCh38,AATTGGCGTCAGTATA-1
GRCh38,AATTGGCGTGCAAGGG-1
GRCh38,AATTGGGCAGTTGCGC-1
GRCh38,AATTGTATCCGGCATG-1
GRCh38,AATTGTGGTACTTGGG-1
GRCh38,AATTTCCGTCATCGAG-1
GRCh38,AATTTCCGTGGTCTCT-1
GRCh38,AATTTGCAGGCACCCA-1
GRCh38,AATTTGGGTGCGTAGC-1
GRCh38,ACAACAGCACCCAACA-1
GRCh38,ACAACATTCATTAACA-1
GRCh38,ACAACATTCCTTAACC-1
GRCh38,ACAACCATCATGGCTA-1
GRCh38,ACAACGCTCATCTTCA-1
GRCh38,ACAACGCTCGGGCATT-1
GRCh38,ACAACGGAGCCGGATT-1
GRCh38,ACAACGTGTACCATCC-1
GRCh38,ACAACGTGTGGCGATC-1
GRCh38,ACAACTGTCCAGTAAT-1
GRCh38,ACAACTGTCGTTGGGT-1
GRCh38,ACAAGAGGTATCTCAT-1
GRCh38,ACAAGATCACAACTTA-1
GRCh38,ACAAGCCTCCGCCTAC-1
GRCh38,ACAAGCGAGGTTATCG-1
GRCh38,ACAAGCTGTGTAGCGC-1
GRCh38,ACAAGGAGTGGTGGAG-1
GRCh38,ACAAGTAAGCTCGTGG-1
GRCh38,ACAAGTCGTCGCTTCG-1
GRCh38,ACAAGTCGTGCGTAGC-1
GRCh38,ACAAGTCGTGGCCCCT-1
GRCh38,ACAATACTCCGCTCTA-1
GRCh38,ACAATACTCCTACTAC-1
GRCh38,ACAATAGAGCATGCGT-1
GRCh38,ACAATAGAGCCGTATA-1
GRCh38,ACAATAGAGCGTTCAA-1
GRCh38,ACAATAGAGGTAGAGT-1
GRCh38,ACAATCCCACATCGGC-1
GRCh38,ACAATCCCACCGGTTA-1
GRCh38,ACAATGAAGCCTTGCC-1
GRCh38,ACAATTATCACCTTCG-1
GRCh38,ACAATTATCACTCCTG-1
GRCh38,ACAATTCAGCATTAGT-1
GRCh38,ACAATTGGTAAGGGTA-1
GRCh38,ACAATTGGTAGAGGCG-1
GRCh38,ACAATTGGTCAGTCTC-1
GRCh38,ACAATTTCAATACCCG-1
GRCh38,ACACAAGCACCAGCTA-1
GRCh38,ACACAAGCACCCATTC-1
GRCh38,ACACAAGCAGTGAGGT-1
GRCh38,ACACAATTCCATCACT-1
GRCh38,ACACACATCAACGGCT-1
GRCh38,ACACACATCACCCCTA-1
GRCh38,ACACAGACACCTCTCG-1
GRCh38,ACACATGTCCCTCGGT-1
GRCh38,ACACATGTCCTCTGCA-1
GRCh38,ACACATTAGGGTACGA-1
GRCh38,ACACCCACAACTTAAT-1
GRCh38,ACACCCACACCACCAA-1
GRCh38,ACACCCACACGTACAT-1
GRCh38,ACACCCGAGATCGTTG-1
GRCh38,ACACCCGAGCCATTGA-1
GRCh38,ACACCGTAGAAATGGC-1
GRCh38,ACACCGTAGCAGCGAA-1
GRCh38,ACACCTTTCCTCAGGG-1
GRCh38,ACACCTTTCGTAGTGC-1
GRCh38,ACACGGGCAAGACGTA-1
GRCh38,ACACGGGCACGCAGCT-1
GRCh38,ACACGTATCATGTAAC-1
GRCh38,ACACTCCGTCTATCGC-1
GRCh38,ACACTCGCAGCATCCA-1
GRCh38,ACACTCGCAGCGACCT-1
GRCh38,ACACTTACACGTGCTA-1
GRCh38,ACACTTCTCACTTCCG-1
GRCh38,ACACTTCTCGCTCATT-1
GRCh38,ACAGAACAGGGAGAGG-1
GRCh38,ACAGAAGGTAAACGCT-1
GRCh38,ACAGAAGGTAGTCGGC-1
GRCh38,ACAGAAGGTCGCGTCC-1
GRCh38,ACAGAAGGTCGTCGGG-1
GRCh38,ACAGAATCACTCGACA-1
GRCh38,ACAGAATCAGGCATTT-1
GRCh38,ACAGAATCAGTCAAGA-1
GRCh38,ACAGACGAGCTATAGT-1
GRCh38,ACAGAGCCACCCTAAG-1
GRCh38,ACAGAGCCACTAGGGG-1
GRCh38,ACAGCACTCAGCCATA-1
GRCh38,ACAGCACTCAGTTTCC-1
GRCh38,ACAGCACTCGTCAAAT-1
GRCh38,ACAGCAGAGCGGTTAC-1
GRCh38,ACAGCATGTAATCCGG-1
GRCh38,ACAGCCCCAATTGTAT-1
GRCh38,ACAGCCTAGATCTGCA-1
GRCh38,ACAGCGAAGACATATC-1
GRCh38,ACAGCGCGTGTGCGCG-1
GRCh38,ACAGCGTTCATCATCC-1
GRCh38,ACAGCTATCCATAAGT-1
GRCh38,ACAGGACCACTGCGTA-1
GRCh38,ACAGGATAGATCGTAT-1
GRCh38,ACAGGCTTCATATGTA-1
GRCh38,ACAGGTCTCACTAATA-1
GRCh38,ACAGGTCTCATTCGTC-1
GRCh38,ACAGTCTCAAAACCTC-1
GRCh38,ACAGTCTCACGCCTAA-1
GRCh38,ACAGTTAGTATCATTC-1
GRCh38,ACAGTTAGTGCATCAG-1
GRCh38,ACAGTTGTCGCACGTG-1
GRCh38,ACATAACTCACATCTC-1
GRCh38,ACATACCCAGCCTTAG-1
GRCh38,ACATAGCGTACTCCCG-1
GRCh38,ACATAGCGTCACGGCG-1
GRCh38,ACATAGCGTCATACCC-1
GRCh38,ACATAGCGTCCCAATC-1
GRCh38,ACATAGGCAGTGAAGC-1
GRCh38,ACATATTCAACTGGGG-1
GRCh38,ACATATTCAAGGGTCG-1
GRCh38,ACATCAGTCCCACAGG-1
GRCh38,ACATCAGTCCTGTCGC-1
GRCh38,ACATCAGTCGCCATAA-1
GRCh38,ACATCATAGCAATCCA-1
GRCh38,ACATCCAAGAAGCCAG-1
GRCh38,ACATCCCGTGGTAGCC-1
GRCh38,ACATCCGCAACTGAAG-1
GRCh38,ACATCTCTCCGCGGTA-1
GRCh38,ACATGCCAGCGCGTCA-1
GRCh38,ACATGCTCACCGTACA-1
GRCh38,ACATGGACAAAGTATA-1
GRCh38,ACATGGACACCCATTC-1
GRCh38,ACATGGACAGCATGGG-1
GRCh38,ACATGGGAGCTATGTG-1
GRCh38,ACATGGGAGGTTGTGC-1
GRCh38,ACATTAATCATAACAC-1
GRCh38,ACATTAGGTATAGGAG-1
GRCh38,ACATTATCAATCTGAC-1
GRCh38,ACATTCCTCAACGTTG-1
GRCh38,ACATTCCTCCTAGGGT-1
GRCh38,ACATTCGAGAATGGGT-1
GRCh38,ACATTGGTCCATATCC-1
GRCh38,ACATTGGTCGCATCGG-1
GRCh38,ACATTTCGTCGAGGCT-1
GRCh38,ACATTTCGTGTCTTAT-1
GRCh38,ACCAAATTCATCCCAT-1
GRCh38,ACCAACATCAAACCCA-1
GRCh38,ACCAACATCCATGCTT-1
GRCh38,ACCAACTCAAGCTGCC-1
GRCh38,ACCAACTCACAGGACG-1
GRCh38,ACCAATGTCACTACTC-1
GRCh38,ACCAATGTCCAATGCA-1
GRCh38,ACCAATTAGGCAATCC-1
GRCh38,ACCACAATCATATTAG-1
GRCh38,ACCACAATCCCGGGTA-1
GRCh38,ACCACAATCGTTATAA-1
GRCh38,ACCACGTAGACAAGAC-1
GRCh38,ACCACGTAGCACTTTC-1
GRCh38,ACCACGTAGCATCACA-1
GRCh38,ACCAGAACACCCTGAA-1
GRCh38,ACCAGATGTAACGTCG-1
GRCh38,ACCATACCAAGTACGA-1
GRCh38,ACCATCCGTCATTTCG-1
GRCh38,ACCATCGCAACGGGAT-1
GRCh38,ACCATCGCACTAAGGA-1
GRCh38,ACCATCTTCACCCTAT-1
GRCh38,ACCATCTTCCTCGTTG-1
GRCh38,ACCATCTTCGTGCTAA-1
GRCh38,ACCATGCAGAAACGGT-1
GRCh38,ACCATGGGTACGAAAG-1
GRCh38,ACCATGGGTGTACTCC-1
GRCh38,ACCATTCTCGCGCCTT-1
GRCh38,ACCCAAATCACAATTA-1
GRCh38,ACCCAAATCGTTCGGG-1
GRCh38,ACCCAACAGCGAAGAT-1
GRCh38,ACCCAACAGCTCAGTA-1
GRCh38,ACCCATCGTCCATCCG-1
GRCh38,ACCCATGCAATTCGAC-1
GRCh38,ACCCCAACACAGTGGG-1
GRCh38,ACCCCAACAGGTTGCC-1
GRCh38,ACCCCAGAGACGCGAA-1
GRCh38,ACCCCAGAGAGCGTGA-1
GRCh38,ACCCCAGAGGCGGATA-1
GRCh38,ACCCCATGTCAGCGGT-1
GRCh38,ACCCCGAAGCCAAGCT-1
GRCh38,ACCCCGAAGCCATAGC-1
GRCh38,ACCCCGAAGGGTACGA-1
GRCh38,ACCCCTATCACTATAA-1
GRCh38,ACCCCTATCCAATTCC-1
GRCh38,ACCCCTATCCTATTGC-1
GRCh38,ACCCCTGGTCGCGTGG-1
GRCh38,ACCCGACCAAGTGGCG-1
GRCh38,ACCCGATAGAAGTACA-1
GRCh38,ACCCGATAGCGTTGGT-1
GRCh38,ACCCGCTTCCGGCTTC-1
GRCh38,ACCCGTACAAATATCT-1
GRCh38,ACCCGTACAATTCTAG-1
GRCh38,ACCCGTACAGCGCGAA-1
GRCh38,ACCCGTGAGACTTTGG-1
GRCh38,ACCCGTTGTCTCGAAG-1
GRCh38,ACCCGTTGTGGGACTC-1
GRCh38,ACCCTAAAGATACCAT-1
GRCh38,ACCCTAAAGGCTTGTA-1
GRCh38,ACCCTAAAGGTAGTTT-1
GRCh38,ACCCTCTCACACAAGA-1
GRCh38,ACCCTCTCACATGATC-1
GRCh38,ACCCTGCTCCGCATGG-1
GRCh38,ACCCTGCTCGTAACCA-1
GRCh38,ACCCTGCTCGTAGCAC-1
GRCh38,ACCCTTAGTATCGCTC-1
GRCh38,ACCCTTAGTCCGTGTT-1
GRCh38,ACCCTTTAGATGGGAT-1
GRCh38,ACCCTTTAGCGAGTCT-1
GRCh38,ACCTAACCAAAGTACG-1
GRCh38,ACCTAACCAACCTCTC-1
GRCh38,ACCTAACCAAGAGATT-1
GRCh38,ACCTAACCACAATCAC-1
GRCh38,ACCTACAAGCATGCGT-1
GRCh38,ACCTACGCAAGGGACT-1
GRCh38,ACCTAGTCAAGGGTCG-1
GRCh38,ACCTAGTCAATGCATC-1
GRCh38,ACCTAGTCACTTATAG-1
GRCh38,ACCTAGTCAGGTTTAC-1
GRCh38,ACCTATGAGACTATCG-1
GRCh38,ACCTATGAGATCCCAA-1
GRCh38,ACCTATGAGCTACAAT-1
GRCh38,ACCTCAGCACGGTGCT-1
GRCh38,ACCTCATTCACAGGTC-1
GRCh38,ACCTCCATCGTGATAT-1
GRCh38,ACCTCCATCGTTGCCC-1
GRCh38,ACCTCCGGTCTTAGGG-1
GRCh38,ACCTCTGTCCAGCAGT-1
GRCh38,ACCTCTGTCGCACCCT-1
GRCh38,ACCTGCACAAATACAA-1
GRCh38,ACCTGCACAGGAATAT-1
GRCh38,ACCTGCGAGAGCGACA-1
GRCh38,ACCTGCTGTAACAGGA-1
GRCh38,ACCTGTAAGATTACAC-1
GRCh38,ACCTGTAAGATTACCG-1
GRCh38,ACCTGTAAGCCTAGTA-1
GRCh38,ACCTGTAAGGTCGGAA-1
GRCh38,ACCTGTCGTAACTAGC-1
GRCh38,ACCTGTCGTCAGCCTT-1
GRCh38,ACCTTACTCGGTCTAA-1
GRCh38,ACCTTAGAGATATCAC-1
GRCh38,ACCTTAGAGCGGGTTT-1
GRCh38,ACCTTAGAGGGAATTA-1
GRCh38,ACCTTATGTAGACGTT-1
GRCh38,ACCTTTGGTGGTGCGT-1
GRCh38,ACGAAATCACAAACCT-1
GRCh38,ACGAACACACATCACG-1
GRCh38,ACGAACACACTCGTTC-1
GRCh38,ACGAACCTCGGACATC-1
GRCh38,ACGAACCTCGTCAAAT-1
GRCh38,ACGAACGAGCGCTGTG-1
GRCh38,ACGAACGAGGCTGGTT-1
GRCh38,ACGAAGCCAAAACGAT-1
GRCh38,ACGAAGTAGAAAGGTC-1
GRCh38,ACGACAGAGCCTTTAC-1
GRCh38,ACGACAGAGGGGATTG-1
GRCh38,ACGACCCCAAACTCAC-1
GRCh38,ACGACCCCAGCGTAGG-1
GRCh38,ACGACGAAGCCTTTCG-1
GRCh38,ACGAGACCAACCCTAG-1
GRCh38,ACGAGACCACGATAAG-1
GRCh38,ACGAGACCAGCGCGAA-1
GRCh38,ACGAGCTTCGCATCAA-1
GRCh38,ACGAGGCAGAGGGATT-1
GRCh38,ACGAGGCAGCACTTAG-1
GRCh38,ACGAGGTCAACACGGG-1
GRCh38,ACGAGTTGTAGAGTAG-1
GRCh38,ACGAGTTGTGCCTTTA-1
GRCh38,ACGATAGCAATCGAAG-1
GRCh38,ACGATATTCACTACTC-1
GRCh38,ACGATATTCGTTGGGT-1
GRCh38,ACGATGGAGACAGAAC-1
GRCh38,ACGATGGAGGGGTTGA-1
GRCh38,ACGATGGAGGTAGGGC-1
GRCh38,ACGCAACTCAATATGC-1
GRCh38,ACGCAACTCATTGTGG-1
GRCh38,ACGCACCCAGGAGTTA-1
GRCh38,ACGCAGGCAACGTTAC-1
GRCh38,ACGCAGGCAGGAACGT-1
GRCh38,ACGCAGTTCCCTCTAG-1
GRCh38,ACGCATATCACTGACA-1
GRCh38,ACGCATATCAGCTGTA-1
GRCh38,ACGCATATCATTGGGC-1
GRCh38,ACGCCACCACAGGACG-1
GRCh38,ACGCCACCAGTGCACC-1
GRCh38,ACGCCATAGCAGGGTA-1
GRCh38,ACGCCATAGCTCACCC-1
GRCh38,ACGCCATAGGTAGGGC-1
GRCh38,ACGCCATAGGTCCGAT-1
GRCh38,ACGCCCAAGAATTTGC-1
GRCh38,ACGCCCAAGAGTAAGC-1
GRCh38,ACGCCCAAGGCCATCG-1
GRCh38,ACGCCCTTCCAAGTAT-1
GRCh38,ACGCCGGGTCATGGAT-1
GRCh38,ACGCCTCTCGTAATCG-1
GRCh38,ACGCGAAAGAATTGTC-1
GRCh38,ACGCGAGCACTCCATC-1
GRCh38,ACGCGAGCACTGTACG-1
GRCh38,ACGCGCATCCTGGGTG-1
GRCh38,ACGCGTCCAAAGCAAT-1
GRCh38,ACGCGTGTCCGGTCCT-1
GRCh38,ACGCGTGTCGCGGCTA-1
GRCh38,ACGCGTTAGCGAATGG-1
GRCh38,ACGCTCACAAGAAGCC-1
GRCh38,ACGCTCACACCTCACT-1
GRCh38,ACGCTCACACGCGTAC-1
GRCh38,ACGCTCCTCCGAATGC-1
GRCh38,ACGCTCCTCCTACTTA-1
GRCh38,ACGCTGAGTATGTTAG-1
GRCh38,ACGCTGAGTCGTACCT-1
GRCh38,ACGCTTCGTGCTTAGG-1
GRCh38,ACGGACGCAAAACGAT-1
GRCh38,ACGGACGCAGCAACTT-1
GRCh38,ACGGACGCAGGAAGCT-1
GRCh38,ACGGAGCAGAGGTTGG-1
GRCh38,ACGGATTGTAGCTGAT-1
GRCh38,ACGGATTGTCCGTCCA-1
GRCh38,ACGGCAAAGAAGGCGC-1
GRCh38,ACGGCAAAGCTCACCC-1
GRCh38,ACGGCAAAGGGCCATT-1
GRCh38,ACGGCCATCACTCACT-1
GRCh38,ACGGGCTGTGGTTTAA-1
GRCh38,ACGGGGTAGGTCGGTT-1
GRCh38,ACGGGTAAGCTGATTG-1
GRCh38,ACGGGTCGTACTGTGG-1
GRCh38,ACGGTCGTCACTACTC-1
GRCh38,ACGGTCGTCCTATTGC-1
GRCh38,ACGGTGCGTATTACAG-1
GRCh38,ACGGTGCGTCATCGAG-1
GRCh38,ACGGTGCGTGCGTTTC-1
GRCh38,ACGGTGTTCATGTTAA-1
GRCh38,ACGGTGTTCCTCGAAA-1
GRCh38,ACGGTTATCAAGCCTA-1
GRCh38,ACGGTTGGTGTTATAG-1
GRCh38,ACGTAAGCAACGGACG-1
GRCh38,ACGTAATTCAGCCTCC-1
GRCh38,ACGTAATTCCCAACCC-1
GRCh38,ACGTACTCACCGTTAG-1
GRCh38,ACGTCAATCAGGCCAT-1
GRCh38,ACGTCAATCCCAATAG-1
GRCh38,ACGTCACAGACCCCGA-1
GRCh38,ACGTCACAGCCTCGAG-1
GRCh38,ACGTCAGGTAGACGTT-1
GRCh38,ACGTCAGGTCATAAGC-1
GRCh38,ACGTCAGGTCATGGGC-1
GRCh38,ACGTCAGGTGGCGAAG-1
GRCh38,ACGTCGGTCCCTGATT-1
GRCh38,ACGTCGGTCGCAAACC-1
GRCh38,ACGTCTCGTAGGACGG-1
GRCh38,ACGTCTCGTCACTTAT-1
GRCh38,ACGTGCAGTATAGGGA-1
GRCh38,ACGTGCAGTATATTGG-1
GRCh38,ACGTGCCCACTCTCCG-1
GRCh38,ACGTGGGCAACCTCAG-1
GRCh38,ACGTGGGCAGCATAGA-1
GRCh38,ACGTGGTTCCGTCGTC-1
GRCh38,ACGTTACCAACAGACA-1
GRCh38,ACGTTATAGGTAGTGG-1
GRCh38,ACGTTCCGTAATGGTC-1
GRCh38,ACGTTCCGTGCTATAA-1
GRCh38,ACGTTCGCACGAAGGT-1
GRCh38,ACGTTCGCAGTTCTCC-1
GRCh38,ACGTTGGGTGGTCTCT-1
GRCh38,ACGTTTACACAAGGCG-1
GRCh38,ACGTTTACACGCCTAA-1
GRCh38,ACTAAACTCAAATCTA-1
GRCh38,ACTAAACTCATAACTA-1
GRCh38,ACTAAACTCATCCTAC-1
GRCh38,ACTAAACTCCGAATCA-1
GRCh38,ACTAACCCACTAACCG-1
GRCh38,ACTAACCCAGCTACCA-1
GRCh38,ACTAACGTCCCACATT-1
GRCh38,ACTAACGTCGCTTCAT-1
GRCh38,ACTAAGGCAGCTTACG-1
GRCh38,ACTAATCAGAAACCAA-1
GRCh38,ACTAATCAGGTAATGA-1
GRCh38,ACTAATGGTCATGGAT-1
GRCh38,ACTAATTCAACGTCGC-1
GRCh38,ACTACATAGATGCCAC-1
GRCh38,ACTACATAGGTCCGAT-1
GRCh38,ACTACGGGTCTACTGC-1
GRCh38,ACTACTCTCCTGGGTG-1
GRCh38,ACTACTTGTAAATCTG-1
GRCh38,ACTACTTGTCCAACGA-1
GRCh38,ACTACTTGTCCTTAGC-1
GRCh38,ACTATAATCACTTAAA-1
GRCh38,ACTATAATCGGTCCCT-1
GRCh38,ACTATATCAAAAGGAA-1
GRCh38,ACTATATCAATCAGCT-1
GRCh38,ACTATATCACTGAAAG-1
GRCh38,ACTATCACAAACATGG-1
GRCh38,ACTATCACAAATGAAC-1
GRCh38,ACTATCACACTAGGAA-1
GRCh38,ACTATCACAGGTTAGA-1
GRCh38,ACTATCCTCGGTCAGT-1
GRCh38,ACTATCCTCGTATTCC-1
GRCh38,ACTATCGAGCAAAGGT-1
GRCh38,ACTATGAGTCTACTGC-1
GRCh38,ACTATGTAGCATCGCG-1
GRCh38,ACTATGTAGCTACACA-1
GRCh38,ACTATTCGTCAATATG-1
GRCh38,ACTATTCGTGTATCTT-1
GRCh38,ACTCACGCAGCATTAC-1
GRCh38,ACTCAGCAGATCCACA-1
GRCh38,ACTCAGGGTCGTCTTA-1
GRCh38,ACTCATCTCATGGCTA-1
GRCh38,ACTCATTGTGCTGCCC-1
GRCh38,ACTCCAAAGCTTGGCG-1
GRCh38,ACTCCATTCCGATAAT-1
GRCh38,ACTCCCGGTCAATTCT-1
GRCh38,ACTCCCTCAATCTGAC-1
GRCh38,ACTCCCTCACTTAGCG-1
GRCh38,ACTCCGCTCAAACCAT-1
GRCh38,ACTCGAGGTGCCATAG-1
GRCh38,ACTCGCACAATGATCC-1
GRCh38,ACTCGCCTCAACGTGC-1
GRCh38,ACTCGCTGTCACTTTG-1
GRCh38,ACTCGGCCAAGCCGAG-1
GRCh38,ACTCTATGTGGTGGAG-1
GRCh38,ACTCTCCCAAAGGCAC-1
GRCh38,ACTCTCGTCATACTAA-1
GRCh38,ACTCTGTTCCCACACC-1
GRCh38,ACTCTGTTCCCGACTC-1
GRCh38,ACTCTGTTCCTTAGTC-1
GRCh38,ACTCTTATCGTACATG-1
GRCh38,ACTGAAGCAAACCTTA-1
GRCh38,ACTGACATCGGGCCTA-1
GRCh38,ACTGAGACACAGCGTC-1
GRCh38,ACTGATTAGAAGCTAA-1
GRCh38,ACTGATTAGCATGGTC-1
GRCh38,ACTGCAGGTGCTTGGA-1
GRCh38,ACTGCCCTCCAGCTCC-1
GRCh38,ACTGCCGAGCTCCTCA-1
GRCh38,ACTGCGTAGATTCACG-1
GRCh38,ACTGCGTAGCTCGTTT-1
GRCh38,ACTGCGTAGGGAATGT-1
GRCh38,ACTGCGTAGGTCATGC-1
GRCh38,ACTGGCGTCCGTCGCT-1
GRCh38,ACTGGCGTCGGCTGCA-1
GRCh38,ACTGGGCGTAAGCGTT-1
GRCh38,ACTGGGGCAGTATTCA-1
GRCh38,ACTGTCTTCCTCGGCT-1
GRCh38,ACTGTGGGTCATCATT-1
GRCh38,ACTGTGGGTGCTCTTA-1
GRCh38,ACTGTTCTCCCCACTA-1
GRCh38,ACTGTTGAGCCCATGG-1
GRCh38,ACTGTTGAGGTTCATG-1
GRCh38,ACTTAAATCGCACTCC-1
GRCh38,ACTTAACAGAGCCGTT-1
GRCh38,ACTTAACAGCCATACA-1
GRCh38,ACTTAAGGTACAAGTC-1
GRCh38,ACTTAAGGTATCCTGC-1
GRCh38,ACTTACACAGGCACTC-1
GRCh38,ACTTACCTCCCTGCAC-1
GRCh38,ACTTACGAGCGACAGA-1
GRCh38,ACTTCAACACGTCGTA-1
GRCh38,ACTTCAGAGCTAATAC-1
GRCh38,ACTTCATGTATGCCAG-1
GRCh38,ACTTCATGTGGGTGAG-1
GRCh38,ACTTCTATCGTGTAAT-1
GRCh38,ACTTGCTTCATACCCT-1
GRCh38,ACTTGCTTCCGGTTAA-1
GRCh38,ACTTGCTTCGCGTTAA-1
GRCh38,ACTTGTGAGCTGAATT-1
GRCh38,ACTTTAGCACTTCTAT-1
GRCh38,ACTTTAGCAGGATTAG-1
GRCh38,ACTTTCATCACATCAG-1
GRCh38,ACTTTCATCAGTAAAG-1
GRCh38,ACTTTCCAGCCGATTA-1
GRCh38,ACTTTCGGTATCCGAG-1
GRCh38,ACTTTCGGTCAGTTGG-1
GRCh38,ACTTTCGGTGTCCCGC-1
GRCh38,AGAAGCTAGCACAATT-1
GRCh38,AGAAGGAAGCACGTAC-1
GRCh38,AGAAGGAAGCTCCGGA-1
GRCh38,AGAATAGTCCGCACTC-1
GRCh38,AGAATGGGTAAGCCAT-1
GRCh38,AGAATGGGTAGTTATG-1
GRCh38,AGAATGGGTCCTCGAT-1
GRCh38,AGAATGGGTGCCCGAG-1
GRCh38,AGAATTACAAGAATTA-1
GRCh38,AGAATTACAAGTACAG-1
GRCh38,AGAATTGAGATCCGTA-1
GRCh38,AGAATTGAGCGTTGCG-1
GRCh38,AGAATTGAGCTCATAG-1
GRCh38,AGACAATCAATCCCGA-1
GRCh38,AGACAGCCAGCGAAAC-1
GRCh38,AGACAGGTCCGATAGC-1
GRCh38,AGACAGGTCGTATTAA-1
GRCh38,AGACATAAGACCTGTA-1
GRCh38,AGACATAAGACGTCCG-1
GRCh38,AGACATTTCATAGCGC-1
GRCh38,AGACGACCAAATGAAC-1
GRCh38,AGACGACCAGGTTCGC-1
GRCh38,AGACGCTTCCCACAGG-1
GRCh38,AGACGCTTCCCTAATC-1
GRCh38,AGACGTACAACGGTCC-1
GRCh38,AGACGTACAGTGGCAG-1
GRCh38,AGACGTTGTAATTCCT-1
GRCh38,AGACTCATCAGCGCCA-1
GRCh38,AGACTCATCCGATAGC-1
GRCh38,AGACTCATCCTTATCA-1
GRCh38,AGACTCGGTCCGCCGT-1
GRCh38,AGACTCGGTGCGTTAG-1
GRCh38,AGACTCGGTGGCGTGT-1
GRCh38,AGACTCGGTGGGAGCA-1
GRCh38,AGACTGCTCCGATACA-1
GRCh38,AGACTTTAGGCTTGCG-1
GRCh38,AGAGAACTCCAATTAA-1
GRCh38,AGAGAACTCGCATAAT-1
GRCh38,AGAGAATGTACTCATT-1
GRCh38,AGAGAGGCAATACACC-1
GRCh38,AGAGAGGCACGACACC-1
GRCh38,AGAGAGGCAGCTAGGG-1
GRCh38,AGAGATGGTATCCAGG-1
GRCh38,AGAGATTCAGGAAACC-1
GRCh38,AGAGGAAAGCAAGACG-1
GRCh38,AGAGGGACAGTAGCGG-1
GRCh38,AGAGGGTGTCCGTCTG-1
GRCh38,AGAGGTAGTCAATGCG-1
GRCh38,AGAGGTTAGAAGCGGC-1
GRCh38,AGAGTAATCATCTTCA-1
GRCh38,AGAGTGAGTAACGCTG-1
GRCh38,AGAGTGAGTGTGGCGT-1
GRCh38,AGAGTGAGTGTTGGGC-1
GRCh38,AGAGTTAAGCACTATG-1
GRCh38,AGAGTTAAGGCTATGC-1
GRCh38,AGCAAATCAACGATAG-1
GRCh38,AGCAACGAGCGATTTG-1
GRCh38,AGCAACGAGGCTCAGT-1
GRCh38,AGCAAGTAGAACACCC-1
GRCh38,AGCAATCGTGCTTGGA-1
GRCh38,AGCAATTTCATCTTCA-1
GRCh38,AGCACAACAAAGCAAT-1
GRCh38,AGCACAACAGGTTCGC-1
GRCh38,AGCACTATCAACGTTG-1
GRCh38,AGCAGTACAAGTACTC-1
GRCh38,AGCAGTTGTACCTTTG-1
GRCh38,AGCAGTTGTGCCCTAT-1
GRCh38,AGCAGTTGTGTTACGG-1
GRCh38,AGCATAGCAAACGAGC-1
GRCh38,AGCATATTCGCTCCTA-1
GRCh38,AGCATCGGTAGGATAG-1
GRCh38,AGCATCGGTCTGGCTT-1
GRCh38,AGCATGGAGACATTCG-1
GRCh38,AGCATGGAGCATGGTC-1
GRCh38,AGCATTGTCAATGTTA-1
GRCh38,AGCATTTAGCGTTCCC-1
GRCh38,AGCATTTAGGTTGCGT-1
GRCh38,AGCCAACTCAACGCAC-1
GRCh38,AGCCAACTCAATACGT-1
GRCh38,AGCCAACTCCGTATCT-1
GRCh38,AGCCAACTCGTCGCTC-1
GRCh38,AGCCAGCGTGTTGGAT-1
GRCh38,AGCCCATAGAGCCGAA-1
GRCh38,AGCCCATAGCACTGTA-1
GRCh38,AGCCCATAGCGCATCG-1
GRCh38,AGCCCCAAGATGGTAA-1
GRCh38,AGCCCCAAGCCACTAA-1
GRCh38,AGCCCCTTCACGCAGT-1
GRCh38,AGCCCCTTCACTTGTC-1
GRCh38,AGCCCTCTCACAGCGT-1
GRCh38,AGCCGAAAGCAAACCC-1
GRCh38,AGCCGAAAGGCGAATG-1
GRCh38,AGCCGCATCGTGGCAT-1
GRCh38,AGCCGTCCAAGGATCA-1
GRCh38,AGCCGTCCACATGCCA-1
GRCh38,AGCCGTCCACTGACCA-1
GRCh38,AGCCGTGTCCGCTTCA-1
GRCh38,AGCCGTGTCCGTATAG-1
GRCh38,AGCCGTGTCGCCACTC-1
GRCh38,AGCCGTTAGCACGAAG-1
GRCh38,AGCCTCTGTCCGTAAG-1
GRCh38,AGCCTTCGTAACGCTG-1
GRCh38,AGCCTTCGTGCCTTGT-1
GRCh38,AGCCTTCGTGTACCCT-1
GRCh38,AGCGAACCAGTGAGCG-1
GRCh38,AGCGATACACGTGCTA-1
GRCh38,AGCGCAGCAGGACTTT-1
GRCh38,AGCGCAGCAGTCAACT-1
GRCh38,AGCGCCATCAACATTA-1
GRCh38,AGCGCGACAGCTAGCC-1
GRCh38,AGCGCTCCAATCGCCA-1
GRCh38,AGCGGACAGCCTAATG-1
GRCh38,AGCGGAGGTACGCGCG-1
GRCh38,AGCGGAGGTACTTCGC-1
GRCh38,AGCGGAGGTGGCATGC-1
GRCh38,AGCGGAGGTGTGTCCT-1
GRCh38,AGCGGGTAGCACCATA-1
GRCh38,AGCGGGTAGCCGGTAT-1
GRCh38,AGCGGTAAGCAAACTT-1
GRCh38,AGCGGTCGTATTACAG-1
GRCh38,AGCGGTCGTCATTATC-1
GRCh38,AGCGGTCGTGGATGTT-1
GRCh38,AGCGGTTTCATCTCCG-1
GRCh38,AGCGTAACACGACACC-1
GRCh38,AGCGTAGAGCCATACA-1
GRCh38,AGCGTATGTCGTAGAT-1
GRCh38,AGCGTCCCACCAGTGC-1
GRCh38,AGCGTCCCACGGCTAC-1
GRCh38,AGCGTCCCACTAGTCG-1
GRCh38,AGCGTGAAGGCACGTT-1
GRCh38,AGCGTGCGTAGGCGGA-1
GRCh38,AGCTATGTCCCGAAAC-1
GRCh38,AGCTATGTCCTCTGGC-1
GRCh38,AGCTATGTCGGTTACA-1
GRCh38,AGCTGAACAGGGCTAG-1
GRCh38,AGCTGATGTGGGATAA-1
GRCh38,AGCTGCCCAACGTTTA-1
GRCh38,AGCTGGGCAAAATCTT-1
GRCh38,AGCTGTATCCGGAAAG-1
GRCh38,AGCTTACCACAGTCGC-1
GRCh38,AGCTTACCAGCTTTAA-1
GRCh38,AGCTTATAGAATATCC-1
GRCh38,AGCTTCCGTCATACTT-1
GRCh38,AGCTTCGCAACATTAT-1
GRCh38,AGCTTCGCAATACCCG-1
GRCh38,AGCTTGCAGCTCCGGA-1
GRCh38,AGCTTGGGTATATGTG-1
GRCh38,AGCTTGGGTCATCAGG-1
GRCh38,AGCTTTACACCCATAG-1
GRCh38,AGGAAACTCCGCAATA-1
GRCh38,AGGAAATGTCTACTGC-1
GRCh38,AGGAAATGTGGTCTAG-1
GRCh38,AGGAATGGTAATTGGC-1
GRCh38,AGGAATGGTGGTCCCC-1
GRCh38,AGGACACCAAGTCGGG-1
GRCh38,AGGACATAGCCTAGAC-1
GRCh38,AGGACCAAGATCGGAG-1
GRCh38,AGGACGCAGGGAATTA-1
GRCh38,AGGACGGGTAAGGCCC-1
GRCh38,AGGACGGGTATCGCAG-1
GRCh38,AGGACGGGTGGCTAGC-1
GRCh38,AGGACTCTCAACGGCT-1
GRCh38,AGGACTCTCACATGTG-1
GRCh38,AGGAGCCAGCGTTAAT-1
GRCh38,AGGAGCCAGGCGTTTA-1
GRCh38,AGGAGGACAAAACCTC-1
GRCh38,AGGAGGACAGCTAACT-1
GRCh38,AGGAGTAGTACCACCT-1
GRCh38,AGGATAGGTCCGCCGT-1
GRCh38,AGGATTCGTCCAGCCC-1
GRCh38,AGGATTCGTGGTTCGA-1
GRCh38,AGGCACGCAATGCGCC-1
GRCh38,AGGCACTTCCTAAACG-1
GRCh38,AGGCACTTCGCTCCGT-1
GRCh38,AGGCAGCAGATACAGA-1
GRCh38,AGGCCAAAGAGTACGG-1
GRCh38,AGGCCCATCACACCTT-1
GRCh38,AGGCCCATCAGACTTG-1
GRCh38,AGGCCCATCCGACGCA-1
GRCh38,AGGCCCATCGTATGTG-1
GRCh38,AGGCCGACACAATGGA-1
GRCh38,AGGCCGTGTCAAAGGA-1
GRCh38,AGGCCGTGTCATAGCG-1
GRCh38,AGGCGCTGTCGCCGTC-1
GRCh38,AGGCGTAAGCGGTGTT-1
GRCh38,AGGCTCAGTATCATTC-1
GRCh38,AGGCTCAGTCTTGTCA-1
GRCh38,AGGCTCCCAAGGGCAT-1
GRCh38,AGGCTCCCAGTGTGGG-1
GRCh38,AGGCTGAAGAGCCTGT-1
GRCh38,AGGCTGAAGATCTTCC-1
GRCh38,AGGCTGAAGGGGGTAC-1
GRCh38,AGGCTGTTCACTCTTA-1
GRCh38,AGGCTGTTCATTCAAA-1
GRCh38,AGGCTGTTCGTACCTT-1
GRCh38,AGGCTTATCACAACCA-1
GRCh38,AGGCTTATCCGTCATT-1
GRCh38,AGGGACTCACAGCAGG-1
GRCh38,AGGGAGTGTAATGGAG-1
GRCh38,AGGGATTAGAATGGTA-1
GRCh38,AGGGCATCAACTAACC-1
GRCh38,AGGGCATCACACAAGA-1
GRCh38,AGGGCATCAGTTGAAG-1
GRCh38,AGGGCGAGTGCATAGT-1
GRCh38,AGGGCTTTCAACTGCA-1
GRCh38,AGGGGAACACGCATAT-1
GRCh38,AGGGGATGTACGCATG-1
GRCh38,AGGGGATGTGGCTTAG-1
GRCh38,AGGGGCTAGCTGTCGG-1
GRCh38,AGGGGCTAGGCTTTAG-1
GRCh38,AGGGGTATCACTCCCA-1
GRCh38,AGGGGTCAGACATCCA-1
GRCh38,AGGGGTCAGGGCCTTG-1
GRCh38,AGGGTAAGTACGGATT-1
GRCh38,AGGGTATAGCCGGATT-1
GRCh38,AGGGTCGCACGGGTCT-1
GRCh38,AGGGTCGCACTTAGCG-1
GRCh38,AGGGTGCAGACACGGA-1
GRCh38,AGGGTGCAGAGGGACC-1
GRCh38,AGGGTGCAGCCGTGAT-1
GRCh38,AGGGTGCAGCGGAATG-1
GRCh38,AGGGTGCAGGGCGATA-1
GRCh38,AGGGTTCTCGGTCGCA-1
GRCh38,AGGTAACAGGTCCACG-1
GRCh38,AGGTAAGGTATCTCTG-1
GRCh38,AGGTAAGGTGTATAGC-1
GRCh38,AGGTAATCAGCGGGTA-1
GRCh38,AGGTATAAGCTATCAG-1
GRCh38,AGGTGATAGAGAGGTT-1
GRCh38,AGGTGATAGCTGCGAT-1
GRCh38,AGGTTAAAGCCATTTC-1
GRCh38,AGGTTAAAGGGAGGTC-1
GRCh38,AGGTTCATCCCATATC-1
GRCh38,AGGTTGGAGGGTACAG-1
GRCh38,AGGTTGTGTCGAAGTT-1
GRCh38,AGGTTTAGTAGTCTGG-1
GRCh38,AGGTTTAGTCTGGTGA-1
GRCh38,AGTAAACCAAAATTTC-1
GRCh38,AGTAACGCAGTTAGCT-1
GRCh38,AGTAATGAGACTTACG-1
GRCh38,AGTAATGAGGGCTGAA-1
GRCh38,AGTACATTCCTAAACG-1
GRCh38,AGTACGACAGTGGTAA-1
GRCh38,AGTACGCTCCCGTCTA-1
GRCh38,AGTACGTGTCCGATAG-1
GRCh38,AGTACTGTCACGTCAA-1
GRCh38,AGTACTGTCACGTGGT-1
GRCh38,AGTATAACAATGCCGC-1
GRCh38,AGTATAGAGAACTAGA-1
GRCh38,AGTATCCCACTCGGTA-1
GRCh38,AGTATCGTCCAATACG-1
GRCh38,AGTATCGTCCTCTGGC-1
GRCh38,AGTATGCGTCGATTCC-1
GRCh38,AGTATGTTCGGTATGC-1
GRCh38,AGTATTGGTCCAACCT-1
GRCh38,AGTATTGGTCTTCTAG-1
GRCh38,AGTATTGGTGCATCAG-1
GRCh38,AGTCAGCTCAGGCCCA-1
GRCh38,AGTCAGGAGAAAGGAG-1
GRCh38,AGTCAGGAGCCTAAGC-1
GRCh38,AGTCAGTGTAACCGCA-1
GRCh38,AGTCATCCACGGGTAG-1
GRCh38,AGTCATCCAGCAGCGA-1
GRCh38,AGTCCACAGCAACGTC-1
GRCh38,AGTCCACAGCTGCGTG-1
GRCh38,AGTCCATCAAATACAA-1
GRCh38,AGTCCATCACTGACAT-1
GRCh38,AGTCCGCCAATGAAAC-1
GRCh38,AGTCCGCCAGCATGAA-1
GRCh38,AGTCGCAGTCGTTGCT-1
GRCh38,AGTCGCGTCGTTCGCC-1
GRCh38,AGTCGGGCACCTTCCG-1
GRCh38,AGTCGGGCACGCAGGA-1
GRCh38,AGTCGGGCACTAACTA-1
GRCh38,AGTCGTCAGAAAGCTA-1
GRCh38,AGTCGTCAGCCAAATT-1
GRCh38,AGTCGTCAGGTAGAAC-1
GRCh38,AGTCTCGCACAGTGCC-1
GRCh38,AGTCTCGCACAGTTTA-1
GRCh38,AGTCTGGGTCTGTGAG-1
GRCh38,AGTCTTACACCTAACG-1
GRCh38,AGTCTTGAGGGATTAA-1
GRCh38,AGTGAAATCAGACGCT-1
GRCh38,AGTGAGAGTATGGCGC-1
GRCh38,AGTGATAAGACTTAAC-1
GRCh38,AGTGATAAGCTGATAT-1
GRCh38,AGTGATCGTCGATGAT-1
GRCh38,AGTGATTTCAAAGCCC-1
GRCh38,AGTGCCCCAGCATAGA-1
GRCh38,AGTGCCCCAGGACCTC-1
GRCh38,AGTGCGAAGGTGCCCA-1
GRCh38,AGTGCGCGTATGATGC-1
GRCh38,AGTGCTATCACTCATC-1
GRCh38,AGTGCTATCAGTTATA-1
GRCh38,AGTGGCAAGATATGAG-1
GRCh38,AGTGGCAAGCAAGCGA-1
GRCh38,AGTGGCGCAAGGATAT-1
GRCh38,AGTGGCGCACTCATTT-1
GRCh38,AGTGGGCAGCACGTCG-1
GRCh38,AGTGGGCAGGGACTGA-1
GRCh38,AGTGGGTCAGCCCAAC-1
GRCh38,AGTGGTCTCACATACG-1
GRCh38,AGTGGTCTCCCCATTG-1
GRCh38,AGTGGTCTCCGAATCA-1
GRCh38,AGTGTAAAGATGCGGA-1
GRCh38,AGTGTCGGTACATCTT-1
GRCh38,AGTGTCGGTACCACGA-1
GRCh38,AGTGTCGGTATGGGTT-1
GRCh38,AGTGTCTCAAACCATC-1
GRCh38,AGTGTCTCACACAGCC-1
GRCh38,AGTGTGTGTACAAGTC-1
GRCh38,AGTGTGTGTGGTTTCC-1
GRCh38,AGTGTTCCAAGGATCA-1
GRCh38,AGTGTTCCAGGAGTTA-1
GRCh38,AGTTAAGAGCTTGTGA-1
GRCh38,AGTTAGAAGAGGGGCT-1
GRCh38,AGTTAGAAGCGGCTTG-1
GRCh38,AGTTAGAAGGGGCATA-1
GRCh38,AGTTAGCGTCACGGGT-1
GRCh38,AGTTAGCGTCCATTTG-1
GRCh38,AGTTAGGCAGTGTTAC-1
GRCh38,AGTTGAGCACCGACAC-1
GRCh38,AGTTGAGCACCGTTTC-1
GRCh38,AGTTGCCAGCCGTAGT-1
GRCh38,AGTTGGCTCAACTCCT-1
GRCh38,AGTTGGCTCATTCGCT-1
GRCh38,AGTTGGCTCCCGGCTT-1
GRCh38,AGTTGGCTCGCATGGT-1
GRCh38,AGTTGTGTCGTTCGGG-1
GRCh38,AGTTTACAGATAACAG-1
GRCh38,AGTTTCGAGGGGCATA-1
GRCh38,AGTTTCGAGGTAAATG-1
GRCh38,AGTTTGGTCAATTATG-1
GRCh38,AGTTTGGTCACTGACA-1
GRCh38,AGTTTGGTCCGATGGT-1
GRCh38,ATAACACTCACTAATA-1
GRCh38,ATAACACTCCAGCATA-1
GRCh38,ATAACAGAGCGTTGTA-1
GRCh38,ATAACCCCAACGAGGT-1
GRCh38,ATAACCCCAAGGATAT-1
GRCh38,ATAACCCCAATGACGA-1
GRCh38,ATAACTATCCAGTACA-1
GRCh38,ATAAGCAAGATATGAG-1
GRCh38,ATAAGCCGTCAATTAG-1
GRCh38,ATAAGCCGTCGCATTC-1
GRCh38,ATAAGGGGTATCAGGT-1
GRCh38,ATAAGGGGTATCGTGG-1
GRCh38,ATAAGGGGTCCAACTC-1
GRCh38,ATAAGTACACCGACAC-1
GRCh38,ATAAGTCTCGCTAAAT-1
GRCh38,ATAAGTGAGCAGTCTA-1
GRCh38,ATAATCATCCTTCGCA-1
GRCh38,ATAATCATCGCTCCAC-1
GRCh38,ATAATCGGTACTGCGA-1
GRCh38,ATAATCGGTCCGCCTA-1
GRCh38,ATAATTCCAATCGGGG-1
GRCh38,ATAATTCCACCAATAC-1
GRCh38,ATAATTGTCCACAGGT-1
GRCh38,ATACAACTCATGCAAT-1
GRCh38,ATACAACTCCTAGCTT-1
GRCh38,ATACAAGAGCATACAT-1
GRCh38,ATACACCCACTAAATT-1
GRCh38,ATACACCCAGCATCGC-1
GRCh38,ATACAGCGTACGAGTT-1
GRCh38,ATACCCCGTGTGGGCT-1
GRCh38,ATACCCTTCATGGGTC-1
GRCh38,ATACCCTTCGCCTACC-1
GRCh38,ATACCTCTCCGACGCA-1
GRCh38,ATACCTCTCGTGTAAT-1
GRCh38,ATACGAAAGCCGCCAA-1
GRCh38,ATACGCTCACGTTCGA-1
GRCh38,ATACGGGAGGTAGTGG-1
GRCh38,ATACGGTGTACTTGCC-1
GRCh38,ATACGTAGTACATCCC-1
GRCh38,ATACGTGTCACTAACG-1
GRCh38,ATACGTGTCCCAGCCT-1
GRCh38,ATACTAATCACCCCTA-1
GRCh38,ATACTAGGTGTAGCAT-1
GRCh38,ATACTTCGTAACATTG-1
GRCh38,ATACTTCGTCAATCCC-1
GRCh38,ATAGCAGCACAAGGCG-1
GRCh38,ATAGCATTCCCAAGTA-1
GRCh38,ATAGCCTCAGGTTGCC-1
GRCh38,ATAGCGCTCACTAATA-1
GRCh38,ATAGCGCTCATCGGGT-1
GRCh38,ATAGCGCTCCGGTATA-1
GRCh38,ATAGCGCTCCTCGAAA-1
GRCh38,ATAGCGCTCGGGGTAA-1
GRCh38,ATAGCGGAGACTGTTG-1
GRCh38,ATAGCGGAGGCAGTGA-1
GRCh38,ATAGCGTGTCAGGCGT-1
GRCh38,ATAGCGTGTCGCATCT-1
GRCh38,ATAGGAGGTATCCCTA-1
GRCh38,ATAGGAGGTGGGACTC-1
GRCh38,ATAGGCACAGGTTTCG-1
GRCh38,ATAGGCGAGCTTGTCT-1
GRCh38,ATAGGCTGTCCTTAGC-1
GRCh38,ATAGGCTGTCTACAGG-1
GRCh38,ATAGGGAGTAGGATTC-1
GRCh38,ATAGGGAGTGCTTCTA-1
GRCh38,ATAGGGCCAATATCTG-1
GRCh38,ATAGGGGTCAGACTTG-1
GRCh38,ATAGGGTAGAATTCCG-1
GRCh38,ATAGTACTCACAGCAC-1
GRCh38,ATAGTACTCGTCCAAA-1
GRCh38,ATAGTAGAGAATACAG-1
GRCh38,ATAGTCAGTAGGGGCA-1
GRCh38,ATAGTCAGTCTTCTCT-1
GRCh38,ATAGTCAGTGCTCGGG-1
GRCh38,ATAGTCAGTGTTATAG-1
GRCh38,ATAGTGAAGCTGTACA-1
GRCh38,ATAGTGAAGGTGGGTA-1
GRCh38,ATAGTGCGTCCTACGT-1
GRCh38,ATAGTGCGTGCGTAGC-1
GRCh38,ATAGTGTTCCGCACTC-1
GRCh38,ATATACCAGCATAGGG-1
GRCh38,ATATACCAGCCTCGAG-1
GRCh38,ATATCACAGCCATTAG-1
GRCh38,ATATCATCAAACGCAA-1
GRCh38,ATATCCCTCCGTATCT-1
GRCh38,ATATGAGAGAACTAGA-1
GRCh38,ATATGAGAGCTGCAAC-1
GRCh38,ATATGCCCAAAACGAT-1
GRCh38,ATATGCCCACGGTGTC-1
GRCh38,ATATGTATCAGTAATC-1
GRCh38,ATATGTGGTAATTCCT-1
GRCh38,ATATGTGGTCGAGTCA-1
GRCh38,ATATGTTCAACGGTCC-1
GRCh38,ATATGTTCAAGTGCAA-1
GRCh38,ATATGTTCACTAGAAG-1
GRCh38,ATATGTTCACTATTCT-1
GRCh38,ATATTCCGTCACGTTC-1
GRCh38,ATATTCGCAAGCCGAG-1
GRCh38,ATATTCGCAGTATAGG-1
GRCh38,ATATTGCAGACGGGTA-1
GRCh38,ATATTGCAGGTATAGA-1
GRCh38,ATATTGGGTAAGTTTG-1
GRCh38,ATATTGGGTACAGGCC-1
GRCh38,ATATTGGGTGGAGTAA-1
GRCh38,ATATTGGGTGGTCAAT-1
GRCh38,ATCAATGGTCGCGTGG-1
GRCh38,ATCAATGGTGCCTATC-1
GRCh38,ATCAATGGTGGTAGTT-1
GRCh38,ATCACATAGAACGACG-1
GRCh38,ATCACCCGTGTTGTCC-1
GRCh38,ATCACGGGTGGCATGC-1
GRCh38,ATCACGTCAATACACC-1
GRCh38,ATCACGTCAATACGTC-1
GRCh38,ATCACTACAAAGCCAA-1
GRCh38,ATCACTACACCTCATC-1
GRCh38,ATCAGCATCCACCCAC-1
GRCh38,ATCAGCATCCAGCGCA-1
GRCh38,ATCAGCATCCTGTCGC-1
GRCh38,ATCAGCATCGGAGCTT-1
GRCh38,ATCAGCGGTCAGCTTC-1
GRCh38,ATCAGCGGTGGCATAT-1
GRCh38,ATCAGGACAGCTCCAA-1
GRCh38,ATCAGGCTCGTTGGCG-1
GRCh38,ATCAGGGAGAAGTACA-1
GRCh38,ATCAGGGAGAGAGTTA-1
GRCh38,ATCAGGGAGAGTGCGA-1
GRCh38,ATCAGGGAGCCGATTA-1
GRCh38,ATCAGTAGTACGGGCT-1
GRCh38,ATCATCACAGTAGGCG-1
GRCh38,ATCATCCTCCCATTCG-1
GRCh38,ATCATGAGTATGATGC-1
GRCh38,ATCATGCCACATAGTC-1
GRCh38,ATCATTCGTATCCGGA-1
GRCh38,ATCATTGCAACCAACT-1
GRCh38,ATCCAACCACAGTTTA-1
GRCh38,ATCCAACCAGCTAACT-1
GRCh38,ATCCAATAGACAACGG-1
GRCh38,ATCCAATAGCACTTAG-1
GRCh38,ATCCAGGGTAACATGC-1
GRCh38,ATCCAGGGTAAGGTCT-1
GRCh38,ATCCCAAAGCACAGGA-1
GRCh38,ATCCCATTCACCCCGT-1
GRCh38,ATCCCCGGTAGCGCGT-1
GRCh38,ATCCCCGGTGGCCTGG-1
GRCh38,ATCCCGCTCACTCGGG-1
GRCh38,ATCCCGCTCCGTCGCT-1
GRCh38,ATCCCTAGTGGGGAAT-1
GRCh38,ATCCCTAGTGGGTTTG-1
GRCh38,ATCCGCACAGTGTCGC-1
GRCh38,ATCCGCCTCGGCGTTG-1
GRCh38,ATCCGCTGTCGCATCT-1
GRCh38,ATCCGTCGTAAATGGG-1
GRCh38,ATCCGTCGTCGATTGG-1
GRCh38,ATCCGTTTCGCCTGCT-1
GRCh38,ATCCGTTTCGTATTAA-1
GRCh38,ATCCTAACACGATTAC-1
GRCh38,ATCCTAACACTTAGCG-1
GRCh38,ATCCTACTCGCATCAA-1
GRCh38,ATCCTGAAGACACATT-1
GRCh38,ATCCTGCGTAGCGTAT-1
GRCh38,ATCCTGCGTGGCTTGA-1
GRCh38,ATCCTTATCAGCACTA-1
GRCh38,ATCGAAGCAAAACTCC-1
GRCh38,ATCGAAGCACGAGTAA-1
GRCh38,ATCGAAGCAGGACATA-1
GRCh38,ATCGAAGCAGTGAGGT-1
GRCh38,ATCGACATCATCGCTT-1
GRCh38,ATCGAGACACATGTCG-1
GRCh38,ATCGAGTGTACGAAAG-1
GRCh38,ATCGAGTGTACTACTT-1
GRCh38,ATCGAGTGTGCTTGGA-1
GRCh38,ATCGATTAGATTACAC-1
GRCh38,ATCGATTAGCCTGCGA-1
GRCh38,ATCGATTAGCTCAGGT-1
GRCh38,ATCGCATCACAAGGGT-1
GRCh38,ATCGCGAGTCATTAAG-1
GRCh38,ATCGCGAGTCGGTGTA-1
GRCh38,ATCGCGCCAACTATAT-1
GRCh38,ATCGCGCCAAGCATTC-1
GRCh38,ATCGCGCCACTACATA-1
GRCh38,ATCGCGGTCAACAGCC-1
GRCh38,ATCGCGGTCGGAGTCT-1
GRCh38,ATCGGCCCAACTCACG-1
GRCh38,ATCGGCCCAAGTGTTC-1
GRCh38,ATCGGCCCACCAGGCT-1
GRCh38,ATCGGCCCAGTCTAAC-1
GRCh38,ATCGGCCCAGTGAAGC-1
GRCh38,ATCGGCGTCACAGCAC-1
GRCh38,ATCGGGCGTACATAGC-1
GRCh38,ATCGGGCGTGCAAGCC-1
GRCh38,ATCGGGTTCCACATCT-1
GRCh38,ATCGTATAGGCGCTTG-1
GRCh38,ATCGTGGGTGGCTTTC-1
GRCh38,ATCGTTGAGCCTGTAA-1
GRCh38,ATCGTTGAGGTCCACG-1
GRCh38,ATCTCATGTCAGGTGC-1
GRCh38,ATCTCTGGTACGAAAG-1
GRCh38,ATCTCTGGTAGGAATG-1
GRCh38,ATCTCTGGTCCAGATG-1
GRCh38,ATCTCTGGTCGGTTCT-1
GRCh38,ATCTGACCAATATGTT-1
GRCh38,ATCTGACCACTGGAGG-1
GRCh38,ATCTGCAAGCGATTGC-1
GRCh38,ATCTGCAAGCGTATAT-1
GRCh38,ATCTGCAAGCTACAGC-1
GRCh38,ATCTGGGGTAGTCGAT-1
GRCh38,ATCTGGGGTCTTCAAT-1
GRCh38,ATCTGTTGTGGTCTAG-1
GRCh38,ATCTTAGCAGCAGCCT-1
GRCh38,ATCTTCATCGTACTTC-1
GRCh38,ATCTTCGGTGCGCTCC-1
GRCh38,ATCTTGGAGCACAAGG-1
GRCh38,ATCTTGTGTATCGAGT-1
GRCh38,ATCTTGTGTCTCCGGC-1
GRCh38,ATCTTGTGTGCCTATC-1
GRCh38,ATCTTGTGTGTGCCGG-1
GRCh38,ATGAAACCACGTCAGC-1
GRCh38,ATGAAACCAGTATGTC-1
GRCh38,ATGAAGCAGACAGACG-1
GRCh38,ATGAAGCAGGTTGGTC-1
GRCh38,ATGAAGGGTCCAAAGT-1
GRCh38,ATGAATACAGCGCACT-1
GRCh38,ATGACCATCGCACCTC-1
GRCh38,ATGACCTCACCGGACT-1
GRCh38,ATGACGACAATGCGGG-1
GRCh38,ATGACGGAGAAATGGC-1
GRCh38,ATGACGGAGATAAGTG-1
GRCh38,ATGAGAGGTGCTCCTG-1
GRCh38,ATGAGGAGTAGCAGTT-1
GRCh38,ATGAGGTAGGTAGACG-1
GRCh38,ATGAGTAAGATGAGGT-1
GRCh38,ATGAGTCGTCGTGGTA-1
GRCh38,ATGAGTCGTGGTATTA-1
GRCh38,ATGAGTTTCAACCAAT-1
GRCh38,ATGAGTTTCGTCCATT-1
GRCh38,ATGATCCCACCATTCC-1
GRCh38,ATGATCCCACGCTTTC-1
GRCh38,ATGATGAAGAGTTTAC-1
GRCh38,ATGATGCGTGTGCGGT-1
GRCh38,ATGATGTTCCGACCCT-1
GRCh38,ATGATGTTCCGGCACA-1
GRCh38,ATGCATCCAATACGCT-1
GRCh38,ATGCATCCAATTAATC-1
GRCh38,ATGCATCCAGTTGGTT-1
GRCh38,ATGCATTAGAAACGTA-1
GRCh38,ATGCATTAGCTCGTAA-1
GRCh38,ATGCATTAGGGAGCGT-1
GRCh38,ATGCATTAGGTTCGAC-1
GRCh38,ATGCCACAGCGTTATG-1
GRCh38,ATGCCACAGCTGATAT-1
GRCh38,ATGCCAGGTAGTCTCC-1
GRCh38,ATGCCAGGTGCCCGTC-1
GRCh38,ATGCCGAGTACCCATC-1
GRCh38,ATGCCTCGTAGCCCTT-1
GRCh38,ATGCCTCGTGTCCCTG-1
GRCh38,ATGCCTTTCCAGCAGT-1
GRCh38,ATGCGAACAAGTATCC-1
GRCh38,ATGCGAGAGCTATGTG-1
GRCh38,ATGCGATGTGCTATAA-1
GRCh38,ATGCGATGTGTGGCGT-1
GRCh38,ATGCGCCCACTCCTAC-1
GRCh38,ATGCGCCCAGGGCAAT-1
GRCh38,ATGCGGAAGCCTTTAC-1
GRCh38,ATGCGGGCAGCTTTAA-1
GRCh38,ATGCTCAAGAAGTAGC-1
GRCh38,ATGCTCCGTCGGGGTT-1
GRCh38,ATGCTGGGTGCATGGC-1
GRCh38,ATGCTTCTCAGAGTAA-1
GRCh38,ATGGAAATCAAGCAAA-1
GRCh38,ATGGACACAACTGGGG-1
GRCh38,ATGGACACACAGGTCC-1
GRCh38,ATGGACACACCTAAAC-1
GRCh38,ATGGACACACTAAACC-1
GRCh38,ATGGACACAGGCTTCA-1
GRCh38,ATGGACCTCGGTGTCG-1
GRCh38,ATGGACCTCGTATGTG-1
GRCh38,ATGGAGTAGGTGCGTT-1
GRCh38,ATGGCCAGTAATTCAG-1
GRCh38,ATGGCCCCAACTCGAT-1
GRCh38,ATGGCGAAGCTTGTAG-1
GRCh38,ATGGCGCGTATAAGCC-1
GRCh38,ATGGCGTTCACATTCC-1
GRCh38,ATGGCTATCCAATGCA-1
GRCh38,ATGGCTATCCCCATTG-1
GRCh38,ATGGGATAGCGAAGAT-1
GRCh38,ATGGGCAAGAACGGCA-1
GRCh38,ATGGGCAAGCGCGTCA-1
GRCh38,ATGGGCAAGGCACGTT-1
GRCh38,ATGGGCAAGGGACTGA-1
GRCh38,ATGGGCCGTATGGAGA-1
GRCh38,ATGGGCCGTCTCGATC-1
GRCh38,ATGGGCGCACCCATTC-1
GRCh38,ATGGGCGCACTAACCG-1
GRCh38,ATGGGCTTCACATTCC-1
GRCh38,ATGGGCTTCATTGGCA-1
GRCh38,ATGGGGCAGACTCCAA-1
GRCh38,ATGGGGTCAAGTGGCG-1
GRCh38,ATGGGGTCACAAGACA-1
GRCh38,ATGGTAAAGGGATAGT-1
GRCh38,ATGGTAGCAACCATAC-1
GRCh38,ATGGTCATCAGCTGTA-1
GRCh38,ATGGTCTCAAAGGAGG-1
GRCh38,ATGGTCTCACTAGTTA-1
GRCh38,ATGGTGCTCAGTTAGT-1
GRCh38,ATGGTGCTCCAGGGTT-1
GRCh38,ATGGTGGAGATCGGAG-1
GRCh38,ATGGTGGAGGGGGTAC-1
GRCh38,ATGGTTAGTGGGACTC-1
GRCh38,ATGGTTGTCAACCCAA-1
GRCh38,ATGGTTGTCATTGTGG-1
GRCh38,ATGGTTTAGAATATCC-1
GRCh38,ATGGTTTAGCTTGATG-1
GRCh38,ATGTAACTCCATTCGT-1
GRCh38,ATGTAGAAGAAGCTTT-1
GRCh38,ATGTAGAAGCTGAATT-1
GRCh38,ATGTCCGCAATCGACT-1
GRCh38,ATGTCCTTCCCTTCCT-1
GRCh38,ATGTCGATCCGCTAAA-1
GRCh38,ATGTCGGGTCATAGTA-1
GRCh38,ATGTCTTGTAAGTGAG-1
GRCh38,ATGTCTTGTAGTTGCG-1
GRCh38,ATGTCTTGTCTAACCC-1
GRCh38,ATGTGAGCACAGCACC-1
GRCh38,ATGTGAGCACTCATTT-1
GRCh38,ATGTGAGCAGGACATA-1
GRCh38,ATGTGGCTCAGCCCCT-1
GRCh38,ATGTGTCCAAGAGACC-1
GRCh38,ATGTGTTAGACCCTTT-1
GRCh38,ATGTTAATCCAATCGA-1
GRCh38,ATGTTAGGTACGGGCT-1
GRCh38,ATGTTCGAGCCTTTAC-1
GRCh38,ATGTTCGAGGCGGAGT-1
GRCh38,ATGTTGAGTAGCTGAT-1
GRCh38,ATTAACCAGAATTGTC-1
GRCh38,ATTAACCAGCTGCTAA-1
GRCh38,ATTAACTCAAATATTC-1
GRCh38,ATTAACTCAAGGATCA-1
GRCh38,ATTAAGACAGGACTTT-1
GRCh38,ATTAAGCTCAGTAATC-1
GRCh38,ATTAAGCTCCAATGCA-1
GRCh38,ATTAAGGAGCGTGTCG-1
GRCh38,ATTAAGGAGGGGGTTA-1
GRCh38,ATTAATGTCAAATGCT-1
GRCh38,ATTAATGTCGTCCTAT-1
GRCh38,ATTACAATCATGGTTG-1
GRCh38,ATTACACAGAGGACAT-1
GRCh38,ATTACAGGTGTTGCAG-1
GRCh38,ATTACGCCAAATATTC-1
GRCh38,ATTACGCCACCCTAAG-1
GRCh38,ATTACGTAGGCTACCG-1
GRCh38,ATTATCCGTCTCGCCA-1
GRCh38,ATTATCCGTGGGTTAT-1
GRCh38,ATTATCGCACGCGACT-1
GRCh38,ATTATCTTCAGAGAAC-1
GRCh38,ATTATGCAGATCCGAC-1
GRCh38,ATTATGCAGCACTTAG-1
GRCh38,ATTATGCAGCATATGT-1
GRCh38,ATTATGCAGGGAGTAT-1
GRCh38,ATTATGGGTATGCAGT-1
GRCh38,ATTATGGGTGCTCTGT-1
GRCh38,ATTCAAATCCTATTGC-1
GRCh38,ATTCAACAGACACCCG-1
GRCh38,ATTCAACAGATGCCAC-1
GRCh38,ATTCACGAGAAGGCAT-1
GRCh38,ATTCACGAGCGATGAG-1
GRCh38,ATTCAGTAGCAACCGT-1
GRCh38,ATTCATTTCAATGTGT-1
GRCh38,ATTCGATAGCTACGAC-1
GRCh38,ATTCGATAGGGTATCC-1
GRCh38,ATTCGCTTCCAACTTC-1
GRCh38,ATTCGGGGTGTGCCTT-1
GRCh38,ATTCGTACACCAGAGG-1
GRCh38,ATTCTAGCACAATCCG-1
GRCh38,ATTCTCATCCAATATA-1
GRCh38,ATTCTGTGTATCTCGC-1
GRCh38,ATTGAAGAGAGTCCCG-1
GRCh38,ATTGAGAAGACGCTGT-1
GRCh38,ATTGCCCGTCGCGTGG-1
GRCh38,ATTGCGGGTACTTGCC-1
GRCh38,ATTGCTCTCAACTCTC-1
GRCh38,ATTGCTTGTATACTAG-1
GRCh38,ATTGCTTGTCTAGGGC-1
GRCh38,ATTGGTTAGCATGCCG-1
GRCh38,ATTGGTTAGGCTCAAC-1
GRCh38,ATTGTAATCGCTTCAT-1
GRCh38,ATTGTATCAGTTCACG-1
GRCh38,ATTGTCTGTAAGTCCG-1
GRCh38,ATTGTGGTCACAGGTC-1
GRCh38,ATTGTGGTCCCTGCAC-1
GRCh38,ATTGTGTAGCGGGGAT-1
GRCh38,ATTGTGTAGCTACAAT-1
GRCh38,ATTGTGTAGGTTCAGC-1
GRCh38,CAAACCATCCCTCGGT-1
GRCh38,CAAACCCAGAAAGCGT-1
GRCh38,CAAACCCAGCTACATG-1
GRCh38,CAAACGTGTCACGTAG-1
GRCh38,CAAACGTGTCTCGAAG-1
GRCh38,CAAACTTAGCTACAGC-1
GRCh38,CAAAGCCTCAGGAATA-1
GRCh38,CAAAGCGAGCCTAATG-1
GRCh38,CAAAGCTGTCGCGTGG-1
GRCh38,CAAAGCTGTGGAAAGC-1
GRCh38,CAAAGGTAGAAGGCAT-1
GRCh38,CAAAGGTAGCTGAATT-1
GRCh38,CAAAGGTAGGGACAAT-1
GRCh38,CAAAGTAAGATGCTCA-1
GRCh38,CAAATCCCAACATGTC-1
GRCh38,CAAATCGTCGTCTCTG-1
GRCh38,CAAATGAAGCATGCGT-1
GRCh38,CAAATGAAGCTAGTCA-1
GRCh38,CAAATGAAGGTCGCCA-1
GRCh38,CAAATGGCACGCCTAA-1
GRCh38,CAAATTATCACTCCTG-1
GRCh38,CAAATTATCCATATGG-1
GRCh38,CAAATTCAGGCAACGA-1
GRCh38,CAACACATCAAGGGCA-1
GRCh38,CAACACATCGGTGTCG-1
GRCh38,CAACAGCTCCCGAATA-1
GRCh38,CAACAGGAGATCACAT-1
GRCh38,CAACAGGAGCAGTATT-1
GRCh38,CAACCCGAGCTGGCAT-1
GRCh38,CAACCGTAGCAACCGT-1
GRCh38,CAACCTCGTAGGACCC-1
GRCh38,CAACCTCGTGGGTTAT-1
GRCh38,CAACCTCGTGTTCTAT-1
GRCh38,CAACGAGAGAGGGACC-1
GRCh38,CAACGAGAGCCGTAAC-1
GRCh38,CAACGGGCACATCACG-1
GRCh38,CAACGTGGTATCTGGG-1
GRCh38,CAACGTGGTCTACGGA-1
GRCh38,CAACGTGGTGCAGTCA-1
GRCh38,CAACTACCACTATAGC-1
GRCh38,CAACTACCAGTCCTAG-1
GRCh38,CAACTCCGTCCTTATG-1
GRCh38,CAACTCCGTCTTATGT-1
GRCh38,CAACTCGCACGGCAAG-1
GRCh38,CAACTCGCAGCTATTA-1
GRCh38,CAACTTCTCCCGTAAA-1
GRCh38,CAACTTCTCCCTGCTA-1
GRCh38,CAAGACACAATCACTA-1
GRCh38,CAAGACACAGGTCGTC-1
GRCh38,CAAGAGTAGACCTTAG-1
GRCh38,CAAGAGTAGCCTCACC-1
GRCh38,CAAGATAAGGGCGTAA-1
GRCh38,CAAGATAAGGGGTGTA-1
GRCh38,CAAGCCCCAGCTAATC-1
GRCh38,CAAGCCTAGATGAGGT-1
GRCh38,CAAGCGAAGGCTTGTA-1
GRCh38,CAAGCGGCAAGAGATT-1
GRCh38,CAAGCGGCAATCACTA-1
GRCh38,CAAGGCAAGAGGAGTT-1
GRCh38,CAAGGCGCAATAGCGA-1
GRCh38,CAAGGGCAGAAGTGTA-1
GRCh38,CAAGGGTCAGTGTCGC-1
GRCh38,CAAGTAAAGCAATGCC-1
GRCh38,CAAGTAGCACAATCAC-1
GRCh38,CAAGTATTCCGACCCT-1
GRCh38,CAAGTATTCGGCTTCC-1
GRCh38,CAAGTCTCAGTTGATC-1
GRCh38,CAAGTTTAGAAACGTA-1
GRCh38,CAATACCCAGCCAACC-1
GRCh38,CAATACCCAGTCTCGA-1
GRCh38,CAATACGTCAGTCAGC-1
GRCh38,CAATACGTCGTAACGC-1
GRCh38,CAATACTAGGTCTAGC-1
GRCh38,CAATAGAAGATACAGA-1
GRCh38,CAATAGGCAAAGCTTC-1
GRCh38,CAATAGGCAAGGGACT-1
GRCh38,CAATAGGCAATCGAAG-1
GRCh38,CAATAGGCACTTATAG-1
GRCh38,CAATATCAGAGTACGG-1
GRCh38,CAATATGGTCGCCCGT-1
GRCh38,CAATATGGTGCCTTCG-1
GRCh38,CAATATGGTGGACTAT-1
GRCh38,CAATCACCAATGTGTC-1
GRCh38,CAATCACCACGTACGC-1
GRCh38,CAATCACCACGTCGGT-1
GRCh38,CAATCAGTCAGTGAAA-1
GRCh38,CAATCAGTCCAACACA-1
GRCh38,CAATCCCGTCAATATG-1
GRCh38,CAATCCCGTGGGACTC-1
GRCh38,CAATCCGCAACGCGCT-1
GRCh38,CAATCGGGTGTGTTGG-1
GRCh38,CAATGCCAGCATTTCC-1
GRCh38,CAATGCCAGGTTGCCG-1
GRCh38,CAATGGACAATTAAAG-1
GRCh38,CAATGGGAGGTGAGAT-1
GRCh38,CAATGTAGTCAGCAAT-1
GRCh38,CAATGTAGTGGCGTTA-1
GRCh38,CAATGTCCAACCCATG-1
GRCh38,CAATGTGTCCGGCATG-1
GRCh38,CAATGTTAGACCCGTG-1
GRCh38,CAATGTTAGACGAGGC-1
GRCh38,CAATGTTAGGTAAGTA-1
GRCh38,CAATTAATCGTAGGTC-1
GRCh38,CAATTAGGTGGTCAAT-1
GRCh38,CAATTATCAGGAAAGG-1
GRCh38,CAATTCACAAGAATAC-1
GRCh38,CAATTCACAATCGCAT-1
GRCh38,CAATTCACACGCCTAA-1
GRCh38,CAATTCTGTCACACCT-1
GRCh38,CAATTGGTCCCAACCC-1
GRCh38,CAATTGTAGACAGCAG-1
GRCh38,CAATTTCGTCGTCGGG-1
GRCh38,CAATTTCGTGCTTCCG-1
GRCh38,CACAACATCGGCTCCT-1
GRCh38,CACAACTCACACAGAA-1
GRCh38,CACAAGGAGCATTAAC-1
GRCh38,CACAAGGAGCGAACGA-1
GRCh38,CACAATTAGATTGTGT-1
GRCh38,CACACCCTCCAGTCAA-1
GRCh38,CACACGCCAATAGTAA-1
GRCh38,CACACGCCAGTACTCG-1
GRCh38,CACACTCGTCTAGTAA-1
GRCh38,CACAGCTAGAACAGGT-1
GRCh38,CACAGGAAGGGTAGGC-1
GRCh38,CACAGGTTCCACCCTA-1
GRCh38,CACATCAAGCACGGTT-1
GRCh38,CACATCTTCACACACA-1
GRCh38,CACATCTTCCGGGTCA-1
GRCh38,CACCAAATCAAGCAAA-1
GRCh38,CACCAAATCACACGTA-1
GRCh38,CACCAAATCCGATGGT-1
GRCh38,CACCAAATCGCATTAG-1
GRCh38,CACCAACAGCTGGTCG-1
GRCh38,CACCACGAGGGCGATA-1
GRCh38,CACCATAAGGGAAACT-1
GRCh38,CACCATAAGGTATATC-1
GRCh38,CACCCAACACATTCAA-1
GRCh38,CACCCAGAGACGCTGT-1
GRCh38,CACCCGAAGCCATATG-1
GRCh38,CACCCGAAGGCTGTCG-1
GRCh38,CACCCGCGTCTAACCC-1
GRCh38,CACCCGTTCACTCTCG-1
GRCh38,CACCGCTTCACCACTT-1
GRCh38,CACCGCTTCGTTGCCC-1
GRCh38,CACCGTACAGCATAAG-1
GRCh38,CACCGTACAGGGTATA-1
GRCh38,CACCGTTGTACTGGAT-1
GRCh38,CACCGTTGTCCTAGCT-1
GRCh38,CACCTAAAGAATATCC-1
GRCh38,CACCTAAAGCGTGAAG-1
GRCh38,CACCTATTCACCCGCT-1
GRCh38,CACCTATTCCCTAGGG-1
GRCh38,CACCTCATCGGCCATG-1
GRCh38,CACCTCATCGGCTTCC-1
GRCh38,CACCTCCAGCATGCCG-1
GRCh38,CACCTCCAGCTAATAC-1
GRCh38,CACCTCTCACAGTTAC-1
GRCh38,CACCTTTAGGCCATAC-1
GRCh38,CACGAATGTACAGGTT-1
GRCh38,CACGCACCAAGTTGAG-1
GRCh38,CACGCACCACACACGC-1
GRCh38,CACGCACCAGTGCGAG-1
GRCh38,CACGCCAAGCATTTCC-1
GRCh38,CACGGCGGTAAGTTTG-1
GRCh38,CACGGTCCACATAACC-1
GRCh38,CACGTAATCATGACCA-1
GRCh38,CACGTAATCCAGGATC-1
GRCh38,CACGTAATCGTGCTAA-1
GRCh38,CACGTAGGTAGCGTCA-1
GRCh38,CACGTAGGTGTGTCTC-1
GRCh38,CACGTCACAAGGCTCC-1
GRCh38,CACGTCACAGGAGTCG-1
GRCh38,CACTAACCACACCTCT-1
GRCh38,CACTACGCACTAAAGG-1
GRCh38,CACTACTTCAGGAATA-1
GRCh38,CACTAGCAGCTCTCAT-1
GRCh38,CACTAGCAGCTGATAT-1
GRCh38,CACTATACACAAGGCG-1
GRCh38,CACTATACAGGTCATT-1
GRCh38,CACTATGAGAAGGCTG-1
GRCh38,CACTATTGTAACAGAG-1
GRCh38,CACTATTGTAATCTAG-1
GRCh38,CACTATTGTACCACCT-1
GRCh38,CACTATTGTATGCGAT-1
GRCh38,CACTATTGTGCATTCC-1
GRCh38,CACTATTGTGTCGTCT-1
GRCh38,CACTATTGTGTGCCCC-1
GRCh38,CACTCAGCAAAGGCAC-1
GRCh38,CACTCAGCAGCGGTAG-1
GRCh38,CACTCCATCCGCCTAC-1
GRCh38,CACTCCCAGCATGCAC-1
GRCh38,CACTCCCAGCCAAGCT-1
GRCh38,CACTCCGGTGTTAAGC-1
GRCh38,CACTCGACAAGGCACG-1
GRCh38,CACTCGACAGTCTTAA-1
GRCh38,CACTCTCCAAGAAGCC-1
GRCh38,CACTCTCCACTTCGAG-1
GRCh38,CACTCTGTCAAACCCA-1
GRCh38,CACTGCACAACCCTCT-1
GRCh38,CACTGCACAAGTGGCG-1
GRCh38,CACTGCGAGCACAATT-1
GRCh38,CACTGCGAGCTAGGAG-1
GRCh38,CACTGTAAGATCCTGA-1
GRCh38,CACTGTAAGCTAGCCG-1
GRCh38,CACTTAACACTCCTAC-1
GRCh38,CACTTACTCAAGCCTA-1
GRCh38,CACTTACTCATTGTAA-1
GRCh38,CACTTAGAGACGGAGC-1
GRCh38,CACTTATGTGGTTAGT-1
GRCh38,CACTTCGTCAACATTA-1
GRCh38,CACTTCGTCACGACAC-1
GRCh38,CACTTCGTCAGCGTAC-1
GRCh38,CACTTCGTCATACAAC-1
GRCh38,CACTTTCAGACAGGAT-1
GRCh38,CACTTTCAGCACTCCC-1
GRCh38,CACTTTGGTCGGAATT-1
GRCh38,CACTTTGGTCTATTGT-1
GRCh38,CACTTTGGTCTGATAA-1
GRCh38,CAGCAACTCGCAGTAC-1
GRCh38,CAGCACCCACCGACTA-1
GRCh38,CAGCACCCACGGCTTA-1
GRCh38,CAGCACCCAGGCACTC-1
GRCh38,CAGCAGGCACACTTAA-1
GRCh38,CAGCAGGCACAGCGGA-1
GRCh38,CAGCAGGCAGTCTCGA-1
GRCh38,CAGCATATCAGAATAG-1
GRCh38,CAGCATGGTGTTCGCT-1
GRCh38,CAGCATTCAAGCGAGT-1
GRCh38,CAGCCATAGACTGCAC-1
GRCh38,CAGCCCAAGAGTAAGC-1
GRCh38,CAGCCCAAGCGATTTG-1
GRCh38,CAGCCCAAGGGATTAA-1
GRCh38,CAGCCCCGTATATTGG-1
GRCh38,CAGCCCCGTGCAATGT-1
GRCh38,CAGCCCTTCCCATTCG-1
GRCh38,CAGCCTTGTCACCCTG-1
GRCh38,CAGCCTTGTCGCCCGT-1
GRCh38,CAGCGAGCACTCCACT-1
GRCh38,CAGCGGACACAGTTCG-1
GRCh38,CAGCGGTGTACTATGA-1
GRCh38,CAGCGGTGTAGAATGG-1
GRCh38,CAGCGGTGTCGACGTA-1
GRCh38,CAGCGGTGTGTTAGGT-1
GRCh38,CAGCGTAGTCATTAAG-1
GRCh38,CAGCGTCCAAGGTAAT-1
GRCh38,CAGCGTCCACGCGCAT-1
GRCh38,CAGCGTCCACGTTCGA-1
GRCh38,CAGCGTTAGAAAGTCA-1
GRCh38,CAGCTACAGCACTTTC-1
GRCh38,CAGCTCACAGTATGCT-1
GRCh38,CAGCTCTGTACATTAG-1
GRCh38,CAGCTCTGTACCACCT-1
GRCh38,CAGCTGTAGATCTGCA-1
GRCh38,CAGCTGTAGCTAATCG-1
GRCh38,CAGGACGCACTACATA-1
GRCh38,CAGGACGCACTTCGTC-1
GRCh38,CAGGAGCAGATAGGCG-1
GRCh38,CAGGATCTCAATGCGC-1
GRCh38,CAGGATCTCAATTGGT-1
GRCh38,CAGGATTGTGTGCCGG-1
GRCh38,CAGGCGACAATACGCT-1
GRCh38,CAGGCGACAGTAAACG-1
GRCh38,CAGGCGACAGTTGGTT-1
GRCh38,CAGGCTTAGCATGCGT-1
GRCh38,CAGGCTTAGCTTCGTT-1
GRCh38,CAGGCTTAGGCTGTCG-1
GRCh38,CAGGGACAGCTGTGGT-1
GRCh38,CAGGGACAGGCTTTAG-1
GRCh38,CAGGGTAAGACGGGTA-1
GRCh38,CAGGGTCGTACCTGTC-1
GRCh38,CAGGTAACACTCTAGG-1
GRCh38,CAGGTGCGTATTGTAG-1
GRCh38,CAGGTGCGTCAATCGG-1
GRCh38,CAGGTGCGTCCTTAGC-1
GRCh38,CAGGTGCGTGCCATTC-1
GRCh38,CAGGTTATCCACTTCG-1
GRCh38,CAGGTTGGTGTGTTCC-1
GRCh38,CAGGTTGGTGTTAGCG-1
GRCh38,CAGTAAGCAAAGCGTA-1
GRCh38,CAGTAAGCAATGGGAC-1
GRCh38,CAGTAATTCCCAAATG-1
GRCh38,CAGTAATTCGCACGTG-1
GRCh38,CAGTACATCACAGATT-1
GRCh38,CAGTACATCGGCTCCT-1
GRCh38,CAGTAGCTCGGGCATT-1
GRCh38,CAGTAGGAGACTTACG-1
GRCh38,CAGTAGGAGACTTTGG-1
GRCh38,CAGTAGGAGCCACGAT-1
GRCh38,CAGTAGTGTATCTTGT-1
GRCh38,CAGTAGTGTCGCATCT-1
GRCh38,CAGTCAGGTCGCATTC-1
GRCh38,CAGTCATCAAGACAAT-1
GRCh38,CAGTCCCTCACTTCGT-1
GRCh38,CAGTCCCTCATCGGAC-1
GRCh38,CAGTCGCCAATATCAT-1
GRCh38,CAGTCGCCACGCGACT-1
GRCh38,CAGTCTAAGAAATCAG-1
GRCh38,CAGTGCAGTGGTTATA-1
GRCh38,CAGTGGGCAACAATCC-1
GRCh38,CAGTGGGCAACTTTAG-1
GRCh38,CAGTGGGCACATTCAA-1
GRCh38,CAGTGGGCACGAACGG-1
GRCh38,CAGTTAAGTCAACCTC-1
GRCh38,CAGTTCCGTATCCAGG-1
GRCh38,CAGTTCGCAGCGTCTA-1
GRCh38,CAGTTGGGTCACCCTG-1
GRCh38,CAGTTTACAGCTACCA-1
GRCh38,CAGTTTACAGGTTCGC-1
GRCh38,CATAACCCACTGGGGA-1
GRCh38,CATAACGTCATGCAGC-1
GRCh38,CATAACTAGAACGAAC-1
GRCh38,CATAACTAGAAGTACA-1
GRCh38,CATAAGTTCAGCGCAT-1
GRCh38,CATAATCAGCCGCACA-1
GRCh38,CATAATTCAACAAGAT-1
GRCh38,CATAATTCAATCGACT-1
GRCh38,CATAATTCACAGGTCC-1
GRCh38,CATACCCGTAGAGAAT-1
GRCh38,CATACCCGTATCGCTC-1
GRCh38,CATACCGCACGGCTTA-1
GRCh38,CATACCGCAGTCTAAC-1
GRCh38,CATACCTTCCAGTCCC-1
GRCh38,CATACTTGTAAAGTGG-1
GRCh38,CATACTTGTGCTTCTA-1
GRCh38,CATAGAGCAACGCCAC-1
GRCh38,CATAGAGCAGGTTCGC-1
GRCh38,CATAGCCAGCGCTATA-1
GRCh38,CATAGCCAGGGAGCTA-1
GRCh38,CATAGCCAGGTAATGA-1
GRCh38,CATAGCGGTACCATCC-1
GRCh38,CATAGCGGTACTTGCC-1
GRCh38,CATAGCGGTGGGAGTG-1
GRCh38,CATAGGGAGCATAATC-1
GRCh38,CATAGGGAGGGTGAAT-1
GRCh38,CATAGGTGTCATAGCG-1
GRCh38,CATAGGTGTCCATAGG-1
GRCh38,CATAGGTGTCTATCGC-1
GRCh38,CATAGGTGTGCCATAG-1
GRCh38,CATAGTAGTACTCGAG-1
GRCh38,CATAGTCCAAAAGGAA-1
GRCh38,CATAGTCCAGGATGAC-1
GRCh38,CATATCACACAGCAGG-1
GRCh38,CATATCACACCTGCTT-1
GRCh38,CATATCACAGCTTCGA-1
GRCh38,CATATGCCACCATTAA-1
GRCh38,CATATGCCAGTACGGG-1
GRCh38,CATATGGTCCATGCTT-1
GRCh38,CATATGGTCCTATGTC-1
GRCh38,CATATGGTCCTGGCTC-1
GRCh38,CATATGGTCCTTAGCT-1
GRCh38,CATCACAAGAACATAG-1
GRCh38,CATCACAAGGTATTGT-1
GRCh38,CATCACTTCCGGAAAG-1
GRCh38,CATCACTTCGCTTTCG-1
GRCh38,CATCACTTCGTCTCGC-1
GRCh38,CATCAGGGTGCATGGC-1
GRCh38,CATCAGTCAATGGTCT-1
GRCh38,CATCATACACCGGAAG-1
GRCh38,CATCATTGTAGTGTTA-1
GRCh38,CATCATTGTATGTACA-1
GRCh38,CATCGACAGACAACCC-1
GRCh38,CATCGACAGAGTTAGA-1
GRCh38,CATCGACAGCATTAGT-1
GRCh38,CATCGAGGTGCTCGTT-1
GRCh38,CATCGCACAATGCGCC-1
GRCh38,CATCGCACACGCGACT-1
GRCh38,CATCGCGAGGCGCTCA-1
GRCh38,CATCGCTGTGTACGTG-1
GRCh38,CATCGGAGTGTGAGTT-1
GRCh38,CATCGGCCAAACTACC-1
GRCh38,CATCGTTTCATCCGTT-1
GRCh38,CATCGTTTCGTTCGCC-1
GRCh38,CATCTACTCAACGCTA-1
GRCh38,CATCTACTCACATTAA-1
GRCh38,CATCTACTCGTACGGT-1
GRCh38,CATCTAGAGCATAATC-1
GRCh38,CATCTAGAGGTGTCCG-1
GRCh38,CATCTATGTAGCCTTC-1
GRCh38,CATCTATGTGGTCCCC-1
GRCh38,CATCTCCCAGGGCTTC-1
GRCh38,CATCTCCCAGTTAGTC-1
GRCh38,CATCTTGGTCCTCATA-1
GRCh38,CATCTTGGTCTCATTG-1
GRCh38,CATGAAGCAATAAGTA-1
GRCh38,CATGAAGCAGTGAGCG-1
GRCh38,CATGCACAGATGGTGG-1
GRCh38,CATGCACAGCACCCGA-1
GRCh38,CATGCAGGTCCGTCCA-1
GRCh38,CATGCAGGTCCGTCTG-1
GRCh38,CATGCAGGTCTGATAA-1
GRCh38,CATGCCACAATAAGTA-1
GRCh38,CATGCCCTCAGACTCA-1
GRCh38,CATGCCCTCGCGAAAG-1
GRCh38,CATGCGTAGAATTCCG-1
GRCh38,CATGCTTTCAGTCATG-1
GRCh38,CATGGAGAGAGTCGTC-1
GRCh38,CATGGAGAGGTAACCC-1
GRCh38,CATGGGGCAAGTGTCT-1
GRCh38,CATGGGGCACTACATA-1
GRCh38,CATGTATAGGTAGGGC-1
GRCh38,CATGTCAAGACTTCAG-1
GRCh38,CATGTCAAGAGGGGCT-1
GRCh38,CATGTCAAGCCGTAGT-1
GRCh38,CATGTCCGTACTTAAG-1
GRCh38,CATGTCCGTGGCCCCT-1
GRCh38,CATGTCGCAAGCTTTA-1
GRCh38,CATGTCGCAGTCAAGA-1
GRCh38,CATGTGGGTAGCGGGA-1
GRCh38,CATGTGGGTGTGTAGT-1
GRCh38,CATGTTGAGAAGCGAT-1
GRCh38,CATGTTGAGAGCCCAT-1
GRCh38,CATTAACAGACAAGTA-1
GRCh38,CATTAACAGAGACTTT-1
GRCh38,CATTACCTCAACGCTA-1
GRCh38,CATTACCTCGGACTTA-1
GRCh38,CATTAGCCACAACAGA-1
GRCh38,CATTAGCCAGTGGTAA-1
GRCh38,CATTCAACACGAAGTA-1
GRCh38,CATTCAACAGCTAGCC-1
GRCh38,CATTCCGTCACTCTCG-1
GRCh38,CATTCGAAGAATATCC-1
GRCh38,CATTCGGCACTGCTCT-1
GRCh38,CATTCTATCCCTAATC-1
GRCh38,CATTCTGGTCTAGTGG-1
GRCh38,CATTGCAAGCCCACAG-1
GRCh38,CATTGCAAGCTGTCGG-1
GRCh38,CATTGGGGTATCATGA-1
GRCh38,CATTGGGGTCGACTTC-1
GRCh38,CATTGTCTCCGCATAA-1
GRCh38,CATTTAGCACCTTGAG-1
GRCh38,CATTTAGCACGGAAAC-1
GRCh38,CATTTAGCACGGGTCT-1
GRCh38,CATTTCCAGCAAGATA-1
GRCh38,CATTTCCAGGGGCGAT-1
GRCh38,CATTTCGGTGCGAATT-1
GRCh38,CATTTCGGTGGGAGCA-1
GRCh38,CCAAACCAGAGCAAGT-1
GRCh38,CCAAACCAGCTGGTCG-1
GRCh38,CCAAAGGAGATAGGGT-1
GRCh38,CCAAATCCAGGCTCTA-1
GRCh38,CCAAATTAGATAAGCA-1
GRCh38,CCAAATTAGCGCTGTG-1
GRCh38,CCAACATCACGTCAAT-1
GRCh38,CCAACCCTCACTCACT-1
GRCh38,CCAACCGAGAGCAAGT-1
GRCh38,CCAACCGAGCCTTCAT-1
GRCh38,CCAACCTGTCATTGGG-1
GRCh38,CCAACTCGTAGTGTCG-1
GRCh38,CCAACTCGTCGAAGTT-1
GRCh38,CCAACTCGTGTCCTTA-1
GRCh38,CCAAGATGTATGCGCA-1
GRCh38,CCAAGCCCAATAATTC-1
GRCh38,CCAAGCTAGATTGGTT-1
GRCh38,CCAAGCTAGCGTCAGT-1
GRCh38,CCAAGTATCGCTAACA-1
GRCh38,CCAAGTATCGGTATTG-1
GRCh38,CCAATACCAACCTTAA-1
GRCh38,CCAATACCACAGTCAT-1
GRCh38,CCAATAGTCCGGGATT-1
GRCh38,CCAATAGTCGCGTCAG-1
GRCh38,CCAATATAGACAGCGA-1
GRCh38,CCAATATAGAGTGCGA-1
GRCh38,CCAATTACAAATCCCG-1
GRCh38,CCACAACAGCGGTCCA-1
GRCh38,CCACAACAGGTCCATA-1
GRCh38,CCACAATCAAGTAAAC-1
GRCh38,CCACAATCACATCGCA-1
GRCh38,CCACACACACCGTACA-1
GRCh38,CCACACACAGTGGCAG-1
GRCh38,CCACAGCCACGGGTAG-1
GRCh38,CCACAGCCAGGGTCAG-1
GRCh38,CCACAGGTCCCGCCAT-1
GRCh38,CCACAGGTCCCTTCTC-1
GRCh38,CCACATTTCAAACCCA-1
GRCh38,CCACATTTCACGTCGG-1
GRCh38,CCACATTTCAGTTGTG-1
GRCh38,CCACCTATCCTATGCT-1
GRCh38,CCACGGGGTGCTGCCC-1
GRCh38,CCACGGTCAAAGGCAC-1
GRCh38,CCACGTTGTCAGTTCC-1
GRCh38,CCACTAAAGCTATAGT-1
GRCh38,CCACTAAAGGCTAGAG-1
GRCh38,CCACTATTCAAATTGC-1
GRCh38,CCACTCTCAAGGACAC-1
GRCh38,CCACTCTCAATTCGTA-1
GRCh38,CCACTCTCAGGACGCA-1
GRCh38,CCACTGACAACACAGA-1
GRCh38,CCACTGACACCTCTCG-1
GRCh38,CCACTGACAGGAAGGA-1
GRCh38,CCACTTTAGAATGACA-1
GRCh38,CCACTTTAGGTCCTAA-1
GRCh38,CCAGAACTCCCCATTG-1
GRCh38,CCAGAACTCGGATCCG-1
GRCh38,CCAGAACTCGTAGTGC-1
GRCh38,CCAGAATGTATGCCGA-1
GRCh38,CCAGAATGTCTCGTCG-1
GRCh38,CCAGAATGTGCCCGAG-1
GRCh38,CCAGACCCAAATTGAA-1
GRCh38,CCAGACCCACAATGTC-1
GRCh38,CCAGAGGCAAGCGCTC-1
GRCh38,CCAGATGGTACCCGTT-1
GRCh38,CCAGCCCGTAACTGCG-1
GRCh38,CCAGCCCGTCATAGCG-1
GRCh38,CCAGCCCGTGTCCCCA-1
GRCh38,CCAGCTACAGGAAACC-1
GRCh38,CCAGCTTGTGGAATCT-1
GRCh38,CCAGGCTCAAGCTATC-1
GRCh38,CCAGGCTCAGGGCTAG-1
GRCh38,CCAGGGACAAAATGGT-1
GRCh38,CCAGGGACACCCATAG-1
GRCh38,CCAGGGTGTCACGTTC-1
GRCh38,CCAGGTTAGAGCAGCA-1
GRCh38,CCAGGTTAGCTCGAAC-1
GRCh38,CCAGTAATCGCATACA-1
GRCh38,CCAGTACAGATAGTGA-1
GRCh38,CCAGTACAGCCATTAG-1
GRCh38,CCAGTACAGCCGTATA-1
GRCh38,CCAGTGAGTATGTCTT-1
GRCh38,CCAGTGAGTCATACCC-1
GRCh38,CCAGTGCCAAGTCGCC-1
GRCh38,CCAGTTCGTATCGTGG-1
GRCh38,CCATAACCAATTACGC-1
GRCh38,CCATAACCACCTTCTA-1
GRCh38,CCATAACCAGCATTCG-1
GRCh38,CCATAAGTCGTGCGCA-1
GRCh38,CCATAATAGAATTTGC-1
GRCh38,CCATACAAGCATGCGT-1
GRCh38,CCATACAAGGCTCACG-1
GRCh38,CCATACGCACTGAAAG-1
GRCh38,CCATAGGGTAAGCGCC-1
GRCh38,CCATATCTCCTCCGGT-1
GRCh38,CCATATCTCGTTAGCA-1
GRCh38,CCATATGAGACACCCG-1
GRCh38,CCATCAAAGGTAATTC-1
GRCh38,CCATCATTCAGTCAAT-1
GRCh38,CCATCATTCCCGTCTA-1
GRCh38,CCATCATTCGGTTCCC-1
GRCh38,CCATCATTCGTAGCGT-1
GRCh38,CCATCCATCACTCTTA-1
GRCh38,CCATCCATCCCGGCTT-1
GRCh38,CCATCCGGTGCAATCG-1
GRCh38,CCATCGACACGTAGGG-1
GRCh38,CCATCGCTCGCGCCTT-1
GRCh38,CCATGACAGCAAACTT-1
GRCh38,CCATGCACACCATGCA-1
GRCh38,CCATGCCTCCTACTTA-1
GRCh38,CCATGCGAGAGGCGTA-1
GRCh38,CCATGCGAGATACGGG-1
GRCh38,CCATGCTGTAAGTAGG-1
GRCh38,CCATGCTGTATTGTAG-1
GRCh38,CCATTAACAAATGAAC-1
GRCh38,CCATTAACAACGTTTA-1
GRCh38,CCATTAACACGATGTT-1
GRCh38,CCATTACTCCCTTCCT-1
GRCh38,CCATTACTCCGTGTCC-1
GRCh38,CCATTACTCCTATTGC-1
GRCh38,CCATTACTCGCTGTGG-1
GRCh38,CCATTAGAGACTGATT-1
GRCh38,CCATTCAGTAACGAAG-1
GRCh38,CCATTGAAGACGGGTA-1
GRCh38,CCATTGAAGCCAATAT-1
GRCh38,CCATTGAAGCCAGCAT-1
GRCh38,CCATTTCAGCCTGATA-1
GRCh38,CCATTTCAGGTAGAAC-1
GRCh38,CCATTTGGTGGAGCTC-1
GRCh38,CCATTTGGTGTCCTTA-1
GRCh38,CCCAAAGGTACAGCGC-1
GRCh38,CCCAAAGGTACTTCGC-1
GRCh38,CCCAAAGGTAGTTGCG-1
GRCh38,CCCAAAGGTCACACTC-1
GRCh38,CCCAAAGGTGTTACGG-1
GRCh38,CCCAAATCACCGGAAG-1
GRCh38,CCCAAATCACGTAAAG-1
GRCh38,CCCAAATCAGTGAAAT-1
GRCh38,CCCAACACAACGAGGT-1
GRCh38,CCCAACACAGCACGCT-1
GRCh38,CCCAACCTCAGGAAAC-1
GRCh38,CCCAACCTCCTGGTAA-1
GRCh38,CCCAACGAGCCATAAT-1
GRCh38,CCCAACGAGGGTATCC-1
GRCh38,CCCAATTTCAACGTAT-1
GRCh38,CCCACAACACAGCTCA-1
GRCh38,CCCACAACACCTCAGA-1
GRCh38,CCCACAGAGCGCCACA-1
GRCh38,CCCACAGAGCTCGATA-1
GRCh38,CCCACAGAGGTTGGAG-1
GRCh38,CCCACGAAGACGTTAT-1
GRCh38,CCCACGAAGGTATACT-1
GRCh38,CCCACTATCCATTGCT-1
GRCh38,CCCACTATCCTATCCG-1
GRCh38,CCCAGACCAACCCGAC-1
GRCh38,CCCAGCAAGAACCCGT-1
GRCh38,CCCAGCAAGCAGTAGG-1
GRCh38,CCCAGCAAGCGAAGTG-1
GRCh38,CCCAGCAAGCTCGTAA-1
GRCh38,CCCAGCTTCAGCACTA-1
GRCh38,CCCAGCTTCCCCATGC-1
GRCh38,CCCAGTACACGCGTAC-1
GRCh38,CCCAGTACAGGGTTCC-1
GRCh38,CCCATGTGTAGAATGG-1
GRCh38,CCCATTCCACCCTTCG-1
GRCh38,CCCATTGTCCTTGTCG-1
GRCh38,CCCATTTAGCAGGAGC-1
GRCh38,CCCTAAGCAAGTGCAA-1
GRCh38,CCCTAAGCACATGCCA-1
GRCh38,CCCTAAGCACTACATA-1
GRCh38,CCCTAATTCCCGGGTA-1
GRCh38,CCCTAGACACGATAGA-1
GRCh38,CCCTAGCTCCTAGTCT-1
GRCh38,CCCTAGCTCGGCTCCT-1
GRCh38,CCCTAGGAGCTAGCGT-1
GRCh38,CCCTAGTGTCGAAGTT-1
GRCh38,CCCTAGTGTGTAATTG-1
GRCh38,CCCTATCCAAAGTAAC-1
GRCh38,CCCTATCCAGTGACCC-1
GRCh38,CCCTGAACAAGTACTC-1
GRCh38,CCCTGATGTCTAGGTG-1
GRCh38,CCCTGATGTCTCGAAG-1
GRCh38,CCCTGTGGTACATTCT-1
GRCh38,CCCTTAGTCATTGGCA-1
GRCh38,CCCTTAGTCCTCTGCA-1
GRCh38,CCCTTGCAGGCCTATA-1
GRCh38,CCCTTGCAGGGGGCAT-1
GRCh38,CCCTTGGGTCGTCGGG-1
GRCh38,CCCTTTACAGCCTTTC-1
GRCh38,CCCTTTGAGCCTAGAC-1
GRCh38,CCCTTTGAGGGCGAAC-1
GRCh38,CCGAAACTCACCAAGC-1
GRCh38,CCGAATATCAAACCCA-1
GRCh38,CCGAATATCCAGCCTC-1
GRCh38,CCGAATTCAACTCATA-1
GRCh38,CCGAATTCACCTTCTA-1
GRCh38,CCGACAAGTCTCGCAT-1
GRCh38,CCGACAAGTCTTAATC-1
GRCh38,CCGACACCAAGAGACC-1
GRCh38,CCGACTCTCCGTTCTG-1
GRCh38,CCGATACAGCGTGAAG-1
GRCh38,CCGATACAGGGTAGCA-1
GRCh38,CCGATACAGGTAGGGC-1
GRCh38,CCGCAATAGGGTACAG-1
GRCh38,CCGCACTTCAACCCAA-1
GRCh38,CCGCATTGTGTGTTCC-1
GRCh38,CCGCCAAAGAGGCGGT-1
GRCh38,CCGCCAAAGCAAATTC-1
GRCh38,CCGCCATTCCAACCTT-1
GRCh38,CCGCCGTGTCATGGAT-1
GRCh38,CCGCCTAGTCTTGTGC-1
GRCh38,CCGCGTAAGGGAATTA-1
GRCh38,CCGCGTAAGGGATAGT-1
GRCh38,CCGCTAACAAACATTT-1
GRCh38,CCGCTAACACGCGCAT-1
GRCh38,CCGCTAACAGCATTCG-1
GRCh38,CCGCTAGAGAAGGGTT-1
GRCh38,CCGCTAGAGCCACTTT-1
GRCh38,CCGCTAGAGCCATTGA-1
GRCh38,CCGCTAGAGCGCATAC-1
GRCh38,CCGCTATGTCGTAATA-1
GRCh38,CCGCTTATCGTCTCCA-1
GRCh38,CCGCTTGGTCTAGTAA-1
GRCh38,CCGGACTCACCAGCTA-1
GRCh38,CCGGACTCACCGAATT-1
GRCh38,CCGGACTCACTGGCAC-1
GRCh38,CCGGATTAGAGCAGCA-1
GRCh38,CCGGATTAGCGCTGTG-1
GRCh38,CCGGCAATCGGACTTA-1
GRCh38,CCGGCCTGTCGTCTTA-1
GRCh38,CCGGCTTTCCGACTCC-1
GRCh38,CCGGCTTTCCGGACCA-1
GRCh38,CCGGTAAGTAAGCCGC-1
GRCh38,CCGGTAAGTACCTAGG-1
GRCh38,CCGGTTACAAACTCCG-1
GRCh38,CCGGTTCTCGGCTTAA-1
GRCh38,CCGTAAATCAGCATTG-1
GRCh38,CCGTAAATCCGAGTGT-1
GRCh38,CCGTAACAGCATGCAC-1
GRCh38,CCGTAAGGTATGCTGG-1
GRCh38,CCGTAAGGTCGAGCGT-1
GRCh38,CCGTAAGGTCTATTGT-1
GRCh38,CCGTAATCACGTCGTA-1
GRCh38,CCGTAGTAGGCATAGG-1
GRCh38,CCGTCCAGTGTATGTA-1
GRCh38,CCGTCGCGTATACGTA-1
GRCh38,CCGTCGCGTCCTTAAT-1
GRCh38,CCGTCTGGTCGGAATT-1
GRCh38,CCGTGTCTCGTATTGG-1
GRCh38,CCGTGTTGTAATGGTC-1
GRCh38,CCGTGTTGTATTACCT-1
GRCh38,CCGTTAGCACGCACTA-1
GRCh38,CCGTTGGAGCCGGTAT-1
GRCh38,CCGTTGGAGCCGTATA-1
GRCh38,CCGTTGGAGGCCATCG-1
GRCh38,CCGTTGTGTCACGCGG-1
GRCh38,CCGTTGTGTGTGCGTA-1
GRCh38,CCGTTTAGTACCTGTC-1
GRCh38,CCGTTTCCAACCAAGA-1
GRCh38,CCTAAACCAGTACGAA-1
GRCh38,CCTAACGCAAACATGG-1
GRCh38,CCTAACGCACTCGGTA-1
GRCh38,CCTAACTTCCCTAGTT-1
GRCh38,CCTAACTTCCGGGCTA-1
GRCh38,CCTAAGCAGAATGCCC-1
GRCh38,CCTAAGCAGCCTATGA-1
GRCh38,CCTAAGCAGGCTTTGA-1
GRCh38,CCTAATACACTTCGAG-1
GRCh38,CCTAATGAGCTGCACG-1
GRCh38,CCTAATGAGGCAAGGC-1
GRCh38,CCTACATTCCAACCTT-1
GRCh38,CCTACATTCCAGCAAC-1
GRCh38,CCTACATTCGCTTATC-1
GRCh38,CCTACCATCACTCCCA-1
GRCh38,CCTACGCTCCCACTCA-1
GRCh38,CCTACGCTCCGTGAGT-1
GRCh38,CCTACGCTCGTAATCG-1
GRCh38,CCTACTCCACAGTTCG-1
GRCh38,CCTAGACAGACCTGCG-1
GRCh38,CCTAGACAGGGAGGTC-1
GRCh38,CCTAGATCAACTGGGG-1
GRCh38,CCTAGCGAGAACTAGA-1
GRCh38,CCTAGCGAGACACCGT-1
GRCh38,CCTAGCGAGATGTGTT-1
GRCh38,CCTAGCGAGGCCTGCA-1
GRCh38,CCTAGCTGTACCATGG-1
GRCh38,CCTAGCTGTCAATTCT-1
GRCh38,CCTAGCTGTCTGGCCC-1
GRCh38,CCTAGTCGTATCGCGA-1
GRCh38,CCTAGTTTCATTAATG-1
GRCh38,CCTAGTTTCGGCCAAT-1
GRCh38,CCTATAACACATGATC-1
GRCh38,CCTATAACAGTGGACG-1
GRCh38,CCTATACTCACTTCTA-1
GRCh38,CCTATACTCCACCCTA-1
GRCh38,CCTATGAAGGTCCATA-1
GRCh38,CCTATGCGTAGCCTTC-1
GRCh38,CCTATGCGTGCAGTCA-1
GRCh38,CCTATTGGTAGTGTCG-1
GRCh38,CCTATTGGTCTCCGGC-1
GRCh38,CCTCACCAGAGAGGTT-1
GRCh38,CCTCACCAGATCCTGA-1
GRCh38,CCTCACCAGCGGGTAA-1
GRCh38,CCTCACTCACTGGGCT-1
GRCh38,CCTCAGACAATTGTAT-1
GRCh38,CCTCATAGTGGCTTGA-1
GRCh38,CCTCATCCAAATTGCC-1
GRCh38,CCTCATTAGGTAGGAT-1
GRCh38,CCTCGAACAACGGACG-1
GRCh38,CCTCGAACAAGAGATT-1
GRCh38,CCTCGAGAGAAGCCGA-1
GRCh38,CCTCGAGAGATCTGCA-1
GRCh38,CCTCGTCAGCATCTAG-1
GRCh38,CCTCTAGTCGTTGACA-1
GRCh38,CCTCTCCGTAATGGTC-1
GRCh38,CCTCTCCGTCCTATTG-1
GRCh38,CCTCTCGCAACGTCGC-1
GRCh38,CCTCTCGCAACTTAGC-1
GRCh38,CCTCTCGCACGCTGAC-1
GRCh38,CCTCTGGGTCGCTCGC-1
GRCh38,CCTCTTACAGTGTCAT-1
GRCh38,CCTCTTGAGGGTATCC-1
GRCh38,CCTGAAATCGCAATAT-1
GRCh38,CCTGAAATCGTATTGG-1
GRCh38,CCTGACACAAATCGAG-1
GRCh38,CCTGACGAGGTTATCG-1
GRCh38,CCTGATAAGCGCATCG-1
GRCh38,CCTGATCGTGCATGGC-1
GRCh38,CCTGATCGTGCTAGAT-1
GRCh38,CCTGCAACAGGTCATT-1
GRCh38,CCTGCAACAGTATTAT-1
GRCh38,CCTGCAGAGATTGAGA-1
GRCh38,CCTGCAGAGGTATATC-1
GRCh38,CCTGCGAAGGTATTCG-1
GRCh38,CCTGCTATCGCGATGT-1
GRCh38,CCTGCTATCGTATCTC-1
GRCh38,CCTGCTTCACGGTATT-1
GRCh38,CCTGCTTCACGTTCGA-1
GRCh38,CCTGGCAAGCCATCGG-1
GRCh38,CCTGGCTTCATGGAAA-1
GRCh38,CCTGGCTTCGCTAATG-1
GRCh38,CCTGGTGAGATATACC-1
GRCh38,CCTGTAAAGCGTAATT-1
GRCh38,CCTGTACGTGCTCGGG-1
GRCh38,CCTGTCATCGCACTAA-1
GRCh38,CCTGTCGGTGGGAGCA-1
GRCh38,CCTGTGGAGATCTTCC-1
GRCh38,CCTGTGGAGCTGTACA-1
GRCh38,CCTTAACTCATATGGT-1
GRCh38,CCTTAACTCCCAATTC-1
GRCh38,CCTTACCCAAGCGATA-1
GRCh38,CCTTACCCAAGCTTCG-1
GRCh38,CCTTAGAAGATGGTAA-1
GRCh38,CCTTAGCGTGCCTGCC-1
GRCh38,CCTTAGCGTGTAAGGA-1
GRCh38,CCTTATGGTGTATTCT-1
GRCh38,CCTTCATAGCATCTAG-1
GRCh38,CCTTCCGCAACGAGGT-1
GRCh38,CCTTCCGCAATGGACA-1
GRCh38,CCTTCGGGTCGAAGTT-1
GRCh38,CCTTCGGGTGCGAATT-1
GRCh38,CCTTCTACACGTAGGG-1
GRCh38,CCTTCTACACTAGGAA-1
GRCh38,CCTTCTCTCGCACTAA-1
GRCh38,CCTTGAGCACCAATAC-1
GRCh38,CCTTGCCAGATGGCGA-1
GRCh38,CCTTGCCAGGCACAAG-1
GRCh38,CCTTGCGGTGTCTGAG-1
GRCh38,CCTTGTAGTACGTTGG-1
GRCh38,CCTTGTAGTATCATGA-1
GRCh38,CCTTGTAGTGGTATGT-1
GRCh38,CCTTTAGGTATGGAGA-1
GRCh38,CCTTTAGGTGCACGTA-1
GRCh38,CCTTTCGAGAAGCTAA-1
GRCh38,CCTTTGAGTATGAGAG-1
GRCh38,CCTTTGGTCCTCCGGT-1
GRCh38,CGAAACGAGATTACCG-1
GRCh38,CGAACACTCACGAGCT-1
GRCh38,CGAACAGAGACACGGA-1
GRCh38,CGAACCCCAAGCTATC-1
GRCh38,CGAACCCCAATAGCAG-1
GRCh38,CGAACCCCACACGGTC-1
GRCh38,CGAACGAAGAACGGAT-1
GRCh38,CGAACGGCACATAGAG-1
GRCh38,CGAAGCCGTGCTAAGT-1
GRCh38,CGAAGGGGTATGAGAG-1
GRCh38,CGAAGGGGTGGTCTAG-1
GRCh38,CGAAGGTCACGCCTAA-1
GRCh38,CGAAGTACACCACAAT-1
GRCh38,CGAAGTACACTTCATT-1
GRCh38,CGAAGTCTCAAGCCAC-1
GRCh38,CGAAGTTGTGGCGAGA-1
GRCh38,CGAATCTCAAAGCCGG-1
GRCh38,CGAATCTCACAACGCC-1
GRCh38,CGAATCTCAGGCATAA-1
GRCh38,CGAATGCTCACGGGTT-1
GRCh38,CGAATGCTCGGACCCA-1
GRCh38,CGAATGCTCGGCGTAT-1
GRCh38,CGAATGGAGACCAGAG-1
GRCh38,CGAATGGAGCACTTTC-1
GRCh38,CGAATGGAGGGAGAGG-1
GRCh38,CGAATTTAGCTGACCG-1
GRCh38,CGAATTTAGGGGCGAT-1
GRCh38,CGACAAGAGAAATTGG-1
GRCh38,CGACAAGAGAGTCGTC-1
GRCh38,CGACAAGAGCTCCGGA-1
GRCh38,CGACAAGAGGTGCCAT-1
GRCh38,CGACACCCAAGACAAT-1
GRCh38,CGACAGAAGCTATCAG-1
GRCh38,CGACAGCGTGTATGTA-1
GRCh38,CGACCATAGAGTTGGG-1
GRCh38,CGACCATAGGTCTGGT-1
GRCh38,CGACCCCGTATGCTGG-1
GRCh38,CGACCCCGTCATGTCC-1
GRCh38,CGACCCTTCCCTTCCT-1
GRCh38,CGACCTACAAAGGGGA-1
GRCh38,CGACGGACACTTCATT-1
GRCh38,CGACTCCTCAGTTGCA-1
GRCh38,CGACTCCTCCTGTCGC-1
GRCh38,CGACTCCTCGCCAATA-1
GRCh38,CGACTTCGTAATTCCT-1
GRCh38,CGAGCGTGTCCGACAA-1
GRCh38,CGAGCGTGTGGTCTAG-1
GRCh38,CGAGGCTGTCAGTATA-1
GRCh38,CGAGGCTGTGGAATGA-1
GRCh38,CGAGTAACACAGTAAG-1
GRCh38,CGAGTAGAGATAGTAG-1
GRCh38,CGAGTAGAGCGTGAAG-1
GRCh38,CGAGTAGAGGGACATG-1
GRCh38,CGAGTGCGTAACATGC-1
GRCh38,CGAGTGTTCATGTAAC-1
GRCh38,CGAGTGTTCGGTATAT-1
GRCh38,CGATAAGCAAAACGAT-1
GRCh38,CGATAAGCAGTGCTCA-1
GRCh38,CGATAATTCCATCATC-1
GRCh38,CGATAATTCCGATAAT-1
GRCh38,CGATACATCAAACTTA-1
GRCh38,CGATAGACAACGTTAC-1
GRCh38,CGATAGACACATAACC-1
GRCh38,CGATAGACAGGGCAAT-1
GRCh38,CGATCAATCGGACCCA-1
GRCh38,CGATCGGTCAACGGCT-1
GRCh38,CGATCGGTCGGCAATC-1
GRCh38,CGATGAGAGCATTAAC-1
GRCh38,CGATGAGAGCGCTGAT-1
GRCh38,CGATGATGTAATGTCA-1
GRCh38,CGATGGAAGCGTAGCT-1
GRCh38,CGATGGCGTACTCCCG-1
GRCh38,CGATGGGCAGGACCTC-1
GRCh38,CGATGGTTCGCAATTG-1
GRCh38,CGATGTTCACTAGCAT-1
GRCh38,CGATTACCAACGTACT-1
GRCh38,CGATTACCAGGTCGTC-1
GRCh38,CGATTCAAGACGTTAT-1
GRCh38,CGATTGCAGCGCATTA-1
GRCh38,CGATTGGGTGGTACTG-1
GRCh38,CGATTTACAATATGCC-1
GRCh38,CGCAAATGTCAGGCGT-1
GRCh38,CGCAACCCAGGACATA-1
GRCh38,CGCAATTCACCAGCTA-1
GRCh38,CGCAATTCAGTACGCC-1
GRCh38,CGCACTACAAAGCTAG-1
GRCh38,CGCACTCTCATACTAA-1
GRCh38,CGCACTCTCCATCATC-1
GRCh38,CGCAGCATCAAATGTC-1
GRCh38,CGCAGGACAAACCCAT-1
GRCh38,CGCAGGACACCACTAG-1
GRCh38,CGCAGTAGTGCGCTGG-1
GRCh38,CGCAGTCCAATCATCA-1
GRCh38,CGCAGTTAGAATTGTC-1
GRCh38,CGCAGTTAGGCAACAG-1
GRCh38,CGCATAATCCGAAGTC-1
GRCh38,CGCATATCAATCAGCT-1
GRCh38,CGCATATCAGCGACCT-1
GRCh38,CGCATATCAGCTACAT-1
GRCh38,CGCATATCAGCTCAAT-1
GRCh38,CGCATCACAATGGGCG-1
GRCh38,CGCATCACACGCAGTC-1
GRCh38,CGCATCACACTGCACA-1
GRCh38,CGCATCGAGATAGCGG-1
GRCh38,CGCATCTGTGTGGATT-1
GRCh38,CGCATGGTCCCAAATG-1
GRCh38,CGCATTAAGCCCTTGC-1
GRCh38,CGCCAACCAAGGCACG-1
GRCh38,CGCCAATAGGCTATGC-1
GRCh38,CGCCCAAAGAGTTAAG-1
GRCh38,CGCCCATTCACGTGGT-1
GRCh38,CGCCCATTCGTAACTG-1
GRCh38,CGCCCGTGTAATGTGC-1
GRCh38,CGCCCGTGTCGCTGGG-1
GRCh38,CGCCGTCGTACTGCAG-1
GRCh38,CGCCGTCGTGGCACGT-1
GRCh38,CGCCGTTTCGGTCATA-1
GRCh38,CGCCTAACACTCAATA-1
GRCh38,CGCCTACTCCTCTGGC-1
GRCh38,CGCCTACTCGCTCATT-1
GRCh38,CGCCTATGTGGTTTGG-1
GRCh38,CGCCTGAAGATTCACG-1
GRCh38,CGCGCTCGTAGTGTTA-1
GRCh38,CGCGCTCGTATCGGGC-1
GRCh38,CGCGCTCGTCCAACCT-1
GRCh38,CGCGGTATCACATTAA-1
GRCh38,CGCGTAAGTAGGGAGT-1
GRCh38,CGCGTACCAACCCGTA-1
GRCh38,CGCGTACCACTCCATC-1
GRCh38,CGCGTCCGTCATGCAG-1
GRCh38,CGCGTCCGTCGATGGC-1
GRCh38,CGCGTCCGTCTTAGCC-1
GRCh38,CGCGTCCGTCTTCAAT-1
GRCh38,CGCGTGGGTACTCGCT-1
GRCh38,CGCGTGGGTCACGCCC-1
GRCh38,CGCGTTACAAGCTTAC-1
GRCh38,CGCTAAATCCCACCGT-1
GRCh38,CGCTAAATCCCTATTA-1
GRCh38,CGCTCAACAAATATCT-1
GRCh38,CGCTCAACAAGTAAAC-1
GRCh38,CGCTCAACAAGTACGA-1
GRCh38,CGCTCAACACCCAAGC-1
GRCh38,CGCTCGAAGCGGTTCG-1
GRCh38,CGCTCGCGTCCGAATG-1
GRCh38,CGCTCGCGTCTCGGTT-1
GRCh38,CGCTCTATCCTCGCTA-1
GRCh38,CGCTCTGGTGGAGCCT-1
GRCh38,CGCTGACCAAACACCT-1
GRCh38,CGCTGACCAACAACCT-1
GRCh38,CGCTGATAGATTAACC-1
GRCh38,CGCTGCCGTATCCGAG-1
GRCh38,CGCTGGGGTATCCCTA-1
GRCh38,CGCTGGGGTATGTTAG-1
GRCh38,CGCTGGGGTCTCATAT-1
GRCh38,CGCTTCATCGGGCAAA-1
GRCh38,CGCTTCATCGTAGCAC-1
GRCh38,CGCTTGCTCACTATCC-1
GRCh38,CGCTTGCTCCAGTATG-1
GRCh38,CGCTTGCTCCTCTCGA-1
GRCh38,CGCTTGGAGAATGTTC-1
GRCh38,CGCTTGGAGCTGTGGT-1
GRCh38,CGCTTGTGTCGAGGAG-1
GRCh38,CGCTTTCCAATCATCA-1
GRCh38,CGGAAAGTCCCCTATG-1
GRCh38,CGGAATGAGGTATGTT-1
GRCh38,CGGAATTGTAATCGCG-1
GRCh38,CGGAATTGTCCGACAA-1
GRCh38,CGGAATTGTCTATTGT-1
GRCh38,CGGACCTCAATCAGGA-1
GRCh38,CGGACCTCACGCTTTC-1
GRCh38,CGGATAGAGAGGTATA-1
GRCh38,CGGATAGAGAGTTGCC-1
GRCh38,CGGATATGTATCGTGG-1
GRCh38,CGGATATGTCCTCATA-1
GRCh38,CGGATATGTCGACGTA-1
GRCh38,CGGCAAGCAAGCACAA-1
GRCh38,CGGCAAGCAAGCTTCG-1
GRCh38,CGGCACATCAATCATA-1
GRCh38,CGGCACTCACCAGATT-1
GRCh38,CGGCACTCAGTCAATC-1
GRCh38,CGGCATGTCATGGTCA-1
GRCh38,CGGCCTAAGGCCTGCA-1
GRCh38,CGGCTCCGTCGCTGGG-1
GRCh38,CGGCTCCGTCTGTACC-1
GRCh38,CGGGAAATCACCATTC-1
GRCh38,CGGGAAATCCAGCCCT-1
GRCh38,CGGGAAATCCAGGGTT-1
GRCh38,CGGGAAATCCGGTTAA-1
GRCh38,CGGGATAAGCACAGGA-1
GRCh38,CGGGATAAGCACCCGA-1
GRCh38,CGGGATAAGCGTTAAT-1
GRCh38,CGGGATTTCAAATGTC-1
GRCh38,CGGGATTTCATGTAAC-1
GRCh38,CGGGCATGTACTTAAG-1
GRCh38,CGGGCATGTAGGGCGA-1
GRCh38,CGGGGATAGAGAGAGA-1
GRCh38,CGGGGTTGTCTATGTT-1
GRCh38,CGGGTACGTAGTACGT-1
GRCh38,CGGGTACGTAGTCCAG-1
GRCh38,CGGGTAGCACGTTAGT-1
GRCh38,CGGGTATTCGCGTATA-1
GRCh38,CGGGTCATCCGATCAA-1
GRCh38,CGGGTCATCGGAGGTA-1
GRCh38,CGGGTCTCAGGGCGTA-1
GRCh38,CGGGTCTCAGTGCATT-1
GRCh38,CGGTATATCACCTTAC-1
GRCh38,CGGTATGGTCCCTGAT-1
GRCh38,CGGTATTCAACAATGG-1
GRCh38,CGGTCAGTCAATATCA-1
GRCh38,CGGTCAGTCCTGTCGC-1
GRCh38,CGGTCCAAGCACCAAC-1
GRCh38,CGGTCGATCATCCTTA-1
GRCh38,CGGTCGATCATTGGCA-1
GRCh38,CGGTCGATCCTTCTAA-1
GRCh38,CGGTGCATCAAACCGC-1
GRCh38,CGGTGCATCAGTCATG-1
GRCh38,CGGTGTCCACTAGGAA-1
GRCh38,CGGTGTCCACTGGGGA-1
GRCh38,CGGTGTTAGAGTCCCG-1
GRCh38,CGGTTAGGTGCGGGTT-1
GRCh38,CGGTTCGAGAAGCCAG-1
GRCh38,CGGTTCGAGACCCATA-1
GRCh38,CGGTTTCGTGGGTCTA-1
GRCh38,CGTAACATCACCAAAT-1
GRCh38,CGTAACATCAGTATGT-1
GRCh38,CGTAACATCCCGTCTA-1
GRCh38,CGTAATAGTCAGCTTC-1
GRCh38,CGTAATTAGGCTACAC-1
GRCh38,CGTAATTAGGCTTGAC-1
GRCh38,CGTACAATCGGGGTAA-1
GRCh38,CGTACACAGCCAAACC-1
GRCh38,CGTACACAGCTGACCG-1
GRCh38,CGTACAGGTATAATCG-1
GRCh38,CGTACGTAGCAGTCTA-1
GRCh38,CGTAGAACACATCACG-1
GRCh38,CGTAGAGAGAGTGGGC-1
GRCh38,CGTAGAGAGGCAACAG-1
GRCh38,CGTAGAGAGGTTAGGG-1
GRCh38,CGTAGATGTCGAGGCT-1
GRCh38,CGTAGCTAGAGGGTGC-1
GRCh38,CGTAGGCGTCGTTAGG-1
GRCh38,CGTATAAGTCTACTAT-1
GRCh38,CGTATAAGTGCGGAGA-1
GRCh38,CGTATAAGTGTAAAGG-1
GRCh38,CGTATAAGTGTGTCGA-1
GRCh38,CGTATAGTCAATCATA-1
GRCh38,CGTATATAGCGAGTAG-1
GRCh38,CGTATATAGGTTCGAC-1
GRCh38,CGTATCGCAAGCTTCG-1
GRCh38,CGTATCTTCACCCAAA-1
GRCh38,CGTATCTTCAGCCAAC-1
GRCh38,CGTATGGGTAATCTTC-1
GRCh38,CGTATGGGTGCTATAA-1
GRCh38,CGTATGGGTGGAATGA-1
GRCh38,CGTATGGGTGTCATGG-1
GRCh38,CGTATTGAGAATTTGC-1
GRCh38,CGTATTGAGATCCAAT-1
GRCh38,CGTATTGAGGCAATCC-1
GRCh38,CGTATTGAGGCTTCCC-1
GRCh38,CGTATTGAGGGACAAT-1
GRCh38,CGTCAACAGAATGGGT-1
GRCh38,CGTCAACAGCGGTTTA-1
GRCh38,CGTCAACAGCTAGCGT-1
GRCh38,CGTCAATCAGCACACC-1
GRCh38,CGTCAATCAGTGGTAA-1
GRCh38,CGTCATAAGCACGAAG-1
GRCh38,CGTCATAAGCGCATAC-1
GRCh38,CGTCATTTCAGGAATA-1
GRCh38,CGTCGGGGTGGGAGTG-1
GRCh38,CGTCGTACAAAACTCC-1
GRCh38,CGTCGTACAATAGCCT-1
GRCh38,CGTCGTACAGGCCTTA-1
GRCh38,CGTCGTCTCAAGTCCA-1
GRCh38,CGTCGTCTCGGACACT-1
GRCh38,CGTCTAAAGCCCATTT-1
GRCh38,CGTCTATTCACATACG-1
GRCh38,CGTGAAGAGGTATGGG-1
GRCh38,CGTGAGAAGACCCGAT-1
GRCh38,CGTGAGCGTACTTGGG-1
GRCh38,CGTGAGTTCCTGCAAA-1
GRCh38,CGTGCCCGTAGCGTCA-1
GRCh38,CGTGCCCGTCTACTGC-1
GRCh38,CGTGCTACAAGCGCGA-1
GRCh38,CGTGCTACACCGGTTA-1
GRCh38,CGTGGAAAGACTGATT-1
GRCh38,CGTGGAAAGCCACTAA-1
GRCh38,CGTGGGTGTCTAACGG-1
GRCh38,CGTGGGTGTGTGTGCA-1
GRCh38,CGTGGTAGTGTATGTA-1
GRCh38,CGTGGTTAGCGTATAT-1
GRCh38,CGTGGTTAGGTCTGTA-1
GRCh38,CGTGTTAAGAGCAGAT-1
GRCh38,CGTGTTAAGGTTCGAC-1
GRCh38,CGTGTTCGTAGCGTAT-1
GRCh38,CGTTAATAGAAACGGT-1
GRCh38,CGTTAATAGAGGACGC-1
GRCh38,CGTTAATAGCCTACGG-1
GRCh38,CGTTAATAGCGCGTAT-1
GRCh38,CGTTACAAGAGTTGGG-1
GRCh38,CGTTACAAGGTTCGCG-1
GRCh38,CGTTACTTCAATGCGC-1
GRCh38,CGTTACTTCCCAGAAC-1
GRCh38,CGTTATACAACGAAAT-1
GRCh38,CGTTATACACCTCTCG-1
GRCh38,CGTTATGAGCGTGTTA-1
GRCh38,CGTTCAAAGAGGAGTT-1
GRCh38,CGTTCAAAGATCGTAT-1
GRCh38,CGTTCCGGTACGCTTC-1
GRCh38,CGTTCGACAATGCGGG-1
GRCh38,CGTTCTGTCGTGCAAC-1
GRCh38,CGTTGCTGTCGCGTCC-1
GRCh38,CGTTGCTGTGCATTGG-1
GRCh38,CGTTGCTGTGTTGGGC-1
GRCh38,CGTTGGAGTATAGTGC-1
GRCh38,CGTTGGTAGAGTGATA-1
GRCh38,CGTTGGTAGCAGTAGG-1
GRCh38,CGTTGGTAGGGAGCGT-1
GRCh38,CGTTGTAAGAAGGCTG-1
GRCh38,CGTTTACTCCCTGCTA-1
GRCh38,CGTTTACTCCGATACA-1
GRCh38,CGTTTACTCGTTCACT-1
GRCh38,CGTTTAGAGACTCCAA-1
GRCh38,CGTTTAGAGACTTTGG-1
GRCh38,CGTTTAGAGCCATAGC-1
GRCh38,CGTTTCAGTACGGGTC-1
GRCh38,CGTTTCCCACCTAGGC-1
GRCh38,CGTTTGAAGAACGTTT-1
GRCh38,CGTTTGAAGAAGGTGT-1
GRCh38,CGTTTGAAGAGGTAAC-1
GRCh38,CTAAACGTCGGAGGTA-1
GRCh38,CTAAAGGCAAATGAAC-1
GRCh38,CTAAATTCAAGCGTCC-1
GRCh38,CTAACATAGGTCCACG-1
GRCh38,CTAACCCGTATCTCTG-1
GRCh38,CTAACGGGTACGAAAG-1
GRCh38,CTAACGGGTCTAAAGC-1
GRCh38,CTAACTACAAAGCCAA-1
GRCh38,CTAACTACAGTCCTAG-1
GRCh38,CTAACTTGTGCCCCTA-1
GRCh38,CTAAGCCAGCAAGAGT-1
GRCh38,CTAAGCCAGCGATTTG-1
GRCh38,CTAAGCCAGCGTCAAC-1
GRCh38,CTAAGCGGTAACGCAT-1
GRCh38,CTAAGCGGTCCATATT-1
GRCh38,CTAAGGACAAACCACT-1
GRCh38,CTAAGGGAGACGCCCA-1
GRCh38,CTAAGGTGTGCTTCCG-1
GRCh38,CTAAGGTGTGGCCTGG-1
GRCh38,CTAAGTCCAGGAGTTA-1
GRCh38,CTAATCCTCCGGGTCA-1
GRCh38,CTAATCCTCCTCGTTG-1
GRCh38,CTAATCGAGATGGCGA-1
GRCh38,CTAATGAGTAACTCCC-1
GRCh38,CTAATGGTCCCCACTA-1
GRCh38,CTAATTCGTGTTGCGA-1
GRCh38,CTACAATAGCGTAATT-1
GRCh38,CTACACAAGAAGCTTT-1
GRCh38,CTACACAAGAGTTGGG-1
GRCh38,CTACACAAGCCGCGTA-1
GRCh38,CTACACAAGCTTAGTG-1
GRCh38,CTACAGCAGGCGTGAA-1
GRCh38,CTACAGCAGGGAAATC-1
GRCh38,CTACATACAATAGGCA-1
GRCh38,CTACATCTCCCGAATA-1
GRCh38,CTACATGAGGTTAGCC-1
GRCh38,CTACGACAGATTCAGT-1
GRCh38,CTACGATCAGTATAGG-1
GRCh38,CTACGCACACAAGACA-1
GRCh38,CTACGCCTCAGTCCTT-1
GRCh38,CTACGCCTCGCATAAT-1
GRCh38,CTACGCCTCGCTACTT-1
GRCh38,CTACGCGAGAGTTGCC-1
GRCh38,CTACGCGAGATTAAGG-1
GRCh38,CTACGCTGTAAGTAGG-1
GRCh38,CTACGCTGTAGGGGAT-1
GRCh38,CTACGCTGTCATCGCT-1
GRCh38,CTACGGAGTCCACGGG-1
GRCh38,CTACGTAAGACATATC-1
GRCh38,CTACGTAAGCGTTACA-1
GRCh38,CTACGTAAGGCCATCG-1
GRCh38,CTACGTAAGGGAGAGG-1
GRCh38,CTACTAACAACCATAC-1
GRCh38,CTACTAACAACGAAAT-1
GRCh38,CTACTAACAACTTCAA-1
GRCh38,CTACTACTCAGACTCA-1
GRCh38,CTACTACTCCACCAAA-1
GRCh38,CTACTATGTATGAGGA-1
GRCh38,CTACTATGTCACTATT-1
GRCh38,CTACTCCCACTCCACT-1
GRCh38,CTACTCCCAGCGTCTA-1
GRCh38,CTACTGAAGGGACACA-1
GRCh38,CTACTGCGTAGCGGGA-1
GRCh38,CTACTGCGTCCGCTTG-1
GRCh38,CTACTTATCATCAGGC-1
GRCh38,CTACTTCAGATAGGGT-1
GRCh38,CTAGAAGCAAAATTCT-1
GRCh38,CTAGAAGCACAGCGTC-1
GRCh38,CTAGCAATCAGTTGTG-1
GRCh38,CTAGCAATCGGCTAAC-1
GRCh38,CTAGCATCAAAGGACC-1
GRCh38,CTAGCCCTCGTCCAAA-1
GRCh38,CTAGCCGAGATAGCGG-1
GRCh38,CTAGCCGAGCACTGCG-1
GRCh38,CTAGCCGAGCCAAGCT-1
GRCh38,CTAGCGTAGCATGGTC-1
GRCh38,CTAGCGTAGGGATAGT-1
GRCh38,CTAGCTAAGCCGTCGA-1
GRCh38,CTAGCTAAGCCTTAGA-1
GRCh38,CTAGCTAAGGGAGAGG-1
GRCh38,CTAGGAACAACAACCT-1
GRCh38,CTAGGAGAGAGTTGCC-1
GRCh38,CTAGGAGAGCTTGTAG-1
GRCh38,CTAGGCCCAATATTCG-1
GRCh38,CTAGGGCGTCAGTAGT-1
GRCh38,CTAGGGGCAAGTGCAA-1
GRCh38,CTAGGTCAGCGCTGAT-1
GRCh38,CTAGGTGGTATGAGTC-1
GRCh38,CTAGTCAAGACCTGTA-1
GRCh38,CTAGTCGCAGCATGCC-1
GRCh38,CTAGTGCAGGCAAAGT-1
GRCh38,CTAGTGCAGGCGATAG-1
GRCh38,CTAGTGCAGGTCTGCG-1
GRCh38,CTAGTGGGTATGTACA-1
GRCh38,CTAGTGGGTGTAGAAG-1
GRCh38,CTAGTTCTCACAACTG-1
GRCh38,CTAGTTGAGAAGCCAG-1
GRCh38,CTAGTTGAGCATTCGA-1
GRCh38,CTATAAGGTAGACTCG-1
GRCh38,CTATAATCAAACTACC-1
GRCh38,CTATAATCACATGGGG-1
GRCh38,CTATAATCAGGACCTC-1
GRCh38,CTATACACAATGCTAC-1
GRCh38,CTATACACAGTAGCCC-1
GRCh38,CTATAGTAGCTCTGAA-1
GRCh38,CTATAGTAGGGCTTGT-1
GRCh38,CTATCAGAGAATGATG-1
GRCh38,CTATCCAGTCACGCTT-1
GRCh38,CTATCCAGTGCTGCCC-1
GRCh38,CTATCCCCAAGGTAAT-1
GRCh38,CTATCCCCAGTGCATT-1
GRCh38,CTATCCCCAGTGGTAA-1
GRCh38,CTATCGCGTAGCTTCC-1
GRCh38,CTATCGCGTCATACCC-1
GRCh38,CTATCTTCAACAGCGG-1
GRCh38,CTATCTTCAATCAGGA-1
GRCh38,CTATCTTCACCCTAAG-1
GRCh38,CTATGACCAATATCTG-1
GRCh38,CTATGACCACCCTGAA-1
GRCh38,CTATGACCAGCGGACA-1
GRCh38,CTATGCTTCCTCGCTA-1
GRCh38,CTATGGCAGATTCGAT-1
GRCh38,CTATGGGGTGTGTATA-1
GRCh38,CTATGGTCACAGGTAA-1
GRCh38,CTATGGTCACTAGTCG-1
GRCh38,CTATGTCTCCTGCAAA-1
GRCh38,CTATGTTGTCATGCAG-1
GRCh38,CTATGTTGTCGTGCCC-1
GRCh38,CTATTGCTCGCTTACT-1
GRCh38,CTATTGGAGATTCGTG-1
GRCh38,CTATTGGAGCTAGGAG-1
GRCh38,CTATTGTGTAAGGGAC-1
GRCh38,CTATTGTGTGCGGTTA-1
GRCh38,CTATTGTGTGTGCCGG-1
GRCh38,CTCAATACAAACGCGG-1
GRCh38,CTCAATACAAAGCCAA-1
GRCh38,CTCACCTCAAGGTTTC-1
GRCh38,CTCACCTCACATCGCA-1
GRCh38,CTCACGCTCAAAGGGT-1
GRCh38,CTCAGCCTCGTGGTTA-1
GRCh38,CTCAGCGAGCGTCAAC-1
GRCh38,CTCAGGGTCAAATCCG-1
GRCh38,CTCAGGGTCAGACTGC-1
GRCh38,CTCAGGGTCCACCCTA-1
GRCh38,CTCAGGTAGGTCCGCA-1
GRCh38,CTCAGGTAGGTGCTAC-1
GRCh38,CTCAGTAAGCAAGGGC-1
GRCh38,CTCAGTAAGGTATATC-1
GRCh38,CTCATAGAGCCATATG-1
GRCh38,CTCATATGTGCACTCT-1
GRCh38,CTCATGAAGAACCCGT-1
GRCh38,CTCATGAAGCATGCCG-1
GRCh38,CTCATGAAGCCACGAT-1
GRCh38,CTCATGAAGCTGGGTT-1
GRCh38,CTCATTGGTACGGTCA-1
GRCh38,CTCATTGGTGTTCGAG-1
GRCh38,CTCATTTCAGCTAACT-1
GRCh38,CTCCAATTCACCATCT-1
GRCh38,CTCCACATCCGGGTAT-1
GRCh38,CTCCACTCAAGACAAT-1
GRCh38,CTCCACTCAAGTTGAG-1
GRCh38,CTCCAGCTCATCCCGC-1
GRCh38,CTCCATCCAACACAGA-1
GRCh38,CTCCATCCAAGCAAAT-1
GRCh38,CTCCATCCAATCACTA-1
GRCh38,CTCCATGTCCGCACTC-1
GRCh38,CTCCATGTCCTCTAGT-1
GRCh38,CTCCGACTCACTGCCC-1
GRCh38,CTCCGACTCGTGCATA-1
GRCh38,CTCCGCAGTCCTTTAG-1
GRCh38,CTCCGGAAGCCAGCAT-1
GRCh38,CTCCGGAAGGCTGGTT-1
GRCh38,CTCCGGTTCACAGTTG-1
GRCh38,CTCCTACCAGGGGCTA-1
GRCh38,CTCCTCAAGCTACGCG-1
GRCh38,CTCCTCAAGGTGAGTG-1
GRCh38,CTCCTCTTCCCTGCAC-1
GRCh38,CTCCTTCTCACCCAAA-1
GRCh38,CTCCTTCTCATGCCTT-1
GRCh38,CTCCTTCTCCGTACTT-1
GRCh38,CTCGAAATCAGTGCTA-1
GRCh38,CTCGAACAGAGCCCAT-1
GRCh38,CTCGAACAGAGCGTAG-1
GRCh38,CTCGAACAGCAATTCG-1
GRCh38,CTCGAACAGCTATGTG-1
GRCh38,CTCGACACACGCATCA-1
GRCh38,CTCGAGCCAGTGCGAG-1
GRCh38,CTCGAGTAGCATGGAG-1
GRCh38,CTCGAGTAGCCATACA-1
GRCh38,CTCGAGTAGCTAATCG-1
GRCh38,CTCGATAAGCCGTCGA-1
GRCh38,CTCGATCGTCCTACGT-1
GRCh38,CTCGCAACAGGCTACC-1
GRCh38,CTCGCTGGTCACGCCC-1
GRCh38,CTCGCTGGTGTCCATC-1
GRCh38,CTCGGACCACTCCGAA-1
GRCh38,CTCGGCAAGCGGCCTA-1
GRCh38,CTCGGCTTCAAGCCAC-1
GRCh38,CTCGGGATCAACCCTT-1
GRCh38,CTCGGGTCAATTGACC-1
GRCh38,CTCGGTTGTCCGCCTA-1
GRCh38,CTCGTAAAGAGCCTGT-1
GRCh38,CTCGTGGAGACATAAG-1
GRCh38,CTCGTTCCAAAGGACC-1
GRCh38,CTCGTTGTCAGACTTG-1
GRCh38,CTCGTTGTCCTGCTAT-1
GRCh38,CTCGTTTAGGGGAATT-1
GRCh38,CTCTAATGTACTTAAG-1
GRCh38,CTCTAGGCAAGAGACC-1
GRCh38,CTCTAGGCAATTAAGA-1
GRCh38,CTCTCATAGACAACGG-1
GRCh38,CTCTCATAGGTAGGCA-1
GRCh38,CTCTCCAAGCGAAGAT-1
GRCh38,CTCTCCGCAATCGCCA-1
GRCh38,CTCTCCGCACTAATAT-1
GRCh38,CTCTCCTTCACTTCCG-1
GRCh38,CTCTCGATCAAGGGTG-1
GRCh38,CTCTGAAAGCTGATAT-1
GRCh38,CTCTGATTCCCTAAAG-1
GRCh38,CTCTGATTCGTTCGGG-1
GRCh38,CTCTGGGAGCTGCATA-1
GRCh38,CTGAATTAGCACTGTA-1
GRCh38,CTGAATTAGGGGATAT-1
GRCh38,CTGACATCAAATTACT-1
GRCh38,CTGACATCACAATGCT-1
GRCh38,CTGACCACAAGGGTTA-1
GRCh38,CTGACCGAGGCCTGAT-1
GRCh38,CTGACCGAGGGTTCCG-1
GRCh38,CTGACTCGTAATTCAG-1
GRCh38,CTGACTCGTCCTCGAT-1
GRCh38,CTGATAAGTCACACTC-1
GRCh38,CTGATAAGTCCGCCGT-1
GRCh38,CTGATTACACCAGTGC-1
GRCh38,CTGATTACACGTCGGT-1
GRCh38,CTGATTCTCGGCTCGA-1
GRCh38,CTGCAAATCACCAAAT-1
GRCh38,CTGCAAATCATGCAGC-1
GRCh38,CTGCAAATCCTCTCCT-1
GRCh38,CTGCAACAGATGCGAG-1
GRCh38,CTGCACGAGACTGCCG-1
GRCh38,CTGCACGAGGTAGTGG-1
GRCh38,CTGCAGTAGACTCAGC-1
GRCh38,CTGCAGTAGGTAGGCA-1
GRCh38,CTGCATCGTACCCCAT-1
GRCh38,CTGCATCGTACGTTCC-1
GRCh38,CTGCATCGTGTCGGGT-1
GRCh38,CTGCGCCGTACCTTGC-1
GRCh38,CTGCGTACAAACTCCG-1
GRCh38,CTGCGTACAGTCCATG-1
GRCh38,CTGCGTCTCAGTTGGC-1
GRCh38,CTGCGTCTCGCTCCAC-1
GRCh38,CTGCGTGAGACCTATG-1
GRCh38,CTGCTATTCGCACGTG-1
GRCh38,CTGCTCTCAATATCTG-1
GRCh38,CTGCTTCCAAAGCCAA-1
GRCh38,CTGCTTCCAAGGATAT-1
GRCh38,CTGGAATGTACCTTTG-1
GRCh38,CTGGAATGTGCGGGTT-1
GRCh38,CTGGAGGCAAGCATAG-1
GRCh38,CTGGATGGTCCCAATC-1
GRCh38,CTGGATGGTCTATTGT-1
GRCh38,CTGGCACCAACGCGAG-1
GRCh38,CTGGCACCACAACGCC-1
GRCh38,CTGGCATAGCCTTATC-1
GRCh38,CTGGCTCTCGTCCTAT-1
GRCh38,CTGGCTTGTACAAGTC-1
GRCh38,CTGGGAGCAAAATCCC-1
GRCh38,CTGGGCATCACCATTC-1
GRCh38,CTGGTAATCAAGCAAA-1
GRCh38,CTGGTAATCCGCAATA-1
GRCh38,CTGGTAGGTCATTGGG-1
GRCh38,CTGGTCCTCATCGGCG-1
GRCh38,CTGGTCCTCCAATTGG-1
GRCh38,CTGGTCTGTAATCGCG-1
GRCh38,CTGGTGAGTCATCGAG-1
GRCh38,CTGGTTAAGAGCGTAG-1
GRCh38,CTGTAATAGAGTCTTG-1
GRCh38,CTGTACGCACAACCCA-1
GRCh38,CTGTATCTCCAACACA-1
GRCh38,CTGTATCTCCACAACA-1
GRCh38,CTGTATCTCGTACAAT-1
GRCh38,CTGTCCGGTACGCTGA-1
GRCh38,CTGTCGGAGACTTAAC-1
GRCh38,CTGTCGGAGCTGATAT-1
GRCh38,CTGTCTAGTCTGCATC-1
GRCh38,CTGTCTAGTGTCTTCA-1
GRCh38,CTGTGAGGTGCGAGGA-1
GRCh38,CTGTTACTCAAAGCCC-1
GRCh38,CTGTTACTCAACCTCT-1
GRCh38,CTGTTCGTCATGTCAG-1
GRCh38,CTGTTCGTCCAGCGCA-1
GRCh38,CTTAAATCAAGCGATA-1
GRCh38,CTTAACACAGTGAAGC-1
GRCh38,CTTAACCTCGTAATTA-1
GRCh38,CTTAAGCCAACTTACA-1
GRCh38,CTTAAGCCAATTACGC-1
GRCh38,CTTAAGCCAGGTTACT-1
GRCh38,CTTAATCGTAGTTAGC-1
GRCh38,CTTAATTTCGGCTTAA-1
GRCh38,CTTAGCAAGAAATGGC-1
GRCh38,CTTAGCCGTGGTGTAT-1
GRCh38,CTTAGCCGTGTCACGA-1
GRCh38,CTTAGCTTCGTAGTCA-1
GRCh38,CTTAGGCAGATCTGCA-1
GRCh38,CTTAGGGGTAACTCGG-1
GRCh38,CTTAGGGGTAAGGGAC-1
GRCh38,CTTAGGGGTCAGTGCA-1
GRCh38,CTTAGGGGTCGTACCT-1
GRCh38,CTTAGGGGTCTCGTCG-1
GRCh38,CTTAGTACAGCACACC-1
GRCh38,CTTAGTCTCACGCAAC-1
GRCh38,CTTAGTCTCCGCTCTA-1
GRCh38,CTTAGTGAGCATTTCC-1
GRCh38,CTTAGTTGTAGGGGAT-1
GRCh38,CTTATACGTACTTTCG-1
GRCh38,CTTATACGTGGTAGGG-1
GRCh38,CTTATACGTGTTATAG-1
GRCh38,CTTATAGCAAACATGG-1
GRCh38,CTTATAGCAACAGGGT-1
GRCh38,CTTATAGCAATCGTAC-1
GRCh38,CTTATCATCACGGGTT-1
GRCh38,CTTATCATCCTGTATC-1
GRCh38,CTTATGTGTATGTTGA-1
GRCh38,CTTATGTGTCTGATAA-1
GRCh38,CTTCAATGTCCAGCCC-1
GRCh38,CTTCAATGTCGGCTGG-1
GRCh38,CTTCAATGTCTGGATG-1
GRCh38,CTTCATATCAGGCCAT-1
GRCh38,CTTCGAGCAAGTCGCC-1
GRCh38,CTTCGAGCACGTACGC-1
GRCh38,CTTCGCATCGGCATTA-1
GRCh38,CTTCGCATCGTCCCTA-1
GRCh38,CTTCGTCCAGCGCTAC-1
GRCh38,CTTCGTGTCAGTAAAG-1
GRCh38,CTTCGTGTCATAAGTC-1
GRCh38,CTTCGTGTCGTTATAA-1
GRCh38,CTTCTAATCGCTAACA-1
GRCh38,CTTCTACAGATGGTTT-1
GRCh38,CTTCTATCAGGCGTTC-1
GRCh38,CTTCTATCAGTCGCAC-1
GRCh38,CTTCTCACAAAATTCT-1
GRCh38,CTTCTCACAAGTCATC-1
GRCh38,CTTCTCTGTGCGAGAG-1
GRCh38,CTTCTCTGTGGGGTAG-1
GRCh38,CTTGAATAGATGTAGA-1
GRCh38,CTTGAATAGGCGTGTT-1
GRCh38,CTTGAATAGGTAAGAC-1
GRCh38,CTTGACGCAATATCAT-1
GRCh38,CTTGACGCACCACTGA-1
GRCh38,CTTGATTGTACGGTGC-1
GRCh38,CTTGATTGTGTTCATT-1
GRCh38,CTTGGAGGTAGGACTT-1
GRCh38,CTTGGGTAGAATGCGG-1
GRCh38,CTTGTACTCGGTTCAA-1
GRCh38,CTTGTAGAGAACGCGA-1
GRCh38,CTTGTAGAGCCAAATT-1
GRCh38,CTTGTAGAGCCACGAT-1
GRCh38,CTTGTAGAGCCTGTGG-1
GRCh38,CTTGTCGTCGGAGGTA-1
GRCh38,CTTGTCTAGCTTAGCA-1
GRCh38,CTTGTGCGTCGGGCAT-1
GRCh38,CTTGTGTTCGGATTGC-1
GRCh38,GCAAAGTAGGTAGCTC-1
GRCh38,GCAAAGTAGGTAGTTT-1
GRCh38,GCAACAGAGAATGGTA-1
GRCh38,GCAACAGAGCACTCAA-1
GRCh38,GCAACGGCAAATATAG-1
GRCh38,GCAACGGCACGCTTTC-1
GRCh38,GCAACGGCACTAAGCT-1
GRCh38,GCAACGTTCATCGCCC-1
GRCh38,GCAAGACCAACTAAGG-1
GRCh38,GCAAGCAAGCAAGAGT-1
GRCh38,GCAAGCAAGGGTGAAT-1
GRCh38,GCAAGCCGTATGGGCC-1
GRCh38,GCAAGCCGTATTCTGT-1
GRCh38,GCAAGGCAGGGCTGAA-1
GRCh38,GCAAGGGGTCATCATT-1
GRCh38,GCAAGGGGTGCGAGGA-1
GRCh38,GCAATAGCAGTACGGG-1
GRCh38,GCAATATTCATACTAA-1
GRCh38,GCAATATTCCGAGCAT-1
GRCh38,GCAATCCAGAGGCGAC-1
GRCh38,GCAATCCAGAGGGCGT-1
GRCh38,GCAATCCAGATGACGG-1
GRCh38,GCAATCGGTAGCGTTG-1
GRCh38,GCAATCGGTCGTAGAT-1
GRCh38,GCAATCGGTGTTGTGG-1
GRCh38,GCAATCTCACTCCTAC-1
GRCh38,GCAATGTGTAAGCCAT-1
GRCh38,GCAATGTGTAAGGTAG-1
GRCh38,GCAATGTGTACGTCTC-1
GRCh38,GCAATTTAGAACAGAC-1
GRCh38,GCACAAGAGACAGCCT-1
GRCh38,GCACACCCAATCAACC-1
GRCh38,GCACAGCGTAGTACGT-1
GRCh38,GCACAGCGTATATTGG-1
GRCh38,GCACAGCGTGTTAATG-1
GRCh38,GCACCTCTCACTCCCA-1
GRCh38,GCACCTCTCCAATATA-1
GRCh38,GCACCTCTCGCTCTCA-1
GRCh38,GCACGAAAGCAGCCAT-1
GRCh38,GCACGCTCAACTCACG-1
GRCh38,GCACGCTCAAGGCGCA-1
GRCh38,GCACGCTCAAGTATCC-1
GRCh38,GCACGGACAAATCCCG-1
GRCh38,GCACGTAGTAACCCGA-1
GRCh38,GCACGTTAGATGGGCA-1
GRCh38,GCACGTTAGCACGTCG-1
GRCh38,GCACGTTAGCGAAACG-1
GRCh38,GCACGTTAGGGCATAG-1
GRCh38,GCACTAATCAGTCATG-1
GRCh38,GCACTAGGTGGCAATT-1
GRCh38,GCAGCCTCAATCGTCG-1
GRCh38,GCAGCCTCAGCTACGC-1
GRCh38,GCAGCCTCAGTGGCAG-1
GRCh38,GCAGCGACAAAGTTCC-1
GRCh38,GCAGGATCAGTGCGAG-1
GRCh38,GCAGGCACACCATTCC-1
GRCh38,GCAGGCACACCTTGAG-1
GRCh38,GCAGTAACAGTGTAAG-1
GRCh38,GCAGTACTCCAGGTGT-1
GRCh38,GCATAATTCATAGGGG-1
GRCh38,GCATAATTCCATATGG-1
GRCh38,GCATACCAGAATGCAA-1
GRCh38,GCATAGACAGCAGGCA-1
GRCh38,GCATAGGAGAGCCCCA-1
GRCh38,GCATCAATCACCCTAT-1
GRCh38,GCATCAGGTCAATCGG-1
GRCh38,GCATCAGGTGGCTTGA-1
GRCh38,GCATCAGGTGGTGTAT-1
GRCh38,GCATCAGGTGTGCATG-1
GRCh38,GCATCCACAAACATGG-1
GRCh38,GCATCCACACGTGCTA-1
GRCh38,GCATCGGTCCGTACTT-1
GRCh38,GCATCGTAGCCTAATG-1
GRCh38,GCATCGTAGGGGGCAT-1
GRCh38,GCATGAACAAAAGCGC-1
GRCh38,GCATGAACACGGTCGT-1
GRCh38,GCATGCCCAATCATCA-1
GRCh38,GCATGCCCACAGCGGA-1
GRCh38,GCATGGGCAATAAGAC-1
GRCh38,GCATGGGCAGTCCACA-1
GRCh38,GCATGGTTCGCACTCC-1
GRCh38,GCATTCAAGCTTGGCG-1
GRCh38,GCATTCCGTCTATAAG-1
GRCh38,GCATTCGCACTCCTAC-1
GRCh38,GCATTGGGTACCCTTA-1
GRCh38,GCATTGGGTCTCGTCG-1
GRCh38,GCATTTACAACAGACA-1
GRCh38,GCCAACCCAAATGACG-1
GRCh38,GCCACATAGATCGACC-1
GRCh38,GCCACATAGGTGTTAT-1
GRCh38,GCCATAGGTAACTTCT-1
GRCh38,GCCATATCACTAGTCG-1
GRCh38,GCCATCGAGATACGAA-1
GRCh38,GCCATCGAGCATTGCA-1
GRCh38,GCCATCGAGGTTGGTC-1
GRCh38,GCCATGTAGACATGGG-1
GRCh38,GCCATGTAGCGTTTGA-1
GRCh38,GCCATTAAGCCAGCAT-1
GRCh38,GCCATTCGTCTGGCCC-1
GRCh38,GCCATTCGTGGGTTAT-1
GRCh38,GCCCAACCAAATGGCA-1
GRCh38,GCCCAACCAGGATTAG-1
GRCh38,GCCCATACACTATTCT-1
GRCh38,GCCCATACAGCCTCTT-1
GRCh38,GCCCATACAGTACGCC-1
GRCh38,GCCCATTGTAGTTTAG-1
GRCh38,GCCCATTGTCAGGCGT-1
GRCh38,GCCCATTGTGCGCGAT-1
GRCh38,GCCCATTGTGCGTCTT-1
GRCh38,GCCCCAAAGGCTAGAG-1
GRCh38,GCCCCTAGTCCTTAGC-1
GRCh38,GCCCCTAGTGTCGTAG-1
GRCh38,GCCCGAGGTGTCCGCC-1
GRCh38,GCCCGTAAGGTATAGA-1
GRCh38,GCCCGTCGTAACAGAG-1
GRCh38,GCCCTAACAACACTAC-1
GRCh38,GCCCTATGTCTGTGAG-1
GRCh38,GCCCTGAAGGTTATGT-1
GRCh38,GCCCTTATCACAACGC-1
GRCh38,GCCCTTATCACACACA-1
GRCh38,GCCCTTATCATTGTCC-1
GRCh38,GCCTACCTCACCCATT-1
GRCh38,GCCTACCTCCCAAGTA-1
GRCh38,GCCTATAAGAGTCAGG-1
GRCh38,GCCTATAAGCGTAATT-1
GRCh38,GCCTATCGTCCTCGAT-1
GRCh38,GCCTCGAAGCAACGAG-1
GRCh38,GCCTCGAAGCACATCA-1
GRCh38,GCCTCGAAGGTTAGCC-1
GRCh38,GCCTCGCGTCAAGGCC-1
GRCh38,GCCTCGCGTGGCATAT-1
GRCh38,GCCTCTGGTGTCGAGC-1
GRCh38,GCCTGACCAAAACCGA-1
GRCh38,GCCTGACCAATAACTT-1
GRCh38,GCCTGCAAGCACTCCC-1
GRCh38,GCCTGCAAGGGTGAAT-1
GRCh38,GCCTGCAAGGTATTGT-1
GRCh38,GCCTGCCGTCAAACGT-1
GRCh38,GCCTGCCGTCCAGATG-1
GRCh38,GCCTGCTTCAAACCAT-1
GRCh38,GCCTGGGGTATTCGGG-1
GRCh38,GCCTGGGGTCGAGGGA-1
GRCh38,GCCTGGGGTGTATCCC-1
GRCh38,GCCTTAGCACATCAGT-1
GRCh38,GCCTTAGCACTCGCAA-1
GRCh38,GCCTTCGGTCACCCAT-1
GRCh38,GCCTTGCTCCGTCGCT-1
GRCh38,GCCTTGTGTAGGCCGT-1
GRCh38,GCCTTTAGTGGGTCTA-1
GRCh38,GCCTTTCCAATCATCA-1
GRCh38,GCGAAAGTCCATATGG-1
GRCh38,GCGAAAGTCCGGGCTA-1
GRCh38,GCGAAAGTCGGCTCCT-1
GRCh38,GCGAAGCAGACGCCAT-1
GRCh38,GCGAAGGGTAGTGAGA-1
GRCh38,GCGAAGGGTGTTGCGA-1
GRCh38,GCGAATGAGAATACGA-1
GRCh38,GCGAATGAGATTCACG-1
GRCh38,GCGAATGAGCCCAGCA-1
GRCh38,GCGAATTGTATCCCCG-1
GRCh38,GCGAATTGTCGTTGGA-1
GRCh38,GCGACGACAAGGGCAT-1
GRCh38,GCGAGGAGTATCGGGC-1
GRCh38,GCGAGTTTCCGTAACA-1
GRCh38,GCGATAACACTCGAGC-1
GRCh38,GCGATAACAGTGACCC-1
GRCh38,GCGATGCGTACGAAAG-1
GRCh38,GCGATGCGTATTATCC-1
GRCh38,GCGATGCGTCATACTT-1
GRCh38,GCGCAATTCCGCCCAT-1
GRCh38,GCGCATGTCAGGGCTT-1
GRCh38,GCGCATGTCGGTGTTA-1
GRCh38,GCGCGAACACAATCCG-1
GRCh38,GCGCGAACACTACTAA-1
GRCh38,GCGCGATGTATCCGTC-1
GRCh38,GCGCGATGTATGTCTT-1
GRCh38,GCGCGTATCGGCCAAT-1
GRCh38,GCGCTACCAAACGGCG-1
GRCh38,GCGCTCCGTCCTGATC-1
GRCh38,GCGCTGGGTATACGGT-1
GRCh38,GCGCTTACAACTCGAT-1
GRCh38,GCGCTTACACCTCATC-1
GRCh38,GCGCTTACAGCACGCT-1
GRCh38,GCGCTTGAGACAACCC-1
GRCh38,GCGGAAATCAGCCCTC-1
GRCh38,GCGGACACACATCTCC-1
GRCh38,GCGGACACAGTTACCG-1
GRCh38,GCGGAGTAGGTAGGAT-1
GRCh38,GCGGATAAGGCGATAG-1
GRCh38,GCGGATAAGGTGGGTA-1
GRCh38,GCGGATTTCAATCGGC-1
GRCh38,GCGGATTTCCTTAGCT-1
GRCh38,GCGGCTATCCTCTAAC-1
GRCh38,GCGGCTATCGGCCTTC-1
GRCh38,GCGGCTATCGTGGCCA-1
GRCh38,GCGGGATAGCATTAAC-1
GRCh38,GCGGTAAAGGTCGTAC-1
GRCh38,GCGGTATTCGTTCACT-1
GRCh38,GCGGTCTCAACGAGGT-1
GRCh38,GCGGTCTCAACTGAAG-1
GRCh38,GCGGTCTCAGTATACC-1
GRCh38,GCGGTTTAGACCCACG-1
GRCh38,GCGGTTTAGAGGCACA-1
GRCh38,GCGTAGAAGATTCACG-1
GRCh38,GCGTAGTTCGCTTCTG-1
GRCh38,GCGTAGTTCGGGTATC-1
GRCh38,GCGTAGTTCGTATTGG-1
GRCh38,GCGTATGGTACACCCT-1
GRCh38,GCGTATGGTCTAACGG-1
GRCh38,GCGTATGGTGGACGGA-1
GRCh38,GCGTATTCAAAGTAAC-1
GRCh38,GCGTATTCACGGCACT-1
GRCh38,GCGTATTCAGCGGTAG-1
GRCh38,GCGTATTCAGTACTCG-1
GRCh38,GCGTCCAAGAGTTTCG-1
GRCh38,GCGTCGATCACTTGTC-1
GRCh38,GCGTCGATCAGTGGCT-1
GRCh38,GCGTCGATCCAGTCCC-1
GRCh38,GCGTGAGCACTGATTA-1
GRCh38,GCGTGAGCAGGACTAA-1
GRCh38,GCGTGCTCAGTTGGGG-1
GRCh38,GCGTGTCCAACATGGA-1
GRCh38,GCGTGTCCAGCGTAGG-1
GRCh38,GCGTGTGTCAGTCAGC-1
GRCh38,GCGTGTGTCGTTCTAC-1
GRCh38,GCGTGTTAGACCTACA-1
GRCh38,GCGTTAATCGTAGCTA-1
GRCh38,GCGTTTAAGAAATCAG-1
GRCh38,GCGTTTAAGCTAAACT-1
GRCh38,GCGTTTCGTGTGTTCC-1
GRCh38,GCTAAAGCAGTGTCAT-1
GRCh38,GCTAAATTCCTTCTAA-1
GRCh38,GCTAACATCAACTGCA-1
GRCh38,GCTAACCAGATACCAT-1
GRCh38,GCTAACCAGCTGGTTA-1
GRCh38,GCTAACTCACATAACC-1
GRCh38,GCTAACTCACTAAGGA-1
GRCh38,GCTAAGACAGGTAAGC-1
GRCh38,GCTAAGACAGGTTAGA-1
GRCh38,GCTAAGTGTAAGTCCG-1
GRCh38,GCTAATCCACCACCAA-1
GRCh38,GCTACAGGTAATGTGC-1
GRCh38,GCTACAGGTACTATAG-1
GRCh38,GCTACATCAATGGGCG-1
GRCh38,GCTACCACAAGAATTA-1
GRCh38,GCTACCGAGAAGGTGT-1
GRCh38,GCTACGCCAGCCTCTT-1
GRCh38,GCTACGCCAGTACGGG-1
GRCh38,GCTAGAACAACCTGCA-1
GRCh38,GCTAGAACACAGTCGC-1
GRCh38,GCTAGAACACTAAATT-1
GRCh38,GCTAGAACAGCTGTAT-1
GRCh38,GCTAGGCGTAATTTCC-1
GRCh38,GCTAGGGCACTGGGGA-1
GRCh38,GCTATAAGTAGGCTTG-1
GRCh38,GCTATCCGTACCCATC-1
GRCh38,GCTATCCGTCGTACAG-1
GRCh38,GCTATTGAGAGTTAAG-1
GRCh38,GCTCAATCACTGCACA-1
GRCh38,GCTCAATCAGCGCATC-1
GRCh38,GCTCAGTAGACGAACG-1
GRCh38,GCTCAGTAGGCTTTGA-1
GRCh38,GCTCAGTAGGTTCGCG-1
GRCh38,GCTCATAAGCTGTAAT-1
GRCh38,GCTCCAACAAAATTTC-1
GRCh38,GCTCCAACAGCTCGGT-1
GRCh38,GCTCCACTCGCCTTGC-1
GRCh38,GCTCCACTCGTTGACA-1
GRCh38,GCTCCGCGTCGTCGGG-1
GRCh38,GCTCCGCGTCTCGCCA-1
GRCh38,GCTCCTATCGTATAAC-1
GRCh38,GCTCCTGGTGTTGGGC-1
GRCh38,GCTCGCTTCGCACGTG-1
GRCh38,GCTCGGGGTAAGGAAT-1
GRCh38,GCTCGGGGTAATACTG-1
GRCh38,GCTCGGGGTCGATGGC-1
GRCh38,GCTCGGGGTGTGTGCA-1
GRCh38,GCTCGGTCACAACATC-1
GRCh38,GCTCGTGAGGCGTTTA-1
GRCh38,GCTCTAAAGCCGATAC-1
GRCh38,GCTCTAAAGCTAGGAG-1
GRCh38,GCTCTAAAGCTCTCAT-1
GRCh38,GCTCTAGCAACAGCCC-1
GRCh38,GCTCTAGCAATTCGAC-1
GRCh38,GCTCTAGCAGCGTCTA-1
GRCh38,GCTCTAGCAGTGGTAA-1
GRCh38,GCTCTATTCCCCTAGC-1
GRCh38,GCTCTCATCAGAATAG-1
GRCh38,GCTCTCATCATGTAAC-1
GRCh38,GCTCTCATCCCTACAT-1
GRCh38,GCTCTGTGTGGAACTT-1
GRCh38,GCTGACCCAGCTGACC-1
GRCh38,GCTGAGTTCACGGGTT-1
GRCh38,GCTGCCCGTCGATAGT-1
GRCh38,GCTGGAAAGCATGCCG-1
GRCh38,GCTGGAAAGCCTAGTA-1
GRCh38,GCTGGAAAGGTCGTAC-1
GRCh38,GCTGGCATCACTCTTA-1
GRCh38,GCTGGCATCAGGACTC-1
GRCh38,GCTGGGTGTATCTTGT-1
GRCh38,GCTGTAATCGGCGAAA-1
GRCh38,GCTGTATCAGCGTGTC-1
GRCh38,GCTGTCGAGATGGTGG-1
GRCh38,GCTGTCGAGCACCCAG-1
GRCh38,GCTGTCGAGCGACAAG-1
GRCh38,GCTGTCTGTATGAGCT-1
GRCh38,GCTGTCTGTCATTATC-1
GRCh38,GCTGTCTGTGTATCTT-1
GRCh38,GCTGTGGTCAGGTAAA-1
GRCh38,GCTGTGGTCCACTTCG-1
GRCh38,GCTGTGGTCCCTTCTC-1
GRCh38,GCTGTTAAGCACTCAA-1
GRCh38,GCTGTTAAGCTGACGT-1
GRCh38,GCTTAAGTCGGTTACA-1
GRCh38,GCTTACGCAGCCTCTT-1
GRCh38,GCTTACTTCAATATTG-1
GRCh38,GCTTACTTCGCATAGC-1
GRCh38,GCTTACTTCGGGCTAT-1
GRCh38,GCTTAGGGTAGTCTCC-1
GRCh38,GCTTAGGGTCTAGCTC-1
GRCh38,GCTTAGTCAATCCGGC-1
GRCh38,GCTTATACAAATCTCA-1
GRCh38,GCTTATACAACACGAA-1
GRCh38,GCTTATACAATCGTAC-1
GRCh38,GCTTATACAGGAAACC-1
GRCh38,GCTTATCTCCGGTGCA-1
GRCh38,GCTTCAGCACAGCATT-1
GRCh38,GCTTCAGCACGGCTTA-1
GRCh38,GCTTCATTCCCAAGTA-1
GRCh38,GCTTCCCAGACTACAT-1
GRCh38,GCTTCGACACTGGGGA-1
GRCh38,GCTTCGCTCACGTCCC-1
GRCh38,GCTTCGCTCGTGCAGT-1
GRCh38,GCTTCGGAGGGTGAAT-1
GRCh38,GCTTCTGTCATCAGCA-1
GRCh38,GCTTGACAGACCCACG-1
GRCh38,GCTTGACAGGCGTCAT-1
GRCh38,GCTTGCGAGATCGACC-1
GRCh38,GCTTGCGAGGGTTCCG-1
GRCh38,GCTTGCGAGGTGTTAT-1
GRCh38,GCTTGGAGTGGGTTCA-1
GRCh38,GCTTGTCGTGGCCCCT-1
GRCh38,GCTTTAACAAGCCGAG-1
GRCh38,GCTTTAACACATGGGG-1
GRCh38,GCTTTAACAGGGCGTA-1
GRCh38,GCTTTAGAGCAGCGTT-1
GRCh38,GCTTTAGAGGGGATTG-1
GRCh38,GCTTTCGTCACCATTC-1
GRCh38,GCTTTGAAGGGAGCGT-1
GRCh38,GGAAACCCAAATGACG-1
GRCh38,GGAAACTAGAGCCGTT-1
GRCh38,GGAAAGCGTGCATTCC-1
GRCh38,GGAAAGCGTGCATTGG-1
GRCh38,GGAAAGGCAAGGGACT-1
GRCh38,GGAAAGTTCGCACCCT-1
GRCh38,GGAAATCAGACCATGC-1
GRCh38,GGAAATCAGCAATGGG-1
GRCh38,GGAAATCAGGTTCGCG-1
GRCh38,GGAAATGGTCACTTTG-1
GRCh38,GGAAATGGTCTCGCAT-1
GRCh38,GGAAATGGTGTATCCC-1
GRCh38,GGAACCGCACGTCTAG-1
GRCh38,GGAACCGCACTACTCC-1
GRCh38,GGAACGGGTCTGCGCC-1
GRCh38,GGAACGGGTGTACCCT-1
GRCh38,GGAACGTCACCACAAT-1
GRCh38,GGAACGTCACCCTGAA-1
GRCh38,GGAACGTCAGCTAGGG-1
GRCh38,GGAACTACAACAGAAT-1
GRCh38,GGAACTTGTGCCATAG-1
GRCh38,GGAACTTGTGTGTCGA-1
GRCh38,GGAAGCATCCGCTAAA-1
GRCh38,GGAAGCCAGAATCTGT-1
GRCh38,GGAAGCCAGCGATGGA-1
GRCh38,GGAAGCTCAACTTAAT-1
GRCh38,GGAAGCTCAGTTGGTT-1
GRCh38,GGAAGGACAACAATTT-1
GRCh38,GGAAGGACAACGTGCC-1
GRCh38,GGAAGTAGTACCCATC-1
GRCh38,GGAAGTAGTAGGCGGA-1
GRCh38,GGAAGTAGTGGAACGG-1
GRCh38,GGAATACAGAGCATTT-1
GRCh38,GGAATACAGCGCCACA-1
GRCh38,GGAATACAGCGTAGCT-1
GRCh38,GGAATATCAAGCTGCC-1
GRCh38,GGAATCGAGAGTGCGA-1
GRCh38,GGAATCTGTACCCCAT-1
GRCh38,GGAATGGTCATCGGGT-1
GRCh38,GGAATGGTCCCGGGTA-1
GRCh38,GGAATGGTCGTTGCTT-1
GRCh38,GGAATGTAGATAATCC-1
GRCh38,GGAATGTAGCTAGTAT-1
GRCh38,GGAATTAAGCGTTGAC-1
GRCh38,GGAATTCGTACCAGAT-1
GRCh38,GGAATTCGTGTGCGTA-1
GRCh38,GGACAACCAACAGTCT-1
GRCh38,GGACAACCAAGTATAA-1
GRCh38,GGACAACCAATCGAGA-1
GRCh38,GGACAACCACCTTCCG-1
GRCh38,GGACAACCAGTCAATC-1
GRCh38,GGACACAAGCCCTGGA-1
GRCh38,GGACACGCAATCATTG-1
GRCh38,GGACACTTCACACTTC-1
GRCh38,GGACATACAACGTTAC-1
GRCh38,GGACATACAGCAACTT-1
GRCh38,GGACATCTCACGGTGT-1
GRCh38,GGACATCTCCAAGTGC-1
GRCh38,GGACATCTCGGACATC-1
GRCh38,GGACATGAGATGAGTA-1
GRCh38,GGACCCATCACAACTG-1
GRCh38,GGACCGACACTATCCC-1
GRCh38,GGACCTCCAGCGACAG-1
GRCh38,GGACGACAGAGTGCAG-1
GRCh38,GGACGCACACGCAACC-1
GRCh38,GGACGCACACGCCAAC-1
GRCh38,GGACGCTGTCGGCTGG-1
GRCh38,GGACGCTGTCTATGGG-1
GRCh38,GGACGGAGTCGTGTTC-1
GRCh38,GGACGTTTCCCACCGT-1
GRCh38,GGACTACTCAGTCGCG-1
GRCh38,GGACTGAAGCTCGGCA-1
GRCh38,GGACTGAAGCTGGGTT-1
GRCh38,GGACTGCGTCAACCTC-1
GRCh38,GGACTTATCATGACCA-1
GRCh38,GGACTTTCACGGCACT-1
GRCh38,GGACTTTCACTATACA-1
GRCh38,GGAGAGGAGCCGCTAG-1
GRCh38,GGAGAGGAGCGTTACA-1
GRCh38,GGAGAGGAGCTCTCAT-1
GRCh38,GGAGCAGGTAACTAGC-1
GRCh38,GGAGCAGGTGGTCAGC-1
GRCh38,GGAGCCTGTAAATTCG-1
GRCh38,GGAGCGAGTGTTCGAG-1
GRCh38,GGAGCTAAGAGGCTGA-1
GRCh38,GGAGCTAAGATCCAAT-1
GRCh38,GGAGCTAAGCAAACTT-1
GRCh38,GGAGCTAAGCCATATG-1
GRCh38,GGAGCTCGTCGCATAG-1
GRCh38,GGAGCTTTCCCTGATT-1
GRCh38,GGAGGTATCAGCATTG-1
GRCh38,GGAGGTATCCTCGGCT-1
GRCh38,GGAGGTATCCTGTATC-1
GRCh38,GGAGGTCAGCGTGAGA-1
GRCh38,GGAGGTCAGGCCCACA-1
GRCh38,GGAGGTCAGGTAGCTC-1
GRCh38,GGAGTAAGTATAGGCT-1
GRCh38,GGAGTAAGTCTAGCTC-1
GRCh38,GGAGTCTTCCGCCGTT-1
GRCh38,GGAGTGGGTAAGTGCT-1
GRCh38,GGAGTGGGTATGAGGA-1
GRCh38,GGAGTGGGTCGAGCGT-1
GRCh38,GGAGTTACAGTAGTAG-1
GRCh38,GGAGTTACAGTATAGG-1
GRCh38,GGAGTTGAGATTAACC-1
GRCh38,GGAGTTGAGCCCTGGA-1
GRCh38,GGATAAGGTCTAAATG-1
GRCh38,GGATAAGGTGGTAGCC-1
GRCh38,GGATACCTCGGCTCGA-1
GRCh38,GGATAGCCAGTCGGAG-1
GRCh38,GGATATCGTCAGTAGT-1
GRCh38,GGATCCGTCAAACTTA-1
GRCh38,GGATCCGTCCTCTGGC-1
GRCh38,GGATCGCGTGTTGTGG-1
GRCh38,GGATGGTCACCAGCTA-1
GRCh38,GGATGTCTCAGACGCT-1
GRCh38,GGATGTCTCAGTGAAA-1
GRCh38,GGATTAGCACAACTCG-1
GRCh38,GGATTAGCACGAGCGA-1
GRCh38,GGATTGTGTGGGATAA-1
GRCh38,GGATTTAGTCCTAGTC-1
GRCh38,GGATTTCCAAGTGGCG-1
GRCh38,GGATTTCCAGCATCCA-1
GRCh38,GGCAACTTCGGCCATG-1
GRCh38,GGCAAGGGTATCCTAT-1
GRCh38,GGCAATCTCCAACAGC-1
GRCh38,GGCACTCCAACATGGA-1
GRCh38,GGCACTCCACTCACTC-1
GRCh38,GGCATAACAAAAGCCA-1
GRCh38,GGCATAACAAATCGGA-1
GRCh38,GGCATGCGTCTGGAAT-1
GRCh38,GGCATGCGTGCCCCTA-1
GRCh38,GGCATTATCGCGCAAT-1
GRCh38,GGCATTTCACAATGTC-1
GRCh38,GGCCAATTCGCGTAAC-1
GRCh38,GGCCATGTCCCCACGT-1
GRCh38,GGCCATTAGACGCGAA-1
GRCh38,GGCCCTTTCACTTCGT-1
GRCh38,GGCCCTTTCCTACAAG-1
GRCh38,GGCCCTTTCGCCTCTA-1
GRCh38,GGCCTCTTCAAATCCG-1
GRCh38,GGCCTGGGTCCTTGCG-1
GRCh38,GGCCTGGGTCGGGTTA-1
GRCh38,GGCCTTGAGAAACGCG-1
GRCh38,GGCCTTGAGGTGGGTA-1
GRCh38,GGCGAAATCATAATTG-1
GRCh38,GGCGAACAGAGCTTGC-1
GRCh38,GGCGAACAGGCGGTTT-1
GRCh38,GGCGAAGGTGGAGCGA-1
GRCh38,GGCGAGAGTGGCCTGG-1
GRCh38,GGCGCTGGTAGAGTGA-1
GRCh38,GGCGCTGGTCAGCATG-1
GRCh38,GGCGGATAGGCTATGC-1
GRCh38,GGCGGATAGGGCATAG-1
GRCh38,GGCGGTACAGCCTTAG-1
GRCh38,GGCGGTACAGTTGGAA-1
GRCh38,GGCGGTTGTAGCGGGA-1
GRCh38,GGCGGTTGTAGCTTCC-1
GRCh38,GGCGGTTGTCGTCTTA-1
GRCh38,GGCGGTTGTGCCATAG-1
GRCh38,GGCGTAGCAAGTGGCG-1
GRCh38,GGCGTAGCAGTTGGTT-1
GRCh38,GGCGTATTCAAACCAT-1
GRCh38,GGCGTATTCGCGGTTG-1
GRCh38,GGCGTCATCCAATTCC-1
GRCh38,GGCGTGTGTAATTCCT-1
GRCh38,GGCGTTAGTCTCCGGC-1
GRCh38,GGCGTTAGTGCGTCTT-1
GRCh38,GGCGTTCCAGCACGGA-1
GRCh38,GGCTAAGAGCCAATAT-1
GRCh38,GGCTAAGAGCTATAGT-1
GRCh38,GGCTAAGAGGCTTCGG-1
GRCh38,GGCTAATGTAAAGTGG-1
GRCh38,GGCTAATGTAACCGCA-1
GRCh38,GGCTAATGTGTTGTGG-1
GRCh38,GGCTACCCAGGTACAA-1
GRCh38,GGCTAGAAGCCATACA-1
GRCh38,GGCTAGAAGCTGTTGA-1
GRCh38,GGCTAGCGTCCGAAAT-1
GRCh38,GGCTAGCGTCTGTCCG-1
GRCh38,GGCTATATCAGCACGT-1
GRCh38,GGCTATATCCGCTTCA-1
GRCh38,GGCTATATCCTGTACT-1
GRCh38,GGCTATGGTATACGTA-1
GRCh38,GGCTATGGTGGGAGTG-1
GRCh38,GGCTCCCGTCTAACGG-1
GRCh38,GGCTCTACAAACCCAT-1
GRCh38,GGCTCTCTCGGACGTT-1
GRCh38,GGCTGAAAGATACGAA-1
GRCh38,GGCTGAAAGGTAGAGT-1
GRCh38,GGCTGCATCACATTCC-1
GRCh38,GGCTGCATCCAAGTGC-1
GRCh38,GGCTGCATCCCTAATC-1
GRCh38,GGCTGTAGTCCAGAAT-1
GRCh38,GGCTGTAGTCTAACGG-1
GRCh38,GGCTTAATCAGACGCT-1
GRCh38,GGCTTAGGTCAGGTAT-1
GRCh38,GGCTTAGGTCCATAGG-1
GRCh38,GGCTTCACACCAAATC-1
GRCh38,GGCTTCACACCACAAT-1
GRCh38,GGCTTCACACTGCGTA-1
GRCh38,GGCTTCACAGGCATAA-1
GRCh38,GGCTTCCTCAATTCCC-1
GRCh38,GGCTTGAGTCTGCGCC-1
GRCh38,GGCTTGAGTGCTGCCC-1
GRCh38,GGCTTGTAGACGTCCG-1
GRCh38,GGCTTGTAGCGGTTAC-1
GRCh38,GGCTTGTAGCTATGGC-1
GRCh38,GGCTTTCGTCTCGCCA-1
GRCh38,GGGACATCAACTTAGC-1
GRCh38,GGGACCTGTAGGTAAG-1
GRCh38,GGGACCTGTATAGTGC-1
GRCh38,GGGACGTAGACTTGTG-1
GRCh38,GGGACGTAGCGCCTAG-1
GRCh38,GGGACTCGTGGGTTGC-1
GRCh38,GGGAGATGTGGGTCTA-1
GRCh38,GGGAGCAGTCACATGG-1
GRCh38,GGGAGCAGTCACCCAT-1
GRCh38,GGGATCAAGACCCATA-1
GRCh38,GGGATGGGTATTCGGG-1
GRCh38,GGGATTACACCAGTGC-1
GRCh38,GGGATTACAGTATGGA-1
GRCh38,GGGCAAATCCCTGAAA-1
GRCh38,GGGCAAATCCGGGATT-1
GRCh38,GGGCAATCAGTTGGGG-1
GRCh38,GGGCATAAGCCATGGT-1
GRCh38,GGGCATTTCCAGCTCC-1
GRCh38,GGGCATTTCGCCCCAT-1
GRCh38,GGGCCTATCAAACCCA-1
GRCh38,GGGCGATAGACGTTAT-1
GRCh38,GGGCGATAGGCTGGAA-1
GRCh38,GGGCGATAGGCTTGCG-1
GRCh38,GGGCGTACAAGTCCGC-1
GRCh38,GGGCGTACACATCAGT-1
GRCh38,GGGCGTACACATGCCA-1
GRCh38,GGGCGTACACCGTTAG-1
GRCh38,GGGCGTTGTCCATATT-1
GRCh38,GGGCTAAAGAGAGAGA-1
GRCh38,GGGCTAGCAAATTAAG-1
GRCh38,GGGCTAGCAAGTAAAC-1
GRCh38,GGGCTAGCAGTTCACG-1
GRCh38,GGGCTCATCACGCAGT-1
GRCh38,GGGCTCATCCAAGTAT-1
GRCh38,GGGCTCATCCCGTCTA-1
GRCh38,GGGCTCATCCTTCAAC-1
GRCh38,GGGCTCTCAAGCAAGC-1
GRCh38,GGGCTCTCAAGCGTCC-1
GRCh38,GGGCTCTCACAACGCC-1
GRCh38,GGGCTCTCACTACTAA-1
GRCh38,GGGCTTGTCCTCCAAT-1
GRCh38,GGGCTTGTCGGACCCA-1
GRCh38,GGGCTTTAGCAACGTC-1
GRCh38,GGGCTTTAGGGACGAC-1
GRCh38,GGGGAATGTGCCTCTG-1
GRCh38,GGGGCATAGAAACTAG-1
GRCh38,GGGGCATAGAATGCCC-1
GRCh38,GGGGCATAGGCTTTAG-1
GRCh38,GGGGCTACAACCTACG-1
GRCh38,GGGGCTTGTGGTGCCG-1
GRCh38,GGGGCTTGTGTACGTG-1
GRCh38,GGGGTAATCCAGTAGC-1
GRCh38,GGGGTACAGAGGGTGC-1
GRCh38,GGGGTACAGCACCACG-1
GRCh38,GGGGTCTGTCGATAGT-1
GRCh38,GGGGTTAAGAATTTGC-1
GRCh38,GGGGTTAAGGGGTTTC-1
GRCh38,GGGGTTCGTGTGGATT-1
GRCh38,GGGTACAAGAAACGGT-1
GRCh38,GGGTAGCAGGCACCCA-1
GRCh38,GGGTATACACGCTTTC-1
GRCh38,GGGTATCTCATCGCCC-1
GRCh38,GGGTATGAGACTTAAC-1
GRCh38,GGGTCAGCAAACGTTC-1
GRCh38,GGGTCAGCAATGCCGC-1
GRCh38,GGGTCAGCAGCGCGAA-1
GRCh38,GGGTCATTCACTCGGG-1
GRCh38,GGGTCTAGTAATCGCG-1
GRCh38,GGGTCTAGTAGAATGG-1
GRCh38,GGGTCTAGTGGTAAAG-1
GRCh38,GGGTCTCCACTTATCT-1
GRCh38,GGGTGAGGTATTACCT-1
GRCh38,GGGTGAGGTCATTCCA-1
GRCh38,GGGTGCACACCATTAA-1
GRCh38,GGGTGTAAGACTATCG-1
GRCh38,GGGTGTCGTAGTTATG-1
GRCh38,GGGTGTCGTCGAGGAG-1
GRCh38,GGGTTAACACCGCATA-1
GRCh38,GGGTTAACACGTTAGT-1
GRCh38,GGGTTACTCACGTCGG-1
GRCh38,GGGTTACTCGGCGAAA-1
GRCh38,GGGTTAGAGATCTTCC-1
GRCh38,GGGTTAGAGCGATTTG-1
GRCh38,GGGTTAGAGCGGATTC-1
GRCh38,GGGTTAGAGCTGGGTT-1
GRCh38,GGGTTAGAGGTTAGGG-1
GRCh38,GGGTTATGTCATCTTG-1
GRCh38,GGGTTCAGTCAGGCCG-1
GRCh38,GGGTTTCAGCAAGTTT-1
GRCh38,GGGTTTGGTAGCTGTG-1
GRCh38,GGGTTTGGTGGCAAGG-1
GRCh38,GGTAAAGGTATGTTGA-1
GRCh38,GGTAAATCAACTCTCC-1
GRCh38,GGTAACACAAAGCCGG-1
GRCh38,GGTAACACACAACATC-1
GRCh38,GGTAACACACTAACCG-1
GRCh38,GGTAACACAGTCTGCA-1
GRCh38,GGTAAGCCAAAGGCCG-1
GRCh38,GGTAAGCCAGGAACTA-1
GRCh38,GGTAAGTAGACTATGT-1
GRCh38,GGTAAGTAGCAAGATA-1
GRCh38,GGTAATCGTCCATTTG-1
GRCh38,GGTAATCGTGGGTAGG-1
GRCh38,GGTAATTTCCTGGGCA-1
GRCh38,GGTACAACAGCACGCT-1
GRCh38,GGTACAACAGGCGGTA-1
GRCh38,GGTACGAAGCCATAGC-1
GRCh38,GGTACGAAGCGAAGCA-1
GRCh38,GGTACGAAGCGCTGAT-1
GRCh38,GGTACGTTCGTGGGTT-1
GRCh38,GGTAGCAAGCTAGTAT-1
GRCh38,GGTAGCGCAAATCGAG-1
GRCh38,GGTAGCGCACAACCCA-1
GRCh38,GGTAGGCAGAAGGCGC-1
GRCh38,GGTAGGGGTCAATCGG-1
GRCh38,GGTAGGGGTCTAGGTG-1
GRCh38,GGTAGGGGTGCTGGGT-1
GRCh38,GGTAGGGGTGTCACGA-1
GRCh38,GGTAGTGAGCTAATAC-1
GRCh38,GGTAGTGAGGTAACCC-1
GRCh38,GGTAGTTGTAAGCAAG-1
GRCh38,GGTAGTTGTGTCCCAT-1
GRCh38,GGTATATTCCTCTGGC-1
GRCh38,GGTATCCAGACTTACG-1
GRCh38,GGTATCCAGCTGGTCG-1
GRCh38,GGTATCTCAACACAAG-1
GRCh38,GGTATCTCAGCTGTAT-1
GRCh38,GGTATTCCAAACGGGT-1
GRCh38,GGTCAACTCATACCTC-1
GRCh38,GGTCAACTCATGACCA-1
GRCh38,GGTCAATGTAAGCAAG-1
GRCh38,GGTCAGCGTCCAGAAT-1
GRCh38,GGTCCCTTCGCACTCC-1
GRCh38,GGTCCCTTCGGACTAC-1
GRCh38,GGTCCTCTCCGTCGCT-1
GRCh38,GGTCCTCTCCTCTCGA-1
GRCh38,GGTCGTCCAGCTAAGA-1
GRCh38,GGTCGTTAGCGTAATT-1
GRCh38,GGTCTAGGTCGAAGGG-1
GRCh38,GGTCTATCAACATGGA-1
GRCh38,GGTCTCTGTCGATGGC-1
GRCh38,GGTCTCTGTCTGGTGA-1
GRCh38,GGTCTGTAGCCATTTC-1
GRCh38,GGTGAATAGGTAGGGC-1
GRCh38,GGTGATGAGACTCCAA-1
GRCh38,GGTGCGACACAGCACC-1
GRCh38,GGTGCGACACCACCAA-1
GRCh38,GGTGCGACAGGGATTA-1
GRCh38,GGTGCGTGTCGTGTCT-1
GRCh38,GGTGGTTTCCATAGCA-1
GRCh38,GGTGTATGTCATTGGG-1
GRCh38,GGTGTCAGTACGTCTC-1
GRCh38,GGTGTTCAGCAGCTAC-1
GRCh38,GGTTAATTCGCAAGTC-1
GRCh38,GGTTAGCTCATGAAAG-1
GRCh38,GGTTAGCTCCATTCCG-1
GRCh38,GGTTAGCTCCCGTGTC-1
GRCh38,GGTTAGCTCCCTAAAG-1
GRCh38,GGTTAGGAGCAACGTC-1
GRCh38,GGTTAGGAGGCGCATT-1
GRCh38,GGTTAGTGTCCTTATG-1
GRCh38,GGTTATGTCCAACGTA-1
GRCh38,GGTTATGTCGTCAATG-1
GRCh38,GGTTCAATCAGACTCA-1
GRCh38,GGTTCAATCCTATCCG-1
GRCh38,GGTTCAGGTAGGGGCA-1
GRCh38,GGTTCATCACAGTTAC-1
GRCh38,GGTTCCCTCCGGGTCA-1
GRCh38,GGTTCCGAGAGTTGCC-1
GRCh38,GGTTCGCCAACTGGGG-1
GRCh38,GGTTCGCCACAAATCC-1
GRCh38,GGTTCGCCACACGTCA-1
GRCh38,GGTTCGCCAGCATTTA-1
GRCh38,GGTTCGCCAGCTTAGT-1
GRCh38,GGTTCGTAGCTACTGA-1
GRCh38,GGTTCGTAGCTTAAGT-1
GRCh38,GGTTGATGTGGTAATC-1
GRCh38,GGTTGCCCAACAGGGT-1
GRCh38,GGTTGGCGTAGAGAAT-1
GRCh38,GGTTGGCGTAGGATAG-1
GRCh38,GGTTGGGCACGGGGTA-1
GRCh38,GGTTGGTTCGCGACAT-1
GRCh38,GGTTGTATCCAATAGT-1
GRCh38,GGTTGTCAGAGGAGCC-1
GRCh38,GGTTGTCAGCGCTCGA-1
GRCh38,GGTTGTGGTAAATTCG-1
GRCh38,GGTTGTGGTGCTCCGC-1
GRCh38,GGTTGTGGTGTAAGGA-1
GRCh38,GGTTTAAGTAGCGGTC-1
GRCh38,GGTTTCCGTGCAAGGG-1
GRCh38,GGTTTGGGTCGAAGGG-1
GRCh38,GTAAAGGGTCAACCCT-1
GRCh38,GTAAAGTCAATAAGTA-1
GRCh38,GTAAATCTCCCTATAC-1
GRCh38,GTAAATCTCGCCTGCT-1
GRCh38,GTAAATGAGAGTGCGA-1
GRCh38,GTAAATGAGCGGTTTA-1
GRCh38,GTAAATGAGCGTTGCG-1
GRCh38,GTAAATGAGGCAAGCA-1
GRCh38,GTAAATGAGGTTCTAG-1
GRCh38,GTAACCATCCCGCGTT-1
GRCh38,GTAACCCAGCGTTATG-1
GRCh38,GTAACCCAGGGAGGTC-1
GRCh38,GTAACCTCAAAAGCAT-1
GRCh38,GTAACCTCAATAGCGA-1
GRCh38,GTAACCTCACAAATCC-1
GRCh38,GTAAGATCACTGACGC-1
GRCh38,GTAAGCCTCGCCATGG-1
GRCh38,GTAAGCGAGCGCCCAA-1
GRCh38,GTAAGCGAGCTACATG-1
GRCh38,GTAAGCGAGGTCGACT-1
GRCh38,GTAAGCTGTGTTAATG-1
GRCh38,GTAAGGAGTGTCCCGC-1
GRCh38,GTAAGGTAGCGATTTG-1
GRCh38,GTAAGGTAGGTCGAAG-1
GRCh38,GTAAGTAAGCGTTGTA-1
GRCh38,GTAAGTCGTCACACTC-1
GRCh38,GTAATCCCAAGAGAGG-1
GRCh38,GTAATCCCACCCTAGA-1
GRCh38,GTAATGAAGGGTATCC-1
GRCh38,GTAATTATCCCTAGTT-1
GRCh38,GTACAAGCACCGTTTC-1
GRCh38,GTACATCCAGCAATCT-1
GRCh38,GTACCCGAGCATGTCA-1
GRCh38,GTACCCTGTACTACTT-1
GRCh38,GTACCCTGTATCTTGT-1
GRCh38,GTACGGGCACAACCCA-1
GRCh38,GTACGGTTCAATATTG-1
GRCh38,GTACGGTTCCCGCTGT-1
GRCh38,GTACGGTTCGTAGGCT-1
GRCh38,GTACGTCAGGGCGAGT-1
GRCh38,GTACGTGGTACTGCGA-1
GRCh38,GTACTCCGTACTGGGC-1
GRCh38,GTACTCCGTGCTGCCC-1
GRCh38,GTACTCGCAGGTAAGC-1
GRCh38,GTACTTACAGTAGGCG-1
GRCh38,GTACTTCTCGTGTTGA-1
GRCh38,GTAGAAGGTCGTGGTA-1
GRCh38,GTAGAAGGTGGTTTAA-1
GRCh38,GTAGACGAGGCTTGCG-1
GRCh38,GTAGCACTCGTAATTA-1
GRCh38,GTAGCATGTCCGTGTT-1
GRCh38,GTAGCATGTGTCCCAT-1
GRCh38,GTAGCCCCAGGAAACC-1
GRCh38,GTAGCCCCAGTATGTC-1
GRCh38,GTAGCGCGTATCATTC-1
GRCh38,GTAGCGGCAAGTACGA-1
GRCh38,GTAGCGTTCACGATAT-1
GRCh38,GTAGCTATCACCATTC-1
GRCh38,GTAGCTATCCGGGTTG-1
GRCh38,GTAGCTATCGTATAGT-1
GRCh38,GTAGCTCAGAACGGCA-1
GRCh38,GTAGCTCAGGCGAATG-1
GRCh38,GTAGGATAGACTAATC-1
GRCh38,GTAGGCAAGCCACATA-1
GRCh38,GTAGGCTTCCAGCTCC-1
GRCh38,GTAGGGCAGAACGGGC-1
GRCh38,GTAGGGCAGCATTAGT-1
GRCh38,GTAGGTGAGACAAGTA-1
GRCh38,GTAGGTGAGCATGTAT-1
GRCh38,GTAGGTTGTAACGAGA-1
GRCh38,GTAGGTTGTAGCGTGC-1
GRCh38,GTAGGTTGTCGATGGC-1
GRCh38,GTAGGTTGTGGACGCT-1
GRCh38,GTAGTAGCAAAGGCAC-1
GRCh38,GTAGTAGCACCCTTTA-1
GRCh38,GTAGTCATCGCGGTTG-1
GRCh38,GTAGTGCTCACCCCGT-1
GRCh38,GTAGTGCTCATAAGCT-1
GRCh38,GTAGTGGAGCGCTGTG-1
GRCh38,GTAGTGGAGGTCTAGC-1
GRCh38,GTAGTGTGTAGAGTAG-1
GRCh38,GTAGTTGTCAAGCATT-1
GRCh38,GTAGTTGTCCGGGAAA-1
GRCh38,GTAGTTGTCCTAGCCC-1
GRCh38,GTAGTTGTCCTTCAAC-1
GRCh38,GTAGTTGTCGGCATTA-1
GRCh38,GTAGTTTAGAGGGTAT-1
GRCh38,GTAGTTTAGCCCTTAT-1
GRCh38,GTATAACTCGCTGAGT-1
GRCh38,GTATAACTCGGTATTG-1
GRCh38,GTATACCCAAAGGAGG-1
GRCh38,GTATACCCAAGCTTCG-1
GRCh38,GTATACTAGATGGAGT-1
GRCh38,GTATAGAAGAGAAGGA-1
GRCh38,GTATAGAAGAGTGCGA-1
GRCh38,GTATAGAAGCAAAGTA-1
GRCh38,GTATAGAAGCTCAGGT-1
GRCh38,GTATAGAAGGCGCTCA-1
GRCh38,GTATAGGCAACATTAT-1
GRCh38,GTATATCAGAGCCGTT-1
GRCh38,GTATATCAGATCGCGT-1
GRCh38,GTATATCAGGGGGCAT-1
GRCh38,GTATATCAGGTAGTGG-1
GRCh38,GTATCACCACCAGCTA-1
GRCh38,GTATCAGTCCGCTTGC-1
GRCh38,GTATCCAAGGCTGGAA-1
GRCh38,GTATCGATCATAATCA-1
GRCh38,GTATCGATCCGCATAA-1
GRCh38,GTATCGGGTACTGCAG-1
GRCh38,GTATCGGGTATGTACA-1
GRCh38,GTATCGGGTCCATCCG-1
GRCh38,GTATCTCTCAGTACTG-1
GRCh38,GTATCTTGTAACTCCC-1
GRCh38,GTATCTTGTCAGTCTC-1
GRCh38,GTATGCATCCGATAGC-1
GRCh38,GTATGCATCCTAGCCC-1
GRCh38,GTATGCGGTATATCCT-1
GRCh38,GTATGCTCACCATCGA-1
GRCh38,GTATGGACAAGCTTAC-1
GRCh38,GTATGGACACAATTCA-1
GRCh38,GTATGGGAGCAGGGTA-1
GRCh38,GTATGTCCACCACAAT-1
GRCh38,GTATGTGTCGCTGGCA-1
GRCh38,GTATGTTAGAATGCCC-1
GRCh38,GTATTAATCATCCTTA-1
GRCh38,GTATTAATCCGTATCT-1
GRCh38,GTATTATCAATCTTAG-1
GRCh38,GTATTATCAGCTTCAG-1
GRCh38,GTATTCACAATATCAT-1
GRCh38,GTATTCGAGAAGCATA-1
GRCh38,GTATTGGTCAGAATAG-1
GRCh38,GTATTGGTCCGTCGCT-1
GRCh38,GTATTGTAGGCAATCC-1
GRCh38,GTCAACATCGCGCAAT-1
GRCh38,GTCAACATCGTCAAGC-1
GRCh38,GTCAACTCACACAATC-1
GRCh38,GTCAACTCACCTACGA-1
GRCh38,GTCAAGACAAGCATAG-1
GRCh38,GTCAATTAGCAACGAG-1
GRCh38,GTCAATTAGCCATATG-1
GRCh38,GTCACGAGTCTCGAAG-1
GRCh38,GTCACGAGTCTTAGCC-1
GRCh38,GTCACGAGTGCGTTTC-1
GRCh38,GTCACGAGTGGACTGC-1
GRCh38,GTCACGCCAATTGCTA-1
GRCh38,GTCACGTAGCGTTCCC-1
GRCh38,GTCACGTAGGGAGGTC-1
GRCh38,GTCATACCAAGTCCGC-1
GRCh38,GTCATCAAGCAAGAGT-1
GRCh38,GTCATCAAGCGCCTGA-1
GRCh38,GTCATCAAGGGCTTCG-1
GRCh38,GTCATCCGTCCTATTG-1
GRCh38,GTCATCCGTGCCATTC-1
GRCh38,GTCATCGCAAGGATAT-1
GRCh38,GTCATCGCACTATTCT-1
GRCh38,GTCATCTTCGCGGTTG-1
GRCh38,GTCATGGGTCTCTCGG-1
GRCh38,GTCATGGGTGGCTAAT-1
GRCh38,GTCATTCTCGGCAACT-1
GRCh38,GTCCAAATCCCGCTGT-1
GRCh38,GTCCAACAGAACTTGT-1
GRCh38,GTCCACACAGGTGATA-1
GRCh38,GTCCACGAGCACTTTC-1
GRCh38,GTCCATAAGACGACGA-1
GRCh38,GTCCATAAGGGGAGCT-1
GRCh38,GTCCATCGTCTGGCTT-1
GRCh38,GTCCATGCAACGATAG-1
GRCh38,GTCCATGCACAATAGG-1
GRCh38,GTCCATGCACAGTGGG-1
GRCh38,GTCCATGCACTATAAT-1
GRCh38,GTCCATGCAGTGTTCG-1
GRCh38,GTCCCATGTAACGCCA-1
GRCh38,GTCCCATGTCGTAATA-1
GRCh38,GTCCCATGTGCCTCGC-1
GRCh38,GTCCCATGTGTATCTT-1
GRCh38,GTCCCCAGTATCCTAT-1
GRCh38,GTCCCCAGTCTGTACC-1
GRCh38,GTCCCGCGTCCGGTAA-1
GRCh38,GTCCCGCGTGCACTAG-1
GRCh38,GTCCCTATCACTGTTC-1
GRCh38,GTCCCTATCCTCGTCA-1
GRCh38,GTCCGATAGAGGTAAC-1
GRCh38,GTCCGATAGCGGGGAT-1
GRCh38,GTCCGATAGGTGTTAT-1
GRCh38,GTCCGATAGGTTCGAC-1
GRCh38,GTCCGCAAGATGCCAC-1
GRCh38,GTCCGCAAGCCGCAAT-1
GRCh38,GTCCGCAAGGCTTTGA-1
GRCh38,GTCCGCAAGGGCTAAG-1
GRCh38,GTCCGCCGTCCCTGTG-1
GRCh38,GTCCGCTTCACCACTT-1
GRCh38,GTCCGCTTCCGCTTCA-1
GRCh38,GTCCGCTTCGCAATTG-1
GRCh38,GTCCGTACAATGCAGA-1
GRCh38,GTCCGTACAGTCTGCA-1
GRCh38,GTCCTTTAGATCTCGA-1
GRCh38,GTCGAACTCATGACCA-1
GRCh38,GTCGAACTCGCGAGTT-1
GRCh38,GTCGAACTCGGGCCTA-1
GRCh38,GTCGAAGAGAAAGGTC-1
GRCh38,GTCGAAGAGCTCTCAT-1
GRCh38,GTCGAATGTGTTGGGC-1
GRCh38,GTCGAGAAGACGAAGT-1
GRCh38,GTCGAGAAGCCCTTGC-1
GRCh38,GTCGAGAAGGGCATGA-1
GRCh38,GTCGAGCGTGCCCCGT-1
GRCh38,GTCGAGTTCAACGTTG-1
GRCh38,GTCGATGGTAATGGCT-1
GRCh38,GTCGATGGTAGTACGT-1
GRCh38,GTCGCACCACATTCCC-1
GRCh38,GTCGCATAGATTACAC-1
GRCh38,GTCGCCAAGGCCATTA-1
GRCh38,GTCGCGGGTGGCGTGT-1
GRCh38,GTCGGAAAGATCACAT-1
GRCh38,GTCGGAGCACCGACAC-1
GRCh38,GTCGGTTAGCCGTAGT-1
GRCh38,GTCGTACAGCCACAAC-1
GRCh38,GTCGTACAGCCGCTGA-1
GRCh38,GTCGTACAGCGCTCGA-1
GRCh38,GTCGTGAGTAAGCCAT-1
GRCh38,GTCGTGAGTCTAAAGC-1
GRCh38,GTCTACAAGAAGGCAT-1
GRCh38,GTCTACAAGCGCTATA-1
GRCh38,GTCTAGCAGAGGGGTC-1
GRCh38,GTCTAGCAGGCAACGA-1
GRCh38,GTCTAGCAGGTGATTT-1
GRCh38,GTCTAGGGTCAGGGTC-1
GRCh38,GTCTATACACCAACAT-1
GRCh38,GTCTATGAGACAGGAT-1
GRCh38,GTCTATGAGATACCCA-1
GRCh38,GTCTATGAGCGTTATG-1
GRCh38,GTCTATTGTCGCTTTA-1
GRCh38,GTCTCATTCACGCATA-1
GRCh38,GTCTCATTCCCATCTG-1
GRCh38,GTCTCCATCACGGCCA-1
GRCh38,GTCTCCATCAGTCAGC-1
GRCh38,GTCTCCATCGGATACC-1
GRCh38,GTCTCCCAGAATGACA-1
GRCh38,GTCTCCGGTCTCGTCG-1
GRCh38,GTCTCGACACCCTAGA-1
GRCh38,GTCTCGACAGCTTTAA-1
GRCh38,GTCTGCGAGGTGTCCG-1
GRCh38,GTCTTAACAAGCGGCA-1
GRCh38,GTCTTCAGTATGGCCA-1
GRCh38,GTCTTCCCAACATCAC-1
GRCh38,GTCTTCGTCAAACCTG-1
GRCh38,GTGAAAGGTAGGCCGT-1
GRCh38,GTGAAAGGTGGATTGT-1
GRCh38,GTGAACCTCATAAGTC-1
GRCh38,GTGACGTTCAAGCATT-1
GRCh38,GTGACGTTCGGGCCTA-1
GRCh38,GTGAGATAGGCCTATA-1
GRCh38,GTGAGTTGTCGGTTAG-1
GRCh38,GTGATAGCAAGCTTAC-1
GRCh38,GTGATATTCCCGCGTT-1
GRCh38,GTGCAACTCGTGCGTG-1
GRCh38,GTGCAGGCAGGGTCAG-1
GRCh38,GTGCATATCCGCTTCA-1
GRCh38,GTGCATGGTAGTATGC-1
GRCh38,GTGCATTCACCCTTCG-1
GRCh38,GTGCCATAGATAGCGG-1
GRCh38,GTGCCCAAGAGGCAGC-1
GRCh38,GTGCCCAAGCCTGGCA-1
GRCh38,GTGCCGGGTATGCCAG-1
GRCh38,GTGCCGGGTGTCGCCC-1
GRCh38,GTGCCTTGTAGCCTTC-1
GRCh38,GTGCCTTGTGCACAGC-1
GRCh38,GTGCGAAAGAATGATG-1
GRCh38,GTGCGCGGTCGCACCC-1
GRCh38,GTGCGCGGTCGTAATA-1
GRCh38,GTGCGCGGTGGGTCTA-1
GRCh38,GTGCGGACAAGGTTAG-1
GRCh38,GTGCGGACACCATGCA-1
GRCh38,GTGCGGTGTACCATGG-1
GRCh38,GTGCGGTGTCAGTAGT-1
GRCh38,GTGCGGTGTCTCCGGC-1
GRCh38,GTGCGTAGTCACGTAG-1
GRCh38,GTGCGTAGTCGAAGGG-1
GRCh38,GTGCGTAGTGGGGAAT-1
GRCh38,GTGCGTCCACTATACA-1
GRCh38,GTGCGTTAGCCTGCGA-1
GRCh38,GTGCGTTAGGCCTGCA-1
GRCh38,GTGCGTTAGGGCCATT-1
GRCh38,GTGCTAATCACTCCCA-1
GRCh38,GTGCTAATCCCACACC-1
GRCh38,GTGCTACAGACCTTTC-1
GRCh38,GTGCTACAGAGCGGTA-1
GRCh38,GTGCTACAGAGTAATG-1
GRCh38,GTGCTCCTCAGTGATT-1
GRCh38,GTGCTCCTCGGCTAAC-1
GRCh38,GTGCTCCTCGTAATTA-1
GRCh38,GTGCTGTAGGTGCCAT-1
GRCh38,GTGGATTGTGCTTGCT-1
GRCh38,GTGGATTGTGGGGAAT-1
GRCh38,GTGGCAGCACAGTCAT-1
GRCh38,GTGGCAGCACCGTAAT-1
GRCh38,GTGGCCATCCACCATT-1
GRCh38,GTGGCCATCCGTAACA-1
GRCh38,GTGGCCGGTCCCTGTG-1
GRCh38,GTGGCGACAACTCGAT-1
GRCh38,GTGGCGTGTATGGGCC-1
GRCh38,GTGGCGTGTGTAGCAT-1
GRCh38,GTGGGATCACGAAGGT-1
GRCh38,GTGGGATCAGTCAAGA-1
GRCh38,GTGGGCTGTACTTATC-1
GRCh38,GTGGGTAAGAGGCAGC-1
GRCh38,GTGGTCAGTAGAGATG-1
GRCh38,GTGTAAGCAATATGCC-1
GRCh38,GTGTAAGCACCCACAA-1
GRCh38,GTGTAATTCACCCCGT-1
GRCh38,GTGTAATTCGTTGGGT-1
GRCh38,GTGTAGCTCAACTGCA-1
GRCh38,GTGTAGCTCCCTAACT-1
GRCh38,GTGTAGTGTAGTATTG-1
GRCh38,GTGTAGTGTATTCGTT-1
GRCh38,GTGTAGTGTCAGGCCG-1
GRCh38,GTGTATGTCAATCTGG-1
GRCh38,GTGTATTAGAGTTAGA-1
GRCh38,GTGTCAATCAGGCCCA-1
GRCh38,GTGTCAGGTACCTGTC-1
GRCh38,GTGTCAGGTCAACCTC-1
GRCh38,GTGTCATCACATCATA-1
GRCh38,GTGTCATCAGCGCTTA-1
GRCh38,GTGTCATCAGGTAAAT-1
GRCh38,GTGTCCTGTCATTAAG-1
GRCh38,GTGTCGAGTACCCTTA-1
GRCh38,GTGTCGAGTCATCTTG-1
GRCh38,GTGTCGCCAACGTAAG-1
GRCh38,GTGTCGTAGAGCAGAT-1
GRCh38,GTGTCGTAGCGCCTGA-1
GRCh38,GTGTCTCGTAACCGTG-1
GRCh38,GTGTGATGTACCTAGG-1
GRCh38,GTGTGATGTATCGAGT-1
GRCh38,GTGTGCAGTCAAAGGA-1
GRCh38,GTGTGGGCACAGGTCC-1
GRCh38,GTGTTCCGTGTGGGCT-1
GRCh38,GTGTTCGCAATACCCG-1
GRCh38,GTGTTGATCCTATGCT-1
GRCh38,GTGTTGGGTCGAAGTT-1
GRCh38,GTTAACCCAAAAGCCA-1
GRCh38,GTTAACCCAAATGCGA-1
GRCh38,GTTAACCCACCTACGA-1
GRCh38,GTTAACCCACGTACGC-1
GRCh38,GTTAAGCGTACTGGGC-1
GRCh38,GTTAAGCGTGTGCCGG-1
GRCh38,GTTAAGGCACAGTTTA-1
GRCh38,GTTAAGTTCATCGCTT-1
GRCh38,GTTAATCAGAAGCGAT-1
GRCh38,GTTAATCAGCTAAGCC-1
GRCh38,GTTAATCAGCTCAGTA-1
GRCh38,GTTAATGGTAGGGGAT-1
GRCh38,GTTAATGGTATCGTGG-1
GRCh38,GTTAATGGTCCATAGG-1
GRCh38,GTTAATTCAAGAATTA-1
GRCh38,GTTACCGCACTTCGTC-1
GRCh38,GTTACCTTCACGCTCC-1
GRCh38,GTTACCTTCAGGGCTT-1
GRCh38,GTTACTACAACACTAC-1
GRCh38,GTTACTACAATGCGAA-1
GRCh38,GTTACTTGTAGGACCC-1
GRCh38,GTTAGCATCGGCAACT-1
GRCh38,GTTAGCCAGACTGTTG-1
GRCh38,GTTAGCGGTATTCTGT-1
GRCh38,GTTAGCGGTCCGAATG-1
GRCh38,GTTAGCGGTCGTAGTG-1
GRCh38,GTTAGCGGTGTTAGGT-1
GRCh38,GTTAGCTCAAAAGGCC-1
GRCh38,GTTAGCTCAGTTCGCA-1
GRCh38,GTTAGGCTCCCTTAAC-1
GRCh38,GTTAGGGAGAAAGCCG-1
GRCh38,GTTAGGGAGAATGGCG-1
GRCh38,GTTAGGTGTACGGATT-1
GRCh38,GTTAGGTGTATTCGTT-1
GRCh38,GTTAGGTGTCAGTTGG-1
GRCh38,GTTAGGTGTGGGCAAG-1
GRCh38,GTTAGGTGTGGTTTGG-1
GRCh38,GTTAGTCCAACAGCGG-1
GRCh38,GTTATAATCAATCCCT-1
GRCh38,GTTATAATCATCCCCA-1
GRCh38,GTTATAATCGGGTTAC-1
GRCh38,GTTATAGGTCACCGCC-1
GRCh38,GTTATGAGTCTGTTAT-1
GRCh38,GTTATGGTCGCGGAAA-1
GRCh38,GTTATGTAGGGTACGA-1
GRCh38,GTTATGTAGGTGCTAC-1
GRCh38,GTTCAATAGACAAGCG-1
GRCh38,GTTCACGCAAACGAGC-1
GRCh38,GTTCACGCAACAGAAT-1
GRCh38,GTTCACGCAATGTCCG-1
GRCh38,GTTCACGCACACCCAA-1
GRCh38,GTTCAGCAGAACATAG-1
GRCh38,GTTCAGCAGAGTCCCG-1
GRCh38,GTTCAGCAGCAAATTC-1
GRCh38,GTTCAGCAGGCCTCGA-1
GRCh38,GTTCATCTCACATCAG-1
GRCh38,GTTCATCTCCTAGCTT-1
GRCh38,GTTCATGAGATAGTAG-1
GRCh38,GTTCATTGTGCATTGG-1
GRCh38,GTTCGACAGCACTACA-1
GRCh38,GTTCGAGGTCTCGTCG-1
GRCh38,GTTCGCGAGAACGTTT-1
GRCh38,GTTCGCGAGCAAATGA-1
GRCh38,GTTCGCGAGCAGCTAC-1
GRCh38,GTTCGCGAGGCTCGTG-1
GRCh38,GTTCGCGAGGTTCTAG-1
GRCh38,GTTCTCAGTATCAATG-1
GRCh38,GTTCTCAGTCGCTTTA-1
GRCh38,GTTCTCCCACATACCG-1
GRCh38,GTTCTCCCAGGTATCT-1
GRCh38,GTTCTCCCAGGTTTCG-1
GRCh38,GTTGAAGCAAGTCCAT-1
GRCh38,GTTGACATCCCTACGC-1
GRCh38,GTTGAGACAAAACCGA-1
GRCh38,GTTGATCCACCTAGGC-1
GRCh38,GTTGATTAGCCCAGCA-1
GRCh38,GTTGCAATCACTACCT-1
GRCh38,GTTGCAGGTAAGCGTT-1
GRCh38,GTTGCCCTCCACCCTA-1
GRCh38,GTTGCCCTCGGAGTCT-1
GRCh38,GTTGCCGAGCTCCTCA-1
GRCh38,GTTGCGCCACATAATT-1
GRCh38,GTTGCGTAGCCGTATA-1
GRCh38,GTTGCTTTCGGTGTTA-1
GRCh38,GTTGGAACAACAGGGT-1
GRCh38,GTTGGGCGTACGCAAT-1
GRCh38,GTTGGGCGTCATCGAG-1
GRCh38,GTTGGGCGTGCGGGTT-1
GRCh38,GTTGGGTTCAATTCGG-1
GRCh38,GTTGGGTTCCGGGATT-1
GRCh38,GTTGGTCAGATTATGC-1
GRCh38,GTTGTCTTCCAATACG-1
GRCh38,GTTGTCTTCCCAAAGC-1
GRCh38,GTTGTGCAGACTACAT-1
GRCh38,GTTGTGCAGACTATCG-1
GRCh38,GTTGTGCAGCAGGAGC-1
GRCh38,GTTGTGCAGCGAAGAT-1
GRCh38,GTTGTGCAGGGTATCC-1
GRCh38,AAACCAGCAACGAAAT-1
GRCh38,AAACCATTCCAGTCAA-1
GRCh38,AAACCATTCCGTCGCT-1
GRCh38,AAACCCATCAATCGTG-1
GRCh38,AAACCCCAGGGTCGTT-1
GRCh38,AAACCGACAATGACGA-1
GRCh38,AAACCGACACCACCAA-1
GRCh38,AAACCGCTCCACCCAC-1
GRCh38,AAACCGGAGCTGCAGT-1
GRCh38,AAACCGTGTGGATATC-1
GRCh38,AAACCTCCAACACTTA-1
GRCh38,AAACCTCCAAGCGTAA-1
GRCh38,AAACCTCCAGCGACCT-1
GRCh38,AAACCTGTCATACAAC-1
GRCh38,AAACGATCACTAGAAG-1
GRCh38,AAACGCACAGTCAACT-1
GRCh38,AAACGCGAGGCACAAG-1
GRCh38,AAACGCTGTCAATGTA-1
GRCh38,AAACGGAGTCGCCCTA-1
GRCh38,AAACGGAGTCTAAGCG-1
GRCh38,AAACGGAGTCTTCAAT-1
GRCh38,AAACGGCCAAATTTCG-1
GRCh38,AAACGGCCAATCTGAC-1
GRCh38,AAACGGCCACGGAAAC-1
GRCh38,AAACGGCCAGCATGGG-1
GRCh38,AAACGGTAGAGAGAGA-1
GRCh38,AAACGTAAGACAGCCT-1
GRCh38,AAACTAACAGTGGTAA-1
GRCh38,AAACTACTCCATGCCC-1
GRCh38,AAACTAGAGCTGCTAA-1
GRCh38,AAACTAGAGGTAAGGT-1
GRCh38,AAACTCCCACATTCAA-1
GRCh38,AAACTCCCAGCCTTAG-1
GRCh38,AAACTGCGTCCCTAGT-1
GRCh38,AAAGCCCTCACTCTCG-1
GRCh38,AAAGCCGAGATCCTAG-1
GRCh38,AAAGCCGAGGCATGGA-1
GRCh38,AAAGCGCCAAAATCTT-1
GRCh38,AAAGGAACAATGTATT-1
GRCh38,AAAGGAACACCATACG-1
GRCh38,AAAGGAGAGAAGTACA-1
GRCh38,AAAGGAGAGCCTCTTG-1
GRCh38,AAAGGCCCAACAGTCT-1
GRCh38,AAAGGCCCAATAGGCA-1
GRCh38,AAAGGGGCAACTCGGC-1
GRCh38,AAAGGGGCAGGCAATA-1
GRCh38,AAAGGTATCCCATATC-1
GRCh38,AAAGGTATCGCGGATT-1
GRCh38,AAAGGTCAGGTGATTT-1
GRCh38,AAAGTCAAGGGTCGTT-1
GRCh38,AAAGTGCAGCAAAGTA-1
GRCh38,AAAGTGGGTCAGCGGT-1
GRCh38,AAAGTGGGTGTAAAGG-1
GRCh38,AAAGTTACACACGGTC-1
GRCh38,AAATCACTCACGAACC-1
GRCh38,AAATCACTCCTGGGCA-1
GRCh38,AAATCACTCGCCATAA-1
GRCh38,AAATCAGAGCGTAGCT-1
GRCh38,AAATCAGAGCTTGGCG-1
GRCh38,AAATCCAGTACTAATG-1
GRCh38,AAATCCAGTATACCCC-1
GRCh38,AAATCCCCAAAACGGC-1
GRCh38,AAATCCGTCATGGCAC-1
GRCh38,AAATCTATCACTCGGG-1
GRCh38,AAATCTATCGGCAATC-1
GRCh38,AAATCTATCGGTTGTA-1
GRCh38,AAATCTATCGTAGGTC-1
GRCh38,AAATCTGGTATGGGTT-1
GRCh38,AAATCTGGTCACTTTG-1
GRCh38,AAATCTGGTGTGCGGT-1
GRCh38,AAATGACCAGGGCTAG-1
GRCh38,AAATGGGGTAACTCGG-1
GRCh38,AAATGGGGTATCCTAT-1
GRCh38,AAATGGGGTGTAATTG-1
GRCh38,AAATGGTCAAAGCATG-1
GRCh38,AAATGTCTCAACGCTA-1
GRCh38,AAATGTCTCACTCCGC-1
GRCh38,AAATGTCTCAGGTAAA-1
GRCh38,AAATGTCTCGTATTCC-1
GRCh38,AAATTCGGTAATGGTC-1
GRCh38,AAATTCGGTGGCGGTT-1
GRCh38,AAATTTCCAAGCGATA-1
GRCh38,AAATTTCCAGCCTTTC-1
GRCh38,AACACCCAGAACACCC-1
GRCh38,AACACCCAGATCTGCA-1
GRCh38,AACACCCAGCCGTTAA-1
GRCh38,AACAGAGGTAGGACGG-1
GRCh38,AACAGAGGTGGTGTAT-1
GRCh38,AACAGCCTCGCGGTAT-1
GRCh38,AACAGCCTCGGACACT-1
GRCh38,AACAGGAGTCATTTCG-1
GRCh38,AACAGGGTCCATACCT-1
GRCh38,AACAGGGTCGGCTCTC-1
GRCh38,AACAGGTAGAGTCCCG-1
GRCh38,AACAGGTAGCCAAATT-1
GRCh38,AACATAACAACCTATA-1
GRCh38,AACATAACACCTAATA-1
GRCh38,AACATAACAGGATCAA-1
GRCh38,AACATAGAGCCATACA-1
GRCh38,AACATAGAGGTCACGT-1
GRCh38,AACATGCGTATCCGGA-1
GRCh38,AACATGCGTGGGTAGG-1
GRCh38,AACATGGCAAGCGAGT-1
GRCh38,AACATGGCACCCTAAG-1
GRCh38,AACATGGCACTAGTTA-1
GRCh38,AACATTATCCTACTTA-1
GRCh38,AACATTATCGGTCGCA-1
GRCh38,AACCACTCAATATCTG-1
GRCh38,AACCAGACAAGTGTTC-1
GRCh38,AACCAGGAGCCGTAGT-1
GRCh38,AACCAGGAGCGTCTAA-1
GRCh38,AACCAGGAGGCACGAA-1
GRCh38,AACCAGGAGGCGGGAT-1
GRCh38,AACCATCCAGCGCTTA-1
GRCh38,AACCATGTCACAGGTC-1
GRCh38,AACCCAATCACACAAT-1
GRCh38,AACCCCGAGCTAAGCC-1
GRCh38,AACCCCGAGGGCTAAG-1
GRCh38,AACCCGAGTGGTAGCC-1
GRCh38,AACCCGAGTGTCGAAT-1
GRCh38,AACCCTTTCATATCCC-1
GRCh38,AACCCTTTCGCGTCAG-1
GRCh38,AACCGAACAGCCTGAC-1
GRCh38,AACCGAACAGTAATCC-1
GRCh38,AACCGCAGTCCAGGGT-1
GRCh38,AACCGGGCAAACACCT-1
GRCh38,AACCGGGCAAGCATTC-1
GRCh38,AACCGTGGTATCACGG-1
GRCh38,AACCTACCAACGCGAG-1
GRCh38,AACCTACCAAGCGGCA-1
GRCh38,AACCTACCAGCGTAGG-1
GRCh38,AACGAAATCCACGTAA-1
GRCh38,AACGAACAGCCGCTAG-1
GRCh38,AACGAACAGGTGCTAC-1
GRCh38,AACGACGAGGCATCCG-1
GRCh38,AACGACGAGGTCTGGT-1
GRCh38,AACGAGAGTGTTACGG-1
GRCh38,AACGAGCCAAGGTAAT-1
GRCh38,AACGAGCCAGGTATCT-1
GRCh38,AACGATAAGACTGTTG-1
GRCh38,AACGATAAGCAGTATT-1
GRCh38,AACGATAAGCCCACAG-1
GRCh38,AACGATAAGCCTCTTG-1
GRCh38,AACGCACTCACCCCGT-1
GRCh38,AACGCACTCATAGTGT-1
GRCh38,AACGCATGTAGGACGG-1
GRCh38,AACGCATGTCCGCTTG-1
GRCh38,AACGCATGTCGGCTGG-1
GRCh38,AACGCATGTGCGAAGG-1
GRCh38,AACGCATGTGTGTCAG-1
GRCh38,AACGCCAGTACCTGTC-1
GRCh38,AACGCCAGTACGGTCA-1
GRCh38,AACGCCAGTATTGGGT-1
GRCh38,AACGCGAAGACGTTAT-1
GRCh38,AACGCGAAGGCCACAT-1
GRCh38,AACGGCAAGGGGAATT-1
GRCh38,AACGGCTTCGTTGACA-1
GRCh38,AACGGGTCAGCCTTTC-1
GRCh38,AACGTGCTCGGTTCGG-1
GRCh38,AACGTGGAGAACACCC-1
GRCh38,AACGTGGAGACATCCA-1
GRCh38,AACGTTGTCCTAGTCT-1
GRCh38,AACGTTTAGGGCGAAC-1
GRCh38,AACGTTTAGGGGGTTA-1
GRCh38,AACGTTTAGGGGTATG-1
GRCh38,AACTAAGAGAACCCGT-1
GRCh38,AACTAAGAGAAGCGAT-1
GRCh38,AACTAAGAGGCTTGTA-1
GRCh38,AACTACCCACTTAGTA-1
GRCh38,AACTAGAAGGCGTTTA-1
GRCh38,AACTAGAAGGGCTGAA-1
GRCh38,AACTCACCAGCAATCT-1
GRCh38,AACTCATAGATAAGCA-1
GRCh38,AACTCCGCAATGCTTA-1
GRCh38,AACTCGGGTAACCGCA-1
GRCh38,AACTCGGGTAGGGGCA-1
GRCh38,AACTCGGGTAGTTTAG-1
GRCh38,AACTCGGGTGTAATTG-1
GRCh38,AACTCTCTCACTCGGG-1
GRCh38,AACTGCATCACCCGCT-1
GRCh38,AACTGCGGTAGCTGTG-1
GRCh38,AACTGCGGTCGAGGAG-1
GRCh38,AACTTCGAGAAAGCTA-1
GRCh38,AACTTCGAGAGTCTTG-1
GRCh38,AACTTCGAGCTAATCG-1
GRCh38,AACTTCTGTACTACGG-1
GRCh38,AACTTGTAGGGCTGAA-1
GRCh38,AACTTGTAGGGTTCGT-1
GRCh38,AACTTTCGTAGTACGT-1
GRCh38,AAGCAAGGTCCTTGCG-1
GRCh38,AAGCATAAGACATGTT-1
GRCh38,AAGCATAAGCTCGTTT-1
GRCh38,AAGCATCGTACGGTCA-1
GRCh38,AAGCATCGTGCTATCC-1
GRCh38,AAGCATCGTGCTCCTG-1
GRCh38,AAGCATGCACCCTGAA-1
GRCh38,AAGCATGCACTAAAGG-1
GRCh38,AAGCATGCACTTCTCA-1
GRCh38,AAGCCAACAACGTCGC-1
GRCh38,AAGCCAACAAGGCGCA-1
GRCh38,AAGCCAACAGGTCGTC-1
GRCh38,AAGCCACTCACACGGT-1
GRCh38,AAGCCACTCGGTCCCT-1
GRCh38,AAGCCAGAGGGAGCGT-1
GRCh38,AAGCCAGAGGTATCCA-1
GRCh38,AAGCCATGTAGGGCGA-1
GRCh38,AAGCCATGTCATTTCG-1
GRCh38,AAGCCATGTCTTAATC-1
GRCh38,AAGCCCAGTCAAAGCT-1
GRCh38,AAGCCCAGTGCACGTA-1
GRCh38,AAGCCGAAGAGCCCCA-1
GRCh38,AAGCCGAAGCCCTGGA-1
GRCh38,AAGCCGAAGGGGTACA-1
GRCh38,AAGCCTATCATCCCCA-1
GRCh38,AAGCCTATCATGGGCT-1
GRCh38,AAGCGATAGAGGCGGT-1
GRCh38,AAGCGATAGATCCGTA-1
GRCh38,AAGCGATAGCCATTAG-1
GRCh38,AAGCGATAGGGAGCGT-1
GRCh38,AAGCGCCGTCCACGGG-1
GRCh38,AAGCGGCAGGGTTAGG-1
GRCh38,AAGCGTCTCCAAGCTA-1
GRCh38,AAGCGTGAGACCTTTC-1
GRCh38,AAGCGTTGTAAGTTTG-1
GRCh38,AAGCTAAAGCATTAAC-1
GRCh38,AAGCTAGCAATGGACA-1
GRCh38,AAGCTAGCAATTACGC-1
GRCh38,AAGCTAGCAGCAATCT-1
GRCh38,AAGCTATTCAGTTGCA-1
GRCh38,AAGCTATTCCACTACT-1
GRCh38,AAGCTCATCAACATTA-1
GRCh38,AAGCTCATCCAATTGG-1
GRCh38,AAGCTCTCAGTACAAG-1
GRCh38,AAGCTGGAGATCCAAT-1
GRCh38,AAGCTGGAGGTAGGTG-1
GRCh38,AAGCTTCCAACGCACC-1
GRCh38,AAGCTTTAGACGTGTC-1
GRCh38,AAGGACCCACTACTTT-1
GRCh38,AAGGAGGCAAACCGAA-1
GRCh38,AAGGCACCAAACACCT-1
GRCh38,AAGGCACCAACATACC-1
GRCh38,AAGGCACCAGGTTTCG-1
GRCh38,AAGGCATAGACTTAAC-1
GRCh38,AAGGCCCGTATAAGGG-1
GRCh38,AAGGCCCGTCCTATGC-1
GRCh38,AAGGCTGAGCGCATCG-1
GRCh38,AAGGCTGAGCTTAGCA-1
GRCh38,AAGGCTGAGGCGATAG-1
GRCh38,AAGGCTGAGGTCGCCA-1
GRCh38,AAGGGACGTCTAGCAG-1
GRCh38,AAGGGAGCACACGTCA-1
GRCh38,AAGGGAGCACTCAATA-1
GRCh38,AAGGGAGCAGTGGACG-1
GRCh38,AAGGGCATCCAACCTT-1
GRCh38,AAGGGCCAGATTCAGT-1
GRCh38,AAGGGCCAGCAGTCTA-1
GRCh38,AAGGGGACACTTATCT-1
GRCh38,AAGGGGCTCCCAATTC-1
GRCh38,AAGGGGCTCCCGCTTA-1
GRCh38,AAGGGTGTCACGCCTC-1
GRCh38,AAGGGTGTCGCACCCT-1
GRCh38,AAGGGTTAGGTGTATT-1
GRCh38,AAGGTAATCCCATAAG-1
GRCh38,AAGGTAATCCTTCATA-1
GRCh38,AAGGTAGGTATGAGCT-1
GRCh38,AAGGTCTGTGGTAGGG-1
GRCh38,AAGGTGTAGAGTATTC-1
GRCh38,AAGGTGTAGCCACAAC-1
GRCh38,AAGGTTAAGGGATTAA-1
GRCh38,AAGGTTAAGGGGATTG-1
GRCh38,AAGTAACCAAACTACC-1
GRCh38,AAGTAACCAAGCGTTT-1
GRCh38,AAGTAACCAATAAGTA-1
GRCh38,AAGTACGCAAGGTTAG-1
GRCh38,AAGTAGCAGAGCCCCA-1
GRCh38,AAGTAGGGTGTCGTAG-1
GRCh38,AAGTCCATCATTCATT-1
GRCh38,AAGTCCGGTATTGTAG-1
GRCh38,AAGTCCGGTGGAGCTC-1
GRCh38,AAGTCGCTCAGCTTAG-1
GRCh38,AAGTCTAGTCCTGTAC-1
GRCh38,AAGTGAGGTACGTCAG-1
GRCh38,AAGTGCACAAAGCTCT-1
GRCh38,AAGTGTAAGCTGACGT-1
GRCh38,AAGTTGCGTAAGGCCC-1
GRCh38,AAGTTGCGTACCTGCT-1
GRCh38,AAGTTTGGTAAAGCGA-1
GRCh38,AAGTTTGGTAACGTCG-1
GRCh38,AAGTTTGGTAAGTGAG-1
GRCh38,AATACAGAGATAATCC-1
GRCh38,AATACAGAGCTGCATA-1
GRCh38,AATACGAAGATCGATT-1
GRCh38,AATACGAAGCCCATGG-1
GRCh38,AATACGAAGCCGTGAT-1
GRCh38,AATACGTTCGTCGAAC-1
GRCh38,AATACTGGTACCCATC-1
GRCh38,AATACTGGTATATTCC-1
GRCh38,AATACTGGTATCCGAG-1
GRCh38,AATACTGGTCATGGGC-1
GRCh38,AATATAGCACTGGAGG-1
GRCh38,AATATAGCAGTAGCCC-1
GRCh38,AATATCATCGTCTCTG-1
GRCh38,AATATCCAGAGCCTGT-1
GRCh38,AATATCCAGATAATCC-1
GRCh38,AATATCCAGCGCTATA-1
GRCh38,AATATCTCAACTCGAT-1
GRCh38,AATATTCCAATGCAGA-1
GRCh38,AATATTCCACAGGCGA-1
GRCh38,AATATTCCAGCTGTAT-1
GRCh38,AATCCCCGTACACCCT-1
GRCh38,AATCCCGCAAATTGCC-1
GRCh38,AATCCCGCACCTCAGA-1
GRCh38,AATCCCTTCACACGGT-1
GRCh38,AATCCGGGTAGGAATG-1
GRCh38,AATCCGGGTAGTTTAG-1
GRCh38,AATCCTCTCAATTGTA-1
GRCh38,AATCCTCTCACTTACC-1
GRCh38,AATCGAGCAAGCTTAC-1
GRCh38,AATCGCGGTACTTTCG-1
GRCh38,AATCGCGGTCGTTCCG-1
GRCh38,AATCGCGGTGCGCTCC-1
GRCh38,AATCGCGGTGGATCGC-1
GRCh38,AATCGCGGTGGCTTCT-1
GRCh38,AATCGGCTCCAGCATA-1
GRCh38,AATCGGCTCCCCAGCT-1
GRCh38,AATCGGCTCCGAATTG-1
GRCh38,AATCGGCTCCTAGGGT-1
GRCh38,AATCGTGTCAAAGGTA-1
GRCh38,AATCGTGTCGCTACTT-1
GRCh38,AATCTCACAAAATCTT-1
GRCh38,AATCTCACAAATTCGC-1
GRCh38,AATCTCCTCAAGGTAA-1
GRCh38,AATCTCTGTACGAAAG-1
GRCh38,AATCTGGTCGGATACC-1
GRCh38,AATCTTCGTCTATGTT-1
GRCh38,AATGAACCAATGCCGC-1
GRCh38,AATGACAAGCTCGATA-1
GRCh38,AATGACGCAGGCGGTA-1
GRCh38,AATGATGAGAAATCAG-1
GRCh38,AATGCAAAGCTTAAGT-1
GRCh38,AATGCGACAAGCGCGA-1
GRCh38,AATGCGACACATGCCA-1
GRCh38,AATGCGGAGCGTTATG-1
GRCh38,AATGGAGGTCTAACCC-1
GRCh38,AATGGCACAAAGGCCG-1
GRCh38,AATGGCGAGAGAGAGA-1
GRCh38,AATGGGAGTATCTGTT-1
GRCh38,AATGGGAGTCCTTCGG-1
GRCh38,AATGGGAGTGCCAAAT-1
GRCh38,AATGGTAAGAGTCCAC-1
GRCh38,AATGGTCGTGGAACGG-1
GRCh38,AATGGTTTCAGCGTAC-1
GRCh38,AATGGTTTCGCGTATA-1
GRCh38,AATGTACTCAGTGAAA-1
GRCh38,AATGTACTCATGTCCT-1
GRCh38,AATGTACTCCGGACCA-1
GRCh38,AATGTAGAGCCTTCAT-1
GRCh38,AATGTCAGTAGGAGGT-1
GRCh38,AATGTCAGTCCCTAGT-1
GRCh38,AATGTGCGTCATTGGG-1
GRCh38,AATGTGCGTGGTGATT-1
GRCh38,AATGTTATCCATTGTC-1
GRCh38,AATGTTCAGCGTTAAT-1
GRCh38,AATGTTCAGCTGTTGA-1
GRCh38,AATGTTCAGGGAGAGG-1
GRCh38,AATGTTGGTCTAACTT-1
GRCh38,AATTAAGCACCTAACG-1
GRCh38,AATTAAGCACTTGACG-1
GRCh38,AATTACCAGAGTGGCA-1
GRCh38,AATTACCAGCGAGTCT-1
GRCh38,AATTACTCACAGCACC-1
GRCh38,AATTACTCAGCAGTAA-1
GRCh38,AATTACTCAGCGTGAG-1
GRCh38,AATTCAGGTCGCGTCC-1
GRCh38,AATTCCACAAGCGTTT-1
GRCh38,AATTCCACAAGGCGCA-1
GRCh38,AATTCCCTCACCCTGC-1
GRCh38,AATTCCCTCCTATCAC-1
GRCh38,AATTCCTGTGCTAAGT-1
GRCh38,AATTCGGTCGCTCCAC-1
GRCh38,AATTGAACACTTATCT-1
GRCh38,AATTGAGAGAAAGCGT-1
GRCh38,AATTGAGAGCACTTAG-1
GRCh38,AATTGAGAGCCAGCAT-1
GRCh38,AATTGCCCACTCCTAC-1
GRCh38,AATTGCCCAGCCACTA-1
GRCh38,AATTGGCGTCCTCTCC-1
GRCh38,AATTGGGCAATGCTCG-1
GRCh38,AATTGGGCACGCGTTA-1
GRCh38,AATTGGGCAGTTAGCT-1
GRCh38,AATTGGTTCCGTACTT-1
GRCh38,AATTGTATCGGCTCCT-1
GRCh38,AATTGTCAGCAATGGG-1
GRCh38,AATTGTCAGCGACAAG-1
GRCh38,AATTTCGCAGCACACC-1
GRCh38,AATTTGCAGAACGCGA-1
GRCh38,AATTTGCAGACTATGT-1
GRCh38,AATTTGCAGGTGCGTT-1
GRCh38,AATTTGGGTCCAGAAT-1
GRCh38,AATTTGGGTCCCTCTC-1
GRCh38,ACAACCCAGCTTGAAT-1
GRCh38,ACAACCCAGGGTACAG-1
GRCh38,ACAACCTCACAGGTCC-1
GRCh38,ACAACGCTCAGGGGTA-1
GRCh38,ACAACGGAGCGTATAT-1
GRCh38,ACAACGGAGCTGACAC-1
GRCh38,ACAACGTGTCCTAGAG-1
GRCh38,ACAACTGTCATTGGCA-1
GRCh38,ACAAGACAGAGGTTGG-1
GRCh38,ACAAGCGAGAGACTTT-1
GRCh38,ACAAGCGAGCAATGGG-1
GRCh38,ACAAGTAAGAGGTACG-1
GRCh38,ACAAGTAAGCGTATAT-1
GRCh38,ACAAGTCGTATATTGG-1
GRCh38,ACAATACTCCTCTCGA-1
GRCh38,ACAATCCCAAACCAGA-1
GRCh38,ACAATCCCAGGTATTC-1
GRCh38,ACAATCGTCAGTACTG-1
GRCh38,ACAATCGTCCCGCCAT-1
GRCh38,ACAATGAAGGGTGTTC-1
GRCh38,ACAATGAAGGTTCAGC-1
GRCh38,ACAATGGCAAGTGCAA-1
GRCh38,ACAATTATCGGCCATG-1
GRCh38,ACACAAGCAAAACTAA-1
GRCh38,ACACAATTCCCCAATT-1
GRCh38,ACACAATTCGTTGCTT-1
GRCh38,ACACACATCAGGACTC-1
GRCh38,ACACACATCGTACGGT-1
GRCh38,ACACAGACACTAGCAT-1
GRCh38,ACACATTAGGCACGAA-1
GRCh38,ACACCCACACCAGACC-1
GRCh38,ACACCCGAGCTTGATG-1
GRCh38,ACACCCTGTAAAGCGA-1
GRCh38,ACACCCTGTGTTCAGG-1
GRCh38,ACACCGTAGGCGATAG-1
GRCh38,ACACCTTTCATTATCT-1
GRCh38,ACACCTTTCGCGTCAG-1
GRCh38,ACACGAACAACGCAGG-1
GRCh38,ACACGAACACTCGGTA-1
GRCh38,ACACGAACACTTCGTC-1
GRCh38,ACACGCCCAAAGCAAT-1
GRCh38,ACACGGAAGAGACGAT-1
GRCh38,ACACGGAAGCCCTTTG-1
GRCh38,ACACGGGCAAGGTTCT-1
GRCh38,ACACGGGCAATTCGGT-1
GRCh38,ACACGGGCACAACCCA-1
GRCh38,ACACGGTTCAGACTCA-1
GRCh38,ACACGGTTCCCAGCCT-1
GRCh38,ACACGTATCGTTGGGT-1
GRCh38,ACACTACCAAGTAAAC-1
GRCh38,ACACTCGCAAGAGAGG-1
GRCh38,ACACTCGCAAGGGACT-1
GRCh38,ACACTTACAAAGCCGG-1
GRCh38,ACACTTCTCCTCAGGG-1
GRCh38,ACAGAACAGAGCGACA-1
GRCh38,ACAGAAGGTAAGCGCC-1
GRCh38,ACAGAATCAAACGCAA-1
GRCh38,ACAGAATCAGTAACCT-1
GRCh38,ACAGACACACTAGGCC-1
GRCh38,ACAGACGAGGTAAGTA-1
GRCh38,ACAGAGCCAGCAGGCA-1
GRCh38,ACAGCACTCGCGTTAA-1
GRCh38,ACAGCACTCGCTGGCA-1
GRCh38,ACAGCAGAGAGGCTGA-1
GRCh38,ACAGCATGTAGACGTT-1
GRCh38,ACAGCATGTAGGGGCA-1
GRCh38,ACAGCATGTCACGCTT-1
GRCh38,ACAGCCTAGAGTGGGC-1
GRCh38,ACAGCCTAGGGCGGAT-1
GRCh38,ACAGCGAAGAACTGAA-1
GRCh38,ACAGCGTTCACACGGT-1
GRCh38,ACAGCGTTCCGAACAC-1
GRCh38,ACAGCTATCCTAGCTT-1
GRCh38,ACAGGACCAAAGTATA-1
GRCh38,ACAGGACCACCTCACT-1
GRCh38,ACAGGCCGTGGGACTC-1
GRCh38,ACAGGCTTCCAGCATA-1
GRCh38,ACAGGGTCAATGTGTC-1
GRCh38,ACAGGGTCACCAACAT-1
GRCh38,ACAGGTCTCACGCATA-1
GRCh38,ACAGGTCTCCCTGATT-1
GRCh38,ACAGGTTGTAAAGTGG-1
GRCh38,ACAGTCTCAAAGCAAT-1
GRCh38,ACAGTCTCACAACTTA-1
GRCh38,ACAGTTGTCGCAAAGG-1
GRCh38,ACAGTTGTCGCATCGG-1
GRCh38,ACAGTTTAGACAAGAC-1
GRCh38,ACAGTTTAGCCTAGCG-1
GRCh38,ACATAACTCCCTCTAG-1
GRCh38,ACATAACTCGTCTTCG-1
GRCh38,ACATAAGAGCTACGCG-1
GRCh38,ACATACCCAAGCGATA-1
GRCh38,ACATAGCGTATGCTCC-1
GRCh38,ACATAGGCACAACGGG-1
GRCh38,ACATATATCAACTATA-1
GRCh38,ACATATCAGGCGAAGC-1
GRCh38,ACATCAGTCCAATAGT-1
GRCh38,ACATCCAAGAGGTAAC-1
GRCh38,ACATCTTGTATCAATG-1
GRCh38,ACATGAAAGAGGCGTA-1
GRCh38,ACATGAAAGGCAACGA-1
GRCh38,ACATGCCAGCTGCAAC-1
GRCh38,ACATGCTCAAATGGCA-1
GRCh38,ACATGCTCAGTTGAAG-1
GRCh38,ACATGGACACTCACTC-1
GRCh38,ACATGGGAGAATGCGG-1
GRCh38,ACATGTCCAGTGCGAG-1
GRCh38,ACATGTTAGACAAGAC-1
GRCh38,ACATGTTAGGGTACGA-1
GRCh38,ACATTAGGTATGAGCT-1
GRCh38,ACATTCCTCCCAGTAA-1
GRCh38,ACATTCCTCGCTTCGC-1
GRCh38,ACATTCGAGCTCGAAC-1
GRCh38,ACATTCTGTACTATGA-1
GRCh38,ACATTCTGTCGCGTGG-1
GRCh38,ACATTTCGTAGAGTAG-1
GRCh38,ACATTTCGTCCGCCGT-1
GRCh38,ACCAAATTCCTCTGAT-1
GRCh38,ACCAAATTCGGCGAAA-1
GRCh38,ACCAACATCACTTACC-1
GRCh38,ACCAACATCGCTATCT-1
GRCh38,ACCAACATCGGCCCTT-1
GRCh38,ACCAAGCTCCCTTCAG-1
GRCh38,ACCAAGCTCGGCTCGA-1
GRCh38,ACCACATCAAACGCGG-1
GRCh38,ACCACCTGTATGAGGA-1
GRCh38,ACCACGAGTACATCCC-1
GRCh38,ACCACGTAGAAGCGGC-1
GRCh38,ACCACTCGTATGAAGG-1
GRCh38,ACCACTCGTCACCCGC-1
GRCh38,ACCACTCGTGGAGCAG-1
GRCh38,ACCACTCGTGTGCCCC-1
GRCh38,ACCAGAACACATAGCT-1
GRCh38,ACCAGAACAGTGTAAG-1
GRCh38,ACCAGAGAGAAAGGTC-1
GRCh38,ACCAGGAAGCCTTTCG-1
GRCh38,ACCATCCGTAATTCAG-1
GRCh38,ACCATCCGTGGATTTA-1
GRCh38,ACCATCGCAAAACTCC-1
GRCh38,ACCATCGCAACGTACT-1
GRCh38,ACCATCTTCAGGCTCG-1
GRCh38,ACCATGGGTACTACGG-1
GRCh38,ACCATGGGTCGAAGCC-1
GRCh38,ACCATGGGTCTTGGTC-1
GRCh38,ACCATTCTCAGCGCAT-1
GRCh38,ACCATTCTCCATCGCC-1
GRCh38,ACCATTCTCCTTAGCT-1
GRCh38,ACCATTCTCGTTGCCC-1
GRCh38,ACCCAACAGAATACGA-1
GRCh38,ACCCAACAGAGCCGTT-1
GRCh38,ACCCAACAGCTCCGGA-1
GRCh38,ACCCATGCAGTTAATT-1
GRCh38,ACCCATTTCATCGCTT-1
GRCh38,ACCCCAACACGATGGG-1
GRCh38,ACCCCAACACGCCATA-1
GRCh38,ACCCCAGAGAATGGTA-1
GRCh38,ACCCCAGAGACGAACG-1
GRCh38,ACCCCAGAGATAATCC-1
GRCh38,ACCCCGTTCCACGAGT-1
GRCh38,ACCCCGTTCCGGTCCT-1
GRCh38,ACCCCTATCAGCCCTC-1
GRCh38,ACCCCTATCAGGCCCA-1
GRCh38,ACCCGACCAATGGCCC-1
GRCh38,ACCCGACCACGTACAT-1
GRCh38,ACCCGATAGATTCAAC-1
GRCh38,ACCCGCAAGATCGCGT-1
GRCh38,ACCCGCAAGGGATGAT-1
GRCh38,ACCCGCTTCGTTGCTT-1
GRCh38,ACCCGTACAAGCGATA-1
GRCh38,ACCCGTACAGCGACAG-1
GRCh38,ACCCGTGAGAACAGAC-1
GRCh38,ACCCGTGAGACCAGGA-1
GRCh38,ACCCGTTGTCTATCGC-1
GRCh38,ACCCTAAAGCCTGCAG-1
GRCh38,ACCCTAGCAACGTCGC-1
GRCh38,ACCCTAGCACCGTTTC-1
GRCh38,ACCCTAGCACCTACTC-1
GRCh38,ACCCTAGCAGCAAGAC-1
GRCh38,ACCCTGCTCACACAAT-1
GRCh38,ACCCTGCTCACCTCAT-1
GRCh38,ACCCTGCTCAGGAATA-1
GRCh38,ACCCTGCTCATGCAGC-1
GRCh38,ACCCTGCTCCAGCAAC-1
GRCh38,ACCCTGCTCGCGTCGA-1
GRCh38,ACCCTTTAGAGACATA-1
GRCh38,ACCTAACCACTACATA-1
GRCh38,ACCTAACCACTCATTT-1
GRCh38,ACCTAACCACTGGCAC-1
GRCh38,ACCTAACCACTTCATT-1
GRCh38,ACCTACTTCCGCATGG-1
GRCh38,ACCTAGGGTGCCTTCG-1
GRCh38,ACCTATACACCAATAC-1
GRCh38,ACCTCATTCGGCTGCA-1
GRCh38,ACCTCCATCCAATATA-1
GRCh38,ACCTCCGGTCCTTCCC-1
GRCh38,ACCTCTCCAACTAAGG-1
GRCh38,ACCTCTGTCATAGCAT-1
GRCh38,ACCTCTGTCCGATGGT-1
GRCh38,ACCTGCACACCCATAG-1
GRCh38,ACCTGCTGTCCTACGT-1
GRCh38,ACCTGTCGTATCACCC-1
GRCh38,ACCTTAACAATAGTAA-1
GRCh38,ACCTTAACAGTATTCA-1
GRCh38,ACCTTAACAGTGCAGG-1
GRCh38,ACCTTAGAGCAATACT-1
GRCh38,ACCTTATGTCTCCGCA-1
GRCh38,ACCTTGCGTCCAACCT-1
GRCh38,ACCTTTCAGCATATCG-1
GRCh38,ACCTTTCAGCCGATAC-1
GRCh38,ACCTTTCAGCGGTTAC-1
GRCh38,ACCTTTCAGCGTTGTA-1
GRCh38,ACGAAAGGTAGTATTG-1
GRCh38,ACGAAAGGTATCAGTA-1
GRCh38,ACGAAAGGTGGCGTTA-1
GRCh38,ACGAAATCACGCAACC-1
GRCh38,ACGAACACAATCCGGC-1
GRCh38,ACGAACGAGAACGGAT-1
GRCh38,ACGAACGAGAAGGTTA-1
GRCh38,ACGAACGAGAGAGGAA-1
GRCh38,ACGAACGAGATGGTGG-1
GRCh38,ACGAACGAGGGAATAC-1
GRCh38,ACGAAGCCAAGCGGCA-1
GRCh38,ACGAAGTAGCGTTATG-1
GRCh38,ACGACACTCCTTCAAC-1
GRCh38,ACGACAGAGAAACGGT-1
GRCh38,ACGACAGAGAGGCCAA-1
GRCh38,ACGACAGAGATGGGTG-1
GRCh38,ACGACAGAGCATTTGG-1
GRCh38,ACGACGAAGATCGGAG-1
GRCh38,ACGACTATCGTCCTAT-1
GRCh38,ACGAGACCAGCCTTAG-1
GRCh38,ACGAGCTTCAACTCTC-1
GRCh38,ACGAGCTTCCCTATTA-1
GRCh38,ACGAGGCAGGCGTCCA-1
GRCh38,ACGAGTTGTCCAGTAG-1
GRCh38,ACGAGTTGTCGCATAG-1
GRCh38,ACGAGTTGTCTCCGCA-1
GRCh38,ACGATAGCAAAATGAC-1
GRCh38,ACGATGGAGCCTTAAG-1
GRCh38,ACGCAATGTAGAGATG-1
GRCh38,ACGCACCCAAAGTACG-1
GRCh38,ACGCACCCACTGACAT-1
GRCh38,ACGCAGGCAGGAAACC-1
GRCh38,ACGCAGTTCCTGGTAA-1
GRCh38,ACGCAGTTCGTCAAAT-1
GRCh38,ACGCATATCCCTATAC-1
GRCh38,ACGCATGGTATTACAG-1
GRCh38,ACGCCCAAGCGCTTGG-1
GRCh38,ACGCCCAAGGTAATTC-1
GRCh38,ACGCCGGGTACAGGTT-1
GRCh38,ACGCCGGGTACGCAAT-1
GRCh38,ACGCCGGGTACGGGTC-1
GRCh38,ACGCCGGGTCTCGAAG-1
GRCh38,ACGCCGGGTCTCGATC-1
GRCh38,ACGCCTCTCCCTTCGA-1
GRCh38,ACGCGAAAGATCATCG-1
GRCh38,ACGCGAAAGGGGCATA-1
GRCh38,ACGCGAGCAATCGGCC-1
GRCh38,ACGCGAGCACACTCGA-1
GRCh38,ACGCGAGCACGCACTA-1
GRCh38,ACGCGCTCAAAGGCAC-1
GRCh38,ACGCGTGTCGGCGAAA-1
GRCh38,ACGCGTTAGCTTAGCA-1
GRCh38,ACGCGTTAGGCCATAC-1
GRCh38,ACGCTAATCCAATTCC-1
GRCh38,ACGCTAATCCCCTTAG-1
GRCh38,ACGCTAATCGCTATCT-1
GRCh38,ACGCTCACACATTCCC-1
GRCh38,ACGCTCCTCATATGGT-1
GRCh38,ACGCTCCTCCAGCTCC-1
GRCh38,ACGGACGCAAATCGGA-1
GRCh38,ACGGACGCACGGTCGT-1
GRCh38,ACGGAGCAGCAACAGG-1
GRCh38,ACGGATTGTAATACTG-1
GRCh38,ACGGATTGTAGGGTAA-1
GRCh38,ACGGATTGTAGTTAGC-1
GRCh38,ACGGATTGTGTTACCC-1
GRCh38,ACGGCAAAGAAGCCAG-1
GRCh38,ACGGCAAAGGGCGAGT-1
GRCh38,ACGGCAGCAAATACCC-1
GRCh38,ACGGCAGCAATCGCAT-1
GRCh38,ACGGCAGCAGGCGTTC-1
GRCh38,ACGGCCATCACAAGCC-1
GRCh38,ACGGGATCAGCCACTA-1
GRCh38,ACGGGATCAGGAGTCG-1
GRCh38,ACGGGCTGTCGCCGTC-1
GRCh38,ACGGGGTAGACAATTC-1
GRCh38,ACGGGGTAGGTAGAGT-1
GRCh38,ACGGGTAAGCTGTATG-1
GRCh38,ACGGGTTTCAACAGGG-1
GRCh38,ACGGTCCCAGCAGCGA-1
GRCh38,ACGGTCCCAGTTCAGT-1
GRCh38,ACGGTCGTCCACAAGC-1
GRCh38,ACGGTGTTCCAGTAAT-1
GRCh38,ACGGTGTTCCGAACAC-1
GRCh38,ACGGTTATCCCTTCCT-1
GRCh38,ACGGTTATCCTATGCT-1
GRCh38,ACGTAAGCAATATTAC-1
GRCh38,ACGTACTCAAAATCAA-1
GRCh38,ACGTACTCAGCAGGAT-1
GRCh38,ACGTATGTCCATCGCC-1
GRCh38,ACGTATGTCGCTTATC-1
GRCh38,ACGTCACAGAACTAGA-1
GRCh38,ACGTCACAGCGATTTG-1
GRCh38,ACGTCCACAACCTTAA-1
GRCh38,ACGTCCACAAGCGGCA-1
GRCh38,ACGTCCCTCAACGCTA-1
GRCh38,ACGTCGCCAAAAGTTA-1
GRCh38,ACGTCGCCAATGCGAA-1
GRCh38,ACGTCGCCACGTAGCC-1
GRCh38,ACGTCGCCACTAAATT-1
GRCh38,ACGTCGGTCACAAGCC-1
GRCh38,ACGTCGGTCCATACCT-1
GRCh38,ACGTCTCGTGGCTTTC-1
GRCh38,ACGTGATGTATGAGTC-1
GRCh38,ACGTGCCCAAGCGCTC-1
GRCh38,ACGTGGGCAAGTTAGG-1
GRCh38,ACGTGGTTCCCACTCA-1
GRCh38,ACGTGGTTCGGTACTA-1
GRCh38,ACGTGGTTCGTAGTGC-1
GRCh38,ACGTGTCAGAGAGAGA-1
GRCh38,ACGTGTCAGCGATTCA-1
GRCh38,ACGTTATAGAGGGGTC-1
GRCh38,ACGTTATAGAGGTGAT-1
GRCh38,ACGTTATAGCACTTAG-1
GRCh38,ACGTTCGCAACGTTTA-1
GRCh38,ACGTTTACAACGTACT-1
GRCh38,ACTAAACTCACTCTTA-1
GRCh38,ACTAACGTCCCACTAT-1
GRCh38,ACTAAGGCACAGCTCA-1
GRCh38,ACTAATATCGTAGTTG-1
GRCh38,ACTAATCAGACAAGCG-1
GRCh38,ACTAATTCAACTGCCA-1
GRCh38,ACTACAAGTAAGCGCC-1
GRCh38,ACTACAAGTGCGCTGG-1
GRCh38,ACTACATAGAAACCCC-1
GRCh38,ACTACCCGTGCACAGC-1
GRCh38,ACTACCCGTGTGTCAG-1
GRCh38,ACTACCTTCATAACGT-1
GRCh38,ACTACGGGTATATGGC-1
GRCh38,ACTACGGGTATCAGTA-1
GRCh38,ACTACGGGTCAATATG-1
GRCh38,ACTACTCTCACTGACA-1
GRCh38,ACTACTCTCCCCATGC-1
GRCh38,ACTACTCTCGGGTTCG-1
GRCh38,ACTACTTGTATCTTCG-1
GRCh38,ACTACTTGTGCACTCT-1
GRCh38,ACTATAATCATGGTGC-1
GRCh38,ACTATAGGTGTTGTCC-1
GRCh38,ACTATATCAGCAATAG-1
GRCh38,ACTATCGAGGCCTGAT-1
GRCh38,ACTATGAGTATGTTCT-1
GRCh38,ACTATGTAGAATTCGT-1
GRCh38,ACTATGTAGCGATGAG-1
GRCh38,ACTATTCGTGTCCCTG-1
GRCh38,ACTCATACAACGTTTA-1
GRCh38,ACTCATACAATACCTA-1
GRCh38,ACTCATACACTGCGTA-1
GRCh38,ACTCATCTCAGGTGTC-1
GRCh38,ACTCATCTCCCTAATC-1
GRCh38,ACTCATTGTAAGCCAT-1
GRCh38,ACTCATTGTCATACTT-1
GRCh38,ACTCCAAAGAGCTTGC-1
GRCh38,ACTCCCATCACTCGTT-1
GRCh38,ACTCCCGGTACGCATG-1
GRCh38,ACTCCCGGTGGTGTGC-1
GRCh38,ACTCCGACAATCGAAG-1
GRCh38,ACTCCGACAGTAAAGT-1
GRCh38,ACTCCGCTCGGCTCCT-1
GRCh38,ACTCGACAGAAGGCTG-1
GRCh38,ACTCGACAGCCATAGC-1
GRCh38,ACTCGACAGCTTAGGC-1
GRCh38,ACTCGCCTCCATGCCC-1
GRCh38,ACTCGCCTCGCTGTAA-1
GRCh38,ACTCGCTGTCCGAATG-1
GRCh38,ACTCGCTGTGGGTGAG-1
GRCh38,ACTCTATGTGCACAGC-1
GRCh38,ACTCTATGTGTCATGG-1
GRCh38,ACTCTCCCACGATAAG-1
GRCh38,ACTCTTATCGCACTAA-1
GRCh38,ACTGAAGCAACCTATA-1
GRCh38,ACTGACATCGCAATAT-1
GRCh38,ACTGATTAGGCATCCG-1
GRCh38,ACTGCACAGCGAGTCT-1
GRCh38,ACTGCAGGTGTATGCG-1
GRCh38,ACTGCATCACGCAGGA-1
GRCh38,ACTGCCACAAAGCTTC-1
GRCh38,ACTGCCACACTCATAA-1
GRCh38,ACTGCCACAGTGGGAT-1
GRCh38,ACTGCCGAGACTTACG-1
GRCh38,ACTGCCGAGCTGGGTT-1
GRCh38,ACTGCGCCAGCATGCC-1
GRCh38,ACTGCGTAGAGAGTTA-1
GRCh38,ACTGCGTAGATTAAGG-1
GRCh38,ACTGCGTAGGGCCTTG-1
GRCh38,ACTGGATGTCAACTCC-1
GRCh38,ACTGGCGTCGGATTGC-1
GRCh38,ACTGTCGCACAGCACC-1
GRCh38,ACTGTCGCAGGCACTC-1
GRCh38,ACTGTCTTCACCCTAT-1
GRCh38,ACTGTCTTCAGAAGTA-1
GRCh38,ACTGTCTTCGCATCGG-1
GRCh38,ACTGTGGGTGCTACCT-1
GRCh38,ACTGTGGGTGGAATTC-1
GRCh38,ACTGTTCTCAAAGGGT-1
GRCh38,ACTGTTCTCCCATTAC-1
GRCh38,ACTTAACAGCGATTGC-1
GRCh38,ACTTAAGGTGCTAGTG-1
GRCh38,ACTTAATCAGTGCGAG-1
GRCh38,ACTTACGAGAATTGTC-1
GRCh38,ACTTAGCCAAACCTAC-1
GRCh38,ACTTAGCCACTCCACT-1
GRCh38,ACTTCAACACCCTTCG-1
GRCh38,ACTTCAGAGAACGATA-1
GRCh38,ACTTCAGAGCATGTCA-1
GRCh38,ACTTCATGTCAAGGTT-1
GRCh38,ACTTCCGTCATGTGGC-1
GRCh38,ACTTCCGTCCACTTAC-1
GRCh38,ACTTCGCGTAGACGGG-1
GRCh38,ACTTCGGCAAGGTTTC-1
GRCh38,ACTTCGTTCACGTATG-1
GRCh38,ACTTCGTTCATTACAA-1
GRCh38,ACTTCTATCATTGGCA-1
GRCh38,ACTTGCCGTCCGTCTG-1
GRCh38,ACTTGCTTCAGCAGTC-1
GRCh38,ACTTGCTTCATAGCGC-1
GRCh38,ACTTGCTTCCATCTAC-1
GRCh38,ACTTGGGGTAAGCATC-1
GRCh38,ACTTGGGGTACTCCCG-1
GRCh38,ACTTGGGGTCAGTTCC-1
GRCh38,ACTTGGGGTGGCGTTA-1
GRCh38,ACTTGTGAGGCTGGTT-1
GRCh38,ACTTGTGAGGTAGCTC-1
GRCh38,ACTTTAGCAAATACAA-1
GRCh38,ACTTTCATCCCTAGGG-1
GRCh38,ACTTTCATCCCTGATT-1
GRCh38,ACTTTCATCCGGTATA-1
GRCh38,ACTTTCGGTATTCAGA-1
GRCh38,ACTTTGGAGGCTTGCG-1
GRCh38,AGAAGGAAGCTTAGGC-1
GRCh38,AGAATGGGTGTTCTAT-1
GRCh38,AGAATTACAAATCGGA-1
GRCh38,AGAATTACACTCGAGC-1
GRCh38,AGAATTGAGAGGACAT-1
GRCh38,AGAATTGAGAGTCCCG-1
GRCh38,AGACAGCCACAGTCCA-1
GRCh38,AGACAGGTCCAAATCG-1
GRCh38,AGACATAAGGCGCTCA-1
GRCh38,AGACATAAGGCTCGAT-1
GRCh38,AGACATAAGGTCCATA-1
GRCh38,AGACATTTCGCCTCTA-1
GRCh38,AGACGCTTCCTTAGTC-1
GRCh38,AGACGTACAATATCAT-1
GRCh38,AGACTCATCCGGTCCT-1
GRCh38,AGACTCGGTCAACCTC-1
GRCh38,AGACTCGGTGTTGGAT-1
GRCh38,AGACTGCTCACATCTC-1
GRCh38,AGACTTGTCAATGGTT-1
GRCh38,AGACTTGTCCCTCTAG-1
GRCh38,AGACTTGTCGCCCTAC-1
GRCh38,AGACTTTAGATGGGAT-1
GRCh38,AGACTTTAGCCAATAT-1
GRCh38,AGACTTTAGGCTTGAC-1
GRCh38,AGAGAACTCATGACCA-1
GRCh38,AGAGACCCAAAGCCGG-1
GRCh38,AGAGACCCAGGGCTAG-1
GRCh38,AGAGAGAAGGTCCTAA-1
GRCh38,AGAGAGGCAATACCTA-1
GRCh38,AGAGAGGCAGCGCTAC-1
GRCh38,AGAGATGGTATTCGGG-1
GRCh38,AGAGATTCACGCATAT-1
GRCh38,AGAGATTCAGTTAAGG-1
GRCh38,AGAGGAAAGATGGGAT-1
GRCh38,AGAGGGTGTCGACTAG-1
GRCh38,AGAGGGTGTGGCTCCC-1
GRCh38,AGAGGGTGTGGTATGT-1
GRCh38,AGAGGTAGTCCTAGTC-1
GRCh38,AGAGGTTAGGCTTGCG-1
GRCh38,AGAGGTTAGGTAGTGG-1
GRCh38,AGAGTAATCATCTCTA-1
GRCh38,AGAGTAATCCAGTAAT-1
GRCh38,AGAGTAGGTAAGTGAG-1
GRCh38,AGAGTGAGTACTATTC-1
GRCh38,AGAGTTAAGACACCGT-1
GRCh38,AGCAACGAGCCTTAAG-1
GRCh38,AGCAACGAGCTGTACA-1
GRCh38,AGCAACGAGGTTAGTT-1
GRCh38,AGCAAGCCAACAGCGG-1
GRCh38,AGCAAGCCAGTCTATA-1
GRCh38,AGCAAGTAGACAATAG-1
GRCh38,AGCAAGTAGACCCGCA-1
GRCh38,AGCAAGTAGCACAGGA-1
GRCh38,AGCAAGTAGCCTTAAG-1
GRCh38,AGCAATCGTCTTCTAG-1
GRCh38,AGCAATCGTGCCTTTA-1
GRCh38,AGCACAACAAAGGCCG-1
GRCh38,AGCACAACAATCATGC-1
GRCh38,AGCACAACACGCAACC-1
GRCh38,AGCACGTTCAGGGCAA-1
GRCh38,AGCACGTTCCCACTCA-1
GRCh38,AGCACTATCGGTTTAG-1
GRCh38,AGCAGATAGCCCAACG-1
GRCh38,AGCAGCAAGGGAATAC-1
GRCh38,AGCAGCAAGGTGAGTG-1
GRCh38,AGCAGGGGTCCAGAAT-1
GRCh38,AGCAGGGGTCGCCTAT-1
GRCh38,AGCAGGGGTGCATTGG-1
GRCh38,AGCAGTACACGCGTTA-1
GRCh38,AGCAGTACAGCCTGAC-1
GRCh38,AGCAGTACAGTCCATG-1
GRCh38,AGCATAGCAACACTTA-1
GRCh38,AGCATAGCAGGTCGTC-1
GRCh38,AGCATCATCAATATTG-1
GRCh38,AGCATCATCGCGTGTG-1
GRCh38,AGCATCGGTAAGGGTA-1
GRCh38,AGCATCGGTAAGGTCT-1
GRCh38,AGCATCGGTCGCTGCC-1
GRCh38,AGCATCGGTGTTCTAT-1
GRCh38,AGCATGGAGAGTACGG-1
GRCh38,AGCATGGAGGCACGTT-1
GRCh38,AGCATTCCAATGAATA-1
GRCh38,AGCATTCCACATGCGC-1
GRCh38,AGCATTCCAGCCAACC-1
GRCh38,AGCATTTAGCACCATA-1
GRCh38,AGCCAACTCATCTCAC-1
GRCh38,AGCCAGCGTCGGCTCC-1
GRCh38,AGCCATATCAGTAAAG-1
GRCh38,AGCCATATCCCATATC-1
GRCh38,AGCCATTCACGTCAGC-1
GRCh38,AGCCCATAGACTTGTG-1
GRCh38,AGCCCCAAGAGAGAGA-1
GRCh38,AGCCCCAAGCCAATAT-1
GRCh38,AGCCCCAAGCCACAAC-1
GRCh38,AGCCCCAAGCGTCAGT-1
GRCh38,AGCCCTCTCACTTCCG-1
GRCh38,AGCCCTTGTAACTCCC-1
GRCh38,AGCCGAAAGCATTAGT-1
GRCh38,AGCCGAAAGGGACAAT-1
GRCh38,AGCCGAGCAAAGCGTA-1
GRCh38,AGCCGAGCAAATTTCG-1
GRCh38,AGCCGCATCCAATGTG-1
GRCh38,AGCCGCATCCCGCCAT-1
GRCh38,AGCCGCATCCCTACCA-1
GRCh38,AGCCGCATCGCCATGG-1
GRCh38,AGCCGTCCACACCTCT-1
GRCh38,AGCCGTGTCAGTCCTT-1
GRCh38,AGCCGTGTCCCGCTGT-1
GRCh38,AGCCGTGTCCGCCCAT-1
GRCh38,AGCCGTTAGGCTTACA-1
GRCh38,AGCCTCCTCAACAGCC-1
GRCh38,AGCCTCCTCCATCTAC-1
GRCh38,AGCCTCTGTACGGGCT-1
GRCh38,AGCCTCTGTGCCACTT-1
GRCh38,AGCCTGTAGCGTTAGC-1
GRCh38,AGCCTGTAGCGTTTAG-1
GRCh38,AGCCTTCGTAGCTGTG-1
GRCh38,AGCGAACCAACCCATG-1
GRCh38,AGCGAACCAGCGGGTA-1
GRCh38,AGCGAGTCAAGTCCGC-1
GRCh38,AGCGAGTCAAGTGGGT-1
GRCh38,AGCGAGTCAATCGTCG-1
GRCh38,AGCGAGTCACGCGACT-1
GRCh38,AGCGAGTCAGCTCAAT-1
GRCh38,AGCGAGTCAGGGTTAA-1
GRCh38,AGCGATACACGAACGG-1
GRCh38,AGCGATGAGACGCCAT-1
GRCh38,AGCGATGAGCACCTTT-1
GRCh38,AGCGCAGCACAAGTCT-1
GRCh38,AGCGCATTCGTGTCGG-1
GRCh38,AGCGCCATCAGGGACA-1
GRCh38,AGCGCCATCATGAAAG-1
GRCh38,AGCGCCATCCCCACGT-1
GRCh38,AGCGCCTCAAGTAACG-1
GRCh38,AGCGCGTGTCATTAAG-1
GRCh38,AGCGCGTGTCGTATAA-1
GRCh38,AGCGCTCCAGGAGCCA-1
GRCh38,AGCGGACAGATTACAC-1
GRCh38,AGCGGACAGGGGTATG-1
GRCh38,AGCGGAGGTAGTGTAC-1
GRCh38,AGCGGCACAAGGATCA-1
GRCh38,AGCGGGAGTCATACGG-1
GRCh38,AGCGGGAGTCTCTAGC-1
GRCh38,AGCGGTCGTCAGGTAT-1
GRCh38,AGCGGTTTCCATAAGT-1
GRCh38,AGCGGTTTCGTAAATC-1
GRCh38,AGCGTAACAGGACAAC-1
GRCh38,AGCGTAACAGTATACC-1
GRCh38,AGCGTACTCCAGTCCC-1
GRCh38,AGCGTCCCACCTTCCG-1
GRCh38,AGCGTGAAGGCATCGT-1
GRCh38,AGCGTGCGTCAATATG-1
GRCh38,AGCGTTGGTAGGAGGT-1
GRCh38,AGCGTTTCAATCTTAG-1
GRCh38,AGCGTTTCAGGGAGAA-1
GRCh38,AGCTAATTCATGCAGC-1
GRCh38,AGCTATCCAAGCCATT-1
GRCh38,AGCTGAACACAGCAGG-1
GRCh38,AGCTGATGTGCTCCTG-1
GRCh38,AGCTGATGTGGGGATG-1
GRCh38,AGCTGCCCACCAGGCT-1
GRCh38,AGCTGTATCCTCAGCC-1
GRCh38,AGCTGTATCGTCATTC-1
GRCh38,AGCTGTGGTGTAATTG-1
GRCh38,AGCTTACCAAGACAAT-1
GRCh38,AGCTTATAGACTGCGT-1
GRCh38,AGCTTATAGGGACGTA-1
GRCh38,AGCTTCCGTACTATTC-1
GRCh38,AGCTTCCGTATGCTCC-1
GRCh38,AGCTTCGCACCCAAAT-1
GRCh38,AGCTTCGCACGATGTT-1
GRCh38,AGCTTGGGTAACTCGG-1
GRCh38,AGCTTGGGTATGAGTC-1
GRCh38,AGCTTGGGTCGCTGGG-1
GRCh38,AGCTTGGGTCGGTTAG-1
GRCh38,AGCTTTGAGAAATGGC-1
GRCh38,AGCTTTGAGCCATGGT-1
GRCh38,AGGAAACTCCGATCAA-1
GRCh38,AGGAATTCAGCAACTT-1
GRCh38,AGGACACCAGTGTTCG-1
GRCh38,AGGACATAGGTCTGGT-1
GRCh38,AGGACCAAGACCAATT-1
GRCh38,AGGACCAAGCTGGGTT-1
GRCh38,AGGACCAAGGCGTCAT-1
GRCh38,AGGACCAAGGTTCGCG-1
GRCh38,AGGACCCGTAGTCTGG-1
GRCh38,AGGACCCGTGTATGCG-1
GRCh38,AGGACCGCAAGAGGGA-1
GRCh38,AGGACGCAGAGCGAAT-1
GRCh38,AGGACGGGTGCGTAGC-1
GRCh38,AGGACTACACCTGACA-1
GRCh38,AGGACTACACTGTACG-1
GRCh38,AGGAGCCAGCGAAGCA-1
GRCh38,AGGAGGACAACATATT-1
GRCh38,AGGAGGACACCTCATC-1
GRCh38,AGGAGGACAGCGCACT-1
GRCh38,AGGAGGTGTGTTCGAG-1
GRCh38,AGGAGTAGTACGGTCA-1
GRCh38,AGGAGTAGTCGGTTTC-1
GRCh38,AGGAGTAGTGTCCGCC-1
GRCh38,AGGAGTTAGGCGTGAA-1
GRCh38,AGGATAGGTAATGTCA-1
GRCh38,AGGATAGGTCAGTATA-1
GRCh38,AGGATCACACGTAGAA-1
GRCh38,AGGATCACAGTATGGA-1
GRCh38,AGGATTAAGACTTACG-1
GRCh38,AGGATTCGTAACCGGC-1
GRCh38,AGGCACAAGGCAATCC-1
GRCh38,AGGCAGCAGAACGGGC-1
GRCh38,AGGCAGCAGCTGTCGG-1
GRCh38,AGGCAGCAGGTTAGGG-1
GRCh38,AGGCAGGGTGCCTGGG-1
GRCh38,AGGCATTGTACCTATT-1
GRCh38,AGGCATTGTGGTTGGC-1
GRCh38,AGGCCAAAGATCCTGA-1
GRCh38,AGGCCATTCAATATCA-1
GRCh38,AGGCCCGGTGTGAGTT-1
GRCh38,AGGCGACAGGGCGAAC-1
GRCh38,AGGCGACAGGGCGAGT-1
GRCh38,AGGCGCACAACCAACT-1
GRCh38,AGGCGCACACAAGCCC-1
GRCh38,AGGCGCACAGCGGACA-1
GRCh38,AGGCGCTGTCTCCGCA-1
GRCh38,AGGCGGAGTCCTAGCT-1
GRCh38,AGGCGGAGTCGGGCAT-1
GRCh38,AGGCGTAAGCGCTATA-1
GRCh38,AGGCGTAAGCGTTGCG-1
GRCh38,AGGCGTAAGGGTATCC-1
GRCh38,AGGCTCAGTCCTGCGC-1
GRCh38,AGGCTCCCAATAGGCA-1
GRCh38,AGGCTCCCAATCGCGC-1
GRCh38,AGGCTCGTCAGGACTC-1
GRCh38,AGGCTCGTCCGGTGCA-1
GRCh38,AGGCTGAAGCACTACA-1
GRCh38,AGGCTGAAGGGTTGTC-1
GRCh38,AGGCTTGGTAGTGAGA-1
GRCh38,AGGCTTGGTGGTAGTT-1
GRCh38,AGGGACATCAGGAAAC-1
GRCh38,AGGGACATCATGCTTC-1
GRCh38,AGGGACATCGGGCATT-1
GRCh38,AGGGACTCAACTCTCC-1
GRCh38,AGGGACTCAGGTTGCC-1
GRCh38,AGGGAGTGTCGGGGTT-1
GRCh38,AGGGATTAGGCTTTGA-1
GRCh38,AGGGCATCAACGTACT-1
GRCh38,AGGGCATCAGGGTTAA-1
GRCh38,AGGGCGAGTAGTGTCG-1
GRCh38,AGGGCTTTCAACGGCT-1
GRCh38,AGGGCTTTCACCACAA-1
GRCh38,AGGGCTTTCGTCATCT-1
GRCh38,AGGGGATGTAGACTCG-1
GRCh38,AGGGGCAGTGGTGATT-1
GRCh38,AGGGGCTAGCATTAAC-1
GRCh38,AGGGGCTAGGGCTAGA-1
GRCh38,AGGGGCTAGGGGATCA-1
GRCh38,AGGGGTCAGCGGGGAT-1
GRCh38,AGGGTAAGTCTAGTAA-1
GRCh38,AGGGTAAGTGGCCTGG-1
GRCh38,AGGGTATAGATGTAGA-1
GRCh38,AGGGTATAGGGAAGCC-1
GRCh38,AGGGTGCAGACGCGAA-1
GRCh38,AGGGTTACAAGTTACC-1
GRCh38,AGGGTTACAATCGTCG-1
GRCh38,AGGGTTACACAATTCA-1
GRCh38,AGGGTTACACACGTCA-1
GRCh38,AGGGTTCTCACCAATG-1
GRCh38,AGGGTTCTCCTCTGCA-1
GRCh38,AGGGTTCTCGCAACTA-1
GRCh38,AGGTAAGGTATGAGAG-1
GRCh38,AGGTAAGGTCTTGGAG-1
GRCh38,AGGTAATCAACATGCT-1
GRCh38,AGGTATAAGCCGATAC-1
GRCh38,AGGTATCGTACCTTTG-1
GRCh38,AGGTGATAGGTGTTAT-1
GRCh38,AGGTTAAAGAACAGAC-1
GRCh38,AGGTTAGCAACCTGCA-1
GRCh38,AGGTTAGCACGTAAAG-1
GRCh38,AGGTTCGGTCGTCAGA-1
GRCh38,AGGTTCGGTCTGGATG-1
GRCh38,AGGTTCTCACCATGCA-1
GRCh38,AGGTTCTCAGTGATAG-1
GRCh38,AGGTTGGAGAGCATTT-1
GRCh38,AGGTTGGAGATAGTAG-1
GRCh38,AGGTTGTGTACAAGAG-1
GRCh38,AGGTTGTGTCTAAGGT-1
GRCh38,AGGTTTAGTAATCTCT-1
GRCh38,AGGTTTAGTGTACCCT-1
GRCh38,AGTAAACCAACTAAGG-1
GRCh38,AGTAAAGTCCCCAACC-1
GRCh38,AGTAAAGTCGCACGTG-1
GRCh38,AGTAAAGTCGCGATGT-1
GRCh38,AGTAAGCAGAGAGAGA-1
GRCh38,AGTAAGCAGCACGAAG-1
GRCh38,AGTAAGGGTATGCGAT-1
GRCh38,AGTAATCTCAATGTAC-1
GRCh38,AGTAATCTCCCATCTG-1
GRCh38,AGTAATGAGCAGCCCA-1
GRCh38,AGTAATGAGCTCGTAA-1
GRCh38,AGTACAGCAACTCGGC-1
GRCh38,AGTACGACAATCGGGG-1
GRCh38,AGTACGACAGCGGTAG-1
GRCh38,AGTACGCTCGTATTGG-1
GRCh38,AGTACGGAGCAAACTT-1
GRCh38,AGTACGGAGGGAGCTA-1
GRCh38,AGTACGTGTATGCGGC-1
GRCh38,AGTACGTGTCATTAAG-1
GRCh38,AGTACGTGTCCATATT-1
GRCh38,AGTACGTGTGGGTGAG-1
GRCh38,AGTACGTGTGTATGTA-1
GRCh38,AGTACTCCAGGTTTCG-1
GRCh38,AGTATAACACAGTTCG-1
GRCh38,AGTATAGAGCACTTTC-1
GRCh38,AGTATCCCACATTAGC-1
GRCh38,AGTATCCCAGTAATCC-1
GRCh38,AGTATGCGTAGTCGAT-1
GRCh38,AGTATTCAGGTGAGAT-1
GRCh38,AGTCAGGAGACAGGAT-1
GRCh38,AGTCAGGAGCACCTTT-1
GRCh38,AGTCAGGAGGTCGTAC-1
GRCh38,AGTCCACAGGCTTCCC-1
GRCh38,AGTCCAGGTGCGTTAG-1
GRCh38,AGTCCAGGTGTAAGTC-1
GRCh38,AGTCCCGAGCTCTCAT-1
GRCh38,AGTCCGAGTGTCGCTT-1
GRCh38,AGTCCGCCAGCAATAG-1
GRCh38,AGTCCGGTCATAGGGG-1
GRCh38,AGTCCTTTCCCAAATG-1
GRCh38,AGTCGAACAATCGTCG-1
GRCh38,AGTCGAACAGCTCTAG-1
GRCh38,AGTCGATGTGCACAGC-1
GRCh38,AGTCGCAGTAACCGCA-1
GRCh38,AGTCGCAGTATGGCGC-1
GRCh38,AGTCGCCCACGAGCGA-1
GRCh38,AGTCGCCCACTCGCAA-1
GRCh38,AGTCGCGTCGCATACA-1
GRCh38,AGTCGGCGTGGTATTA-1
GRCh38,AGTCGGGCAGTGTGGG-1
GRCh38,AGTCGTCAGGGCGAAC-1
GRCh38,AGTCTCGCACTAAATT-1
GRCh38,AGTCTTACACGGCAAG-1
GRCh38,AGTCTTGAGCGTTCAA-1
GRCh38,AGTCTTGAGGGAATTA-1
GRCh38,AGTGAAATCCCACTCA-1
GRCh38,AGTGAAATCCTTATGC-1
GRCh38,AGTGAGAGTAATTTGG-1
GRCh38,AGTGATAAGAGGATTA-1
GRCh38,AGTGATAAGCGATTAT-1
GRCh38,AGTGATCGTATGCGGC-1
GRCh38,AGTGATTTCAACGCAC-1
GRCh38,AGTGCAACACAGGACG-1
GRCh38,AGTGCAGAGCGGGGAT-1
GRCh38,AGTGCAGAGGTCGCCA-1
GRCh38,AGTGCAGAGGTGTCGT-1
GRCh38,AGTGCGAAGCCTTATC-1
GRCh38,AGTGCGCGTAAGTCCG-1
GRCh38,AGTGCGCGTCATGCAG-1
GRCh38,AGTGCTATCCTTCATA-1
GRCh38,AGTGGCAAGAAAGCTA-1
GRCh38,AGTGGCGCAAGGTAAT-1
GRCh38,AGTGGCTTCGTTGCTT-1
GRCh38,AGTGGGCAGCCGTAGT-1
GRCh38,AGTGGGTCAGCGACGA-1
GRCh38,AGTGGTCTCCGACTCC-1
GRCh38,AGTGTAAAGCTGGGTT-1
GRCh38,AGTGTACGTATTGGTA-1
GRCh38,AGTGTACGTCGATCAG-1
GRCh38,AGTGTACGTGTAGGTT-1
GRCh38,AGTGTCGGTATGCGCA-1
GRCh38,AGTGTCGGTGCATTGG-1
GRCh38,AGTGTCTCAAATCTAT-1
GRCh38,AGTGTTAGTCACCCAT-1
GRCh38,AGTGTTCCAAATCGGA-1
GRCh38,AGTGTTCCACATCATA-1
GRCh38,AGTTACCCAACGTTAC-1
GRCh38,AGTTACCCAAGTTACC-1
GRCh38,AGTTACCCAGTGTCAT-1
GRCh38,AGTTAGAAGAAATTGG-1
GRCh38,AGTTAGAAGAATTCCG-1
GRCh38,AGTTAGAAGCATTACG-1
GRCh38,AGTTAGGCACGCTTTC-1
GRCh38,AGTTAGGCACGTACAT-1
GRCh38,AGTTAGGCAGCGCGAA-1
GRCh38,AGTTATATCAACCCTT-1
GRCh38,AGTTATATCAAGCCAC-1
GRCh38,AGTTATATCACCCATT-1
GRCh38,AGTTGAAAGACATTCG-1
GRCh38,AGTTGAAAGGGAATCG-1
GRCh38,AGTTGAAAGGGACGTA-1
GRCh38,AGTTGAGCACCCAAGC-1
GRCh38,AGTTGCATCAATGGTT-1
GRCh38,AGTTGCATCGGAATGG-1
GRCh38,AGTTGCCAGAACCCCG-1
GRCh38,AGTTGCCAGCAATATC-1
GRCh38,AGTTGCCAGGCTGGTT-1
GRCh38,AGTTGCGGTGTTACGG-1
GRCh38,AGTTGGCTCCGCATGG-1
GRCh38,AGTTGTGTCGGTACGT-1
GRCh38,AGTTTACAGGTCCAGT-1
GRCh38,AGTTTAGGTGCCTCGC-1
GRCh38,AGTTTAGGTGTTAGGT-1
GRCh38,AGTTTCGAGACATGCC-1
GRCh38,AGTTTCGAGACCCAAC-1
GRCh38,AGTTTCGAGGTGCTGT-1
GRCh38,AGTTTGGTCACTGCAA-1
GRCh38,ATAACGTTCACGTATG-1
GRCh38,ATAACGTTCCCACTCA-1
GRCh38,ATAACGTTCCCATCAT-1
GRCh38,ATAACTTCAAGGAGGA-1
GRCh38,ATAACTTCACACAACT-1
GRCh38,ATAAGACCAAAACGGC-1
GRCh38,ATAAGACCACGCCTAA-1
GRCh38,ATAAGCCGTAGTGTAC-1
GRCh38,ATAAGCCGTCGTCGGG-1
GRCh38,ATAAGCCGTGTCGAGC-1
GRCh38,ATAAGCTTCATGCAAT-1
GRCh38,ATAAGGGGTCTTATAC-1
GRCh38,ATAAGGTCAATGCTTA-1
GRCh38,ATAAGTACAATAGCGA-1
GRCh38,ATAATCATCACCAAGC-1
GRCh38,ATAATCCAGCATGTAT-1
GRCh38,ATAATCCAGCCGCACA-1
GRCh38,ATAATCCAGCCTAAGC-1
GRCh38,ATAATCGGTCTAAGCG-1
GRCh38,ATAATCGGTGGAACGG-1
GRCh38,ATAATTGTCCGCCCAT-1
GRCh38,ATACAACTCGGCGCTA-1
GRCh38,ATACAAGAGAACGAAC-1
GRCh38,ATACAAGAGCGGCATT-1
GRCh38,ATACAAGAGCGTGTCG-1
GRCh38,ATACACCCAACTCGAT-1
GRCh38,ATACACCCAATCGCGC-1
GRCh38,ATACAGAAGCGCTGCA-1
GRCh38,ATACAGAAGGTTCGAC-1
GRCh38,ATACAGCGTGGTTAGT-1
GRCh38,ATACCATAGACAGTTT-1
GRCh38,ATACCATAGGCTCTAA-1
GRCh38,ATACCCAAGGTCGCAT-1
GRCh38,ATACCCGCAAAGGAGG-1
GRCh38,ATACCCTTCCGAATTG-1
GRCh38,ATACCTCTCCTACAAG-1
GRCh38,ATACGCTCAACTTACA-1
GRCh38,ATACGTAGTGCCCCTA-1
GRCh38,ATACGTCCAGCCCAAC-1
GRCh38,ATACGTCCAGCTTATA-1
GRCh38,ATACGTCCAGTGCTCA-1
GRCh38,ATACGTGTCGGTTCAA-1
GRCh38,ATACTAATCAGGCTTA-1
GRCh38,ATACTAATCGGCGTTG-1
GRCh38,ATACTAGGTGTTGTGG-1
GRCh38,ATACTCCTCATACAAC-1
GRCh38,ATACTCCTCGTCGAGT-1
GRCh38,ATACTTCGTAAACGCT-1
GRCh38,ATACTTCGTAGCAGGG-1
GRCh38,ATAGCAGCACGAAGGT-1
GRCh38,ATAGCGACACTCGAGC-1
GRCh38,ATAGCGACAGTGAAGC-1
GRCh38,ATAGCGCTCAGCGTAC-1
GRCh38,ATAGCGCTCGTTCGGG-1
GRCh38,ATAGCGGAGAGGAGTT-1
GRCh38,ATAGCGGAGAGGGATT-1
GRCh38,ATAGCGTGTAGAGTAG-1
GRCh38,ATAGCGTGTCAAAGCT-1
GRCh38,ATAGCGTGTCCGAAAT-1
GRCh38,ATAGGCACAAGGTAAT-1
GRCh38,ATAGGCACAGGATAGC-1
GRCh38,ATAGGGGTCAACATTA-1
GRCh38,ATAGGGGTCGGCTTGG-1
GRCh38,ATAGGGTAGATATTGC-1
GRCh38,ATAGTACTCAAGCAAA-1
GRCh38,ATAGTACTCACCCATT-1
GRCh38,ATAGTACTCCCGCTTA-1
GRCh38,ATAGTAGAGATCAGGG-1
GRCh38,ATAGTAGAGCAAAGTA-1
GRCh38,ATAGTCAGTCCGTTGT-1
GRCh38,ATAGTCAGTGGGGTTC-1
GRCh38,ATAGTCAGTGTGGTCA-1
GRCh38,ATAGTCGTCATTCATT-1
GRCh38,ATAGTGAAGAGGACAT-1
GRCh38,ATAGTGAAGCCCTGGA-1
GRCh38,ATAGTGAAGCCTAAGC-1
GRCh38,ATAGTGCGTAAGCCGC-1
GRCh38,ATAGTGTTCCAGCGCA-1
GRCh38,ATAGTGTTCCGTACTT-1
GRCh38,ATAGTGTTCCGTGAGT-1
GRCh38,ATATACCAGCTCCGGA-1
GRCh38,ATATCATCAAGAATAC-1
GRCh38,ATATCATCAATGGGGT-1
GRCh38,ATATCATCAGCCTTAG-1
GRCh38,ATATCATCAGGAATCA-1
GRCh38,ATATCCCTCCGTTCTG-1
GRCh38,ATATCCTGTATGGGTT-1
GRCh38,ATATCCTGTCGTGAGC-1
GRCh38,ATATCTGCAAATTCGC-1
GRCh38,ATATGAGAGGGAGATT-1
GRCh38,ATATGCCCAGTTGCCA-1
GRCh38,ATATGGTTCACTGTTC-1
GRCh38,ATATGTATCCACAGGT-1
GRCh38,ATATGTATCGTATCAG-1
GRCh38,ATATGTGGTGTGCGTA-1
GRCh38,ATATTAGTCCCCTAGC-1
GRCh38,ATATTCCGTCGTTAAA-1
GRCh38,ATATTGCAGCAAGGGC-1
GRCh38,ATATTGGGTATGCCAG-1
GRCh38,ATCAACCCACCTGCAA-1
GRCh38,ATCAAGGCAAAACTCC-1
GRCh38,ATCAAGGCACTAAGCT-1
GRCh38,ATCAATATCACCCTAT-1
GRCh38,ATCACCCGTAACGAGA-1
GRCh38,ATCACCCGTAATTCAG-1
GRCh38,ATCACCCGTATAGGCT-1
GRCh38,ATCACCCGTCCGTCCA-1
GRCh38,ATCACCCGTGGGTGCT-1
GRCh38,ATCACGGGTCCTGATC-1
GRCh38,ATCACGGGTCGATGAT-1
GRCh38,ATCACTACAAAAGGCC-1
GRCh38,ATCAGAGCAACGGGAT-1
GRCh38,ATCAGCATCCAGCCTC-1
GRCh38,ATCAGCTCAAAATCTT-1
GRCh38,ATCAGGACAAAAGCCA-1
GRCh38,ATCAGGCTCATTACAA-1
GRCh38,ATCAGGGAGACCTGTA-1
GRCh38,ATCAGGGAGCCATTTC-1
GRCh38,ATCAGGTGTATCTCGC-1
GRCh38,ATCAGGTGTCATGGGC-1
GRCh38,ATCAGGTGTCGAGTGC-1
GRCh38,ATCAGTAGTGGTGCGT-1
GRCh38,ATCATCACAATGCGAA-1
GRCh38,ATCATCACAATGTATT-1
GRCh38,ATCATCACACCGTAAT-1
GRCh38,ATCATCACACGGGGTA-1
GRCh38,ATCATCGAGCGCGATT-1
GRCh38,ATCATCTGTAACCGTG-1
GRCh38,ATCATGAGTGTGCCTT-1
GRCh38,ATCATGCCAATTACGC-1
GRCh38,ATCATGCCAGGTAGCG-1
GRCh38,ATCATTCGTATGGAGA-1
GRCh38,ATCATTGCAGTCAATC-1
GRCh38,ATCCAATAGCATATGT-1
GRCh38,ATCCAGGGTAGCTGGC-1
GRCh38,ATCCAGGGTCTTCAAT-1
GRCh38,ATCCCAAAGCGTGGAA-1
GRCh38,ATCCCAAAGGGAAACT-1
GRCh38,ATCCCAAAGGGATTAA-1
GRCh38,ATCCCCATCCGTTCGC-1
GRCh38,ATCCCCGGTAAGCAAG-1
GRCh38,ATCCCCGGTGTGAAAG-1
GRCh38,ATCCCGACAAAGCTAG-1
GRCh38,ATCCCGACAGGGTTAA-1
GRCh38,ATCCGACAGGTAGAGT-1
GRCh38,ATCCGCACAAAATTCT-1
GRCh38,ATCCGCACACAGCGGA-1
GRCh38,ATCCGCACACAGTAAG-1
GRCh38,ATCCGCCTCACGCAAC-1
GRCh38,ATCCGCCTCGCTTATC-1
GRCh38,ATCCGGAGTAGGCCGT-1
GRCh38,ATCCGGAGTCGACGGT-1
GRCh38,ATCCGGAGTGGTTGTG-1
GRCh38,ATCCGGCCAAGGGACT-1
GRCh38,ATCCGTAAGATTAACC-1
GRCh38,ATCCTACTCATGTCCT-1
GRCh38,ATCCTACTCCCTAGGG-1
GRCh38,ATCCTACTCGTGGGTT-1
GRCh38,ATCCTAGAGGGAGATT-1
GRCh38,ATCCTATGTAAGTGTC-1
GRCh38,ATCCTTATCAGTTTCC-1
GRCh38,ATCCTTATCATGAATC-1
GRCh38,ATCCTTATCATTGGCA-1
GRCh38,ATCGAAGCAAACGGTA-1
GRCh38,ATCGAAGCAACACTCG-1
GRCh38,ATCGACATCATGCAAT-1
GRCh38,ATCGACATCGGACTAC-1
GRCh38,ATCGACTCAACACTAC-1
GRCh38,ATCGACTCAAGTCTCG-1
GRCh38,ATCGAGACACGTGCTA-1
GRCh38,ATCGATTAGATGCGGA-1
GRCh38,ATCGATTAGATGGCGA-1
GRCh38,ATCGATTAGGTCCTCC-1
GRCh38,ATCGCAGGTCTGTGGA-1
GRCh38,ATCGCATCAGGCCTTA-1
GRCh38,ATCGCGAGTGGGTTCA-1
GRCh38,ATCGCGCCAAGTGGGT-1
GRCh38,ATCGCGCCACTAAGGA-1
GRCh38,ATCGCGGTCCCAAGTA-1
GRCh38,ATCGCGGTCCTCCAAT-1
GRCh38,ATCGCGGTCGGATCCG-1
GRCh38,ATCGCTTTCCTGTTAC-1
GRCh38,ATCGGAGAGAGTGGCA-1
GRCh38,ATCGGAGAGCATTAAC-1
GRCh38,ATCGGAGAGCCCAACG-1
GRCh38,ATCGGAGAGGCATCCG-1
GRCh38,ATCGGCCCAAGCGCCT-1
GRCh38,ATCGGCCCAATGCAGA-1
GRCh38,ATCGGCGTCAAGGGGC-1
GRCh38,ATCGGCGTCGGAAACG-1
GRCh38,ATCGGGCGTACTCGCT-1
GRCh38,ATCGGGCGTGCGAGAG-1
GRCh38,ATCGGGCGTGGGTAGG-1
GRCh38,ATCGGGGCACAAATGG-1
GRCh38,ATCGTCGCACGGGGTA-1
GRCh38,ATCGTTGAGCAATTGT-1
GRCh38,ATCGTTGAGCCATCGG-1
GRCh38,ATCTCACTCATAGCGC-1
GRCh38,ATCTCACTCCGGCAAT-1
GRCh38,ATCTCACTCGTCAACA-1
GRCh38,ATCTCATGTGGAGCCT-1
GRCh38,ATCTCGAAGGTATCCA-1
GRCh38,ATCTCGCGTCGGTTCT-1
GRCh38,ATCTCTGGTCGATAGT-1
GRCh38,ATCTCTTCAAATATCT-1
GRCh38,ATCTGACCAAAACCTC-1
GRCh38,ATCTGACCAACCTCTC-1
GRCh38,ATCTGACCAACCTTAA-1
GRCh38,ATCTGCCGTCACACTC-1
GRCh38,ATCTGGGGTAAGCCCA-1
GRCh38,ATCTTAGCAAATGGCA-1
GRCh38,ATCTTAGCACATTCGG-1
GRCh38,ATCTTCCAGACAATTC-1
GRCh38,ATCTTCCAGCAGGCTT-1
GRCh38,ATCTTCCAGCCTTTCG-1
GRCh38,ATCTTCCAGGCATTCA-1
GRCh38,ATCTTGGAGCAGTCCG-1
GRCh38,ATGAAACCAAGTCCAT-1
GRCh38,ATGAAACCACGGCAAG-1
GRCh38,ATGAAAGTCGCCACTC-1
GRCh38,ATGAAAGTCGGCTTCC-1
GRCh38,ATGAAGGGTAGCTTGG-1
GRCh38,ATGAATACAAAGCTTC-1
GRCh38,ATGACCATCATCGCGG-1
GRCh38,ATGACCATCGGACGTT-1
GRCh38,ATGACCTCAAGACAAT-1
GRCh38,ATGACCTCAATCCAAC-1
GRCh38,ATGACCTCAGCCCATA-1
GRCh38,ATGACGACAAAATGAC-1
GRCh38,ATGACGACAACACAGA-1
GRCh38,ATGAGAGGTGGTAGGG-1
GRCh38,ATGAGCTGTCACGTTC-1
GRCh38,ATGAGGAGTAAATCTG-1
GRCh38,ATGAGGTAGCTCATAG-1
GRCh38,ATGAGTAAGCTCATAG-1
GRCh38,ATGAGTCGTCGTATGG-1
GRCh38,ATGAGTCGTGGTAGCC-1
GRCh38,ATGAGTTTCATTACAA-1
GRCh38,ATGAGTTTCCTGGGTG-1
GRCh38,ATGAGTTTCGTTGTCT-1
GRCh38,ATGATCCCAACTGCGC-1
GRCh38,ATGATGAAGCTGACCG-1
GRCh38,ATGCAATTCACTCGTT-1
GRCh38,ATGCAATTCAGCCATA-1
GRCh38,ATGCAATTCGGATACC-1
GRCh38,ATGCACTCAATCAAGG-1
GRCh38,ATGCACTCACATGATC-1
GRCh38,ATGCAGCTCACGACTA-1
GRCh38,ATGCAGCTCGTGTAAT-1
GRCh38,ATGCAGTGTGGGTATT-1
GRCh38,ATGCATCCACTATCCC-1
GRCh38,ATGCCAGGTCATCTAT-1
GRCh38,ATGCCGAGTGTTCTAT-1
GRCh38,ATGCCTTTCCAATGTG-1
GRCh38,ATGCCTTTCCTTAGCT-1
GRCh38,ATGCGAACACACCGTA-1
GRCh38,ATGCGATGTCTCATTG-1
GRCh38,ATGCGCAGTCTGGAAT-1
GRCh38,ATGCGCCCAATGGGAC-1
GRCh38,ATGCGCCCAATTCGAC-1
GRCh38,ATGCGCCCAGCTGACC-1
GRCh38,ATGCGCCCAGTGTCGC-1
GRCh38,ATGCGGCGTCATAGCG-1
GRCh38,ATGCGGTTCATTCATT-1
GRCh38,ATGCGGTTCCTCCTTC-1
GRCh38,ATGCGTATCATGAAAG-1
GRCh38,ATGCTCAAGACATAAG-1
GRCh38,ATGCTCAAGATCCAAT-1
GRCh38,ATGCTGGGTAACCGCA-1
GRCh38,ATGCTGGGTGTAATTG-1
GRCh38,ATGGAAATCCCTTCTC-1
GRCh38,ATGGACACAAGAATAC-1
GRCh38,ATGGACACACATAATT-1
GRCh38,ATGGACCTCATACAAC-1
GRCh38,ATGGACCTCGCTCATT-1
GRCh38,ATGGAGAGTCCAAGAT-1
GRCh38,ATGGAGAGTGGAGCAG-1
GRCh38,ATGGAGAGTGGATGGG-1
GRCh38,ATGGAGTAGAAACGTA-1
GRCh38,ATGGAGTAGCTCGAAC-1
GRCh38,ATGGCCAGTACTCGAG-1
GRCh38,ATGGCCCCAATATTCG-1
GRCh38,ATGGCCGTCACAACCA-1
GRCh38,ATGGCCGTCCATCACT-1
GRCh38,ATGGCGAAGCAAGCGA-1
GRCh38,ATGGCGCGTCAGTCTC-1
GRCh38,ATGGCGCGTGCTTCTA-1
GRCh38,ATGGCGTTCACTCGCC-1
GRCh38,ATGGCTATCACAACCA-1
GRCh38,ATGGCTATCACTCCAT-1
GRCh38,ATGGCTATCCCTTTGG-1
GRCh38,ATGGGACCAACCAGAA-1
GRCh38,ATGGGACCACCCTTTA-1
GRCh38,ATGGGACCAGCTTATA-1
GRCh38,ATGGGCAAGCATCAAT-1
GRCh38,ATGGGCAAGCTATTGG-1
GRCh38,ATGGGCAAGGTCCGCA-1
GRCh38,ATGGGTCTCAGGGGTA-1
GRCh38,ATGGGTCTCCGCAATA-1
GRCh38,ATGGGTTGTAACCCCT-1
GRCh38,ATGGGTTGTACCTAGG-1
GRCh38,ATGGGTTGTGTGCCCC-1
GRCh38,ATGGTAAAGAGGGGCT-1
GRCh38,ATGGTAGCAGCTACAT-1
GRCh38,ATGGTCATCAGAGTAA-1
GRCh38,ATGGTCATCCAGCGCA-1
GRCh38,ATGGTCATCCCCTAGC-1
GRCh38,ATGGTCATCCGGTCAG-1
GRCh38,ATGGTGCTCACATCTC-1
GRCh38,ATGGTGGAGAGACGCA-1
GRCh38,ATGGTTAGTCCCTTGG-1
GRCh38,ATGGTTAGTCGACGTA-1
GRCh38,ATGGTTAGTGGCAAGG-1
GRCh38,ATGGTTTAGGTAAGTA-1
GRCh38,ATGTAACTCACGAGCT-1
GRCh38,ATGTACAGTGGTTTCC-1
GRCh38,ATGTAGAAGAACGAAC-1
GRCh38,ATGTATCAGAAACGGT-1
GRCh38,ATGTCAGTCAATTCCC-1
GRCh38,ATGTCAGTCCCACTAT-1
GRCh38,ATGTCAGTCCGGGTAT-1
GRCh38,ATGTCAGTCGTCGAAC-1
GRCh38,ATGTCCGCAACCCGAC-1
GRCh38,ATGTCCTTCAGCATTG-1
GRCh38,ATGTCGATCGGTTATG-1
GRCh38,ATGTCGGGTCTACTAT-1
GRCh38,ATGTCGGGTGGGTAGG-1
GRCh38,ATGTCTTGTATCGCTC-1
GRCh38,ATGTGAAAGCGCTTGG-1
GRCh38,ATGTGAAAGGTAGTTT-1
GRCh38,ATGTGCGGTACGCGCG-1
GRCh38,ATGTGTCCACTTCTAT-1
GRCh38,ATGTGTTAGATTACGT-1
GRCh38,ATGTTAGGTAATCGCG-1
GRCh38,ATGTTCTGTCGTAGGC-1
GRCh38,ATGTTGAGTGGCTTCT-1
GRCh38,ATGTTGAGTGGGAGCA-1
GRCh38,ATTAAAGCAGTGCGAG-1
GRCh38,ATTAACCAGAATGCCC-1
GRCh38,ATTAACTCACGACACC-1
GRCh38,ATTAACTCAGGACAAC-1
GRCh38,ATTAACTCAGGCCTTA-1
GRCh38,ATTAAGGAGGTCATCA-1
GRCh38,ATTAATGTCAACCTCT-1
GRCh38,ATTAATGTCATCAGGC-1
GRCh38,ATTAATGTCGTCATCT-1
GRCh38,ATTACACAGCTCGTTT-1
GRCh38,ATTACCGAGACAATGA-1
GRCh38,ATTACCGAGCGCCACA-1
GRCh38,ATTACCGAGGTTGATT-1
GRCh38,ATTACCTGTAGCTGTG-1
GRCh38,ATTACCTGTCTACGCT-1
GRCh38,ATTACGCCAAGCAAGC-1
GRCh38,ATTACGTAGAATGGCG-1
GRCh38,ATTACGTAGACAGCGA-1
GRCh38,ATTACGTAGCAAGTAA-1
GRCh38,ATTATCCGTAAACGCT-1
GRCh38,ATTATCCGTCGATCAG-1
GRCh38,ATTATCGCAAACGGGT-1
GRCh38,ATTATCTTCAGTTTCC-1
GRCh38,ATTATCTTCCTCCTTC-1
GRCh38,ATTATGGGTAGTAAGG-1
GRCh38,ATTCAACAGCCTCATT-1
GRCh38,ATTCAGTAGGCTTCCC-1
GRCh38,ATTCATGCAAAGTAAC-1
GRCh38,ATTCATGCACATTCGG-1
GRCh38,ATTCATGCAGTCTTAA-1
GRCh38,ATTCATTTCGCTATAG-1
GRCh38,ATTCGACCAAACGCAA-1
GRCh38,ATTCGACCACATGCCA-1
GRCh38,ATTCGACCACATTCGG-1
GRCh38,ATTCGACCACCCTCAT-1
GRCh38,ATTCGATAGCACTAGC-1
GRCh38,ATTCGATAGCCTAGAC-1
GRCh38,ATTCGATAGGTCGAGA-1
GRCh38,ATTCGATAGGTTGATT-1
GRCh38,ATTCGGGGTACCTTAT-1
GRCh38,ATTCGGTCAAGTCATC-1
GRCh38,ATTCGGTCACCAGAGG-1
GRCh38,ATTCGGTCACTAATAT-1
GRCh38,ATTCGTACACTCTAGG-1
GRCh38,ATTCGTACAGGGCTCT-1
GRCh38,ATTCGTGAGCGCGTAT-1
GRCh38,ATTCGTGAGGGCATGA-1
GRCh38,ATTCGTGAGGTAGGGC-1
GRCh38,ATTCGTTGTCTAAGCG-1
GRCh38,ATTCTCATCGCTGTAA-1
GRCh38,ATTCTCATCGTACCTT-1
GRCh38,ATTCTGTGTGTGTCAG-1
GRCh38,ATTGAAGAGGTCACGT-1
GRCh38,ATTGACCCAACATAGG-1
GRCh38,ATTGACCCAACGACCC-1
GRCh38,ATTGAGAAGGGCTAGA-1
GRCh38,ATTGCATAGGTAATAG-1
GRCh38,ATTGCCCGTATGCCGA-1
GRCh38,ATTGCCCGTCCGCTTG-1
GRCh38,ATTGCCCGTCGTTAAA-1
GRCh38,ATTGCCCGTCTGGATG-1
GRCh38,ATTGCTACACCATTAA-1
GRCh38,ATTGCTACAGCATCGC-1
GRCh38,ATTGCTACAGCTTATA-1
GRCh38,ATTGCTCTCGCGTTAA-1
GRCh38,ATTGCTTGTCCGCCGT-1
GRCh38,ATTGGCATCACCTCAT-1
GRCh38,ATTGGCATCCATCGGG-1
GRCh38,ATTGGGTGTACATTTC-1
GRCh38,ATTGGGTGTCAGCTTC-1
GRCh38,ATTGGTAGTAGAGAAT-1
GRCh38,ATTGGTAGTAGCTTGG-1
GRCh38,ATTGGTTAGGGAGCGT-1
GRCh38,ATTGTAATCGGGTTAC-1
GRCh38,ATTGTAGGTATCAGCG-1
GRCh38,ATTGTCCTCAGGCTTA-1
GRCh38,ATTGTGGTCAACTATA-1
GRCh38,ATTGTGGTCACGAGCT-1
GRCh38,ATTGTGGTCGGACGTT-1
GRCh38,ATTGTGTAGATTACCG-1
GRCh38,CAAACCATCCGACTAA-1
GRCh38,CAAACGGAGGCGATAG-1
GRCh38,CAAACGGAGGGGATAT-1
GRCh38,CAAACTTAGATCGTTG-1
GRCh38,CAAACTTAGCATCGAC-1
GRCh38,CAAAGCCTCATGTCGA-1
GRCh38,CAAAGCGAGCATGCCG-1
GRCh38,CAAAGCTGTAGCGTAT-1
GRCh38,CAAAGCTGTCAGGCGT-1
GRCh38,CAAAGCTGTCAGTTCC-1
GRCh38,CAAAGCTGTCGCCATT-1
GRCh38,CAAAGGAGTCCTGTAC-1
GRCh38,CAAAGGTAGGTCCTCC-1
GRCh38,CAAAGTAAGACATAGA-1
GRCh38,CAAATGAAGATGCGGA-1
GRCh38,CAAATGAAGCTATGTG-1
GRCh38,CAAATGGCACAGTAAG-1
GRCh38,CAAATGGCACAGTTTA-1
GRCh38,CAACACATCGTACATG-1
GRCh38,CAACAGACAAAGGGGA-1
GRCh38,CAACAGACAGCACGCT-1
GRCh38,CAACAGCTCATAACAC-1
GRCh38,CAACAGGAGAGCGATG-1
GRCh38,CAACATGTCATCACTC-1
GRCh38,CAACATGTCCAGGGTT-1
GRCh38,CAACATGTCGCGCATG-1
GRCh38,CAACCCGAGAAGCTTT-1
GRCh38,CAACCTCGTACTAAGC-1
GRCh38,CAACGAACACTCAATA-1
GRCh38,CAACGAACAGTGTTAC-1
GRCh38,CAACGAGAGACAGCAG-1
GRCh38,CAACGAGAGCGGATAG-1
GRCh38,CAACGCCCACAAGCGG-1
GRCh38,CAACGGGCAATGCACT-1
GRCh38,CAACGGGCAGCTATTA-1
GRCh38,CAACGTCAGATAGGGT-1
GRCh38,CAACTACCAGGATTAG-1
GRCh38,CAACTCCGTCAGTTCC-1
GRCh38,CAACTCGCAACCTAAC-1
GRCh38,CAACTCGCAATTCGGT-1
GRCh38,CAACTCGCAGCACGCT-1
GRCh38,CAACTTACAAACCACT-1
GRCh38,CAACTTACAACGAAAT-1
GRCh38,CAACTTACACAATGTC-1
GRCh38,CAACTTCTCAAGCCGT-1
GRCh38,CAACTTCTCGTATAGT-1
GRCh38,CAAGACACAGGAAGGA-1
GRCh38,CAAGAGTAGAGCCCAT-1
GRCh38,CAAGATAAGGGGGTTA-1
GRCh38,CAAGCCCCAACCTGCA-1
GRCh38,CAAGCCCCAATCGCCA-1
GRCh38,CAAGCCCCACGAATCT-1
GRCh38,CAAGCGTTCAGCCATA-1
GRCh38,CAAGCGTTCGTGAACC-1
GRCh38,CAAGGCAAGCCTATGA-1
GRCh38,CAAGGCCGTACTCGCT-1
GRCh38,CAAGGCCGTGGGTTCA-1
GRCh38,CAAGGCGCACTGACCA-1
GRCh38,CAAGGGCAGGCTTCAA-1
GRCh38,CAAGGGTCACAGTTCG-1
GRCh38,CAAGGTTGTGTAACGT-1
GRCh38,CAAGTAAAGAAAGCCG-1
GRCh38,CAAGTAAAGACAAGCG-1
GRCh38,CAAGTAAAGAGTAAGC-1
GRCh38,CAAGTAAAGATAATCC-1
GRCh38,CAAGTAAAGCCAAGCT-1
GRCh38,CAAGTATTCCACTACT-1
GRCh38,CAAGTCTCAATCGTAC-1
GRCh38,CAAGTTAGTCGTGTCT-1
GRCh38,CAAGTTTAGAATTACC-1
GRCh38,CAAGTTTAGCCATGGT-1
GRCh38,CAATACCCAATCGACT-1
GRCh38,CAATACGTCACACGTA-1
GRCh38,CAATACTAGGGCTAAG-1
GRCh38,CAATAGAAGGGCGTAA-1
GRCh38,CAATAGGCAATCGCGC-1
GRCh38,CAATAGGCACCGGACT-1
GRCh38,CAATATCAGAGTCCCG-1
GRCh38,CAATATCAGCCGTTGG-1
GRCh38,CAATATCAGGGGTATG-1
GRCh38,CAATATGGTAGCAATC-1
GRCh38,CAATCACCAGGAACGT-1
GRCh38,CAATCCGCAACTGGAA-1
GRCh38,CAATCCGCAATGGACA-1
GRCh38,CAATCCGCACGCGTTA-1
GRCh38,CAATCGATCATCTCTA-1
GRCh38,CAATCGATCCATCTAC-1
GRCh38,CAATCGATCGTGCGTG-1
GRCh38,CAATGCATCGGAAGCA-1
GRCh38,CAATGCGGTGGATTGT-1
GRCh38,CAATGGACACTAATAT-1
GRCh38,CAATGTCCAACCATAC-1
GRCh38,CAATTAATCACGAACC-1
GRCh38,CAATTAGGTCCACGGG-1
GRCh38,CAATTAGGTGTCTAGG-1
GRCh38,CAATTATCAACAACCT-1
GRCh38,CAATTATCAAGCTTCG-1
GRCh38,CAATTATCAATCCAAC-1
GRCh38,CAATTATCAATTCATG-1
GRCh38,CAATTATCAGCACCTA-1
GRCh38,CAATTCACAGCCAACC-1
GRCh38,CAATTCCTCACCATCT-1
GRCh38,CAATTCGAGACCTACA-1
GRCh38,CAATTCTGTGCGAATT-1
GRCh38,CAATTGTAGAGAATTG-1
GRCh38,CAATTGTAGCTCGAAC-1
GRCh38,CAATTTCGTAGCAGTT-1
GRCh38,CACAACATCCCGCATC-1
GRCh38,CACAAGACAGGATGAC-1
GRCh38,CACAAGGAGAGACGCA-1
GRCh38,CACAATCCAACCATAC-1
GRCh38,CACAATCCACATATCA-1
GRCh38,CACAATTAGACGGGGT-1
GRCh38,CACAATTAGCGTGTCG-1
GRCh38,CACAATTAGGTTAGGG-1
GRCh38,CACACCCTCATCGCCC-1
GRCh38,CACACCTGTACCCCAT-1
GRCh38,CACACCTGTGGGTGAG-1
GRCh38,CACACGCCACCAGGGA-1
GRCh38,CACACGCCAGCGTGCT-1
GRCh38,CACACGCCAGGTCTAT-1
GRCh38,CACAGAACAAAACGCA-1
GRCh38,CACAGAACAAGCCATT-1
GRCh38,CACAGAACAATCATTG-1
GRCh38,CACAGCAGTCCAGCCC-1
GRCh38,CACAGCCCACGACGGA-1
GRCh38,CACAGCTAGCCAAATT-1
GRCh38,CACAGCTAGGCTAAGG-1
GRCh38,CACAGGAAGCTGGTTA-1
GRCh38,CACAGGTTCAGTGATT-1
GRCh38,CACATCAAGCTGGGTT-1
GRCh38,CACATCAAGGGAATAC-1
GRCh38,CACCAAATCAAGGGTG-1
GRCh38,CACCAAATCGGACACT-1
GRCh38,CACCAACAGCTAGTTG-1
GRCh38,CACCATAAGGGTAGCA-1
GRCh38,CACCATTTCAGGCTCG-1
GRCh38,CACCATTTCGGATCAC-1
GRCh38,CACCCAACACCCTGAA-1
GRCh38,CACCCAGAGAACGTTT-1
GRCh38,CACCCATGTGGCCCCT-1
GRCh38,CACCCATGTGTGTTCC-1
GRCh38,CACCCGCGTCATGGGC-1
GRCh38,CACCCGCGTCTAACGG-1
GRCh38,CACCCGTTCGTTGGGT-1
GRCh38,CACCCTATCGCTCCGT-1
GRCh38,CACCCTGGTGCAATGT-1
GRCh38,CACCGCAAGAATGGGT-1
GRCh38,CACCGCAAGCTAGCCG-1
GRCh38,CACCGCAAGCTGAATT-1
GRCh38,CACCGCCGTCTTGTGC-1
GRCh38,CACCGTACAGGTCTAT-1
GRCh38,CACCGTTGTAGGACCC-1
GRCh38,CACCGTTGTATCTTGT-1
GRCh38,CACCGTTGTCTCGATC-1
GRCh38,CACCTAAAGGTCGAGA-1
GRCh38,CACCTCATCATACCCT-1
GRCh38,CACCTCTCACCCTTCG-1
GRCh38,CACCTCTCAGTAGTAG-1
GRCh38,CACCTTTAGCAGGAGC-1
GRCh38,CACCTTTAGGCCCAAT-1
GRCh38,CACCTTTAGGTCGAAG-1
GRCh38,CACGAAGAGGTTCGAC-1
GRCh38,CACGAGTTCGTCTCCA-1
GRCh38,CACGCCAAGAAACCCC-1
GRCh38,CACGCCCGTATGTGCG-1
GRCh38,CACGCCCGTCAAAGCT-1
GRCh38,CACGCCCGTGGTGATT-1
GRCh38,CACGCCCGTGTTCTCA-1
GRCh38,CACGCGGGTCGGTTAG-1
GRCh38,CACGCTTGTAACTTTC-1
GRCh38,CACGCTTGTACAGGCC-1
GRCh38,CACGCTTGTGCAGTCA-1
GRCh38,CACGCTTGTGTAGTGT-1
GRCh38,CACGGAAAGAACCCGT-1
GRCh38,CACGGCGGTAAGCCGC-1
GRCh38,CACGGCGGTAAGTGAG-1
GRCh38,CACGGTCCAAACGCGG-1
GRCh38,CACGGTCCAAGTCCAT-1
GRCh38,CACGGTCCACATTCAA-1
GRCh38,CACGGTCCAGCATAGA-1
GRCh38,CACGGTCCAGCGACGA-1
GRCh38,CACGGTTAGCTGGGTT-1
GRCh38,CACGTACAGCAGGGGT-1
GRCh38,CACGTACAGCATAACT-1
GRCh38,CACGTACAGCATATGT-1
GRCh38,CACGTAGGTCCTACGT-1
GRCh38,CACGTAGGTCGTTTCA-1
GRCh38,CACGTAGGTGCTATCC-1
GRCh38,CACGTCACAACTATCA-1
GRCh38,CACGTCACACGGCAAG-1
GRCh38,CACGTCGAGCGCCTGA-1
GRCh38,CACGTTCGTAGGGAGT-1
GRCh38,CACTAACCACAACCCA-1
GRCh38,CACTACGCACGGTCGT-1
GRCh38,CACTACTTCACGCTCC-1
GRCh38,CACTAGCAGCAGCGAA-1
GRCh38,CACTAGGGTCAGTTGG-1
GRCh38,CACTATGAGACAGAAC-1
GRCh38,CACTATGAGCCTCGTC-1
GRCh38,CACTATGAGGCACCAT-1
GRCh38,CACTATTGTATCAATG-1
GRCh38,CACTCAAAGGTGATTT-1
GRCh38,CACTCAGCACAACGAA-1
GRCh38,CACTCAGCAGCATGGG-1
GRCh38,CACTCAGCAGGTTTCG-1
GRCh38,CACTCAGCAGTGAGCG-1
GRCh38,CACTCCATCACAACAT-1
GRCh38,CACTCCCAGCGTACGT-1
GRCh38,CACTGCGAGGGACATG-1
GRCh38,CACTGCGAGGTCGAAG-1
GRCh38,CACTGTAAGAGTCAGG-1
GRCh38,CACTGTAAGCACTACA-1
GRCh38,CACTTAGAGAGAATCA-1
GRCh38,CACTTAGAGCACGTCG-1
GRCh38,CACTTAGAGCTCAGCG-1
GRCh38,CACTTATGTGCTCCTG-1
GRCh38,CACTTATGTGGGCGTT-1
GRCh38,CACTTCGTCCAATGTG-1
GRCh38,CACTTTCAGAGGCCAA-1
GRCh38,CACTTTGGTCCGTCGC-1
GRCh38,CACTTTGGTGCAAGGG-1
GRCh38,CACTTTGGTGGTCAAT-1
GRCh38,CAGCAACTCACGCAAC-1
GRCh38,CAGCAACTCACTTCCG-1
GRCh38,CAGCAACTCGGATCCG-1
GRCh38,CAGCACCCAATATGCC-1
GRCh38,CAGCACCCAGGAAGGA-1
GRCh38,CAGCATATCAGTTTGG-1
GRCh38,CAGCATGGTACAGCGC-1
GRCh38,CAGCATGGTCACGCCC-1
GRCh38,CAGCATGGTGCTAGAT-1
GRCh38,CAGCATTCAAGGGACT-1
GRCh38,CAGCCCAAGGCGGATA-1
GRCh38,CAGCCCCGTCCTAATT-1
GRCh38,CAGCCCCGTGGTATTA-1
GRCh38,CAGCCTCTCCATCATC-1
GRCh38,CAGCCTCTCGTGTAAT-1
GRCh38,CAGCGAGCAGCGGTCT-1
GRCh38,CAGCGCATCAATCTGG-1
GRCh38,CAGCGCATCAGTCCTT-1
GRCh38,CAGCGCATCCGATACA-1
GRCh38,CAGCGGACAATGCTAC-1
GRCh38,CAGCGGACACAATGCT-1
GRCh38,CAGCGGTGTGCGTTTC-1
GRCh38,CAGCGGTGTGTTGGGC-1
GRCh38,CAGCGTAGTAATGTCA-1
GRCh38,CAGCTCTGTCATATTC-1
GRCh38,CAGCTTCGTACGTTGG-1
GRCh38,CAGCTTCGTCTAATGA-1
GRCh38,CAGGACGCACGGTGTC-1
GRCh38,CAGGACGCAGGGCGTA-1
GRCh38,CAGGACGCAGTCATAC-1
GRCh38,CAGGAGCAGACTAATC-1
GRCh38,CAGGAGCAGCAAGTAA-1
GRCh38,CAGGATCTCACTCTTA-1
GRCh38,CAGGATTGTAGTAAGG-1
GRCh38,CAGGATTGTGGATTCG-1
GRCh38,CAGGCCGGTCTTAATC-1
GRCh38,CAGGCCGGTGCTAGAT-1
GRCh38,CAGGCCGGTGGCGAGA-1
GRCh38,CAGGCGTGTACATATG-1
GRCh38,CAGGCGTGTCCAGGTA-1
GRCh38,CAGGCTTAGATAAGTG-1
GRCh38,CAGGCTTAGATATCAC-1
GRCh38,CAGGCTTAGGTCGAAG-1
GRCh38,CAGGGACAGAGGCCAA-1
GRCh38,CAGGGACAGCCCAGCA-1
GRCh38,CAGGGGTAGAACCATT-1
GRCh38,CAGGGGTAGAAGCTTT-1
GRCh38,CAGGGGTAGACCCAAC-1
GRCh38,CAGGGTAAGAGCCCCA-1
GRCh38,CAGGGTAAGCCATAAT-1
GRCh38,CAGGGTAAGCGTGTCG-1
GRCh38,CAGGGTCGTCAGGTGC-1
GRCh38,CAGGGTTTCAGCCGCA-1
GRCh38,CAGGTAACAGTCGGAG-1
GRCh38,CAGGTATGTCACCGCC-1
GRCh38,CAGGTATGTCCTACGT-1
GRCh38,CAGGTATGTCGGTTAG-1
GRCh38,CAGGTATGTGCTCCTG-1
GRCh38,CAGGTCCCACCTGACA-1
GRCh38,CAGGTGCGTAACTTCT-1
GRCh38,CAGGTGCGTCCTCTGG-1
GRCh38,CAGGTGTTCATACCTC-1
GRCh38,CAGGTGTTCATAGTCG-1
GRCh38,CAGTAAGCAGGAAGGA-1
GRCh38,CAGTAATTCGTAGGTC-1
GRCh38,CAGTACATCAGCGGTT-1
GRCh38,CAGTAGGAGAGCAGAT-1
GRCh38,CAGTAGTGTCAGGTAT-1
GRCh38,CAGTATAGTCACCGGG-1
GRCh38,CAGTATGTCGGAAACG-1
GRCh38,CAGTATTAGGTACCCG-1
GRCh38,CAGTCAGGTAGACGTT-1
GRCh38,CAGTCATCAACCATCG-1
GRCh38,CAGTCCACAGCCTTAG-1
GRCh38,CAGTCCGAGGTCCACG-1
GRCh38,CAGTCTCGTGGTGCCG-1
GRCh38,CAGTGCAGTCGTTCTA-1
GRCh38,CAGTGCCCACGAACGG-1
GRCh38,CAGTGGGCACTAAGGA-1
GRCh38,CAGTTAAGTATTCGGG-1
GRCh38,CAGTTAAGTGGTATGT-1
GRCh38,CAGTTACCACTATGGT-1
GRCh38,CAGTTCCGTCGAGTGC-1
GRCh38,CAGTTCGCAGCTCAAT-1
GRCh38,CATAACCCACACTATA-1
GRCh38,CATAACGTCACTTAAA-1
GRCh38,CATAACGTCGGCTCCT-1
GRCh38,CATAACTAGAGTGGCA-1
GRCh38,CATAACTAGCATTCAG-1
GRCh38,CATAACTAGCGAATGG-1
GRCh38,CATAAGCGTGCTAGAT-1
GRCh38,CATAAGTTCCAAATCG-1
GRCh38,CATAATCAGCTGTGCG-1
GRCh38,CATAATTCAAACACTC-1
GRCh38,CATACAAGTAGGTTGT-1
GRCh38,CATACAAGTATCCAGG-1
GRCh38,CATACAAGTCGGATAT-1
GRCh38,CATACCGCAAGCAAGC-1
GRCh38,CATACCTTCATAACAC-1
GRCh38,CATACGGGTACTACGG-1
GRCh38,CATACTTGTAGCAGGG-1
GRCh38,CATACTTGTCCTCTGG-1
GRCh38,CATAGAGCAATATGTT-1
GRCh38,CATAGAGCACAAGTAG-1
GRCh38,CATAGCATCCCTTTAA-1
GRCh38,CATAGCATCGGTTAAT-1
GRCh38,CATAGGGAGAATGCCC-1
GRCh38,CATAGGGAGACGACGA-1
GRCh38,CATAGGGAGAGGCACA-1
GRCh38,CATAGGGAGCCGTATA-1
GRCh38,CATAGGTGTCAGCAAT-1
GRCh38,CATAGGTGTCATGGAT-1
GRCh38,CATAGGTGTCCGACAA-1
GRCh38,CATAGGTGTGTAAAGG-1
GRCh38,CATAGTAGTAGCAATC-1
GRCh38,CATAGTAGTGGCACGT-1
GRCh38,CATAGTCCACCACGGT-1
GRCh38,CATATCACAAGAGGGA-1
GRCh38,CATATCACAATCAACC-1
GRCh38,CATATCACAATGAATA-1
GRCh38,CATATCACAGCATTAC-1
GRCh38,CATATCGAGACCTTTC-1
GRCh38,CATATGCCAAGTACAG-1
GRCh38,CATATGCCAAGTGCCC-1
GRCh38,CATATGCCAGGTTTCG-1
GRCh38,CATATGGTCAAACTAC-1
GRCh38,CATATGGTCCACCCGT-1
GRCh38,CATATGTAGCATCGCG-1
GRCh38,CATATTCGTGCGCTCC-1
GRCh38,CATATTCGTGTGTTCC-1
GRCh38,CATCAATAGGCAGTGA-1
GRCh38,CATCACGCAATTCATG-1
GRCh38,CATCACTTCAATGCGC-1
GRCh38,CATCACTTCATCTTCA-1
GRCh38,CATCACTTCGTTCTAC-1
GRCh38,CATCAGGGTACCACCT-1
GRCh38,CATCAGTCAAGCCATT-1
GRCh38,CATCATCTCATGTAGT-1
GRCh38,CATCATTGTAACTCGG-1
GRCh38,CATCATTGTCCCTTGG-1
GRCh38,CATCGACAGAGAGTTA-1
GRCh38,CATCGAGGTACAGCGC-1
GRCh38,CATCGAGGTCTTAGGG-1
GRCh38,CATCGCACAACAGAGC-1
GRCh38,CATCGCACAGGCATTT-1
GRCh38,CATCGCTGTCAATTAG-1
GRCh38,CATCGGAGTACTCCCG-1
GRCh38,CATCGGCCAACTTAGC-1
GRCh38,CATCGGCCAAGCGTCC-1
GRCh38,CATCGTTTCCGGCGTA-1
GRCh38,CATCGTTTCGTACATG-1
GRCh38,CATCTACTCACAGCGT-1
GRCh38,CATCTACTCGGCCTTC-1
GRCh38,CATCTAGAGGCGTGAA-1
GRCh38,CATCTATGTAGGGGAT-1
GRCh38,CATCTATGTCATTGGG-1
GRCh38,CATCTATGTGGAGCTC-1
GRCh38,CATCTATGTGGGGATG-1
GRCh38,CATCTATGTGTTCAGG-1
GRCh38,CATCTCAGTATGTGCG-1
GRCh38,CATCTCAGTCTCATAT-1
GRCh38,CATCTCCCAAGCTTAC-1
GRCh38,CATCTCCCAGGCGTAG-1
GRCh38,CATCTGTTCAGTGAAA-1
GRCh38,CATCTGTTCCCTAAAG-1
GRCh38,CATCTGTTCCGCTACC-1
GRCh38,CATCTTGGTCGATTGG-1
GRCh38,CATGAAGCACCTGTAG-1
GRCh38,CATGATCCACCTATAA-1
GRCh38,CATGCACAGATAGGGT-1
GRCh38,CATGCACAGCCCTGGA-1
GRCh38,CATGCACAGGGGCATA-1
GRCh38,CATGCAGGTGGTTTAA-1
GRCh38,CATGCAGGTGTGCCCC-1
GRCh38,CATGCCACAGGAATCA-1
GRCh38,CATGCCCTCGTGTAAT-1
GRCh38,CATGCCGAGCCCTTAT-1
GRCh38,CATGCGCCACTGTACG-1
GRCh38,CATGCGTAGACACGGA-1
GRCh38,CATGCGTAGATGGGGC-1
GRCh38,CATGCTTTCCAGGATC-1
GRCh38,CATGCTTTCGTGTCGG-1
GRCh38,CATGGAGAGAGCGACA-1
GRCh38,CATGGATGTACATATG-1
GRCh38,CATGGCGTCAGCGGTT-1
GRCh38,CATGGGGCACGTCAAT-1
GRCh38,CATGGTCAGCAAGCGA-1
GRCh38,CATGGTTCAATTACGC-1
GRCh38,CATGTATAGCCATAAT-1
GRCh38,CATGTCAAGACCACGT-1
GRCh38,CATGTCAAGGTCATGC-1
GRCh38,CATGTCCGTAACGAAG-1
GRCh38,CATGTCGCAAGGGCAT-1
GRCh38,CATGTCGCAGGATGGT-1
GRCh38,CATGTGGGTCTGGTAG-1
GRCh38,CATGTGGGTCTTCTCT-1
GRCh38,CATGTGGGTGGCGGTT-1
GRCh38,CATGTTGAGGGCGATA-1
GRCh38,CATTAACAGCGTTACA-1
GRCh38,CATTAAGGTCATACTT-1
GRCh38,CATTAAGGTCCAACCT-1
GRCh38,CATTACCTCCTATGCT-1
GRCh38,CATTACGAGCGTTCCC-1
GRCh38,CATTAGCCAAACCACT-1
GRCh38,CATTAGCCAGCTAATC-1
GRCh38,CATTAGTAGCGCCCAA-1
GRCh38,CATTAGTAGGGCTGAA-1
GRCh38,CATTATCGTCTTGATT-1
GRCh38,CATTATCGTGGGTTCA-1
GRCh38,CATTCACTCCAATAGT-1
GRCh38,CATTCACTCCACCAAA-1
GRCh38,CATTCCAGTAGCATCG-1
GRCh38,CATTCCAGTAGTATTG-1
GRCh38,CATTCCCCAAGCTTTA-1
GRCh38,CATTCGAAGCAAAGGT-1
GRCh38,CATTCGGCACCACAGC-1
GRCh38,CATTCGGCACCAGAGG-1
GRCh38,CATTCTATCACTGGCG-1
GRCh38,CATTCTATCCGTATTC-1
GRCh38,CATTCTGGTCGAGTGC-1
GRCh38,CATTCTGGTGGGGTTC-1
GRCh38,CATTGCAAGGTTCGAC-1
GRCh38,CATTGCTTCAAGCATT-1
GRCh38,CATTGGTCAACTTAGC-1
GRCh38,CATTGGTCACAAGCGG-1
GRCh38,CATTGTCTCCAAACCA-1
GRCh38,CATTTAGCAATAGGGC-1
GRCh38,CATTTCGGTATATCCT-1
GRCh38,CATTTCGGTGGTGTAT-1
GRCh38,CATTTGGAGATGGTGG-1
GRCh38,CCAAACCAGGTATCCA-1
GRCh38,CCAAAGGAGGCCCGTA-1
GRCh38,CCAAAGTGTATTACCT-1
GRCh38,CCAAAGTGTCATTCCA-1
GRCh38,CCAAAGTGTCTTAGGG-1
GRCh38,CCAAATGTCGTAGTGC-1
GRCh38,CCAACAGGTAACTAGC-1
GRCh38,CCAACAGGTGTCATGG-1
GRCh38,CCAACATCAATATCTG-1
GRCh38,CCAACATCAGCAAGAC-1
GRCh38,CCAACCCTCAACGTGC-1
GRCh38,CCAACCCTCACAGTTG-1
GRCh38,CCAACCCTCCATGCCC-1
GRCh38,CCAACCCTCCCCAACC-1
GRCh38,CCAACCCTCCCTAAAG-1
GRCh38,CCAACCCTCGCAATTG-1
GRCh38,CCAACCTGTATCTTCG-1
GRCh38,CCAACCTGTCAATATG-1
GRCh38,CCAACCTGTGCTTGCT-1
GRCh38,CCAACCTGTGGCATGC-1
GRCh38,CCAACCTGTGTGTCAG-1
GRCh38,CCAACGCCAATTATCG-1
GRCh38,CCAACGCCAGGAAACC-1
GRCh38,CCAACTTTCAGTATTA-1
GRCh38,CCAACTTTCGCCAATA-1
GRCh38,CCAAGATGTCCTGTAC-1
GRCh38,CCAAGATGTGGTTTCC-1
GRCh38,CCAAGCCCACCAACAT-1
GRCh38,CCAAGCCCACGGGTAG-1
GRCh38,CCAAGCCCAGCATGGG-1
GRCh38,CCAAGCTAGAGACGCA-1
GRCh38,CCAAGGGCACACTATA-1
GRCh38,CCAAGGGCAGGCGACA-1
GRCh38,CCAAGTATCGGTCCTC-1
GRCh38,CCAATACCACTAGGCC-1
GRCh38,CCAATATAGATGATGA-1
GRCh38,CCAATATAGGGAATGT-1
GRCh38,CCAATATAGGGCTTGT-1
GRCh38,CCAATTACAATGCAGA-1
GRCh38,CCAATTACACTCGTTC-1
GRCh38,CCACAACAGCCTTATC-1
GRCh38,CCACAACAGGCACAAG-1
GRCh38,CCACACCTCATCGGAC-1
GRCh38,CCACACCTCCATCTAC-1
GRCh38,CCACACCTCGGAAACG-1
GRCh38,CCACAGGTCGCGGTTG-1
GRCh38,CCACATAAGGTAAGAC-1
GRCh38,CCACATTTCCCTATTA-1
GRCh38,CCACATTTCGTTCGTT-1
GRCh38,CCACCAACACAACCCA-1
GRCh38,CCACCGTTCCTGGTAA-1
GRCh38,CCACCGTTCCTTCTAA-1
GRCh38,CCACGATAGATGTAGA-1
GRCh38,CCACGATAGGCGAAGC-1
GRCh38,CCACGCTTCAGTCAAT-1
GRCh38,CCACGCTTCCGATACA-1
GRCh38,CCACGGGGTAGGCTTG-1
GRCh38,CCACGGTCAATCGACT-1
GRCh38,CCACGGTCACTCTAGG-1
GRCh38,CCACGTTGTAGAGAAT-1
GRCh38,CCACGTTGTCACACCT-1
GRCh38,CCACGTTGTCAGTCAG-1
GRCh38,CCACTAAAGAGCCGTT-1
GRCh38,CCACTAGCAACACGAA-1
GRCh38,CCACTAGCACGGCAAG-1
GRCh38,CCACTATTCCAATGTG-1
GRCh38,CCACTATTCGCGTTAA-1
GRCh38,CCACTCATCATCCTTA-1
GRCh38,CCACTCTCAACCATCG-1
GRCh38,CCACTTTAGAAGCCGA-1
GRCh38,CCACTTTAGCTCGAAC-1
GRCh38,CCAGAACTCCCACACC-1
GRCh38,CCAGAATGTATAGTCA-1
GRCh38,CCAGACCCAACCCTCT-1
GRCh38,CCAGACCCACCGTCAA-1
GRCh38,CCAGACCCAGCTCCAA-1
GRCh38,CCAGAGAAGATGGTAA-1
GRCh38,CCAGAGGCACAATTCA-1
GRCh38,CCAGATGGTATAAGGG-1
GRCh38,CCAGATGGTCAACCCT-1
GRCh38,CCAGATGGTCCTTCGG-1
GRCh38,CCAGATGGTCGGGTTA-1
GRCh38,CCAGATTCAGCTAAGA-1
GRCh38,CCAGCATAGACTAATC-1
GRCh38,CCAGCCCGTCTAGGGC-1
GRCh38,CCAGCCTTCCATGCCC-1
GRCh38,CCAGCCTTCCCATTCG-1
GRCh38,CCAGCCTTCGCTCTCA-1
GRCh38,CCAGCTCTCAGTTGCA-1
GRCh38,CCAGCTCTCATGTTAA-1
GRCh38,CCAGCTTGTCTATCGC-1
GRCh38,CCAGGGACAGCGAATA-1
GRCh38,CCAGGGTGTCGCGCTC-1
GRCh38,CCAGGGTGTCTACTAT-1
GRCh38,CCAGGGTGTGCACTCT-1
GRCh38,CCAGGTAGTCTTGGAG-1
GRCh38,CCAGTGAGTCAACCCT-1
GRCh38,CCAGTGAGTCGTTCCG-1
GRCh38,CCAGTGAGTGTCGAAT-1
GRCh38,CCAGTGCCACTCACCT-1
GRCh38,CCAGTTCGTCTTAGTT-1
GRCh38,CCATAAGTCCAAGTAT-1
GRCh38,CCATAAGTCCGCTCTA-1
GRCh38,CCATACAAGAACGTGG-1
GRCh38,CCATATCTCACTGTCT-1
GRCh38,CCATATGAGGTAAGTA-1
GRCh38,CCATATTGTCTGTACC-1
GRCh38,CCATCAAAGACTTGTG-1
GRCh38,CCATCAAAGAGAAGCT-1
GRCh38,CCATCAAAGGTTGATT-1
GRCh38,CCATCGACACAAGTAG-1
GRCh38,CCATCGCTCGGTATGC-1
GRCh38,CCATCGGAGACATGTT-1
GRCh38,CCATGACAGGCACCCA-1
GRCh38,CCATGCACACATTCGG-1
GRCh38,CCATGCCTCAACGTGC-1
GRCh38,CCATGCCTCAGTCAGC-1
GRCh38,CCATGCCTCCTGCACC-1
GRCh38,CCATGGTAGACGCCCA-1
GRCh38,CCATGGTAGATGTGAA-1
GRCh38,CCATTCAGTACTCTAT-1
GRCh38,CCATTCCCAAGTAACG-1
GRCh38,CCATTCCCAATCAGGA-1
GRCh38,CCATTCCCACCACTGA-1
GRCh38,CCATTCCCACCATTAA-1
GRCh38,CCATTCGTCCAGCTCC-1
GRCh38,CCATTCGTCCGATGTA-1
GRCh38,CCATTTCAGCGGAATG-1
GRCh38,CCCAAATCACGGTGTC-1
GRCh38,CCCAAGCCAGCATCCA-1
GRCh38,CCCAATCGTATAGGCT-1
GRCh38,CCCACAACAAAACCTC-1
GRCh38,CCCACAACAAGTGGGT-1
GRCh38,CCCACAACAATCAGGA-1
GRCh38,CCCACAACACAGGCGA-1
GRCh38,CCCACGTTCATACAAC-1
GRCh38,CCCACGTTCCTACAAG-1
GRCh38,CCCACGTTCCTATACC-1
GRCh38,CCCAGACCACTTCTCA-1
GRCh38,CCCAGCAAGGCTCGAT-1
GRCh38,CCCAGCTTCACGTCAA-1
GRCh38,CCCAGCTTCCTACATC-1
GRCh38,CCCAGTACACGCGCAT-1
GRCh38,CCCATAGCACTATAAT-1
GRCh38,CCCATAGCAGCAATAG-1
GRCh38,CCCATGTGTAAACCGT-1
GRCh38,CCCATGTGTCGCTATC-1
GRCh38,CCCATGTGTGGTAATC-1
GRCh38,CCCTAAGCACGTACGC-1
GRCh38,CCCTAATTCAATATTG-1
GRCh38,CCCTAATTCACACTTC-1
GRCh38,CCCTAATTCGCTATCT-1
GRCh38,CCCTAATTCGTGTAAT-1
GRCh38,CCCTAGACAAAATTCT-1
GRCh38,CCCTAGACAAACCGAA-1
GRCh38,CCCTAGACAGCTAGGG-1
GRCh38,CCCTAGCTCCGCCTAC-1
GRCh38,CCCTAGCTCCGTCGCT-1
GRCh38,CCCTAGGAGATATACC-1
GRCh38,CCCTAGTGTCAAAGCT-1
GRCh38,CCCTATCCAATCCTAA-1
GRCh38,CCCTCATCAACAAGAT-1
GRCh38,CCCTCATCAATGCGCC-1
GRCh38,CCCTCATCAATGGCCC-1
GRCh38,CCCTCATCAGCGCGAA-1
GRCh38,CCCTGAACACAACCCA-1
GRCh38,CCCTGATGTCGTATGG-1
GRCh38,CCCTGATGTGCTTGTC-1
GRCh38,CCCTGGAAGACCAATT-1
GRCh38,CCCTGGAAGGGCTGAA-1
GRCh38,CCCTGTGGTCCCTGTG-1
GRCh38,CCCTTACCAATGCTTA-1
GRCh38,CCCTTACCACGTATCG-1
GRCh38,CCCTTACCAGGAAGCT-1
GRCh38,CCCTTACCAGTCAACT-1
GRCh38,CCCTTAGTCCGGGCTA-1
GRCh38,CCCTTAGTCGGCTGCA-1
GRCh38,CCCTTGGGTGCCTGGG-1
GRCh38,CCCTTTACAACATATT-1
GRCh38,CCCTTTACACACAACT-1
GRCh38,CCCTTTGAGCACGGAA-1
GRCh38,CCCTTTGAGGTCCTAA-1
GRCh38,CCCTTTGAGGTCGGAA-1
GRCh38,CCGAAACTCGGATCAC-1
GRCh38,CCGAATATCACAACCA-1
GRCh38,CCGAATATCACACCTT-1
GRCh38,CCGAATGGTGGTACTG-1
GRCh38,CCGACAAGTACGTTGG-1
GRCh38,CCGACAAGTGGAATTC-1
GRCh38,CCGACACCACCTACGA-1
GRCh38,CCGACACCAGCTCCAA-1
GRCh38,CCGACATAGCAAAGTA-1
GRCh38,CCGACATAGCTATGGC-1
GRCh38,CCGACTACAAACCACT-1
GRCh38,CCGACTACAGGCAATA-1
GRCh38,CCGACTCTCCACATCT-1
GRCh38,CCGATAGGTCCTTGTA-1
GRCh38,CCGATAGGTGGGAGAT-1
GRCh38,CCGATAGGTGTCCCGC-1
GRCh38,CCGATTAAGGGAGATT-1
GRCh38,CCGCAATAGGGCTCAT-1
GRCh38,CCGCACTTCGGCCATG-1
GRCh38,CCGCATACAACGTGGG-1
GRCh38,CCGCATTGTAATGGAG-1
GRCh38,CCGCATTGTCCAAAGT-1
GRCh38,CCGCATTGTCTTATGT-1
GRCh38,CCGCCAAAGACCTATG-1
GRCh38,CCGCCAAAGCGACAGA-1
GRCh38,CCGCCATTCACTTACC-1
GRCh38,CCGCCGTGTATTGCGG-1
GRCh38,CCGCCGTGTCGGGTTA-1
GRCh38,CCGCCGTGTGTCTATT-1
GRCh38,CCGCCTAGTGTAGCGC-1
GRCh38,CCGCCTAGTGTGCGTA-1
GRCh38,CCGCGTAAGAACGCGA-1
GRCh38,CCGCTAACACAGTCAT-1
GRCh38,CCGCTAGAGGTAAGGT-1
GRCh38,CCGCTAGAGGTAGGCA-1
GRCh38,CCGCTAGAGGTATGTT-1
GRCh38,CCGCTGTTCAGCAATT-1
GRCh38,CCGCTGTTCCTGCATT-1
GRCh38,CCGCTTATCATTACAA-1
GRCh38,CCGCTTATCCTCACGC-1
GRCh38,CCGCTTATCGTGGCCA-1
GRCh38,CCGCTTGGTATTGGTA-1
GRCh38,CCGCTTGGTGTAGAAG-1
GRCh38,CCGGAAGCAAAACCGA-1
GRCh38,CCGGAAGCAAGGGCAT-1
GRCh38,CCGGAAGCAATCGGGG-1
GRCh38,CCGGACTCACGAACGG-1
GRCh38,CCGGACTCACGTTCGA-1
GRCh38,CCGGCAATCAGCCTCC-1
GRCh38,CCGGCCTGTAACGAAG-1
GRCh38,CCGGCCTGTACTGCGA-1
GRCh38,CCGGCTTTCATACCTC-1
GRCh38,CCGGCTTTCGGCCAAT-1
GRCh38,CCGGTAAGTAGACTCG-1
GRCh38,CCGGTAAGTATCAGGT-1
GRCh38,CCGGTATAGCTACATG-1
GRCh38,CCGGTATAGGCTTACA-1
GRCh38,CCGGTTACACAAGTAG-1
GRCh38,CCGGTTCTCCGCCCAT-1
GRCh38,CCGTAAATCAACCTCT-1
GRCh38,CCGTAAATCCCTAATC-1
GRCh38,CCGTAATCAAACACCT-1
GRCh38,CCGTAATCAAGAGACC-1
GRCh38,CCGTAATCAATGGGGT-1
GRCh38,CCGTAGTAGCTTAGCA-1
GRCh38,CCGTAGTAGGGCATAG-1
GRCh38,CCGTAGTAGGGGTAAT-1
GRCh38,CCGTCAACAAAACTCC-1
GRCh38,CCGTCAACAATCGCGC-1
GRCh38,CCGTCCAGTCTAGCAG-1
GRCh38,CCGTCGAAGCAAGTTT-1
GRCh38,CCGTCTATCGTAATCG-1
GRCh38,CCGTCTGGTGTCACGA-1
GRCh38,CCGTGATAGACTGCGT-1
GRCh38,CCGTGATAGATAACAG-1
GRCh38,CCGTGATAGCCATCAA-1
GRCh38,CCGTGATAGCGGGTAA-1
GRCh38,CCGTGTCTCACGAGCT-1
GRCh38,CCGTGTTGTATGTTCT-1
GRCh38,CCGTTAGCACTAGCGC-1
GRCh38,CCGTTTAGTAACCGCA-1
GRCh38,CCGTTTAGTAATGGCT-1
GRCh38,CCGTTTAGTCCTGCGC-1
GRCh38,CCGTTTAGTCGATGAT-1
GRCh38,CCGTTTCCACTGTAAC-1
GRCh38,CCGTTTCCAGTGTAAG-1
GRCh38,CCTAAACCAAATTTCG-1
GRCh38,CCTAAACCAACTCTCC-1
GRCh38,CCTAAACCACCATTAA-1
GRCh38,CCTAACTTCAGAGTAA-1
GRCh38,CCTAACTTCCCAAGTA-1
GRCh38,CCTAACTTCCCTTTAA-1
GRCh38,CCTAATACACATAATT-1
GRCh38,CCTAATACAGCGGACA-1
GRCh38,CCTAATCTCCCGACTC-1
GRCh38,CCTAATCTCCCGCACT-1
GRCh38,CCTAATTGTATACAGC-1
GRCh38,CCTAATTGTCATGGAT-1
GRCh38,CCTACATTCACAGGCT-1
GRCh38,CCTACCATCCCTGATT-1
GRCh38,CCTACGCTCCGATACA-1
GRCh38,CCTACGGAGGTATACT-1
GRCh38,CCTACGTGTCTAAGCG-1
GRCh38,CCTAGACAGATGGAGT-1
GRCh38,CCTAGACAGGCGAATG-1
GRCh38,CCTAGACAGGTACGTC-1
GRCh38,CCTAGATCAGCTAACT-1
GRCh38,CCTAGCGAGATACGAA-1
GRCh38,CCTAGCGAGCCGTGAT-1
GRCh38,CCTAGCGAGCGTCAAC-1
GRCh38,CCTAGGCCAAAGTTCC-1
GRCh38,CCTAGGCCAACTCTCC-1
GRCh38,CCTAGTAAGACGCCCA-1
GRCh38,CCTAGTCGTCAATCGG-1
GRCh38,CCTAGTTTCACTAATA-1
GRCh38,CCTATGCGTCCACGTT-1
GRCh38,CCTATGCGTGGAGCGA-1
GRCh38,CCTATGTTCAGGGGTA-1
GRCh38,CCTATGTTCCCATATC-1
GRCh38,CCTATTGGTAAGGGAC-1
GRCh38,CCTATTGGTGGCGAAG-1
GRCh38,CCTCACCAGACACGGA-1
GRCh38,CCTCACCAGAGGGATT-1
GRCh38,CCTCACCAGATCGTTG-1
GRCh38,CCTCACTCAGGTCGTC-1
GRCh38,CCTCAGACAACCAACT-1
GRCh38,CCTCAGACACGCTTTC-1
GRCh38,CCTCATAGTCCTTCCC-1
GRCh38,CCTCATAGTGGGACTC-1
GRCh38,CCTCATCCACTCCTAC-1
GRCh38,CCTCGATGTCCACGTT-1
GRCh38,CCTCGTCAGGCGTGAA-1
GRCh38,CCTCTACCAGCGCGAA-1
GRCh38,CCTCTCCGTGGGGCTT-1
GRCh38,CCTCTGGGTCGAGGCT-1
GRCh38,CCTCTGGGTCGGCTCC-1
GRCh38,CCTCTGGGTGGTTCAG-1
GRCh38,CCTCTTGAGACGGCAA-1
GRCh38,CCTCTTGAGCGCCACA-1
GRCh38,CCTGAAATCCCCATGC-1
GRCh38,CCTGACACACTACGAT-1
GRCh38,CCTGACACAGCGGACA-1
GRCh38,CCTGACACAGGTAACA-1
GRCh38,CCTGACCTCCCTGCTA-1
GRCh38,CCTGACGAGACCTATG-1
GRCh38,CCTGACGAGCCGTGAT-1
GRCh38,CCTGATAAGAAGGTGT-1
GRCh38,CCTGATAAGCGATTGC-1
GRCh38,CCTGATAAGGGGTTTC-1
GRCh38,CCTGATCGTAAGGTTC-1
GRCh38,CCTGATCGTCACGTAG-1
GRCh38,CCTGATCGTCATTGGG-1
GRCh38,CCTGCACTCAATATGC-1
GRCh38,CCTGCACTCGTTAGGC-1
GRCh38,CCTGCAGAGACTACAT-1
GRCh38,CCTGCAGAGCTGCAAC-1
GRCh38,CCTGCGAAGAATGATG-1
GRCh38,CCTGCGAAGCGTTGGT-1
GRCh38,CCTGCGCGTAGAGAAT-1
GRCh38,CCTGCTATCAGGCTGT-1
GRCh38,CCTGCTTCAATGCTCG-1
GRCh38,CCTGCTTCACATGCGC-1
GRCh38,CCTGGCAAGCATAATC-1
GRCh38,CCTGGCAAGCATGCGT-1
GRCh38,CCTGGCTTCCATGCTT-1
GRCh38,CCTGGCTTCCCCACTA-1
GRCh38,CCTGGTGAGGGACATG-1
GRCh38,CCTGTAAAGACCCAAC-1
GRCh38,CCTGTACGTAGGACGG-1
GRCh38,CCTGTACGTCACACTC-1
GRCh38,CCTGTAGCAAAGGAGG-1
GRCh38,CCTGTCATCGGCGAAA-1
GRCh38,CCTGTGGAGAAGTACA-1
GRCh38,CCTTAACTCAACATTA-1
GRCh38,CCTTAACTCGGATACC-1
GRCh38,CCTTAAGAGCAAATGA-1
GRCh38,CCTTAATGTATGCGAT-1
GRCh38,CCTTACCCAACTGCGC-1
GRCh38,CCTTACCCAGCCAACC-1
GRCh38,CCTTAGAAGGGGCTTT-1
GRCh38,CCTTAGTTCAAATCCG-1
GRCh38,CCTTATGGTACGCTGA-1
GRCh38,CCTTATGGTCAATCGG-1
GRCh38,CCTTATGGTGCGAGGA-1
GRCh38,CCTTATGGTGTGCATG-1
GRCh38,CCTTCAGTCAGTTTGG-1
GRCh38,CCTTCAGTCATGACCA-1
GRCh38,CCTTCAGTCGGTATGC-1
GRCh38,CCTTCATAGGTTGCCG-1
GRCh38,CCTTCCCGTAAGGAAT-1
GRCh38,CCTTCCCGTCGTTTCA-1
GRCh38,CCTTCCGCACAGCTCA-1
GRCh38,CCTTCCGCACCAATAC-1
GRCh38,CCTTCCTTCATAATGC-1
GRCh38,CCTTCCTTCATGGCAC-1
GRCh38,CCTTCCTTCCGATGGT-1
GRCh38,CCTTCGGGTCGTATAA-1
GRCh38,CCTTCGGGTGCCTGCC-1
GRCh38,CCTTCTACACCAACAT-1
GRCh38,CCTTGAGCAATCGTCG-1
GRCh38,CCTTGAGCACGATGTT-1
GRCh38,CCTTGAGCACGCACGT-1
GRCh38,CCTTGCCAGGCTTAAT-1
GRCh38,CCTTGCGGTGCCTTTA-1
GRCh38,CCTTGTGTCGTACGTA-1
GRCh38,CCTTTACAGACTCAGC-1
GRCh38,CCTTTAGGTAAATGGG-1
GRCh38,CCTTTCACAACTGAGA-1
GRCh38,CCTTTCGAGACTACAT-1
GRCh38,CCTTTCGAGCAGCCAT-1
GRCh38,CCTTTCGAGCTGTAGC-1
GRCh38,CCTTTGAGTACTACTT-1
GRCh38,CCTTTGAGTAGTAAGG-1
GRCh38,CCTTTGAGTAGTCGAT-1
GRCh38,CCTTTGAGTGGCTTGA-1
GRCh38,CGAAACCTCAACGCTA-1
GRCh38,CGAAACCTCATGCAAT-1
GRCh38,CGAAACCTCCTCGCTA-1
GRCh38,CGAACACTCAATTGTA-1
GRCh38,CGAACGAAGATAAGTG-1
GRCh38,CGAACGAAGCACCTCC-1
GRCh38,CGAAGATAGCGCTGAT-1
GRCh38,CGAAGATAGGTAGTTT-1
GRCh38,CGAAGATAGGTTGTAT-1
GRCh38,CGAAGGTCAGCGCGAA-1
GRCh38,CGAAGTCTCATCTCTA-1
GRCh38,CGAAGTGAGGTCAATT-1
GRCh38,CGAATCATCAGTGGTC-1
GRCh38,CGAATCTCAACAGGAC-1
GRCh38,CGAATGCTCGCTTATC-1
GRCh38,CGAATGGAGCAGCCCA-1
GRCh38,CGAATGGAGCGTGCAT-1
GRCh38,CGAATTTAGATTCAAC-1
GRCh38,CGACAAGAGATTACGT-1
GRCh38,CGACAAGAGCCTAGCG-1
GRCh38,CGACACCCAACCAGAA-1
GRCh38,CGACACCCACCCACAA-1
GRCh38,CGACAGAAGACAGCAG-1
GRCh38,CGACAGAAGACATGCC-1
GRCh38,CGACAGAAGACGGGTA-1
GRCh38,CGACAGAAGATCATCG-1
GRCh38,CGACAGCGTAAGCATC-1
GRCh38,CGACAGCGTATTACCT-1
GRCh38,CGACGCATCCTCTGCA-1
GRCh38,CGACGTAGTACAGCAT-1
GRCh38,CGACTAATCACAGACC-1
GRCh38,CGACTAATCATCGCGG-1
GRCh38,CGACTAGGTCCTTATG-1
GRCh38,CGACTCCTCAAATTGC-1
GRCh38,CGACTCCTCCTGCACC-1
GRCh38,CGACTCCTCGCAGTAC-1
GRCh38,CGACTCCTCGCGTGTG-1
GRCh38,CGACTCTGTACCTATT-1
GRCh38,CGACTCTGTAGTGTGT-1
GRCh38,CGACTCTGTCGCCGTC-1
GRCh38,CGACTTCGTGGCTGTA-1
GRCh38,CGACTTCGTGGCTTGA-1
GRCh38,CGACTTCGTGTTAGGT-1
GRCh38,CGAGCATTCGCCCGTT-1
GRCh38,CGAGGAGGTACCCATC-1
GRCh38,CGAGTAACAACGCGCT-1
GRCh38,CGAGTAGAGACTTTCC-1
GRCh38,CGAGTAGAGCTATTGG-1
GRCh38,CGAGTCAGTAAGCCAT-1
GRCh38,CGAGTGCGTATGCCGA-1
GRCh38,CGATAATTCAGCACTA-1
GRCh38,CGATACATCGCATTAG-1
GRCh38,CGATAGCTCAGTTGTG-1
GRCh38,CGATCAATCAGCCCCT-1
GRCh38,CGATCAGGTGCGTTAG-1
GRCh38,CGATCGGTCCCACTAT-1
GRCh38,CGATCGGTCCTAAAGT-1
GRCh38,CGATCGGTCGGGTCCA-1
GRCh38,CGATGAGAGGCATCAC-1
GRCh38,CGATGATGTAGAGGGT-1
GRCh38,CGATGATGTGGTTTAA-1
GRCh38,CGATGGAAGAGCTTGC-1
GRCh38,CGATGGAAGGGGTTGA-1
GRCh38,CGATGGAAGGTCTACA-1
GRCh38,CGATGGTTCAGTTATA-1
GRCh38,CGATGGTTCGCATTAG-1
GRCh38,CGATGGTTCGTGTCGG-1
GRCh38,CGATGTATCCGGACCA-1
GRCh38,CGATGTTCACCACCAA-1
GRCh38,CGATGTTCACTAAGGA-1
GRCh38,CGATGTTCACTCACGA-1
GRCh38,CGATTACCAACACAGA-1
GRCh38,CGATTACCACCTCTTA-1
GRCh38,CGATTACCACTCATAA-1
GRCh38,CGATTCAAGCCGGTAT-1
GRCh38,CGATTCCGTACTCCCG-1
GRCh38,CGATTCCGTCCTGTAC-1
GRCh38,CGATTGCAGCCCAACG-1
GRCh38,CGATTTGAGAAGCCGA-1
GRCh38,CGCAAATGTGCCTTCG-1
GRCh38,CGCAAATGTGGGTATT-1
GRCh38,CGCAACCCAAGGGACT-1
GRCh38,CGCAATTCAATATGCC-1
GRCh38,CGCAATTCACGAACGG-1
GRCh38,CGCACCCGTAGGATAG-1
GRCh38,CGCACCCGTCTAACCC-1
GRCh38,CGCACCCGTGTTGTGG-1
GRCh38,CGCACGTCAAGGGACT-1
GRCh38,CGCACTCTCGGCCTTC-1
GRCh38,CGCACTCTCGGTTAAT-1
GRCh38,CGCAGCATCACAGATT-1
GRCh38,CGCAGCATCGTTACTC-1
GRCh38,CGCAGCTCACGAAGGT-1
GRCh38,CGCAGGACAAGTTACC-1
GRCh38,CGCAGTAGTAGCGGAG-1
GRCh38,CGCAGTAGTCTTGTAT-1
GRCh38,CGCAGTAGTGGTTCGA-1
GRCh38,CGCAGTCCAATGACAG-1
GRCh38,CGCAGTCCACGGGTCT-1
GRCh38,CGCAGTCCACTATTCT-1
GRCh38,CGCAGTCCACTTCTAT-1
GRCh38,CGCATACAGAGACTTT-1
GRCh38,CGCATACAGATTCAAC-1
GRCh38,CGCATAGGTCAGCATG-1
GRCh38,CGCATATCACGTACAT-1
GRCh38,CGCATCACAAATCACC-1
GRCh38,CGCATCACAGCACGGA-1
GRCh38,CGCATCGAGCCCTTTG-1
GRCh38,CGCATCTGTATGTTAG-1
GRCh38,CGCATGGTCGCGGTTG-1
GRCh38,CGCATTAAGCAACCGT-1
GRCh38,CGCATTAAGCGCCCAA-1
GRCh38,CGCATTCGTAAACGGA-1
GRCh38,CGCATTCGTAAGGGTA-1
GRCh38,CGCATTCGTACTAATG-1
GRCh38,CGCATTCGTGTGAAAG-1
GRCh38,CGCCAACCACAACGCC-1
GRCh38,CGCCAACCAGGGCTAG-1
GRCh38,CGCCAATAGACGCCAT-1
GRCh38,CGCCAATAGCCATATG-1
GRCh38,CGCCAATAGGGACTGA-1
GRCh38,CGCCACAAGGCATTCA-1
GRCh38,CGCCATTGTCCGTTTA-1
GRCh38,CGCCCATTCAGCTAAT-1
GRCh38,CGCCCGTGTCAACCTC-1
GRCh38,CGCCCGTGTCAGGTGC-1
GRCh38,CGCCCGTGTCGTTAGG-1
GRCh38,CGCCCGTGTGTCTATT-1
GRCh38,CGCCGTCGTAATCTAG-1
GRCh38,CGCCGTCGTCACGGGT-1
GRCh38,CGCCGTCGTCCTTGCG-1
GRCh38,CGCCTAACAAACATAA-1
GRCh38,CGCCTAACAAGTGCCC-1
GRCh38,CGCCTAACAATGACAG-1
GRCh38,CGCCTAGAGACTGATT-1
GRCh38,CGCCTAGAGCATTACG-1
GRCh38,CGCCTATGTGCGGAGA-1
GRCh38,CGCGAAGCAGTCAACT-1
GRCh38,CGCGAAGCAGTTAGAG-1
GRCh38,CGCGACTCAAATGAAC-1
GRCh38,CGCGACTCACTTCATT-1
GRCh38,CGCGACTCAGTAGCGG-1
GRCh38,CGCGCTCGTACCACAG-1
GRCh38,CGCGCTCGTATGAGGA-1
GRCh38,CGCGGATGTCATGGAT-1
GRCh38,CGCGGTATCACACGGT-1
GRCh38,CGCGGTATCCCAGAAC-1
GRCh38,CGCGGTATCGTCTCCA-1
GRCh38,CGCGTAAGTATCCTGC-1
GRCh38,CGCGTAAGTCGACGGT-1
GRCh38,CGCGTAAGTCTTAGGG-1
GRCh38,CGCGTACCAGTATGTC-1
GRCh38,CGCGTATAGAAGCGTG-1
GRCh38,CGCGTATAGCATATGT-1
GRCh38,CGCGTCAAGGGCGTAA-1
GRCh38,CGCGTCCGTCAGCGGT-1
GRCh38,CGCGTTACAGTGACCC-1
GRCh38,CGCTAAGGTCTGTGGA-1
GRCh38,CGCTACCTCACCTCAT-1
GRCh38,CGCTACCTCATAGTAC-1
GRCh38,CGCTACCTCGGCATTA-1
GRCh38,CGCTATAAGACAGGAT-1
GRCh38,CGCTATCGTGCCTGGG-1
GRCh38,CGCTATCGTGTTCGCT-1
GRCh38,CGCTCAACAGGCGCAA-1
GRCh38,CGCTCGCGTCCTGTCG-1
GRCh38,CGCTCTGGTCGTTAGG-1
GRCh38,CGCTCTGGTGTGTTGG-1
GRCh38,CGCTGACCAAATGACG-1
GRCh38,CGCTGACCACTCGACA-1
GRCh38,CGCTGACCAGTTAGAG-1
GRCh38,CGCTGATAGACTTTGG-1
GRCh38,CGCTGATAGAGGCAGC-1
GRCh38,CGCTGCCGTGGTCCCC-1
GRCh38,CGCTGGGGTATTGCCC-1
GRCh38,CGCTTCATCATGGCGT-1
GRCh38,CGCTTCATCGTATAGT-1
GRCh38,CGCTTCGGTGTTCGCT-1
GRCh38,CGCTTGCTCCTCTGGC-1
GRCh38,CGCTTGTGTACGTGAT-1
GRCh38,CGCTTTAGTCTATGGG-1
GRCh38,CGCTTTAGTGCACTAG-1
GRCh38,CGCTTTCCAATATCTG-1
GRCh38,CGGAAACCAGGTTGGG-1
GRCh38,CGGAAAGTCCATCTAC-1
GRCh38,CGGAAAGTCGTGCTCC-1
GRCh38,CGGAATCTCCAATGTG-1
GRCh38,CGGAATCTCCTCGGCT-1
GRCh38,CGGAATCTCGTAGCAC-1
GRCh38,CGGAATCTCGTGTCAA-1
GRCh38,CGGAATGAGAGCTTGC-1
GRCh38,CGGAATGAGGTTCAGC-1
GRCh38,CGGAATTGTGTTGTGG-1
GRCh38,CGGACCATCACGAGCT-1
GRCh38,CGGACCATCATAACAC-1
GRCh38,CGGACCATCGTCCCTA-1
GRCh38,CGGACCTCAAATGAAC-1
GRCh38,CGGACCTCAACAGGAC-1
GRCh38,CGGACCTCAATCAAGG-1
GRCh38,CGGACCTCACCGCTAA-1
GRCh38,CGGATATGTCATGGAT-1
GRCh38,CGGATTCAGCTATAAC-1
GRCh38,CGGATTCAGGGCGAAC-1
GRCh38,CGGCAATTCCGTCATT-1
GRCh38,CGGCAATTCCGTTTCG-1
GRCh38,CGGCACATCGGCGTCA-1
GRCh38,CGGCACTCAGCGCTAC-1
GRCh38,CGGCATGTCCACCTAT-1
GRCh38,CGGCCTTTCACCTCAT-1
GRCh38,CGGCCTTTCAGTACAT-1
GRCh38,CGGCCTTTCGCGTTAA-1
GRCh38,CGGCGTATCGGTGCAT-1
GRCh38,CGGCTACCACGCATAT-1
GRCh38,CGGCTGGGTACCTATT-1
GRCh38,CGGCTTACAATTCGTA-1
GRCh38,CGGCTTCTCAACGTTG-1
GRCh38,CGGCTTGAGATTATGC-1
GRCh38,CGGGAAATCCCTTCTC-1
GRCh38,CGGGATTTCACTTACC-1
GRCh38,CGGGCATGTAGTGTAC-1
GRCh38,CGGGCATGTGCGTTTC-1
GRCh38,CGGGGATAGATGACGG-1
GRCh38,CGGGGATAGCAACATT-1
GRCh38,CGGGGATAGCAGCCCA-1
GRCh38,CGGGGTTGTATGCAGT-1
GRCh38,CGGGGTTGTCCGTCTG-1
GRCh38,CGGGTAAAGGTGCGAA-1
GRCh38,CGGGTACGTAGTAAGG-1
GRCh38,CGGGTACGTCTGGTGA-1
GRCh38,CGGGTAGCACTACGCA-1
GRCh38,CGGGTAGCAGCTAAAG-1
GRCh38,CGGGTAGCAGTCGGTC-1
GRCh38,CGGGTCATCACTTTCA-1
GRCh38,CGGGTCTCACAGTCAT-1
GRCh38,CGGGTTGTCCAACACA-1
GRCh38,CGGGTTTAGGGAATTA-1
GRCh38,CGGTATATCCAACAGC-1
GRCh38,CGGTATGGTAAGGTAG-1
GRCh38,CGGTATGGTATAGTGC-1
GRCh38,CGGTATGGTGTTAAGC-1
GRCh38,CGGTATTCAAATACCC-1
GRCh38,CGGTATTCAAGAATTA-1
GRCh38,CGGTATTCAAGTGGCG-1
GRCh38,CGGTATTCAGTACTTA-1
GRCh38,CGGTCAGTCAACTCTC-1
GRCh38,CGGTCAGTCGTCCCTA-1
GRCh38,CGGTCATAGCGTTTGA-1
GRCh38,CGGTCATAGGCTGTTA-1
GRCh38,CGGTCCAAGCCGCCAA-1
GRCh38,CGGTCCTTCGCTTTCG-1
GRCh38,CGGTCGATCAATGTAC-1
GRCh38,CGGTCGATCCATACCT-1
GRCh38,CGGTCGATCGGACACT-1
GRCh38,CGGTCGATCGTACATG-1
GRCh38,CGGTCGTCAGTGATTC-1
GRCh38,CGGTGCATCCTCTGGC-1
GRCh38,CGGTGCTCACAAGGCG-1
GRCh38,CGGTGCTCACAGTCCA-1
GRCh38,CGGTGTAGTAAGCATC-1
GRCh38,CGGTGTAGTATGGGCC-1
GRCh38,CGGTGTAGTCCATGCT-1
GRCh38,CGGTGTCCACACCCAA-1
GRCh38,CGGTTAATCGCATACA-1
GRCh38,CGGTTACAGCTATGGC-1
GRCh38,CGGTTAGGTAAAGCGA-1
GRCh38,CGGTTCGAGCATTAGT-1
GRCh38,CGGTTCTGTAGCTGAT-1
GRCh38,CGGTTTAAGGTAGGTG-1
GRCh38,CGGTTTCGTAGGATTC-1
GRCh38,CGGTTTCGTGGTTGAT-1
GRCh38,CGTAAATTCCCAGCTC-1
GRCh38,CGTAAATTCGGGCAAA-1
GRCh38,CGTAACATCAGTACTG-1
GRCh38,CGTAACCAGATACGGG-1
GRCh38,CGTAACTCAAAAGCCA-1
GRCh38,CGTAATAGTGCTCTTA-1
GRCh38,CGTAATCCACCCTTCG-1
GRCh38,CGTAATCCACGTCAGC-1
GRCh38,CGTAATTAGAGCTTTG-1
GRCh38,CGTACAATCGTCCCTA-1
GRCh38,CGTACATCAACAGCCC-1
GRCh38,CGTACCGAGCACGTCG-1
GRCh38,CGTACCGAGCGACAAG-1
GRCh38,CGTACCTGTATATCAG-1
GRCh38,CGTACGCCACCGTTAG-1
GRCh38,CGTACGCCACTTAACA-1
GRCh38,CGTAGAACACGCGAAG-1
GRCh38,CGTAGAGAGCATTGCA-1
GRCh38,CGTAGAGAGGGATAGT-1
GRCh38,CGTAGCCCACTCGCAA-1
GRCh38,CGTAGCCCAGGAGTTA-1
GRCh38,CGTAGCTAGATCTGCA-1
GRCh38,CGTAGGGCAACCCTCT-1
GRCh38,CGTAGGGCACTTAACA-1
GRCh38,CGTAGTGGTACGGTGC-1
GRCh38,CGTAGTGGTAGGAGGT-1
GRCh38,CGTAGTGGTCAGCAAT-1
GRCh38,CGTAGTGGTGGCTTTC-1
GRCh38,CGTATAAGTCGCTCGC-1
GRCh38,CGTATAAGTGCTGGGT-1
GRCh38,CGTATATAGAGTAAGC-1
GRCh38,CGTATCGCAATTACCA-1
GRCh38,CGTATCTTCGCAACTA-1
GRCh38,CGTATGGGTGGGTTGC-1
GRCh38,CGTATTCTCCCTTTGG-1
GRCh38,CGTATTCTCGGGCTCA-1
GRCh38,CGTCAACAGCAATTAC-1
GRCh38,CGTCAATCACCGTAAT-1
GRCh38,CGTCAATCAGTATACC-1
GRCh38,CGTCAGAGTCCTCGAT-1
GRCh38,CGTCAGAGTCTGTGAG-1
GRCh38,CGTCAGCCACTACTAA-1
GRCh38,CGTCAGTAGACCCACG-1
GRCh38,CGTCAGTAGCTCACCC-1
GRCh38,CGTCATAAGAGGCCAA-1
GRCh38,CGTCGCTTCAGGGTCT-1
GRCh38,CGTCGCTTCCGATAGC-1
GRCh38,CGTCGCTTCGTCATCT-1
GRCh38,CGTCGCTTCGTGGTTA-1
GRCh38,CGTCGGGGTAAGCATC-1
GRCh38,CGTCGGGGTAGCGTCA-1
GRCh38,CGTCGGGGTCGCACCC-1
GRCh38,CGTCGGGGTCGTGTTC-1
GRCh38,CGTCGGGGTGTTGGGC-1
GRCh38,CGTCGTACAGCACGGA-1
GRCh38,CGTCGTCTCCGGTGCA-1
GRCh38,CGTCTAAAGATATACC-1
GRCh38,CGTCTAAAGATTATGC-1
GRCh38,CGTCTATTCAACGTGC-1
GRCh38,CGTCTCCAGGTCACGT-1
GRCh38,CGTCTGTGTGTCGGCG-1
GRCh38,CGTGAAGAGAACGCGA-1
GRCh38,CGTGAAGAGCCGACAT-1
GRCh38,CGTGAGAAGGTCCATA-1
GRCh38,CGTGAGTTCATGGACC-1
GRCh38,CGTGAGTTCGCTAACA-1
GRCh38,CGTGCCCGTCACCCTG-1
GRCh38,CGTGCCCGTCGATTGG-1
GRCh38,CGTGCTACAGTGTTAC-1
GRCh38,CGTGGAAAGGTCCCGA-1
GRCh38,CGTGGTTAGGGTGAAT-1
GRCh38,CGTGTCTGTAAGCCAT-1
GRCh38,CGTGTCTGTACTACTT-1
GRCh38,CGTGTTCGTCTAGCTC-1
GRCh38,CGTTAAAGTCTTATGT-1
GRCh38,CGTTAATAGAAACTAG-1
GRCh38,CGTTACAAGAAACGTA-1
GRCh38,CGTTACAAGAGTCAGG-1
GRCh38,CGTTACAAGATGGGGC-1
GRCh38,CGTTAGCAGAGCTTTG-1
GRCh38,CGTTAGCAGCAAGCGA-1
GRCh38,CGTTAGGGTCACTTTG-1
GRCh38,CGTTAGTCAAACCACT-1
GRCh38,CGTTAGTCACGAATCT-1
GRCh38,CGTTATGAGATACAGA-1
GRCh38,CGTTCAGCACAGGTCC-1
GRCh38,CGTTCAGCACATAACC-1
GRCh38,CGTTCTGTCACTCCTG-1
GRCh38,CGTTGACAGCATTTGG-1
GRCh38,CGTTGACAGGCATGGA-1
GRCh38,CGTTGCGAGAGACTTT-1
GRCh38,CGTTGGAGTCAACTCC-1
GRCh38,CGTTGGAGTCTTAGTT-1
GRCh38,CGTTGGAGTGTAGTTA-1
GRCh38,CGTTGTAAGCACCTTT-1
GRCh38,CGTTGTAAGCGTATAT-1
GRCh38,CGTTGTAAGCGTATTG-1
GRCh38,CGTTTACTCGGCTGCA-1
GRCh38,CGTTTCCCAACTGTCG-1
GRCh38,CTAAACCCACCTCTAC-1
GRCh38,CTAAACCCACGGTCGT-1
GRCh38,CTAAACGTCGCAAGTC-1
GRCh38,CTAAACGTCGCAGTGT-1
GRCh38,CTAAACTAGCAGTAGG-1
GRCh38,CTAAACTAGGTTGCCG-1
GRCh38,CTAAAGGCAAAGTGCA-1
GRCh38,CTAAAGGCAACGTGCC-1
GRCh38,CTAAAGGCAATACCCG-1
GRCh38,CTAAAGGCACGTAGGG-1
GRCh38,CTAAATGGTAACTAGC-1
GRCh38,CTAAATTCAAGTTGAG-1
GRCh38,CTAAATTCACGTTTCC-1
GRCh38,CTAACATAGGCACAAG-1
GRCh38,CTAACCGCAAGGCACG-1
GRCh38,CTAACTACAATTCGGT-1
GRCh38,CTAACTCTCATGCGGT-1
GRCh38,CTAACTCTCGGCCTCT-1
GRCh38,CTAACTCTCGTTGACA-1
GRCh38,CTAACTTGTAGGGAGT-1
GRCh38,CTAACTTGTCAGGGTC-1
GRCh38,CTAAGCCAGACACCGT-1
GRCh38,CTAAGCCAGGTATACT-1
GRCh38,CTAAGCTCAAATTGCC-1
GRCh38,CTAAGGACAAACTCCG-1
GRCh38,CTAAGGACACTCGTTC-1
GRCh38,CTAAGGGAGGCTATTG-1
GRCh38,CTAAGGGAGGGGCTTT-1
GRCh38,CTAAGGTGTACTAATG-1
GRCh38,CTAAGTAGTACGCTGA-1
GRCh38,CTAAGTAGTAGGCGGA-1
GRCh38,CTAAGTAGTATAAGGG-1
GRCh38,CTAAGTAGTCCTAGCT-1
GRCh38,CTAAGTAGTGCTCGGG-1
GRCh38,CTAAGTAGTGGGTTAT-1
GRCh38,CTAAGTCCAAGCCGAG-1
GRCh38,CTAAGTCCAGGTATTC-1
GRCh38,CTAATATCAACTAAGG-1
GRCh38,CTAATCACAATGGTAG-1
GRCh38,CTAATCACAGGGTATA-1
GRCh38,CTAATCCTCCTCATTA-1
GRCh38,CTAATCCTCGCTCCGT-1
GRCh38,CTAATCCTCGTTGTCT-1
GRCh38,CTAATCGAGAAGTAGC-1
GRCh38,CTAATGAGTACCTTTG-1
GRCh38,CTAATGAGTAGTTATG-1
GRCh38,CTAATGAGTGGAGCGA-1
GRCh38,CTAATGGTCCTGTTCG-1
GRCh38,CTACAATAGATCACAT-1
GRCh38,CTACACAAGGCCCGTA-1
GRCh38,CTACAGCAGACCAGAG-1
GRCh38,CTACAGCAGCACCTAA-1
GRCh38,CTACAGCAGCAGTCTA-1
GRCh38,CTACAGCAGCGATGGA-1
GRCh38,CTACATACAACGCACC-1
GRCh38,CTACATGAGAGAGGAA-1
GRCh38,CTACATGAGCAGTAGG-1
GRCh38,CTACATGAGCCAGGTT-1
GRCh38,CTACATGAGCGCATCG-1
GRCh38,CTACATGAGGCGAGTA-1
GRCh38,CTACGATCACTTGACG-1
GRCh38,CTACGCACACCTTTCA-1
GRCh38,CTACGCCTCCTAGCCC-1
GRCh38,CTACGCCTCCTGTACT-1
GRCh38,CTACGCCTCGCAACTA-1
GRCh38,CTACGGAGTATCGCAG-1
GRCh38,CTACGGAGTCCAGTTC-1
GRCh38,CTACTAACACATTAGC-1
GRCh38,CTACTAACAGTGGCAG-1
GRCh38,CTACTACTCAGTTATA-1
GRCh38,CTACTACTCCAATTCC-1
GRCh38,CTACTATGTGCCCTAT-1
GRCh38,CTACTCCCACAATTCA-1
GRCh38,CTACTGCGTCACAGCA-1
GRCh38,CTACTGCGTGGGTTTG-1
GRCh38,CTACTTATCCGCCTAC-1
GRCh38,CTACTTATCGGTTAAT-1
GRCh38,CTACTTATCGTAGGTC-1
GRCh38,CTACTTCAGAACGGCA-1
GRCh38,CTAGCAATCCAGTCAA-1
GRCh38,CTAGCAGGTATAGGAG-1
GRCh38,CTAGCAGGTGGAGCAG-1
GRCh38,CTAGCATCACGATGGG-1
GRCh38,CTAGCCCTCACTGCAA-1
GRCh38,CTAGCCCTCCTAGCAA-1
GRCh38,CTAGCCGAGACGAGGC-1
GRCh38,CTAGCGCCACGCATCA-1
GRCh38,CTAGCGTAGCATTAAC-1
GRCh38,CTAGCGTAGCGCTCGA-1
GRCh38,CTAGCTAAGCCGGATT-1
GRCh38,CTAGCTAAGGTTCAAT-1
GRCh38,CTAGCTTTCGGTCATA-1
GRCh38,CTAGGAACACTGGCAC-1
GRCh38,CTAGGAACAGTTACTA-1
GRCh38,CTAGGAGAGCCGTGAT-1
GRCh38,CTAGGCCCACTCCTAC-1
GRCh38,CTAGGGGCAGTAAAGT-1
GRCh38,CTAGTCAAGATGCGGA-1
GRCh38,CTAGTCGCACCTACCT-1
GRCh38,CTAGTGCAGAACGTGG-1
GRCh38,CTAGTGGGTACTAATG-1
GRCh38,CTAGTTACAATCGACT-1
GRCh38,CTAGTTACAATTGTAT-1
GRCh38,CTAGTTACAGTCCTAG-1
GRCh38,CTAGTTGAGACGACAG-1
GRCh38,CTATAAGGTGGTAAAG-1
GRCh38,CTATAATCAGGCGCAA-1
GRCh38,CTATAATCAGTCTAAC-1
GRCh38,CTATACACACTAGCGC-1
GRCh38,CTATACACACTATTCT-1
GRCh38,CTATACACAGCGCGAA-1
GRCh38,CTATACACAGGTTGCC-1
GRCh38,CTATAGTAGAACTTGT-1
GRCh38,CTATAGTAGACATCCA-1
GRCh38,CTATAGTAGAGCGTAG-1
GRCh38,CTATAGTAGCCTTGCC-1
GRCh38,CTATCACTCCTCCTTC-1
GRCh38,CTATCAGAGAAGGGCC-1
GRCh38,CTATCAGAGATTGCAT-1
GRCh38,CTATCAGAGCACTTTC-1
GRCh38,CTATCCAGTAGTCCAG-1
GRCh38,CTATCCAGTCGCGTCC-1
GRCh38,CTATCCAGTCTGGTCT-1
GRCh38,CTATCCCCAAAAGCAT-1
GRCh38,CTATCCGTCAAACTTA-1
GRCh38,CTATCCGTCAGTTTGG-1
GRCh38,CTATCGCGTCACGGGT-1
GRCh38,CTATCGCGTCCTCGAT-1
GRCh38,CTATGCTTCACAGTTG-1
GRCh38,CTATGGGGTGCTTGGA-1
GRCh38,CTATGGGGTGTTAGGT-1
GRCh38,CTATGGTCACATCGCA-1
GRCh38,CTATGGTCACCACTAG-1
GRCh38,CTATGGTCACTCATAA-1
GRCh38,CTATGTCTCCATCTAC-1
GRCh38,CTATGTCTCCTCTCGA-1
GRCh38,CTATGTGAGAATTGAG-1
GRCh38,CTATGTGAGAGCGGTA-1
GRCh38,CTATGTTGTAGTCGAT-1
GRCh38,CTATGTTGTATTGGTA-1
GRCh38,CTATGTTGTCAATTCT-1
GRCh38,CTATTCGGTGCGAATT-1
GRCh38,CTATTGGAGACAGCCT-1
GRCh38,CTATTGTGTATCCGGA-1
GRCh38,CTCAATACAACCTAGT-1
GRCh38,CTCACCCAGACGACGA-1
GRCh38,CTCACCCAGGCTTGCG-1
GRCh38,CTCACCTCACGGCAAG-1
GRCh38,CTCACGACAGTGTTAC-1
GRCh38,CTCACTCCAGGGTCTC-1
GRCh38,CTCACTCCAGTCACGC-1
GRCh38,CTCAGCCTCAGCCATA-1
GRCh38,CTCAGCGAGAGTTGCC-1
GRCh38,CTCAGCGAGCTACATG-1
GRCh38,CTCAGGGTCGGGCTCA-1
GRCh38,CTCAGGTAGCCTGATA-1
GRCh38,CTCAGTAAGACTCGAC-1
GRCh38,CTCAGTAAGCATGGTC-1
GRCh38,CTCAGTAAGCCGCAAT-1
GRCh38,CTCAGTAAGGTGCTAC-1
GRCh38,CTCATAACAAGGACCG-1
GRCh38,CTCATAACACCACAAT-1
GRCh38,CTCATAACAGCTCGGT-1
GRCh38,CTCATAGAGCACCTCC-1
GRCh38,CTCATAGAGCCTTTAC-1
GRCh38,CTCATAGAGCGGGATA-1
GRCh38,CTCATAGAGGCCATAC-1
GRCh38,CTCATATGTGTGGTGC-1
GRCh38,CTCATATGTGTTATGA-1
GRCh38,CTCATTGGTCGCCGTC-1
GRCh38,CTCATTTCAGGAAGGA-1
GRCh38,CTCATTTCAGTGAGGT-1
GRCh38,CTCCAATTCGCGAAAG-1
GRCh38,CTCCAATTCGTAACGC-1
GRCh38,CTCCACATCCTATCAC-1
GRCh38,CTCCACATCCTCTGCA-1
GRCh38,CTCCACATCCTGTATC-1
GRCh38,CTCCACATCGTGGCCA-1
GRCh38,CTCCAGCTCACTACCT-1
GRCh38,CTCCAGCTCCCTGCAC-1
GRCh38,CTCCAGCTCGTACCTT-1
GRCh38,CTCCAGCTCGTATGCA-1
GRCh38,CTCCATCCACATTAGC-1
GRCh38,CTCCATGTCCTCTCCT-1
GRCh38,CTCCGACTCACTCATC-1
GRCh38,CTCCGACTCCTCGTTG-1
GRCh38,CTCCGACTCGGTTAAT-1
GRCh38,CTCCGACTCGTGCAGT-1
GRCh38,CTCCGCAGTAACCCGA-1
GRCh38,CTCCGCAGTGTCCCCA-1
GRCh38,CTCCGGAAGAACTAGA-1
GRCh38,CTCCGGAAGCCTTCAT-1
GRCh38,CTCCGGTTCACAATCG-1
GRCh38,CTCCGGTTCAGGGCAA-1
GRCh38,CTCCTACCACGGCAAG-1
GRCh38,CTCCTCTTCCAACAGC-1
GRCh38,CTCCTTACAGTGACCC-1
GRCh38,CTCGAAGGTGGTCCCC-1
GRCh38,CTCGACACAGCTATCG-1
GRCh38,CTCGATAAGCCAAACC-1
GRCh38,CTCGCAACACAACTTA-1
GRCh38,CTCGCAACACCCTCAT-1
GRCh38,CTCGCAACACGGACCT-1
GRCh38,CTCGCACTCGCGGAAA-1
GRCh38,CTCGCATGTCCTTGTA-1
GRCh38,CTCGCCAGTAGAGAAT-1
GRCh38,CTCGCTATCACTTCGT-1
GRCh38,CTCGCTATCCGGAAAG-1
GRCh38,CTCGCTGGTAGGAATG-1
GRCh38,CTCGCTGGTATCTCGC-1
GRCh38,CTCGCTGGTCAACTCC-1
GRCh38,CTCGCTGGTCCTACGT-1
GRCh38,CTCGCTGGTGGCGTTA-1
GRCh38,CTCGGACCAGCACCTA-1
GRCh38,CTCGGCAAGGCTCATA-1
GRCh38,CTCGGCTTCATAATGC-1
GRCh38,CTCGGCTTCGCACCTC-1
GRCh38,CTCGGGTCAAGCGCAG-1
GRCh38,CTCGGTACAATGCTTA-1
GRCh38,CTCGTAAAGAAGTACA-1
GRCh38,CTCGTCGGTCCGTGTT-1
GRCh38,CTCGTGGAGCGAAACG-1
GRCh38,CTCGTGGAGGGTTTCA-1
GRCh38,CTCGTTCCAAAAGCAT-1
GRCh38,CTCGTTGTCAGCGTAC-1
GRCh38,CTCGTTTAGGTTATCG-1
GRCh38,CTCTAACTCGCACAAC-1
GRCh38,CTCTAGAAGAGTATAG-1
GRCh38,CTCTAGAAGGTAGCAG-1
GRCh38,CTCTAGCGTAGCTGGC-1
GRCh38,CTCTAGCGTCTAAGGT-1
GRCh38,CTCTAGCGTGTTACGG-1
GRCh38,CTCTAGGCAATGATCC-1
GRCh38,CTCTAGTTCCTCCTCT-1
GRCh38,CTCTAGTTCGGTATGC-1
GRCh38,CTCTCATAGGCGGAGT-1
GRCh38,CTCTCCAAGAAGGCTG-1
GRCh38,CTCTCCAAGCATTAAC-1
GRCh38,CTCTCCAAGCCGCAAT-1
GRCh38,CTCTCCAAGGTCACGT-1
GRCh38,CTCTCCGCAAGAAGCC-1
GRCh38,CTGAATTAGAACGGCA-1
GRCh38,CTGACACAGGCCATAC-1
GRCh38,CTGACATCAACCAACT-1
GRCh38,CTGACCACAGTGTCGC-1
GRCh38,CTGACCGAGCACATCA-1
GRCh38,CTGACGCCACTACTAA-1
GRCh38,CTGACGCCACTCCGAA-1
GRCh38,CTGACGTAGAGTAATG-1
GRCh38,CTGACTCGTACTTCGC-1
GRCh38,CTGACTCGTGGGTGTC-1
GRCh38,CTGATAAGTACCACGA-1
GRCh38,CTGATAAGTCGTACCT-1
GRCh38,CTGATATAGAGGTTGG-1
GRCh38,CTGATTACACACTCAG-1
GRCh38,CTGATTCTCAACTATA-1
GRCh38,CTGATTCTCGCCACTC-1
GRCh38,CTGATTGAGAATTCCG-1
GRCh38,CTGATTGAGCCCATGG-1
GRCh38,CTGCAAATCCCGGTTC-1
GRCh38,CTGCAAATCCTATGCT-1
GRCh38,CTGCAACAGCACCTAA-1
GRCh38,CTGCAACAGGCGGTAA-1
GRCh38,CTGCAAGGTGTTGCGA-1
GRCh38,CTGCACACAAACATGG-1
GRCh38,CTGCACACAACAATGG-1
GRCh38,CTGCACCTCCTGACAA-1
GRCh38,CTGCACGAGCGTATTG-1
GRCh38,CTGCAGTAGGGCTCAT-1
GRCh38,CTGCATCGTCTATTGT-1
GRCh38,CTGCATCGTGGAGTAA-1
GRCh38,CTGCGTACACCTACTC-1
GRCh38,CTGCGTGAGAATTCCG-1
GRCh38,CTGCTAAAGCGGTCCA-1
GRCh38,CTGCTATTCGTCTCTG-1
GRCh38,CTGCTTCCAATGGCCC-1
GRCh38,CTGGAATGTCCAGATG-1
GRCh38,CTGGAATGTGCACTCT-1
GRCh38,CTGGAATGTGCGAGGA-1
GRCh38,CTGGATGGTAGGGTAA-1
GRCh38,CTGGATGGTGGGAGAT-1
GRCh38,CTGGATGGTGTGCCTT-1
GRCh38,CTGGCACCAAGCAAAT-1
GRCh38,CTGGCCCGTACGAGTT-1
GRCh38,CTGGCCCGTACTATGA-1
GRCh38,CTGGCCCGTCCGAATG-1
GRCh38,CTGGCCCGTGTGCCTT-1
GRCh38,CTGGCTTGTCACCGCC-1
GRCh38,CTGGGCATCAATCATA-1
GRCh38,CTGGGCATCCGCCTAC-1
GRCh38,CTGGGCTCACACTCTC-1
GRCh38,CTGGGGACACATCGGC-1
GRCh38,CTGGGGACACGCGTTA-1
GRCh38,CTGGGTGTCAAGTTCG-1
GRCh38,CTGGGTGTCGCCCGTT-1
GRCh38,CTGGGTTAGCACTCCC-1
GRCh38,CTGGTAGGTCGACTCT-1
GRCh38,CTGGTCCTCCTATTGC-1
GRCh38,CTGGTCGAGAGTCTTG-1
GRCh38,CTGGTCGAGCATTTCC-1
GRCh38,CTGTAACCAAGGTTTC-1
GRCh38,CTGTACAAGGGCGAAC-1
GRCh38,CTGTACCGTCCGTCCA-1
GRCh38,CTGTACGCAAACTAGG-1
GRCh38,CTGTACGCACTATTCT-1
GRCh38,CTGTACTTCACTAAAC-1
GRCh38,CTGTACTTCACTGACA-1
GRCh38,CTGTACTTCAGGTAAA-1
GRCh38,CTGTACTTCGCTTACT-1
GRCh38,CTGTACTTCGCTTTAC-1
GRCh38,CTGTACTTCGGGTTCG-1
GRCh38,CTGTAGCAGACAACCC-1
GRCh38,CTGTAGCAGGCGTCCA-1
GRCh38,CTGTAGCAGGTAAGAC-1
GRCh38,CTGTATCTCATAGTCG-1
GRCh38,CTGTATTGTATTGCTT-1
GRCh38,CTGTATTGTGCGCGAT-1
GRCh38,CTGTCATTCAAACTTA-1
GRCh38,CTGTCATTCACAAGCC-1
GRCh38,CTGTCCGGTAGTACGT-1
GRCh38,CTGTCCGGTGGCGAGA-1
GRCh38,CTGTCGGAGCCTATGA-1
GRCh38,CTGTCGGAGGTATACT-1
GRCh38,CTGTCTAGTCTAGTGG-1
GRCh38,CTGTGAGGTCAACGTG-1
GRCh38,CTGTGCGAGAACCCAC-1
GRCh38,CTGTGCGAGCAGCCAT-1
GRCh38,CTGTGGAGTACCATGG-1
GRCh38,CTGTGGAGTGCCTTCG-1
GRCh38,CTGTGGAGTGTCGCCC-1
GRCh38,CTGTTACTCACCCTGC-1
GRCh38,CTGTTACTCGTCCGCT-1
GRCh38,CTGTTCGTCGGACTAC-1
GRCh38,CTGTTGCGTAAGTCCG-1
GRCh38,CTGTTGCGTCGCTCGC-1
GRCh38,CTTAAATCAAGACAGC-1
GRCh38,CTTAACACAACATTAT-1
GRCh38,CTTAACACACGCAGTC-1
GRCh38,CTTAACACAGGACAAC-1
GRCh38,CTTAACCTCCAGTATG-1
GRCh38,CTTAACCTCCTCGTTG-1
GRCh38,CTTAAGCCAATCCGGC-1
GRCh38,CTTAAGTAGCATAGGG-1
GRCh38,CTTAATCGTGTCTGAG-1
GRCh38,CTTAATTTCGTTAATA-1
GRCh38,CTTAGCCGTAAATCTG-1
GRCh38,CTTAGCCGTCCTGTCG-1
GRCh38,CTTAGCGCAAACCTTA-1
GRCh38,CTTAGCGCAAACGCGG-1
GRCh38,CTTAGCGCAAGGGGAA-1
GRCh38,CTTAGCTTCCGGCGTA-1
GRCh38,CTTAGGGGTAAATGGG-1
GRCh38,CTTAGTGAGCATGCCG-1
GRCh38,CTTAGTTGTCCAGTAG-1
GRCh38,CTTATACGTGCTAGAT-1
GRCh38,CTTATACGTGTCGGCG-1
GRCh38,CTTATCATCCATAGGC-1
GRCh38,CTTATCATCCCAAGTA-1
GRCh38,CTTATCATCGTGTATG-1
GRCh38,CTTATGCTCCCAGAAC-1
GRCh38,CTTATGTGTACTTCGC-1
GRCh38,CTTCAATGTCGCTGGG-1
GRCh38,CTTCATATCAGCAGTC-1
GRCh38,CTTCATATCCTGACAA-1
GRCh38,CTTCGTCCACATCTCC-1
GRCh38,CTTCGTGTCAATATCA-1
GRCh38,CTTCGTGTCAATCTCC-1
GRCh38,CTTCGTGTCACAATTA-1
GRCh38,CTTCGTTAGAGCGATG-1
GRCh38,CTTCGTTAGATAAGCA-1
GRCh38,CTTCTAATCGCTGTGG-1
GRCh38,CTTCTACAGGTTGCGT-1
GRCh38,CTTCTAGGTCCTGTCG-1
GRCh38,CTTCTATCAGCGAAAC-1
GRCh38,CTTGACGCAAGGAGGA-1
GRCh38,CTTGACGCACAGTTCG-1
GRCh38,CTTGACGCACCATTAA-1
GRCh38,CTTGATGAGGCTGGAA-1
GRCh38,CTTGATTGTCATACTT-1
GRCh38,CTTGGAGGTACTTCAT-1
GRCh38,CTTGGAGGTCATCTTG-1
GRCh38,CTTGGAGGTGTTAGGT-1
GRCh38,CTTGGCGAGGCATCAC-1
GRCh38,CTTGGCGAGGCGAATG-1
GRCh38,CTTGGGTAGCGAAGCA-1
GRCh38,CTTGTATGTAATGGAG-1
GRCh38,CTTGTATGTATTACAG-1
GRCh38,CTTGTGAAGAAATCAG-1
GRCh38,CTTGTGCGTCCTCTCC-1
GRCh38,CTTGTGCGTGTCCCGC-1
GRCh38,CTTGTGTTCACACGTA-1
GRCh38,CTTGTGTTCCCGGTTC-1
GRCh38,CTTGTGTTCGCCCTTA-1
GRCh38,GCAAAGGTCACGTATG-1
GRCh38,GCAAAGTAGAGTCTTG-1
GRCh38,GCAAAGTAGCACTCAA-1
GRCh38,GCAAAGTAGGGGTATG-1
GRCh38,GCAACAGAGATCCACA-1
GRCh38,GCAACAGAGCGTACGT-1
GRCh38,GCAACAGAGGCACGAA-1
GRCh38,GCAACAGAGGTAGGGC-1
GRCh38,GCAACAGAGGTCCATA-1
GRCh38,GCAACGAAGAACAGGT-1
GRCh38,GCAACGAAGCGAAGAT-1
GRCh38,GCAACGTTCAGTAATC-1
GRCh38,GCAACTATCGTGTCAA-1
GRCh38,GCAAGACCACATCGGC-1
GRCh38,GCAAGCAAGGGGTACA-1
GRCh38,GCAAGCTTCAGGCCCA-1
GRCh38,GCAAGCTTCATGTCGA-1
GRCh38,GCAAGCTTCCAGGATC-1
GRCh38,GCAAGCTTCCTTAGTC-1
GRCh38,GCAAGCTTCGGATGTC-1
GRCh38,GCAAGCTTCGGCTCCT-1
GRCh38,GCAAGGGGTAAACGGA-1
GRCh38,GCAAGGGGTCAATGTA-1
GRCh38,GCAAGGGGTGTTATGA-1
GRCh38,GCAAGTCTCACTACCT-1
GRCh38,GCAAGTCTCCACTCCA-1
GRCh38,GCAAGTCTCCCATCTG-1
GRCh38,GCAATAGCAAACTCTA-1
GRCh38,GCAATAGCACATAACC-1
GRCh38,GCAATATTCAGCCATA-1
GRCh38,GCAATATTCGGTGGTT-1
GRCh38,GCAATCCAGATAACGA-1
GRCh38,GCAATCCAGCGTGCAT-1
GRCh38,GCAATCCAGCTCATAG-1
GRCh38,GCAATCCAGGCACGTT-1
GRCh38,GCAATCCAGGTCACGT-1
GRCh38,GCAATCGGTCGCGGAT-1
GRCh38,GCAATCGGTGGCGCTG-1
GRCh38,GCAATCTCAAAGTGCA-1
GRCh38,GCAATCTCACCAAGGG-1
GRCh38,GCAATCTCAGCCTTTC-1
GRCh38,GCAATTGTCAAAGCAA-1
GRCh38,GCAATTTAGGTCGAAG-1
GRCh38,GCACAAGAGCTAATCG-1
GRCh38,GCACACCCACTGCTCT-1
GRCh38,GCACCATAGATTCGAT-1
GRCh38,GCACCATAGCGAACAG-1
GRCh38,GCACCATAGCGAAGCA-1
GRCh38,GCACCCAAGAAGGTGT-1
GRCh38,GCACCCAAGAGTTAAG-1
GRCh38,GCACCCAAGATGGAGT-1
GRCh38,GCACCCAAGCTGGTTA-1
GRCh38,GCACCCAAGGCTACCG-1
GRCh38,GCACCCTTCAGTGCTA-1
GRCh38,GCACCCTTCCGTACTT-1
GRCh38,GCACCTACACAACGCC-1
GRCh38,GCACCTACAGGAATCA-1
GRCh38,GCACCTCTCGTTCATC-1
GRCh38,GCACGAAAGATGGAGT-1
GRCh38,GCACGAAAGGGGACGT-1
GRCh38,GCACGCTCACATGGGG-1
GRCh38,GCACGCTCACCTGCTT-1
GRCh38,GCACGTGTCCCTGTCA-1
GRCh38,GCACGTGTCCGGTCGA-1
GRCh38,GCACTAATCAAATCCG-1
GRCh38,GCACTAATCATTGTAA-1
GRCh38,GCACTAATCCGTCATT-1
GRCh38,GCACTAGGTATCCTAT-1
GRCh38,GCACTCCTCCTCTCGA-1
GRCh38,GCAGCCTCACAACGCC-1
GRCh38,GCAGCGACAAACCACT-1
GRCh38,GCAGGATCAGCACGCT-1
GRCh38,GCAGGGTAGATCCTAG-1
GRCh38,GCAGGGTAGCAGGGGT-1
GRCh38,GCAGTAACAAGTACGA-1
GRCh38,GCAGTAACACCATAAC-1
GRCh38,GCAGTAACAGGCGTTC-1
GRCh38,GCAGTACTCATTCGCT-1
GRCh38,GCAGTGAAGGGTGAAT-1
GRCh38,GCAGTGTTCATCCCCA-1
GRCh38,GCATACCAGAGCATGG-1
GRCh38,GCATACCAGCGATTGC-1
GRCh38,GCATACCAGCGCCCAA-1
GRCh38,GCATACCAGCGTTAGC-1
GRCh38,GCATAGCTCCTGTCGC-1
GRCh38,GCATAGCTCCTGTTAC-1
GRCh38,GCATAGGAGGCAATTT-1
GRCh38,GCATAGGAGGGAATTA-1
GRCh38,GCATAGGAGGGAGGTC-1
GRCh38,GCATAGTGTCATAGTA-1
GRCh38,GCATCAATCACGTAAT-1
GRCh38,GCATCAGGTAATTGTG-1
GRCh38,GCATCAGGTCCTTTGA-1
GRCh38,GCATCATCAACCATCG-1
GRCh38,GCATCATCACATCAGT-1
GRCh38,GCATCATCAGCACCTA-1
GRCh38,GCATCCACAAATCTCA-1
GRCh38,GCATCCACAACCTACG-1
GRCh38,GCATCCACAAGCACAA-1
GRCh38,GCATCCACAGCGCACT-1
GRCh38,GCATCGCCACATCACG-1
GRCh38,GCATCGGTCCCTCGGT-1
GRCh38,GCATCGGTCCTATCCG-1
GRCh38,GCATCGTAGCGGGGAT-1
GRCh38,GCATGAACAAGTCGAA-1
GRCh38,GCATGAACACACTGCA-1
GRCh38,GCATGCCCACCAAGGG-1
GRCh38,GCATGCCCACCACTAG-1
GRCh38,GCATGGCGTGCTGGGT-1
GRCh38,GCATGGCGTGGCGGTT-1
GRCh38,GCATGGCGTGTGTCTC-1
GRCh38,GCATTACCAAGGGTCG-1
GRCh38,GCATTACCAGTACATC-1
GRCh38,GCATTAGTCAGGCTTA-1
GRCh38,GCATTAGTCAGTACGC-1
GRCh38,GCATTCCGTCAGCTCT-1
GRCh38,GCATTCCGTGGGTTGC-1
GRCh38,GCATTCGCAGGTACAA-1
GRCh38,GCATTGGGTCGTGGTA-1
GRCh38,GCATTTACACTGGCAC-1
GRCh38,GCATTTACAGCGGTCT-1
GRCh38,GCCAAATGTCATGGAT-1
GRCh38,GCCAACCCAGGTTCGC-1
GRCh38,GCCAAGGCACGCGTAC-1
GRCh38,GCCAATATCAACTGCA-1
GRCh38,GCCAATATCCCATTAC-1
GRCh38,GCCAATTCAATACGCT-1
GRCh38,GCCACATAGCACTTAG-1
GRCh38,GCCACTACAGTCACGC-1
GRCh38,GCCACTTGTAGGAATG-1
GRCh38,GCCACTTGTGTCTTAT-1
GRCh38,GCCATAATCATGATGT-1
GRCh38,GCCATAATCCCAGAAC-1
GRCh38,GCCATACAGACGACGA-1
GRCh38,GCCATATCAAAACGGC-1
GRCh38,GCCATATCACCTTCTA-1
GRCh38,GCCATCGAGATCGTTG-1
GRCh38,GCCATGTAGATGGGCA-1
GRCh38,GCCATGTAGCTAACAT-1
GRCh38,GCCATTAAGACAGACG-1
GRCh38,GCCATTAAGCCGTGAT-1
GRCh38,GCCATTCGTAGTTAGC-1
GRCh38,GCCCAACCAATCACTA-1
GRCh38,GCCCAACCACTGACCA-1
GRCh38,GCCCAATAGCATTTCC-1
GRCh38,GCCCACAAGACAACGG-1
GRCh38,GCCCACAAGGGAGTTG-1
GRCh38,GCCCATACAAGCGAGT-1
GRCh38,GCCCATTGTAGCAGTT-1
GRCh38,GCCCATTGTGCTAGGC-1
GRCh38,GCCCCAAAGAGACTTT-1
GRCh38,GCCCCATTCATCCCCA-1
GRCh38,GCCCGTCGTCAGTGCA-1
GRCh38,GCCCGTCGTCGAAGCC-1
GRCh38,GCCCGTTTCGCCTAAA-1
GRCh38,GCCCTAACAAATTAAG-1
GRCh38,GCCCTAACAATTAAGA-1
GRCh38,GCCCTAACACTAAATT-1
GRCh38,GCCCTACTCCATATCC-1
GRCh38,GCCCTACTCCCACCTA-1
GRCh38,GCCCTACTCCTAAGCA-1
GRCh38,GCCCTGAAGCGCTTGG-1
GRCh38,GCCCTGAAGGGTTCGT-1
GRCh38,GCCCTTATCAAGCATT-1
GRCh38,GCCCTTATCATGGCTA-1
GRCh38,GCCTAAATCCCTGACC-1
GRCh38,GCCTCTATCACTCGCC-1
GRCh38,GCCTCTATCGTGTATG-1
GRCh38,GCCTCTGGTCGAGGGA-1
GRCh38,GCCTGCCGTAAAGCGA-1
GRCh38,GCCTGCCGTCGTACCT-1
GRCh38,GCCTGCTTCGCGGATT-1
GRCh38,GCCTTCGGTGGGAGTG-1
GRCh38,GCCTTCGGTGTCTGAG-1
GRCh38,GCCTTGCTCCATCACT-1
GRCh38,GCCTTGTGTACAGCGC-1
GRCh38,GCCTTGTGTAGTCGCA-1
GRCh38,GCCTTGTGTCGTAATA-1
GRCh38,GCCTTGTGTGCGGAGA-1
GRCh38,GCCTTGTGTGTTACTT-1
GRCh38,GCCTTGTGTGTTCGTC-1
GRCh38,GCCTTTCCAGGGATTA-1
GRCh38,GCGAAACCAGCAACTT-1
GRCh38,GCGAAACCAGCTTAGT-1
GRCh38,GCGAAACCAGGTAAAT-1
GRCh38,GCGAAAGTCCACTACT-1
GRCh38,GCGAAGGGTAGGCATT-1
GRCh38,GCGAATGAGGCGGAGT-1
GRCh38,GCGAATGAGGCTTAAT-1
GRCh38,GCGAATTGTGTTAGCG-1
GRCh38,GCGACAGCACGATTTA-1
GRCh38,GCGACATTCACGAGCT-1
GRCh38,GCGACCTCAATCCCGA-1
GRCh38,GCGACGACAACTCCGA-1
GRCh38,GCGACGACAACTGCCA-1
GRCh38,GCGACGACAGGAAAGG-1
GRCh38,GCGAGGAGTCATCATT-1
GRCh38,GCGAGTTTCCGGGTCA-1
GRCh38,GCGAGTTTCCTAATGG-1
GRCh38,GCGATAGAGAAGGTTA-1
GRCh38,GCGATAGAGACAGGAT-1
GRCh38,GCGATAGAGCAATATC-1
GRCh38,GCGATGTTCGCAATAT-1
GRCh38,GCGCAATTCCAAGTGC-1
GRCh38,GCGCAATTCGGCCAAT-1
GRCh38,GCGCACTCACTGCGTA-1
GRCh38,GCGCACTCAGCCTTTC-1
GRCh38,GCGCACTCAGGAGTTA-1
GRCh38,GCGCATCCAACACTTA-1
GRCh38,GCGCATCCAATCTTAG-1
GRCh38,GCGCATGTCCCTGACC-1
GRCh38,GCGCATTAGACACGGA-1
GRCh38,GCGCCTCGTAAGCATC-1
GRCh38,GCGCGAACAAAGTTCC-1
GRCh38,GCGCTACCAATCAAGG-1
GRCh38,GCGCTCAAGCACCGCA-1
GRCh38,GCGCTCAAGCTGCAAC-1
GRCh38,GCGCTGGGTAACTCCC-1
GRCh38,GCGCTGGGTACGTCAG-1
GRCh38,GCGCTGGGTGGTAAAG-1
GRCh38,GCGCTGGGTGTAGTGT-1
GRCh38,GCGCTTACACGTCGGT-1
GRCh38,GCGGAAATCATGGACC-1
GRCh38,GCGGAAATCCATAACG-1
GRCh38,GCGGAAATCGGGGTAA-1
GRCh38,GCGGACACAATTCGTA-1
GRCh38,GCGGACACACTCTAGG-1
GRCh38,GCGGAGTAGAATGCCC-1
GRCh38,GCGGAGTAGCTCAGTA-1
GRCh38,GCGGCTATCCATTCAC-1
GRCh38,GCGGGATAGCGCCTGA-1
GRCh38,GCGGGATAGGGACGGT-1
GRCh38,GCGGGTACAAAACCGA-1
GRCh38,GCGGGTACAATCTTAG-1
GRCh38,GCGGGTACAGTCTTCC-1
GRCh38,GCGGGTTGTCGCGTAA-1
GRCh38,GCGGGTTGTGGGACCT-1
GRCh38,GCGGTAGCACCAGCTA-1
GRCh38,GCGGTATTCCAAATGT-1
GRCh38,GCGGTATTCCGACCCT-1
GRCh38,GCGGTATTCGTAACGC-1
GRCh38,GCGGTCTCACAAGGGT-1
GRCh38,GCGGTCTCACAGGACG-1
GRCh38,GCGGTTGTCGCTCTCA-1
GRCh38,GCGGTTGTCGTCATCT-1
GRCh38,GCGGTTTAGACAATAG-1
GRCh38,GCGGTTTAGCCCACGA-1
GRCh38,GCGGTTTAGCCGTAAC-1
GRCh38,GCGGTTTAGGGGCGAT-1
GRCh38,GCGTAACTCCCCTAGC-1
GRCh38,GCGTAACTCCTGTCAT-1
GRCh38,GCGTAACTCGCATAGC-1
GRCh38,GCGTAGAAGACTCGAC-1
GRCh38,GCGTAGAAGCAGCGAA-1
GRCh38,GCGTAGAAGGCATCAC-1
GRCh38,GCGTAGCGTGCATTCC-1
GRCh38,GCGTAGCGTGGGTCTA-1
GRCh38,GCGTAGGCAACGCACC-1
GRCh38,GCGTATATCCACCCAC-1
GRCh38,GCGTATGGTCAGCAAT-1
GRCh38,GCGTATGGTGCATAGT-1
GRCh38,GCGTATGGTGCCAAAT-1
GRCh38,GCGTATGGTGGAATGA-1
GRCh38,GCGTATTCACAGCGTC-1
GRCh38,GCGTCAGTCCTACTAC-1
GRCh38,GCGTCATAGAGGGTGC-1
GRCh38,GCGTCATAGGTCTATG-1
GRCh38,GCGTCCAAGAGTCTTG-1
GRCh38,GCGTCCAAGCACAGCT-1
GRCh38,GCGTCGATCCCTCGGT-1
GRCh38,GCGTCGATCCTCCGAC-1
GRCh38,GCGTCGATCGTAGTGC-1
GRCh38,GCGTCTACAAGACAGC-1
GRCh38,GCGTCTACACCTCAGA-1
GRCh38,GCGTCTTGTCCTGCGC-1
GRCh38,GCGTGAGCACTTCTCA-1
GRCh38,GCGTGCATCCCGTAAA-1
GRCh38,GCGTGCTCAATGGGAC-1
GRCh38,GCGTGCTCACTCCTAC-1
GRCh38,GCGTGTCCAATTGCTA-1
GRCh38,GCGTGTCCAGTACGGG-1
GRCh38,GCGTGTTAGGCAAAGT-1
GRCh38,GCGTTAATCGGATGTC-1
GRCh38,GCGTTAATCGTATAAC-1
GRCh38,GCGTTACAGCAGGAGC-1
GRCh38,GCGTTAGGTCTCTCGG-1
GRCh38,GCGTTTAAGAAGCGTG-1
GRCh38,GCGTTTAAGATCCGTA-1
GRCh38,GCGTTTAAGCATGGTC-1
GRCh38,GCGTTTCGTACTTGCC-1
GRCh38,GCGTTTCGTCCTTTAG-1
GRCh38,GCTAAATTCGCTTATC-1
GRCh38,GCTAACATCCATCTAC-1
GRCh38,GCTAACTCAACCTCAG-1
GRCh38,GCTAACTCAGCCATAT-1
GRCh38,GCTAACTCAGTAGTAG-1
GRCh38,GCTAAGACAATTGTAT-1
GRCh38,GCTAAGGAGACATAAG-1
GRCh38,GCTAAGGAGCACTATG-1
GRCh38,GCTAAGGAGGGGATAT-1
GRCh38,GCTAAGTGTCACCGTT-1
GRCh38,GCTAATCCAATTACGC-1
GRCh38,GCTAATCCACAATGTC-1
GRCh38,GCTAATCCACAGCGGA-1
GRCh38,GCTAATCCACATGGTT-1
GRCh38,GCTAATCCACCTATAA-1
GRCh38,GCTAATCCACTGTACG-1
GRCh38,GCTAATCCAGTGTTAC-1
GRCh38,GCTAATGTCCGCCTAC-1
GRCh38,GCTAATGTCGGTACGT-1
GRCh38,GCTACAGGTCTAATCT-1
GRCh38,GCTACATCACCACGGT-1
GRCh38,GCTACCGAGACCTTTC-1
GRCh38,GCTACCTGTATTGCCC-1
GRCh38,GCTAGAACAAAACCTC-1
GRCh38,GCTAGAACAGCTACCA-1
GRCh38,GCTAGAACAGTGGGAT-1
GRCh38,GCTAGAGAGGCGTCCA-1
GRCh38,GCTAGAGAGGTAGGTG-1
GRCh38,GCTAGATGTACCTTAT-1
GRCh38,GCTAGATGTCGTGCCC-1
GRCh38,GCTAGATGTGCGCTCC-1
GRCh38,GCTAGGCGTGGGGAAT-1
GRCh38,GCTAGTGGTCAATTTC-1
GRCh38,GCTAGTGGTCATAGCG-1
GRCh38,GCTAGTGGTCTGGTAG-1
GRCh38,GCTAGTGGTCTTGTAT-1
GRCh38,GCTATAAGTACGGTTG-1
GRCh38,GCTATAAGTACTTCGC-1
GRCh38,GCTATAAGTAGACGGG-1
GRCh38,GCTATAAGTATTGTCT-1
GRCh38,GCTATAAGTGTGTCAG-1
GRCh38,GCTATAGTCACATAAC-1
GRCh38,GCTATAGTCCTGCGTC-1
GRCh38,GCTATCCGTCAATTCT-1
GRCh38,GCTATCCGTCCGCCTA-1
GRCh38,GCTATCCGTCTAGTAA-1
GRCh38,GCTATCGCAAATATCT-1
GRCh38,GCTATCGCACGCACTA-1
GRCh38,GCTATCGCAGCACGGA-1
GRCh38,GCTATCTTCGTGGCAT-1
GRCh38,GCTATGCAGGCACAAG-1
GRCh38,GCTATGGGTGTTCAGG-1
GRCh38,GCTATTACAACGTACT-1
GRCh38,GCTATTACACGATGGG-1
GRCh38,GCTATTGAGACAATAG-1
GRCh38,GCTATTGAGAGCGAAT-1
GRCh38,GCTATTGAGCCATACA-1
GRCh38,GCTCAACAGAAGGCGC-1
GRCh38,GCTCAATCACTAAGGA-1
GRCh38,GCTCACGAGATCCAAT-1
GRCh38,GCTCAGTAGGCAGGGT-1
GRCh38,GCTCATAAGCTGCGAT-1
GRCh38,GCTCATTTCAAGCCGT-1
GRCh38,GCTCATTTCACTTACC-1
GRCh38,GCTCATTTCAGACACC-1
GRCh38,GCTCATTTCCAAATGT-1
GRCh38,GCTCCAACAAAGGAGG-1
GRCh38,GCTCCGCGTCGCATCT-1
GRCh38,GCTCCGCGTGTCTAGG-1
GRCh38,GCTCGCTTCCAATGTG-1
GRCh38,GCTCGGGGTAAGCCCA-1
GRCh38,GCTCGGTCAATAAGAC-1
GRCh38,GCTCGTGAGCATACAT-1
GRCh38,GCTCGTTGTAACCGCA-1
GRCh38,GCTCGTTGTGTAGTGT-1
GRCh38,GCTCTAGCAAACGCAA-1
GRCh38,GCTCTATTCACGATAT-1
GRCh38,GCTCTCATCCCGACTC-1
GRCh38,GCTCTGTGTATGCCGA-1
GRCh38,GCTCTGTGTGGAGTGG-1
GRCh38,GCTCTTAGTCGGCTGG-1
GRCh38,GCTGACCCAAAGGGGA-1
GRCh38,GCTGACCCAGCGTAGG-1
GRCh38,GCTGACCCAGGGCAAT-1
GRCh38,GCTGAGTTCAGGAAAC-1
GRCh38,GCTGCCCGTCGGGTTA-1
GRCh38,GCTGCCCGTGCTGTCT-1
GRCh38,GCTGGAAAGCACGGAA-1
GRCh38,GCTGGAAAGGTCCAAC-1
GRCh38,GCTGGCATCAATCGTG-1
GRCh38,GCTGGGTGTCAACCTC-1
GRCh38,GCTGGGTGTCCTACGT-1
GRCh38,GCTGGGTGTGGATAAG-1
GRCh38,GCTGGTTAGAAAGTCA-1
GRCh38,GCTGGTTAGCCCTTTG-1
GRCh38,GCTGTAATCCATTCGT-1
GRCh38,GCTGTAATCCCAGCTC-1
GRCh38,GCTGTAATCCCTGACC-1
GRCh38,GCTGTAATCGCGAAAG-1
GRCh38,GCTGTATCAATCGGCC-1
GRCh38,GCTGTCGAGATACCAT-1
GRCh38,GCTGTCGAGCCGCAAT-1
GRCh38,GCTGTCTGTGGTTCAG-1
GRCh38,GCTGTGGTCGTCAACA-1
GRCh38,GCTTAATAGGGGAATT-1
GRCh38,GCTTACAAGCAAGCGA-1
GRCh38,GCTTACGCACATCATA-1
GRCh38,GCTTACGCACCGCAGT-1
GRCh38,GCTTACTTCGTATTAA-1
GRCh38,GCTTAGGGTAAAGTGG-1
GRCh38,GCTTATACAGGAGTCG-1
GRCh38,GCTTATCTCGCGTTAA-1
GRCh38,GCTTCAAAGGCATCCG-1
GRCh38,GCTTCATTCCGGCGTA-1
GRCh38,GCTTCCATCATTAAGC-1
GRCh38,GCTTCCATCCGGCTTC-1
GRCh38,GCTTCCATCCTCTAGT-1
GRCh38,GCTTCCCAGCAAGGCA-1
GRCh38,GCTTCCCAGCTAAGGG-1
GRCh38,GCTTCCGGTACGGTTG-1
GRCh38,GCTTCGACAGTATACC-1
GRCh38,GCTTCGACAGTTCGCA-1
GRCh38,GCTTCGGAGAGCGACA-1
GRCh38,GCTTCGGAGATCTTCC-1
GRCh38,GCTTCGGAGCGTGGAA-1
GRCh38,GCTTCTAGTCTTATAC-1
GRCh38,GCTTCTGTCAGCGCAT-1
GRCh38,GCTTCTGTCCTGCAAA-1
GRCh38,GCTTGGAGTGGGAGCA-1
GRCh38,GCTTGTAAGGCTAACC-1
GRCh38,GCTTGTCGTAGTCTCC-1
GRCh38,GCTTGTCGTCCAACTC-1
GRCh38,GCTTGTCGTGGATCGC-1
GRCh38,GCTTTAACAATGGCCC-1
GRCh38,GCTTTCAGTAGGCCCG-1
GRCh38,GCTTTCAGTCCAGAAT-1
GRCh38,GCTTTCAGTCCTGTAC-1
GRCh38,GCTTTCAGTCGCTGCC-1
GRCh38,GCTTTCAGTCTGGTGA-1
GRCh38,GCTTTCGTCAAATCCG-1
GRCh38,GCTTTCGTCCGGACCA-1
GRCh38,GCTTTGAAGAAAGCTA-1
GRCh38,GGAAACGTCGTCTCGC-1
GRCh38,GGAAACTAGGGATTAA-1
GRCh38,GGAAACTAGGGTTCCG-1
GRCh38,GGAAAGGCAAATGGCA-1
GRCh38,GGAAAGGCACCCTTTA-1
GRCh38,GGAAATCAGAACTAGA-1
GRCh38,GGAACCGCAAGTACGA-1
GRCh38,GGAACGGGTAGTCGAT-1
GRCh38,GGAACTACACCACACA-1
GRCh38,GGAACTTGTCGTGTTC-1
GRCh38,GGAAGCATCCAGTCCC-1
GRCh38,GGAAGCCAGAGGATTA-1
GRCh38,GGAAGCCAGGTATCCA-1
GRCh38,GGAAGTAGTCGTCTTA-1
GRCh38,GGAAGTAGTGTCGCTT-1
GRCh38,GGAATCGAGGGTAAGT-1
GRCh38,GGAATGAGTAAGTCTA-1
GRCh38,GGAATGAGTGTGCCGG-1
GRCh38,GGAATGGTCGGTTCAA-1
GRCh38,GGAATGGTCGTAATTA-1
GRCh38,GGAATTCGTCGATGAT-1
GRCh38,GGAATTCGTGGAGCGA-1
GRCh38,GGACAACCACTTCGTC-1
GRCh38,GGACATACAAGTGGCG-1
GRCh38,GGACATCTCCAAACCA-1
GRCh38,GGACATGAGCTGATTG-1
GRCh38,GGACATGAGGGTAAGT-1
GRCh38,GGACCCATCAGCACGT-1
GRCh38,GGACCCATCGGAGGTA-1
GRCh38,GGACCGACACTATGAC-1
GRCh38,GGACCGTGTGGAACTT-1
GRCh38,GGACCTCCAATCGCAT-1
GRCh38,GGACCTCCAGTATTAT-1
GRCh38,GGACGACAGAAGGTTA-1
GRCh38,GGACGCACAATTATCG-1
GRCh38,GGACGGAGTATTGGGT-1
GRCh38,GGACGGAGTCAGCCTT-1
GRCh38,GGACGGAGTCGTGTCT-1
GRCh38,GGACGGTAGAGAGTTA-1
GRCh38,GGACGGTAGCCTCGTC-1
GRCh38,GGACGTAAGAAGGCGC-1
GRCh38,GGACTAACAACGTCGC-1
GRCh38,GGACTAACACCGCTAA-1
GRCh38,GGACTACTCCTGTTAC-1
GRCh38,GGACTGCGTGCTTTCA-1
GRCh38,GGACTTATCAACACGC-1
GRCh38,GGACTTATCACGTATG-1
GRCh38,GGAGAGGAGATATACC-1
GRCh38,GGAGAGGAGCTAATAC-1
GRCh38,GGAGCAGGTCGACGTA-1
GRCh38,GGAGCCTGTGCGAGGA-1
GRCh38,GGAGCGAGTGCGTCTT-1
GRCh38,GGAGCGTAGAGAGGTT-1
GRCh38,GGAGCGTAGAGTGGCA-1
GRCh38,GGAGCGTAGATCGGAG-1
GRCh38,GGAGCGTAGGTCTAGC-1
GRCh38,GGAGCTAAGATGACGG-1
GRCh38,GGAGCTAAGCTAGTGC-1
GRCh38,GGAGCTAAGGGACATG-1
GRCh38,GGAGCTCGTCTAAGCG-1
GRCh38,GGAGCTTTCCCACGCT-1
GRCh38,GGAGGTATCGCAATTG-1
GRCh38,GGAGTAAGTAAACGGA-1
GRCh38,GGAGTAAGTCGATGAT-1
GRCh38,GGAGTAAGTCTTGATT-1
GRCh38,GGAGTAAGTGGGTAGG-1
GRCh38,GGAGTATAGACCCTTT-1
GRCh38,GGAGTATAGCCGTGAT-1
GRCh38,GGAGTATAGGTACCCG-1
GRCh38,GGAGTCGCAATTACGC-1
GRCh38,GGAGTCTTCAATATGC-1
GRCh38,GGAGTCTTCCCTAATC-1
GRCh38,GGAGTGGGTAGAGAAT-1
GRCh38,GGAGTGGGTGTTGTCC-1
GRCh38,GGATAAGGTAGAATGG-1
GRCh38,GGATAAGGTCAAAGGA-1
GRCh38,GGATAAGGTGTCTTCA-1
GRCh38,GGATACCTCAGTAAAG-1
GRCh38,GGATAGCCAAGTCTCG-1
GRCh38,GGATAGTAGCGAATGG-1
GRCh38,GGATATCGTCGTATAA-1
GRCh38,GGATATCGTGGACGGA-1
GRCh38,GGATCAACAATGCTAC-1
GRCh38,GGATCAACACAACTAC-1
GRCh38,GGATCACTCCCCATTG-1
GRCh38,GGATCCGTCCGTAACA-1
GRCh38,GGATCGCGTACCTAGG-1
GRCh38,GGATCGCGTACGAAAG-1
GRCh38,GGATCGCGTCCCTAGT-1
GRCh38,GGATCGCGTCTATGTT-1
GRCh38,GGATCGCGTGGCACGT-1
GRCh38,GGATGACCAAACTACC-1
GRCh38,GGATGATAGAGGGCGT-1
GRCh38,GGATGGGGTACCCATC-1
GRCh38,GGATGGGGTGGCGCAT-1
GRCh38,GGATGGTCACGTCGTA-1
GRCh38,GGATGTCTCCTCGAAA-1
GRCh38,GGATGTCTCGTTAATA-1
GRCh38,GGATGTTGTGCAATGT-1
GRCh38,GGATTAAAGACTACAT-1
GRCh38,GGATTAAAGAGCCGAA-1
GRCh38,GGATTGTGTAAGCGTT-1
GRCh38,GGATTGTGTCCGATAG-1
GRCh38,GGCAACTTCGTCTCAT-1
GRCh38,GGCAAGGGTGTTCTAT-1
GRCh38,GGCAATACAATGCTCG-1
GRCh38,GGCAATACACAGCATT-1
GRCh38,GGCAATCTCAAGCCTA-1
GRCh38,GGCAATTGTAGTATGC-1
GRCh38,GGCAATTGTCCCTGAT-1
GRCh38,GGCAATTGTGGCCCCT-1
GRCh38,GGCAATTGTGGTGATT-1
GRCh38,GGCACGTGTCAGCGTA-1
GRCh38,GGCACGTGTCGTATAA-1
GRCh38,GGCATATGTCATTCCA-1
GRCh38,GGCATGAAGATCCCAA-1
GRCh38,GGCATGAAGCATATCG-1
GRCh38,GGCATGAAGCATCTAG-1
GRCh38,GGCATTGGTATCCCCG-1
GRCh38,GGCATTGGTCGGCTGG-1
GRCh38,GGCATTGGTCTAGCAG-1
GRCh38,GGCATTTCACTCACCT-1
GRCh38,GGCATTTCAGCGGACA-1
GRCh38,GGCATTTCAGTCTATA-1
GRCh38,GGCCAATTCCGTTACT-1
GRCh38,GGCCATTAGAATACAG-1
GRCh38,GGCCATTAGCGTTTAG-1
GRCh38,GGCCATTAGCTTGTCT-1
GRCh38,GGCCATTAGGTAGGGC-1
GRCh38,GGCCCCTGTACTCTAT-1
GRCh38,GGCCCCTGTAGGTTTA-1
GRCh38,GGCCCCTGTATGAGTC-1
GRCh38,GGCCCCTGTATGCCAG-1
GRCh38,GGCCCCTGTCGCTGGG-1
GRCh38,GGCCTCTTCAGTTTAA-1
GRCh38,GGCCTCTTCATGTTAA-1
GRCh38,GGCCTCTTCCCATCGC-1
GRCh38,GGCCTGGGTAAGGAAT-1
GRCh38,GGCCTGGGTGGCGCTG-1
GRCh38,GGCCTTACAGTCATCG-1
GRCh38,GGCGAACAGCTCGAAC-1
GRCh38,GGCGAACAGGGGTTAG-1
GRCh38,GGCGAAGGTCCAACAG-1
GRCh38,GGCGAAGGTCCAGGGT-1
GRCh38,GGCGAAGGTCCATTCA-1
GRCh38,GGCGAAGGTCGACTCT-1
GRCh38,GGCGAGTAGAACACCC-1
GRCh38,GGCGAGTAGCACCACG-1
GRCh38,GGCGAGTAGCCGCTGA-1
GRCh38,GGCGATAAGCAAGGCA-1
GRCh38,GGCGCATGTAGTTATG-1
GRCh38,GGCGCATGTCATACGG-1
GRCh38,GGCGCATGTGCTTGCT-1
GRCh38,GGCGGTACAGGAGTTA-1
GRCh38,GGCGGTTGTCCTTTAG-1
GRCh38,GGCGGTTGTCGCTCTG-1
GRCh38,GGCGGTTGTCTGTTAT-1
GRCh38,GGCGTAAAGACACATT-1
GRCh38,GGCGTAAAGGCATTCA-1
GRCh38,GGCGTAGCACGGCTTA-1
GRCh38,GGCGTTAGTACATTAG-1
GRCh38,GGCTAATGTGGTGTCA-1
GRCh38,GGCTAGAAGCACAGCT-1
GRCh38,GGCTAGCGTCGGATAT-1
GRCh38,GGCTATATCCCAACCC-1
GRCh38,GGCTATGGTACAGGTT-1
GRCh38,GGCTATGGTCATTCTG-1
GRCh38,GGCTATGGTGGAGTGG-1
GRCh38,GGCTCATAGACATGCC-1
GRCh38,GGCTCATAGCAAGTTT-1
GRCh38,GGCTCTACACATCACG-1
GRCh38,GGCTCTACACGCACTA-1
GRCh38,GGCTCTCTCACGATAT-1
GRCh38,GGCTCTCTCATCGCGG-1
GRCh38,GGCTGTAGTACCAGAT-1
GRCh38,GGCTGTAGTGGCATTG-1
GRCh38,GGCTTAATCAAGCTCA-1
GRCh38,GGCTTAATCATCGACA-1
GRCh38,GGCTTAGGTAAGCAAG-1
GRCh38,GGCTTAGGTACCTTTG-1
GRCh38,GGCTTAGGTCCAGTGA-1
GRCh38,GGCTTAGGTCTGTCTA-1
GRCh38,GGCTTCCTCCCTATAC-1
GRCh38,GGCTTCGAGGCCCGTA-1
GRCh38,GGCTTCGAGGGTTAGG-1
GRCh38,GGCTTCTGTCGAGTGC-1
GRCh38,GGCTTCTGTGGTGATT-1
GRCh38,GGCTTGAGTAATTCCT-1
GRCh38,GGCTTGAGTACGTTGG-1
GRCh38,GGCTTGAGTGGTCAGC-1
GRCh38,GGCTTGAGTGGTTATA-1
GRCh38,GGCTTGAGTGTATAGC-1
GRCh38,GGCTTGTAGCACCCGA-1
GRCh38,GGCTTTCGTACCATGG-1
GRCh38,GGCTTTCGTATACTTC-1
GRCh38,GGCTTTCGTCCTCTGG-1
GRCh38,GGCTTTCGTGTGGTCA-1
GRCh38,GGGACATCAACAATTT-1
GRCh38,GGGACCTGTGGTCAGC-1
GRCh38,GGGACGTAGCGCTGCA-1
GRCh38,GGGACGTAGCTACAGC-1
GRCh38,GGGACTCGTACCAGAT-1
GRCh38,GGGACTCGTACTACCC-1
GRCh38,GGGACTCGTACTTGCC-1
GRCh38,GGGACTCGTGCTAAGT-1
GRCh38,GGGAGATGTCCCTGAT-1
GRCh38,GGGAGATGTCCTGTAC-1
GRCh38,GGGAGATGTCGACGTA-1
GRCh38,GGGAGCAGTACATTAG-1
GRCh38,GGGAGCAGTCGGGTAC-1
GRCh38,GGGAGCTAGAAGGCAT-1
GRCh38,GGGAGCTAGATCCGTA-1
GRCh38,GGGAGTGGTACAAGAG-1
GRCh38,GGGAGTGGTACTCATT-1
GRCh38,GGGAGTGGTGGAATGA-1
GRCh38,GGGATAAGTAAGGCCC-1
GRCh38,GGGATAAGTACGTGAT-1
GRCh38,GGGATAAGTCCAGTGA-1
GRCh38,GGGATATAGAAGCTTT-1
GRCh38,GGGATCAAGGCCCAAT-1
GRCh38,GGGATGGGTAATGTCA-1
GRCh38,GGGATGGGTCTGTATT-1
GRCh38,GGGATGGGTGGTGGAG-1
GRCh38,GGGCAAATCACAACCA-1
GRCh38,GGGCAATCAAGTATAA-1
GRCh38,GGGCATAAGAATGGGT-1
GRCh38,GGGCATTTCGCAGTAC-1
GRCh38,GGGCCTATCGGTTTAG-1
GRCh38,GGGCGATAGGTGCGTT-1
GRCh38,GGGCGTACACCTTCCG-1
GRCh38,GGGCGTTGTCCCATGT-1
GRCh38,GGGCGTTGTCTATTCG-1
GRCh38,GGGCGTTGTGCTCGGG-1
GRCh38,GGGCTAAAGACGCCCA-1
GRCh38,GGGCTAAAGACTGCAC-1
GRCh38,GGGCTAAAGGTTCATG-1
GRCh38,GGGCTATTCGCGGATT-1
GRCh38,GGGCTCTCAAAGCGTA-1
GRCh38,GGGCTCTCAAAGTATA-1
GRCh38,GGGCTCTCAATGCCCA-1
GRCh38,GGGCTCTCACCCTGAA-1
GRCh38,GGGCTTCCAGCTACGC-1
GRCh38,GGGGAATGTGGAACGG-1
GRCh38,GGGGCTTGTATCGTGG-1
GRCh38,GGGGCTTGTGGAATTC-1
GRCh38,GGGGTAATCAGAATAG-1
GRCh38,GGGGTACAGGCGAAGC-1
GRCh38,GGGGTAGGTATACTAG-1
GRCh38,GGGGTAGGTCGGCTGG-1
GRCh38,GGGGTAGGTGTGCGGT-1
GRCh38,GGGGTCTGTGCCTCTG-1
GRCh38,GGGGTTCGTATCATCT-1
GRCh38,GGGGTTCGTGGTGATT-1
GRCh38,GGGTAATAGCGTTATG-1
GRCh38,GGGTATTGTAACTGCG-1
GRCh38,GGGTATTGTCACGGGT-1
GRCh38,GGGTCATTCACAATTA-1
GRCh38,GGGTCATTCAGCCCTC-1
GRCh38,GGGTCATTCCAATCGA-1
GRCh38,GGGTCATTCCTGGTCC-1
GRCh38,GGGTCCATCGGTATGC-1
GRCh38,GGGTCTAGTAAGCCGC-1
GRCh38,GGGTCTCCACATTCCC-1
GRCh38,GGGTGAGGTCAAGTTA-1
GRCh38,GGGTGAGGTCAATTAG-1
GRCh38,GGGTGCTGTGTCCCTG-1
GRCh38,GGGTGTCGTACAAGTC-1
GRCh38,GGGTTAACAAGCGCTC-1
GRCh38,GGGTTAGAGCACGGAA-1
GRCh38,GGGTTAGAGCCTGGCA-1
GRCh38,GGGTTATGTCTTGTAT-1
GRCh38,GGGTTCAGTAATCTAG-1
GRCh38,GGGTTCAGTCGACTCT-1
GRCh38,GGGTTCCCAAACATAA-1
GRCh38,GGGTTCGTCGGAGCTT-1
GRCh38,GGGTTCGTCGGCGTCA-1
GRCh38,GGGTTGAAGGCTCTAA-1
GRCh38,GGGTTGAAGGCTGTCG-1
GRCh38,GGGTTGCGTACTGCGA-1
GRCh38,GGGTTGCGTCGTCTGT-1
GRCh38,GGGTTGCGTGGTTTCC-1
GRCh38,GGGTTTCAGACAATTC-1
GRCh38,GGGTTTCAGATGTAGA-1
GRCh38,GGGTTTGGTCTCGATC-1
GRCh38,GGTAAAGGTCATTGGG-1
GRCh38,GGTAACACACAGCGAG-1
GRCh38,GGTAACACAGCACACC-1
GRCh38,GGTAAGCCACGTCGGT-1
GRCh38,GGTAAGTAGATCCACA-1
GRCh38,GGTAAGTAGATTGGTT-1
GRCh38,GGTAATCGTAAACGGA-1
GRCh38,GGTAATCGTCAGTTCC-1
GRCh38,GGTACAGAGGGAATAC-1
GRCh38,GGTACGAAGCGGTTTA-1
GRCh38,GGTACTATCAACTCTC-1
GRCh38,GGTACTATCGCTTTAC-1
GRCh38,GGTACTGGTAGCGCGT-1
GRCh38,GGTAGCAAGCTCCGGA-1
GRCh38,GGTAGCAAGGCCATGT-1
GRCh38,GGTAGCCGTAACGCAT-1
GRCh38,GGTAGCCGTAGGGCGA-1
GRCh38,GGTAGCCGTCAATCCC-1
GRCh38,GGTAGCCGTCACGGCG-1
GRCh38,GGTAGCCGTCTGTACC-1
GRCh38,GGTAGCGCACAGCAGG-1
GRCh38,GGTAGCTTCATGGCAC-1
GRCh38,GGTAGGCAGAAGCGGC-1
GRCh38,GGTAGGCAGCATGTTG-1
GRCh38,GGTAGGCAGCGCTTGG-1
GRCh38,GGTAGGGGTCGTAGGC-1
GRCh38,GGTAGTGAGCACCACG-1
GRCh38,GGTAGTTGTCTATTGT-1
GRCh38,GGTATATTCACATTAA-1
GRCh38,GGTATATTCAGCATTG-1
GRCh38,GGTATATTCGCTATAG-1
GRCh38,GGTATCTCAATGCAGA-1
GRCh38,GGTATGCTCACCTTAC-1
GRCh38,GGTATGCTCAGGCTTA-1
GRCh38,GGTATGTGTCCTGATC-1
GRCh38,GGTATTCCACCGAATT-1
GRCh38,GGTATTGTCCCGCTTA-1
GRCh38,GGTATTGTCCCTCTAG-1
GRCh38,GGTATTGTCCTGGTAA-1
GRCh38,GGTCAACTCAATCCCT-1
GRCh38,GGTCAATGTGTGCGCG-1
GRCh38,GGTCAGTTCAGACACC-1
GRCh38,GGTCCCCGTATTGGTA-1
GRCh38,GGTCCCCGTCACCCAT-1
GRCh38,GGTCCCCGTGCATAGT-1
GRCh38,GGTCCCTTCAGTTTCC-1
GRCh38,GGTCCCTTCCCAATTC-1
GRCh38,GGTCCCTTCCCTTCTC-1
GRCh38,GGTCGCATCCAATCGA-1
GRCh38,GGTCGTTAGACAACCC-1
GRCh38,GGTCTAGGTCGTTAGG-1
GRCh38,GGTCTAGGTGGCATAT-1
GRCh38,GGTCTATCAATATGTT-1
GRCh38,GGTCTATCAGGACACG-1
GRCh38,GGTCTCTGTATGAGGA-1
GRCh38,GGTCTGTAGCGTAACC-1
GRCh38,GGTCTGTAGCGTGTCG-1
GRCh38,GGTCTGTAGCTACGAC-1
GRCh38,GGTGATACAGTTGGAA-1
GRCh38,GGTGATGAGGTTAGGG-1
GRCh38,GGTGATTGTACCCCAT-1
GRCh38,GGTGCCGGTAAACGCT-1
GRCh38,GGTGCCGGTAACGCTG-1
GRCh38,GGTGCCGGTGTTAGCG-1
GRCh38,GGTGCGACAGCCACTA-1
GRCh38,GGTGCGTGTGGGTTGC-1
GRCh38,GGTGGAGGTAGTAAGG-1
GRCh38,GGTGGTTTCAACGTGC-1
GRCh38,GGTGGTTTCACACGTA-1
GRCh38,GGTGGTTTCCGTGTCC-1
GRCh38,GGTGTATGTAAGGAAT-1
GRCh38,GGTGTATGTACTAAGC-1
GRCh38,GGTGTATGTCGACGTA-1
GRCh38,GGTGTCAGTGTGTCAG-1
GRCh38,GGTGTCGTCGCTAAAT-1
GRCh38,GGTGTGCGTAACGCAT-1
GRCh38,GGTGTTATCGCCCTTA-1
GRCh38,GGTGTTCAGGCTTCCC-1
GRCh38,GGTTAATTCGCAAACC-1
GRCh38,GGTTAATTCGTACAAT-1
GRCh38,GGTTAGACAAAATTCT-1
GRCh38,GGTTAGCTCCGTATCT-1
GRCh38,GGTTAGGAGGGGTATG-1
GRCh38,GGTTATAGTCTGTCCG-1
GRCh38,GGTTCAGGTAACTCGG-1
GRCh38,GGTTCAGGTCAATCGG-1
GRCh38,GGTTCATCACACAGCC-1
GRCh38,GGTTCATCACATCAGT-1
GRCh38,GGTTCCCTCCGATGTA-1
GRCh38,GGTTCCGAGAATTTGC-1
GRCh38,GGTTCCGAGCAATGTT-1
GRCh38,GGTTCGAGTCTGCAAG-1
GRCh38,GGTTCGCCAAAACGGC-1
GRCh38,GGTTCGCCACCCACAA-1
GRCh38,GGTTCGTAGCGGGTTT-1
GRCh38,GGTTCGTAGCTCAGCG-1
GRCh38,GGTTGATGTCTGGCTT-1
GRCh38,GGTTGCCCACCGGTTA-1
GRCh38,GGTTGGCGTCGTCTTA-1
GRCh38,GGTTGGCGTGTAAGCT-1
GRCh38,GGTTGTATCCGTTCTG-1
GRCh38,GGTTGTCAGCTACGCG-1
GRCh38,GGTTGTGGTATCATTC-1
GRCh38,GGTTTAAGTCTTCTCT-1
GRCh38,GGTTTAAGTGCTCTGT-1
GRCh38,GGTTTACCAACGTGGG-1
GRCh38,GGTTTACCAAGCTGCC-1
GRCh38,GGTTTAGTCAGTCAGC-1
GRCh38,GGTTTAGTCGCATCAA-1
GRCh38,GGTTTCAAGAGGACCA-1
GRCh38,GGTTTCAAGGCCATAC-1
GRCh38,GGTTTCCGTATGGTCG-1
GRCh38,GTAAACGCAAACGCAA-1
GRCh38,GTAAAGTCACGCAACC-1
GRCh38,GTAAATCTCACTAAAC-1
GRCh38,GTAAATCTCCTCGTCA-1
GRCh38,GTAAATGAGCACCCAG-1
GRCh38,GTAAATGAGCATGCGT-1
GRCh38,GTAACCATCATAATTG-1
GRCh38,GTAACCATCGGAGTCT-1
GRCh38,GTAACCCAGAATGCAA-1
GRCh38,GTAACCCAGAGGGGTC-1
GRCh38,GTAACCCAGCGCTGTG-1
GRCh38,GTAACGTGTATGAGGA-1
GRCh38,GTAACTGTCACACGTA-1
GRCh38,GTAACTGTCCTCCTTC-1
GRCh38,GTAACTGTCGGGTTCG-1
GRCh38,GTAAGACAGATTAACC-1
GRCh38,GTAAGACAGGTGATTT-1
GRCh38,GTAAGATCAGCGTCTA-1
GRCh38,GTAAGATCAGCTCAAT-1
GRCh38,GTAAGCCTCGGACCCA-1
GRCh38,GTAAGCGAGATGTATC-1
GRCh38,GTAAGGAGTCCAAAGT-1
GRCh38,GTAAGGTAGCTATCGA-1
GRCh38,GTAAGGTAGGTCCGAT-1
GRCh38,GTAAGTAAGGTCTAGC-1
GRCh38,GTAAGTCGTCATGGGC-1
GRCh38,GTAATCCCACCGTCAA-1
GRCh38,GTAATCCCAGTTAAGG-1
GRCh38,GTAATGAAGATGGAGT-1
GRCh38,GTAATTATCATGCAGC-1
GRCh38,GTAATTATCCCTATTA-1
GRCh38,GTAATTGGTAACGCCA-1
GRCh38,GTACAATTCCATTACC-1
GRCh38,GTACAATTCCTTCATA-1
GRCh38,GTACATCCAACGCGCT-1
GRCh38,GTACATGTCAAACCGC-1
GRCh38,GTACATGTCAACGAAA-1
GRCh38,GTACCCGAGGTCTAGC-1
GRCh38,GTACCCTGTGGATCGC-1
GRCh38,GTACGAACAACCAGAA-1
GRCh38,GTACGAACAGCTAAGA-1
GRCh38,GTACGCCCAACTTTAG-1
GRCh38,GTACGGGCACTGCTTC-1
GRCh38,GTACGTATCCTGTTCG-1
GRCh38,GTACGTCAGAGGTATA-1
GRCh38,GTACGTGGTAGGAAAT-1
GRCh38,GTACGTGGTCCGTCTG-1
GRCh38,GTACTCGCACCCTAAG-1
GRCh38,GTACTCGCACGTAACT-1
GRCh38,GTAGAAGGTACGTTCC-1
GRCh38,GTAGAAGGTGGGTCTA-1
GRCh38,GTAGAGTAGAATTGAG-1
GRCh38,GTAGATTTCACGATAT-1
GRCh38,GTAGATTTCCACTCCA-1
GRCh38,GTAGATTTCCTACAAG-1
GRCh38,GTAGCACTCGTCGTAA-1
GRCh38,GTAGCGCGTAACGAAG-1
GRCh38,GTAGCGGCACAGCGGA-1
GRCh38,GTAGCGGCACCTTGAG-1
GRCh38,GTAGCTATCGTGTAAT-1
GRCh38,GTAGGCAAGACTCCAA-1
GRCh38,GTAGGCAAGAGGAGTT-1
GRCh38,GTAGGCAAGCTATAAC-1
GRCh38,GTAGGCAAGGTATGGG-1
GRCh38,GTAGGCGCACTAGGGG-1
GRCh38,GTAGGCGCAGCTATCG-1
GRCh38,GTAGGCTTCAATTGGT-1
GRCh38,GTAGGCTTCCCTTCGA-1
GRCh38,GTAGGCTTCCGCATGG-1
GRCh38,GTAGGGCAGATGCGAG-1
GRCh38,GTAGGGTCACGCTGAC-1
GRCh38,GTAGGGTCACTCGACA-1
GRCh38,GTAGTCATCCTCAGCC-1
GRCh38,GTAGTGGAGACGTCCG-1
GRCh38,GTAGTGGAGGTAAGGT-1
GRCh38,GTAGTGTGTAGACGTT-1
GRCh38,GTAGTTAGTCTCCGCA-1
GRCh38,GTAGTTGTCAAACCGC-1
GRCh38,GTAGTTGTCACCCATT-1
GRCh38,GTAGTTTAGGTCTACA-1
GRCh38,GTATACCCACGCTCAA-1
GRCh38,GTATACGTCGGAAAGT-1
GRCh38,GTATACTAGGTGTCGT-1
GRCh38,GTATAGCGTATGTCTT-1
GRCh38,GTATAGCGTGCGCTGG-1
GRCh38,GTATAGGCACAATACC-1
GRCh38,GTATAGGCACCCTATC-1
GRCh38,GTATAGTTCACCTCCA-1
GRCh38,GTATAGTTCGTGTATG-1
GRCh38,GTATATCAGAGTATTC-1
GRCh38,GTATCACCACCATTAA-1
GRCh38,GTATCACCAGTGATAG-1
GRCh38,GTATCAGTCATGCTTC-1
GRCh38,GTATCCAAGAATGTTC-1
GRCh38,GTATCCAAGCAAGGGC-1
GRCh38,GTATCGATCAACTCCT-1
GRCh38,GTATCGATCGTTGCAA-1
GRCh38,GTATGCATCGTCAATG-1
GRCh38,GTATGGGAGATAGGGT-1
GRCh38,GTATGGGAGGTAGGAT-1
GRCh38,GTATGTAGTGCTCCTG-1
GRCh38,GTATGTCCAAATCCGT-1
GRCh38,GTATGTCCACAACAGA-1
GRCh38,GTATGTCCAGGCACTC-1
GRCh38,GTATGTGTCCCTATAC-1
GRCh38,GTATGTTAGCACTCCC-1
GRCh38,GTATTAATCACAGCGT-1
GRCh38,GTATTAATCACTTCGT-1
GRCh38,GTATTATCAATATCTG-1
GRCh38,GTATTATCAGCAGTAA-1
GRCh38,GTATTCACAAGGGCAT-1
GRCh38,GTATTCCTCGTCTCAT-1
GRCh38,GTATTCGAGCGCTCGA-1
GRCh38,GTATTCGAGGCAAGGC-1
GRCh38,GTATTCTGTAGGAGTA-1
GRCh38,GTATTCTGTAGTCCGA-1
GRCh38,GTATTGTAGGGATGAT-1
GRCh38,GTCAACATCAGTACAT-1
GRCh38,GTCAACATCGGTTCAA-1
GRCh38,GTCAACTCAAGCTTTA-1
GRCh38,GTCAAGACACACTACG-1
GRCh38,GTCAATCCAATAACTT-1
GRCh38,GTCACCCTCCTTGTAC-1
GRCh38,GTCACGCCAAACGGCG-1
GRCh38,GTCACGCCACCGTCAA-1
GRCh38,GTCACGCCAGCGACAG-1
GRCh38,GTCACGCCAGTCCTCT-1
GRCh38,GTCACGTAGGTGCGTT-1
GRCh38,GTCATACCACTGGGAG-1
GRCh38,GTCATCAAGCAACATT-1
GRCh38,GTCATCAAGCTCGGCA-1
GRCh38,GTCATCAAGCTGATAT-1
GRCh38,GTCATCGCAATATCTG-1
GRCh38,GTCATGCAGCGTAGAG-1
GRCh38,GTCCAAATCAGTATCG-1
GRCh38,GTCCAAATCATCGGCG-1
GRCh38,GTCCAAATCCTTGTGT-1
GRCh38,GTCCACACAGCATAAG-1
GRCh38,GTCCAGTAGAACCCAC-1
GRCh38,GTCCAGTAGCCATCGG-1
GRCh38,GTCCAGTAGCGACCAT-1
GRCh38,GTCCATCGTGCGGAGA-1
GRCh38,GTCCCCAGTCGTCTTA-1
GRCh38,GTCCCTGGTAGGTATC-1
GRCh38,GTCCGATAGCATCAAT-1
GRCh38,GTCCGCCGTACCTGTC-1
GRCh38,GTCCGGGGTCCAGCCC-1
GRCh38,GTCCGGGGTGGAAGTA-1
GRCh38,GTCCGTACAGGTTTCG-1
GRCh38,GTCCTATTCCTCCGAC-1
GRCh38,GTCCTATTCGCCCTTA-1
GRCh38,GTCCTCCAGCAAACTT-1
GRCh38,GTCCTCCAGGCCTATA-1
GRCh38,GTCCTCCAGGTAGCTC-1
GRCh38,GTCCTCTCACTCGAGC-1
GRCh38,GTCCTCTCAGTTACTA-1
GRCh38,GTCCTTTAGCGCCACA-1
GRCh38,GTCGAACTCAAGGGTG-1
GRCh38,GTCGAACTCACAACAT-1
GRCh38,GTCGAACTCACCCATT-1
GRCh38,GTCGAACTCATCGGGT-1
GRCh38,GTCGACTAGAACTTGT-1
GRCh38,GTCGACTAGCAGTCTA-1
GRCh38,GTCGACTAGGGGAATT-1
GRCh38,GTCGAGAAGCCGGATT-1
GRCh38,GTCGAGAAGGCCATGT-1
GRCh38,GTCGAGCGTAGTGAGA-1
GRCh38,GTCGAGTTCACTCGCC-1
GRCh38,GTCGATGGTAGTCGGC-1
GRCh38,GTCGATGGTGCTGCCC-1
GRCh38,GTCGCCCGTCTGCGCC-1
GRCh38,GTCGCGGGTACGCTGA-1
GRCh38,GTCGCGGGTAGGACCC-1
GRCh38,GTCGCGGGTGGTTTCC-1
GRCh38,GTCGCTCTCAACAGGG-1
GRCh38,GTCGCTTGTAGAGGCG-1
GRCh38,GTCGCTTGTCAGTTGG-1
GRCh38,GTCGGAGCACCCAAAT-1
GRCh38,GTCGGCGGTAGGTTTA-1
GRCh38,GTCGGTCCAGTCTATA-1
GRCh38,GTCGGTTAGACAATAG-1
GRCh38,GTCGGTTAGAGGAGTT-1
GRCh38,GTCGGTTAGCTCGATA-1
GRCh38,GTCGTAATCCATAGGC-1
GRCh38,GTCGTACAGATTGGTT-1
GRCh38,GTCGTAGGTCATAGCG-1
GRCh38,GTCGTAGGTCTTCTCT-1
GRCh38,GTCGTCTGTAGAATGG-1
GRCh38,GTCGTCTGTCCGATAG-1
GRCh38,GTCGTCTGTGCTCGGG-1
GRCh38,GTCGTCTGTGGGTTCA-1
GRCh38,GTCGTGAGTACAGCAT-1
GRCh38,GTCGTGAGTGTTCGAG-1
GRCh38,GTCTATACAAACGAGC-1
GRCh38,GTCTCATTCGGTATGC-1
GRCh38,GTCTCCCAGCGTACCG-1
GRCh38,GTCTCGCTCGCCCTAC-1
GRCh38,GTCTGAGGTAACGCCA-1
GRCh38,GTCTGAGGTGCGGGTT-1
GRCh38,GTCTGCACACGTATCG-1
GRCh38,GTCTGCGAGCGTTTGA-1
GRCh38,GTCTGGTAGCAGCCCA-1
GRCh38,GTCTGGTAGGGCGAGT-1
GRCh38,GTCTGTAAGCTCCGGA-1
GRCh38,GTCTTAACAACATGTC-1
GRCh38,GTCTTAACAACCTAGT-1
GRCh38,GTCTTAACACAGTGCC-1
GRCh38,GTCTTCAGTACTGGAT-1
GRCh38,GTCTTCCCAAGAGGGA-1
GRCh38,GTCTTCCCACGCCTAA-1
GRCh38,GTCTTCCCACTCGCAA-1
GRCh38,GTGAAAGGTATACTAG-1
GRCh38,GTGAAAGGTCGTTAAA-1
GRCh38,GTGAAATCAATCGGCC-1
GRCh38,GTGAACCTCAGCATCA-1
GRCh38,GTGAACCTCGGCCAAT-1
GRCh38,GTGAAGCCAACATTAT-1
GRCh38,GTGACGTTCAGCCGTG-1
GRCh38,GTGACGTTCCACTCTG-1
GRCh38,GTGAGATAGACTTCAG-1
GRCh38,GTGAGATAGGTAACCC-1
GRCh38,GTGAGCGCAACGTCCA-1
GRCh38,GTGAGCGCAGTTAGCT-1
GRCh38,GTGAGGTCAACACAGA-1
GRCh38,GTGAGGTCACCTCTTA-1
GRCh38,GTGAGTTGTAGGCTCA-1
GRCh38,GTGATAGCAAGTAACG-1
GRCh38,GTGATAGCACCATCGA-1
GRCh38,GTGATATTCATTAAGC-1
GRCh38,GTGATATTCCAACGTA-1
GRCh38,GTGATTCCACCATCGA-1
GRCh38,GTGATTCCACCTCACT-1
GRCh38,GTGATTCCAGCCAAGG-1
GRCh38,GTGATTTAGCCCACAG-1
GRCh38,GTGCAACTCATCAATA-1
GRCh38,GTGCAACTCATTCGTC-1
GRCh38,GTGCACCCAATACACC-1
GRCh38,GTGCACCCACGCTGAC-1
GRCh38,GTGCACCCACGTCTAG-1
GRCh38,GTGCAGGCAAAAGCGC-1
GRCh38,GTGCAGGCAGCTGTAT-1
GRCh38,GTGCAGGCAGGCAATA-1
GRCh38,GTGCATATCCTGGGTG-1
GRCh38,GTGCATATCGCTGGCA-1
GRCh38,GTGCATGGTAGTCGCA-1
GRCh38,GTGCATTCAATGCGCC-1
GRCh38,GTGCATTCACGGGTCT-1
GRCh38,GTGCATTCACTAATAT-1
GRCh38,GTGCCATAGCAACATT-1
GRCh38,GTGCCATAGCGCTGCA-1
GRCh38,GTGCCCAAGACGAGGC-1
GRCh38,GTGCCCAAGCATTCAG-1
GRCh38,GTGCCCAAGCTCGTTT-1
GRCh38,GTGCCCAAGGCGTGAA-1
GRCh38,GTGCCCAAGGGCTAGA-1
GRCh38,GTGCCTTGTACCTATT-1
GRCh38,GTGCCTTGTGTAGAAG-1
GRCh38,GTGCGAAAGCATGCAC-1
GRCh38,GTGCGAAAGCTTGTGA-1
GRCh38,GTGCGAAAGGGGTAGC-1
GRCh38,GTGCGAGCAATTAAAG-1
GRCh38,GTGCGAGCACTCACTC-1
GRCh38,GTGCGAGCACTCATAA-1
GRCh38,GTGCGCGGTATGGGTT-1
GRCh38,GTGCGGACAATGGTCT-1
GRCh38,GTGCGGTGTAATTCCT-1
GRCh38,GTGCGGTGTACGGTCA-1
GRCh38,GTGCGGTGTCCACGTT-1
GRCh38,GTGCGGTGTCCAGTGA-1
GRCh38,GTGCGTAGTATAAGCC-1
GRCh38,GTGCGTAGTGCAATGT-1
GRCh38,GTGCGTCCACCTCTTA-1
GRCh38,GTGCGTCCACTCAATA-1
GRCh38,GTGCGTTAGACCCACG-1
GRCh38,GTGCTAATCCGCAGCA-1
GRCh38,GTGCTAATCGTGGGTT-1
GRCh38,GTGCTACAGATCCAAT-1
GRCh38,GTGCTCACAGGCATTT-1
GRCh38,GTGCTCACAGTAATCC-1
GRCh38,GTGCTCACAGTCGCAC-1
GRCh38,GTGGACGCAGGCTTCA-1
GRCh38,GTGGCATTCAGACTGC-1
GRCh38,GTGGCCATCAAAGCCC-1
GRCh38,GTGGCCGGTACGGATT-1
GRCh38,GTGGCGACAAATATCT-1
GRCh38,GTGGCGACAAGCCGTC-1
GRCh38,GTGGCGACAATGTGAG-1
GRCh38,GTGGCGTGTAACTAGC-1
GRCh38,GTGGCGTGTAAGGGAC-1
GRCh38,GTGGCGTGTACTTAAG-1
GRCh38,GTGGGATCACGCAACC-1
GRCh38,GTGGGATCAGGAGCCA-1
GRCh38,GTGGGCTGTAGTGCGC-1
GRCh38,GTGGGCTGTATTGCGG-1
GRCh38,GTGGGCTGTGTCGGGT-1
GRCh38,GTGGGTTTCAGTGGTC-1
GRCh38,GTGGGTTTCCAGTATG-1
GRCh38,GTGGTAACAAATTTCG-1
GRCh38,GTGGTAACAACATGCT-1
GRCh38,GTGGTCAGTATATGGC-1
GRCh38,GTGGTCAGTGGGACCT-1
GRCh38,GTGGTGCGTCGCGGAT-1
GRCh38,GTGGTTATCGGATCCG-1
GRCh38,GTGTAAGCAATCATGC-1
GRCh38,GTGTAAGCAGTGCAGG-1
GRCh38,GTGTAGTGTACGGATT-1
GRCh38,GTGTATAGTAAGTAGG-1
GRCh38,GTGTATAGTCACATGG-1
GRCh38,GTGTATAGTGTCACGA-1
GRCh38,GTGTATGTCCGCTTGC-1
GRCh38,GTGTATTAGGGCCTTG-1
GRCh38,GTGTCAGGTAACATTG-1
GRCh38,GTGTCAGGTGTCTTAT-1
GRCh38,GTGTCCGAGAGACGAT-1
GRCh38,GTGTCCGAGGCTTTGA-1
GRCh38,GTGTCCTGTAGGGGAT-1
GRCh38,GTGTCCTGTCCGCTAT-1
GRCh38,GTGTCGAGTATATCCT-1
GRCh38,GTGTCGAGTCTCGATC-1
GRCh38,GTGTCGAGTGGTTCAG-1
GRCh38,GTGTCGCCAACGATAG-1
GRCh38,GTGTCGCCAACTGAGA-1
GRCh38,GTGTCGTAGAGTTGGG-1
GRCh38,GTGTCGTAGATCTCGA-1
GRCh38,GTGTCTCGTATCCAGG-1
GRCh38,GTGTCTCGTCACACCT-1
GRCh38,GTGTCTCGTCGCCGTC-1
GRCh38,GTGTGCAGTAACGTCG-1
GRCh38,GTGTGCAGTGTGTTAA-1
GRCh38,GTGTGGGCAGTTCTCC-1
GRCh38,GTGTTAAGTAATCGCG-1
GRCh38,GTGTTCCGTCTATTGT-1
GRCh38,GTGTTCGCACTAAGTC-1
GRCh38,GTGTTGATCACATAAC-1
GRCh38,GTGTTGATCGGTTACA-1
GRCh38,GTGTTGATCGTGGGTT-1
GRCh38,GTGTTGGGTATGGAGA-1
GRCh38,GTGTTGGGTATGTGCG-1
GRCh38,GTGTTGGGTGTTGTAA-1
GRCh38,GTTAACCCACCTCGAA-1
GRCh38,GTTAAGCGTACCATCC-1
GRCh38,GTTAAGCGTATAGGCT-1
GRCh38,GTTAAGCGTCCAGAAT-1
GRCh38,GTTAAGTTCCCATTAC-1
GRCh38,GTTAATATCCTGCACC-1
GRCh38,GTTAATCAGGGGTTGA-1
GRCh38,GTTAATGGTCGCTTCG-1
GRCh38,GTTAATGGTGTGGGCT-1
GRCh38,GTTACCGCACATGGTT-1
GRCh38,GTTACCTTCGCCACTC-1
GRCh38,GTTACTACACCGTAAT-1
GRCh38,GTTACTTGTATCTCAT-1
GRCh38,GTTACTTGTCCGTCTG-1
GRCh38,GTTACTTGTCGATAGT-1
GRCh38,GTTAGAGCACCAGACC-1
GRCh38,GTTAGAGCAGTTAAGG-1
GRCh38,GTTAGCATCAGGCTTA-1
GRCh38,GTTAGCATCCTGAACA-1
GRCh38,GTTAGCCAGACCATGC-1
GRCh38,GTTAGCGGTCCGTTTA-1
GRCh38,GTTAGCTCACTAGAAG-1
GRCh38,GTTAGGCTCCCAATAG-1
GRCh38,GTTAGGGAGCGGGTTT-1
GRCh38,GTTAGGGAGGCATAGG-1
GRCh38,GTTAGGTGTCGTGAGC-1
GRCh38,GTTAGTCCACCTAACG-1
GRCh38,GTTAGTTAGCGAACGA-1
GRCh38,GTTATAGGTACTAATG-1
GRCh38,GTTATCGAGCTCCTCA-1
GRCh38,GTTATCGAGGGTGATG-1
GRCh38,GTTATGAGTAGTTTAG-1
GRCh38,GTTATGAGTCCCATGT-1
GRCh38,GTTATGAGTCGCGCTC-1
GRCh38,GTTATGGTCAATGTGT-1
GRCh38,GTTATGGTCGTTAAGT-1
GRCh38,GTTATGTAGACATGGG-1
GRCh38,GTTCAATAGATAGTAG-1
GRCh38,GTTCAATAGCATCGAC-1
GRCh38,GTTCACTTCACAACAT-1
GRCh38,GTTCACTTCCTGCTAT-1
GRCh38,GTTCACTTCGCTCCTA-1
GRCh38,GTTCAGCAGCAAGGGC-1
GRCh38,GTTCAGGGTACAACGT-1
GRCh38,GTTCATCTCCCATCCA-1
GRCh38,GTTCATCTCCCTAATC-1
GRCh38,GTTCATGAGAACGACG-1
GRCh38,GTTCATGAGATCGTTG-1
GRCh38,GTTCATTGTGGAGTAA-1
GRCh38,GTTCGACAGAAATTGG-1
GRCh38,GTTCGGGTCAGGCTCG-1
GRCh38,GTTCGGGTCCCATCAT-1
GRCh38,GTTCTCAGTAGAATGG-1
GRCh38,GTTCTCAGTAGGTAAG-1
GRCh38,GTTCTCCCAGTAAAGT-1
GRCh38,GTTGAAGCAAAAGGCC-1
GRCh38,GTTGAAGCACCTAATA-1
GRCh38,GTTGACATCAATTGTA-1
GRCh38,GTTGACATCGCTCCGT-1
GRCh38,GTTGACATCGGGTTAC-1
GRCh38,GTTGACATCGTTGACA-1
GRCh38,GTTGAGACACATACCG-1
GRCh38,GTTGATCCACAGTGGG-1
GRCh38,GTTGATCCAGGCATTT-1
GRCh38,GTTGATCCAGTGTCAT-1
GRCh38,GTTGATTAGCTCGGCA-1
GRCh38,GTTGCAGGTAGGGAGT-1
GRCh38,GTTGCCACACTAGTCG-1
GRCh38,GTTGCCACAGCAATCT-1
GRCh38,GTTGCCCTCAGCGCCA-1
GRCh38,GTTGCCGAGATCCCAA-1
GRCh38,GTTGCCGAGGTTGGTC-1
GRCh38,GTTGCGAGTCGCTCTG-1
GRCh38,GTTGCGAGTGCGAAGG-1
GRCh38,GTTGCGCCACGGTATT-1
GRCh38,GTTGCGTAGACGACGA-1
GRCh38,GTTGCGTAGAGCGGTA-1
GRCh38,GTTGCTTTCAAGGGCA-1
GRCh38,GTTGGAACAAAGGCCG-1
GRCh38,GTTGGAGAGGCGGGAT-1
GRCh38,GTTGGATGTCCTGTAC-1
GRCh38,GTTGGCGTCATAATGC-1
GRCh38,GTTGGCGTCGGTAGCT-1
GRCh38,GTTGGGCGTCGCGCTC-1
GRCh38,GTTGGGGCAGCGCACT-1
GRCh38,GTTGGGTTCATAATTG-1
GRCh38,GTTGGGTTCATTACTT-1
GRCh38,GTTGGTTCAAAGCATG-1
GRCh38,GTTGTATAGCCGATAC-1
GRCh38,GTTGTCTTCGGGTCAT-1
GRCh38,GTTGTGCAGCGTGAAG-1
GRCh38,GTTGTGCAGCTAAACT-1
GRCh38,AAACCAGCAATCATGC-1
GRCh38,AAACCAGCACTCGCAA-1
GRCh38,AAACCATTCAGCTGTA-1
GRCh38,AAACCCATCGCTATAG-1
GRCh38,AAACCCCAGCTGCACG-1
GRCh38,AAACCGACAGTCCGTA-1
GRCh38,AAACCGGAGGCCACAT-1
GRCh38,AAACCGGAGGGCGTAA-1
GRCh38,AAACCGTGTCTAAGTA-1
GRCh38,AAACCGTGTGTAGCAT-1
GRCh38,AAACCTGTCACTATAA-1
GRCh38,AAACCTGTCAGTGAAA-1
GRCh38,AAACGCACACAGGTCC-1
GRCh38,AAACGCACACTCACTC-1
GRCh38,AAACGCGAGAGGTGAT-1
GRCh38,AAACGCTGTATGTTGA-1
GRCh38,AAACGGAGTCTGGTAG-1
GRCh38,AAACGGTAGGTAGAGT-1
GRCh38,AAACGTAAGGCCTGCA-1
GRCh38,AAACGTAAGGCTCGAT-1
GRCh38,AAACGTAAGGTTCATG-1
GRCh38,AAACTAACAACGCGTC-1
GRCh38,AAACTACTCCACCCTA-1
GRCh38,AAACTACTCGCACTAA-1
GRCh38,AAACTACTCGGCTCCT-1
GRCh38,AAACTAGAGCGTCTAA-1
GRCh38,AAACTGCGTACGTCTC-1
GRCh38,AAACTGCGTAGGCCGT-1
GRCh38,AAACTGCGTCGTATGG-1
GRCh38,AAACTTATCAATCGGC-1
GRCh38,AAACTTATCAGTTTGG-1
GRCh38,AAACTTATCATACCCT-1
GRCh38,AAAGCCGAGAAAGCTA-1
GRCh38,AAAGCCTGTCCAGATG-1
GRCh38,AAAGCCTGTGCTCCTG-1
GRCh38,AAAGCGAGTATGAGTC-1
GRCh38,AAAGCGAGTCGTGGTA-1
GRCh38,AAAGCGAGTCTAGGGC-1
GRCh38,AAAGCGAGTGTCGGCG-1
GRCh38,AAAGCGCCAAAAGGAA-1
GRCh38,AAAGCGTAGCTCGAAC-1
GRCh38,AAAGCGTAGCTTAGGC-1
GRCh38,AAAGCTAAGCGATGAG-1
GRCh38,AAAGCTAAGCGTGTCG-1
GRCh38,AAAGCTAAGGGCATGA-1
GRCh38,AAAGCTCGTAGAGAAT-1
GRCh38,AAAGCTCGTCTCGCCA-1
GRCh38,AAAGGAGAGCCGATAC-1
GRCh38,AAAGGAGAGGTTCAAT-1
GRCh38,AAAGGGTTCACTGCAA-1
GRCh38,AAAGGTATCACGCGTG-1
GRCh38,AAAGGTATCGGTTAGC-1
GRCh38,AAAGGTATCGTATCGA-1
GRCh38,AAAGGTCAGGTCCGCA-1
GRCh38,AAAGTCAAGCGGCATT-1
GRCh38,AAAGTCAAGCGTCAGT-1
GRCh38,AAAGTCAAGGTCATCA-1
GRCh38,AAAGTTACAAAGCGTA-1
GRCh38,AAAGTTACAATTCAGC-1
GRCh38,AAAGTTACACGCAGGA-1
GRCh38,AAAGTTACAGTACGAA-1
GRCh38,AAATCAACAGTTGGTT-1
GRCh38,AAATCACTCACATTGG-1
GRCh38,AAATCACTCGTAGCTA-1
GRCh38,AAATCAGAGCAATGCC-1
GRCh38,AAATCAGAGCGCATTA-1
GRCh38,AAATCCAGTGGATCGC-1
GRCh38,AAATCCCCAAAGTACG-1
GRCh38,AAATCCGTCCTGATTC-1
GRCh38,AAATCTTCAAGCGTCC-1
GRCh38,AAATCTTCAATCTGAC-1
GRCh38,AAATCTTCACTTAGCG-1
GRCh38,AAATGACCAGTACTCG-1
GRCh38,AAATGCTTCCATAACG-1
GRCh38,AAATGGCAGAACCAGG-1
GRCh38,AAATGGGGTGGCTTAG-1
GRCh38,AAATGGGGTGTATTCT-1
GRCh38,AAATGGTCAACGTGCC-1
GRCh38,AAATGTCTCATCAGGC-1
GRCh38,AAATGTCTCGGTACGT-1
GRCh38,AAATTCGGTCGAAGTT-1
GRCh38,AAATTCGGTGGTTGTG-1
GRCh38,AACACCCAGATCGGTC-1
GRCh38,AACACGCTCACTGTCT-1
GRCh38,AACACTCCAAAGTGCA-1
GRCh38,AACACTCCACACTAAC-1
GRCh38,AACACTCCAGTTAACC-1
GRCh38,AACAGACAGATGCTCA-1
GRCh38,AACAGACAGCTATCAG-1
GRCh38,AACAGAGGTCCTGTAC-1
GRCh38,AACAGCCTCCAGTATG-1
GRCh38,AACAGGGTCCGTTCTG-1
GRCh38,AACAGGTAGAAGCCAG-1
GRCh38,AACAGGTAGCACGAAG-1
GRCh38,AACAGGTAGCGCCTGA-1
GRCh38,AACATAGAGATTAACC-1
GRCh38,AACATAGAGCACTCCC-1
GRCh38,AACATAGAGGTCTATG-1
GRCh38,AACATGGCAAACCTAC-1
GRCh38,AACATTATCACCTTCG-1
GRCh38,AACATTGGTACGTGAT-1
GRCh38,AACATTTCAACATATT-1
GRCh38,AACCACTCAGCATCCA-1
GRCh38,AACCAGGAGCGCGATT-1
GRCh38,AACCATCCACAATGCT-1
GRCh38,AACCATTAGAGGGTGC-1
GRCh38,AACCATTAGGCCCGTA-1
GRCh38,AACCCATCAACAGCCC-1
GRCh38,AACCCCGAGCCATACA-1
GRCh38,AACCCCTGTCCGCCTA-1
GRCh38,AACCCGAGTGGCTTCT-1
GRCh38,AACCCGAGTGGTATTA-1
GRCh38,AACCCGAGTGTCATCC-1
GRCh38,AACCCGTAGAAGGCAT-1
GRCh38,AACCCGTAGCTCACCC-1
GRCh38,AACCCGTAGGCATCAC-1
GRCh38,AACCCGTAGGGCTAAG-1
GRCh38,AACCCTTTCAGCTAAT-1
GRCh38,AACCCTTTCGGTAGCT-1
GRCh38,AACCCTTTCGTCAAGC-1
GRCh38,AACCGCAGTCCCTGAT-1
GRCh38,AACCGCAGTCCGCTAT-1
GRCh38,AACCGGGCAGTTGGGG-1
GRCh38,AACCGTGGTACAGAAG-1
GRCh38,AACCTACCAACGAGGT-1
GRCh38,AACCTACCACGATTTA-1
GRCh38,AACCTACCAGCCAACC-1
GRCh38,AACGAACAGAGCGTAG-1
GRCh38,AACGAAGGTCCTTAGC-1
GRCh38,AACGAAGGTGGTTGAT-1
GRCh38,AACGACGAGGGGTTAG-1
GRCh38,AACGATAAGAAGCTGG-1
GRCh38,AACGCAACAACACTAC-1
GRCh38,AACGCAACAGGCATTT-1
GRCh38,AACGCAACAGTCAACT-1
GRCh38,AACGCAACAGTGCAGG-1
GRCh38,AACGCACTCGCTCCGT-1
GRCh38,AACGCCAGTCGCTAAG-1
GRCh38,AACGCCAGTCGGTTCT-1
GRCh38,AACGCGAAGCAGCCCA-1
GRCh38,AACGCGAAGGGTTCCG-1
GRCh38,AACGCGAAGGTTCAAT-1
GRCh38,AACGCGGCAACCCTAG-1
GRCh38,AACGCGGCAACCTCAG-1
GRCh38,AACGCTGGTGTGCGCG-1
GRCh38,AACGGCGCACCTACTC-1
GRCh38,AACGGCTTCCCACTCA-1
GRCh38,AACGGGCAGCTAGCCG-1
GRCh38,AACGGGCAGGTTAGGG-1
GRCh38,AACGGTACACCACAAT-1
GRCh38,AACGTATTCCGAAACC-1
GRCh38,AACGTATTCGCGTATA-1
GRCh38,AACGTCGGTATCATTC-1
GRCh38,AACGTCGGTCTTGTAT-1
GRCh38,AACGTGCTCATGGACC-1
GRCh38,AACGTGCTCCAGCATA-1
GRCh38,AACGTGCTCCGTAAAT-1
GRCh38,AACGTGGAGCGTAGAG-1
GRCh38,AACGTGGAGGTAGTTT-1
GRCh38,AACGTGGAGGTCGCAT-1
GRCh38,AACGTTCCAAGACGAC-1
GRCh38,AACGTTCCAATTATCG-1
GRCh38,AACGTTGTCCGCTTCA-1
GRCh38,AACGTTTAGCGACCAT-1
GRCh38,AACTAAGAGCAATATC-1
GRCh38,AACTAAGAGCACCCAG-1
GRCh38,AACTAAGAGCGTTTAG-1
GRCh38,AACTAAGAGGTGAGAT-1
GRCh38,AACTACCCACGTAGGG-1
GRCh38,AACTAGAAGAACGCGA-1
GRCh38,AACTAGAAGACCCCAG-1
GRCh38,AACTAGAAGCGTTGAC-1
GRCh38,AACTAGCGTACCTAGG-1
GRCh38,AACTAGCGTCACTATT-1
GRCh38,AACTAGGCAGCTAGCC-1
GRCh38,AACTCATAGAGGCTGA-1
GRCh38,AACTCCCGTACCCTTA-1
GRCh38,AACTCCCGTAGGACGG-1
GRCh38,AACTCCCGTGTCACGA-1
GRCh38,AACTCGGGTAGTATGC-1
GRCh38,AACTCTACACGCAGCT-1
GRCh38,AACTCTACACTAGCAT-1
GRCh38,AACTCTCTCCTCTCCT-1
GRCh38,AACTCTCTCGCATAAT-1
GRCh38,AACTGCGGTAGGTTGT-1
GRCh38,AACTGCGGTCGCTCGC-1
GRCh38,AACTTCGAGCCTGGCA-1
GRCh38,AACTTCTGTCTGCAAG-1
GRCh38,AACTTCTGTGGGTTGC-1
GRCh38,AAGCAAATCAATATGC-1
GRCh38,AAGCAAATCAATCATA-1
GRCh38,AAGCAAATCCCGTCTA-1
GRCh38,AAGCAAGGTACTACGG-1
GRCh38,AAGCAATCAGTTGGTT-1
GRCh38,AAGCACCTCAGACGCT-1
GRCh38,AAGCATAAGAGTATAG-1
GRCh38,AAGCATCGTCAATATG-1
GRCh38,AAGCATTTCGCATCAA-1
GRCh38,AAGCCAACAACCCTAG-1
GRCh38,AAGCCAACACACACGC-1
GRCh38,AAGCCAACACCATGCA-1
GRCh38,AAGCCAACAGTACTCG-1
GRCh38,AAGCCACTCACTGCAA-1
GRCh38,AAGCCAGAGATCTCGA-1
GRCh38,AAGCCAGAGCTGCAGT-1
GRCh38,AAGCCAGAGGCCATGT-1
GRCh38,AAGCCATGTATCCCTA-1
GRCh38,AAGCCATGTATGCGCA-1
GRCh38,AAGCCATGTCGCGTCC-1
GRCh38,AAGCCCAGTACTTGGG-1
GRCh38,AAGCCCAGTGGCGGTT-1
GRCh38,AAGCCCAGTGGGTTTG-1
GRCh38,AAGCCGAAGAAGTGTA-1
GRCh38,AAGCCGAAGACGAACG-1
GRCh38,AAGCCGAAGAGCAGCA-1
GRCh38,AAGCCGAAGCCAGCAT-1
GRCh38,AAGCCGGCACGCAGCT-1
GRCh38,AAGCCTATCAGGTTCA-1
GRCh38,AAGCGGCAGCAATTAC-1
GRCh38,AAGCGTACACCGGACT-1
GRCh38,AAGCGTCTCGTGGGTT-1
GRCh38,AAGCGTGAGACTATGT-1
GRCh38,AAGCTAAAGAGTTGGG-1
GRCh38,AAGCTATTCACGTCAA-1
GRCh38,AAGCTATTCGCTTCCA-1
GRCh38,AAGCTGGAGACGAACG-1
GRCh38,AAGCTGGAGGTCCGAT-1
GRCh38,AAGCTTTAGAATGGCG-1
GRCh38,AAGCTTTAGAGACGCA-1
GRCh38,AAGGAGGCAGCGGGTA-1
GRCh38,AAGGCACCAGTATCAC-1
GRCh38,AAGGCATAGGTAATGA-1
GRCh38,AAGGCCCGTCAAGGTT-1
GRCh38,AAGGCCGCACCTCATC-1
GRCh38,AAGGCGCAGAACAGGT-1
GRCh38,AAGGCGCAGGGGGCAT-1
GRCh38,AAGGCTCTCAGGACTC-1
GRCh38,AAGGCTCTCCAATACG-1
GRCh38,AAGGCTGAGCGAACAG-1
GRCh38,AAGGCTGAGCTGTATG-1
GRCh38,AAGGCTGAGGTCTATG-1
GRCh38,AAGGGACGTATGTTCT-1
GRCh38,AAGGGACGTCGCTCTG-1
GRCh38,AAGGGACGTGTGGCCG-1
GRCh38,AAGGGAGCACATCGGC-1
GRCh38,AAGGGAGCACCGTTTC-1
GRCh38,AAGGGCATCACAATAC-1
GRCh38,AAGGGCCAGACATTCG-1
GRCh38,AAGGGCCAGCATTGCA-1
GRCh38,AAGGGCCAGCGTCTAA-1
GRCh38,AAGGGGACAATCTGAC-1
GRCh38,AAGGGTAGTATGGGTT-1
GRCh38,AAGGGTGTCAGTAATC-1
GRCh38,AAGGGTGTCCAGTATG-1
GRCh38,AAGGGTTAGATCCTAG-1
GRCh38,AAGGGTTAGCGATTCA-1
GRCh38,AAGGTAATCGCGTAGT-1
GRCh38,AAGGTCTGTATGGAGA-1
GRCh38,AAGGTTAAGCAGCGTT-1
GRCh38,AAGGTTCGTAGCCAGC-1
GRCh38,AAGGTTCGTAGTTTAG-1
GRCh38,AAGGTTCGTCCTAATT-1
GRCh38,AAGTACAAGCTTGTCT-1
GRCh38,AAGTACGCAAACCGAA-1
GRCh38,AAGTACGCAATTAAGA-1
GRCh38,AAGTAGCAGCACTTTC-1
GRCh38,AAGTAGGGTCCAGCCC-1
GRCh38,AAGTAGGGTCGCATTC-1
GRCh38,AAGTATACAGGGTTCC-1
GRCh38,AAGTCCATCGGGCTCA-1
GRCh38,AAGTCCGGTACTTCTG-1
GRCh38,AAGTCCGGTCGTATGG-1
GRCh38,AAGTCGCTCAATCATA-1
GRCh38,AAGTCGCTCCAATCAG-1
GRCh38,AAGTCTAGTACATTTC-1
GRCh38,AAGTCTCCAATGGTAG-1
GRCh38,AAGTCTCCAGTCCGTA-1
GRCh38,AAGTGCACACCGTACA-1
GRCh38,AAGTGCACAGTGCATT-1
GRCh38,AAGTGCACAGTTGGAA-1
GRCh38,AAGTGCTGTATCTTCG-1
GRCh38,AAGTGCTGTATGGAGA-1
GRCh38,AAGTTCCCACCTAGAT-1
GRCh38,AAGTTCCCAGCAGCGA-1
GRCh38,AAGTTCGTCCATCGGG-1
GRCh38,AAGTTCGTCCCTACGC-1
GRCh38,AAGTTGCGTCAGGCGT-1
GRCh38,AAGTTTGGTAGACTCG-1
GRCh38,AAGTTTGGTAGAGGTA-1
GRCh38,AAGTTTGGTCACACCT-1
GRCh38,AAGTTTGGTCTACAGG-1
GRCh38,AATACAACAAAGCTTC-1
GRCh38,AATACAACACCAACGC-1
GRCh38,AATACTGGTGCGCTGG-1
GRCh38,AATATAGCACGTGCTA-1
GRCh38,AATATCCAGGTGCTAC-1
GRCh38,AATATCTCAATCCGGC-1
GRCh38,AATATTCCAACGCGTC-1
GRCh38,AATATTCCACCCATAG-1
GRCh38,AATATTCCACGCACTA-1
GRCh38,AATATTCCAGGTTACT-1
GRCh38,AATCAAGAGCAACATT-1
GRCh38,AATCAAGAGCGGTGTT-1
GRCh38,AATCAAGAGGGCCATT-1
GRCh38,AATCACCCAAAGCGTA-1
GRCh38,AATCACCCAGTAGCGG-1
GRCh38,AATCAGCGTGTAGAAG-1
GRCh38,AATCCCCGTCAGTCAG-1
GRCh38,AATCCGTCAAATACCC-1
GRCh38,AATCCTCTCGTTATAA-1
GRCh38,AATCGAGCAATAGCAG-1
GRCh38,AATCGAGCACTGTACG-1
GRCh38,AATCGAGCAGGAACCG-1
GRCh38,AATCGCGGTAACTTCT-1
GRCh38,AATCGGACACACTACG-1
GRCh38,AATCGGCTCAATCGCA-1
GRCh38,AATCGGCTCCAGGTGT-1
GRCh38,AATCGGCTCCTGTACT-1
GRCh38,AATCGTGTCCGAAACC-1
GRCh38,AATCGTGTCGGGCTCA-1
GRCh38,AATCTAGGTCGGCTGG-1
GRCh38,AATCTAGGTGTTACTT-1
GRCh38,AATCTATCAATGGTAG-1
GRCh38,AATCTCACACGTCAAT-1
GRCh38,AATCTCCTCCCAACCC-1
GRCh38,AATCTGGTCAATTATG-1
GRCh38,AATGAACCACTACGAT-1
GRCh38,AATGACAAGGCAGTGA-1
GRCh38,AATGACGCAAACTCCG-1
GRCh38,AATGACGCAGTTGGTT-1
GRCh38,AATGATGAGCGGATAG-1
GRCh38,AATGATGAGGGGTTAG-1
GRCh38,AATGCAAAGGGGATTG-1
GRCh38,AATGCCCAGGCTGTCG-1
GRCh38,AATGCCCAGGGCTTGT-1
GRCh38,AATGCGGAGAGGGACC-1
GRCh38,AATGCGGAGCCCATTT-1
GRCh38,AATGGAGGTATGTGCG-1
GRCh38,AATGGAGGTGGGAGCA-1
GRCh38,AATGGCGAGAACGAAC-1
GRCh38,AATGGCTGTACAGCGC-1
GRCh38,AATGGCTGTCGCATCT-1
GRCh38,AATGGGTAGAGGGACC-1
GRCh38,AATGGTAAGCCATTGA-1
GRCh38,AATGGTAAGCGCTTGG-1
GRCh38,AATGGTCGTCATAGTA-1
GRCh38,AATGGTTTCATTCAAA-1
GRCh38,AATGTAGAGCAACCCG-1
GRCh38,AATGTAGAGCCGTTGG-1
GRCh38,AATGTGCGTCAGGGTC-1
GRCh38,AATGTGCGTCTAGTGG-1
GRCh38,AATGTTATCCTATCCG-1
GRCh38,AATGTTGGTAGTCCGA-1
GRCh38,AATGTTGGTGGCAATT-1
GRCh38,AATTAAGCAAAAGGGG-1
GRCh38,AATTAAGCAAAAGTTA-1
GRCh38,AATTAAGCAAGGGTCG-1
GRCh38,AATTACCAGGCAACAG-1
GRCh38,AATTATGTCATGCAGC-1
GRCh38,AATTATGTCCTACAAG-1
GRCh38,AATTCAGGTGCTACAG-1
GRCh38,AATTCCACAACGTTCG-1
GRCh38,AATTCCACACCTCGAA-1
GRCh38,AATTCCTGTACAGGCC-1
GRCh38,AATTCCTGTACTACCC-1
GRCh38,AATTCCTGTAGTTAGC-1
GRCh38,AATTCCTGTATTGCGG-1
GRCh38,AATTCGCCAACGCCAC-1
GRCh38,AATTCGCCACGTCTAG-1
GRCh38,AATTCGCCAGTCACGC-1
GRCh38,AATTCGCCAGTGCTCA-1
GRCh38,AATTCGGTCATTAATG-1
GRCh38,AATTCGGTCGGCTCGA-1
GRCh38,AATTCGTAGAGGGTAT-1
GRCh38,AATTGCCCAGCATGAA-1
GRCh38,AATTGGCGTCATACCC-1
GRCh38,AATTGTCAGCCGACAT-1
GRCh38,AATTGTGGTCAATCGG-1
GRCh38,AATTGTGGTGCTCGGG-1
GRCh38,AATTGTGGTGTGCCTT-1
GRCh38,AATTTGCAGATCATCG-1
GRCh38,AATTTGCAGGGAATAC-1
GRCh38,ACAACCATCCATTCAC-1
GRCh38,ACAACCATCGTCATCT-1
GRCh38,ACAACCCAGAGCGGTA-1
GRCh38,ACAACCTCACGCAATT-1
GRCh38,ACAACGCTCAAATTGC-1
GRCh38,ACAACGTGTCCTAGCT-1
GRCh38,ACAACGTGTGTCCCGC-1
GRCh38,ACAACTGTCAGGGCAA-1
GRCh38,ACAACTGTCAGGGTCT-1
GRCh38,ACAAGAGGTCGAGGAG-1
GRCh38,ACAAGAGGTGCCTGGG-1
GRCh38,ACAAGCCTCCAGCTAA-1
GRCh38,ACAAGCCTCCTGGTAA-1
GRCh38,ACAAGCGAGAAGGGCC-1
GRCh38,ACAAGCTGTCCACGGG-1
GRCh38,ACAAGCTGTCTAAGGT-1
GRCh38,ACAAGCTGTGGAAGTA-1
GRCh38,ACAAGCTGTGGAGTAA-1
GRCh38,ACAAGTAAGACATCCA-1
GRCh38,ACAAGTAAGCCCAGCA-1
GRCh38,ACAAGTCGTACTCGCT-1
GRCh38,ACAAGTCGTCGAAGGG-1
GRCh38,ACAATAGAGGCATCCG-1
GRCh38,ACAATCCCAGTGTGGG-1
GRCh38,ACAATGAAGATCGGAG-1
GRCh38,ACAATTATCGGACTAC-1
GRCh38,ACAATTCAGAGTTAGA-1
GRCh38,ACAATTCAGCGCGTCA-1
GRCh38,ACAATTCAGGGGATAT-1
GRCh38,ACACAAGCACTATCCC-1
GRCh38,ACACAATTCCACCTAT-1
GRCh38,ACACAATTCCTCGTCA-1
GRCh38,ACACACATCCAGCATA-1
GRCh38,ACACACATCCGATCAA-1
GRCh38,ACACACATCCTCTGCA-1
GRCh38,ACACATGTCACTATAA-1
GRCh38,ACACCCACACTCAATA-1
GRCh38,ACACCCACAGCCTTTC-1
GRCh38,ACACCCGAGAATCAAG-1
GRCh38,ACACCCTGTGTATGCG-1
GRCh38,ACACCGTAGAAGCTTT-1
GRCh38,ACACCGTAGCGCTGCA-1
GRCh38,ACACCGTAGGCTTGTA-1
GRCh38,ACACCTTTCACTATAA-1
GRCh38,ACACCTTTCCGGGTCA-1
GRCh38,ACACCTTTCGCGAGTT-1
GRCh38,ACACCTTTCGGTCGCA-1
GRCh38,ACACGAACACATCAGT-1
GRCh38,ACACGCCCACATCTCC-1
GRCh38,ACACGCCCACCTACCT-1
GRCh38,ACACGCCCAGGGTCAG-1
GRCh38,ACACGCCCAGTGTAAG-1
GRCh38,ACACGGAAGGCTGTCG-1
GRCh38,ACACGGGCACCCTATC-1
GRCh38,ACACGTATCCCTCGGT-1
GRCh38,ACACGTATCGTTCTAC-1
GRCh38,ACACTACCAACTGCAT-1
GRCh38,ACACTACCAGTGATTC-1
GRCh38,ACACTCCGTACAGCAT-1
GRCh38,ACACTCCGTCGCAGTA-1
GRCh38,ACACTTACAAATATTC-1
GRCh38,ACACTTACAGCTTTAA-1
GRCh38,ACACTTACAGTGAAAT-1
GRCh38,ACACTTCTCCTGATTC-1
GRCh38,ACAGAACAGATGCGGA-1
GRCh38,ACAGAATCAAACCCAT-1
GRCh38,ACAGAATCAACTGCCA-1
GRCh38,ACAGAATCAAGCGCTC-1
GRCh38,ACAGAATCACCGGAAG-1
GRCh38,ACAGAATCAGCATAGA-1
GRCh38,ACAGACACACCGGTTA-1
GRCh38,ACAGACGAGACGCCCA-1
GRCh38,ACAGAGCCAAATATCT-1
GRCh38,ACAGAGCCAACACAGA-1
GRCh38,ACAGCAGAGACTTCAG-1
GRCh38,ACAGCAGAGATATGAG-1
GRCh38,ACAGCCTAGCCATTGA-1
GRCh38,ACAGCGAAGAATGCAA-1
GRCh38,ACAGCGAAGGGCCATT-1
GRCh38,ACAGCGGCACTAACCG-1
GRCh38,ACAGCGTTCGGAGTCT-1
GRCh38,ACAGCTATCACCAAGC-1
GRCh38,ACAGGACCAACCACAT-1
GRCh38,ACAGGATAGACAATTC-1
GRCh38,ACAGGATAGACCTTAG-1
GRCh38,ACAGGATAGACTGCAC-1
GRCh38,ACAGGATAGCCCAAGT-1
GRCh38,ACAGGATAGCCGTGAT-1
GRCh38,ACAGGCCGTATTACAG-1
GRCh38,ACAGGCTTCACTCCCA-1
GRCh38,ACAGGCTTCCAATCGA-1
GRCh38,ACAGGCTTCGGTCCCT-1
GRCh38,ACAGGGTCAGCTACCA-1
GRCh38,ACAGGGTCAGGACTTT-1
GRCh38,ACAGGTCTCAACGCTA-1
GRCh38,ACAGGTCTCACTTGCT-1
GRCh38,ACAGGTCTCGCGGTTG-1
GRCh38,ACAGGTCTCGGCAACT-1
GRCh38,ACAGGTTGTACGGGCT-1
GRCh38,ACAGTCTCACTACGAT-1
GRCh38,ACAGTTGTCAAACTAC-1
GRCh38,ACAGTTGTCCAATCAG-1
GRCh38,ACAGTTGTCCCTGTCA-1
GRCh38,ACAGTTGTCGGGTTCG-1
GRCh38,ACAGTTTAGCAGCGTT-1
GRCh38,ACATAACTCGCTCCGT-1
GRCh38,ACATAAGAGAATCAAG-1
GRCh38,ACATACCCAAAGTACG-1
GRCh38,ACATACCCAAATTGGG-1
GRCh38,ACATAGAAGAAGCATA-1
GRCh38,ACATAGCGTAACCCCT-1
GRCh38,ACATAGCGTCTAGTAA-1
GRCh38,ACATAGGCAGCTTAGT-1
GRCh38,ACATATGGTCATACAA-1
GRCh38,ACATATGGTCCGGCCT-1
GRCh38,ACATATTCAAATACCC-1
GRCh38,ACATATTCAACGCGCT-1
GRCh38,ACATCACCAGTACAAG-1
GRCh38,ACATCAGTCAAGCATT-1
GRCh38,ACATCAGTCGGCATTA-1
GRCh38,ACATCATAGCGTACAC-1
GRCh38,ACATCCAAGCTGTGCG-1
GRCh38,ACATCCAAGGGCTTCG-1
GRCh38,ACATCCGCAAAATCAA-1
GRCh38,ACATCTCTCACGTGGT-1
GRCh38,ACATCTCTCCCGCACT-1
GRCh38,ACATCTCTCCGTTACT-1
GRCh38,ACATGCCAGACTGATT-1
GRCh38,ACATGGACAAAACCAG-1
GRCh38,ACATGGGAGATCATCG-1
GRCh38,ACATGTCCAAGTACTC-1
GRCh38,ACATGTCCACAAGACA-1
GRCh38,ACATGTCCACAATGGA-1
GRCh38,ACATGTGTCCCATCCA-1
GRCh38,ACATGTTAGAGCCGTT-1
GRCh38,ACATTATCAAAGCTAG-1
GRCh38,ACATTATCAACAAGAT-1
GRCh38,ACATTCCTCACGAGCT-1
GRCh38,ACATTCCTCCTGTTCG-1
GRCh38,ACATTCGAGGCGGAGT-1
GRCh38,ACATTCTGTGCGCTCC-1
GRCh38,ACATTCTGTGGACCGT-1
GRCh38,ACATTGGTCAGTAAAG-1
GRCh38,ACATTGGTCGGTCGCA-1
GRCh38,ACATTTCGTAAGGTCT-1
GRCh38,ACATTTCGTGCGCCTC-1
GRCh38,ACCAAATTCCGGCCTT-1
GRCh38,ACCAAGACACTGAAAG-1
GRCh38,ACCAAGCTCGCCTTGC-1
GRCh38,ACCAAGCTCGTAGCTA-1
GRCh38,ACCACAGGTCCTTTGA-1
GRCh38,ACCACAGGTGTTGTGG-1
GRCh38,ACCACATCAATCAGTC-1
GRCh38,ACCACATCACATTCCC-1
GRCh38,ACCACCTGTATCTCAT-1
GRCh38,ACCACCTGTATGCGAT-1
GRCh38,ACCACGAGTAATGTCA-1
GRCh38,ACCACGAGTCCGCCGT-1
GRCh38,ACCACGTAGACTGTTG-1
GRCh38,ACCACGTAGCCTGTAA-1
GRCh38,ACCACGTAGGTAACCC-1
GRCh38,ACCACTCGTGTCCCTG-1
GRCh38,ACCAGAGAGAGTGGCA-1
GRCh38,ACCAGGAAGATCCTAG-1
GRCh38,ACCAGGAAGCGGAATG-1
GRCh38,ACCAGGAAGGTCAATT-1
GRCh38,ACCATCCGTCAACGTG-1
GRCh38,ACCATCCGTCAGCGTA-1
GRCh38,ACCATCCGTCGTCTTA-1
GRCh38,ACCATCTTCAATGGTT-1
GRCh38,ACCATCTTCCGAAACC-1
GRCh38,ACCATGCAGATTCAAC-1
GRCh38,ACCATGCAGGCGTCAT-1
GRCh38,ACCATGCAGGGCGAAC-1
GRCh38,ACCATTCTCGGCAACT-1
GRCh38,ACCCAAATCACTCTCG-1
GRCh38,ACCCAAATCCGGCATG-1
GRCh38,ACCCAAATCCGTATTC-1
GRCh38,ACCCACACACGACGGA-1
GRCh38,ACCCACACAGGACATA-1
GRCh38,ACCCACACAGTATAGG-1
GRCh38,ACCCATAAGAGACTTT-1
GRCh38,ACCCATAAGCAATGGG-1
GRCh38,ACCCATAAGCACCTTT-1
GRCh38,ACCCATCGTAACCGCA-1
GRCh38,ACCCATCGTCAATTTC-1
GRCh38,ACCCATGCAGCAGTAA-1
GRCh38,ACCCATGCAGTTGGGG-1
GRCh38,ACCCATTTCACGGTTA-1
GRCh38,ACCCATTTCGGCTCTC-1
GRCh38,ACCCCATGTCATTGGG-1
GRCh38,ACCCCGAAGCGAAGCA-1
GRCh38,ACCCCGAAGCTGCATA-1
GRCh38,ACCCCGAAGGGATTAA-1
GRCh38,ACCCCTATCCGGTCGA-1
GRCh38,ACCCCTGGTCTGCATC-1
GRCh38,ACCCGACCAAAGTACG-1
GRCh38,ACCCGACCAACCTAAC-1
GRCh38,ACCCGATAGCACCCGA-1
GRCh38,ACCCGATAGGGTTTCA-1
GRCh38,ACCCGCAAGCTGGCAT-1
GRCh38,ACCCGCTTCCCTTAAC-1
GRCh38,ACCCGCTTCCTAGTTC-1
GRCh38,ACCCGCTTCGGAAACG-1
GRCh38,ACCCGTTGTGGTTGGC-1
GRCh38,ACCCTAGCACTGCTCT-1
GRCh38,ACCCTGCTCATGGTAT-1
GRCh38,ACCCTGCTCCTAATGG-1
GRCh38,ACCCTTAGTCATACGG-1
GRCh38,ACCCTTAGTCTCGGTT-1
GRCh38,ACCCTTTAGAGGCTGA-1
GRCh38,ACCCTTTAGCTACGAC-1
GRCh38,ACCTAACCAATAGCAG-1
GRCh38,ACCTAACCACACAGCC-1
GRCh38,ACCTAACCAGCCCAAC-1
GRCh38,ACCTACAAGCGAAGCA-1
GRCh38,ACCTACGCACATTGGT-1
GRCh38,ACCTAGTCAAACCGAA-1
GRCh38,ACCTAGTCAATAGCAG-1
GRCh38,ACCTCAGCAATGGCGG-1
GRCh38,ACCTCATTCATGGTCA-1
GRCh38,ACCTCATTCATTACAA-1
GRCh38,ACCTCATTCGTAACCA-1
GRCh38,ACCTCTGTCCGAGCAT-1
GRCh38,ACCTCTGTCCTCCGGT-1
GRCh38,ACCTGCACAAACTACC-1
GRCh38,ACCTGCTGTGTTAAGC-1
GRCh38,ACCTGTCGTGTTCAGG-1
GRCh38,ACCTTAGAGCTCAGTA-1
GRCh38,ACCTTAGAGGCAAGGC-1
GRCh38,ACCTTAGAGGCGTGAA-1
GRCh38,ACCTTGCGTAAGTTGC-1
GRCh38,ACCTTGCGTAGTTAGC-1
GRCh38,ACCTTGCGTATGAGGA-1
GRCh38,ACCTTTCAGGCTATTG-1
GRCh38,ACCTTTGGTAGGCAGG-1
GRCh38,ACGAAAGGTATCGTGG-1
GRCh38,ACGAAAGGTGGAAATG-1
GRCh38,ACGAACACAGCAGCCT-1
GRCh38,ACGAACACAGTTCTCC-1
GRCh38,ACGAACCTCGTGCTCC-1
GRCh38,ACGAACGAGGCAAAGT-1
GRCh38,ACGAAGCCAAGTGGCG-1
GRCh38,ACGAAGTAGGGCATGA-1
GRCh38,ACGAAGTAGGGGCTTT-1
GRCh38,ACGAAGTAGGTCGTAC-1
GRCh38,ACGACGAAGCTATCAG-1
GRCh38,ACGACTATCAGCCAAC-1
GRCh38,ACGAGACCACCTACCT-1
GRCh38,ACGAGACCAGCCCATA-1
GRCh38,ACGAGACCAGTTGAGA-1
GRCh38,ACGAGGCAGGCTTGAC-1
GRCh38,ACGATAGCAATGACAG-1
GRCh38,ACGATATTCATGGTTG-1
GRCh38,ACGATGGAGACAAGAC-1
GRCh38,ACGATGGAGACCCCAG-1
GRCh38,ACGCAATGTCCTACGT-1
GRCh38,ACGCACCCACTAAGCT-1
GRCh38,ACGCACCCAGTACGCC-1
GRCh38,ACGCAGGCAACAGGAC-1
GRCh38,ACGCAGTTCCGCCGTT-1
GRCh38,ACGCAGTTCGCTTCCA-1
GRCh38,ACGCATATCCACTACT-1
GRCh38,ACGCATATCCCTGAAA-1
GRCh38,ACGCATATCGGATCAC-1
GRCh38,ACGCATATCGTAATCG-1
GRCh38,ACGCCACCAAGGACAC-1
GRCh38,ACGCCACCAAGGTTAG-1
GRCh38,ACGCCACCACTCATAA-1
GRCh38,ACGCCCAAGACTGTTG-1
GRCh38,ACGCCCAAGCCACAAC-1
GRCh38,ACGCCCAAGCCTATGA-1
GRCh38,ACGCCCTTCCGCCTAC-1
GRCh38,ACGCCGGGTCACCCAT-1
GRCh38,ACGCCTCTCAACGTGC-1
GRCh38,ACGCCTCTCCAATGTG-1
GRCh38,ACGCCTCTCCTAGTTC-1
GRCh38,ACGCGAAAGCTACACA-1
GRCh38,ACGCGAGCACAATTAT-1
GRCh38,ACGCGCATCCATGCTT-1
GRCh38,ACGCGCATCCCACAGG-1
GRCh38,ACGCGCATCGTCCCTA-1
GRCh38,ACGCGTCCACACGTCA-1
GRCh38,ACGCGTGTCAGCAATT-1
GRCh38,ACGCGTGTCCTATCAC-1
GRCh38,ACGCGTTAGCGGTTAC-1
GRCh38,ACGCTAATCAACACGC-1
GRCh38,ACGCTAATCAACCTCT-1
GRCh38,ACGCTAATCATGCAAT-1
GRCh38,ACGCTAATCCGCATGG-1
GRCh38,ACGCTCACACTATAAT-1
GRCh38,ACGCTCCTCAATGTTA-1
GRCh38,ACGCTGAGTGCGAATT-1
GRCh38,ACGCTGTAGGTCGCCA-1
GRCh38,ACGCTTCGTATCCCCG-1
GRCh38,ACGCTTCGTCAAGGCC-1
GRCh38,ACGCTTCGTCAAGGTT-1
GRCh38,ACGCTTCGTCTAGCTC-1
GRCh38,ACGGACGCACGGTATT-1
GRCh38,ACGGATTGTACGTGAT-1
GRCh38,ACGGCAAAGCCTGACG-1
GRCh38,ACGGCAGCAACACGAA-1
GRCh38,ACGGCCATCAGCACTA-1
GRCh38,ACGGCCATCCCTTCTC-1
GRCh38,ACGGCCATCGGTCAGT-1
GRCh38,ACGGGATCAATTGACC-1
GRCh38,ACGGGCTGTCTTCTAG-1
GRCh38,ACGGGGTAGAATGGCG-1
GRCh38,ACGGGTAAGGGAATAC-1
GRCh38,ACGGGTAAGGGTGAAT-1
GRCh38,ACGGGTCGTACGTTGG-1
GRCh38,ACGGGTCGTATGGTTA-1
GRCh38,ACGGGTCGTCGTAGAT-1
GRCh38,ACGGGTTTCAATCTGG-1
GRCh38,ACGGTCAGTACGGATT-1
GRCh38,ACGGTCAGTATATTCC-1
GRCh38,ACGGTCAGTCGAGGCT-1
GRCh38,ACGGTCGTCCGCATGG-1
GRCh38,ACGGTCGTCCTTCGCA-1
GRCh38,ACGGTGTTCAGTATGT-1
GRCh38,ACGGTTATCAGTCAAT-1
GRCh38,ACGTAAGCAAGTCGGG-1
GRCh38,ACGTAATTCACAGTTG-1
GRCh38,ACGTAATTCACCCATT-1
GRCh38,ACGTACTCAACTGAAG-1
GRCh38,ACGTACTCAATCCCGA-1
GRCh38,ACGTACTCACATTGGT-1
GRCh38,ACGTACTCACCACAAT-1
GRCh38,ACGTACTCACGCATAT-1
GRCh38,ACGTATGTCAACGCTA-1
GRCh38,ACGTATTAGATGCCCG-1
GRCh38,ACGTATTAGGTCATGC-1
GRCh38,ACGTCAATCACGTCCC-1
GRCh38,ACGTCACAGACATAAG-1
GRCh38,ACGTCACAGGTAGACG-1
GRCh38,ACGTCAGGTCACGCTT-1
GRCh38,ACGTCCACAGTTCACG-1
GRCh38,ACGTCCGAGAGAGGTT-1
GRCh38,ACGTCCGAGGGTACAG-1
GRCh38,ACGTCGCCACAAGTCT-1
GRCh38,ACGTCGGTCCCACCTA-1
GRCh38,ACGTCGGTCCTCCACA-1
GRCh38,ACGTCTCGTCGTTAGG-1
GRCh38,ACGTGCAGTAAGTTTG-1
GRCh38,ACGTGCAGTCAATTAG-1
GRCh38,ACGTGCAGTGCTACAG-1
GRCh38,ACGTGCCCAAAAGTTA-1
GRCh38,ACGTGCCCAAGCACAA-1
GRCh38,ACGTGGGCAAGCAGTA-1
GRCh38,ACGTGGGCAATGGGAC-1
GRCh38,ACGTGGGCACACCTCT-1
GRCh38,ACGTGGGCACCTAGAT-1
GRCh38,ACGTGGGCAGTTAAGG-1
GRCh38,ACGTGTCAGAAGCATA-1
GRCh38,ACGTGTCAGCGTTGTA-1
GRCh38,ACGTGTCAGGGGTTGA-1
GRCh38,ACGTTATAGCCAAGCT-1
GRCh38,ACGTTCGCAGCTATTA-1
GRCh38,ACGTTCGCAGTTGCCA-1
GRCh38,ACTAAACTCATGGCTA-1
GRCh38,ACTAACCCACAATAGG-1
GRCh38,ACTAATATCCACAACA-1
GRCh38,ACTAATATCGGGTATC-1
GRCh38,ACTAATCAGAAACGCG-1
GRCh38,ACTAATCAGAATACAG-1
GRCh38,ACTAATGGTACGCAAT-1
GRCh38,ACTAATGGTCTAGCAG-1
GRCh38,ACTAATGGTGTAGAAG-1
GRCh38,ACTAATTCAACGCTCA-1
GRCh38,ACTAATTCACCCAACA-1
GRCh38,ACTAATTCACCGACTA-1
GRCh38,ACTACAAGTAAAGCCT-1
GRCh38,ACTACAAGTAGGTTGT-1
GRCh38,ACTACAAGTGTGTGCA-1
GRCh38,ACTACATAGAGCGTAG-1
GRCh38,ACTACATAGCGTTGAC-1
GRCh38,ACTACCCGTAATGGGA-1
GRCh38,ACTACCCGTACTACAA-1
GRCh38,ACTACCCGTCACTCCG-1
GRCh38,ACTACCCGTGGCCCCT-1
GRCh38,ACTACCTTCGCATACA-1
GRCh38,ACTACCTTCGGTTACA-1
GRCh38,ACTACCTTCGTGGCAT-1
GRCh38,ACTACTTGTATTGCTT-1
GRCh38,ACTATAATCACGGTTA-1
GRCh38,ACTATAGGTACAATTG-1
GRCh38,ACTATATCAAAGTGCA-1
GRCh38,ACTATATCACCGTCAA-1
GRCh38,ACTATATCACTCACTC-1
GRCh38,ACTATATCAGCGCTTA-1
GRCh38,ACTATCACACATCATA-1
GRCh38,ACTATCGAGACGACGA-1
GRCh38,ACTATCGAGAGAGAGA-1
GRCh38,ACTATCGAGGGATGAT-1
GRCh38,ACTATCGAGGGGTACA-1
GRCh38,ACTATGAGTATCAGTA-1
GRCh38,ACTATGTAGATGCCAC-1
GRCh38,ACTATGTAGGCCTGCA-1
GRCh38,ACTCAGGGTCTTGTAT-1
GRCh38,ACTCATACAAATCACC-1
GRCh38,ACTCATACACCTAGGC-1
GRCh38,ACTCATCTCAGGGCAA-1
GRCh38,ACTCATCTCCGCTTCA-1
GRCh38,ACTCATTGTATAAGGG-1
GRCh38,ACTCATTGTGCTTGTC-1
GRCh38,ACTCCAAAGAGGGTAT-1
GRCh38,ACTCCAAAGATTCAGT-1
GRCh38,ACTCCAAAGGTCCTAA-1
GRCh38,ACTCCATTCACTTTCA-1
GRCh38,ACTCCATTCATCCGCC-1
GRCh38,ACTCCATTCGCGGATT-1
GRCh38,ACTCCCATCACCTCAT-1
GRCh38,ACTCCCGGTCAGTTGG-1
GRCh38,ACTCCGACAAACCGGG-1
GRCh38,ACTCCGCTCAACCAAT-1
GRCh38,ACTCCGCTCAGTATTA-1
GRCh38,ACTCCTGTCGCGGAAA-1
GRCh38,ACTCGACAGCACTATG-1
GRCh38,ACTCGAGGTACTCATT-1
GRCh38,ACTCGATCAACCTGCA-1
GRCh38,ACTCGATCAAGCGCCT-1
GRCh38,ACTCGCACACAGCGGA-1
GRCh38,ACTCGGCCACCTAGCA-1
GRCh38,ACTCGGGTCACGTCAA-1
GRCh38,ACTCGGGTCGGCTTCC-1
GRCh38,ACTCGGGTCGGTATTG-1
GRCh38,ACTCTCGTCATACCTC-1
GRCh38,ACTCTGTTCACAATCG-1
GRCh38,ACTCTGTTCCTCCATG-1
GRCh38,ACTCTTATCACAAGCC-1
GRCh38,ACTCTTATCCCTGACC-1
GRCh38,ACTGAAGCACACAAGA-1
GRCh38,ACTGAAGCAGGCGTTC-1
GRCh38,ACTGACATCATCAGGC-1
GRCh38,ACTGACATCATTGTAA-1
GRCh38,ACTGACATCCAACCTT-1
GRCh38,ACTGACATCCTAAACG-1
GRCh38,ACTGAGACAAGCGAAC-1
GRCh38,ACTGAGACACTCACTC-1
GRCh38,ACTGATTAGCACCACG-1
GRCh38,ACTGCACAGACTGATT-1
GRCh38,ACTGCAGGTCACTTAT-1
GRCh38,ACTGCAGGTCATACCC-1
GRCh38,ACTGCATCACTGTAAC-1
GRCh38,ACTGCCACACAACTAC-1
GRCh38,ACTGCCACACTCCGAA-1
GRCh38,ACTGCCACAGTGTGGG-1
GRCh38,ACTGCCACAGTTCACG-1
GRCh38,ACTGCCCTCGGTTAGC-1
GRCh38,ACTGCGAGTAGTTGCG-1
GRCh38,ACTGCGAGTGGTGCGT-1
GRCh38,ACTGCGCCACGTAAAG-1
GRCh38,ACTGGAACAACGACCC-1
GRCh38,ACTGGAACAGTCATAC-1
GRCh38,ACTGGATGTACTTAAG-1
GRCh38,ACTGGCGTCACGATAT-1
GRCh38,ACTGGCGTCCGCCTAC-1
GRCh38,ACTGGGCGTCAGGCCG-1
GRCh38,ACTGGGCGTCGCTATC-1
GRCh38,ACTGGGCGTGGAACCC-1
GRCh38,ACTGGGCGTGGTTCAG-1
GRCh38,ACTGGGGCAATACGCT-1
GRCh38,ACTGGGGCAGGGCTTC-1
GRCh38,ACTGTCTTCATATGGT-1
GRCh38,ACTGTCTTCCTGCATT-1
GRCh38,ACTGTCTTCGCCCGTT-1
GRCh38,ACTGTTGAGATCGGAG-1
GRCh38,ACTTAAATCCCACCGT-1
GRCh38,ACTTAAATCCTGGTAA-1
GRCh38,ACTTAAATCGCATCAA-1
GRCh38,ACTTAACAGATAAGCA-1
GRCh38,ACTTAACAGATGAGGT-1
GRCh38,ACTTAACAGCAACATT-1
GRCh38,ACTTAAGGTCACACCT-1
GRCh38,ACTTAAGGTCGAAGTT-1
GRCh38,ACTTAATCAGGTTTCG-1
GRCh38,ACTTACACAACCTACG-1
GRCh38,ACTTACACACACGTCA-1
GRCh38,ACTTACACACGCGTTA-1
GRCh38,ACTTACCTCGGACTAC-1
GRCh38,ACTTAGCCACCACACA-1
GRCh38,ACTTAGCCACGTGCTA-1
GRCh38,ACTTATCGTATAAGCC-1
GRCh38,ACTTCAGAGAAACGCG-1
GRCh38,ACTTCAGAGCATTTGG-1
GRCh38,ACTTCATGTCATCTAT-1
GRCh38,ACTTCCGTCGGTTCCC-1
GRCh38,ACTTCCGTCGTTGGGT-1
GRCh38,ACTTCGCGTGCGCTGG-1
GRCh38,ACTTCGCGTGGGAGAT-1
GRCh38,ACTTCGGCAAACGTTC-1
GRCh38,ACTTCGGCAATGCTTA-1
GRCh38,ACTTCGTTCATGGGCT-1
GRCh38,ACTTCGTTCGTCAAGC-1
GRCh38,ACTTCTATCAGGGACA-1
GRCh38,ACTTCTATCATAGTGT-1
GRCh38,ACTTCTGGTAACGCTG-1
GRCh38,ACTTGCCGTGCTCTGT-1
GRCh38,ACTTGCCGTGGTTGAT-1
GRCh38,ACTTGCTTCCAACTTC-1
GRCh38,ACTTGCTTCCGAGCAT-1
GRCh38,ACTTGCTTCGCAAACC-1
GRCh38,ACTTGGGGTCATCATT-1
GRCh38,ACTTGTCTCCGTTCTG-1
GRCh38,ACTTGTGAGCGTTTGA-1
GRCh38,ACTTTAGCAACATGTC-1
GRCh38,ACTTTCCAGACAATTC-1
GRCh38,ACTTTCCAGCATATCG-1
GRCh38,ACTTTCCAGCCGCACA-1
GRCh38,ACTTTCCAGGCTTCGG-1
GRCh38,ACTTTCGGTGGAGCTC-1
GRCh38,AGAAGCCCACTACGAT-1
GRCh38,AGAAGCTAGCCCTTAT-1
GRCh38,AGAATACCAACACTAC-1
GRCh38,AGAATACCACTAAAGG-1
GRCh38,AGAATCAAGAGTGTAA-1
GRCh38,AGAATGGGTAATTTGG-1
GRCh38,AGAATGGGTAGTCCGA-1
GRCh38,AGACAATCAACACCCA-1
GRCh38,AGACAGCCACCACTAG-1
GRCh38,AGACAGGTCATTAAGC-1
GRCh38,AGACATAAGAATGCGG-1
GRCh38,AGACATAAGGCACAAG-1
GRCh38,AGACATTTCCGGGCTA-1
GRCh38,AGACGATAGACGGGGT-1
GRCh38,AGACGCAAGACCCAAC-1
GRCh38,AGACGCTTCATGGTGC-1
GRCh38,AGACGTACACAGCGGA-1
GRCh38,AGACGTACAGTGCAGG-1
GRCh38,AGACGTTGTGGATTTA-1
GRCh38,AGACGTTGTGTATCTT-1
GRCh38,AGACTCGGTCGAGGAG-1
GRCh38,AGACTGCTCCTCGAAA-1
GRCh38,AGAGAACTCCCCACGT-1
GRCh38,AGAGAATGTCAATGCG-1
GRCh38,AGAGACCCACCGTACA-1
GRCh38,AGAGAGGCACCACCAA-1
GRCh38,AGAGAGGCACGTTCGA-1
GRCh38,AGAGAGGCACTTGACG-1
GRCh38,AGAGATGGTATCCGGA-1
GRCh38,AGAGATTCACCTGTAG-1
GRCh38,AGAGGCGGTCTAACTT-1
GRCh38,AGAGGGTGTAGCGTTG-1
GRCh38,AGAGGTTAGCGTTACA-1
GRCh38,AGAGGTTAGCTGACGT-1
GRCh38,AGAGTAATCAAGCTTG-1
GRCh38,AGAGTAATCACTCGTT-1
GRCh38,AGAGTAATCCAGGATC-1
GRCh38,AGAGTAGGTAGGACGG-1
GRCh38,AGAGTTAAGCCTAAGC-1
GRCh38,AGAGTTAAGCCTGACG-1
GRCh38,AGCAAATCAACACCCA-1
GRCh38,AGCAAATCAATGACAG-1
GRCh38,AGCAACGAGGCCTATA-1
GRCh38,AGCAAGCCAAGTCTTA-1
GRCh38,AGCAATCGTAAGCGTT-1
GRCh38,AGCAATCGTATCGCAG-1
GRCh38,AGCAATCGTCGATTGG-1
GRCh38,AGCAATCGTCGTCGGG-1
GRCh38,AGCAATCGTGGACTAT-1
GRCh38,AGCAATTTCCATATGG-1
GRCh38,AGCACAACACAAGGGT-1
GRCh38,AGCACGTTCCCTTTGG-1
GRCh38,AGCACGTTCCTGTACT-1
GRCh38,AGCACTATCGCTCTAT-1
GRCh38,AGCACTATCGGATGTC-1
GRCh38,AGCAGATAGCCAAGCT-1
GRCh38,AGCAGATAGGGTTCGT-1
GRCh38,AGCAGTACAAGGACTA-1
GRCh38,AGCAGTACAATCGGCC-1
GRCh38,AGCAGTACAATGCTTA-1
GRCh38,AGCAGTTGTCGGTTAG-1
GRCh38,AGCATAGCAAAGTAAC-1
GRCh38,AGCATAGCAATCGAGA-1
GRCh38,AGCATAGCAGGGGCTA-1
GRCh38,AGCATAGCAGTAGGCG-1
GRCh38,AGCATATTCAAGGGGC-1
GRCh38,AGCATATTCAATGTGT-1
GRCh38,AGCATCGGTAGTCTGG-1
GRCh38,AGCATCGGTGTAAGTC-1
GRCh38,AGCATTCCACTCCTTA-1
GRCh38,AGCATTGTCAAGCCTA-1
GRCh38,AGCATTTAGAAGCTAA-1
GRCh38,AGCATTTAGCCGCTAG-1
GRCh38,AGCATTTAGCGACAGA-1
GRCh38,AGCCAACTCGCACTCC-1
GRCh38,AGCCAACTCGTCTCTG-1
GRCh38,AGCCAGCGTAACGCAT-1
GRCh38,AGCCATATCATGGTAT-1
GRCh38,AGCCATTCAAACGAGC-1
GRCh38,AGCCATTCAAGTAAAC-1
GRCh38,AGCCATTCAGGCGTTC-1
GRCh38,AGCCCATAGACCTACA-1
GRCh38,AGCCCATAGCATTTCC-1
GRCh38,AGCCCATAGGTCGACT-1
GRCh38,AGCCCCAAGAAAGGTC-1
GRCh38,AGCCCCAAGCTCATGA-1
GRCh38,AGCCCCAAGGGAGCGT-1
GRCh38,AGCCCCTTCCGCATAA-1
GRCh38,AGCCCCTTCCTGGTCC-1
GRCh38,AGCCCTCTCACTAACG-1
GRCh38,AGCCCTCTCGCATTAG-1
GRCh38,AGCCGCATCAGAAGTA-1
GRCh38,AGCCGCATCGGCCCTT-1
GRCh38,AGCCGTCCAACAATCC-1
GRCh38,AGCCGTCCACCCTTTA-1
GRCh38,AGCCGTCCAGCTGTAT-1
GRCh38,AGCCGTGTCATAACAC-1
GRCh38,AGCCGTTAGATCTCGA-1
GRCh38,AGCCGTTAGGGACTGA-1
GRCh38,AGCCTCCTCCACTTCG-1
GRCh38,AGCCTCCTCCCACCTA-1
GRCh38,AGCCTCCTCGTTAGCA-1
GRCh38,AGCCTCTGTATCTGGG-1
GRCh38,AGCCTGTAGCCGTTAA-1
GRCh38,AGCCTGTAGCTGATTG-1
GRCh38,AGCCTTCGTACGCAAT-1
GRCh38,AGCCTTCGTCGGTTTC-1
GRCh38,AGCGAATAGATCCTAG-1
GRCh38,AGCGAATAGCATAGGG-1
GRCh38,AGCGAATAGCCCAACG-1
GRCh38,AGCGACAAGACAGCAG-1
GRCh38,AGCGACAAGCTCGAAC-1
GRCh38,AGCGAGTCACCCAAGC-1
GRCh38,AGCGAGTCACCTACGA-1
GRCh38,AGCGAGTCAGGTTGCC-1
GRCh38,AGCGATACAGGAGCCA-1
GRCh38,AGCGATGAGATGAAGC-1
GRCh38,AGCGATGAGGTAGGTG-1
GRCh38,AGCGATGAGGTCTCCC-1
GRCh38,AGCGCAGCAAGCTGGG-1
GRCh38,AGCGCAGCAGCCATAT-1
GRCh38,AGCGCATTCATCCTAC-1
GRCh38,AGCGCATTCGTTCATC-1
GRCh38,AGCGCCATCACAGATT-1
GRCh38,AGCGCCATCACAGCGT-1
GRCh38,AGCGCCTCAAGTCATC-1
GRCh38,AGCGGACAGACACATT-1
GRCh38,AGCGGACAGCATTAAC-1
GRCh38,AGCGGACAGGCCCTGA-1
GRCh38,AGCGGACAGGCGTTAC-1
GRCh38,AGCGGTCGTAGCCTCT-1
GRCh38,AGCGGTCGTATCGCAG-1
GRCh38,AGCGGTCGTCACCCAT-1
GRCh38,AGCGGTCGTCACCCGC-1
GRCh38,AGCGGTCGTCATCTCA-1
GRCh38,AGCGGTCGTGTAATTG-1
GRCh38,AGCGGTTTCCTCTGGC-1
GRCh38,AGCGGTTTCCTTAGTC-1
GRCh38,AGCGTAGAGAATGCGG-1
GRCh38,AGCGTAGAGACATGAA-1
GRCh38,AGCGTCAGTACATTCT-1
GRCh38,AGCGTCCCACTATAGC-1
GRCh38,AGCGTTTCAACGTGCC-1
GRCh38,AGCTATCCACAGCGTC-1
GRCh38,AGCTATCCACTACTTT-1
GRCh38,AGCTGAACAGGCTCTA-1
GRCh38,AGCTGATGTCATAGGT-1
GRCh38,AGCTGGGCACGCAGCT-1
GRCh38,AGCTGTATCAGGCACT-1
GRCh38,AGCTGTGGTACCTCCG-1
GRCh38,AGCTGTGGTGTCCCTG-1
GRCh38,AGCTTACCAAAACTAA-1
GRCh38,AGCTTACCAACGTTCG-1
GRCh38,AGCTTAGTCAGCCTCC-1
GRCh38,AGCTTATAGGTAGCAG-1
GRCh38,AGCTTCCGTATCCGTC-1
GRCh38,AGCTTCGCAAAACGGC-1
GRCh38,AGCTTGGGTATGGAGA-1
GRCh38,AGCTTTACAAGCTGCC-1
GRCh38,AGCTTTACAGTCTAAC-1
GRCh38,AGCTTTGAGCCCATTT-1
GRCh38,AGCTTTGAGGGAATTA-1
GRCh38,AGGAAATGTATCCGCT-1
GRCh38,AGGAATGGTGCTACCT-1
GRCh38,AGGAATTCACTAAACC-1
GRCh38,AGGAATTCAGTTAGTC-1
GRCh38,AGGACACCACCTAGCA-1
GRCh38,AGGACACCAGCTTACG-1
GRCh38,AGGACATAGCGGTCCA-1
GRCh38,AGGACCAAGGGCATAG-1
GRCh38,AGGACGCAGCGTGGAA-1
GRCh38,AGGACGCAGCTGGTTA-1
GRCh38,AGGACGGGTAGGCGGA-1
GRCh38,AGGACTACAATGGCGG-1
GRCh38,AGGACTACACACAGAA-1
GRCh38,AGGACTACACGGTGTC-1
GRCh38,AGGACTACACTAATAT-1
GRCh38,AGGACTCTCATGGTCA-1
GRCh38,AGGAGGACACGCGCAT-1
GRCh38,AGGAGTTAGCCTGCGA-1
GRCh38,AGGATATCACGCGTTA-1
GRCh38,AGGATATCAGTGCGTC-1
GRCh38,AGGATCACACATATGC-1
GRCh38,AGGATTCGTAAGTCTA-1
GRCh38,AGGATTCGTGCTGCCC-1
GRCh38,AGGATTCGTGGCGCTG-1
GRCh38,AGGCACGCAACACTCG-1
GRCh38,AGGCACGCAACAGACA-1
GRCh38,AGGCACGCACTGCAAT-1
GRCh38,AGGCACTTCCGAAGTC-1
GRCh38,AGGCACTTCCTAATCC-1
GRCh38,AGGCAGCAGGGTATCC-1
GRCh38,AGGCCATTCCGCTACC-1
GRCh38,AGGCCCATCATTCGTC-1
GRCh38,AGGCCCATCCTCAGCC-1
GRCh38,AGGCCCGGTCAATATG-1
GRCh38,AGGCCCGGTCACCGGG-1
GRCh38,AGGCCCGGTCGCTGGG-1
GRCh38,AGGCCCGGTGGCGTTA-1
GRCh38,AGGCCGACAACTGCGC-1
GRCh38,AGGCCGTGTAAGCGTT-1
GRCh38,AGGCCGTGTGGCATTG-1
GRCh38,AGGCGACAGCCGCCAA-1
GRCh38,AGGCGACAGCTGCGTG-1
GRCh38,AGGCGCTGTAAGGGTA-1
GRCh38,AGGCGCTGTGGATTTA-1
GRCh38,AGGCGCTGTGGCGTGT-1
GRCh38,AGGCGGAGTACAGGCC-1
GRCh38,AGGCGGAGTCGTTGCT-1
GRCh38,AGGCGGTAGAAGCCAG-1
GRCh38,AGGCGGTAGATGGGTG-1
GRCh38,AGGCGGTAGCTTAGCA-1
GRCh38,AGGCGTAAGCATGCGT-1
GRCh38,AGGCTCAGTCCTTGTA-1
GRCh38,AGGCTCAGTGGTACTG-1
GRCh38,AGGCTCAGTGTTCTCA-1
GRCh38,AGGCTCCCAACAGCGG-1
GRCh38,AGGCTCCCAAGCGTCC-1
GRCh38,AGGCTCGTCCATCGCC-1
GRCh38,AGGCTCGTCCTGCACC-1
GRCh38,AGGCTGAAGAACGTAA-1
GRCh38,AGGCTTATCAACCAAT-1
GRCh38,AGGCTTATCAGCACTA-1
GRCh38,AGGGACATCAATCGCA-1
GRCh38,AGGGACCAGAGTATAG-1
GRCh38,AGGGACCAGCCTAGAC-1
GRCh38,AGGGACTCAAGAATTA-1
GRCh38,AGGGACTCACCAGACC-1
GRCh38,AGGGAGTGTACCAGAT-1
GRCh38,AGGGAGTGTCTACTAT-1
GRCh38,AGGGATTAGAACGAAC-1
GRCh38,AGGGCAATCGTGCAGT-1
GRCh38,AGGGCATCAACTCATA-1
GRCh38,AGGGCTTTCCGTAAAT-1
GRCh38,AGGGGAACAATGCGAA-1
GRCh38,AGGGGAACACCCTGAA-1
GRCh38,AGGGGATGTAGGCGCT-1
GRCh38,AGGGGATGTATGGCCA-1
GRCh38,AGGGGCTAGCTTGGGT-1
GRCh38,AGGGGTATCGGAATGG-1
GRCh38,AGGGGTATCGTAATCG-1
GRCh38,AGGGGTCAGCAAGAGT-1
GRCh38,AGGGTAAGTAGACTCG-1
GRCh38,AGGGTAAGTCCAACCT-1
GRCh38,AGGGTATAGAGTCCAC-1
GRCh38,AGGGTATAGCATGTCA-1
GRCh38,AGGGTATAGGGGCGAT-1
GRCh38,AGGGTCGCACTAGGAA-1
GRCh38,AGGGTGCAGAATTCGT-1
GRCh38,AGGGTTACAATTAAAG-1
GRCh38,AGGGTTCTCCCGCTGT-1
GRCh38,AGGGTTCTCCGATAAT-1
GRCh38,AGGTAAATCCTCTCCT-1
GRCh38,AGGTAAATCGGACATC-1
GRCh38,AGGTAACAGACCTTAG-1
GRCh38,AGGTAACAGGCGGAGT-1
GRCh38,AGGTAACAGGTGCTAC-1
GRCh38,AGGTAAGGTAACCCGA-1
GRCh38,AGGTAAGGTAGTCAGT-1
GRCh38,AGGTAATCACCCAAAT-1
GRCh38,AGGTACGAGATATTGC-1
GRCh38,AGGTACGAGGCTTGCG-1
GRCh38,AGGTACGAGGGGATCA-1
GRCh38,AGGTATAAGCTAGCCG-1
GRCh38,AGGTGATAGCGATGGA-1
GRCh38,AGGTGATAGCTTAGGC-1
GRCh38,AGGTGATAGGTCCATA-1
GRCh38,AGGTTAGCAGCAGTAA-1
GRCh38,AGGTTCATCGCACGTG-1
GRCh38,AGGTTCATCGCTATAG-1
GRCh38,AGGTTCGGTATATGGC-1
GRCh38,AGGTTGTGTAACGCCA-1
GRCh38,AGGTTGTGTCCGGCCT-1
GRCh38,AGGTTTAGTAGTCGCA-1
GRCh38,AGGTTTCCAACTGCAT-1
GRCh38,AGGTTTCCACACTCAG-1
GRCh38,AGGTTTCCACAGCGTC-1
GRCh38,AGTAAACCAAACCGGG-1
GRCh38,AGTAAAGTCCTCCTCT-1
GRCh38,AGTAACGCAGCCTTTC-1
GRCh38,AGTAAGCAGCACAATT-1
GRCh38,AGTAAGCAGCATTTCC-1
GRCh38,AGTAAGGGTACTCAGG-1
GRCh38,AGTAAGGGTGGACTAT-1
GRCh38,AGTAATCTCACTCGGG-1
GRCh38,AGTAATGAGCGTAGAG-1
GRCh38,AGTACAGCAACAGACA-1
GRCh38,AGTACAGCAACATTAT-1
GRCh38,AGTACAGCAATCAGTC-1
GRCh38,AGTACATTCCGGCTTC-1
GRCh38,AGTACATTCGCAAAGG-1
GRCh38,AGTACGACAAGGGTCG-1
GRCh38,AGTACGACACTAAGGA-1
GRCh38,AGTACGCTCAGGTTCA-1
GRCh38,AGTACGGAGCCGTAGT-1
GRCh38,AGTACGGAGGGACGTA-1
GRCh38,AGTACGTGTACGTTGG-1
GRCh38,AGTACTCCACTGCTCT-1
GRCh38,AGTATCCCAGTAAACG-1
GRCh38,AGTATCGTCGCTAATG-1
GRCh38,AGTATTATCCCGTCTA-1
GRCh38,AGTATTCAGCTTAGGC-1
GRCh38,AGTATTGGTAGCTGAT-1
GRCh38,AGTATTGGTCATCGGA-1
GRCh38,AGTCAGTGTACGTCAG-1
GRCh38,AGTCAGTGTGGCACGT-1
GRCh38,AGTCATCCAATGGTCT-1
GRCh38,AGTCATCCAGTACGGG-1
GRCh38,AGTCCACAGCATTTGG-1
GRCh38,AGTCCACAGCGTGTCG-1
GRCh38,AGTCCAGGTATGAGCT-1
GRCh38,AGTCCAGGTATGGAGA-1
GRCh38,AGTCCAGGTATGGTCG-1
GRCh38,AGTCCATCAAGTGCCC-1
GRCh38,AGTCCATCAATGCACT-1
GRCh38,AGTCCATCACCTGCTT-1
GRCh38,AGTCCATCAGTATTCA-1
GRCh38,AGTCCCGAGCTGCGAT-1
GRCh38,AGTCCGCCAGCATAGA-1
GRCh38,AGTCCGGTCAAATGTC-1
GRCh38,AGTCCTTTCCAGTAAT-1
GRCh38,AGTCGAACAAGCTTTA-1
GRCh38,AGTCGAACACAGTCAT-1
GRCh38,AGTCGCAGTGTCCATC-1
GRCh38,AGTCGTCAGAATTGTC-1
GRCh38,AGTCTGGGTAAATCTG-1
GRCh38,AGTCTGGGTAGACGTT-1
GRCh38,AGTCTGGGTAGCTGTG-1
GRCh38,AGTCTGGGTCGTTCGT-1
GRCh38,AGTCTGGGTCTAAGCG-1
GRCh38,AGTCTGGGTGCTGTCT-1
GRCh38,AGTCTTACAATTAATC-1
GRCh38,AGTCTTACACCACTAG-1
GRCh38,AGTGAGAGTGCATCAG-1
GRCh38,AGTGATCGTACCTAGG-1
GRCh38,AGTGATCGTCAATTAG-1
GRCh38,AGTGATCGTGTCGATG-1
GRCh38,AGTGCAACAGTGAAAT-1
GRCh38,AGTGCAGAGATCTTGG-1
GRCh38,AGTGCAGAGGTGTCCG-1
GRCh38,AGTGCCCCACATGTCG-1
GRCh38,AGTGCCCCACGTCAAT-1
GRCh38,AGTGCGAAGAATACGA-1
GRCh38,AGTGCTATCACACGGT-1
GRCh38,AGTGCTATCAGGAAAC-1
GRCh38,AGTGGCAAGCTATCGA-1
GRCh38,AGTGGCAAGCTCTGGG-1
GRCh38,AGTGGCAAGGTTGTAT-1
GRCh38,AGTGGCGCACGCACTA-1
GRCh38,AGTGGCTTCGCGAGTT-1
GRCh38,AGTGGCTTCGCTTTCG-1
GRCh38,AGTGGCTTCGTATTCC-1
GRCh38,AGTGGGCAGATTACAC-1
GRCh38,AGTGGTCTCGTGAGCT-1
GRCh38,AGTGTAAAGGTAATTC-1
GRCh38,AGTGTACGTCATCAGG-1
GRCh38,AGTGTACGTCGGGTAC-1
GRCh38,AGTGTACGTCGTCTGT-1
GRCh38,AGTGTACGTGGAATCT-1
GRCh38,AGTGTCTCAACAGCCC-1
GRCh38,AGTGTTAGTACTCAGG-1
GRCh38,AGTGTTCCAAGTCCGC-1
GRCh38,AGTTAAGAGATGCTCA-1
GRCh38,AGTTACCCACGTCGTA-1
GRCh38,AGTTAGCGTACGTGCA-1
GRCh38,AGTTAGGCAAGCAGTA-1
GRCh38,AGTTAGTTCCAAACCA-1
GRCh38,AGTTAGTTCCTCCTCT-1
GRCh38,AGTTATATCCGGCGTA-1
GRCh38,AGTTATGGTAATGTCA-1
GRCh38,AGTTATGGTCCTGTCG-1
GRCh38,AGTTGAGCAGTTGGTT-1
GRCh38,AGTTGCATCCAACGTA-1
GRCh38,AGTTGCATCCACCATT-1
GRCh38,AGTTGCATCCGTACTT-1
GRCh38,AGTTGCATCGCTCTCA-1
GRCh38,AGTTGCGGTCCCTGAT-1
GRCh38,AGTTGCGGTCTATAAG-1
GRCh38,AGTTGGCTCAACGTGC-1
GRCh38,AGTTGGGAGCATAGCC-1
GRCh38,AGTTTACAGCCGTGAT-1
GRCh38,AGTTTCACAAGGCACG-1
GRCh38,AGTTTCACACGGGTCT-1
GRCh38,AGTTTGGTCAAGTCGC-1
GRCh38,AGTTTGGTCAGACTTG-1
GRCh38,AGTTTGGTCCAGGGTT-1
GRCh38,AGTTTGGTCCATAACG-1
GRCh38,AGTTTGGTCCGCTCTA-1
GRCh38,AGTTTGGTCGGTGCAT-1
GRCh38,ATAACACTCGGCCAAT-1
GRCh38,ATAACCCCAGCTAGGG-1
GRCh38,ATAACCCCAGTCCTAG-1
GRCh38,ATAACGAAGCCTCTTG-1
GRCh38,ATAACGTTCCTGGTCC-1
GRCh38,ATAACTTCAATTAAGA-1
GRCh38,ATAAGACCAATACGTC-1
GRCh38,ATAAGCAAGCAGGGGT-1
GRCh38,ATAAGCCGTATCAGTA-1
GRCh38,ATAAGCCGTGTACTCC-1
GRCh38,ATAAGCTTCGGTTACA-1
GRCh38,ATAAGGTCAACGTGGG-1
GRCh38,ATAAGTACAATCGTCG-1
GRCh38,ATAAGTGAGAACTGAA-1
GRCh38,ATAAGTGAGAGCGGAC-1
GRCh38,ATAAGTGAGCAAAGGT-1
GRCh38,ATAAGTGAGCGTAGAG-1
GRCh38,ATAATCCAGATGCCCG-1
GRCh38,ATAATCGGTACCATCC-1
GRCh38,ATAATGCTCCCGAATA-1
GRCh38,ATAATTCCAAATGCGA-1
GRCh38,ATAATTCCACTCGACA-1
GRCh38,ATAATTGTCAGCCCTC-1
GRCh38,ATAATTGTCAGGGTCT-1
GRCh38,ATAATTGTCAGTGGTC-1
GRCh38,ATACAACTCGTATGCA-1
GRCh38,ATACAAGAGGGCCATT-1
GRCh38,ATACAGAAGGCCATGT-1
GRCh38,ATACCCAAGCGCCCAA-1
GRCh38,ATACCCAAGGGCATAG-1
GRCh38,ATACCCCGTAAAGCGA-1
GRCh38,ATACCTACAAGCGCAG-1
GRCh38,ATACCTACAAGCTTCG-1
GRCh38,ATACCTCTCAAATCTA-1
GRCh38,ATACGAAAGATATGAG-1
GRCh38,ATACGAAAGCACATCA-1
GRCh38,ATACGGACACATAGCT-1
GRCh38,ATACGGGAGCACCCAG-1
GRCh38,ATACGTAGTGGTTCGA-1
GRCh38,ATACGTCCAACATGTC-1
GRCh38,ATACGTCCACTAAGGA-1
GRCh38,ATACGTGTCACAGACC-1
GRCh38,ATACGTGTCCCGTGTC-1
GRCh38,ATACGTGTCGCTACTT-1
GRCh38,ATACTAGGTGCGCCTC-1
GRCh38,ATACTAGGTGTTAATG-1
GRCh38,ATACTCCTCCACCTCA-1
GRCh38,ATACTCCTCCCAAATG-1
GRCh38,ATACTCCTCGGAAAGT-1
GRCh38,ATACTCCTCGTAGTGC-1
GRCh38,ATACTTCGTCGCATCT-1
GRCh38,ATAGCAGCAAGGTTAG-1
GRCh38,ATAGCAGCAGTATGCT-1
GRCh38,ATAGCATTCAATTATG-1
GRCh38,ATAGCATTCGGCATTA-1
GRCh38,ATAGCGACACAACGCC-1
GRCh38,ATAGCGACAGGCGCAA-1
GRCh38,ATAGCGCTCCAGCGCA-1
GRCh38,ATAGCGCTCCTAATCC-1
GRCh38,ATAGCGGAGCGACGTT-1
GRCh38,ATAGCGGAGGGGTAGC-1
GRCh38,ATAGGAGGTAACAGAG-1
GRCh38,ATAGGCACAAGCGCGA-1
GRCh38,ATAGGCTGTAGCCTTC-1
GRCh38,ATAGGCTGTGCCTTGT-1
GRCh38,ATAGGGAGTCTTCTCT-1
GRCh38,ATAGGGAGTGTGGGCT-1
GRCh38,ATAGTACTCATATTAG-1
GRCh38,ATAGTAGAGGGTAGTG-1
GRCh38,ATAGTCAGTCGACAGC-1
GRCh38,ATAGTGCGTACACCCT-1
GRCh38,ATAGTGCGTAGCGGGA-1
GRCh38,ATAGTGCGTCAATTTC-1
GRCh38,ATAGTGTTCCGGCACA-1
GRCh38,ATATACCAGACAATGA-1
GRCh38,ATATACCAGGTTGCCG-1
GRCh38,ATATCACAGACAAGCG-1
GRCh38,ATATCACAGCGTACGT-1
GRCh38,ATATCACAGGGAATGT-1
GRCh38,ATATCAGGTCCCTAGT-1
GRCh38,ATATCATCAATCGGCC-1
GRCh38,ATATCCCTCACTCATC-1
GRCh38,ATATCCCTCAGCTATG-1
GRCh38,ATATCCCTCCTACTTA-1
GRCh38,ATATCCCTCCTTGTCG-1
GRCh38,ATATCCTGTCAACCCT-1
GRCh38,ATATCCTGTCAGCGTA-1
GRCh38,ATATCCTGTGGTAGGG-1
GRCh38,ATATGAGAGACTTACG-1
GRCh38,ATATGAGAGGCAATTT-1
GRCh38,ATATGAGAGGTATACT-1
GRCh38,ATATGCCCACTAGGAA-1
GRCh38,ATATGGCGTGCTCGTT-1
GRCh38,ATATGGTTCAATTATG-1
GRCh38,ATATGGTTCCTTGTAC-1
GRCh38,ATATGTATCGCACAAC-1
GRCh38,ATATGTATCGGTTAGC-1
GRCh38,ATATGTTCAATGGGGT-1
GRCh38,ATATTACCAACATACC-1
GRCh38,ATATTCCGTATGAAGG-1
GRCh38,ATATTCCGTCCTATTG-1
GRCh38,ATATTCGCAAATTCGC-1
GRCh38,ATATTCGCAGTTGCCA-1
GRCh38,ATATTGCAGCTTAGCA-1
GRCh38,ATCAACCCACCTAAAC-1
GRCh38,ATCAACCCAGTTAGCT-1
GRCh38,ATCAAGGCAACTAAGG-1
GRCh38,ATCAATATCCCCTAGC-1
GRCh38,ATCAATATCCTCTAAC-1
GRCh38,ATCAATGGTATTATCC-1
GRCh38,ATCAATGGTCCTAGCT-1
GRCh38,ATCAATGGTGGTCAAT-1
GRCh38,ATCACATAGCAGCTGT-1
GRCh38,ATCAGAGCACCACAAT-1
GRCh38,ATCAGAGCACGTCAGC-1
GRCh38,ATCAGCATCGCTTAAG-1
GRCh38,ATCAGCTCAAGGATCA-1
GRCh38,ATCAGGACAGCGTGCT-1
GRCh38,ATCAGGTGTAAGTAGG-1
GRCh38,ATCAGGTGTACCTCCG-1
GRCh38,ATCAGGTGTCTTCTCT-1
GRCh38,ATCAGTAGTGTTCTCA-1
GRCh38,ATCATCCTCAAAGGTA-1
GRCh38,ATCATCCTCGTTAATA-1
GRCh38,ATCATCTGTACCATCC-1
GRCh38,ATCATCTGTCATTAAG-1
GRCh38,ATCATCTGTCGCATCT-1
GRCh38,ATCATGAGTACCTCCG-1
GRCh38,ATCATGAGTCATCTCA-1
GRCh38,ATCATGCCAATGCTCG-1
GRCh38,ATCATGCCACAATTCA-1
GRCh38,ATCATTGCACGAAGTA-1
GRCh38,ATCATTGCAGTGGACG-1
GRCh38,ATCCAATAGAGCGTAG-1
GRCh38,ATCCAATAGCCATTGA-1
GRCh38,ATCCAATAGCCCTGGA-1
GRCh38,ATCCAATAGCCTGGTG-1
GRCh38,ATCCACAAGAACATAG-1
GRCh38,ATCCACAAGCATGTTG-1
GRCh38,ATCCACAAGGTCGCAT-1
GRCh38,ATCCAGGGTCGAAGGG-1
GRCh38,ATCCCATTCGTAAGCC-1
GRCh38,ATCCCCATCATTCGCT-1
GRCh38,ATCCCCATCGCACCTC-1
GRCh38,ATCCCCGGTGTATTCT-1
GRCh38,ATCCCGCTCACTTCCG-1
GRCh38,ATCCCGCTCGGCAACT-1
GRCh38,ATCCCTAGTGGTCTAG-1
GRCh38,ATCCGACAGGTAGTGG-1
GRCh38,ATCCGAGGTCAGCCCC-1
GRCh38,ATCCGCACAGCGTAGG-1
GRCh38,ATCCGCTGTAGTTGCG-1
GRCh38,ATCCGCTGTATACAGC-1
GRCh38,ATCCGGAGTCAAGGTT-1
GRCh38,ATCCGGCCACGCAGTC-1
GRCh38,ATCCGTAAGCGTGCAT-1
GRCh38,ATCCGTCGTAAGCGCC-1
GRCh38,ATCCGTCGTCACCCGC-1
GRCh38,ATCCGTTTCACAACAT-1
GRCh38,ATCCGTTTCCAGCAGT-1
GRCh38,ATCCGTTTCGGCCATG-1
GRCh38,ATCCTAACACTCGCAA-1
GRCh38,ATCCTACTCAGCACTA-1
GRCh38,ATCCTACTCAGTCAGC-1
GRCh38,ATCCTAGAGCGTATAT-1
GRCh38,ATCCTATGTGGTGCGT-1
GRCh38,ATCCTATGTGTGCAAT-1
GRCh38,ATCCTGAAGAAGCGGC-1
GRCh38,ATCCTGCGTAGTCCGA-1
GRCh38,ATCCTTATCCGGTTAA-1
GRCh38,ATCCTTATCGCTAATG-1
GRCh38,ATCGAAGCACGCGTAC-1
GRCh38,ATCGATTAGACCTTTC-1
GRCh38,ATCGATTAGGGTAAGT-1
GRCh38,ATCGCATCAACGTTTA-1
GRCh38,ATCGCCACAGTCTAAC-1
GRCh38,ATCGCCCTCATCGGCG-1
GRCh38,ATCGCGAGTAAGTTTG-1
GRCh38,ATCGCGAGTCGATCAG-1
GRCh38,ATCGCGCCACACCCAA-1
GRCh38,ATCGCGCCAGGGTATA-1
GRCh38,ATCGCTCGTCAGTTGG-1
GRCh38,ATCGCTCGTCCTGATC-1
GRCh38,ATCGCTCGTGGTGTGC-1
GRCh38,ATCGCTTTCGCGGTTG-1
GRCh38,ATCGGAGAGCGACAAG-1
GRCh38,ATCGGCGTCACACCTT-1
GRCh38,ATCGGCGTCCAGCTAA-1
GRCh38,ATCGGGCGTAGCGGAG-1
GRCh38,ATCGGGTTCAGTTGTG-1
GRCh38,ATCGGTCAGAGAAGGA-1
GRCh38,ATCGGTCAGGGCATAG-1
GRCh38,ATCGTACCAACAGAAT-1
GRCh38,ATCGTACCACTAGTTA-1
GRCh38,ATCGTACCAGGATGGT-1
GRCh38,ATCGTATAGCCACGAT-1
GRCh38,ATCGTCGCACAGCTCA-1
GRCh38,ATCGTCGCACTGGGGA-1
GRCh38,ATCGTTGAGCCTGGCA-1
GRCh38,ATCTCACTCACTATCC-1
GRCh38,ATCTCATGTGTACTCC-1
GRCh38,ATCTCGAAGAAAGCGT-1
GRCh38,ATCTCGCGTGCGAAGG-1
GRCh38,ATCTCTGGTGGGGTAG-1
GRCh38,ATCTGACCAAACCATC-1
GRCh38,ATCTGACCAGGTGCGA-1
GRCh38,ATCTGCCGTCAGTGCA-1
GRCh38,ATCTGTTGTAGTATTG-1
GRCh38,ATCTGTTGTCGAAGCC-1
GRCh38,ATCTTAGCAACTCCCT-1
GRCh38,ATCTTAGCAAGTGTTC-1
GRCh38,ATCTTAGCACAGGCGA-1
GRCh38,ATCTTCATCCAGTACA-1
GRCh38,ATCTTCATCCGGTATA-1
GRCh38,ATCTTCCAGCGCCACA-1
GRCh38,ATCTTCGGTATGCGCA-1
GRCh38,ATCTTCGGTGCGGGTT-1
GRCh38,ATCTTGGAGGCGTCCA-1
GRCh38,ATGAAACCAACAACCT-1
GRCh38,ATGAAGGGTATGCTGG-1
GRCh38,ATGAATACACAGTGGG-1
GRCh38,ATGAATACACCGTACA-1
GRCh38,ATGAATACACTAGCGC-1
GRCh38,ATGAATACAGCATTCG-1
GRCh38,ATGAATACAGCGTGTC-1
GRCh38,ATGACAGCAATGGGCG-1
GRCh38,ATGACCATCGGTATTG-1
GRCh38,ATGACCTCACTTCTCA-1
GRCh38,ATGACCTCAGGTTCAT-1
GRCh38,ATGACGACAATTCGGT-1
GRCh38,ATGACGACACTAACTA-1
GRCh38,ATGACGACACTAATCA-1
GRCh38,ATGACGACAGCCCAAC-1
GRCh38,ATGACGGAGCATGTAT-1
GRCh38,ATGAGAGGTAGGACTT-1
GRCh38,ATGAGAGGTCACATGG-1
GRCh38,ATGAGAGGTCCTGTCG-1
GRCh38,ATGAGCTGTCTTAGGG-1
GRCh38,ATGAGCTGTCTTGTGC-1
GRCh38,ATGAGCTGTGTCATGG-1
GRCh38,ATGAGGAGTCTTCTAG-1
GRCh38,ATGAGGAGTGGGCGTT-1
GRCh38,ATGAGGTAGAAGGTGT-1
GRCh38,ATGAGTAAGCAGGGTA-1
GRCh38,ATGAGTAAGCTGGTTA-1
GRCh38,ATGAGTAAGGTCCGCA-1
GRCh38,ATGAGTCGTATGTTCT-1
GRCh38,ATGAGTTTCGCGAAAG-1
GRCh38,ATGATCCCAATACGGA-1
GRCh38,ATGATCCCAGTCATCG-1
GRCh38,ATGATGAAGAAATCAG-1
GRCh38,ATGATGAAGAGGAGTT-1
GRCh38,ATGATGTTCACCCAAA-1
GRCh38,ATGATGTTCGCTCTAT-1
GRCh38,ATGCAATTCACCCCTA-1
GRCh38,ATGCAATTCATAGTAC-1
GRCh38,ATGCAATTCGTAAGCC-1
GRCh38,ATGCACTCAAACACCT-1
GRCh38,ATGCACTCAAATCGGA-1
GRCh38,ATGCACTCAACAATCC-1
GRCh38,ATGCACTCACTCCTTA-1
GRCh38,ATGCAGACAGCGACCT-1
GRCh38,ATGCAGCTCAGTAATC-1
GRCh38,ATGCAGCTCGTTGGGT-1
GRCh38,ATGCAGTGTATGGCCA-1
GRCh38,ATGCAGTGTCATTCTG-1
GRCh38,ATGCATCCACAACGAA-1
GRCh38,ATGCATTAGAACGCGA-1
GRCh38,ATGCCAGGTGGCAATT-1
GRCh38,ATGCCCACAACGTTAC-1
GRCh38,ATGCCCGAGGGCTCAT-1
GRCh38,ATGCCGAGTGGCATAT-1
GRCh38,ATGCCGCCAACATGTC-1
GRCh38,ATGCCGCCAAGTATAA-1
GRCh38,ATGCCGCCACCAATAC-1
GRCh38,ATGCCTTTCACGCATA-1
GRCh38,ATGCCTTTCACTGTCT-1
GRCh38,ATGCGAACAACATCCG-1
GRCh38,ATGCGAACACCGGAAG-1
GRCh38,ATGCGAGAGATGGGAT-1
GRCh38,ATGCGAGAGGGATTAA-1
GRCh38,ATGCGAGAGGTAAGCG-1
GRCh38,ATGCGATGTCAGTTCC-1
GRCh38,ATGCGCAGTCCTTTAG-1
GRCh38,ATGCGCAGTCTTCTAG-1
GRCh38,ATGCGCCCACTGACAT-1
GRCh38,ATGCGCCCACTTAGTA-1
GRCh38,ATGCGGAAGAAGGTTA-1
GRCh38,ATGCGGAAGATGCATT-1
GRCh38,ATGCGGTTCCGGTCCT-1
GRCh38,ATGCTACCACTAGAAG-1
GRCh38,ATGCTCAAGAATGCAA-1
GRCh38,ATGCTCAAGATTACAC-1
GRCh38,ATGCTCAAGCCTAGAC-1
GRCh38,ATGCTCCGTCCTTAAT-1
GRCh38,ATGCTCCGTGTCTCCG-1
GRCh38,ATGCTCGCAATGGGAC-1
GRCh38,ATGCTCGCACAGTCCA-1
GRCh38,ATGCTCGCAGCAGCGA-1
GRCh38,ATGCTCGCAGTAAGAT-1
GRCh38,ATGCTGGGTCCAACTC-1
GRCh38,ATGCTTACAAGCGAGT-1
GRCh38,ATGCTTACAGCGCGAA-1
GRCh38,ATGGACACAGCTTACG-1
GRCh38,ATGGAGAGTGGGGCTT-1
GRCh38,ATGGAGTAGCTGTTGA-1
GRCh38,ATGGCCAGTAGCAATC-1
GRCh38,ATGGCCAGTCTAGGTG-1
GRCh38,ATGGCCAGTGCTGTCT-1
GRCh38,ATGGCCGTCGGCTCGA-1
GRCh38,ATGGCGAAGAGACGAT-1
GRCh38,ATGGCGGCAAACCATC-1
GRCh38,ATGGCGGCAAGCGTCC-1
GRCh38,ATGGCGGCAATATTCG-1
GRCh38,ATGGCGGCACTAATAT-1
GRCh38,ATGGCGGCAGCAATCT-1
GRCh38,ATGGCGTTCCCACTCA-1
GRCh38,ATGGCTATCATATTAG-1
GRCh38,ATGGGACCAATGCGCC-1
GRCh38,ATGGGACCACTCTCCG-1
GRCh38,ATGGGATAGAAACCGG-1
GRCh38,ATGGGATAGATTACGT-1
GRCh38,ATGGGATAGGGCGGAT-1
GRCh38,ATGGGATAGGTGTATT-1
GRCh38,ATGGGCAAGATGTAGA-1
GRCh38,ATGGGCGCAACATGTC-1
GRCh38,ATGGGCTTCACAGCAC-1
GRCh38,ATGGGGCAGCAACGTC-1
GRCh38,ATGGGTCTCACTCTCG-1
GRCh38,ATGGGTCTCCGGTTAA-1
GRCh38,ATGGTAGCAAACGGTA-1
GRCh38,ATGGTAGCACCGAATT-1
GRCh38,ATGGTCATCAGTTGGC-1
GRCh38,ATGGTCATCGGTACTA-1
GRCh38,ATGGTCATCGTATCGA-1
GRCh38,ATGGTCTCAACTCGGC-1
GRCh38,ATGGTCTCACTAGGGG-1
GRCh38,ATGGTGCTCGGTAGCT-1
GRCh38,ATGGTGGAGCAGCGAA-1
GRCh38,ATGTACAGTCACCGCC-1
GRCh38,ATGTAGAAGGGCATAG-1
GRCh38,ATGTAGAAGGTAGAGT-1
GRCh38,ATGTATCAGCGCCTGA-1
GRCh38,ATGTATTCAATGGTAG-1
GRCh38,ATGTCAGTCCCATAAG-1
GRCh38,ATGTCAGTCGGACATC-1
GRCh38,ATGTCAGTCGTGCAAC-1
GRCh38,ATGTCCTTCACCTTCG-1
GRCh38,ATGTCCTTCAGGAATA-1
GRCh38,ATGTCGATCCTGGTAA-1
GRCh38,ATGTCGGGTACTATTC-1
GRCh38,ATGTCTTGTCGGAATT-1
GRCh38,ATGTGAGCACTGACCA-1
GRCh38,ATGTGGCTCCGAATTG-1
GRCh38,ATGTGTCCAGCGCATC-1
GRCh38,ATGTGTCCAGTCATCG-1
GRCh38,ATGTTAATCAAGCCAC-1
GRCh38,ATGTTAATCATAGTAC-1
GRCh38,ATGTTAATCCAGTATG-1
GRCh38,ATGTTAGGTGGCTGTA-1
GRCh38,ATGTTCGAGATTATGC-1
GRCh38,ATGTTGAGTAGCTTGG-1
GRCh38,ATGTTGAGTCATCAGG-1
GRCh38,ATGTTGAGTGGCTAAT-1
GRCh38,ATGTTGAGTGTGTCCT-1
GRCh38,ATTAAAGCAAAGGGGA-1
GRCh38,ATTAAAGCAACAGAGC-1
GRCh38,ATTAAAGCACCTAGAT-1
GRCh38,ATTAAAGCACTCGGGT-1
GRCh38,ATTAACCAGACGGGGT-1
GRCh38,ATTAACCAGCGCGTCA-1
GRCh38,ATTAAGCTCAAATGCT-1
GRCh38,ATTAAGGAGACGCGAA-1
GRCh38,ATTAAGGAGAGTAATG-1
GRCh38,ATTAAGGAGGTACCCG-1
GRCh38,ATTAATCCAATCACTA-1
GRCh38,ATTAATCCAGGTGCGA-1
GRCh38,ATTACAATCATGTAAC-1
GRCh38,ATTACAATCCAATTAA-1
GRCh38,ATTACAATCGGCTGCA-1
GRCh38,ATTACACAGACATGAA-1
GRCh38,ATTACAGGTAGTTGCG-1
GRCh38,ATTACAGGTGTTATAG-1
GRCh38,ATTACCGAGCGATTCA-1
GRCh38,ATTACGCCAGGATTTC-1
GRCh38,ATTACGTAGCACTTTC-1
GRCh38,ATTACGTAGCTGGTCG-1
GRCh38,ATTACGTAGGTCACGT-1
GRCh38,ATTACTTTCAGTTGGC-1
GRCh38,ATTATCCGTCCAGGTA-1
GRCh38,ATTATCGCAGCCTCTT-1
GRCh38,ATTATGCAGCATCACA-1
GRCh38,ATTATGCAGCCTTTAC-1
GRCh38,ATTATGGGTAGTATTG-1
GRCh38,ATTCACGAGATAGTGA-1
GRCh38,ATTCACGAGCTTAGCA-1
GRCh38,ATTCAGAGTATGTACA-1
GRCh38,ATTCAGAGTCGCGTGG-1
GRCh38,ATTCAGTAGATGGTGG-1
GRCh38,ATTCATGCAATCAGGA-1
GRCh38,ATTCATGCACACACGC-1
GRCh38,ATTCATGCAGTTCTCC-1
GRCh38,ATTCATTTCGTAGCGT-1
GRCh38,ATTCGACCAAGCCGTC-1
GRCh38,ATTCGATAGCCAGTAC-1
GRCh38,ATTCGATAGCTCTCCA-1
GRCh38,ATTCGCTTCGTAAGCC-1
GRCh38,ATTCGGGGTCTGGAAT-1
GRCh38,ATTCGGTCAGGACAAC-1
GRCh38,ATTCGTGAGCGTAACC-1
GRCh38,ATTCGTTGTCAACTCC-1
GRCh38,ATTCGTTGTGTGTTCC-1
GRCh38,ATTCTAGCAAGTTAGG-1
GRCh38,ATTCTAGCAATCAGCT-1
GRCh38,ATTCTCATCACTCCAT-1
GRCh38,ATTCTCATCCTGGCTC-1
GRCh38,ATTCTGTGTGTCCCGC-1
GRCh38,ATTGAAGAGAGGATTA-1
GRCh38,ATTGACCCAGTGCACC-1
GRCh38,ATTGAGAAGCAGCCAT-1
GRCh38,ATTGAGCGTGCAATGT-1
GRCh38,ATTGCCCGTGGACTGC-1
GRCh38,ATTGCCCGTGGTGTCA-1
GRCh38,ATTGCGGGTGCACGTA-1
GRCh38,ATTGCGGGTGCGCTGG-1
GRCh38,ATTGCGGGTGCTCCGC-1
GRCh38,ATTGCTACACCCTAAG-1
GRCh38,ATTGCTTGTCGCCCTA-1
GRCh38,ATTGCTTGTGTCCCCA-1
GRCh38,ATTGCTTGTGTTCTAT-1
GRCh38,ATTGGCATCAACGTGC-1
GRCh38,ATTGGCATCACAACGC-1
GRCh38,ATTGGCATCATGGACC-1
GRCh38,ATTGGCATCGGCAACT-1
GRCh38,ATTGGGTGTAAACCGT-1
GRCh38,ATTGGTTAGACATAAG-1
GRCh38,ATTGTAATCAGGGACA-1
GRCh38,ATTGTAGGTCCGCCGT-1
GRCh38,ATTGTCCTCATGAGTT-1
GRCh38,ATTGTCTGTATGCCGA-1
GRCh38,ATTGTCTGTATTGCGG-1
GRCh38,ATTGTGTAGAGGCAGC-1
GRCh38,CAAACCCAGATGGGTG-1
GRCh38,CAAACCCAGCACATCA-1
GRCh38,CAAACCCAGGGGTAGC-1
GRCh38,CAAACCTCACATGAAG-1
GRCh38,CAAACCTCACCACCAA-1
GRCh38,CAAACGGAGCACCACG-1
GRCh38,CAAACGTGTACTTCGC-1
GRCh38,CAAAGCCTCACTTTCA-1
GRCh38,CAAAGCGAGAGGGATT-1
GRCh38,CAAAGCGAGCTATAAC-1
GRCh38,CAAAGCTGTCACGCTT-1
GRCh38,CAAAGGAGTGCTGCCC-1
GRCh38,CAAAGGAGTGTGAAAG-1
GRCh38,CAAAGGTAGAGCAGAT-1
GRCh38,CAAAGGTAGCAAGCTC-1
GRCh38,CAAAGTAAGCGTACCG-1
GRCh38,CAAATCCCAGGACACG-1
GRCh38,CAAATCGTCACTGCAA-1
GRCh38,CAAATCGTCAGGTTCA-1
GRCh38,CAAATGGCAAAACGAT-1
GRCh38,CAAATGGCAATACCCG-1
GRCh38,CAAATGGCACACCTCT-1
GRCh38,CAAATGGCACGCAACC-1
GRCh38,CAAATTATCAATATGC-1
GRCh38,CAAATTATCCCACTTG-1
GRCh38,CAACACATCCCATAAG-1
GRCh38,CAACAGACAAGTAAAC-1
GRCh38,CAACAGACAATGCACT-1
GRCh38,CAACAGGAGGTCTCCC-1
GRCh38,CAACATCCACATATGC-1
GRCh38,CAACATGTCAAGCCAC-1
GRCh38,CAACCCACAATATTCG-1
GRCh38,CAACCCACAATGCTAC-1
GRCh38,CAACCCACACTAGAAG-1
GRCh38,CAACCCTGTAGTATTG-1
GRCh38,CAACCCTGTCGGCTGG-1
GRCh38,CAACCCTGTGCTTCCG-1
GRCh38,CAACCGTAGATTACAC-1
GRCh38,CAACCGTAGCAGGGGT-1
GRCh38,CAACCGTAGCAGGGTA-1
GRCh38,CAACCGTAGCTAAGGG-1
GRCh38,CAACCGTAGGCATCAC-1
GRCh38,CAACCTCGTAGCCTTC-1
GRCh38,CAACCTCGTAGCGGGA-1
GRCh38,CAACCTCGTGTGGTGC-1
GRCh38,CAACGAACAAACTAGG-1
GRCh38,CAACGAACACAAATGG-1
GRCh38,CAACGAGAGATCAGGG-1
GRCh38,CAACGTCAGCGTTAAT-1
GRCh38,CAACGTGGTAACGTCG-1
GRCh38,CAACTACCAACATGGA-1
GRCh38,CAACTCCGTCCCAAAG-1
GRCh38,CAACTCCGTCGCGTCC-1
GRCh38,CAACTCGCAACTCCCT-1
GRCh38,CAACTCGCACACTCAG-1
GRCh38,CAACTTACACACATAC-1
GRCh38,CAAGACCTCCAATATA-1
GRCh38,CAAGACCTCCCTTTAA-1
GRCh38,CAAGCCTAGAGGCCAA-1
GRCh38,CAAGCGAAGAAAGTCA-1
GRCh38,CAAGCGAAGAAGCATA-1
GRCh38,CAAGCGAAGAGGATTA-1
GRCh38,CAAGCGGCAACTTAGC-1
GRCh38,CAAGCGTTCGTCATCT-1
GRCh38,CAAGCTCAGCTAGGAG-1
GRCh38,CAAGCTCAGCTGGTTA-1
GRCh38,CAAGGCCGTCCATATT-1
GRCh38,CAAGGCCGTCGCATAG-1
GRCh38,CAAGGCCGTCTCCGGC-1
GRCh38,CAAGGCCGTGCCACTT-1
GRCh38,CAAGGCGCAATTCATG-1
GRCh38,CAAGGCGCACAGCAGG-1
GRCh38,CAAGGCGCAGCTATCG-1
GRCh38,CAAGGGCAGCCGTTAA-1
GRCh38,CAAGGGCAGCTTGAAT-1
GRCh38,CAAGGGTCAATACGCT-1
GRCh38,CAAGGTTGTCACTATT-1
GRCh38,CAAGGTTGTCTGATAA-1
GRCh38,CAAGGTTGTGCACTAG-1
GRCh38,CAAGGTTGTGGACGGA-1
GRCh38,CAAGTAGCACCGCATA-1
GRCh38,CAAGTCTCACAATCCG-1
GRCh38,CAAGTGCTCAAATCTA-1
GRCh38,CAAGTGCTCACTTAAA-1
GRCh38,CAAGTGCTCCAACTTC-1
GRCh38,CAAGTTAGTCATACGG-1
GRCh38,CAAGTTTAGAAGGCTG-1
GRCh38,CAAGTTTAGACAAGCG-1
GRCh38,CAATAGAAGAACGTTT-1
GRCh38,CAATAGAAGAAGGCTG-1
GRCh38,CAATAGAAGACATGAA-1
GRCh38,CAATAGAAGCTACTGA-1
GRCh38,CAATAGAAGCTCGAAC-1
GRCh38,CAATAGAAGGCAACGA-1
GRCh38,CAATAGAAGGGAATGT-1
GRCh38,CAATAGAAGGTCATCA-1
GRCh38,CAATAGGCAGGCACTC-1
GRCh38,CAATATATCACCAACA-1
GRCh38,CAATATCAGAGCAGAT-1
GRCh38,CAATATGGTATTCTGT-1
GRCh38,CAATCACCACCTAGCA-1
GRCh38,CAATCCGCACCGCATA-1
GRCh38,CAATCCGCACCTGACA-1
GRCh38,CAATCGGGTAACCCCT-1
GRCh38,CAATCGGGTCCTTGTA-1
GRCh38,CAATGCCAGGGAGTAT-1
GRCh38,CAATGCTCAACATGCT-1
GRCh38,CAATGCTCACGCCAAC-1
GRCh38,CAATGGACAATAGCAG-1
GRCh38,CAATGGACAGTTACCG-1
GRCh38,CAATGGGAGCATCTTC-1
GRCh38,CAATGTAGTAGTAAGG-1
GRCh38,CAATGTCCAAACATAA-1
GRCh38,CAATGTCCAACAACCT-1
GRCh38,CAATGTCCAACATGTC-1
GRCh38,CAATGTCCACTGTACG-1
GRCh38,CAATGTGTCCTGCTAT-1
GRCh38,CAATGTTAGACCTACA-1
GRCh38,CAATGTTAGCACCTTT-1
GRCh38,CAATGTTAGCGTAGAG-1
GRCh38,CAATTAATCAAATTGC-1
GRCh38,CAATTACAGCCTGGTG-1
GRCh38,CAATTATCAATGCTAC-1
GRCh38,CAATTCACAAGCGATA-1
GRCh38,CAATTCACACTGACGC-1
GRCh38,CAATTCCTCCGCCCAT-1
GRCh38,CAATTCTGTACTTGCC-1
GRCh38,CAATTGGTCAGACTGC-1
GRCh38,CAATTGTAGAGAAGCT-1
GRCh38,CAATTGTAGCCTAGTA-1
GRCh38,CAATTGTAGCGTCAAC-1
GRCh38,CAATTGTAGCTGCACG-1
GRCh38,CAATTTCGTACAGCAT-1
GRCh38,CAATTTCGTGGTGTAT-1
GRCh38,CACAACATCCCCTAGC-1
GRCh38,CACAACTCAAAGGGGA-1
GRCh38,CACAACTCACGTTCGA-1
GRCh38,CACAACTCAGTACAAG-1
GRCh38,CACAAGGAGCAGTCCG-1
GRCh38,CACAATCCAAAATGAC-1
GRCh38,CACAATTAGACAGGAT-1
GRCh38,CACAATTAGCGTGGAA-1
GRCh38,CACACCCTCATAAGCT-1
GRCh38,CACACCCTCCGGGTTG-1
GRCh38,CACACCCTCCGTAAAT-1
GRCh38,CACACGCCAAAATGGT-1
GRCh38,CACACTCGTGGTAAAG-1
GRCh38,CACAGAACACCATCGA-1
GRCh38,CACAGCAGTAGGAGGT-1
GRCh38,CACAGCCCAGGAGTCG-1
GRCh38,CACAGCTAGAACGATA-1
GRCh38,CACAGCTAGATGTAGA-1
GRCh38,CACAGCTAGCCATTGA-1
GRCh38,CACAGCTAGCGCGTAT-1
GRCh38,CACAGGAAGCGAAGTG-1
GRCh38,CACAGGTTCCTCTCCT-1
GRCh38,CACATACCAAAGTCTC-1
GRCh38,CACATACCACAATACC-1
GRCh38,CACATACCACTAACTA-1
GRCh38,CACATGGGTATTATGG-1
GRCh38,CACATGGGTGCTACAG-1
GRCh38,CACCAAATCACTTCGT-1
GRCh38,CACCAAATCGGTTGTA-1
GRCh38,CACCAACAGACTGCAC-1
GRCh38,CACCAACAGGCTATGC-1
GRCh38,CACCAACAGGCTGTTA-1
GRCh38,CACCACGAGAAAGCCG-1
GRCh38,CACCATAAGCCCTGGA-1
GRCh38,CACCATAAGCGCCTAG-1
GRCh38,CACCATAAGCTATCAG-1
GRCh38,CACCCAACAAGCAGTA-1
GRCh38,CACCCATGTGCGGGTT-1
GRCh38,CACCCATGTGGGGCTT-1
GRCh38,CACCCGAAGACATGCC-1
GRCh38,CACCCGAAGATATTGC-1
GRCh38,CACCCGAAGCGATTCA-1
GRCh38,CACCCGTTCCGGTTAA-1
GRCh38,CACCCTGGTCGAGGAG-1
GRCh38,CACCCTGGTCTTATGT-1
GRCh38,CACCGCAAGACCCACG-1
GRCh38,CACCGCAAGCGGGGAT-1
GRCh38,CACCGCCGTAAGCCCA-1
GRCh38,CACCGCTTCCCATCTG-1
GRCh38,CACCGGGGTACGCATG-1
GRCh38,CACCGTACAACCTGCA-1
GRCh38,CACCGTACACCGCAGT-1
GRCh38,CACCGTACAGGACATA-1
GRCh38,CACCTAAAGACGAACG-1
GRCh38,CACCTATTCCATTACC-1
GRCh38,CACCTCATCGGCTAAC-1
GRCh38,CACCTCCAGCCATGCG-1
GRCh38,CACCTCTCAAGGTTCT-1
GRCh38,CACCTCTCACCAGGGA-1
GRCh38,CACCTCTCACTGCACA-1
GRCh38,CACCTTTAGAACCCCG-1
GRCh38,CACCTTTAGCGCCAAT-1
GRCh38,CACGAAGAGCTTGTCT-1
GRCh38,CACGAATGTCATACCC-1
GRCh38,CACGAGTTCGGATCCG-1
GRCh38,CACGAGTTCGTCTCAT-1
GRCh38,CACGCCAAGACACCCG-1
GRCh38,CACGCCAAGCCGCTGA-1
GRCh38,CACGCCAAGGTGCGTT-1
GRCh38,CACGCCCGTAGCGTAT-1
GRCh38,CACGCGGGTCAGTGCA-1
GRCh38,CACGCGGGTGGAACTT-1
GRCh38,CACGCTTGTAAGGAAT-1
GRCh38,CACGCTTGTAGAGGCG-1
GRCh38,CACGCTTGTCAATTCT-1
GRCh38,CACGGAAAGATAAGCA-1
GRCh38,CACGGAAAGGTTGTAT-1
GRCh38,CACGGTCCACATGCCA-1
GRCh38,CACGGTTAGGTTCGCG-1
GRCh38,CACGTAATCACTGTTC-1
GRCh38,CACGTACAGACAGCCT-1
GRCh38,CACGTACAGATACGAA-1
GRCh38,CACGTAGGTATCCCCG-1
GRCh38,CACGTCACACCTCTAC-1
GRCh38,CACGTCGAGACTCCAA-1
GRCh38,CACGTCGAGAGTTTAC-1
GRCh38,CACGTCGAGATCGGAG-1
GRCh38,CACGTCGAGGCCCTGA-1
GRCh38,CACGTTCGTCTTAGCC-1
GRCh38,CACTAACCAGCGGGTA-1
GRCh38,CACTACAAGAGCAGCA-1
GRCh38,CACTACAAGCATAGGG-1
GRCh38,CACTACGCAAATGGCA-1
GRCh38,CACTACGCAACTGCAT-1
GRCh38,CACTACTTCCTCACGC-1
GRCh38,CACTATACAGCATTAC-1
GRCh38,CACTATTGTAGGGGCA-1
GRCh38,CACTCAAAGGCCTATA-1
GRCh38,CACTCCCAGCTGGTCG-1
GRCh38,CACTCCGGTCCATTCA-1
GRCh38,CACTCTCCACTAGAAG-1
GRCh38,CACTGCGAGCCGCAAT-1
GRCh38,CACTGCGAGCTACAGC-1
GRCh38,CACTTAACAAGTTTCA-1
GRCh38,CACTTAACACAGTCGC-1
GRCh38,CACTTAGAGATAGTAG-1
GRCh38,CACTTAGAGCGAAACG-1
GRCh38,CACTTATGTAATACTG-1
GRCh38,CACTTATGTCAATCCC-1
GRCh38,CACTTCGTCCGGCAAT-1
GRCh38,CACTTTCAGGGGTAAT-1
GRCh38,CACTTTGGTACGTCAG-1
GRCh38,CACTTTGGTCACGCCC-1
GRCh38,CACTTTGGTGCAGTCA-1
GRCh38,CAGCAACTCGCCTACC-1
GRCh38,CAGCAATGTCCTATGC-1
GRCh38,CAGCACCCAAGTGCAA-1
GRCh38,CAGCACCCAGGGTCAG-1
GRCh38,CAGCAGGCACGCGCAT-1
GRCh38,CAGCAGTTCGTAGTTG-1
GRCh38,CAGCAGTTCGTTATGG-1
GRCh38,CAGCATATCGGGTTCG-1
GRCh38,CAGCATTCAAAATGGT-1
GRCh38,CAGCATTCAATCTTAG-1
GRCh38,CAGCATTCACATCGGC-1
GRCh38,CAGCCATAGCCTCGTC-1
GRCh38,CAGCCATAGCGTCATA-1
GRCh38,CAGCCCCGTCTTCTCT-1
GRCh38,CAGCCCTTCATCATCC-1
GRCh38,CAGCCTCTCCGGCATG-1
GRCh38,CAGCCTCTCGGTACTA-1
GRCh38,CAGCCTTGTGGGCGTT-1
GRCh38,CAGCCTTGTGTCCTTA-1
GRCh38,CAGCGAAAGAAGGTTA-1
GRCh38,CAGCGAAAGACCTACA-1
GRCh38,CAGCGAAAGCAAGATA-1
GRCh38,CAGCGCATCACGCTAA-1
GRCh38,CAGCGGACAACGTTCG-1
GRCh38,CAGCGGACACCCAAAT-1
GRCh38,CAGCGGTGTGGATAAG-1
GRCh38,CAGCGTAGTACCTATT-1
GRCh38,CAGCGTAGTAGTTAGC-1
GRCh38,CAGCGTCCACACTCAG-1
GRCh38,CAGCGTCCACCCTATC-1
GRCh38,CAGCTAATCCACCCGT-1
GRCh38,CAGCTAATCGTTGGCG-1
GRCh38,CAGCTACAGAGCATGG-1
GRCh38,CAGCTCACAACACGCC-1
GRCh38,CAGCTCACACTGGGGA-1
GRCh38,CAGCTGTAGCATAGCC-1
GRCh38,CAGCTGTAGGTTCATG-1
GRCh38,CAGCTTCGTCCTTAGC-1
GRCh38,CAGGACGCAAATTGCC-1
GRCh38,CAGGACGCACCGTTAG-1
GRCh38,CAGGACGCAGGAAACC-1
GRCh38,CAGGAGCAGGTCTACA-1
GRCh38,CAGGATCTCCCATTAC-1
GRCh38,CAGGATTGTATGTCGG-1
GRCh38,CAGGATTGTCAGGTAT-1
GRCh38,CAGGCCGGTCTGGCTT-1
GRCh38,CAGGCGACACATTGGT-1
GRCh38,CAGGGGTAGCATCAAT-1
GRCh38,CAGGGGTAGGCAACAG-1
GRCh38,CAGGGTAAGAGACTTT-1
GRCh38,CAGGGTAAGCGGATTC-1
GRCh38,CAGGGTCGTAACGAAG-1
GRCh38,CAGGGTCGTACCCGTT-1
GRCh38,CAGGGTTTCACCCTAT-1
GRCh38,CAGGTAACACCCTAAG-1
GRCh38,CAGGTATGTATTGCGG-1
GRCh38,CAGGTCCCAAAGCTTC-1
GRCh38,CAGGTCCCAATCACTA-1
GRCh38,CAGGTGCGTCGACAGC-1
GRCh38,CAGGTGCGTCTAGTAA-1
GRCh38,CAGGTGTTCCTACATC-1
GRCh38,CAGGTGTTCCTCTCGA-1
GRCh38,CAGGTTATCGCCAATA-1
GRCh38,CAGTAAGCAATGCGGG-1
GRCh38,CAGTAATTCGGCGTCA-1
GRCh38,CAGTACATCCCTAACT-1
GRCh38,CAGTACATCGCACCCT-1
GRCh38,CAGTACATCGCTCTAT-1
GRCh38,CAGTAGCTCCAAATTA-1
GRCh38,CAGTAGTGTCCGCCGT-1
GRCh38,CAGTATGTCAACCCTT-1
GRCh38,CAGTATTAGATGAAGC-1
GRCh38,CAGTCAATCAAGTCCA-1
GRCh38,CAGTCAATCCGATACA-1
GRCh38,CAGTCAGGTAGCGGTC-1
GRCh38,CAGTCAGGTCACGGCG-1
GRCh38,CAGTCATCAAAATGGT-1
GRCh38,CAGTCATCAAATCGAG-1
GRCh38,CAGTCATCAGCGCTTA-1
GRCh38,CAGTCCACAAATCGGA-1
GRCh38,CAGTCCCTCGTGCTCC-1
GRCh38,CAGTCGCCACACTATA-1
GRCh38,CAGTCGCCAGTGCGAG-1
GRCh38,CAGTCTAAGCAAATTC-1
GRCh38,CAGTCTAAGGTTAGCC-1
GRCh38,CAGTTCCGTAGGGCGA-1
GRCh38,CAGTTCCGTCAATTCT-1
GRCh38,CAGTTCCGTCGCCTAT-1
GRCh38,CAGTTCCGTGTCTTAT-1
GRCh38,CAGTTGGGTAGCATCG-1
GRCh38,CAGTTGGGTAGGGAGT-1
GRCh38,CATAACCCAATAGCCT-1
GRCh38,CATAACGTCGTTGCCC-1
GRCh38,CATAAGCGTGTATCTT-1
GRCh38,CATAAGTTCACGCTCC-1
GRCh38,CATAAGTTCGCAAACC-1
GRCh38,CATAAGTTCGTGACTA-1
GRCh38,CATAATCAGACATGCC-1
GRCh38,CATAATCAGAGGGTGC-1
GRCh38,CATAATCAGGCCCTGA-1
GRCh38,CATAATCAGGGTAGGC-1
GRCh38,CATAATTCAATCGCCA-1
GRCh38,CATAATTCACATTCAA-1
GRCh38,CATACAAGTGTGCCTT-1
GRCh38,CATACATAGAAAGTCA-1
GRCh38,CATACCCGTAACCGCA-1
GRCh38,CATACCCGTCGCTCTG-1
GRCh38,CATACCCGTGTGGGCT-1
GRCh38,CATACCGCACGTTTCC-1
GRCh38,CATACCTTCAGCCCTC-1
GRCh38,CATACGGGTGGATGTT-1
GRCh38,CATAGAGCACTTATCT-1
GRCh38,CATAGCATCCCTAAAG-1
GRCh38,CATAGCATCCCTATTA-1
GRCh38,CATAGCCAGCCAAATT-1
GRCh38,CATAGCCAGCCGCTGA-1
GRCh38,CATAGCGGTATGTACA-1
GRCh38,CATAGCGGTCGGTTAG-1
GRCh38,CATAGCTCAGGAAGCT-1
GRCh38,CATAGGGAGCTGCGAT-1
GRCh38,CATAGGGAGCTTGTCT-1
GRCh38,CATAGGTGTAGCAATC-1
GRCh38,CATAGGTGTGCGAATT-1
GRCh38,CATAGTAGTCTGTTGC-1
GRCh38,CATAGTAGTGGGGTTC-1
GRCh38,CATAGTCCAATTCATG-1
GRCh38,CATATCCTCACCACAA-1
GRCh38,CATATCGAGAGGCGAC-1
GRCh38,CATATGGTCCAAAGCC-1
GRCh38,CATATGGTCCCGCGTT-1
GRCh38,CATATGGTCCGATGGT-1
GRCh38,CATATGGTCCGCACTC-1
GRCh38,CATATGTAGCGGTTCG-1
GRCh38,CATATTCGTAGCTTGG-1
GRCh38,CATCAATAGAGCTTGC-1
GRCh38,CATCAATAGATACGGG-1
GRCh38,CATCAATAGCTCTAGA-1
GRCh38,CATCAATAGGTCTAGC-1
GRCh38,CATCACGCACGCAACC-1
GRCh38,CATCACGCACTGACAT-1
GRCh38,CATCACTTCCTCCTTC-1
GRCh38,CATCAGGGTCAATCCC-1
GRCh38,CATCAGGGTCGACTCT-1
GRCh38,CATCAGTCAAAATCCC-1
GRCh38,CATCATACAAGTATCC-1
GRCh38,CATCATCTCCTCCGGT-1
GRCh38,CATCATCTCGCTCCGT-1
GRCh38,CATCATCTCGTAACTG-1
GRCh38,CATCATTGTATAGGCT-1
GRCh38,CATCGACAGCAGTAGG-1
GRCh38,CATCGACAGCCAGTAC-1
GRCh38,CATCGAGGTCTAACCC-1
GRCh38,CATCGCACACGACGGA-1
GRCh38,CATCGCACACGTAGCC-1
GRCh38,CATCGCGAGACGTCAC-1
GRCh38,CATCGCGAGCCAGTAC-1
GRCh38,CATCGCGAGCCTAATG-1
GRCh38,CATCGCTGTCATATTC-1
GRCh38,CATCGGAGTATGAGCT-1
GRCh38,CATCGGAGTCGTATGG-1
GRCh38,CATCGGAGTGGGTTTG-1
GRCh38,CATCTACTCACCTTAC-1
GRCh38,CATCTACTCATGATGT-1
GRCh38,CATCTATGTATGCCGA-1
GRCh38,CATCTATGTGGAACTT-1
GRCh38,CATCTATGTGGTTTCC-1
GRCh38,CATCTCAGTCGGGCAT-1
GRCh38,CATCTCAGTGGCTGTA-1
GRCh38,CATCTCCCACGGTATT-1
GRCh38,CATCTGTTCACTAATA-1
GRCh38,CATCTTCAGGTCCTTT-1
GRCh38,CATCTTGGTAACCGGC-1
GRCh38,CATCTTGGTACGGTCA-1
GRCh38,CATGATCCACTCTAGG-1
GRCh38,CATGCACAGGGGTTAG-1
GRCh38,CATGCCACAACGAAGC-1
GRCh38,CATGCCACAACGGTCC-1
GRCh38,CATGCCACACACAGCC-1
GRCh38,CATGCCACAGCTTATA-1
GRCh38,CATGCCCTCGCGGTTG-1
GRCh38,CATGCCCTCGTTACTC-1
GRCh38,CATGCGTAGCCGGATT-1
GRCh38,CATGCGTAGCGATTCA-1
GRCh38,CATGCTTTCGGCAATC-1
GRCh38,CATGGGGCAATCCAAC-1
GRCh38,CATGGGGCAGCCAATT-1
GRCh38,CATGGTCAGCACCCGA-1
GRCh38,CATGGTTCAAAATTCT-1
GRCh38,CATGTATAGATATTGC-1
GRCh38,CATGTATAGCCCAGCA-1
GRCh38,CATGTCAAGGCATTCA-1
GRCh38,CATGTCCGTGTGGATT-1
GRCh38,CATGTCGCAAGCGCTC-1
GRCh38,CATGTTGAGCAAAGCG-1
GRCh38,CATTAACAGCACCCGA-1
GRCh38,CATTAACAGGTAATAG-1
GRCh38,CATTACCTCAGTCATG-1
GRCh38,CATTACCTCCTTGTAC-1
GRCh38,CATTACGAGCTCCTCA-1
GRCh38,CATTAGCCAAGGGGAA-1
GRCh38,CATTAGTAGATAGGGT-1
GRCh38,CATTCAACACTCCTAC-1
GRCh38,CATTCACTCCACAAGC-1
GRCh38,CATTCACTCGCTGAGT-1
GRCh38,CATTCAGAGCACAATT-1
GRCh38,CATTCAGAGCCCTTGC-1
GRCh38,CATTCAGAGGGGATCA-1
GRCh38,CATTCAGAGGTTGTAT-1
GRCh38,CATTCCAGTATTGCCC-1
GRCh38,CATTCCCCAACGTACT-1
GRCh38,CATTCGAAGAGCAGCA-1
GRCh38,CATTCGAAGATTACGT-1
GRCh38,CATTCGAAGGCATCGT-1
GRCh38,CATTCGAAGGGACGAC-1
GRCh38,CATTCGAAGGGTTGTC-1
GRCh38,CATTCGGCACTCGGTA-1
GRCh38,CATTCGGCAGGAATCA-1
GRCh38,CATTCTATCAGCATAT-1
GRCh38,CATTCTATCCAGTACA-1
GRCh38,CATTCTGGTCTAACCC-1
GRCh38,CATTGCAAGAAACGCG-1
GRCh38,CATTGCAAGCAGCGTT-1
GRCh38,CATTGCTTCAGTCCTT-1
GRCh38,CATTGGTCAGGGTCTC-1
GRCh38,CATTGTCTCGGTTACA-1
GRCh38,CATTTAGCACCACTAG-1
GRCh38,CATTTAGCACTCGAGC-1
GRCh38,CATTTAGCAGGGGCTA-1
GRCh38,CATTTCCAGGCCCCAA-1
GRCh38,CATTTCGGTAGAGAAT-1
GRCh38,CATTTCGGTCTTGATT-1
GRCh38,CATTTGGAGGGCTAAG-1
GRCh38,CCAAAGGAGCTGCAGT-1
GRCh38,CCAAATCCAAGGTTAG-1
GRCh38,CCAAATCCACGAACCC-1
GRCh38,CCAAATGTCATTCAAA-1
GRCh38,CCAAATTAGAACGATA-1
GRCh38,CCAAATTAGACACGGA-1
GRCh38,CCAAATTAGCATATGT-1
GRCh38,CCAAATTAGCCTGTGG-1
GRCh38,CCAAATTAGCGAATTT-1
GRCh38,CCAACCGAGCCAAACC-1
GRCh38,CCAACCGAGCTCAGCG-1
GRCh38,CCAACCTGTACTTCAT-1
GRCh38,CCAACCTGTATGGGTT-1
GRCh38,CCAACGAGTATCTTCG-1
GRCh38,CCAACGCCAAACACCT-1
GRCh38,CCAACTCGTCACTAGG-1
GRCh38,CCAACTTTCAAATGCT-1
GRCh38,CCAAGATGTCCACGTT-1
GRCh38,CCAAGATGTGGAAGTA-1
GRCh38,CCAAGCCCAACCTCAG-1
GRCh38,CCAAGCCCACTCGGGT-1
GRCh38,CCAAGCTAGAATGGCG-1
GRCh38,CCAAGCTAGCTGCAAC-1
GRCh38,CCAAGTATCATGGAAA-1
GRCh38,CCAATACCAACGTGGG-1
GRCh38,CCAATACCACAGCATT-1
GRCh38,CCAATACCAGCTTATA-1
GRCh38,CCAATACCAGGAATAT-1
GRCh38,CCAATACCAGTCGGTC-1
GRCh38,CCAATAGTCACTAACG-1
GRCh38,CCAATAGTCCTCGCTA-1
GRCh38,CCAATATAGAGCGGTA-1
GRCh38,CCAATATAGCACAATT-1
GRCh38,CCAATATAGCACCTCC-1
GRCh38,CCACAATCAATATCTG-1
GRCh38,CCACAATCACACTCGA-1
GRCh38,CCACACACAAATACAA-1
GRCh38,CCACAGCCAACTCGAT-1
GRCh38,CCACAGCCAAGCTTCG-1
GRCh38,CCACAGCCAAGGAATT-1
GRCh38,CCACATAAGCGCCACA-1
GRCh38,CCACATTTCGGGTCCA-1
GRCh38,CCACCGTTCACGCGTG-1
GRCh38,CCACCGTTCATCGCTT-1
GRCh38,CCACGATAGAAATCAG-1
GRCh38,CCACGATAGCTACACA-1
GRCh38,CCACGTACAGTGAAGC-1
GRCh38,CCACGTACAGTGCGGA-1
GRCh38,CCACGTTGTCGCACCC-1
GRCh38,CCACGTTGTCGTTAAA-1
GRCh38,CCACGTTGTGTCTAGG-1
GRCh38,CCACTAAAGACACGGA-1
GRCh38,CCACTAAAGACATAGA-1
GRCh38,CCACTAAAGAGCGGGT-1
GRCh38,CCACTAAAGCATAGCC-1
GRCh38,CCACTAAAGGGGATTG-1
GRCh38,CCACTAGCAGTAAACG-1
GRCh38,CCACTATTCACACGTA-1
GRCh38,CCACTATTCCCGCTTA-1
GRCh38,CCACTATTCCCTAGTT-1
GRCh38,CCACTCATCAGGAAAC-1
GRCh38,CCACTCTCAAGCGAGT-1
GRCh38,CCACTCTCAGGGTTCC-1
GRCh38,CCACTTTAGCCAGAGA-1
GRCh38,CCACTTTAGGGGTACA-1
GRCh38,CCAGAACTCCAGTACA-1
GRCh38,CCAGAACTCCCTTAGT-1
GRCh38,CCAGAATGTCCTCTCC-1
GRCh38,CCAGAATGTCTGTGAG-1
GRCh38,CCAGAATGTGGAGTGG-1
GRCh38,CCAGACCCAAATCCGT-1
GRCh38,CCAGACCCAAGCAAGC-1
GRCh38,CCAGACCCAATGGGCG-1
GRCh38,CCAGAGGCAACGAAGC-1
GRCh38,CCAGAGGCACAGTCGC-1
GRCh38,CCAGATGGTAAGCCCA-1
GRCh38,CCAGATGGTCTAGTAA-1
GRCh38,CCAGATTCACGTCAAT-1
GRCh38,CCAGCATAGAATTCGT-1
GRCh38,CCAGCATAGGTCTGGT-1
GRCh38,CCAGCCCGTGTGCCTT-1
GRCh38,CCAGCCCGTGTTCAGG-1
GRCh38,CCAGCCTTCCACAACA-1
GRCh38,CCAGCCTTCCGCTTGC-1
GRCh38,CCAGCCTTCCGGGATT-1
GRCh38,CCAGCTACAACTCATA-1
GRCh38,CCAGCTACACATTAGC-1
GRCh38,CCAGCTCTCCCTGCTA-1
GRCh38,CCAGCTTGTGCGATGC-1
GRCh38,CCAGGGACAGTTGGTT-1
GRCh38,CCAGGGTGTATCCTGC-1
GRCh38,CCAGGGTGTATCTGGG-1
GRCh38,CCAGGTAGTCGATGGC-1
GRCh38,CCAGGTTAGAACTAAG-1
GRCh38,CCAGGTTAGAGGAGCC-1
GRCh38,CCAGGTTAGATGGGTG-1
GRCh38,CCAGTACAGATACCAT-1
GRCh38,CCAGTACAGCAAAGGT-1
GRCh38,CCAGTACAGGCATCCG-1
GRCh38,CCAGTGCCAATGGTAG-1
GRCh38,CCAGTGCCACGAATCT-1
GRCh38,CCAGTTCGTAACGCTG-1
GRCh38,CCAGTTCGTCACCGTT-1
GRCh38,CCATAAGTCGGTACGT-1
GRCh38,CCATAATAGAACTTGT-1
GRCh38,CCATAATAGCGTGCAT-1
GRCh38,CCATACAAGCCAACCG-1
GRCh38,CCATACAAGGGAGCGT-1
GRCh38,CCATACGCAAAATGGT-1
GRCh38,CCATACGCAAACCACT-1
GRCh38,CCATACGCAAGTGTTC-1
GRCh38,CCATACTTCCCCACGT-1
GRCh38,CCATACTTCGCACCCT-1
GRCh38,CCATACTTCGGAAACG-1
GRCh38,CCATAGCAGCACGGTT-1
GRCh38,CCATAGGGTAGTATGC-1
GRCh38,CCATATCTCCCGCTGT-1
GRCh38,CCATATTGTACCACAG-1
GRCh38,CCATATTGTAGTTTAG-1
GRCh38,CCATCAAAGCTCCGGA-1
GRCh38,CCATCCATCATATTAG-1
GRCh38,CCATCCATCGCTGTAA-1
GRCh38,CCATCCGGTGGCGCAT-1
GRCh38,CCATCGACAAACGGGT-1
GRCh38,CCATCGACAATGGCCC-1
GRCh38,CCATCGGAGCATGGTC-1
GRCh38,CCATCGGAGGCTTGAC-1
GRCh38,CCATGCACAAGCACAA-1
GRCh38,CCATGCCTCAGACAGG-1
GRCh38,CCATGCCTCGGCTGCA-1
GRCh38,CCATGCGAGGCCCACA-1
GRCh38,CCATGCTGTACGGTGC-1
GRCh38,CCATTAACACGCTCAA-1
GRCh38,CCATTCGTCACTTGCT-1
GRCh38,CCATTGAAGGTTGCCG-1
GRCh38,CCATTTCAGAGTTGGG-1
GRCh38,CCATTTGGTCTCGGTT-1
GRCh38,CCCAACACACTGACCA-1
GRCh38,CCCAACCTCACTTTCA-1
GRCh38,CCCAACCTCAGACACC-1
GRCh38,CCCAACCTCGGCGCTA-1
GRCh38,CCCAACGAGCGCCCAA-1
GRCh38,CCCAAGTAGCAAACCC-1
GRCh38,CCCAATCGTGCAAGGG-1
GRCh38,CCCAATTTCAATGCGC-1
GRCh38,CCCAATTTCAGAGAAC-1
GRCh38,CCCAATTTCGCAATAT-1
GRCh38,CCCACGAAGCTTGTAG-1
GRCh38,CCCACGTTCGTGCTAA-1
GRCh38,CCCACTATCACAGCTA-1
GRCh38,CCCACTATCCATATCC-1
GRCh38,CCCACTATCCTACGCC-1
GRCh38,CCCAGCAAGGCTATTG-1
GRCh38,CCCAGTACACCCAAAT-1
GRCh38,CCCAGTACAGTGGCGA-1
GRCh38,CCCATAGCAAGCAGTA-1
GRCh38,CCCATAGCACTGGAGG-1
GRCh38,CCCATAGCAGCATTAC-1
GRCh38,CCCATAGCAGGATGAC-1
GRCh38,CCCATGGAGAGACATA-1
GRCh38,CCCATGGAGGGACTGA-1
GRCh38,CCCATGGAGGGGTATG-1
GRCh38,CCCATTCCAAGTGCCC-1
GRCh38,CCCATTCCACAACTAC-1
GRCh38,CCCATTGTCATCCTAC-1
GRCh38,CCCATTGTCCGGACAT-1
GRCh38,CCCATTGTCGCCCTTA-1
GRCh38,CCCTAATTCGTATCAG-1
GRCh38,CCCTAGACAGGACATA-1
GRCh38,CCCTAGCTCCGAACAC-1
GRCh38,CCCTAGGAGCGCGATT-1
GRCh38,CCCTAGGAGGTATAGA-1
GRCh38,CCCTAGTGTCCGCTTG-1
GRCh38,CCCTAGTGTCCTTTAG-1
GRCh38,CCCTCTCGTACAAGGA-1
GRCh38,CCCTGAACAAGAATAC-1
GRCh38,CCCTGAACACATTAGC-1
GRCh38,CCCTGATGTATGGTTA-1
GRCh38,CCCTGATGTATTGGGT-1
GRCh38,CCCTGGAAGCCATCAA-1
GRCh38,CCCTGTGGTAGCGGGA-1
GRCh38,CCCTGTGGTCGGTATG-1
GRCh38,CCCTTACCACTGACAT-1
GRCh38,CCCTTACCAGTCCATG-1
GRCh38,CCCTTAGTCACGGTTA-1
GRCh38,CCCTTATAGAGTGCAG-1
GRCh38,CCCTTATAGCACCCAG-1
GRCh38,CCCTTATAGGTTAATC-1
GRCh38,CCCTTCGCACCCTGAA-1
GRCh38,CCCTTGGGTAACGCTG-1
GRCh38,CCCTTGGGTGGAGCAG-1
GRCh38,CCCTTTACAACGTTAC-1
GRCh38,CCCTTTGAGGCAACAG-1
GRCh38,CCCTTTGAGGGAATCG-1
GRCh38,CCGAAACTCGCTTACT-1
GRCh38,CCGAAATGTAACCGTG-1
GRCh38,CCGAAATGTATCTCGC-1
GRCh38,CCGAAATGTATGATGC-1
GRCh38,CCGAAATGTCAAGGTT-1
GRCh38,CCGAAATGTCCATATT-1
GRCh38,CCGAATATCACGCATA-1
GRCh38,CCGACACCAACACTAC-1
GRCh38,CCGACACCAAGCAGTA-1
GRCh38,CCGATACAGCTCGTAA-1
GRCh38,CCGATAGGTAACCGTG-1
GRCh38,CCGATAGGTCATGCAG-1
GRCh38,CCGATAGGTCCAGGTA-1
GRCh38,CCGATTAAGGTAAGTA-1
GRCh38,CCGCAATAGATGAAGC-1
GRCh38,CCGCAATAGCCTCATT-1
GRCh38,CCGCAGTCAAGACGAC-1
GRCh38,CCGCAGTCAGCATTCG-1
GRCh38,CCGCATACAATGCCGC-1
GRCh38,CCGCATACACTAGGGG-1
GRCh38,CCGCATACACTATGAC-1
GRCh38,CCGCCGTGTGCGTAGC-1
GRCh38,CCGCCTAGTAAGCATC-1
GRCh38,CCGCCTAGTAGAGGGT-1
GRCh38,CCGCGTAAGCCATACA-1
GRCh38,CCGCGTAAGGTCAATT-1
GRCh38,CCGCGTAAGGTGCGTT-1
GRCh38,CCGCTAACAATGATCC-1
GRCh38,CCGCTAACAGTAGCGG-1
GRCh38,CCGCTAGAGCGGCATT-1
GRCh38,CCGCTGAAGACGCTGT-1
GRCh38,CCGCTGTTCAGGGCTT-1
GRCh38,CCGCTGTTCAGTCAGC-1
GRCh38,CCGCTGTTCGCTCCGT-1
GRCh38,CCGCTTGGTAATCCGG-1
GRCh38,CCGGACTCACGGAAAC-1
GRCh38,CCGGCAATCGGCGTAT-1
GRCh38,CCGGCAATCGTTCGGG-1
GRCh38,CCGGCTTTCAAGCTAT-1
GRCh38,CCGGCTTTCCAAGTGC-1
GRCh38,CCGGGTATCAACGTAT-1
GRCh38,CCGGGTATCATGAATC-1
GRCh38,CCGGGTATCGGCTAAC-1
GRCh38,CCGGGTATCGGTCAGT-1
GRCh38,CCGGTAAGTACCCCTG-1
GRCh38,CCGGTATAGAGGCGAC-1
GRCh38,CCGGTATAGGGCTTCG-1
GRCh38,CCGGTTCTCAGGAAAC-1
GRCh38,CCGGTTCTCCTCTCGA-1
GRCh38,CCGTAAATCAATGTAC-1
GRCh38,CCGTAAATCATGTCCT-1
GRCh38,CCGTAAATCATTCATT-1
GRCh38,CCGTAAATCCCATAAG-1
GRCh38,CCGTAAATCCTACGCC-1
GRCh38,CCGTAAATCGGTTCCC-1
GRCh38,CCGTAACAGCGTAGCT-1
GRCh38,CCGTAACAGGCACAAG-1
GRCh38,CCGTAACAGGCTGTTA-1
GRCh38,CCGTAACAGGGAGCGT-1
GRCh38,CCGTAACAGGGGATCA-1
GRCh38,CCGTAAGGTCCAGGTA-1
GRCh38,CCGTAATCACACTCAG-1
GRCh38,CCGTACACACCGTAAT-1
GRCh38,CCGTACACAGTGCGGA-1
GRCh38,CCGTATAAGATGGTTT-1
GRCh38,CCGTATAAGGCTTCGG-1
GRCh38,CCGTCAACAGTTGGTT-1
GRCh38,CCGTCGAAGGCCACAT-1
GRCh38,CCGTCGCGTAACATTG-1
GRCh38,CCGTCTATCGCAAACC-1
GRCh38,CCGTCTATCGGATCAC-1
GRCh38,CCGTCTGGTAGACGGG-1
GRCh38,CCGTGATAGCATGCGT-1
GRCh38,CCGTGTTGTAATCAGC-1
GRCh38,CCGTGTTGTGCTGCCC-1
GRCh38,CCGTTAGCAAAGCCAA-1
GRCh38,CCGTTAGCACTATCCC-1
GRCh38,CCGTTGTGTACATAGC-1
GRCh38,CCGTTTCCAACACGGG-1
GRCh38,CCTAAAGTCCCGTAAA-1
GRCh38,CCTAACTTCCGGTATA-1
GRCh38,CCTAAGCAGCCATGAC-1
GRCh38,CCTAATACAAGCGAGT-1
GRCh38,CCTAATGAGAAGTAGC-1
GRCh38,CCTAATGAGAGTTGAA-1
GRCh38,CCTAATTGTGTAGAAG-1
GRCh38,CCTACATTCCGATCGG-1
GRCh38,CCTACCATCCAATCGA-1
GRCh38,CCTACCATCCTGTACT-1
GRCh38,CCTACCTCAGTACTCG-1
GRCh38,CCTACCTCAGTAGGGT-1
GRCh38,CCTACGACAATAGTAA-1
GRCh38,CCTACGCTCATACCCT-1
GRCh38,CCTACGGAGCCATGAC-1
GRCh38,CCTACGTGTATAAGCC-1
GRCh38,CCTACGTGTCCCTCTC-1
GRCh38,CCTACGTGTCGTTGGA-1
GRCh38,CCTACGTGTGTCTTCA-1
GRCh38,CCTACTCCACTAAGGA-1
GRCh38,CCTAGAGGTAATCCCC-1
GRCh38,CCTAGAGGTGGGAGAT-1
GRCh38,CCTAGATCAAGCACAA-1
GRCh38,CCTAGATCAGCATGAA-1
GRCh38,CCTAGCACACGAACGG-1
GRCh38,CCTAGCACAGGGCTAG-1
GRCh38,CCTAGCTGTATCATGA-1
GRCh38,CCTAGGGTCAACTCTC-1
GRCh38,CCTAGTTTCGTTCGCC-1
GRCh38,CCTATAACACAATAGG-1
GRCh38,CCTATAACAGCAACGG-1
GRCh38,CCTATGAAGAACCCGT-1
GRCh38,CCTATGCGTACATATG-1
GRCh38,CCTATGCGTCTGTTAT-1
GRCh38,CCTATGCGTGCTAGAT-1
GRCh38,CCTATGCGTGTGAAAG-1
GRCh38,CCTATGTTCAATTATG-1
GRCh38,CCTATGTTCCCATTCG-1
GRCh38,CCTCACCAGACAGAAC-1
GRCh38,CCTCACCAGGGAAGCC-1
GRCh38,CCTCACTCACCTACGA-1
GRCh38,CCTCATTAGACAGCAG-1
GRCh38,CCTCATTAGCGATTCA-1
GRCh38,CCTCGAACAACCTAGT-1
GRCh38,CCTCGAACAATGGGCG-1
GRCh38,CCTCGAACACGTAACT-1
GRCh38,CCTCGAGAGAATGCAA-1
GRCh38,CCTCGAGAGCGGGATA-1
GRCh38,CCTCGTCAGCACGCCA-1
GRCh38,CCTCGTCAGGGGTGTA-1
GRCh38,CCTCGTCAGGTTAGCC-1
GRCh38,CCTCTAGTCCAGTATG-1
GRCh38,CCTCTAGTCGCGCAAT-1
GRCh38,CCTCTCCGTAACTAGC-1
GRCh38,CCTCTCGCAATGAAAC-1
GRCh38,CCTCTCGCACATCAGT-1
GRCh38,CCTCTCGCAGGGTCAG-1
GRCh38,CCTCTCGCAGTGTTAC-1
GRCh38,CCTCTGGGTGGTCTAG-1
GRCh38,CCTCTTACAAGCTTAC-1
GRCh38,CCTCTTACAGGTAAGC-1
GRCh38,CCTCTTACAGTGCGAG-1
GRCh38,CCTCTTGAGAACGTAA-1
GRCh38,CCTCTTGAGCGGATAG-1
GRCh38,CCTGAAATCACTTGCT-1
GRCh38,CCTGAAATCAGCCGCA-1
GRCh38,CCTGACACAACCCGAC-1
GRCh38,CCTGACACAGGACCTC-1
GRCh38,CCTGACACAGTCGGTC-1
GRCh38,CCTGACCTCAAACCAT-1
GRCh38,CCTGATAAGAAGCGGC-1
GRCh38,CCTGATAAGCTGCATA-1
GRCh38,CCTGATCGTAATGTGC-1
GRCh38,CCTGATCGTATGTGCG-1
GRCh38,CCTGATCGTATTGCCC-1
GRCh38,CCTGCAACAACGTTCG-1
GRCh38,CCTGCAACAGGCCTTA-1
GRCh38,CCTGCACTCATCGACA-1
GRCh38,CCTGCAGAGCACCCAG-1
GRCh38,CCTGCAGAGGTCGACT-1
GRCh38,CCTGCGAAGCAAGCTC-1
GRCh38,CCTGCGCGTACCTAGG-1
GRCh38,CCTGCGCGTGGGAGCA-1
GRCh38,CCTGCTATCAACGTAT-1
GRCh38,CCTGCTATCAGGTAAA-1
GRCh38,CCTGCTATCCCCAACC-1
GRCh38,CCTGCTTCAGCGGACA-1
GRCh38,CCTGGCTTCAGACGCT-1
GRCh38,CCTGGCTTCCGGTCAG-1
GRCh38,CCTGGCTTCCTATCCG-1
GRCh38,CCTGTAAAGCCTCTTG-1
GRCh38,CCTGTAAAGGGTAGCA-1
GRCh38,CCTGTACGTCGCTCGC-1
GRCh38,CCTGTGGAGAGCTTTG-1
GRCh38,CCTGTGGAGCACCACG-1
GRCh38,CCTGTGGAGCCGCGTA-1
GRCh38,CCTGTGGAGGGTAGGC-1
GRCh38,CCTGTGGAGGTTAGTT-1
GRCh38,CCTTAAGAGCAGCTGT-1
GRCh38,CCTTAAGAGGTTCAAT-1
GRCh38,CCTTAGTTCCCGACTC-1
GRCh38,CCTTATCAGACTGCCG-1
GRCh38,CCTTATCAGATGAAGC-1
GRCh38,CCTTATGGTACGAAAG-1
GRCh38,CCTTCAGTCAGGGGTA-1
GRCh38,CCTTCATAGAAGGCGC-1
GRCh38,CCTTCATAGCTATCAG-1
GRCh38,CCTTCCCGTGCACTAG-1
GRCh38,CCTTCCCGTGGTGCGT-1
GRCh38,CCTTCCGCAATGGGAC-1
GRCh38,CCTTCCGCACCCTGAA-1
GRCh38,CCTTCCTTCGGGCTTG-1
GRCh38,CCTTCCTTCGTCGTAA-1
GRCh38,CCTTCGATCGGAAAGT-1
GRCh38,CCTTCGGGTACTCTAT-1
GRCh38,CCTTCGGGTCAGTTAA-1
GRCh38,CCTTCGGGTCCGGTAA-1
GRCh38,CCTTCTCTCACGTATG-1
GRCh38,CCTTGAGCACTAAATT-1
GRCh38,CCTTGTAGTCACGAAT-1
GRCh38,CCTTGTAGTCTGGTAG-1
GRCh38,CCTTGTGTCCCACATT-1
GRCh38,CCTTTACAGCAATAGA-1
GRCh38,CCTTTAGGTATAGTGC-1
GRCh38,CCTTTCACAGTTGCCA-1
GRCh38,CCTTTCCTCGGCTTCC-1
GRCh38,CCTTTCGAGAATGGGT-1
GRCh38,CCTTTCGAGAGACGCA-1
GRCh38,CCTTTGGTCATCCCGC-1
GRCh38,CCTTTGGTCGCTATAG-1
GRCh38,CGAAACCTCAGCCCCT-1
GRCh38,CGAAACCTCCTCGAAA-1
GRCh38,CGAACACTCCATCTAC-1
GRCh38,CGAACAGAGACGCTGT-1
GRCh38,CGAACCCCAATCCGGC-1
GRCh38,CGAACCCCACGTAGAA-1
GRCh38,CGAACCCCACTATGGT-1
GRCh38,CGAACGAAGGCCCGTA-1
GRCh38,CGAACGAAGGGTCTGT-1
GRCh38,CGAACGGCAATGGCGG-1
GRCh38,CGAACGGCACTGTAAC-1
GRCh38,CGAACGGCAGTCCACA-1
GRCh38,CGAAGATAGAAAGCGT-1
GRCh38,CGAAGCAAGACATATC-1
GRCh38,CGAAGGGGTACGAGTT-1
GRCh38,CGAAGGGGTATGTCGG-1
GRCh38,CGAAGGGGTGGGATAA-1
GRCh38,CGAAGGGGTGTGTATA-1
GRCh38,CGAAGTGAGCATGGTC-1
GRCh38,CGAAGTGAGCTGCATA-1
GRCh38,CGAAGTTGTCTAGCAG-1
GRCh38,CGAATCTCAATACCTA-1
GRCh38,CGAATCTCAATCATGC-1
GRCh38,CGAATCTCAGCGATAA-1
GRCh38,CGAATCTCAGTGCGAG-1
GRCh38,CGAATGGAGCCGCTAG-1
GRCh38,CGAATTGTCATGCAAT-1
GRCh38,CGAATTGTCCACAACA-1
GRCh38,CGAATTTAGAAACCCC-1
GRCh38,CGAATTTAGAGACGCA-1
GRCh38,CGAATTTAGATACAGA-1
GRCh38,CGAATTTAGCCACATA-1
GRCh38,CGACACCCAAAATCTT-1
GRCh38,CGACACCCAATAGTAA-1
GRCh38,CGACAGCGTAGAATGG-1
GRCh38,CGACAGCGTGGTCAAT-1
GRCh38,CGACCCCGTGGCGTTA-1
GRCh38,CGACCCTTCCATCTAC-1
GRCh38,CGACCTACAAACCGGG-1
GRCh38,CGACCTACAGTGAAAT-1
GRCh38,CGACGGACAATGTATT-1
GRCh38,CGACGGACAGTCACGC-1
GRCh38,CGACGGTGTCAGCTTC-1
GRCh38,CGACGTTAGCGCTATA-1
GRCh38,CGACTAATCCGGAAAG-1
GRCh38,CGACTAATCCGTAACA-1
GRCh38,CGACTCTGTAATGTGC-1
GRCh38,CGACTCTGTCGCGCTC-1
GRCh38,CGACTCTGTGTGTCAG-1
GRCh38,CGACTTCGTAAGTAGG-1
GRCh38,CGAGCGACAAACATGG-1
GRCh38,CGAGCGACACCAATAC-1
GRCh38,CGAGCGTGTCTAATTC-1
GRCh38,CGAGCGTGTGTTCGCT-1
GRCh38,CGAGGAGGTAGTGATC-1
GRCh38,CGAGGAGGTCACGTTC-1
GRCh38,CGAGGCTGTACTATGA-1
GRCh38,CGAGGCTGTATAGGCT-1
GRCh38,CGAGGCTGTCAACTCC-1
GRCh38,CGAGGCTGTGTAAGGA-1
GRCh38,CGAGGGAGTATCCTGC-1
GRCh38,CGAGGGAGTATGAGCT-1
GRCh38,CGAGGGAGTGTTGGGC-1
GRCh38,CGAGTAACAAGCATTC-1
GRCh38,CGAGTAACAATCAGTC-1
GRCh38,CGAGTAACACACGCAC-1
GRCh38,CGAGTAGAGGCGTGTT-1
GRCh38,CGAGTCAGTAGCTGTG-1
GRCh38,CGAGTCTAGATCATCG-1
GRCh38,CGAGTCTAGGCACGAA-1
GRCh38,CGAGTGCGTCATCGAG-1
GRCh38,CGAGTGCGTCCTACGT-1
GRCh38,CGAGTGTTCAATTCCC-1
GRCh38,CGAGTGTTCACACGTA-1
GRCh38,CGAGTGTTCCCTTAGT-1
GRCh38,CGATAATTCCCTTCCT-1
GRCh38,CGATAATTCCTCCTTC-1
GRCh38,CGATACATCAATTCGG-1
GRCh38,CGATACATCACAATTA-1
GRCh38,CGATAGTGTATGGAGA-1
GRCh38,CGATCAGGTACCATCC-1
GRCh38,CGATCAGGTCCACGGG-1
GRCh38,CGATGAGAGACCCCGA-1
GRCh38,CGATGGAAGGCTTACA-1
GRCh38,CGATGGAAGGGTTGTC-1
GRCh38,CGATGGCGTAAGTAGG-1
GRCh38,CGATGGCGTACCTAGG-1
GRCh38,CGATGGCGTATCAGCG-1
GRCh38,CGATGGTTCACGATAT-1
GRCh38,CGATGTATCCGTATAG-1
GRCh38,CGATTACCAAAATGGT-1
GRCh38,CGATTCCGTACCATCC-1
GRCh38,CGATTGCAGCTAAATC-1
GRCh38,CGATTGGGTAAGTGCT-1
GRCh38,CGATTTACAACGTTCG-1
GRCh38,CGATTTACACATGGGG-1
GRCh38,CGATTTGAGCCGTTAA-1
GRCh38,CGCAAATGTAGTCCAG-1
GRCh38,CGCAATTCAACGGGAT-1
GRCh38,CGCACATAGACAAGCG-1
GRCh38,CGCACCCGTGTTGGAT-1
GRCh38,CGCACTCTCAAATTGC-1
GRCh38,CGCAGCATCGGCGATT-1
GRCh38,CGCAGCATCGTCGAAC-1
GRCh38,CGCAGTCCACAATCAC-1
GRCh38,CGCAGTTAGAAAGGAG-1
GRCh38,CGCAGTTAGCCCATGG-1
GRCh38,CGCATACAGAGGATTA-1
GRCh38,CGCATACAGCCTGGTG-1
GRCh38,CGCATACAGGGCTAGA-1
GRCh38,CGCATAGGTAGCTGTG-1
GRCh38,CGCATAGGTATGGAGA-1
GRCh38,CGCATATCACGCCTAA-1
GRCh38,CGCATATCACGTAGGG-1
GRCh38,CGCATCTGTATGCTGG-1
GRCh38,CGCATTCGTCATCATT-1
GRCh38,CGCATTCGTGTCTCCG-1
GRCh38,CGCCACAAGAATGACA-1
GRCh38,CGCCACAAGCTGATTG-1
GRCh38,CGCCACAAGGTCAATT-1
GRCh38,CGCCATTGTACAGAAG-1
GRCh38,CGCCATTGTGGGTATT-1
GRCh38,CGCCATTGTGGTCTCT-1
GRCh38,CGCCCAAAGCTGTGCG-1
GRCh38,CGCCCATTCCCTTCTC-1
GRCh38,CGCCCATTCCGGTGCA-1
GRCh38,CGCCGTCGTACGCATG-1
GRCh38,CGCCGTCGTCGCTGCC-1
GRCh38,CGCCTAACAAATTACT-1
GRCh38,CGCCTAACACGATTAC-1
GRCh38,CGCCTAGAGATCCCAA-1
GRCh38,CGCCTAGAGCCATACA-1
GRCh38,CGCCTAGAGCTAAATC-1
GRCh38,CGCCTAGAGGCAATCC-1
GRCh38,CGCGAAGCAGTTCGCA-1
GRCh38,CGCGCATCACCGAATT-1
GRCh38,CGCGGATGTAGACGTT-1
GRCh38,CGCGGATGTCCAACTC-1
GRCh38,CGCGGATGTCTCGCTG-1
GRCh38,CGCGGTATCAAGCCGT-1
GRCh38,CGCGTCAAGGCACGAA-1
GRCh38,CGCTAAGGTAAGTGAG-1
GRCh38,CGCTAAGGTAGTGTTA-1
GRCh38,CGCTAAGGTGTATCGG-1
GRCh38,CGCTACCTCAGCAGTC-1
GRCh38,CGCTACCTCCGGCGTA-1
GRCh38,CGCTATAAGCAGCGTT-1
GRCh38,CGCTATAAGCGTCAGT-1
GRCh38,CGCTATCGTAGGAATG-1
GRCh38,CGCTCTATCAAACCGC-1
GRCh38,CGCTCTATCCTCCGGT-1
GRCh38,CGCTCTGGTACGCGCG-1
GRCh38,CGCTGACCAGCTGACC-1
GRCh38,CGCTGCAAGCATTCAG-1
GRCh38,CGCTGCCGTAGAGGCG-1
GRCh38,CGCTGGGGTATCTCTG-1
GRCh38,CGCTGGGGTCACGGCG-1
GRCh38,CGCTGGGGTCGAAGGG-1
GRCh38,CGCTGTGAGAAAGCTA-1
GRCh38,CGCTGTGAGACAGCCT-1
GRCh38,CGCTGTGAGATGGGTG-1
GRCh38,CGCTTCATCATATGGT-1
GRCh38,CGCTTCATCCCCAACC-1
GRCh38,CGCTTCATCCGAGTGT-1
GRCh38,CGCTTCGGTCACAGCA-1
GRCh38,CGCTTGCTCGCCTAAA-1
GRCh38,CGCTTGTGTATCCGCT-1
GRCh38,CGCTTGTGTCTGGCCC-1
GRCh38,CGCTTGTGTGCATGGC-1
GRCh38,CGCTTTAGTCGTTTCA-1
GRCh38,CGCTTTAGTGCAGTCA-1
GRCh38,CGCTTTCCAAGTAAAC-1
GRCh38,CGGAAACCAACTGCGC-1
GRCh38,CGGAAACCACACCTCT-1
GRCh38,CGGAATCTCACTTCGT-1
GRCh38,CGGAATCTCAGCATCA-1
GRCh38,CGGAATCTCATCGCCC-1
GRCh38,CGGAATGAGAATGGCG-1
GRCh38,CGGAATGAGGTCTGCG-1
GRCh38,CGGAATTGTAGTCGGC-1
GRCh38,CGGACATTCGGTTCGG-1
GRCh38,CGGATAGAGCGCATAC-1
GRCh38,CGGATTCAGACCAGGA-1
GRCh38,CGGATTCAGATATGAG-1
GRCh38,CGGCACATCCTCTGGC-1
GRCh38,CGGCACATCGTGAGCT-1
GRCh38,CGGCATGTCAGCACGT-1
GRCh38,CGGCATTAGAAGCCGA-1
GRCh38,CGGCCTAAGCATTACG-1
GRCh38,CGGCCTAAGGCGGGAT-1
GRCh38,CGGCGTATCAATGTGT-1
GRCh38,CGGCGTATCGCTGAGT-1
GRCh38,CGGCTCCGTCTACAGG-1
GRCh38,CGGCTCCGTGGAGTGG-1
GRCh38,CGGCTGGGTCGTGGGT-1
GRCh38,CGGCTTCTCCCCAACC-1
GRCh38,CGGCTTGAGCCATGCG-1
GRCh38,CGGCTTGAGCGTATTG-1
GRCh38,CGGGATAAGCCCATGG-1
GRCh38,CGGGGTTGTGTCTCCG-1
GRCh38,CGGGTAAAGCAGGAGC-1
GRCh38,CGGGTACGTCGTGTTC-1
GRCh38,CGGGTAGCAAATTCGC-1
GRCh38,CGGGTAGCAGTCGCAC-1
GRCh38,CGGGTATTCCCACTTG-1
GRCh38,CGGGTCTCAATATTCG-1
GRCh38,CGGGTCTCACTAGGCC-1
GRCh38,CGGGTTAGTACGTGCA-1
GRCh38,CGGTAACTCAGTACAT-1
GRCh38,CGGTAACTCCAATCGA-1
GRCh38,CGGTATATCCATGGGT-1
GRCh38,CGGTATATCGTAGCTA-1
GRCh38,CGGTCAGTCACGGCCA-1
GRCh38,CGGTCAGTCCGTTTCG-1
GRCh38,CGGTCATAGAAATCAG-1
GRCh38,CGGTCATAGGGTAGTG-1
GRCh38,CGGTCATAGGGTGAAT-1
GRCh38,CGGTCCAAGCCTTATC-1
GRCh38,CGGTCCAAGGCACAAG-1
GRCh38,CGGTCGTCAAGTGCAA-1
GRCh38,CGGTCGTCACAACAGA-1
GRCh38,CGGTCGTCAGTCCTCT-1
GRCh38,CGGTGTAGTAACTGCG-1
GRCh38,CGGTGTAGTCAATGTA-1
GRCh38,CGGTGTAGTGTGGCGT-1
GRCh38,CGGTGTTAGAAAGGAG-1
GRCh38,CGGTGTTAGACAAGAC-1
GRCh38,CGGTTAATCATTCAAA-1
GRCh38,CGGTTAATCCTATGTC-1
GRCh38,CGGTTAATCGGTCCTC-1
GRCh38,CGGTTAATCGTATCGA-1
GRCh38,CGGTTACAGATCATCG-1
GRCh38,CGGTTAGGTATCTTGT-1
GRCh38,CGGTTAGGTCCCTGAT-1
GRCh38,CGGTTAGGTCCGGCCT-1
GRCh38,CGGTTAGGTGCGCCTC-1
GRCh38,CGGTTCGAGCCTGGTG-1
GRCh38,CGGTTCGAGCGCCACA-1
GRCh38,CGGTTTAAGCGACCAT-1
GRCh38,CGTAAAGCACAGTGCC-1
GRCh38,CGTAAAGCACGTAATC-1
GRCh38,CGTAAATTCACGGTTA-1
GRCh38,CGTAACATCATGCGGT-1
GRCh38,CGTAACCAGGGCGTAA-1
GRCh38,CGTAATTAGAGGACGC-1
GRCh38,CGTAATTAGGCGATAG-1
GRCh38,CGTACAATCCAATAGT-1
GRCh38,CGTACAATCCTAACTC-1
GRCh38,CGTACACAGGCCCGTA-1
GRCh38,CGTACAGGTACATTCT-1
GRCh38,CGTACAGGTAGCTGTG-1
GRCh38,CGTACAGGTCCTTGCG-1
GRCh38,CGTACATCAACGTTTA-1
GRCh38,CGTACATCACTCACCT-1
GRCh38,CGTACCGAGACAGCCT-1
GRCh38,CGTACCGAGAGGAGTT-1
GRCh38,CGTACCTGTCGGTATG-1
GRCh38,CGTACGCCAGTCACGC-1
GRCh38,CGTAGAACAATTGTAT-1
GRCh38,CGTAGAACAGCAACGG-1
GRCh38,CGTAGAGAGATGTTCG-1
GRCh38,CGTAGAGAGGTAGGTG-1
GRCh38,CGTAGATGTGTTCAGG-1
GRCh38,CGTAGCCCACTCCTTA-1
GRCh38,CGTAGCCCAGCGCGAA-1
GRCh38,CGTAGTGGTATCTCGC-1
GRCh38,CGTATAGTCCTGCATT-1
GRCh38,CGTATATAGAACCCCG-1
GRCh38,CGTATATAGACCTGTA-1
GRCh38,CGTATATAGAGGGACC-1
GRCh38,CGTATATAGCTGGTTA-1
GRCh38,CGTATCGCAACCAACT-1
GRCh38,CGTATCGCAAGGCTCC-1
GRCh38,CGTATCGCACGCTTTC-1
GRCh38,CGTATCTTCGGCGTCA-1
GRCh38,CGTATGGGTGGTAGCC-1
GRCh38,CGTATTCTCAGGGTTC-1
GRCh38,CGTATTCTCCTCCGAC-1
GRCh38,CGTATTGAGCTTAAGT-1
GRCh38,CGTCAGCCACTATCTT-1
GRCh38,CGTCAGCCAGGGTTCC-1
GRCh38,CGTCAGTAGAACGGGC-1
GRCh38,CGTCAGTAGCCTTAAG-1
GRCh38,CGTCGCTTCACCTACT-1
GRCh38,CGTCGGGGTATATTCC-1
GRCh38,CGTCGGGGTATGGCCA-1
GRCh38,CGTCGGGGTCATGCAG-1
GRCh38,CGTCGGTCACGCATCA-1
GRCh38,CGTCGGTCACTCGAGC-1
GRCh38,CGTCGTACAATTACCA-1
GRCh38,CGTCGTACACCACTCT-1
GRCh38,CGTCGTACAGTTAGTC-1
GRCh38,CGTCGTCTCCCATACT-1
GRCh38,CGTCTAGCAACTGGAA-1
GRCh38,CGTCTATTCCACAACA-1
GRCh38,CGTCTCCAGCCATCGG-1
GRCh38,CGTCTTAGTAAGTGAG-1
GRCh38,CGTCTTAGTCCAACCT-1
GRCh38,CGTGAGTTCACATTAA-1
GRCh38,CGTGAGTTCCACTCTG-1
GRCh38,CGTGCCCGTATCAGTA-1
GRCh38,CGTGCCCGTGCAATCG-1
GRCh38,CGTGGAAAGATAACGA-1
GRCh38,CGTGGGTGTAGGGCGA-1
GRCh38,CGTGGGTGTCAGCTTC-1
GRCh38,CGTGGGTGTCAGGTAT-1
GRCh38,CGTGGGTGTGTTCATT-1
GRCh38,CGTGGTTAGACGTTAT-1
GRCh38,CGTGTCCTCAATCGCA-1
GRCh38,CGTGTCGAGAACCCAC-1
GRCh38,CGTGTCGAGAGTATTC-1
GRCh38,CGTGTCTGTACTATTC-1
GRCh38,CGTGTCTGTCAAACGT-1
GRCh38,CGTGTCTGTCGAGTGC-1
GRCh38,CGTGTCTGTGGGTATT-1
GRCh38,CGTGTTAAGCAGTCTA-1
GRCh38,CGTGTTAAGCCGTGAT-1
GRCh38,CGTGTTAAGCGACCAT-1
GRCh38,CGTGTTAAGGCAATCC-1
GRCh38,CGTGTTCGTCCTTGCG-1
GRCh38,CGTGTTCGTGTCTGAG-1
GRCh38,CGTTAATAGCTACTGA-1
GRCh38,CGTTACAAGGTCTGTA-1
GRCh38,CGTTAGCAGCAAACTT-1
GRCh38,CGTTAGCAGCGCATCG-1
GRCh38,CGTTAGCAGGGGATTG-1
GRCh38,CGTTAGGGTATTACCT-1
GRCh38,CGTTATACACACCGTA-1
GRCh38,CGTTATACACAGGACG-1
GRCh38,CGTTATACACGGCTTA-1
GRCh38,CGTTATACAGCTGTAT-1
GRCh38,CGTTCAGCAACCTCAG-1
GRCh38,CGTTCAGCAACTGGGG-1
GRCh38,CGTTCAGCAAGCAAAT-1
GRCh38,CGTTCAGCACACGGTC-1
GRCh38,CGTTCCCAGCCTAATG-1
GRCh38,CGTTCCGGTCGACTCT-1
GRCh38,CGTTCGACAAGCAGTA-1
GRCh38,CGTTCGACAATAACTT-1
GRCh38,CGTTCGTGTAACCGGC-1
GRCh38,CGTTCTAGTACCCCTG-1
GRCh38,CGTTCTAGTCAATATG-1
GRCh38,CGTTGACAGATGACGG-1
GRCh38,CGTTGCGAGAGCCGTT-1
GRCh38,CGTTGCTGTAAGGTAG-1
GRCh38,CGTTGGAGTACGGTTG-1
GRCh38,CGTTGGAGTACTGCGA-1
GRCh38,CGTTGGTAGACACGGA-1
GRCh38,CGTTGTAAGAAATGGC-1
GRCh38,CGTTGTAAGCGTTCAA-1
GRCh38,CGTTTAGAGATGTATC-1
GRCh38,CGTTTGAAGCAATAGA-1
GRCh38,CTAAACCCACATGTCG-1
GRCh38,CTAAACTAGAGCAACG-1
GRCh38,CTAAACTAGCACATCA-1
GRCh38,CTAAACTAGCCAAAGG-1
GRCh38,CTAAAGCGTATTCAGA-1
GRCh38,CTAAAGGCAATATTCG-1
GRCh38,CTAAAGGCAATGGTAG-1
GRCh38,CTAAATTCACAGCACC-1
GRCh38,CTAACCCGTCACACCT-1
GRCh38,CTAACGGGTCATGCAG-1
GRCh38,CTAACGGGTCGTATGG-1
GRCh38,CTAACGGGTGCCTTTA-1
GRCh38,CTAACGTCAGTGTTCG-1
GRCh38,CTAACTACAACCAAGA-1
GRCh38,CTAACTACACTGTAAC-1
GRCh38,CTAACTACAGGAACGT-1
GRCh38,CTAACTTGTATCACGG-1
GRCh38,CTAAGCATCCATCACT-1
GRCh38,CTAAGCCAGAATTCCG-1
GRCh38,CTAAGCCAGATAGGCG-1
GRCh38,CTAAGCCAGATCCGTA-1
GRCh38,CTAAGCCAGCGGGTTT-1
GRCh38,CTAAGCCAGGCTTTAG-1
GRCh38,CTAAGCGGTAGTCCGA-1
GRCh38,CTAAGCGGTGCTCTTA-1
GRCh38,CTAAGCGGTGTAGTTA-1
GRCh38,CTAAGCGGTGTCGAGC-1
GRCh38,CTAAGGGAGCGTACAC-1
GRCh38,CTAAGGTGTCGATTCC-1
GRCh38,CTAAGTCCAATAGCGA-1
GRCh38,CTAAGTCCAATGCGGG-1
GRCh38,CTAAGTCCACAAGTAG-1
GRCh38,CTAATACAGCGGTTAC-1
GRCh38,CTAATATCAATTAAGA-1
GRCh38,CTAATCACAACTGAGA-1
GRCh38,CTAATCACAATCGCAT-1
GRCh38,CTAATCACACTAGGGG-1
GRCh38,CTAATCCTCATACTCC-1
GRCh38,CTAATCCTCATGCAGC-1
GRCh38,CTAATCGAGACCCCAG-1
GRCh38,CTAATCGAGGTAATTC-1
GRCh38,CTAATCTGTCCATGCT-1
GRCh38,CTAATCTGTGGGGTAG-1
GRCh38,CTAATGAGTGGGAGCA-1
GRCh38,CTAATGGTCACTCCAT-1
GRCh38,CTAATGGTCCTTCGCA-1
GRCh38,CTAATTCGTAGGCTTG-1
GRCh38,CTACAAGTCCGTCGCT-1
GRCh38,CTACACAAGATGCTCA-1
GRCh38,CTACAGGGTACGCCGG-1
GRCh38,CTACAGGGTCAGGATT-1
GRCh38,CTACAGGGTGTAAGCT-1
GRCh38,CTACAGGGTGTTGGAT-1
GRCh38,CTACATCTCCCCTATG-1
GRCh38,CTACATGAGCGTTGTA-1
GRCh38,CTACGCACACCAACGC-1
GRCh38,CTACGCGAGCACGAAG-1
GRCh38,CTACGCTGTCCATCCG-1
GRCh38,CTACGGAGTACCTCCG-1
GRCh38,CTACGGAGTACTATAG-1
GRCh38,CTACGGAGTAGGGGCA-1
GRCh38,CTACGGAGTCATGTGG-1
GRCh38,CTACGTAAGAGTGGCA-1
GRCh38,CTACGTAAGATAGGCG-1
GRCh38,CTACGTAAGCCTACGG-1
GRCh38,CTACTAACACAGTCGC-1
GRCh38,CTACTACTCACCTCTG-1
GRCh38,CTACTACTCCCTTTCC-1
GRCh38,CTACTACTCGGCCAAT-1
GRCh38,CTACTATGTGCCACTT-1
GRCh38,CTACTGAAGGGTTCGT-1
GRCh38,CTACTGCGTAGGAGGT-1
GRCh38,CTACTGCGTATAGCGT-1
GRCh38,CTACTGCGTCCTCTGG-1
GRCh38,CTACTTATCATCCTAC-1
GRCh38,CTAGCAATCCAAGTAT-1
GRCh38,CTAGCAATCGTAATTA-1
GRCh38,CTAGCAGGTGTAACGT-1
GRCh38,CTAGCATCACCATACG-1
GRCh38,CTAGCCCTCCCCTAAT-1
GRCh38,CTAGCGTAGAAGCGTG-1
GRCh38,CTAGCGTAGACAAGTA-1
GRCh38,CTAGCGTAGCATTAGT-1
GRCh38,CTAGCTAAGAAGGCTG-1
GRCh38,CTAGCTAAGGGTAGCA-1
GRCh38,CTAGCTCGTCGACTTC-1
GRCh38,CTAGGAACAAGGCCGA-1
GRCh38,CTAGGAACACGGGGTA-1
GRCh38,CTAGGAACAGTTAACC-1
GRCh38,CTAGGGCGTGCCTTCG-1
GRCh38,CTAGGGCGTGCTCTTA-1
GRCh38,CTAGGGGCAAATTGGG-1
GRCh38,CTAGGGGCACTACGAT-1
GRCh38,CTAGGTCAGCTAATCG-1
GRCh38,CTAGGTCAGGTCCATA-1
GRCh38,CTAGTAAGTCACGGGT-1
GRCh38,CTAGTAAGTCGCTCTG-1
GRCh38,CTAGTAAGTGGGCGTT-1
GRCh38,CTAGTATAGATCCGTA-1
GRCh38,CTAGTATAGCCATCAA-1
GRCh38,CTAGTCGCAATGTATT-1
GRCh38,CTAGTCGCACATAATT-1
GRCh38,CTAGTGGGTCTGGTCT-1
GRCh38,CTAGTTACAAACCAGA-1
GRCh38,CTAGTTACAAAGCGTA-1
GRCh38,CTAGTTCTCATGGCCG-1
GRCh38,CTAGTTCTCCTGGTAA-1
GRCh38,CTAGTTGAGCGCCTGA-1
GRCh38,CTAGTTGAGGGGATCA-1
GRCh38,CTATAACAGAAATCAG-1
GRCh38,CTATAACAGATTATGC-1
GRCh38,CTATAACAGGGACGGT-1
GRCh38,CTATACACAGGCGTTC-1
GRCh38,CTATAGCCAAATACAA-1
GRCh38,CTATAGTAGCAGCTGT-1
GRCh38,CTATAGTAGCTGTAAT-1
GRCh38,CTATCACTCACTCCTG-1
GRCh38,CTATCAGAGCATCTAG-1
GRCh38,CTATCCAGTCCATTTG-1
GRCh38,CTATCGCGTCCAACCT-1
GRCh38,CTATCGCGTGTTCGTC-1
GRCh38,CTATCTTCACGCAATT-1
GRCh38,CTATGACCAGCCAACC-1
GRCh38,CTATGCTTCGTGCAGT-1
GRCh38,CTATGGTCAGCTCGGT-1
GRCh38,CTATGTCTCCAGTAGC-1
GRCh38,CTATGTGAGAATGGTA-1
GRCh38,CTATGTGAGACATGGG-1
GRCh38,CTATGTGAGATTCAAC-1
GRCh38,CTATGTTGTAACCCGA-1
GRCh38,CTATGTTGTACGCAAT-1
GRCh38,CTATGTTGTCTACTGC-1
GRCh38,CTATTCTCAATGTCCG-1
GRCh38,CTATTCTCAGCCAAGG-1
GRCh38,CTATTGCTCGTACCTT-1
GRCh38,CTCAATACACCACACA-1
GRCh38,CTCACCCAGACCCTTT-1
GRCh38,CTCACCCAGATGCTCA-1
GRCh38,CTCACCCAGCAGCTGT-1
GRCh38,CTCACCCAGGGTAAGT-1
GRCh38,CTCACCTCACCGGTTA-1
GRCh38,CTCACCTCACGTTCAG-1
GRCh38,CTCACGACACATGGGG-1
GRCh38,CTCACGACACTACATA-1
GRCh38,CTCACGACAGTCCATG-1
GRCh38,CTCACTCCAAAGTAAC-1
GRCh38,CTCAGCCTCAGCGTAC-1
GRCh38,CTCAGCCTCCCGAAAC-1
GRCh38,CTCAGCCTCGGCGTTG-1
GRCh38,CTCAGCGAGATAGTGA-1
GRCh38,CTCAGCGAGCCAGCAT-1
GRCh38,CTCAGGGTCACTGTCT-1
GRCh38,CTCAGGGTCATGGTAT-1
GRCh38,CTCAGGTAGAACAGGT-1
GRCh38,CTCAGTAAGCACGGTT-1
GRCh38,CTCATAACAGTGTGGG-1
GRCh38,CTCATATGTATCTGTT-1
GRCh38,CTCATATGTGGACTGC-1
GRCh38,CTCATGAAGATGAAGC-1
GRCh38,CTCATGAAGGCGTTAC-1
GRCh38,CTCATTGGTACGCTTC-1
GRCh38,CTCATTGGTAGGAATG-1
GRCh38,CTCATTTCAACGTTAC-1
GRCh38,CTCATTTCACACTATA-1
GRCh38,CTCCAATTCGTGTACA-1
GRCh38,CTCCACATCCGACGCA-1
GRCh38,CTCCACATCCGTGTCC-1
GRCh38,CTCCAGCTCCCCAATT-1
GRCh38,CTCCAGCTCGCTCTCA-1
GRCh38,CTCCATCCAAACGGCG-1
GRCh38,CTCCATCCAAAGGACC-1
GRCh38,CTCCATCCAACATCAC-1
GRCh38,CTCCATCCACAATCCG-1
GRCh38,CTCCATGTCCAATTGG-1
GRCh38,CTCCGAACAGTGGCAG-1
GRCh38,CTCCGACTCAATCGGC-1
GRCh38,CTCCGACTCACAACAT-1
GRCh38,CTCCGACTCGGTCAAC-1
GRCh38,CTCCGCAGTGGAAAGC-1
GRCh38,CTCCGCAGTGGTTGAT-1
GRCh38,CTCCGGCGTGGCCTGG-1
GRCh38,CTCCGGTTCAGTCAGC-1
GRCh38,CTCCGGTTCATCGGAC-1
GRCh38,CTCCGGTTCCTGTTCG-1
GRCh38,CTCCTACCAATCGCAT-1
GRCh38,CTCCTACCAATGCTTA-1
GRCh38,CTCCTCTTCGTCAAAT-1
GRCh38,CTCCTGGGTCAGGGTC-1
GRCh38,CTCCTTACACGTCAAT-1
GRCh38,CTCGAAGGTGGTTCGA-1
GRCh38,CTCGACACAAGTTTCA-1
GRCh38,CTCGAGCCACAGTTTA-1
GRCh38,CTCGATAAGGCGGTTT-1
GRCh38,CTCGCACTCATCCCGC-1
GRCh38,CTCGCACTCCTATTGC-1
GRCh38,CTCGCATGTAGGTTCG-1
GRCh38,CTCGCATGTCATTCTG-1
GRCh38,CTCGCATGTGGGACTC-1
GRCh38,CTCGCCAGTCTAATCT-1
GRCh38,CTCGCCAGTGCACAGC-1
GRCh38,CTCGCTATCACAACAT-1
GRCh38,CTCGCTATCCATGGGT-1
GRCh38,CTCGGACCAAAGCTCT-1
GRCh38,CTCGGACCACGGCACT-1
GRCh38,CTCGGCTTCGTACGGT-1
GRCh38,CTCGGGATCCGCTCTA-1
GRCh38,CTCGGGATCGTAACCA-1
GRCh38,CTCGGGTCAACTGGAA-1
GRCh38,CTCGGGTCAAGCGTTT-1
GRCh38,CTCGGTACAAGCTTCG-1
GRCh38,CTCGGTACACAACGAA-1
GRCh38,CTCGGTACACGCCATA-1
GRCh38,CTCGGTTGTAAGCCCA-1
GRCh38,CTCGTAAAGACTTTGG-1
GRCh38,CTCGTCATCGTAGCAC-1
GRCh38,CTCGTCGGTAGTCGAT-1
GRCh38,CTCGTCGGTCGAGGGA-1
GRCh38,CTCGTCGGTGCCTGGG-1
GRCh38,CTCGTGGAGACATGCC-1
GRCh38,CTCGTGGAGCCATTAG-1
GRCh38,CTCGTGGAGCGATGGA-1
GRCh38,CTCGTGGAGCTAGGTC-1
GRCh38,CTCGTTCCAAATTAAG-1
GRCh38,CTCGTTCCACAGCACC-1
GRCh38,CTCGTTCCACTCATAA-1
GRCh38,CTCGTTCCAGCATGGG-1
GRCh38,CTCGTTCCAGGAGTCG-1
GRCh38,CTCGTTCCAGTTAGCT-1
GRCh38,CTCGTTTAGAATATCC-1
GRCh38,CTCGTTTAGAGCGTAG-1
GRCh38,CTCGTTTAGGTAGACG-1
GRCh38,CTCTAACTCAGTTGTG-1
GRCh38,CTCTAACTCGGTTGGT-1
GRCh38,CTCTAACTCGTTGACA-1
GRCh38,CTCTCATAGAGCAGCA-1
GRCh38,CTCTCATAGCCGTCGA-1
GRCh38,CTCTCCAAGATCCGAC-1
GRCh38,CTCTCGATCGGTTATG-1
GRCh38,CTCTCGGGTGTCCCCA-1
GRCh38,CTCTGATTCCTTCGCA-1
GRCh38,CTGAAAGCAGCGGACA-1
GRCh38,CTGACACAGAACGGAT-1
GRCh38,CTGACCACACAGGTCC-1
GRCh38,CTGACCACAGCTAAAG-1
GRCh38,CTGACCGAGCATTACG-1
GRCh38,CTGACCGAGGGGACGT-1
GRCh38,CTGACGTAGAGCTTAT-1
GRCh38,CTGACTCGTACATTCT-1
GRCh38,CTGACTCGTAGGGGAT-1
GRCh38,CTGACTCGTCCATCCG-1
GRCh38,CTGACTCGTCGATGAT-1
GRCh38,CTGATAAGTCACGGGT-1
GRCh38,CTGATTACACGCAGCT-1
GRCh38,CTGATTCTCCCTGCAC-1
GRCh38,CTGATTGAGATTCAGT-1
GRCh38,CTGCAAATCGTGATAT-1
GRCh38,CTGCAACAGATTCAGT-1
GRCh38,CTGCAACAGGCTATGC-1
GRCh38,CTGCAACAGGTCGCCA-1
GRCh38,CTGCAAGGTCCAGTGA-1
GRCh38,CTGCAATCACCTTCTA-1
GRCh38,CTGCAATCACTATCTT-1
GRCh38,CTGCACACAAGTCGAA-1
GRCh38,CTGCACACAAGTCGGG-1
GRCh38,CTGCACACACTAGCAT-1
GRCh38,CTGCACACAGCAACTT-1
GRCh38,CTGCACGAGAGGTGAT-1
GRCh38,CTGCACGAGCAAGCCT-1
GRCh38,CTGCAGTAGCCTCGTC-1
GRCh38,CTGCATAAGACGGCAA-1
GRCh38,CTGCATAAGCGCTGTG-1
GRCh38,CTGCATCGTACCACTC-1
GRCh38,CTGCATCGTGCTTGTC-1
GRCh38,CTGCGATAGAGTATAG-1
GRCh38,CTGCGTACACATTCAA-1
GRCh38,CTGCGTACAGCCAATT-1
GRCh38,CTGCGTCTCCCGCTTA-1
GRCh38,CTGCGTGAGAGGGTAT-1
GRCh38,CTGCTAAAGAAGTACA-1
GRCh38,CTGCTTCCAAAGGACC-1
GRCh38,CTGCTTCCAGCTACCA-1
GRCh38,CTGGAGGCAAACCGAA-1
GRCh38,CTGGAGGCACCATACG-1
GRCh38,CTGGATGGTGGAACCC-1
GRCh38,CTGGATGGTGGGTATT-1
GRCh38,CTGGCACCACCAACGC-1
GRCh38,CTGGCATAGAATTTGC-1
GRCh38,CTGGCATAGCCTCACC-1
GRCh38,CTGGCCCGTGCCTATC-1
GRCh38,CTGGCTTGTGCTAGTG-1
GRCh38,CTGGGAGCACAAGGGT-1
GRCh38,CTGGGCTCAACGTGCC-1
GRCh38,CTGGGGACAGTTAAGG-1
GRCh38,CTGGGTTAGAAACCGG-1
GRCh38,CTGGGTTAGAATTGAG-1
GRCh38,CTGGTAATCGCAATTG-1
GRCh38,CTGGTCCTCCTTGTAC-1
GRCh38,CTGGTCGAGGCCCACA-1
GRCh38,CTGGTCGAGGGCATGA-1
GRCh38,CTGGTCGAGGGGAATT-1
GRCh38,CTGGTCTGTACGCATG-1
GRCh38,CTGGTCTGTAGACGGG-1
GRCh38,CTGGTCTGTATGGGCC-1
GRCh38,CTGGTCTGTCTTATAC-1
GRCh38,CTGGTTAAGCGAGTCT-1
GRCh38,CTGTAACCAACCCGTA-1
GRCh38,CTGTAACCACTGCTTC-1
GRCh38,CTGTACAAGAAGGCAT-1
GRCh38,CTGTACAAGCGTACCG-1
GRCh38,CTGTACCGTCGATCAG-1
GRCh38,CTGTACGCAACAAGAT-1
GRCh38,CTGTACGCAATGCGGG-1
GRCh38,CTGTACGCACCGACTA-1
GRCh38,CTGTACTTCGCTAAAT-1
GRCh38,CTGTACTTCGTAGTGC-1
GRCh38,CTGTAGCAGCAAGGGC-1
GRCh38,CTGTAGCAGCCTAGCG-1
GRCh38,CTGTATGAGATTATGC-1
GRCh38,CTGTATGAGCCATGCG-1
GRCh38,CTGTCATTCACTGGCG-1
GRCh38,CTGTCATTCATCGACA-1
GRCh38,CTGTCATTCATTAATG-1
GRCh38,CTGTCCGGTCACGGCG-1
GRCh38,CTGTCCGGTCTAACCC-1
GRCh38,CTGTCGGAGGCCTCGA-1
GRCh38,CTGTCTAGTAGTGTAC-1
GRCh38,CTGTGAGGTACGTTGG-1
GRCh38,CTGTGAGGTGGAGCAG-1
GRCh38,CTGTGCGAGCTGCATA-1
GRCh38,CTGTGCGAGGCAACGA-1
GRCh38,CTGTGCGAGGCACGAA-1
GRCh38,CTGTGGTAGAGGTTGG-1
GRCh38,CTGTTGAAGCAATTAC-1
GRCh38,CTGTTGCGTCTATTGT-1
GRCh38,CTTAACACAACCTTAA-1
GRCh38,CTTAATCGTATCGGGC-1
GRCh38,CTTAATCGTCCACGTT-1
GRCh38,CTTAGCAAGAAGGGCC-1
GRCh38,CTTAGCAAGATAGGCG-1
GRCh38,CTTAGCAAGCACTATG-1
GRCh38,CTTAGCCGTGCCTTGT-1
GRCh38,CTTAGCGCAATGCTAC-1
GRCh38,CTTAGCGCACCCAGAC-1
GRCh38,CTTAGCGCAGGCGACA-1
GRCh38,CTTAGCTTCAGTCGCG-1
GRCh38,CTTAGCTTCCACCATT-1
GRCh38,CTTAGCTTCGTAGTTG-1
GRCh38,CTTAGGCAGAAGCTAA-1
GRCh38,CTTAGGCAGACAAGAC-1
GRCh38,CTTAGTACAACCTACG-1
GRCh38,CTTAGTACAACGGTCC-1
GRCh38,CTTAGTACAGGGATTA-1
GRCh38,CTTAGTGAGAGGGACC-1
GRCh38,CTTAGTGAGAGTAATG-1
GRCh38,CTTATACGTCGAGCGT-1
GRCh38,CTTATAGCAAAGTACG-1
GRCh38,CTTATAGCAATGTCCG-1
GRCh38,CTTATAGCACAGCACC-1
GRCh38,CTTATAGCACTTAAGC-1
GRCh38,CTTATGCTCCTGCGTC-1
GRCh38,CTTATGTGTATGGAGA-1
GRCh38,CTTATGTGTCCGAAAT-1
GRCh38,CTTCAATGTACGTTGG-1
GRCh38,CTTCAATGTCGTGGGT-1
GRCh38,CTTCATATCAGACTTG-1
GRCh38,CTTCATTCAAACCTTA-1
GRCh38,CTTCATTCAGTTCTCC-1
GRCh38,CTTCGCATCAATCTGG-1
GRCh38,CTTCGTCCAATCGCGC-1
GRCh38,CTTCGTGTCAGCCCCT-1
GRCh38,CTTCGTGTCGGACATC-1
GRCh38,CTTCGTTAGAACCCCG-1
GRCh38,CTTCGTTAGGGTATCC-1
GRCh38,CTTCTAATCAATTATG-1
GRCh38,CTTCTAGGTATGTGTA-1
GRCh38,CTTCTCTGTAGAGGGT-1
GRCh38,CTTGAATAGAACCCCG-1
GRCh38,CTTGACGCACCTTACC-1
GRCh38,CTTGACGCAGTGCTCA-1
GRCh38,CTTGATGAGAATTCGT-1
GRCh38,CTTGATTGTAATGGTC-1
GRCh38,CTTGATTGTCGTTGGA-1
GRCh38,CTTGGAGGTATAAGCC-1
GRCh38,CTTGGCGAGACGGGTA-1
GRCh38,CTTGGCGAGATGACGG-1
GRCh38,CTTGTACTCGGCTTGG-1
GRCh38,CTTGTATGTAGGGAGT-1
GRCh38,CTTGTATGTATTGCTT-1
GRCh38,CTTGTCTAGCGATTAT-1
GRCh38,CTTGTCTAGCTACGCG-1
GRCh38,CTTGTGAAGATGGGCA-1
GRCh38,CTTGTGAAGGTAGGCA-1
GRCh38,CTTGTGCGTCCAGTAG-1
GRCh38,GCAAAGGTCAGCATCA-1
GRCh38,GCAAAGGTCCTAGCTT-1
GRCh38,GCAAAGTAGAAAGTGC-1
GRCh38,GCAAAGTAGATCGACC-1
GRCh38,GCAAAGTAGGCATACC-1
GRCh38,GCAACAGAGAGTCAGG-1
GRCh38,GCAACAGAGATCGACC-1
GRCh38,GCAACAGAGCTTAGTG-1
GRCh38,GCAACCCCACCCAACA-1
GRCh38,GCAACCCCAGCATCAT-1
GRCh38,GCAACGAAGAGAGTTA-1
GRCh38,GCAACGAAGATGCGAG-1
GRCh38,GCAACGGCACTAAATT-1
GRCh38,GCAACGGCAGGATTAG-1
GRCh38,GCAACGTTCAAATCCG-1
GRCh38,GCAACTATCCAGTACA-1
GRCh38,GCAAGACCAGGTCATT-1
GRCh38,GCAAGCAAGAACCCAC-1
GRCh38,GCAAGCAAGGTGAGTG-1
GRCh38,GCAAGCCGTAATTCAG-1
GRCh38,GCAAGCCGTCGACGTA-1
GRCh38,GCAAGCTTCAAATCCG-1
GRCh38,GCAAGCTTCACGGCCA-1
GRCh38,GCAAGCTTCACGGTCG-1
GRCh38,GCAAGCTTCCACGAGT-1
GRCh38,GCAAGGCAGCAGCTGT-1
GRCh38,GCAAGGGGTGGCTAGC-1
GRCh38,GCAATAGCAAAACGGC-1
GRCh38,GCAATATTCGGGCTCA-1
GRCh38,GCAATCCAGAGACATA-1
GRCh38,GCAATCGGTCCGCATT-1
GRCh38,GCAATCGGTCCTCTGG-1
GRCh38,GCAATCGGTCTGTACC-1
GRCh38,GCAATGTGTCACCCAT-1
GRCh38,GCAATTGTCCTGGTCC-1
GRCh38,GCAATTGTCGCCATAA-1
GRCh38,GCAATTTAGAAGGTTA-1
GRCh38,GCACACCCAATACGTC-1
GRCh38,GCACACCCAATGGGAC-1
GRCh38,GCACACCCACAACGAA-1
GRCh38,GCACCATAGACATCCA-1
GRCh38,GCACCCAAGAACGTAA-1
GRCh38,GCACCCAAGCAGTATT-1
GRCh38,GCACCCAAGGGCCATT-1
GRCh38,GCACCCAAGGTTCTAG-1
GRCh38,GCACCCTTCCATCGGG-1
GRCh38,GCACCCTTCGGGGTAA-1
GRCh38,GCACCTACAGGTTCAT-1
GRCh38,GCACCTCTCATGCTTC-1
GRCh38,GCACGAAAGAACGGAT-1
GRCh38,GCACGAAAGAGCTTGC-1
GRCh38,GCACGGACAGGGTTCC-1
GRCh38,GCACGTAGTCAGGCGT-1
GRCh38,GCACGTGTCACACATG-1
GRCh38,GCACTAATCACTGGCG-1
GRCh38,GCACTAGGTCCCTCTC-1
GRCh38,GCACTAGGTGCACGTA-1
GRCh38,GCACTAGGTGGTAGTT-1
GRCh38,GCACTCCTCCCGCCAT-1
GRCh38,GCACTCTGTGCCTCGC-1
GRCh38,GCACTCTGTGCTGCCC-1
GRCh38,GCAGCGACACAATAGG-1
GRCh38,GCAGGATCAACATATT-1
GRCh38,GCAGGATCACCACAGC-1
GRCh38,GCAGGATCACGCACTA-1
GRCh38,GCAGGGTAGCGCGTAT-1
GRCh38,GCAGTAACAAGTCGGG-1
GRCh38,GCAGTAACAGGCGTAG-1
GRCh38,GCAGTACTCGGAATGG-1
GRCh38,GCAGTCAGTATGTACA-1
GRCh38,GCAGTGTTCAATTGTA-1
GRCh38,GCAGTGTTCGTATGCA-1
GRCh38,GCATAATTCGTACGTA-1
GRCh38,GCATACCAGCGGATTC-1
GRCh38,GCATAGACAAGAGGTC-1
GRCh38,GCATAGCTCCAAGACC-1
GRCh38,GCATAGCTCGGGCTTG-1
GRCh38,GCATAGGAGAGACATA-1
GRCh38,GCATAGGAGCTGGTTA-1
GRCh38,GCATCAATCAGGAATA-1
GRCh38,GCATCACAGCGCGTCA-1
GRCh38,GCATCAGGTAGAGGCG-1
GRCh38,GCATCAGGTAGTTAGC-1
GRCh38,GCATCATCACCGACAC-1
GRCh38,GCATCATCACGGTGCT-1
GRCh38,GCATCCGAGATTGTGT-1
GRCh38,GCATCCGAGCTCATGA-1
GRCh38,GCATCCGAGCTCGAAC-1
GRCh38,GCATCGCCAAAAGGGG-1
GRCh38,GCATCGCCAAATGCGA-1
GRCh38,GCATCGCCAAGCATAG-1
GRCh38,GCATCGCCACCACCAA-1
GRCh38,GCATGAACACGGAAAC-1
GRCh38,GCATGGAAGACGAACG-1
GRCh38,GCATGGAAGACGAGGC-1
GRCh38,GCATGGAAGCAATGTT-1
GRCh38,GCATGGAAGGGACACA-1
GRCh38,GCATGGCGTAGGCCGT-1
GRCh38,GCATGGCGTGGCAAGG-1
GRCh38,GCATGGGCAAAGCTTC-1
GRCh38,GCATGGGCAAGAATAC-1
GRCh38,GCATGGTTCGGATGTC-1
GRCh38,GCATTAGTCAGCTAAT-1
GRCh38,GCATTAGTCGGTTCCC-1
GRCh38,GCATTCCGTGGTTTAA-1
GRCh38,GCATTCGCAAACATTT-1
GRCh38,GCATTCGCAACCCCAA-1
GRCh38,GCATTCGCAATCAACC-1
GRCh38,GCATTCGCACATAACC-1
GRCh38,GCATTGGGTCTACTAT-1
GRCh38,GCATTGGGTCTTAGCC-1
GRCh38,GCATTTACACATAGAG-1
GRCh38,GCCAACCCAAACATGG-1
GRCh38,GCCAACCCAAGGTTAG-1
GRCh38,GCCAACCCAGGCACTC-1
GRCh38,GCCAATATCATTCGCT-1
GRCh38,GCCAATATCGGGTCCA-1
GRCh38,GCCAATTCAAATCCCG-1
GRCh38,GCCACATAGATAACAG-1
GRCh38,GCCACATAGCAATGCC-1
GRCh38,GCCACATAGCTCACCC-1
GRCh38,GCCACATAGGCCATAC-1
GRCh38,GCCACTACAGGTTGCC-1
GRCh38,GCCACTTGTACAAGGA-1
GRCh38,GCCACTTGTAGTCGAT-1
GRCh38,GCCACTTGTCCAGTAG-1
GRCh38,GCCATACAGACCCCGA-1
GRCh38,GCCATAGGTATATTGG-1
GRCh38,GCCATCGAGCATGGTC-1
GRCh38,GCCATGGTCCTCTGCA-1
GRCh38,GCCATGTAGCATGGTC-1
GRCh38,GCCATGTAGCCCAAGT-1
GRCh38,GCCATGTAGCTGGGTT-1
GRCh38,GCCATTAAGATACGGG-1
GRCh38,GCCATTAAGCGAACAG-1
GRCh38,GCCATTAAGGCGTGTT-1
GRCh38,GCCCAATAGACCCCGA-1
GRCh38,GCCCAATAGATCCTGA-1
GRCh38,GCCCATTGTCCTGCGC-1
GRCh38,GCCCCATTCATCTCCG-1
GRCh38,GCCCCATTCGGCTCGA-1
GRCh38,GCCCGAGGTAAGCCAT-1
GRCh38,GCCCGAGGTATAATCG-1
GRCh38,GCCCGAGGTCGGGTTA-1
GRCh38,GCCCGAGGTCTGTATT-1
GRCh38,GCCCGTAAGCGAATGG-1
GRCh38,GCCCGTAAGGTGATTT-1
GRCh38,GCCCGTCGTCCTTTAG-1
GRCh38,GCCCGTCGTCTAACTT-1
GRCh38,GCCCGTCGTGGCGCTG-1
GRCh38,GCCCTAACAATCACTA-1
GRCh38,GCCCTAACACGATTTA-1
GRCh38,GCCCTAACACTCCTAC-1
GRCh38,GCCCTACTCACTTTCA-1
GRCh38,GCCCTATGTAGTGTCG-1
GRCh38,GCCCTATGTCGACAGC-1
GRCh38,GCCCTGAAGAAACCAA-1
GRCh38,GCCCTTATCGCGGAAA-1
GRCh38,GCCTAAATCCTTCAAC-1
GRCh38,GCCTACCTCGGATTGC-1
GRCh38,GCCTATAAGAAGCTAA-1
GRCh38,GCCTATAAGGGTGATG-1
GRCh38,GCCTATCGTATCCGAG-1
GRCh38,GCCTATCGTCCAAAGT-1
GRCh38,GCCTCGAAGAACCCCG-1
GRCh38,GCCTCGCGTCGAGGCT-1
GRCh38,GCCTCTGGTATCATTC-1
GRCh38,GCCTCTTCAAGGCACG-1
GRCh38,GCCTCTTCAATGCGCC-1
GRCh38,GCCTGACCAAGTTTCA-1
GRCh38,GCCTGACCACCCAGAC-1
GRCh38,GCCTGATAGCCGCTAG-1
GRCh38,GCCTGCAAGCCGTAAC-1
GRCh38,GCCTGCAAGGCTTGTA-1
GRCh38,GCCTGCCGTACATTAG-1
GRCh38,GCCTTCGGTATAGTGC-1
GRCh38,GCCTTCGGTGGTTTGG-1
GRCh38,GCCTTGCTCAGACAGG-1
GRCh38,GCCTTGTGTCTATCCA-1
GRCh38,GCCTTTAGTGCGATGC-1
GRCh38,GCCTTTCCAAACATAA-1
GRCh38,GCCTTTCCAGCATTCG-1
GRCh38,GCGAAACCAGTTGAAG-1
GRCh38,GCGAAGCAGACAATTC-1
GRCh38,GCGAAGCAGCTTCTAC-1
GRCh38,GCGAATGAGAATTGTC-1
GRCh38,GCGAATGAGCGTGCAT-1
GRCh38,GCGAATGAGCTCGGCA-1
GRCh38,GCGAATTGTCCTTCGG-1
GRCh38,GCGACAGCAGCTATTA-1
GRCh38,GCGACAGCAGGTCATT-1
GRCh38,GCGACATTCGTATAGT-1
GRCh38,GCGACGACAAGCACAA-1
GRCh38,GCGACGACACAAGCGG-1
GRCh38,GCGAGAGGTAAGTTTG-1
GRCh38,GCGAGAGGTACTTAAG-1
GRCh38,GCGAGGAGTAGGACCC-1
GRCh38,GCGAGGAGTATCTTCG-1
GRCh38,GCGAGTAAGCATGCCG-1
GRCh38,GCGAGTAAGCTCGGCA-1
GRCh38,GCGATAACAAACGAGC-1
GRCh38,GCGATAGAGCCTTTCG-1
GRCh38,GCGATGTTCATACAAC-1
GRCh38,GCGATGTTCGTAGTCA-1
GRCh38,GCGCAATTCATAGTAC-1
GRCh38,GCGCAATTCGGTATAT-1
GRCh38,GCGCACTCAAGCGTAA-1
GRCh38,GCGCATCCAAGTCCGC-1
GRCh38,GCGCATCCACACAATC-1
GRCh38,GCGCATCCACATCGCA-1
GRCh38,GCGCATCCACTCGACA-1
GRCh38,GCGCATCCACTTAAGC-1
GRCh38,GCGCATTAGCCCAGCA-1
GRCh38,GCGCCTCGTAATTTGG-1
GRCh38,GCGCCTTTCATCGGCG-1
GRCh38,GCGCCTTTCCGTTACT-1
GRCh38,GCGCGAACAATAAGTA-1
GRCh38,GCGCGAACACACTCTC-1
GRCh38,GCGCGATGTAGTATGC-1
GRCh38,GCGCGATGTGTTCTCA-1
GRCh38,GCGCGTATCGTTAATA-1
GRCh38,GCGCTACCACATATCA-1
GRCh38,GCGCTCAAGAGGGATT-1
GRCh38,GCGCTCAAGAGGGGCT-1
GRCh38,GCGCTCAAGCAATGCC-1
GRCh38,GCGCTCCGTAACGTCG-1
GRCh38,GCGCTCCGTACTGGAT-1
GRCh38,GCGCTCCGTCGCAGTA-1
GRCh38,GCGCTGGGTACCCATC-1
GRCh38,GCGCTGGGTATCAGGT-1
GRCh38,GCGCTGGGTATGAAGG-1
GRCh38,GCGCTGGGTCCTTGTA-1
GRCh38,GCGGAGAGTAGTCGAT-1
GRCh38,GCGGAGAGTCACTCCG-1
GRCh38,GCGGAGAGTCCAACCT-1
GRCh38,GCGGAGTAGGTGCGAA-1
GRCh38,GCGGATAAGCTTCGTT-1
GRCh38,GCGGATTTCAGACACC-1
GRCh38,GCGGCTATCCAACGTA-1
GRCh38,GCGGGATAGCGATTAT-1
GRCh38,GCGGTAAAGACTATGT-1
GRCh38,GCGGTAAAGAGTTAAG-1
GRCh38,GCGGTAAAGGTAAGTA-1
GRCh38,GCGGTAGCAAATGGCA-1
GRCh38,GCGGTAGCAATGCGCC-1
GRCh38,GCGGTAGCAGTGATTC-1
GRCh38,GCGGTATTCCTGAACA-1
GRCh38,GCGGTCTCAAACCCAT-1
GRCh38,GCGGTTAGTATGTTGA-1
GRCh38,GCGGTTAGTGCATGGC-1
GRCh38,GCGGTTGTCAGCATCA-1
GRCh38,GCGGTTGTCATAACTA-1
GRCh38,GCGGTTGTCCATCGGG-1
GRCh38,GCGGTTGTCGCGTAGT-1
GRCh38,GCGGTTTAGGCTGTCG-1
GRCh38,GCGTAACTCATCAGCA-1
GRCh38,GCGTAACTCCCGCTGT-1
GRCh38,GCGTAGAAGCTCGTAA-1
GRCh38,GCGTAGAAGGGATTAA-1
GRCh38,GCGTAGGCAGCATAGA-1
GRCh38,GCGTATATCATCTCTA-1
GRCh38,GCGTATTCAACCCGTA-1
GRCh38,GCGTATTCAGTAGGCG-1
GRCh38,GCGTCAGTCAGCCGCA-1
GRCh38,GCGTCATAGACGTCCG-1
GRCh38,GCGTCATAGAGCGGTA-1
GRCh38,GCGTCCAAGATGACGG-1
GRCh38,GCGTCCAAGCAACATT-1
GRCh38,GCGTCCAAGCCAAACC-1
GRCh38,GCGTCGATCAGCCATA-1
GRCh38,GCGTCGATCCCAACCC-1
GRCh38,GCGTCTACAATCATTG-1
GRCh38,GCGTCTACAATGACGA-1
GRCh38,GCGTGAAAGAAAGTCA-1
GRCh38,GCGTGAAAGCGCTGCA-1
GRCh38,GCGTGAGCAACAAGAT-1
GRCh38,GCGTGCTCACCACCAA-1
GRCh38,GCGTGTCCACACGTCA-1
GRCh38,GCGTGTTAGGGTTGTC-1
GRCh38,GCGTTAATCACATTAA-1
GRCh38,GCGTTACAGAACTTCG-1
GRCh38,GCGTTACAGATATACC-1
GRCh38,GCGTTAGGTCTAATGA-1
GRCh38,GCGTTTAAGGGTAGCA-1
GRCh38,GCGTTTCGTACTTCGC-1
GRCh38,GCGTTTCGTGCGCCTC-1
GRCh38,GCTAAAGCACTGTACG-1
GRCh38,GCTAAATTCAATGTGT-1
GRCh38,GCTAAATTCACAACGC-1
GRCh38,GCTAAATTCCATTCCG-1
GRCh38,GCTAAATTCGGGTCAT-1
GRCh38,GCTAACTCAGGACAAC-1
GRCh38,GCTAAGACAGGGTGCA-1
GRCh38,GCTAAGACAGGTTTCG-1
GRCh38,GCTAAGTGTAGTCGCA-1
GRCh38,GCTAAGTGTCACGGCG-1
GRCh38,GCTAAGTGTCAGTATA-1
GRCh38,GCTAATCCAATCAACC-1
GRCh38,GCTAATCCAGTAGCGG-1
GRCh38,GCTAATGTCATGTAAC-1
GRCh38,GCTACACAGAAACCGG-1
GRCh38,GCTACACAGCAGCGTT-1
GRCh38,GCTACAGGTATAAGGG-1
GRCh38,GCTACATCAAAACCAG-1
GRCh38,GCTACATCAATCAACC-1
GRCh38,GCTACCACAAGTACGA-1
GRCh38,GCTACCACAATCGCAT-1
GRCh38,GCTACCGAGCAAACTT-1
GRCh38,GCTACCGAGCGGGGAT-1
GRCh38,GCTACCGAGGGCTAGA-1
GRCh38,GCTACCTGTGGGTTAT-1
GRCh38,GCTACGCCACTAGGCC-1
GRCh38,GCTACTTTCCCGCGTT-1
GRCh38,GCTAGAACACTCCGAA-1
GRCh38,GCTAGAACAGCGACAG-1
GRCh38,GCTAGAGAGCGCTGTG-1
GRCh38,GCTAGATGTCGGAATT-1
GRCh38,GCTAGCCCACTTCTAT-1
GRCh38,GCTAGGCGTACTATGA-1
GRCh38,GCTAGGCGTGTTGCAG-1
GRCh38,GCTAGGGCAACTGCGC-1
GRCh38,GCTATAAGTCATCATT-1
GRCh38,GCTATCCGTAAGGGTA-1
GRCh38,GCTATCCGTACTTGGG-1
GRCh38,GCTATCCGTGGGAGTG-1
GRCh38,GCTATCCGTGTCGCCC-1
GRCh38,GCTATCCGTGTGCGGT-1
GRCh38,GCTATCGCAATCGCGC-1
GRCh38,GCTATCGCAGTACGCC-1
GRCh38,GCTATCTTCACACTTC-1
GRCh38,GCTATCTTCCCGTGTC-1
GRCh38,GCTATGGGTGCGAGAG-1
GRCh38,GCTATTGAGACGCGAA-1
GRCh38,GCTATTGAGATTACAC-1
GRCh38,GCTCAATCAATGCCCA-1
GRCh38,GCTCAATCAATGGCCC-1
GRCh38,GCTCACGAGATTAAGG-1
GRCh38,GCTCACGAGGCTATTG-1
GRCh38,GCTCATAAGCATAATC-1
GRCh38,GCTCATTTCCGTATTC-1
GRCh38,GCTCATTTCGGGTCCA-1
GRCh38,GCTCCAACAAGGTTTC-1
GRCh38,GCTCCAACAGCAGGCA-1
GRCh38,GCTCCACTCCATAGGC-1
GRCh38,GCTCCGCGTGGACCGT-1
GRCh38,GCTCCGCGTGTAACGT-1
GRCh38,GCTCCTATCGTAGCTA-1
GRCh38,GCTCGATAGAGCGTGA-1
GRCh38,GCTCGATAGGGACACA-1
GRCh38,GCTCGCTTCACGTCGG-1
GRCh38,GCTCGCTTCCTATGCT-1
GRCh38,GCTCGGGGTGGTTTCC-1
GRCh38,GCTCGGTCACTAACCG-1
GRCh38,GCTCGGTCAGGGTCTC-1
GRCh38,GCTCGTGAGAGCAAGT-1
GRCh38,GCTCGTGAGCGGTCAT-1
GRCh38,GCTCTAGCAAAAGCGC-1
GRCh38,GCTCTAGCAAAAGGCC-1
GRCh38,GCTCTAGCAGGTAAGC-1
GRCh38,GCTCTATTCCAAACCA-1
GRCh38,GCTCTGTGTAAGCCAT-1
GRCh38,GCTCTGTGTATTCTGT-1
GRCh38,GCTCTTAGTCTGTACC-1
GRCh38,GCTGCCCGTAACTCCC-1
GRCh38,GCTGCCCGTATCATTC-1
GRCh38,GCTGCCCGTCGCATCT-1
GRCh38,GCTGGCATCCAATATA-1
GRCh38,GCTGGCATCCAGTCCC-1
GRCh38,GCTGGCATCCCTTCTC-1
GRCh38,GCTGGGTGTCAGGGTC-1
GRCh38,GCTGGTTAGGTAAGCG-1
GRCh38,GCTGTATCAACCCACA-1
GRCh38,GCTGTATCACCACTCT-1
GRCh38,GCTGTCTGTAGTTATG-1
GRCh38,GCTGTCTGTGTTATAG-1
GRCh38,GCTGTGGTCGCTAACA-1
GRCh38,GCTGTGGTCGGATCAC-1
GRCh38,GCTTAAGTCAAGCACC-1
GRCh38,GCTTAAGTCAGTACTG-1
GRCh38,GCTTACAAGATGCGAG-1
GRCh38,GCTTACGCAGCACGCT-1
GRCh38,GCTTACTTCCGTATAG-1
GRCh38,GCTTAGGGTATTATCC-1
GRCh38,GCTTAGTCAGTGCATT-1
GRCh38,GCTTAGTCAGTTAATT-1
GRCh38,GCTTATACAGCATGGG-1
GRCh38,GCTTATACAGTCCGTA-1
GRCh38,GCTTATCTCGCCATGG-1
GRCh38,GCTTATCTCGGACGTT-1
GRCh38,GCTTATCTCGTAGTTG-1
GRCh38,GCTTCATTCAACCTCT-1
GRCh38,GCTTCATTCAAGCCTA-1
GRCh38,GCTTCATTCCAATCGA-1
GRCh38,GCTTCCCAGAGTATTC-1
GRCh38,GCTTCCCAGCTGTTGA-1
GRCh38,GCTTCCCAGGTAAGCG-1
GRCh38,GCTTCCGGTAGTAAGG-1
GRCh38,GCTTCCGGTGCTGCCC-1
GRCh38,GCTTCGACAATGGCGG-1
GRCh38,GCTTCGTGTCGTAGGC-1
GRCh38,GCTTCTAGTACATTAG-1
GRCh38,GCTTCTAGTCAATGTA-1
GRCh38,GCTTCTAGTCCGATAG-1
GRCh38,GCTTCTGTCGTGGCCA-1
GRCh38,GCTTGACAGACATAAG-1
GRCh38,GCTTGCGAGACAACCC-1
GRCh38,GCTTGCTGTCCAGCCC-1
GRCh38,GCTTGGAGTAACTCCC-1
GRCh38,GCTTGTAAGCATCGAC-1
GRCh38,GCTTGTCGTCAATGTA-1
GRCh38,GCTTGTCGTGTACTCC-1
GRCh38,GCTTGTCGTGTATGCG-1
GRCh38,GCTTTAACAAGTTTCA-1
GRCh38,GCTTTAACACACTCTC-1
GRCh38,GCTTTAACACAGTCCA-1
GRCh38,GCTTTACTCACTGCCC-1
GRCh38,GCTTTACTCCAGCATA-1
GRCh38,GCTTTACTCGCTCCGT-1
GRCh38,GCTTTAGAGAATTTGC-1
GRCh38,GCTTTAGAGGTATCCA-1
GRCh38,GCTTTCAGTAGTGAGA-1
GRCh38,GCTTTCAGTATCAGCG-1
GRCh38,GCTTTCAGTGTAGTGT-1
GRCh38,GCTTTCGTCCCGCGTT-1
GRCh38,GCTTTGAAGAACCATT-1
GRCh38,GCTTTGAAGCACCATA-1
GRCh38,GCTTTGAAGCCATCGG-1
GRCh38,GCTTTGAAGCTAGGTC-1
GRCh38,GCTTTGAAGGTTAGTT-1
GRCh38,GGAAACGTCCGCCTAC-1
GRCh38,GGAAACGTCCTCTAAC-1
GRCh38,GGAAACGTCGGGCAAA-1
GRCh38,GGAAACGTCGTCCATT-1
GRCh38,GGAAACTAGAGTTAAG-1
GRCh38,GGAAACTAGCAAGTTT-1
GRCh38,GGAAAGCGTAAAGCGA-1
GRCh38,GGAAAGGCAATAGCGA-1
GRCh38,GGAAAGTTCCTCCAGC-1
GRCh38,GGAAATCAGATACAAG-1
GRCh38,GGAAATCAGGCCTGAT-1
GRCh38,GGAACCCGTGGAGCTC-1
GRCh38,GGAACCGCAAGTAAAC-1
GRCh38,GGAACCGCAATGCTAC-1
GRCh38,GGAACCGCAATTGCTA-1
GRCh38,GGAACCGCACAGGTAA-1
GRCh38,GGAACCGCACGTAGCC-1
GRCh38,GGAACGTCAGGCGTTC-1
GRCh38,GGAACTACAGCAACGG-1
GRCh38,GGAAGCATCATGCCTT-1
GRCh38,GGAAGGACAAAGCCGG-1
GRCh38,GGAAGTAGTACCCTTA-1
GRCh38,GGAAGTAGTGCGTTAG-1
GRCh38,GGAATACAGAATGTAG-1
GRCh38,GGAATACAGGCCCGTA-1
GRCh38,GGAATCACAAGCCGTC-1
GRCh38,GGAATCACACATAACC-1
GRCh38,GGAATCACAGGGAGAA-1
GRCh38,GGAATCACAGGGCAAT-1
GRCh38,GGAATCTGTCACGGCG-1
GRCh38,GGAATGAGTCGACTAG-1
GRCh38,GGAATGGTCACTGCAA-1
GRCh38,GGAATGGTCAGCGGTT-1
GRCh38,GGAATGGTCCGTGAGT-1
GRCh38,GGAATTAAGCCGTAAC-1
GRCh38,GGAATTAAGGGGTGTA-1
GRCh38,GGAATTCGTCCAAGAT-1
GRCh38,GGACAATAGCGAAGTG-1
GRCh38,GGACACAAGACAATTC-1
GRCh38,GGACACGCAATAAGAC-1
GRCh38,GGACACTTCACGCCTC-1
GRCh38,GGACATCTCAGACTCA-1
GRCh38,GGACATGAGAATGCGG-1
GRCh38,GGACATGAGATCCCAA-1
GRCh38,GGACATGAGCCGTAGT-1
GRCh38,GGACCCATCAGGCTCG-1
GRCh38,GGACCCATCCACTTCG-1
GRCh38,GGACCCATCGCAACTA-1
GRCh38,GGACCGACAACGCAGG-1
GRCh38,GGACCGTGTAATGGTC-1
GRCh38,GGACCGTGTACACCCT-1
GRCh38,GGACCGTGTACTACAA-1
GRCh38,GGACCGTGTGGGTTTG-1
GRCh38,GGACCTCCACCACCAA-1
GRCh38,GGACGACAGCTCCGGA-1
GRCh38,GGACGCTGTCCCATGT-1
GRCh38,GGACGGTAGCAAATTC-1
GRCh38,GGACGGTAGCATTTCC-1
GRCh38,GGACGGTAGCTACAGC-1
GRCh38,GGACGTAAGAATGTTC-1
GRCh38,GGACGTAAGCCCTGGA-1
GRCh38,GGACGTTTCGTATTCC-1
GRCh38,GGACTAACAAGACGAC-1
GRCh38,GGACTAACAGGCGACA-1
GRCh38,GGACTACTCAGAGAAC-1
GRCh38,GGACTATGTATAGGCT-1
GRCh38,GGACTATGTGCCCTAT-1
GRCh38,GGACTATGTGTGTATA-1
GRCh38,GGACTGAAGCATCGAC-1
GRCh38,GGACTGCGTGTTAATG-1
GRCh38,GGACTTATCCCAGTAA-1
GRCh38,GGACTTATCCCATTAC-1
GRCh38,GGACTTATCCTTGTGT-1
GRCh38,GGACTTTCAACCTAGT-1
GRCh38,GGACTTTCAGCATCAT-1
GRCh38,GGAGAGGAGAAGGCTG-1
GRCh38,GGAGAGGAGACGAGGC-1
GRCh38,GGAGAGGAGACGGGTA-1
GRCh38,GGAGCAGGTAACTTCT-1
GRCh38,GGAGCAGGTGGCGTTA-1
GRCh38,GGAGCAGGTGTAAGGA-1
GRCh38,GGAGCCACAAAGCTCT-1
GRCh38,GGAGCCACAATGAATA-1
GRCh38,GGAGCCTGTAAATCCA-1
GRCh38,GGAGCGAGTAGCTGAT-1
GRCh38,GGAGCGTAGCGAATTT-1
GRCh38,GGAGCTAAGCGGTTAC-1
GRCh38,GGAGCTAAGGCATAGG-1
GRCh38,GGAGCTCGTCAATTAG-1
GRCh38,GGAGCTCGTGGGTTGC-1
GRCh38,GGAGGTATCGTAGTGC-1
GRCh38,GGAGGTCAGAACACCC-1
GRCh38,GGAGGTCAGCATATCG-1
GRCh38,GGAGGTCAGGTCACGT-1
GRCh38,GGAGTATAGACAACGG-1
GRCh38,GGAGTATAGGTAGGCA-1
GRCh38,GGAGTCTTCACTGTCT-1
GRCh38,GGAGTGGGTACAAGGA-1
GRCh38,GGAGTTACAGGTAACA-1
GRCh38,GGATAAGGTATATCCT-1
GRCh38,GGATACCTCAGCGTGT-1
GRCh38,GGATACCTCCCATACT-1
GRCh38,GGATAGCCAGGTGATA-1
GRCh38,GGATAGCCAGTGCACC-1
GRCh38,GGATAGCCAGTGCGAG-1
GRCh38,GGATATCGTCTCATTG-1
GRCh38,GGATCAACACATCACG-1
GRCh38,GGATCACTCAGTCCGG-1
GRCh38,GGATCCGTCACGTAAT-1
GRCh38,GGATCCGTCCCAATAG-1
GRCh38,GGATCCGTCCGCAATA-1
GRCh38,GGATCCGTCGTGGTTA-1
GRCh38,GGATGACCAACGTAAG-1
GRCh38,GGATGACCAAGCGCAG-1
GRCh38,GGATGACCAATGATCC-1
GRCh38,GGATGACCAGGATGAC-1
GRCh38,GGATGATAGATAACAG-1
GRCh38,GGATGGGGTAGGCCCG-1
GRCh38,GGATGGGGTCTAGTAA-1
GRCh38,GGATGGTCACTGGGGA-1
GRCh38,GGATGTCTCAACGAAA-1
GRCh38,GGATGTCTCACCAATG-1
GRCh38,GGATGTTGTGCCTATC-1
GRCh38,GGATTAGCAACGGACG-1
GRCh38,GGATTAGCACAATTAT-1
GRCh38,GGATTCGGTCCGTCGC-1
GRCh38,GGATTGTGTACTCGCT-1
GRCh38,GGATTGTGTCTATGGG-1
GRCh38,GGATTGTGTGTGCAAT-1
GRCh38,GGATTTCCAATGCCGC-1
GRCh38,GGATTTCCACAAACCT-1
GRCh38,GGATTTCCACAATGTC-1
GRCh38,GGATTTCCACCGCTAA-1
GRCh38,GGATTTCCAGCCCAAC-1
GRCh38,GGCAACTTCCTACAAG-1
GRCh38,GGCAAGGGTCGCGTCC-1
GRCh38,GGCACGTGTAACATGC-1
GRCh38,GGCACGTGTCTACTAT-1
GRCh38,GGCACGTGTGCATGGC-1
GRCh38,GGCACTCCACTAAGGA-1
GRCh38,GGCATAACAGTCATCG-1
GRCh38,GGCATATGTCCTGATC-1
GRCh38,GGCATATGTCTTATAC-1
GRCh38,GGCATGCGTCCGAAAT-1
GRCh38,GGCATTTCACAATAGG-1
GRCh38,GGCCATTAGCGCTGTG-1
GRCh38,GGCCCCTGTAAGGTAG-1
GRCh38,GGCCCCTGTCACTATT-1
GRCh38,GGCCCCTGTCCGCTAT-1
GRCh38,GGCCTCTTCAGTCCTT-1
GRCh38,GGCCTCTTCATAATGC-1
GRCh38,GGCCTGGGTCCTTTAG-1
GRCh38,GGCCTTGAGCAACGTC-1
GRCh38,GGCCTTGAGCCATGAC-1
GRCh38,GGCGAACAGGCTTGTA-1
GRCh38,GGCGAAGGTCTAAGGT-1
GRCh38,GGCGACACAAATCCCG-1
GRCh38,GGCGACACAATATTAC-1
GRCh38,GGCGAGAGTAGCAATC-1
GRCh38,GGCGATAAGCATTAGT-1
GRCh38,GGCGATAAGCGCATTA-1
GRCh38,GGCGATCGTGGCAATT-1
GRCh38,GGCGCAACAACAAGAT-1
GRCh38,GGCGCAACACTCCACT-1
GRCh38,GGCGCAACAGTAGTAG-1
GRCh38,GGCGCTGGTAGTACGT-1
GRCh38,GGCGGATAGATAAGTG-1
GRCh38,GGCGGATAGCAACGAG-1
GRCh38,GGCGGATAGCTAGGAG-1
GRCh38,GGCGGATAGGTGCCCA-1
GRCh38,GGCGGTACAAATGGCA-1
GRCh38,GGCGGTACAACTAAGG-1
GRCh38,GGCGGTACAGTTGGTT-1
GRCh38,GGCGTAAAGCTCTGAA-1
GRCh38,GGCGTAAAGGGTAGTG-1
GRCh38,GGCGTAGCAGGCGGTA-1
GRCh38,GGCGTATTCCCGTAAA-1
GRCh38,GGCGTATTCCTCGGGA-1
GRCh38,GGCGTATTCGCAACTA-1
GRCh38,GGCGTGTGTATTGCGG-1
GRCh38,GGCGTGTGTGGAGTAA-1
GRCh38,GGCGTTAGTAGGGAGT-1
GRCh38,GGCGTTCCAACTTAGC-1
GRCh38,GGCGTTGTCAAATCTA-1
GRCh38,GGCTAAGAGAAACCAA-1
GRCh38,GGCTAAGAGGGGAGCT-1
GRCh38,GGCTACCCAATCAAGG-1
GRCh38,GGCTACCCAATTACGC-1
GRCh38,GGCTACCCACACTCAG-1
GRCh38,GGCTAGAAGCCGCTGA-1
GRCh38,GGCTAGCGTAGCCCTT-1
GRCh38,GGCTAGCGTCGCCCTA-1
GRCh38,GGCTATATCGTTGTCT-1
GRCh38,GGCTATGGTAGGCTCA-1
GRCh38,GGCTATGGTGGAGCCT-1
GRCh38,GGCTCATAGATGGGTG-1
GRCh38,GGCTCATAGCAATGCC-1
GRCh38,GGCTCCTTCAATTCCC-1
GRCh38,GGCTCTACAATAACTT-1
GRCh38,GGCTCTACACATAGAG-1
GRCh38,GGCTCTACACCACAGC-1
GRCh38,GGCTCTCTCAATCATA-1
GRCh38,GGCTCTCTCACCTTCG-1
GRCh38,GGCTGAAAGATGAGTA-1
GRCh38,GGCTGAAAGCGGTCAT-1
GRCh38,GGCTGAAAGGGTTGTC-1
GRCh38,GGCTGCATCCGAAGTC-1
GRCh38,GGCTTAATCCCTGAAA-1
GRCh38,GGCTTAATCCTTGTGT-1
GRCh38,GGCTTAGGTCTCTAAT-1
GRCh38,GGCTTCCTCAGCACGT-1
GRCh38,GGCTTCCTCGTTGTCT-1
GRCh38,GGCTTGAGTAGTTATG-1
GRCh38,GGCTTGAGTATGGAGA-1
GRCh38,GGCTTGAGTATTGCCC-1
GRCh38,GGCTTGGTCAATCTCC-1
GRCh38,GGCTTGGTCCAGTCCC-1
GRCh38,GGCTTGGTCCCACTCA-1
GRCh38,GGCTTGTAGCAAGATA-1
GRCh38,GGCTTGTAGGCGGATA-1
GRCh38,GGCTTGTAGGTCCACG-1
GRCh38,GGGACATCAAGGATAT-1
GRCh38,GGGACATCAATACGCT-1
GRCh38,GGGACCTGTCGCCCTA-1
GRCh38,GGGACCTGTCTTGGAG-1
GRCh38,GGGACCTGTGTTAGGT-1
GRCh38,GGGACGTAGCTCACCC-1
GRCh38,GGGACGTAGCTGGTCG-1
GRCh38,GGGACTCGTCTTAGGG-1
GRCh38,GGGAGAACAACCTGCA-1
GRCh38,GGGAGAACACACGCAC-1
GRCh38,GGGAGCAGTGCGAAGG-1
GRCh38,GGGAGCAGTGCTCCGC-1
GRCh38,GGGAGCTAGATTGAGA-1
GRCh38,GGGAGCTAGGTAAGTA-1
GRCh38,GGGAGTGGTACCTAGG-1
GRCh38,GGGAGTGGTAGCTTCC-1
GRCh38,GGGATAAGTCCATGCT-1
GRCh38,GGGATAAGTGGCAAGG-1
GRCh38,GGGATAAGTGGGTAGG-1
GRCh38,GGGATATAGCGAGTCT-1
GRCh38,GGGATGGGTACAACGT-1
GRCh38,GGGATGGGTACCTGTC-1
GRCh38,GGGATGGGTATTGGTA-1
GRCh38,GGGATGGGTGTATAGC-1
GRCh38,GGGATTACAAACGGTA-1
GRCh38,GGGATTACACGATTTA-1
GRCh38,GGGCAAATCCACTTCG-1
GRCh38,GGGCAAATCGTACTTC-1
GRCh38,GGGCAAGGTAAATTCG-1
GRCh38,GGGCAAGGTCCGTTGT-1
GRCh38,GGGCAAGGTGGGATAA-1
GRCh38,GGGCAAGGTGGTAGGG-1
GRCh38,GGGCAATCAGTCCTCT-1
GRCh38,GGGCAATCAGTCTTCC-1
GRCh38,GGGCATAAGAAGCCGA-1
GRCh38,GGGCCTATCACTCCGC-1
GRCh38,GGGCCTATCATGAAAG-1
GRCh38,GGGCGATAGCAACATT-1
GRCh38,GGGCGATAGCACGAAG-1
GRCh38,GGGCGATAGCCGATAC-1
GRCh38,GGGCGATAGGTCCAAC-1
GRCh38,GGGCGTACACCTAAAC-1
GRCh38,GGGCGTACAGGGACAT-1
GRCh38,GGGCTAAAGAGAGGTT-1
GRCh38,GGGCTAAAGCGGTGTT-1
GRCh38,GGGCTAGCAGCAACTT-1
GRCh38,GGGCTATTCATAGTAC-1
GRCh38,GGGCTATTCGCTTCAT-1
GRCh38,GGGCTATTCGTAGTCA-1
GRCh38,GGGCTCATCACTGCCC-1
GRCh38,GGGCTCATCGGTCATA-1
GRCh38,GGGCTTCCAACGCGAG-1
GRCh38,GGGCTTCCAATAACTT-1
GRCh38,GGGCTTCCACACGCAC-1
GRCh38,GGGCTTGTCAATCTCC-1
GRCh38,GGGCTTGTCAGTCGCG-1
GRCh38,GGGCTTGTCCACCATT-1
GRCh38,GGGCTTTAGCGCAGTT-1
GRCh38,GGGGAATGTGCCAAAT-1
GRCh38,GGGGATGGTCACCCTG-1
GRCh38,GGGGATGGTGCACGTA-1
GRCh38,GGGGTAATCCTCTAAC-1
GRCh38,GGGGTACAGAATGACA-1
GRCh38,GGGGTCTGTAAACGGA-1
GRCh38,GGGGTCTGTAACCCGA-1
GRCh38,GGGGTTAAGCACTAGC-1
GRCh38,GGGGTTAAGGCGGAGT-1
GRCh38,GGGGTTCGTCTAGCTC-1
GRCh38,GGGTAATAGATTCAAC-1
GRCh38,GGGTACAAGAAAGGTC-1
GRCh38,GGGTACAAGAAGCGTG-1
GRCh38,GGGTACAAGATCCTGA-1
GRCh38,GGGTAGCAGAGGCAGC-1
GRCh38,GGGTAGCAGGGTAGGC-1
GRCh38,GGGTAGGGTCAATCCC-1
GRCh38,GGGTATGAGAATGCGG-1
GRCh38,GGGTATGAGCGTACCG-1
GRCh38,GGGTATTGTAACTAGC-1
GRCh38,GGGTATTGTAGCTTGG-1
GRCh38,GGGTATTGTGTGTCAG-1
GRCh38,GGGTCAGCAAGTTACC-1
GRCh38,GGGTCAGCACCACGGT-1
GRCh38,GGGTCAGCAGGTAAGC-1
GRCh38,GGGTCATTCACTAAAC-1
GRCh38,GGGTCCATCCCTTGTG-1
GRCh38,GGGTCCATCCTATCCG-1
GRCh38,GGGTCTAGTCTAACGG-1
GRCh38,GGGTCTCCAAGGGTTA-1
GRCh38,GGGTCTCCAAGTTACC-1
GRCh38,GGGTGAGGTACGTTGG-1
GRCh38,GGGTGAGGTCCACGTT-1
GRCh38,GGGTGAGGTCCCTGTG-1
GRCh38,GGGTGCTGTCCTCTGG-1
GRCh38,GGGTGTAAGACATGGG-1
GRCh38,GGGTGTAAGGTGCGAA-1
GRCh38,GGGTGTCGTCTATTGT-1
GRCh38,GGGTTAACAGTGTAAG-1
GRCh38,GGGTTAGAGCACCTTT-1
GRCh38,GGGTTAGAGCTGTAAT-1
GRCh38,GGGTTATGTCACATGG-1
GRCh38,GGGTTATGTGTCCTTA-1
GRCh38,GGGTTCAGTCTATTCG-1
GRCh38,GGGTTCGTCGCAAACC-1
GRCh38,GGGTTGAAGCGCCACA-1
GRCh38,GGGTTGCGTATCGCAG-1
GRCh38,GGGTTGCGTCTCGTCG-1
GRCh38,GGGTTTCAGAGTGCGA-1
GRCh38,GGTAAAGGTATAGGAG-1
GRCh38,GGTAAAGGTGTATAGC-1
GRCh38,GGTAACACAAACATGG-1
GRCh38,GGTAACACAATTCGTA-1
GRCh38,GGTAACACACTTAACA-1
GRCh38,GGTAAGCCAACATACC-1
GRCh38,GGTAAGCCACCTAATA-1
GRCh38,GGTAATTTCAGTTTGG-1
GRCh38,GGTACAACAACGATAG-1
GRCh38,GGTACAGAGAACTTCG-1
GRCh38,GGTACGAAGACCCACG-1
GRCh38,GGTACGAAGATATACC-1
GRCh38,GGTACGAAGGCAGTGA-1
GRCh38,GGTACGTTCAAATCAC-1
GRCh38,GGTACGTTCGCTTAAG-1
GRCh38,GGTACTATCCGTACTT-1
GRCh38,GGTACTGGTGTGGATT-1
GRCh38,GGTAGCAAGCGGAATG-1
GRCh38,GGTAGCAAGCTGCTAA-1
GRCh38,GGTAGCAAGCTTGTGA-1
GRCh38,GGTAGCAAGGCTGGTT-1
GRCh38,GGTAGGCAGCACGCCA-1
GRCh38,GGTAGGCAGCCAAATT-1
GRCh38,GGTAGGGGTATATCAG-1
GRCh38,GGTAGGGGTCTCGTCG-1
GRCh38,GGTAGTGAGCACGAAG-1
GRCh38,GGTAGTGAGCCATGGT-1
GRCh38,GGTAGTGAGGTAGACG-1
GRCh38,GGTAGTTGTGTACCCT-1
GRCh38,GGTATATTCATTCATT-1
GRCh38,GGTATCCAGATGTAGA-1
GRCh38,GGTATCCAGCACCAAC-1
GRCh38,GGTATGCTCATAATTG-1
GRCh38,GGTATTAGTCATCTTG-1
GRCh38,GGTATTAGTCGTTAGG-1
GRCh38,GGTATTCCAACAGTCT-1
GRCh38,GGTCAACTCCTGTACT-1
GRCh38,GGTCAATGTAGCGTCA-1
GRCh38,GGTCAGCGTAATGTCA-1
GRCh38,GGTCAGCGTGGCTTAG-1
GRCh38,GGTCAGTTCCTAGCTT-1
GRCh38,GGTCAGTTCGCTGTGG-1
GRCh38,GGTCAGTTCGGAGGTA-1
GRCh38,GGTCATATCAGTACGC-1
GRCh38,GGTCCCTTCGGATCCG-1
GRCh38,GGTCCCTTCGTGCATA-1
GRCh38,GGTCCTCTCAAAGCCC-1
GRCh38,GGTCCTCTCATGCAAT-1
GRCh38,GGTCCTCTCCGTGAGT-1
GRCh38,GGTCCTCTCGCCATAA-1
GRCh38,GGTCCTCTCGGCATTA-1
GRCh38,GGTCCTCTCGTTAAGT-1
GRCh38,GGTCGCATCCCGAAAC-1
GRCh38,GGTCGCATCGGACCCA-1
GRCh38,GGTCGCATCGGTCAAC-1
GRCh38,GGTCGTCCAATAAGGT-1
GRCh38,GGTCGTCCACACAACT-1
GRCh38,GGTCGTTAGCCGTCGA-1
GRCh38,GGTCGTTAGCGACAGA-1
GRCh38,GGTCTATCAAAATTTC-1
GRCh38,GGTCTCTGTACCCGTT-1
GRCh38,GGTCTCTGTAGCGTGC-1
GRCh38,GGTCTCTGTATCCGTC-1
GRCh38,GGTCTCTGTCTCATAT-1
GRCh38,GGTCTCTGTGCATAGT-1
GRCh38,GGTCTGTAGAGACGCA-1
GRCh38,GGTCTGTAGAGGCGGT-1
GRCh38,GGTCTGTAGATAGGGT-1
GRCh38,GGTCTGTAGCGCATTA-1
GRCh38,GGTCTGTAGGCTTATG-1
GRCh38,GGTGATACACTAATAT-1
GRCh38,GGTGATGAGAGAATCA-1
GRCh38,GGTGCCGGTCAGGTGC-1
GRCh38,GGTGCCGGTCTAACGG-1
GRCh38,GGTGCGACACGAATCT-1
GRCh38,GGTGGTTTCATTCGCT-1
GRCh38,GGTGGTTTCGGCTGCA-1
GRCh38,GGTGTATGTCCTATTG-1
GRCh38,GGTGTATGTGGCGATC-1
GRCh38,GGTGTCAGTCACTCCG-1
GRCh38,GGTGTCGTCAAAGTTC-1
GRCh38,GGTGTTATCACCACAA-1
GRCh38,GGTGTTCAGACGTCCG-1
GRCh38,GGTGTTCAGGCAGTGA-1
GRCh38,GGTGTTCAGGGTTCCG-1
GRCh38,GGTTAATTCGTCCCTA-1
GRCh38,GGTTACTCACTACATA-1
GRCh38,GGTTACTCACTCGGTA-1
GRCh38,GGTTACTCAGCTTCAG-1
GRCh38,GGTTAGACAGCTACGC-1
GRCh38,GGTTAGACAGGACCTC-1
GRCh38,GGTTAGGAGACTGCGT-1
GRCh38,GGTTAGGAGATAGGGT-1
GRCh38,GGTTAGGAGCTACACA-1
GRCh38,GGTTAGTGTGGATTCG-1
GRCh38,GGTTAGTGTGGTGATT-1
GRCh38,GGTTATAGTAATCCCC-1
GRCh38,GGTTATAGTATCGAGT-1
GRCh38,GGTTATGTCAACGCTA-1
GRCh38,GGTTCAATCATCAATA-1
GRCh38,GGTTCAATCCCTATGT-1
GRCh38,GGTTCAGGTAGAATGG-1
GRCh38,GGTTCAGGTCAGTTGG-1
GRCh38,GGTTCAGGTCTGCGCC-1
GRCh38,GGTTCATCAAATTGCC-1
GRCh38,GGTTCATCAACTGAGA-1
GRCh38,GGTTCCGAGGTAGGAT-1
GRCh38,GGTTCGAGTACTACAA-1
GRCh38,GGTTCGAGTGCGATGC-1
GRCh38,GGTTCGTAGATCTTCC-1
GRCh38,GGTTCGTAGCGTACCG-1
GRCh38,GGTTGATGTACACTCC-1
GRCh38,GGTTGATGTCTAATGA-1
GRCh38,GGTTGATGTGTTATGA-1
GRCh38,GGTTGCCCAACCAAGA-1
GRCh38,GGTTGGCGTCTATGGG-1
GRCh38,GGTTGGCGTGTTATGA-1
GRCh38,GGTTGGGCAATCTCTT-1
GRCh38,GGTTGGGCAGTATGGA-1
GRCh38,GGTTGGTTCACTCGTT-1
GRCh38,GGTTGGTTCAGTCGCG-1
GRCh38,GGTTGGTTCCCTTCGA-1
GRCh38,GGTTGTATCGTTCTAC-1
GRCh38,GGTTGTCAGATCGGTC-1
GRCh38,GGTTGTCAGGCAGTGA-1
GRCh38,GGTTGTCAGGCCCCAA-1
GRCh38,GGTTGTGGTCCTTGCG-1
GRCh38,GGTTTAAGTAAGTCTA-1
GRCh38,GGTTTACCAAAAGGCC-1
GRCh38,GGTTTACCAACGTAAG-1
GRCh38,GGTTTCAAGCAAGCCT-1
GRCh38,GGTTTCAAGCGTGTTA-1
GRCh38,GGTTTCAAGGTTAGTT-1
GRCh38,GGTTTCGCACCCTAGA-1
GRCh38,GGTTTGGGTCTCGATC-1
GRCh38,GTAAACGCAACTCCCT-1
GRCh38,GTAAACGCAGCATTCG-1
GRCh38,GTAAAGGGTGGTGATT-1
GRCh38,GTAAAGTCAAGTATAA-1
GRCh38,GTAAATCTCGCAGTGT-1
GRCh38,GTAAATGAGAGCTTTG-1
GRCh38,GTAAATGAGATGCCCG-1
GRCh38,GTAAATGAGCTACGCG-1
GRCh38,GTAACCATCGCTCCAC-1
GRCh38,GTAACCCAGACAACCC-1
GRCh38,GTAACCTCAAAGCTTC-1
GRCh38,GTAACCTCAATCGAGA-1
GRCh38,GTAACGTGTCAATTTC-1
GRCh38,GTAACGTGTGCATGGC-1
GRCh38,GTAACGTGTGGCTCCC-1
GRCh38,GTAAGACAGCAAACTT-1
GRCh38,GTAAGACAGCTGACAC-1
GRCh38,GTAAGATCAGCTATCG-1
GRCh38,GTAAGCTGTAACTAGC-1
GRCh38,GTAAGGAGTAAGCCCA-1
GRCh38,GTAAGGAGTCTTAGCC-1
GRCh38,GTAAGGAGTGGTCAAT-1
GRCh38,GTAATAGAGGGCTGAA-1
GRCh38,GTAATCCCAATCCTAA-1
GRCh38,GTAATTCAGATTGGTT-1
GRCh38,GTAATTGGTCGACTTC-1
GRCh38,GTAATTGGTGTGTCAG-1
GRCh38,GTACAAGCAGCATTCG-1
GRCh38,GTACAATTCATAACGT-1
GRCh38,GTACCCTGTCTTGTAT-1
GRCh38,GTACGAACAAGGGCAT-1
GRCh38,GTACGAACAGCCACTA-1
GRCh38,GTACGTATCACCTCCA-1
GRCh38,GTACGTCAGACCAGAG-1
GRCh38,GTACGTCAGATAGTAG-1
GRCh38,GTACGTCAGCGGCCTA-1
GRCh38,GTACGTCAGGTAATGA-1
GRCh38,GTACGTGGTACCCGTT-1
GRCh38,GTACTCGCACCTGACA-1
GRCh38,GTACTTACAACAGACA-1
GRCh38,GTACTTCTCCACCAAA-1
GRCh38,GTAGAACAGCCACATA-1
GRCh38,GTAGAAGGTCAGCTCT-1
GRCh38,GTAGACGAGAACGACG-1
GRCh38,GTAGAGTAGGCGGATA-1
GRCh38,GTAGCATGTCGGATAT-1
GRCh38,GTAGCCCCAAATTGCC-1
GRCh38,GTAGCCCCAAGGGACT-1
GRCh38,GTAGCCCCAATAAGGT-1
GRCh38,GTAGCGGCACACCCAA-1
GRCh38,GTAGCGGCAGTGCGTC-1
GRCh38,GTAGCGTTCATCACTC-1
GRCh38,GTAGCGTTCGTACCTT-1
GRCh38,GTAGCTCAGATTACAC-1
GRCh38,GTAGCTCAGCACAATT-1
GRCh38,GTAGGATAGAAGGTGT-1
GRCh38,GTAGGATAGAGCCCCA-1
GRCh38,GTAGGCGCAAATGGCA-1
GRCh38,GTAGGCTTCATTAAGC-1
GRCh38,GTAGGGCAGCAACGTC-1
GRCh38,GTAGGTGAGCATGCCG-1
GRCh38,GTAGGTGAGGTTGCCG-1
GRCh38,GTAGGTTGTCGTCAGA-1
GRCh38,GTAGTAAAGGGTACAG-1
GRCh38,GTAGTAGCAATGACGA-1
GRCh38,GTAGTGCTCCAGTATG-1
GRCh38,GTAGTGGAGAATTTGC-1
GRCh38,GTAGTGGAGCTCGAAC-1
GRCh38,GTAGTGTGTACTACGG-1
GRCh38,GTAGTGTGTATCCAGG-1
GRCh38,GTAGTTAGTGCTAGAT-1
GRCh38,GTAGTTGTCAGTCGCG-1
GRCh38,GTAGTTGTCCCCAGCT-1
GRCh38,GTAGTTGTCCTCCATG-1
GRCh38,GTATACCCAGTGGTAA-1
GRCh38,GTATACGTCCAGCCCT-1
GRCh38,GTATACTAGCTAGTGC-1
GRCh38,GTATAGAAGCAGCTGT-1
GRCh38,GTATAGAAGCCTTCAT-1
GRCh38,GTATAGCGTCTCGCTG-1
GRCh38,GTATAGCGTGCAAGCC-1
GRCh38,GTATAGCGTGGGTGTC-1
GRCh38,GTATAGCGTGGTGTCA-1
GRCh38,GTATAGGCAGTTAATT-1
GRCh38,GTATATCAGAGGACCA-1
GRCh38,GTATATCAGGTCACGT-1
GRCh38,GTATCACCAATAACTT-1
GRCh38,GTATCACCACCATTCC-1
GRCh38,GTATCACCACTGGAGG-1
GRCh38,GTATCAGTCACCACAA-1
GRCh38,GTATCAGTCCGAACAC-1
GRCh38,GTATCAGTCGTGGGTT-1
GRCh38,GTATCCAAGAGCGGGT-1
GRCh38,GTATCCAAGAGTAAGC-1
GRCh38,GTATCCAAGCAAGACG-1
GRCh38,GTATCGATCGGAAAGT-1
GRCh38,GTATCGGGTACAGCGC-1
GRCh38,GTATCGGGTACCTAGG-1
GRCh38,GTATCGGGTCCTCATA-1
GRCh38,GTATCGGGTCGTAGAT-1
GRCh38,GTATCGGGTGGTTTAA-1
GRCh38,GTATCTTGTGGATTGT-1
GRCh38,GTATGCATCCGGGAAA-1
GRCh38,GTATGCATCCGTTCGC-1
GRCh38,GTATGGACAAAATTTC-1
GRCh38,GTATGGGAGAATGCAA-1
GRCh38,GTATGGGAGGGTGAAT-1
GRCh38,GTATGTAGTAATGGTC-1
GRCh38,GTATGTAGTCTTGTAT-1
GRCh38,GTATGTAGTGGGTCTA-1
GRCh38,GTATGTCCACGTAACT-1
GRCh38,GTATGTGTCCTCGTCA-1
GRCh38,GTATGTTAGACTGCGT-1
GRCh38,GTATGTTAGAGGCGTA-1
GRCh38,GTATGTTAGATTGAGA-1
GRCh38,GTATTAATCCTATCAC-1
GRCh38,GTATTATCACATTTAG-1
GRCh38,GTATTCCTCCAACCTT-1
GRCh38,GTATTCGAGCATCTAG-1
GRCh38,GTATTCGAGCTCGTTT-1
GRCh38,GTATTCTGTACCCTTA-1
GRCh38,GTATTGGTCACTTAAA-1
GRCh38,GTATTGGTCGTCGAGT-1
GRCh38,GTATTGTAGATCGTAT-1
GRCh38,GTCAACATCATACAAC-1
GRCh38,GTCAACTCAGTTAGTC-1
GRCh38,GTCAATCCAAACATTT-1
GRCh38,GTCAATTAGGCTATGC-1
GRCh38,GTCACCCTCCAGCATA-1
GRCh38,GTCACCCTCGGCATTA-1
GRCh38,GTCACGAGTATGGGTT-1
GRCh38,GTCACGCCACCACTCT-1
GRCh38,GTCACGCCACCTAATA-1
GRCh38,GTCACGCCAGCGGGTA-1
GRCh38,GTCACGTAGCACGGAA-1
GRCh38,GTCATACCAATCGGCC-1
GRCh38,GTCATACCACTGGCAC-1
GRCh38,GTCATCTTCACGCCCT-1
GRCh38,GTCATCTTCACTACCT-1
GRCh38,GTCATGCAGATCTTGG-1
GRCh38,GTCATGGGTGCGAGGA-1
GRCh38,GTCATTCTCGCCTCTA-1
GRCh38,GTCCAAATCAGTTAGT-1
GRCh38,GTCCAAATCGCCTGCT-1
GRCh38,GTCCAACAGAGTGCGA-1
GRCh38,GTCCAACAGCAAGTAA-1
GRCh38,GTCCACACAAGCGTTT-1
GRCh38,GTCCACACACTGGCAC-1
GRCh38,GTCCACGAGCCATTAG-1
GRCh38,GTCCAGTAGGCTTGAC-1
GRCh38,GTCCATCGTATATGGC-1
GRCh38,GTCCATCGTCATTAAG-1
GRCh38,GTCCATGCAAGAGAGG-1
GRCh38,GTCCATGCACCATTAA-1
GRCh38,GTCCCATGTCGTTCTA-1
GRCh38,GTCCCCAGTCTCGGTT-1
GRCh38,GTCCCGAAGGCATTCA-1
GRCh38,GTCCCGAAGGTTGTAT-1
GRCh38,GTCCCGCGTAAGGGAC-1
GRCh38,GTCCCTATCACGTCCC-1
GRCh38,GTCCCTATCATTCGCT-1
GRCh38,GTCCCTATCGTCGAGT-1
GRCh38,GTCCCTGGTATCTTGT-1
GRCh38,GTCCCTGGTCGTGGGT-1
GRCh38,GTCCCTGGTGTAAGCT-1
GRCh38,GTCCGCCGTATCGCAG-1
GRCh38,GTCCGCTTCAAGCAAA-1
GRCh38,GTCCGCTTCATTACAA-1
GRCh38,GTCCGGGGTATAGCGT-1
GRCh38,GTCCGTACACATATGC-1
GRCh38,GTCCTAAAGCCCTTTG-1
GRCh38,GTCCTAAAGGCGTAGA-1
GRCh38,GTCCTCCAGAAGCCAG-1
GRCh38,GTCCTCTCAATGTGAG-1
GRCh38,GTCCTCTCACCAGCTA-1
GRCh38,GTCGAAGAGCATCACA-1
GRCh38,GTCGAAGAGCGTTGGT-1
GRCh38,GTCGAATGTCCCTGTG-1
GRCh38,GTCGAATGTCTGGATG-1
GRCh38,GTCGAATGTGGCCTGG-1
GRCh38,GTCGACTAGCTGAATT-1
GRCh38,GTCGAGTTCCTACATC-1
GRCh38,GTCGATGGTCAGTTGG-1
GRCh38,GTCGCCCGTGCTATCC-1
GRCh38,GTCGCTCTCAGCATTG-1
GRCh38,GTCGCTTGTAATACTG-1
GRCh38,GTCGCTTGTCTCGTCG-1
GRCh38,GTCGCTTGTGGTACTG-1
GRCh38,GTCGGAGCAAGAGAGG-1
GRCh38,GTCGGGTGTCACTAGG-1
GRCh38,GTCGGTTAGCTGATTG-1
GRCh38,GTCGTAATCCCTGCAC-1
GRCh38,GTCGTAATCGTAGTTG-1
GRCh38,GTCGTACAGACCTGTA-1
GRCh38,GTCGTACAGATTGTGT-1
GRCh38,GTCGTACAGCACAGCT-1
GRCh38,GTCGTACAGCGTGAGA-1
GRCh38,GTCGTAGGTGTTCATT-1
GRCh38,GTCGTGAGTACCTCCG-1
GRCh38,GTCGTGAGTCTACGCT-1
GRCh38,GTCTAACCAGTGGTAA-1
GRCh38,GTCTACAAGCTACAAT-1
GRCh38,GTCTAGCAGCGATTAT-1
GRCh38,GTCTAGGGTAGCAATC-1
GRCh38,GTCTAGGGTGGGTATT-1
GRCh38,GTCTATACAACCAGAA-1
GRCh38,GTCTATACAATTATCG-1
GRCh38,GTCTATACACCATTAA-1
GRCh38,GTCTATTGTAACGTCG-1
GRCh38,GTCTATTGTGTGTCAG-1
GRCh38,GTCTCATTCCATATCC-1
GRCh38,GTCTCATTCGTAAATC-1
GRCh38,GTCTCCATCAGCTAAT-1
GRCh38,GTCTCCATCCCTCTAG-1
GRCh38,GTCTCCCAGCAATGCC-1
GRCh38,GTCTCCCAGGCTGGTT-1
GRCh38,GTCTCCGGTCGTCAGA-1
GRCh38,GTCTCCGGTCTGTGAG-1
GRCh38,GTCTCGACAAATTCCA-1
GRCh38,GTCTCGACACTCCGAA-1
GRCh38,GTCTCGCTCACAGGCT-1
GRCh38,GTCTCGCTCAGGAAAC-1
GRCh38,GTCTCGCTCCACTACT-1
GRCh38,GTCTCTGTCAGTGATT-1
GRCh38,GTCTCTGTCCCAAGTA-1
GRCh38,GTCTCTGTCGCTCGCT-1
GRCh38,GTCTGAGGTACAAGCT-1
GRCh38,GTCTGAGGTCTGTTGC-1
GRCh38,GTCTGCGAGCAATGTT-1
GRCh38,GTCTGCGAGGGAGTTG-1
GRCh38,GTCTGGTAGATATGAG-1
GRCh38,GTCTGTAAGGTATGGG-1
GRCh38,GTCTTAACAGGCGTTC-1
GRCh38,GTCTTATGTACTTCAT-1
GRCh38,GTCTTATGTCGTACCT-1
GRCh38,GTCTTCCCAGGAATAT-1
GRCh38,GTCTTCCCAGTCATAC-1
GRCh38,GTCTTCGTCACGATAT-1
GRCh38,GTCTTCGTCGCACTAA-1
GRCh38,GTGACGTTCACAACCA-1
GRCh38,GTGAGGTCACGCTGAC-1
GRCh38,GTGAGTGAGCCATTAG-1
GRCh38,GTGAGTTGTACGTCTC-1
GRCh38,GTGATAGCACGATGTT-1
GRCh38,GTGATATTCAATCATA-1
GRCh38,GTGATATTCGTAACGC-1
GRCh38,GTGATTTAGGTAGGCA-1
GRCh38,GTGCAACTCACAGCGT-1
GRCh38,GTGCAACTCGCTCCGT-1
GRCh38,GTGCAATGTGGGGCTT-1
GRCh38,GTGCACCCAGCTACAT-1
GRCh38,GTGCATATCACGAGCT-1
GRCh38,GTGCATGGTCGACTTC-1
GRCh38,GTGCATTCAACAAGAT-1
GRCh38,GTGCATTCACAACTTA-1
GRCh38,GTGCCATAGCTGACAC-1
GRCh38,GTGCCCAAGAGCGACA-1
GRCh38,GTGCCCCGTCACGGCG-1
GRCh38,GTGCCCCGTGCAAGCC-1
GRCh38,GTGCCGGGTACTTATC-1
GRCh38,GTGCCGGGTCTTCTCT-1
GRCh38,GTGCCTTGTATCCCTA-1
GRCh38,GTGCCTTGTCAACCCT-1
GRCh38,GTGCCTTGTCATACAA-1
GRCh38,GTGCCTTGTGCTCCGC-1
GRCh38,GTGCGAAAGCTGCTAA-1
GRCh38,GTGCGAGCACATCGCA-1
GRCh38,GTGCGAGCACGACGGA-1
GRCh38,GTGCGCATCAATCTCC-1
GRCh38,GTGCGCATCGCTTCCA-1
GRCh38,GTGCGCGGTACCTTAT-1
GRCh38,GTGCGGACACATCATA-1
GRCh38,GTGCGGTGTGCCTCTG-1
GRCh38,GTGCGGTGTGTCCGCC-1
GRCh38,GTGCGTAGTGGTTTGG-1
GRCh38,GTGCGTCCAGGATTAG-1
GRCh38,GTGCGTTAGGGCTAGA-1
GRCh38,GTGCTACAGAGGGACC-1
GRCh38,GTGCTACAGCACAGGA-1
GRCh38,GTGCTCACAAAGCTTC-1
GRCh38,GTGCTCACACAGGACG-1
GRCh38,GTGCTCCTCCCTACAT-1
GRCh38,GTGCTCCTCGCGTCGA-1
GRCh38,GTGCTCCTCGGCGTCA-1
GRCh38,GTGCTGTAGAGGTAAC-1
GRCh38,GTGGACGCAAGTTTCA-1
GRCh38,GTGGATTGTATCAGCG-1
GRCh38,GTGGATTGTATTGTAG-1
GRCh38,GTGGATTGTCCGGTAA-1
GRCh38,GTGGCAGCACCACGGT-1
GRCh38,GTGGCAGCAGCGGTAG-1
GRCh38,GTGGCATTCCAAGACC-1
GRCh38,GTGGCATTCCCAGCCT-1
GRCh38,GTGGCCATCACATTCC-1
GRCh38,GTGGCCATCGCAAGCT-1
GRCh38,GTGGCCATCGTGCATA-1
GRCh38,GTGGCCGGTAGCGTAT-1
GRCh38,GTGGCCGGTGCTCGTT-1
GRCh38,GTGGCGACAACACAAG-1
GRCh38,GTGGCGTGTAAGTCTA-1
GRCh38,GTGGCGTGTCGTAATA-1
GRCh38,GTGGGATCACCCTCAT-1
GRCh38,GTGGGCTGTCTACGCT-1
GRCh38,GTGGGTTTCAACTGCA-1
GRCh38,GTGGGTTTCACCCCTA-1
GRCh38,GTGGGTTTCAGTAAAG-1
GRCh38,GTGGTAACAACGTAAG-1
GRCh38,GTGGTCAGTAGAATGG-1
GRCh38,GTGGTGCGTCACGTAG-1
GRCh38,GTGGTGCGTCCATTTG-1
GRCh38,GTGGTGCGTGGCACGT-1
GRCh38,GTGGTTATCCACATCT-1
GRCh38,GTGTAAGCAAACATTT-1
GRCh38,GTGTAAGCAAATCCGT-1
GRCh38,GTGTAAGCAAGGGGAA-1
GRCh38,GTGTAAGCACCAGACC-1
GRCh38,GTGTAAGCACGTAAAG-1
GRCh38,GTGTAATTCAATCTGG-1
GRCh38,GTGTAATTCGTCCGCT-1
GRCh38,GTGTAATTCGTGCATA-1
GRCh38,GTGTATGTCCTGGTAA-1
GRCh38,GTGTATTAGAATTCGT-1
GRCh38,GTGTATTAGACAATAG-1
GRCh38,GTGTATTAGGTGTATT-1
GRCh38,GTGTCAATCCCACAGG-1
GRCh38,GTGTCAATCCTAAAGT-1
GRCh38,GTGTCAGGTCACCCAT-1
GRCh38,GTGTCATCAACCTCAG-1
GRCh38,GTGTCATCAAGTGCAA-1
GRCh38,GTGTCATCAATATCTG-1
GRCh38,GTGTCCGAGACTGCGT-1
GRCh38,GTGTCCGAGCATGTAT-1
GRCh38,GTGTCCTGTATTCAGA-1
GRCh38,GTGTCCTGTCTAACGG-1
GRCh38,GTGTCGAGTAGAGGGT-1
GRCh38,GTGTCGAGTCTAGGGC-1
GRCh38,GTGTCGCCAACGTCGC-1
GRCh38,GTGTCGCCAAGCGTTT-1
GRCh38,GTGTCGGTCCGCTCTA-1
GRCh38,GTGTCGTAGACAGCGA-1
GRCh38,GTGTCGTAGACATCAT-1
GRCh38,GTGTCTCGTATTGCGG-1
GRCh38,GTGTGATGTAATCCGG-1
GRCh38,GTGTGATGTGGCTCCC-1
GRCh38,GTGTGATGTGTCTCCG-1
GRCh38,GTGTGCAGTATCCCTA-1
GRCh38,GTGTGGGCACAAGGCG-1
GRCh38,GTGTTACCAAGCGCTC-1
GRCh38,GTGTTACCAAGGGTTA-1
GRCh38,GTGTTACCACCCTTCG-1
GRCh38,GTGTTATAGAACCAGG-1
GRCh38,GTGTTCCGTAGCAGTT-1
GRCh38,GTGTTCCGTCAACCTC-1
GRCh38,GTGTTGATCACCAATG-1
GRCh38,GTGTTGATCCCCAATT-1
GRCh38,GTGTTGATCCTTATGC-1
GRCh38,GTGTTGATCGCTTCAT-1
GRCh38,GTGTTGGGTCGGTGTA-1
GRCh38,GTTAACCCAAGAGACC-1
GRCh38,GTTAAGCGTCGGGTTA-1
GRCh38,GTTAAGGCAACCCACA-1
GRCh38,GTTAAGGCACTTCTCA-1
GRCh38,GTTAAGGCAGTTACTA-1
GRCh38,GTTAATATCGCTAACA-1
GRCh38,GTTAATCAGAATGTAG-1
GRCh38,GTTAATCAGCAATGGG-1
GRCh38,GTTAATCAGGTCCCGA-1
GRCh38,GTTAATGGTGTTGCGA-1
GRCh38,GTTAATTCAGCGGTCT-1
GRCh38,GTTACCCGTGTCCCGC-1
GRCh38,GTTACCCGTGTGTCTC-1
GRCh38,GTTACCGCAGTCAATC-1
GRCh38,GTTACGGGTCTCATAT-1
GRCh38,GTTACGGGTGTACTCC-1
GRCh38,GTTACTACAAGCGTCC-1
GRCh38,GTTACTACACGCCAAC-1
GRCh38,GTTACTACAGGCCTTA-1
GRCh38,GTTAGAGCAACCTATA-1
GRCh38,GTTAGAGCACAACTAC-1
GRCh38,GTTAGCCAGACGTCAC-1
GRCh38,GTTAGCCAGGCAACAG-1
GRCh38,GTTAGCCAGGGTTCGT-1
GRCh38,GTTAGCCAGGTCGCAT-1
GRCh38,GTTAGCGGTACATTTC-1
GRCh38,GTTAGCGGTCAGGATT-1
GRCh38,GTTAGCGGTCTGTTAT-1
GRCh38,GTTAGCTCACTTAAGC-1
GRCh38,GTTAGGCTCGCTAAAT-1
GRCh38,GTTAGGCTCGGCTCCT-1
GRCh38,GTTAGGTGTAATGTGC-1
GRCh38,GTTAGTTAGCGAATTT-1
GRCh38,GTTATAGGTATTACAG-1
GRCh38,GTTATAGGTGGTAAAG-1
GRCh38,GTTATCGAGACGGGTA-1
GRCh38,GTTATCGAGACTATCG-1
GRCh38,GTTATGGTCGCGGTTG-1
GRCh38,GTTATGGTCGTCTTCG-1
GRCh38,GTTATGTAGCTACATG-1
GRCh38,GTTCAATAGAACGATA-1
GRCh38,GTTCACGCACACTTAA-1
GRCh38,GTTCACTTCCTTGTCG-1
GRCh38,GTTCACTTCGTAACCA-1
GRCh38,GTTCAGCAGGGCTCAT-1
GRCh38,GTTCAGGGTCACCGTT-1
GRCh38,GTTCAGTCAACAGAGC-1
GRCh38,GTTCAGTCAACCCGTA-1
GRCh38,GTTCAGTCACACCCAA-1
GRCh38,GTTCAGTCACGATAAG-1
GRCh38,GTTCAGTCACTAACGT-1
GRCh38,GTTCATGAGCGGAATG-1
GRCh38,GTTCATGAGCTACGCG-1
GRCh38,GTTCGAGGTCAAGGCC-1
GRCh38,GTTCGAGGTCAGGGTC-1
GRCh38,GTTCGCACAATGCGGG-1
GRCh38,GTTCGCACAGGTCGTC-1
GRCh38,GTTCGCCTCCCAAAGC-1
GRCh38,GTTCGCCTCCTAACTC-1
GRCh38,GTTCGCCTCGTATTAA-1
GRCh38,GTTCGCGAGCGTATAT-1
GRCh38,GTTCGGGTCAAAGTTC-1
GRCh38,GTTCGGGTCACTGTCT-1
GRCh38,GTTCGGGTCACTTTCA-1
GRCh38,GTTCGGGTCGGACGTT-1
GRCh38,GTTCGGGTCGGGTTAC-1
GRCh38,GTTCGTCGTGTCATCC-1
GRCh38,GTTCTAGAGACAAGAC-1
GRCh38,GTTCTCCCAAACGCGG-1
GRCh38,GTTGAAGCACTATAAT-1
GRCh38,GTTGAGACAATATCAT-1
GRCh38,GTTGAGACACTCACCT-1
GRCh38,GTTGATCCAAGGGCAT-1
GRCh38,GTTGATCCAGGAAACC-1
GRCh38,GTTGATTAGACTGCCG-1
GRCh38,GTTGATTAGGTCACGT-1
GRCh38,GTTGCAATCAAAGCCC-1
GRCh38,GTTGCAGGTATCCCTA-1
GRCh38,GTTGCCGAGAGAGGAA-1
GRCh38,GTTGCCGAGCCTCTTG-1
GRCh38,GTTGCGCCAACACGCC-1
GRCh38,GTTGCGTAGCAGTCCG-1
GRCh38,GTTGGAACACAAATCC-1
GRCh38,GTTGGAGAGAATGTTC-1
GRCh38,GTTGGAGAGCGTTAGC-1
GRCh38,GTTGGCGTCCGGCACA-1
GRCh38,GTTGGGCGTGCACTCT-1
GRCh38,GTTGGGGCAAATATAG-1
GRCh38,GTTGGGGCAAATATTC-1
GRCh38,GTTGGGGCAACAGTCT-1
GRCh38,GTTGGTCAGCCGCTGA-1
GRCh38,GTTGGTTCAGTTAAGG-1
GRCh38,GTTGTAAGTCAGGTGC-1
GRCh38,GTTGTCCGTCTTATGT-1
GRCh38,GTTGTCTTCGGCTAAC-1
GRCh38,GTTGTGCAGAGCTTGC-1
GRCh38,GTTGTGCAGCCCATTT-1
GRCh38,GTTGTGCAGCGCAGTT-1
GRCh38,GTTGTGCAGGTAGACG-1
GRCh38,GTTGTGGGTAAGCGTT-1
GRCh38,GTTGTGGGTACTTGCC-1
GRCh38,GTTGTGGGTCAGCAAT-1
GRCh38,GTTGTGGGTCTTAGGG-1
