GRCh38,AAACCAAAGCACTTAG-1
GRCh38,AAACCAAAGGCCATAC-1
GRCh38,AAACCAAAGGCCTATA-1
GRCh38,AAACCAGCAAACGAGC-1
GRCh38,AAACCAGCAAGCGAAC-1
GRCh38,AAACCAGCACGCAATT-1
GRCh38,AAACCCATCCCTGATT-1
GRCh38,AAACCCATCCTGGTAA-1
GRCh38,AAACCCATCGTGCTCC-1
GRCh38,AAACCCCAGGTCGTAC-1
GRCh38,AAACCGCTCAGTTTAA-1
GRCh38,AAACCGGAGAACGCGA-1
GRCh38,AAACCGGAGCAGCGTT-1
GRCh38,AAACCTGTCACTGTCT-1
GRCh38,AAACCTGTCATGGGCT-1
GRCh38,AAACGATCACAATCCG-1
GRCh38,AAACGGCCAATTGCTA-1
GRCh38,AAACGGTAGCTAGCCG-1
GRCh38,AAACGTAAGCGGGTAA-1
GRCh38,AAACGTAAGCTCTGAA-1
GRCh38,AAACTAACAGCTCAAT-1
GRCh38,AAACTACTCAAGCATT-1
GRCh38,AAACTACTCGCGTATA-1
GRCh38,AAACTGCGTCGCCATT-1
GRCh38,AAACTGCGTGGCTTTC-1
GRCh38,AAACTTATCCTAAAGT-1
GRCh38,AAAGCAATCGTATCGA-1
GRCh38,AAAGCATCAACGATAG-1
GRCh38,AAAGCCCTCAAATGCT-1
GRCh38,AAAGCCCTCCAATCGA-1
GRCh38,AAAGCCGAGCATACAT-1
GRCh38,AAAGCCGAGCCGCTGA-1
GRCh38,AAAGCCTGTGTCTAGG-1
GRCh38,AAAGCGCCAAGCGGCA-1
GRCh38,AAAGCGCCAGGCATAA-1
GRCh38,AAAGCTAAGAATACAG-1
GRCh38,AAAGCTCGTCAGGATT-1
GRCh38,AAAGGCCCAATTCGTA-1
GRCh38,AAAGGCCCACATGTCG-1
GRCh38,AAAGGGGCACTGCGTA-1
GRCh38,AAAGGGGCAGGCTTCA-1
GRCh38,AAAGGGTTCACAACTG-1
GRCh38,AAAGGGTTCCACCCTA-1
GRCh38,AAAGGGTTCCGCAATA-1
GRCh38,AAAGGGTTCGCCCTTA-1
GRCh38,AAAGGTATCCAATGCA-1
GRCh38,AAAGGTATCCGGCTTC-1
GRCh38,AAAGGTATCGCGGTTG-1
GRCh38,AAAGGTATCGGTTTAG-1
GRCh38,AAAGGTCAGACCTTAG-1
GRCh38,AAAGGTCAGATTGGTT-1
GRCh38,AAAGTGCAGATGGGCA-1
GRCh38,AAAGTGCAGCTTCTAC-1
GRCh38,AAAGTGCAGGGGTTTC-1
GRCh38,AAAGTGGGTATCCAGG-1
GRCh38,AAAGTGGGTCGAAGCC-1
GRCh38,AAAGTGGGTCGATCAG-1
GRCh38,AAAGTTACAAGCATTC-1
GRCh38,AAAGTTACACTGACCA-1
GRCh38,AAATCAACAAAACCTC-1
GRCh38,AAATCAACAAGGACCG-1
GRCh38,AAATCAGAGCTTGGGT-1
GRCh38,AAATCAGAGGTGTATT-1
GRCh38,AAATCCCCAGTGTGGG-1
GRCh38,AAATCTATCCATCATC-1
GRCh38,AAATCTATCCATGCCC-1
GRCh38,AAATCTTCAGCCCAAC-1
GRCh38,AAATGACCAAATTCCA-1
GRCh38,AAATGGCAGAACTAGA-1
GRCh38,AAATGGGGTAGTCTCC-1
GRCh38,AAATGGGGTATTCGTT-1
GRCh38,AAATGGGGTCGCATCT-1
GRCh38,AAATGGGGTGTTATAG-1
GRCh38,AAATGGTCACATACCG-1
GRCh38,AAATGGTCACGTAGAA-1
GRCh38,AAATGGTCAGCTGACC-1
GRCh38,AAATGTCTCGGCGTAT-1
GRCh38,AAATGTCTCGTAGTCA-1
GRCh38,AAATTCGGTCAGTGCA-1
GRCh38,AAATTCGGTCATGGAT-1
GRCh38,AAATTCTCAGCGCTTA-1
GRCh38,AAATTGGAGCTACGTA-1
GRCh38,AAATTGGAGGCTTACA-1
GRCh38,AAATTGGAGGGGTTAG-1
GRCh38,AAATTTCCAAATTGAA-1
GRCh38,AAATTTCCAACCATAC-1
GRCh38,AAATTTCCAGGCGTAG-1
GRCh38,AACACCCAGATGGTTT-1
GRCh38,AACACCTCAACCCGAC-1
GRCh38,AACACCTCACATAACC-1
GRCh38,AACACGCTCCGGGTAT-1
GRCh38,AACACGCTCGTCCATT-1
GRCh38,AACACTCCAACGAAGC-1
GRCh38,AACACTCCAAGCGTTT-1
GRCh38,AACACTCCACGAAGTA-1
GRCh38,AACAGACAGCCGACAT-1
GRCh38,AACAGACAGCGCGTAT-1
GRCh38,AACAGAGGTCAGCAAT-1
GRCh38,AACAGAGGTCTGGTAG-1
GRCh38,AACAGCCTCATCAATA-1
GRCh38,AACAGCCTCGTCAAGC-1
GRCh38,AACAGGAGTCTAGTAA-1
GRCh38,AACAGGAGTCTTAATC-1
GRCh38,AACAGGGTCCCAGCTC-1
GRCh38,AACATAACACGGACCT-1
GRCh38,AACATAACAGGGACAT-1
GRCh38,AACATAGAGGCGTTTA-1
GRCh38,AACATGCGTCTTGGTC-1
GRCh38,AACATGCGTGCTTGGA-1
GRCh38,AACATGGCAAACGGGT-1
GRCh38,AACATTATCACTCCGC-1
GRCh38,AACATTATCGCCTACC-1
GRCh38,AACATTATCGTCCGCT-1
GRCh38,AACATTGGTATAAGCC-1
GRCh38,AACATTGGTATGCAGT-1
GRCh38,AACATTGGTGTGTCTC-1
GRCh38,AACATTTCACCCTGAA-1
GRCh38,AACATTTCAGGATGAC-1
GRCh38,AACATTTCAGGCATAA-1
GRCh38,AACATTTCAGGTTCAT-1
GRCh38,AACCACTCACACTTAA-1
GRCh38,AACCAGGAGGCAACAG-1
GRCh38,AACCATCCAATTGCTA-1
GRCh38,AACCATCCACAATACC-1
GRCh38,AACCATCCAGTATACC-1
GRCh38,AACCATTAGCTGCACG-1
GRCh38,AACCCAATCATTGTAA-1
GRCh38,AACCCACAGGTATTGT-1
GRCh38,AACCCATCACATATGC-1
GRCh38,AACCCATCACGTTAGT-1
GRCh38,AACCCCGAGCGCTGTG-1
GRCh38,AACCCCGAGCTGTTGA-1
GRCh38,AACCCCGAGGCTTCCC-1
GRCh38,AACCCCGAGGTTGTGC-1
GRCh38,AACCCCTGTCATCTAT-1
GRCh38,AACCCGAGTATCATTC-1
GRCh38,AACCCGAGTCATATTC-1
GRCh38,AACCCGAGTCCACGTT-1
GRCh38,AACCCGTAGCGAAACG-1
GRCh38,AACCCTTTCCGTCGTC-1
GRCh38,AACCCTTTCGCCACTC-1
GRCh38,AACCGCAGTAGAGGTA-1
GRCh38,AACCGGGCAAGGACAC-1
GRCh38,AACCGGGCAGTATTCA-1
GRCh38,AACCGTGGTCATGTCC-1
GRCh38,AACCGTGGTCCTGTCG-1
GRCh38,AACCTACCAACAATGG-1
GRCh38,AACCTACCAAGCGCTC-1
GRCh38,AACCTACCAATCACTA-1
GRCh38,AACCTACCACCACCAA-1
GRCh38,AACCTACCACTAAAGG-1
GRCh38,AACCTTACAAACTACC-1
GRCh38,AACCTTACACTGACGC-1
GRCh38,AACCTTACAGGTATCT-1
GRCh38,AACGAAATCGCACCCT-1
GRCh38,AACGAACAGACGGGTA-1
GRCh38,AACGAAGGTAATGTGC-1
GRCh38,AACGAAGGTATTGGGT-1
GRCh38,AACGAAGGTCAACCTC-1
GRCh38,AACGAAGGTCAATGCG-1
GRCh38,AACGAAGGTCTAATGA-1
GRCh38,AACGAAGGTGGGTAGG-1
GRCh38,AACGAAGGTGGTTTCC-1
GRCh38,AACGACGAGCATACAT-1
GRCh38,AACGACGAGGCGTTTA-1
GRCh38,AACGACGAGGTTCAAT-1
GRCh38,AACGATAAGAACGTGG-1
GRCh38,AACGATAAGCCATATG-1
GRCh38,AACGATAAGGGGAGCT-1
GRCh38,AACGCACTCGGTGCAT-1
GRCh38,AACGCGGCAATGGGCG-1
GRCh38,AACGCTGGTAATTCCT-1
GRCh38,AACGGATAGCGTAGCT-1
GRCh38,AACGGATAGCTATCGA-1
GRCh38,AACGGATAGGCTCAAC-1
GRCh38,AACGGCGCAAATACAA-1
GRCh38,AACGGGCAGACATGCC-1
GRCh38,AACGGGTCAAACCCAT-1
GRCh38,AACGGGTCACAGCTCA-1
GRCh38,AACGGTACAACACGGG-1
GRCh38,AACGTATTCAGCTAAT-1
GRCh38,AACGTATTCATAACAC-1
GRCh38,AACGTCGGTAGTCGGC-1
GRCh38,AACGTCGGTGGTGCGT-1
GRCh38,AACGTGCTCAGTTGCA-1
GRCh38,AACGTGCTCCATTGCT-1
GRCh38,AACGTGGAGAGTTAGA-1
GRCh38,AACGTGGAGGGGTTGA-1
GRCh38,AACGTTTAGAACGACG-1
GRCh38,AACGTTTAGCCAAGCT-1
GRCh38,AACTAAGAGCTATAAC-1
GRCh38,AACTACCCAAATCACC-1
GRCh38,AACTACCCAACTATAT-1
GRCh38,AACTACCCAATCGACT-1
GRCh38,AACTACCCACATTCCC-1
GRCh38,AACTAGAAGAGCAGCA-1
GRCh38,AACTAGAAGCATGTAT-1
GRCh38,AACTAGCGTACTCTAT-1
GRCh38,AACTAGCGTCAAACGT-1
GRCh38,AACTAGCGTGTTATAG-1
GRCh38,AACTAGGCAAGCGTTT-1
GRCh38,AACTAGGCAGTGCACC-1
GRCh38,AACTCACCACGGTGCT-1
GRCh38,AACTCACCAGCGCTAC-1
GRCh38,AACTCATAGAGACGCA-1
GRCh38,AACTCATAGCTGGTTA-1
GRCh38,AACTCATAGGCCATTA-1
GRCh38,AACTCCCGTCTAAATG-1
GRCh38,AACTCCGCACCACTGA-1
GRCh38,AACTCCGCACGCTGAC-1
GRCh38,AACTCGGGTATAAGGG-1
GRCh38,AACTCGGGTATCTTCG-1
GRCh38,AACTCGGGTCAGTCAG-1
GRCh38,AACTCGGGTCTAAGCG-1
GRCh38,AACTCGGGTGGCACGT-1
GRCh38,AACTCTACAAAGCTAG-1
GRCh38,AACTCTACAACGATAG-1
GRCh38,AACTGCATCACTAATA-1
GRCh38,AACTGCATCAGCCGCA-1
GRCh38,AACTGCGGTAAGGTCT-1
GRCh38,AACTGCGGTCCATATT-1
GRCh38,AACTGCGGTGGATGTT-1
GRCh38,AACTGCGGTGTGTTAA-1
GRCh38,AACTTCGAGCGTCTAA-1
GRCh38,AACTTCTGTATGTGTA-1
GRCh38,AACTTGTAGCTGGTCG-1
GRCh38,AACTTGTAGGGGCATA-1
GRCh38,AAGCAAGGTAGGAAAT-1
GRCh38,AAGCACCTCAATATTG-1
GRCh38,AAGCATAAGAACGTAA-1
GRCh38,AAGCATCGTATCTGGG-1
GRCh38,AAGCATGCAGCGTGTC-1
GRCh38,AAGCATTTCACTTAAA-1
GRCh38,AAGCATTTCGGACACT-1
GRCh38,AAGCCAACAAAGTATA-1
GRCh38,AAGCCAACACGTTCAG-1
GRCh38,AAGCCAACACTAGGCC-1
GRCh38,AAGCCACTCAAGGCTC-1
GRCh38,AAGCCACTCATCTCAC-1
GRCh38,AAGCCATGTGCTCCTG-1
GRCh38,AAGCCCAGTAATCGCG-1
GRCh38,AAGCCCAGTATGGGTT-1
GRCh38,AAGCCGAAGCGTGTTA-1
GRCh38,AAGCCGAAGGTCCTTT-1
GRCh38,AAGCCGGCAATGACGA-1
GRCh38,AAGCGCCGTAACATTG-1
GRCh38,AAGCGTACAACAGCGG-1
GRCh38,AAGCGTACACAATAGG-1
GRCh38,AAGCGTACAGTAACCT-1
GRCh38,AAGCGTCTCACGCCCT-1
GRCh38,AAGCGTCTCCTCGCTA-1
GRCh38,AAGCGTTGTCTCTCGG-1
GRCh38,AAGCTAAAGAACGACG-1
GRCh38,AAGCTAAAGCGTAATT-1
GRCh38,AAGCTATTCCGGTCAG-1
GRCh38,AAGCTATTCGCTATCT-1
GRCh38,AAGCTCATCACGGGTT-1
GRCh38,AAGCTCATCACTAACG-1
GRCh38,AAGCTCATCCAGGGTT-1
GRCh38,AAGCTCTCAGTCATCG-1
GRCh38,AAGCTGGAGCATTCGA-1
GRCh38,AAGCTGGAGCCTGGCA-1
GRCh38,AAGCTGGAGGTATCCA-1
GRCh38,AAGCTTCCAAACTCAC-1
GRCh38,AAGCTTTAGCAAGCGA-1
GRCh38,AAGGAATGTGGGGTAG-1
GRCh38,AAGGACCCACAGTGCC-1
GRCh38,AAGGACCCACGTTCAG-1
GRCh38,AAGGAGGCAAGAATAC-1
GRCh38,AAGGAGGCAAGTGTTC-1
GRCh38,AAGGCACCAACCTTAA-1
GRCh38,AAGGCATAGAAGTACA-1
GRCh38,AAGGCATAGACATAGA-1
GRCh38,AAGGCATAGGGGGCAT-1
GRCh38,AAGGCCCGTATCCCTA-1
GRCh38,AAGGCCCGTCTGTCTA-1
GRCh38,AAGGCCCGTGGTTCAG-1
GRCh38,AAGGCCGCAATATGCC-1
GRCh38,AAGGCCGCAATGCCCA-1
GRCh38,AAGGCCGCAGGAGCCA-1
GRCh38,AAGGCGCAGCACGCCA-1
GRCh38,AAGGCGCAGCGAGTCT-1
GRCh38,AAGGCGCAGGCGTTAC-1
GRCh38,AAGGCGCAGGTTATGT-1
GRCh38,AAGGCTCTCACACGGT-1
GRCh38,AAGGCTCTCAGGAATA-1
GRCh38,AAGGCTCTCCAGTAGC-1
GRCh38,AAGGCTCTCGCACTAA-1
GRCh38,AAGGCTGAGACATCAT-1
GRCh38,AAGGCTGAGATACCAT-1
GRCh38,AAGGCTGAGATACGGG-1
GRCh38,AAGGCTGAGGGGTTTC-1
GRCh38,AAGGGACGTCTATTCG-1
GRCh38,AAGGGACGTGGGACCT-1
GRCh38,AAGGGACGTGGGTTGC-1
GRCh38,AAGGGAGCACAGCACC-1
GRCh38,AAGGGCATCCAGCGCA-1
GRCh38,AAGGGCATCCCATTCG-1
GRCh38,AAGGGCCAGAGCCCAT-1
GRCh38,AAGGGCCAGATATTGC-1
GRCh38,AAGGGGACAGCAGGAT-1
GRCh38,AAGGGGCTCCACTTAC-1
GRCh38,AAGGGGCTCCATATGG-1
GRCh38,AAGGGGCTCCCCAACC-1
GRCh38,AAGGGTGTCCGGGCTA-1
GRCh38,AAGGTAATCCCACTCA-1
GRCh38,AAGGTAGGTCGCAAAT-1
GRCh38,AAGGTTAAGCCTTCAT-1
GRCh38,AAGGTTAAGCGAAGCA-1
GRCh38,AAGGTTCGTCATTATC-1
GRCh38,AAGGTTCGTCTGTGAG-1
GRCh38,AAGTACAAGAGCAGCA-1
GRCh38,AAGTACAAGATTCAAC-1
GRCh38,AAGTACGCACAGTAAG-1
GRCh38,AAGTAGCAGAACCATT-1
GRCh38,AAGTAGGGTGGGATGG-1
GRCh38,AAGTCCATCACTTCTA-1
GRCh38,AAGTCCATCGGGTCAT-1
GRCh38,AAGTCCGGTATTACCT-1
GRCh38,AAGTCCGGTCCATAGG-1
GRCh38,AAGTCCGGTCGGTTAG-1
GRCh38,AAGTCGCTCGTAGGTC-1
GRCh38,AAGTCTAGTCACCGCC-1
GRCh38,AAGTCTAGTGGTCAAT-1
GRCh38,AAGTGAGGTGTGGTGC-1
GRCh38,AAGTGCACAACGCTCA-1
GRCh38,AAGTGTAAGACGTGTC-1
GRCh38,AAGTGTAAGATGAGGT-1
GRCh38,AAGTGTCGTAACATTG-1
GRCh38,AAGTTCCCAACTGTCG-1
GRCh38,AAGTTGCGTACAGGCC-1
GRCh38,AAGTTTGGTCCAGGTA-1
GRCh38,AATACAACACAACCCA-1
GRCh38,AATACAGAGAATGCGG-1
GRCh38,AATACAGAGCTGTGCG-1
GRCh38,AATACAGAGGTCTAGC-1
GRCh38,AATACCCCAAACCTTA-1
GRCh38,AATACGAAGCACTAGC-1
GRCh38,AATACGTTCGGCCCTT-1
GRCh38,AATACTGGTAGACTCG-1
GRCh38,AATACTGGTCTCCGGC-1
GRCh38,AATACTGGTGGCTTGA-1
GRCh38,AATACTGGTGTCCGGG-1
GRCh38,AATATAGCACAGCACC-1
GRCh38,AATATAGCAGGATGGT-1
GRCh38,AATATCATCACAACAT-1
GRCh38,AATATCATCCGAATGC-1
GRCh38,AATATCCAGCATCTTC-1
GRCh38,AATATCCAGCCTTTAC-1
GRCh38,AATATCCAGGTGAGAT-1
GRCh38,AATATCTCAACAGAGC-1
GRCh38,AATATCTCAATTAAAG-1
GRCh38,AATATTCCAAGAAGCC-1
GRCh38,AATATTCCACTCAATA-1
GRCh38,AATCAAGAGCGTTTGA-1
GRCh38,AATCAAGAGGCAACGA-1
GRCh38,AATCACCCAATACACC-1
GRCh38,AATCACCCAATGCTTA-1
GRCh38,AATCAGCGTGGTCTAG-1
GRCh38,AATCCCCGTCCGAAAT-1
GRCh38,AATCCCCGTCTAGCAG-1
GRCh38,AATCCCGCAGTGTCAT-1
GRCh38,AATCCCTTCAGTTAGT-1
GRCh38,AATCCGGGTCTGTACC-1
GRCh38,AATCCGGGTGCGCTCC-1
GRCh38,AATCCGGGTGCTTGGA-1
GRCh38,AATCCGTCAATGGGGT-1
GRCh38,AATCGAGCAAAGTGCA-1
GRCh38,AATCGAGCACACGCAC-1
GRCh38,AATCGCGGTCCGGCCT-1
GRCh38,AATCGGACAAACCTAC-1
GRCh38,AATCGGACAGGAAAGG-1
GRCh38,AATCGGCTCATTAATG-1
GRCh38,AATCGGCTCCTCGAAA-1
GRCh38,AATCTATCAGTGCGAG-1
GRCh38,AATCTCACAGGACCTC-1
GRCh38,AATCTCCTCATTAAGC-1
GRCh38,AATCTCCTCGGATACC-1
GRCh38,AATCTCCTCGTCCTAT-1
GRCh38,AATCTGTAGCAGTATT-1
GRCh38,AATCTTCGTAGAGGTA-1
GRCh38,AATGAACCAATTCGAC-1
GRCh38,AATGAACCACTGATTA-1
GRCh38,AATGACAAGAATTGTC-1
GRCh38,AATGACAAGACAGTTT-1
GRCh38,AATGACAAGATCCCAA-1
GRCh38,AATGACGCACCTTTCA-1
GRCh38,AATGATGAGACTCGAC-1
GRCh38,AATGATGAGCAGTAGG-1
GRCh38,AATGCAAAGCGATTCA-1
GRCh38,AATGCAAAGGTCCATA-1
GRCh38,AATGCCCAGACTCGAC-1
GRCh38,AATGCCCAGGTCACGT-1
GRCh38,AATGCCCAGGTCCAAC-1
GRCh38,AATGCGCTCATCGGGT-1
GRCh38,AATGGAGGTCATTGGG-1
GRCh38,AATGGCACAACTCCGA-1
GRCh38,AATGGCGAGGTTATCG-1
GRCh38,AATGGCTGTAAAGTGG-1
GRCh38,AATGGCTGTATTGTAG-1
GRCh38,AATGGGAGTCCAACGA-1
GRCh38,AATGGGTAGCATAATC-1
GRCh38,AATGGGTAGGGCGTAA-1
GRCh38,AATGGGTAGGGCTAGA-1
GRCh38,AATGGGTAGGTACGTC-1
GRCh38,AATGGTAAGCACTCCC-1
GRCh38,AATGGTAAGGGAAATC-1
GRCh38,AATGGTCGTACGTTGG-1
GRCh38,AATGGTTTCAGCCCCT-1
GRCh38,AATGGTTTCAGGGCAA-1
GRCh38,AATGTACTCCCACCTA-1
GRCh38,AATGTACTCGGTCATA-1
GRCh38,AATGTAGAGACGCCAT-1
GRCh38,AATGTAGAGCCTTAGA-1
GRCh38,AATGTGCGTCAGCTCT-1
GRCh38,AATGTGCGTGGCTGTA-1
GRCh38,AATGTTCAGGGAGTTG-1
GRCh38,AATGTTGGTACTGGAT-1
GRCh38,AATGTTGGTGGAAATG-1
GRCh38,AATTAAGCAAGCGTTT-1
GRCh38,AATTAAGCAATCGCGC-1
GRCh38,AATTAAGCACGCTCAA-1
GRCh38,AATTAAGCAGCACGGA-1
GRCh38,AATTACCAGCGTTAAT-1
GRCh38,AATTACCAGCTGCAAC-1
GRCh38,AATTACCAGGGGGTAC-1
GRCh38,AATTACTCAAGGCGCA-1
GRCh38,AATTATGTCACATTGG-1
GRCh38,AATTATGTCAGGTTCA-1
GRCh38,AATTATGTCCCTGTCA-1
GRCh38,AATTCCACAAACGCGG-1
GRCh38,AATTCCACAAATTACT-1
GRCh38,AATTCCACACCACGTA-1
GRCh38,AATTCCACAGTTAAGG-1
GRCh38,AATTCCCTCACGCTAA-1
GRCh38,AATTCCCTCCACACCC-1
GRCh38,AATTCCGAGATGCGAG-1
GRCh38,AATTCCTGTACCTGCT-1
GRCh38,AATTCCTGTCTACGCT-1
GRCh38,AATTCGCCAACCTATA-1
GRCh38,AATTCGCCAATCATCA-1
GRCh38,AATTCGCCACGGGTCT-1
GRCh38,AATTCGGTCCAGCTAA-1
GRCh38,AATTCGGTCGTATAGT-1
GRCh38,AATTCGTAGAAGCATA-1
GRCh38,AATTCGTAGCTACATG-1
GRCh38,AATTCGTAGGCACCCA-1
GRCh38,AATTGAACAAGTCCAT-1
GRCh38,AATTGAACAATTCAGC-1
GRCh38,AATTGAACAATTCGAC-1
GRCh38,AATTGAGAGAACTCAT-1
GRCh38,AATTGGCGTAAAGCGA-1
GRCh38,AATTGGCGTAAGTCCG-1
GRCh38,AATTGGCGTGCCCCTA-1
GRCh38,AATTGGTTCACTAACG-1
GRCh38,AATTGGTTCCCATGCC-1
GRCh38,AATTGGTTCCTCAGGG-1
GRCh38,AATTGTGGTAAGCATC-1
GRCh38,AATTGTGGTATATGTG-1
GRCh38,AATTGTGGTCCAACCT-1
GRCh38,AATTTCCGTCACCCTG-1
GRCh38,AATTTGCAGCGCGATT-1
GRCh38,ACAACAGCAATGGCGG-1
GRCh38,ACAACAGCACAGTCAT-1
GRCh38,ACAACAGCAGGGTATA-1
GRCh38,ACAACATTCCATCACT-1
GRCh38,ACAACCATCCTGCACC-1
GRCh38,ACAACCATCGTAGTTG-1
GRCh38,ACAACCCAGCCTGATA-1
GRCh38,ACAACCTCAGTAGTAG-1
GRCh38,ACAACGCTCAAGTCGC-1
GRCh38,ACAACGGAGACCCACG-1
GRCh38,ACAACGTGTAGCCAGC-1
GRCh38,ACAACGTGTGGTACTG-1
GRCh38,ACAACGTGTGTTGCGA-1
GRCh38,ACAACTGTCCGATGTA-1
GRCh38,ACAACTGTCGGACACT-1
GRCh38,ACAAGACAGCAGCGAA-1
GRCh38,ACAAGACAGCTATGTG-1
GRCh38,ACAAGACAGGTCGCAT-1
GRCh38,ACAAGAGGTACAAGCT-1
GRCh38,ACAAGATCACAACTAC-1
GRCh38,ACAAGATCACGCAACC-1
GRCh38,ACAAGATCACGTCGTA-1
GRCh38,ACAAGCCTCCCATACT-1
GRCh38,ACAAGCGAGACTACAT-1
GRCh38,ACAAGCGAGACTCCAA-1
GRCh38,ACAAGCGAGCAAGATA-1
GRCh38,ACAAGCTGTGGTGGAG-1
GRCh38,ACAAGCTGTGTAAGGA-1
GRCh38,ACAAGGAGTATCATCT-1
GRCh38,ACAAGGAGTGGAACGG-1
GRCh38,ACAAGTAAGGCAACGA-1
GRCh38,ACAAGTCGTACTAAGC-1
GRCh38,ACAAGTCGTCACCCGC-1
GRCh38,ACAAGTCGTCGATGAT-1
GRCh38,ACAATAGAGCTGCGAT-1
GRCh38,ACAATCCCAAACCCAT-1
GRCh38,ACAATCCCAGCTACGC-1
GRCh38,ACAATCGTCCGGACCA-1
GRCh38,ACAATCGTCCTGGCTC-1
GRCh38,ACAATCGTCGTTGACA-1
GRCh38,ACAATGAAGCAATTGT-1
GRCh38,ACAATGAAGGCGGTTT-1
GRCh38,ACAATGAAGGCTTCGG-1
GRCh38,ACAATGAAGGTAAATG-1
GRCh38,ACAATGGCAGTACGGG-1
GRCh38,ACAATTATCATCACTC-1
GRCh38,ACAATTGGTATCGCGA-1
GRCh38,ACAATTGGTATGTACA-1
GRCh38,ACAATTGGTGTGTGCA-1
GRCh38,ACAATTTCAATCCCGA-1
GRCh38,ACAATTTCAATGATCC-1
GRCh38,ACACAAGCAAAACTAA-1
GRCh38,ACACAAGCAAGTAACG-1
GRCh38,ACACAAGCACTAGAAG-1
GRCh38,ACACAAGCAGCAACGG-1
GRCh38,ACACAATTCATATCCC-1
GRCh38,ACACACATCATAGTGT-1
GRCh38,ACACAGACACTATCTT-1
GRCh38,ACACATGTCATAGCGC-1
GRCh38,ACACATGTCGCAGTAC-1
GRCh38,ACACATTAGCTTAGTG-1
GRCh38,ACACCCACACTTAAGC-1
GRCh38,ACACCCGAGGCGCTCA-1
GRCh38,ACACCCTGTAACTCGG-1
GRCh38,ACACCGTAGGTGTCCG-1
GRCh38,ACACCTTTCCAAGCTA-1
GRCh38,ACACCTTTCCCTTTGG-1
GRCh38,ACACGAACAAACATTT-1
GRCh38,ACACGAACAAGGCCGA-1
GRCh38,ACACGCCCAAAGTGCA-1
GRCh38,ACACGCCCACGTAAAG-1
GRCh38,ACACGCCCAGTTAACC-1
GRCh38,ACACGGAAGCGTGTTA-1
GRCh38,ACACGGGCACATTCGG-1
GRCh38,ACACGGGCACCTTCTA-1
GRCh38,ACACGGTTCAATCCCT-1
GRCh38,ACACGGTTCAGACTTG-1
GRCh38,ACACGGTTCCAATACG-1
GRCh38,ACACGGTTCCCAGTAA-1
GRCh38,ACACGTATCCGACGCA-1
GRCh38,ACACGTATCCTACTAC-1
GRCh38,ACACTACCACCAACGC-1
GRCh38,ACACTCCGTACAGCAT-1
GRCh38,ACACTCGCAAGCAAGC-1
GRCh38,ACACTTACAGCCCTAA-1
GRCh38,ACACTTACAGGCGTAG-1
GRCh38,ACACTTCTCCTGTCAT-1
GRCh38,ACAGAACAGCAACGAG-1
GRCh38,ACAGAAGGTCCGCTAT-1
GRCh38,ACAGAATCAAACACCT-1
GRCh38,ACAGAATCACGTAGAA-1
GRCh38,ACAGACGAGACATCCA-1
GRCh38,ACAGACGAGCGTTGCG-1
GRCh38,ACAGAGCCAAGTGGCG-1
GRCh38,ACAGAGCCACGTAACT-1
GRCh38,ACAGAGCCAGCGATAA-1
GRCh38,ACAGAGCCAGGGTCTC-1
GRCh38,ACAGCACTCAGCGTAC-1
GRCh38,ACAGCACTCCGTACAA-1
GRCh38,ACAGCAGAGACTCAGC-1
GRCh38,ACAGCAGAGCTAGCCG-1
GRCh38,ACAGCAGAGGTATGGG-1
GRCh38,ACAGCATGTAACGAGA-1
GRCh38,ACAGCATGTATCCGAG-1
GRCh38,ACAGCATGTATTATCC-1
GRCh38,ACAGCCTAGAATGCCC-1
GRCh38,ACAGCCTAGACTGATT-1
GRCh38,ACAGCCTAGCCCAGCA-1
GRCh38,ACAGCCTAGGGGATAT-1
GRCh38,ACAGCGAAGCCTGGCA-1
GRCh38,ACAGCGCGTCCAACAG-1
GRCh38,ACAGCGGCAAACCACT-1
GRCh38,ACAGCGTTCACAACGC-1
GRCh38,ACAGCGTTCGGAAGCA-1
GRCh38,ACAGGACCAAGGATCA-1
GRCh38,ACAGGACCACCAGATT-1
GRCh38,ACAGGACCACTTCGTC-1
GRCh38,ACAGGATAGCAGTCTA-1
GRCh38,ACAGGCCGTGCGCTGG-1
GRCh38,ACAGGCTTCATCCCCA-1
GRCh38,ACAGGGTCAATCATTG-1
GRCh38,ACAGGTTGTAGGAGTA-1
GRCh38,ACAGGTTGTCTATGTT-1
GRCh38,ACAGTCTCAAACATAA-1
GRCh38,ACAGTCTCAAGACGTA-1
GRCh38,ACAGTTGTCACACCTT-1
GRCh38,ACAGTTTAGACCCGCA-1
GRCh38,ACATAACTCACATCAG-1
GRCh38,ACATAACTCCTGCACC-1
GRCh38,ACATAAGAGGTTCAGC-1
GRCh38,ACATACCCAAACCGGG-1
GRCh38,ACATACCCAGTGCGGA-1
GRCh38,ACATACGTCCTGGGCA-1
GRCh38,ACATACGTCCTGTCAT-1
GRCh38,ACATAGAAGAAGTACA-1
GRCh38,ACATAGAAGAGGCAGC-1
GRCh38,ACATAGAAGGGACTGA-1
GRCh38,ACATAGAAGGGGGTAC-1
GRCh38,ACATAGGCAAGGGTTA-1
GRCh38,ACATATATCGCTAATG-1
GRCh38,ACATATCAGCCGTGAT-1
GRCh38,ACATATTCACGTTAGT-1
GRCh38,ACATCACCACCTATAA-1
GRCh38,ACATCCAAGCGAACAG-1
GRCh38,ACATCCCGTCTACGCT-1
GRCh38,ACATCCCGTGCTCTGT-1
GRCh38,ACATCCGCAGGCTACC-1
GRCh38,ACATCTCTCATGCTTC-1
GRCh38,ACATCTCTCGGTGTCG-1
GRCh38,ACATCTCTCGTGTCAA-1
GRCh38,ACATCTTGTAACATTG-1
GRCh38,ACATGAAAGACATAGA-1
GRCh38,ACATGAAAGAGCGGGT-1
GRCh38,ACATGAAAGCTCAGCG-1
GRCh38,ACATGCCAGACTGCCG-1
GRCh38,ACATGCCAGATACGAA-1
GRCh38,ACATGGACACCAAATC-1
GRCh38,ACATGGACAGGGCTTC-1
GRCh38,ACATGGACAGTGCACC-1
GRCh38,ACATGGGAGCCATGGT-1
GRCh38,ACATGTGTCACATACG-1
GRCh38,ACATGTGTCAGCGCAT-1
GRCh38,ACATGTGTCATTGCTC-1
GRCh38,ACATTAGGTCTGGTAG-1
GRCh38,ACATTAGGTGTACTCC-1
GRCh38,ACATTATCAGCCCAAC-1
GRCh38,ACATTATCAGTGTAAG-1
GRCh38,ACATTCCTCACGCATA-1
GRCh38,ACATTCCTCAGCCCTC-1
GRCh38,ACATTCGAGAACTTGT-1
GRCh38,ACATTTCGTCGAGTCA-1
GRCh38,ACATTTCGTGTTCAGG-1
GRCh38,ACCAACTCAAGCTATC-1
GRCh38,ACCAAGACACCCACAA-1
GRCh38,ACCAAGACACCTACGA-1
GRCh38,ACCAATTAGCTAACAT-1
GRCh38,ACCAATTAGGTGCTGT-1
GRCh38,ACCACAATCAACCCTT-1
GRCh38,ACCACAATCCGTGAGT-1
GRCh38,ACCACAGGTAGCCTCT-1
GRCh38,ACCACAGGTCCAAAGT-1
GRCh38,ACCACATCACAACCCA-1
GRCh38,ACCACATCACCACCAA-1
GRCh38,ACCACCTGTCATAGTA-1
GRCh38,ACCACGTAGCACTCAA-1
GRCh38,ACCACGTAGCGGGTTT-1
GRCh38,ACCACGTAGGGAATTA-1
GRCh38,ACCACTCGTACGTCAG-1
GRCh38,ACCACTCGTAGTCGCA-1
GRCh38,ACCACTCGTATCCGAG-1
GRCh38,ACCAGAACACCTCATC-1
GRCh38,ACCAGAACAGCCAATT-1
GRCh38,ACCAGATGTAGGAATG-1
GRCh38,ACCAGATGTGCTGCCC-1
GRCh38,ACCAGGAAGACAATAG-1
GRCh38,ACCATACCACAATAGG-1
GRCh38,ACCATCCGTGTCTAGG-1
GRCh38,ACCATCTTCACAACAT-1
GRCh38,ACCATCTTCACGGTTA-1
GRCh38,ACCATCTTCATTAAGC-1
GRCh38,ACCATGCAGATGCCCG-1
GRCh38,ACCATGCAGCGGGTAA-1
GRCh38,ACCATGCAGGGAGTAT-1
GRCh38,ACCATTCTCCCGCATC-1
GRCh38,ACCATTCTCCCTTCAG-1
GRCh38,ACCATTCTCGTGCTCC-1
GRCh38,ACCCAAATCAGACTGC-1
GRCh38,ACCCAAATCGCGCGTA-1
GRCh38,ACCCACACAAAAGGAA-1
GRCh38,ACCCACACAAACTCCG-1
GRCh38,ACCCACACAACGCCAC-1
GRCh38,ACCCATCGTCTATTGT-1
GRCh38,ACCCATGCAATATCTG-1
GRCh38,ACCCATGCACATACCG-1
GRCh38,ACCCATTTCCAATTGG-1
GRCh38,ACCCATTTCCCAAATG-1
GRCh38,ACCCATTTCCTAGCCC-1
GRCh38,ACCCATTTCGGGTCCA-1
GRCh38,ACCCCAGAGCTCCTCA-1
GRCh38,ACCCCATGTCACGTTC-1
GRCh38,ACCCCATGTCCGTCCA-1
GRCh38,ACCCCGTTCCCGCATC-1
GRCh38,ACCCCTATCAAATCAC-1
GRCh38,ACCCCTGGTCTGGAAT-1
GRCh38,ACCCGACCACAACTTA-1
GRCh38,ACCCGACCAGCTCAAT-1
GRCh38,ACCCGACCAGTGCGAG-1
GRCh38,ACCCGATAGATAGTAG-1
GRCh38,ACCCGATAGATGGTGG-1
GRCh38,ACCCGATAGCCAGTAC-1
GRCh38,ACCCGATAGCTCTCAT-1
GRCh38,ACCCGCAAGCCGATTA-1
GRCh38,ACCCTAAAGCACTTAG-1
GRCh38,ACCCTAAAGCGACGTT-1
GRCh38,ACCCTAGCACGCCAAC-1
GRCh38,ACCCTATTCATTCGCT-1
GRCh38,ACCCTATTCGCTTCAT-1
GRCh38,ACCCTCTCACACCCAA-1
GRCh38,ACCCTGCTCCTCCATG-1
GRCh38,ACCCTTAGTGGACGGA-1
GRCh38,ACCCTTAGTGTTATAG-1
GRCh38,ACCTACGCAAGTCGCC-1
GRCh38,ACCTACTTCGGTTAAT-1
GRCh38,ACCTAGGGTCTTGTCA-1
GRCh38,ACCTAGGGTGTGGCCG-1
GRCh38,ACCTAGTCAAGCGCAG-1
GRCh38,ACCTAGTCACTAATAT-1
GRCh38,ACCTATACAAGCTGGG-1
GRCh38,ACCTATACACCAACAT-1
GRCh38,ACCTATACAGTACAAG-1
GRCh38,ACCTATGAGAGCGGGT-1
GRCh38,ACCTATGAGGGAGCTA-1
GRCh38,ACCTATGAGGGGGTTA-1
GRCh38,ACCTATGAGGTCGAAG-1
GRCh38,ACCTATTGTACTTAAG-1
GRCh38,ACCTATTGTCGGAATT-1
GRCh38,ACCTCATTCCAGTAGC-1
GRCh38,ACCTCCATCAATCTGG-1
GRCh38,ACCTCCGGTCGATGGC-1
GRCh38,ACCTCCGGTCGTGGGT-1
GRCh38,ACCTCTCCACTAACTA-1
GRCh38,ACCTCTCCAGTCGGTC-1
GRCh38,ACCTGCACAAATACAA-1
GRCh38,ACCTGCACACAACTTA-1
GRCh38,ACCTGTAAGAATTTGC-1
GRCh38,ACCTGTAAGACGCGAA-1
GRCh38,ACCTTAACAATCACGT-1
GRCh38,ACCTTACTCAAGCTTG-1
GRCh38,ACCTTACTCCGGTTAA-1
GRCh38,ACCTTACTCGCATCAA-1
GRCh38,ACCTTAGAGACAATGA-1
GRCh38,ACCTTAGAGCTAAGCC-1
GRCh38,ACCTTATGTCTAGGTG-1
GRCh38,ACCTTATGTGGTTGAT-1
GRCh38,ACCTTGCGTCTATCGC-1
GRCh38,ACCTTTCAGGGTACGA-1
GRCh38,ACCTTTCAGGTCTACA-1
GRCh38,ACCTTTGGTCACTCCG-1
GRCh38,ACGAAATCACCAACGC-1
GRCh38,ACGAACCTCCCCACTA-1
GRCh38,ACGAACGAGGGGTTGA-1
GRCh38,ACGAAGCCAAGCTGGG-1
GRCh38,ACGAAGTAGAAGGCGC-1
GRCh38,ACGAAGTAGCCACTTT-1
GRCh38,ACGAAGTAGCCATAGC-1
GRCh38,ACGACACTCCAGTCCC-1
GRCh38,ACGACACTCGTTCGGG-1
GRCh38,ACGACAGAGAAACCAA-1
GRCh38,ACGACCCCAACATCCG-1
GRCh38,ACGACCCCACCCATAG-1
GRCh38,ACGACCCCACGTATCG-1
GRCh38,ACGACGAAGGGGATAT-1
GRCh38,ACGACTATCATGGCCG-1
GRCh38,ACGACTATCCATCGGG-1
GRCh38,ACGACTATCCCACCGT-1
GRCh38,ACGACTATCCTAAACG-1
GRCh38,ACGACTATCGTCGAAC-1
GRCh38,ACGAGACCAGCGTGAG-1
GRCh38,ACGAGCTTCCCTGTCA-1
GRCh38,ACGAGGCAGAATATCC-1
GRCh38,ACGAGGCAGACCCTAA-1
GRCh38,ACGAGGTCACGATGTT-1
GRCh38,ACGATATTCACAACTG-1
GRCh38,ACGATGGAGCGGATTC-1
GRCh38,ACGCAACTCACTAACG-1
GRCh38,ACGCAACTCATCGACA-1
GRCh38,ACGCAATGTGTATGCG-1
GRCh38,ACGCAGGCACTTCGAG-1
GRCh38,ACGCAGTTCATCATCC-1
GRCh38,ACGCAGTTCGGGCAAA-1
GRCh38,ACGCATATCATCGCCC-1
GRCh38,ACGCATATCCACGAGT-1
GRCh38,ACGCATGGTAATTTGG-1
GRCh38,ACGCCATAGACCCGAT-1
GRCh38,ACGCCATAGACGGCAA-1
GRCh38,ACGCCCAAGATATGAG-1
GRCh38,ACGCCCTTCACCTCTG-1
GRCh38,ACGCCCTTCGCAACTA-1
GRCh38,ACGCCGGGTCATATTC-1
GRCh38,ACGCCTCTCGGTTATG-1
GRCh38,ACGCCTCTCGTGCATA-1
GRCh38,ACGCGAAAGGCAATTT-1
GRCh38,ACGCGAAAGGGTGTTC-1
GRCh38,ACGCGAGCAGGTAAAT-1
GRCh38,ACGCGCTCACTATGGT-1
GRCh38,ACGCGTCCAACTCATA-1
GRCh38,ACGCGTCCAATACCCG-1
GRCh38,ACGCGTGTCACTCTTA-1
GRCh38,ACGCGTGTCCCAGAAC-1
GRCh38,ACGCGTTAGGGCATAG-1
GRCh38,ACGCTAATCATCGACA-1
GRCh38,ACGCTCACACGCATAT-1
GRCh38,ACGCTCCTCGGTTACA-1
GRCh38,ACGCTGAGTCTGTCCG-1
GRCh38,ACGCTGAGTGGCTAAT-1
GRCh38,ACGCTTCGTATGTCGG-1
GRCh38,ACGCTTCGTCACCGCC-1
GRCh38,ACGCTTCGTCGTAGGC-1
GRCh38,ACGCTTCGTCTTGTCA-1
GRCh38,ACGGACGCAATCCTAA-1
GRCh38,ACGGAGCAGACGTGTC-1
GRCh38,ACGGCAAAGCAACATT-1
GRCh38,ACGGCAAAGCAAGTAA-1
GRCh38,ACGGCCATCCTCCTCT-1
GRCh38,ACGGGATCAACTATCA-1
GRCh38,ACGGGCTGTACGCAAT-1
GRCh38,ACGGGCTGTAGCCTCT-1
GRCh38,ACGGGCTGTAGGAGTA-1
GRCh38,ACGGGGTAGCCCATGG-1
GRCh38,ACGGGTAAGCAGTCCG-1
GRCh38,ACGGGTAAGGGGATAT-1
GRCh38,ACGGGTTTCATCCCGC-1
GRCh38,ACGGGTTTCGCGACAT-1
GRCh38,ACGGTCAGTGTACCCT-1
GRCh38,ACGGTCCCAGCATCCA-1
GRCh38,ACGGTCGTCACTCTGT-1
GRCh38,ACGGTCGTCATAAGTC-1
GRCh38,ACGGTCGTCATGAGTT-1
GRCh38,ACGGTCGTCATTATCT-1
GRCh38,ACGGTGCGTCTTAATC-1
GRCh38,ACGGTGTTCACGTATG-1
GRCh38,ACGGTGTTCATCACTC-1
GRCh38,ACGGTTATCAAGTTCG-1
GRCh38,ACGGTTATCACGCATA-1
GRCh38,ACGGTTATCAGTTTGG-1
GRCh38,ACGGTTGGTCGAGGCT-1
GRCh38,ACGGTTGGTGTGCGGT-1
GRCh38,ACGTAATTCAAAGGGT-1
GRCh38,ACGTAATTCAAGGGGC-1
GRCh38,ACGTAATTCAGACACC-1
GRCh38,ACGTAATTCAGTTATA-1
GRCh38,ACGTATGTCCCCTAGC-1
GRCh38,ACGTATGTCCCTACGC-1
GRCh38,ACGTATGTCGCTATAG-1
GRCh38,ACGTATGTCGGTCAAC-1
GRCh38,ACGTATTAGCAGTCTA-1
GRCh38,ACGTCAATCAACGGCT-1
GRCh38,ACGTCACAGAGCGAAT-1
GRCh38,ACGTCACAGAGTTTCG-1
GRCh38,ACGTCACAGATAGCGG-1
GRCh38,ACGTCAGGTCATATTC-1
GRCh38,ACGTCAGGTGTATGTA-1
GRCh38,ACGTCCACAACATCAC-1
GRCh38,ACGTCCACAACCTATA-1
GRCh38,ACGTCCACAGGAATCA-1
GRCh38,ACGTCCACAGTTCAGT-1
GRCh38,ACGTCCGAGCCACTTT-1
GRCh38,ACGTCGGTCGCGTATA-1
GRCh38,ACGTCTCGTCGCTAAG-1
GRCh38,ACGTCTCGTCGTCGGG-1
GRCh38,ACGTGATGTCACCGTT-1
GRCh38,ACGTGATGTCTGGAAT-1
GRCh38,ACGTGCAGTCTTGTGC-1
GRCh38,ACGTGCCCAGGGTTAA-1
GRCh38,ACGTGTCAGGTAGTGG-1
GRCh38,ACGTTACCAAGACGTA-1
GRCh38,ACGTTACCACAGGTCC-1
GRCh38,ACGTTACCACTGCTTC-1
GRCh38,ACGTTATAGACATGTT-1
GRCh38,ACGTTCCGTACGGGCT-1
GRCh38,ACGTTCCGTCATAAGC-1
GRCh38,ACGTTCCGTCCTCATA-1
GRCh38,ACGTTCCGTGCTAGTG-1
GRCh38,ACGTTCGCAGCTCCAA-1
GRCh38,ACGTTGGGTAACATTG-1
GRCh38,ACGTTGGGTACGCTGA-1
GRCh38,ACGTTGGGTCAGCCTT-1
GRCh38,ACGTTTACACACATAC-1
GRCh38,ACTAACGTCGTTGGGT-1
GRCh38,ACTAATATCGTCTCCA-1
GRCh38,ACTAATCAGCATACAT-1
GRCh38,ACTAATTCAAAGCATG-1
GRCh38,ACTAATTCAGCCTTAG-1
GRCh38,ACTACATAGAATACAG-1
GRCh38,ACTACATAGAATTGTC-1
GRCh38,ACTACCCGTGGACGCT-1
GRCh38,ACTACTCTCCCCAGCT-1
GRCh38,ACTACTTGTAAGGAAT-1
GRCh38,ACTACTTGTCGTCAGA-1
GRCh38,ACTATAGGTAGTCGGC-1
GRCh38,ACTATAGGTATGGCGC-1
GRCh38,ACTATAGGTGTATTCT-1
GRCh38,ACTATATCAACGGGAT-1
GRCh38,ACTATATCACTGCAAT-1
GRCh38,ACTATCACAATCCAAC-1
GRCh38,ACTATCCTCATAGCGC-1
GRCh38,ACTATCGAGGTGCCAT-1
GRCh38,ACTATGAGTGTCTTAT-1
GRCh38,ACTATGTAGAAACTAG-1
GRCh38,ACTATGTAGACCAGAG-1
GRCh38,ACTATGTAGCAAGCCT-1
GRCh38,ACTATTCGTATGTTGA-1
GRCh38,ACTATTCGTCCCTCTC-1
GRCh38,ACTATTCGTGGCATAT-1
GRCh38,ACTATTCGTGGTAGCC-1
GRCh38,ACTATTCGTGTGGTGC-1
GRCh38,ACTCACGCAAAGCCAA-1
GRCh38,ACTCACGCAACGTCCA-1
GRCh38,ACTCACGCACATAGTC-1
GRCh38,ACTCAGCAGACTGATT-1
GRCh38,ACTCAGCAGATCGTAT-1
GRCh38,ACTCAGCAGCCATTTC-1
GRCh38,ACTCAGGGTAGCGTTG-1
GRCh38,ACTCATACAATGGTCT-1
GRCh38,ACTCATACACACTTAA-1
GRCh38,ACTCATTGTACGGTCA-1
GRCh38,ACTCATTGTATGAGTC-1
GRCh38,ACTCATTGTGGCTTAG-1
GRCh38,ACTCATTGTGTCTTAT-1
GRCh38,ACTCCATTCCTTAGCT-1
GRCh38,ACTCCATTCGGTTACA-1
GRCh38,ACTCCCATCACTTCGT-1
GRCh38,ACTCCCATCAGTAAAG-1
GRCh38,ACTCCCATCATAGCGC-1
GRCh38,ACTCCCATCCCACAGG-1
GRCh38,ACTCCCGGTCATACTT-1
GRCh38,ACTCCCTCAAGTTACC-1
GRCh38,ACTCCCTCACTATACA-1
GRCh38,ACTCCGACACACAGCC-1
GRCh38,ACTCCGACACCGGTTA-1
GRCh38,ACTCCGCTCAGGGTCT-1
GRCh38,ACTCGACAGCGTGCAT-1
GRCh38,ACTCGAGGTCCCTTGG-1
GRCh38,ACTCGAGGTCGGTATG-1
GRCh38,ACTCGAGGTGTTAAGC-1
GRCh38,ACTCGATCAGTTAACC-1
GRCh38,ACTCGCACAAAGCCGG-1
GRCh38,ACTCGCCTCGTATGTG-1
GRCh38,ACTCGCTGTGTCGAGC-1
GRCh38,ACTCGGCCAAAACGAT-1
GRCh38,ACTCGGCCAAAATCCC-1
GRCh38,ACTCGGCCAAGGCTCC-1
GRCh38,ACTCGGCCACAAGTAG-1
GRCh38,ACTCGGCCAGGATGAC-1
GRCh38,ACTCGGGTCGTTGGCG-1
GRCh38,ACTCTATGTATCAGTA-1
GRCh38,ACTCTATGTGGTACTG-1
GRCh38,ACTCTATGTGTCCCGC-1
GRCh38,ACTCTCCCAAGCAAGC-1
GRCh38,ACTCTCCCAGGTTTCG-1
GRCh38,ACTCTGTTCACATCAG-1
GRCh38,ACTCTGTTCGGTAGCT-1
GRCh38,ACTCTGTTCGTATCGA-1
GRCh38,ACTGAAGCACAACGGG-1
GRCh38,ACTGAAGCACCTAATA-1
GRCh38,ACTGAAGCACGTAACT-1
GRCh38,ACTGAAGCACTAATAT-1
GRCh38,ACTGAAGCAGCTACGC-1
GRCh38,ACTGACATCATCTTCA-1
GRCh38,ACTGAGACACCATTAA-1
GRCh38,ACTGAGACAGGAACTA-1
GRCh38,ACTGAGACAGTACAAG-1
GRCh38,ACTGCAATCATGGTGC-1
GRCh38,ACTGCAGGTCTTGTCA-1
GRCh38,ACTGCAGGTGCATTCC-1
GRCh38,ACTGCAGGTGCTAGAT-1
GRCh38,ACTGCATCACTAGTCG-1
GRCh38,ACTGCCACAAGGGTCG-1
GRCh38,ACTGCCCTCAATCCTC-1
GRCh38,ACTGCCCTCACCTACT-1
GRCh38,ACTGCCCTCATGGGCT-1
GRCh38,ACTGCCGAGGTCTCCC-1
GRCh38,ACTGCGAGTAGGCTTG-1
GRCh38,ACTGCGAGTCATAGTA-1
GRCh38,ACTGCGCCAATCTCTT-1
GRCh38,ACTGCGCCACCTGACA-1
GRCh38,ACTGCGCCAGGACATA-1
GRCh38,ACTGCGTAGCCCAACG-1
GRCh38,ACTGCGTAGCGAGTAG-1
GRCh38,ACTGCGTAGCGATGAG-1
GRCh38,ACTGGAACACATGGGG-1
GRCh38,ACTGGAACAGGAGCCA-1
GRCh38,ACTGGAACAGGCACTC-1
GRCh38,ACTGGATGTAATCTCT-1
GRCh38,ACTGGATGTCTACGGA-1
GRCh38,ACTGGGCGTAGTGATC-1
GRCh38,ACTGGGCGTATGCGCA-1
GRCh38,ACTGGGCGTGGACTAT-1
GRCh38,ACTGGGCGTGGGTTAT-1
GRCh38,ACTGGGGCAACCAGAA-1
GRCh38,ACTGGGGCACTGTAAC-1
GRCh38,ACTGTCGCAACACAGA-1
GRCh38,ACTGTCGCAATCGTCG-1
GRCh38,ACTGTCGCAGCCATAT-1
GRCh38,ACTGTCTTCCACAACA-1
GRCh38,ACTGTGGGTGTCATCC-1
GRCh38,ACTGTTCTCAGTGATT-1
GRCh38,ACTGTTGAGACTGCCG-1
GRCh38,ACTTAAATCAGGTTCA-1
GRCh38,ACTTAACAGCCACGAT-1
GRCh38,ACTTAACAGGTGCGAA-1
GRCh38,ACTTAAGGTACTCGAG-1
GRCh38,ACTTAAGGTCATTCCA-1
GRCh38,ACTTAAGGTCCAACGA-1
GRCh38,ACTTAAGGTCTGACTC-1
GRCh38,ACTTAATCAAGTCGAA-1
GRCh38,ACTTACACACACCTCT-1
GRCh38,ACTTACGAGCGGTGTT-1
GRCh38,ACTTACGAGGCAACAG-1
GRCh38,ACTTAGCCACGTAGCC-1
GRCh38,ACTTATCGTACATTAG-1
GRCh38,ACTTATCGTCCTCATA-1
GRCh38,ACTTCATGTCCGTGTT-1
GRCh38,ACTTCGCGTACGCAAT-1
GRCh38,ACTTCGGCAAGCTGGG-1
GRCh38,ACTTCTATCCAGTACA-1
GRCh38,ACTTCTATCCATTGTC-1
GRCh38,ACTTCTGGTCAGTGCA-1
GRCh38,ACTTCTGGTGTTGTAA-1
GRCh38,ACTTGCCGTCCAGAAT-1
GRCh38,ACTTGCTTCAAGTTCG-1
GRCh38,ACTTGCTTCATGTAAC-1
GRCh38,ACTTGCTTCCGTCTAT-1
GRCh38,ACTTGGGGTACGGTGC-1
GRCh38,ACTTGTCTCCGTATTC-1
GRCh38,ACTTGTCTCGTGGCAT-1
GRCh38,ACTTGTGAGAAATGGC-1
GRCh38,ACTTGTGAGACCAGAG-1
GRCh38,ACTTTAGCAAGTCCAT-1
GRCh38,ACTTTGGAGCTTCTAC-1
GRCh38,ACTTTGGAGGGGGTTA-1
GRCh38,AGAAGCCCAACGGACG-1
GRCh38,AGAAGCCCACACTACG-1
GRCh38,AGAAGCCCAGTAGCGG-1
GRCh38,AGAAGCCCAGTGCATT-1
GRCh38,AGAAGCTAGCTAGCCG-1
GRCh38,AGAAGCTAGGGGCTAA-1
GRCh38,AGAAGCTAGGGGGCAT-1
GRCh38,AGAAGGAAGAAACGCG-1
GRCh38,AGAATACCACAGTTTA-1
GRCh38,AGAATACCACATTCGG-1
GRCh38,AGAATAGTCACCATTC-1
GRCh38,AGAATCAAGCTCTCCA-1
GRCh38,AGAATGGGTCAGCGTA-1
GRCh38,AGAATGGGTGTGTAGT-1
GRCh38,AGAATTACACAACGAA-1
GRCh38,AGAATTGAGCACTCCC-1
GRCh38,AGACAATCACAAGCGG-1
GRCh38,AGACAATCAGGTTGGG-1
GRCh38,AGACAGCCAAAGCTTC-1
GRCh38,AGACATAAGCCATATG-1
GRCh38,AGACATTTCAATTCGG-1
GRCh38,AGACATTTCATATGTA-1
GRCh38,AGACATTTCGCTGTGG-1
GRCh38,AGACGATAGACTGCCG-1
GRCh38,AGACGATAGCATGCCG-1
GRCh38,AGACGCAAGGCAATCC-1
GRCh38,AGACGCAAGGTAAGTA-1
GRCh38,AGACGCTTCACGTGGT-1
GRCh38,AGACGCTTCAGTCATG-1
GRCh38,AGACGCTTCGTGACTA-1
GRCh38,AGACGGGGTCGTGGGT-1
GRCh38,AGACGGGGTCTAATTC-1
GRCh38,AGACGTTGTCGCGTAA-1
GRCh38,AGACTCATCCTCCATG-1
GRCh38,AGACTGCTCACTGTCT-1
GRCh38,AGACTGCTCCATCGGG-1
GRCh38,AGACTTGTCGTCTCCA-1
GRCh38,AGACTTTAGGGAGCGT-1
GRCh38,AGAGAACTCATCTCCG-1
GRCh38,AGAGAATGTACCTCCG-1
GRCh38,AGAGAATGTATGTTCT-1
GRCh38,AGAGAATGTCCTATTG-1
GRCh38,AGAGAGAAGCCATGGT-1
GRCh38,AGAGAGAAGCCGTTAA-1
GRCh38,AGAGATGGTATTCTGT-1
GRCh38,AGAGATGGTCAATTTC-1
GRCh38,AGAGATGGTCAGCTTC-1
GRCh38,AGAGGAAAGAGTTTAC-1
GRCh38,AGAGGAAAGGCTTGTA-1
GRCh38,AGAGGAAAGGGGAGCT-1
GRCh38,AGAGGAAAGGTCATCA-1
GRCh38,AGAGGCGGTATGAGTC-1
GRCh38,AGAGGCGGTCCAGCCC-1
GRCh38,AGAGGCGGTGGTGTAT-1
GRCh38,AGAGGGACAAGTGCCC-1
GRCh38,AGAGGGACACGAAGTA-1
GRCh38,AGAGGGACAGCGTAGG-1
GRCh38,AGAGGGACAGTTAGTC-1
GRCh38,AGAGGTAGTGCAGTCA-1
GRCh38,AGAGTAATCACGCAAC-1
GRCh38,AGAGTAATCCTCGCAC-1
GRCh38,AGAGTAATCGTGCATA-1
GRCh38,AGAGTAGGTCGTGGTA-1
GRCh38,AGAGTTAAGATAAGCA-1
GRCh38,AGAGTTAAGGGTAGCA-1
GRCh38,AGCAAATCAGTTACCG-1
GRCh38,AGCAACGAGAGCATGG-1
GRCh38,AGCAAGCCAACACAAG-1
GRCh38,AGCAAGCCAAGCTGCC-1
GRCh38,AGCAAGTAGACCCCAG-1
GRCh38,AGCAAGTAGATCGCGT-1
GRCh38,AGCAATCGTAGCGGGA-1
GRCh38,AGCAATTTCATCAGCA-1
GRCh38,AGCAATTTCCATCGGG-1
GRCh38,AGCAATTTCGCTTCTG-1
GRCh38,AGCACAACAAGGCCGA-1
GRCh38,AGCACAACAGCACGGA-1
GRCh38,AGCACGTTCATCGACA-1
GRCh38,AGCACTATCATGAGTT-1
GRCh38,AGCAGATAGATCGTTG-1
GRCh38,AGCAGATAGCAAACCC-1
GRCh38,AGCAGATAGGCTAACC-1
GRCh38,AGCAGCAAGCCCAGCA-1
GRCh38,AGCAGGGGTAATGTGC-1
GRCh38,AGCAGGGGTCTACTGC-1
GRCh38,AGCAGTACAAAGTGCA-1
GRCh38,AGCAGTACAACGAAGC-1
GRCh38,AGCAGTTGTCGCTCTG-1
GRCh38,AGCAGTTGTCTTATGT-1
GRCh38,AGCATAGCAGTGATAG-1
GRCh38,AGCATCATCCTCCTTC-1
GRCh38,AGCATCGGTACGCAAT-1
GRCh38,AGCATCGGTGTGTCCT-1
GRCh38,AGCATGGAGACCCTTT-1
GRCh38,AGCATGGAGGGGCATA-1
GRCh38,AGCATGGAGGTAGGAT-1
GRCh38,AGCATTCCAACTGTCG-1
GRCh38,AGCATTGTCGCTATAG-1
GRCh38,AGCATTTAGAACATAG-1
GRCh38,AGCCAACTCAAAGTTC-1
GRCh38,AGCCAACTCAAGCCGT-1
GRCh38,AGCCAGCGTAGAGTAG-1
GRCh38,AGCCAGCGTCCTCTGG-1
GRCh38,AGCCAGCGTGCTCCTG-1
GRCh38,AGCCAGCGTGTAAGTC-1
GRCh38,AGCCATATCCTGTATC-1
GRCh38,AGCCATTCACAAGTCT-1
GRCh38,AGCCATTCACCAACGC-1
GRCh38,AGCCCATAGAGTCCAC-1
GRCh38,AGCCCCAAGGTCCTCC-1
GRCh38,AGCCCCTTCAACTATA-1
GRCh38,AGCCCCTTCAGCAATT-1
GRCh38,AGCCCCTTCGTGCTAA-1
GRCh38,AGCCCTCTCACCTTCG-1
GRCh38,AGCCCTCTCCTCCAGC-1
GRCh38,AGCCCTCTCGCTAAAT-1
GRCh38,AGCCCTCTCGGTGGTT-1
GRCh38,AGCCGAAAGCATCTTC-1
GRCh38,AGCCGAAAGCCAATAT-1
GRCh38,AGCCGAAAGGCAAGCA-1
GRCh38,AGCCGAGCACAATGCT-1
GRCh38,AGCCGCATCGCAGTGT-1
GRCh38,AGCCGTCCAAGTATCC-1
GRCh38,AGCCGTCCAATTGACC-1
GRCh38,AGCCGTCCAGGTAAAT-1
GRCh38,AGCCGTCCAGGTCATT-1
GRCh38,AGCCGTGTCCACAACA-1
GRCh38,AGCCGTTAGGCTAGAG-1
GRCh38,AGCCTCCTCGTATGCA-1
GRCh38,AGCCTCTGTGGACTGC-1
GRCh38,AGCCTGTAGATCTCGA-1
GRCh38,AGCCTGTAGCTACATG-1
GRCh38,AGCCTGTAGCTATGTG-1
GRCh38,AGCCTGTAGCTGATTG-1
GRCh38,AGCCTTCGTATTGGTA-1
GRCh38,AGCCTTCGTGCGCCTC-1
GRCh38,AGCGAACCAAATCACC-1
GRCh38,AGCGAACCACGCGTTA-1
GRCh38,AGCGACAAGAGCAACG-1
GRCh38,AGCGACAAGCCTGTAA-1
GRCh38,AGCGACAAGCGTCATA-1
GRCh38,AGCGACAAGCTCGTTT-1
GRCh38,AGCGAGTCAGCGTCTA-1
GRCh38,AGCGAGTCAGTTGGTT-1
GRCh38,AGCGATACAAGTCCGC-1
GRCh38,AGCGATACACATCATA-1
GRCh38,AGCGATACAGTGGCGA-1
GRCh38,AGCGATACAGTTGAAG-1
GRCh38,AGCGATGAGCAATGGG-1
GRCh38,AGCGCAGCAAGCTTAC-1
GRCh38,AGCGCAGCACCGCAGT-1
GRCh38,AGCGCATTCAATTATG-1
GRCh38,AGCGCCATCGCGAAAG-1
GRCh38,AGCGCGACACATCGGC-1
GRCh38,AGCGCGACACTACGCA-1
GRCh38,AGCGCGACACTATCCC-1
GRCh38,AGCGCGTGTCGAAGGG-1
GRCh38,AGCGCTCCAATACACC-1
GRCh38,AGCGGACAGACAATTC-1
GRCh38,AGCGGACAGCGTAGAG-1
GRCh38,AGCGGACAGGGGGCAT-1
GRCh38,AGCGGAGGTAGCGTCA-1
GRCh38,AGCGGAGGTCTGTCCG-1
GRCh38,AGCGGAGGTGGTAAAG-1
GRCh38,AGCGGCACAGCCAAGG-1
GRCh38,AGCGGGAGTACATTAG-1
GRCh38,AGCGGGAGTACCCTTA-1
GRCh38,AGCGGGAGTAGAGGTA-1
GRCh38,AGCGGGAGTCAAGGTT-1
GRCh38,AGCGGGTAGGTATGTT-1
GRCh38,AGCGGTAAGGCTCAGT-1
GRCh38,AGCGGTCGTAGGCTCA-1
GRCh38,AGCGGTTTCCTCCAAT-1
GRCh38,AGCGTACTCCATCACT-1
GRCh38,AGCGTACTCCTTATCA-1
GRCh38,AGCGTAGAGATCGTTG-1
GRCh38,AGCGTAGAGCAAGACG-1
GRCh38,AGCGTAGAGCTGATTG-1
GRCh38,AGCGTAGAGGTGGGTA-1
GRCh38,AGCGTATGTGGTCTCT-1
GRCh38,AGCGTCAGTATGAAGG-1
GRCh38,AGCGTCCCACCCAAAT-1
GRCh38,AGCGTCCCACGACCTA-1
GRCh38,AGCGTCCCAGGAAGGA-1
GRCh38,AGCGTGTTCACTCACT-1
GRCh38,AGCGTGTTCCTCCACA-1
GRCh38,AGCGTTGGTCCGTCGC-1
GRCh38,AGCGTTGGTCGTGTCT-1
GRCh38,AGCGTTTCAGTTAGTC-1
GRCh38,AGCTAATTCAAGCAAA-1
GRCh38,AGCTATCCAAACGAGC-1
GRCh38,AGCTATCCACCTTACC-1
GRCh38,AGCTATCCAGTGAAAT-1
GRCh38,AGCTATCCAGTTAATT-1
GRCh38,AGCTGAACAGGGTCTC-1
GRCh38,AGCTGATGTCGTCTGT-1
GRCh38,AGCTGGCGTAAGCGTT-1
GRCh38,AGCTGGCGTACGTTCC-1
GRCh38,AGCTTATAGATCTTCC-1
GRCh38,AGCTTATAGCGTGGTT-1
GRCh38,AGCTTATAGGTGCGTT-1
GRCh38,AGCTTCCGTCGTATAA-1
GRCh38,AGCTTCGCAACATAGG-1
GRCh38,AGCTTCGCAGGAAGGA-1
GRCh38,AGCTTGCAGAGGATTA-1
GRCh38,AGCTTGCAGAGTCGTC-1
GRCh38,AGCTTGCAGCGCATCG-1
GRCh38,AGCTTTGAGCAAGCTC-1
GRCh38,AGCTTTGAGGTGCCAT-1
GRCh38,AGGAAACTCCAAGCTA-1
GRCh38,AGGAATGGTAACGAGA-1
GRCh38,AGGAATTCACAGTTCG-1
GRCh38,AGGAATTCACTAGCAT-1
GRCh38,AGGACATAGAACTTCG-1
GRCh38,AGGACATAGATGAGGT-1
GRCh38,AGGACATAGCGCTTGG-1
GRCh38,AGGACCAAGCTAAACT-1
GRCh38,AGGACCGCAATATTCG-1
GRCh38,AGGACCGCACATATGC-1
GRCh38,AGGACCGCACCTACGA-1
GRCh38,AGGACCGCAGGGCTCT-1
GRCh38,AGGACGCAGAATTGTC-1
GRCh38,AGGACGCAGAGGCTGA-1
GRCh38,AGGACGCAGCGGTTAC-1
GRCh38,AGGACGGGTCTGACTC-1
GRCh38,AGGACTACAGGACAAC-1
GRCh38,AGGACTCTCCCTTAGT-1
GRCh38,AGGACTCTCGCGATGT-1
GRCh38,AGGACTTGTACGGTCA-1
GRCh38,AGGAGCCAGCCTTAAG-1
GRCh38,AGGAGGACAACCATAC-1
GRCh38,AGGAGGACACGCTTTC-1
GRCh38,AGGAGGTGTCTCCTGG-1
GRCh38,AGGAGGTGTGGATTGT-1
GRCh38,AGGAGTAGTAAGCCAT-1
GRCh38,AGGAGTTAGAACGGGC-1
GRCh38,AGGAGTTAGAGTTAGA-1
GRCh38,AGGAGTTAGCTGCACG-1
GRCh38,AGGATAGGTACTTCAT-1
GRCh38,AGGATAGGTCTAGCAG-1
GRCh38,AGGATATCAAGTACAG-1
GRCh38,AGGATCACACTGCTCT-1
GRCh38,AGGATCACAGTCGGAG-1
GRCh38,AGGATTAAGAGAGGAA-1
GRCh38,AGGATTAAGGGACATG-1
GRCh38,AGGATTAAGGGCTAGA-1
GRCh38,AGGATTAAGGTGATTT-1
GRCh38,AGGCACTTCGTCGCTC-1
GRCh38,AGGCAGCAGAAAGGAG-1
GRCh38,AGGCATTGTGGCCTGG-1
GRCh38,AGGCCAAAGCTCGTAA-1
GRCh38,AGGCCATTCAAGGGGC-1
GRCh38,AGGCCATTCCAACGTA-1
GRCh38,AGGCCCATCAAATCCG-1
GRCh38,AGGCCCATCCTAACTC-1
GRCh38,AGGCCCATCGGCTGCA-1
GRCh38,AGGCCCGGTCCGTTTA-1
GRCh38,AGGCCGACACCTCATC-1
GRCh38,AGGCCGACAGGACCTC-1
GRCh38,AGGCCGTGTACTAATG-1
GRCh38,AGGCCGTGTCAATGTA-1
GRCh38,AGGCGACAGATATTGC-1
GRCh38,AGGCGACAGGTCCATA-1
GRCh38,AGGCGCTGTCCGATAG-1
GRCh38,AGGCGCTGTCGACTCT-1
GRCh38,AGGCGGAGTAAGCAAG-1
GRCh38,AGGCGGAGTACGCTTC-1
GRCh38,AGGCGTAAGCCTAATG-1
GRCh38,AGGCTCAGTCTATAAG-1
GRCh38,AGGCTCCCAAGCACAA-1
GRCh38,AGGCTCCCAATACACC-1
GRCh38,AGGCTCCCACCGACTA-1
GRCh38,AGGCTCGTCGCTCCTA-1
GRCh38,AGGCTGAAGACGTGTC-1
GRCh38,AGGCTGTTCATGGGCT-1
GRCh38,AGGCTTATCAACGCTA-1
GRCh38,AGGCTTGGTAATGTTG-1
GRCh38,AGGCTTGGTAGGACCC-1
GRCh38,AGGCTTGGTCAGTTAA-1
GRCh38,AGGCTTGGTCTGTATT-1
GRCh38,AGGCTTGGTGCTCCTG-1
GRCh38,AGGGACATCAACTATA-1
GRCh38,AGGGACATCCTGATTC-1
GRCh38,AGGGACATCGGATCAC-1
GRCh38,AGGGACTCAACAATGG-1
GRCh38,AGGGACTCACCGTACA-1
GRCh38,AGGGACTCAGCGTCTA-1
GRCh38,AGGGAGTGTAGTAAGG-1
GRCh38,AGGGAGTGTCTCGAAG-1
GRCh38,AGGGATTAGCCTTGCC-1
GRCh38,AGGGATTAGGTATATC-1
GRCh38,AGGGCAATCAAACCGC-1
GRCh38,AGGGCAATCAGTATGT-1
GRCh38,AGGGCAATCGTGCGCA-1
GRCh38,AGGGCATCAATCTTAG-1
GRCh38,AGGGCGTAGAATGCGG-1
GRCh38,AGGGCGTAGATGTAGA-1
GRCh38,AGGGCGTAGGGTAGGC-1
GRCh38,AGGGCTTTCAACCATG-1
GRCh38,AGGGCTTTCGCTGTGG-1
GRCh38,AGGGGAACAGGAATCA-1
GRCh38,AGGGGAACAGTTGAAG-1
GRCh38,AGGGGATGTCTACTGC-1
GRCh38,AGGGGATGTCTGGAAT-1
GRCh38,AGGGGCTAGAAGGTTA-1
GRCh38,AGGGGCTAGACCCACG-1
GRCh38,AGGGGCTAGCTAGATT-1
GRCh38,AGGGGTCAGCCCAACG-1
GRCh38,AGGGGTCAGCTAGGAG-1
GRCh38,AGGGGTCAGGTCACGT-1
GRCh38,AGGGTAAGTACGCATG-1
GRCh38,AGGGTAAGTATGTCTT-1
GRCh38,AGGGTAAGTGCGGGTT-1
GRCh38,AGGGTATAGGCACCCA-1
GRCh38,AGGGTCGCAAATGCGA-1
GRCh38,AGGGTCGCAAGTCTCG-1
GRCh38,AGGGTCGCACTATAGC-1
GRCh38,AGGGTGCAGGGCGGAT-1
GRCh38,AGGGTTCTCAATTCGG-1
GRCh38,AGGGTTCTCATGCGGT-1
GRCh38,AGGGTTCTCGTACTTC-1
GRCh38,AGGGTTCTCGTGCTCC-1
GRCh38,AGGTAAATCAGCGCAT-1
GRCh38,AGGTAAATCGCCTTGC-1
GRCh38,AGGTAACAGAAGTGTA-1
GRCh38,AGGTAAGGTGTCCCGC-1
GRCh38,AGGTAATCAGTGTAAG-1
GRCh38,AGGTACGAGATATGAG-1
GRCh38,AGGTATAAGAAGGCGC-1
GRCh38,AGGTATAAGACCCGTG-1
GRCh38,AGGTATAAGAGGCGTA-1
GRCh38,AGGTATAAGGTAGTTT-1
GRCh38,AGGTATCGTCATGCAG-1
GRCh38,AGGTATCGTCTAGGTG-1
GRCh38,AGGTATCGTGGTACTG-1
GRCh38,AGGTGATAGCCTGGTG-1
GRCh38,AGGTTAAAGAACCCAC-1
GRCh38,AGGTTAAAGATATACC-1
GRCh38,AGGTTAAAGGCGCATT-1
GRCh38,AGGTTAGCACCATAAC-1
GRCh38,AGGTTCATCGTAGTGC-1
GRCh38,AGGTTCTCAACGGTCC-1
GRCh38,AGGTTCTCAATCTCTT-1
GRCh38,AGGTTGTGTAGCAGTT-1
GRCh38,AGGTTGTGTCCAGTGA-1
GRCh38,AGGTTTAGTATCCCCG-1
GRCh38,AGGTTTAGTGGTCTAG-1
GRCh38,AGGTTTAGTGGTTGTG-1
GRCh38,AGTAAACCAACTGCCA-1
GRCh38,AGTAAAGTCCCCAGCT-1
GRCh38,AGTAACGCAACATAGG-1
GRCh38,AGTAACGCAAGTGTTC-1
GRCh38,AGTAAGGGTGGTAGGG-1
GRCh38,AGTAATGAGAACGTAA-1
GRCh38,AGTAATGAGAGAGGAA-1
GRCh38,AGTAATGAGATTCACG-1
GRCh38,AGTAATGAGCGCCCAA-1
GRCh38,AGTACAGCACCCTTAC-1
GRCh38,AGTACGACACCCAAAT-1
GRCh38,AGTACGCTCAGAAGTA-1
GRCh38,AGTACGCTCGTATGTG-1
GRCh38,AGTACGTGTATTGTCT-1
GRCh38,AGTACTCCAATTATCG-1
GRCh38,AGTACTGTCAAGCATT-1
GRCh38,AGTACTGTCCCTCTAG-1
GRCh38,AGTACTGTCCTCCGAC-1
GRCh38,AGTATAACAAAGGGGA-1
GRCh38,AGTATAACAATCACGT-1
GRCh38,AGTATAACACTTAGTA-1
GRCh38,AGTATCCCAAGTATAA-1
GRCh38,AGTATCCCACGAGCGA-1
GRCh38,AGTATGCGTAGCATCG-1
GRCh38,AGTATGTTCAGGGTTC-1
GRCh38,AGTATGTTCCTGGCTC-1
GRCh38,AGTATTATCAATGCGC-1
GRCh38,AGTATTATCCAAGACC-1
GRCh38,AGTATTATCCAATTAA-1
GRCh38,AGTATTCAGAACCCCG-1
GRCh38,AGTATTCAGACGACGA-1
GRCh38,AGTATTGGTGGGCAAG-1
GRCh38,AGTCAGCTCAATTGGT-1
GRCh38,AGTCAGGAGAACAGGT-1
GRCh38,AGTCAGGAGAAGTGTA-1
GRCh38,AGTCAGGAGACTCAGC-1
GRCh38,AGTCAGTGTAATCGCG-1
GRCh38,AGTCCAGGTGCTGGGT-1
GRCh38,AGTCCATCAGTTACCG-1
GRCh38,AGTCCCGAGCGTTGCG-1
GRCh38,AGTCCCGAGGTGTATT-1
GRCh38,AGTCCGAGTCGGTTTC-1
GRCh38,AGTCCGAGTGGTAGGG-1
GRCh38,AGTCCGCCAAAATGAC-1
GRCh38,AGTCCGCCAAACGGGT-1
GRCh38,AGTCCGCCAGCACCTA-1
GRCh38,AGTCCGGTCAAATCTA-1
GRCh38,AGTCCGGTCAGCATAT-1
GRCh38,AGTCCGGTCCTACAAG-1
GRCh38,AGTCCGGTCCTCCGAC-1
GRCh38,AGTCCTTTCACGCTCC-1
GRCh38,AGTCCTTTCGGCTATA-1
GRCh38,AGTCGAACAAAACGAT-1
GRCh38,AGTCGAACAATATCTG-1
GRCh38,AGTCGAACACGCACGT-1
GRCh38,AGTCGAACAGTAGCCC-1
GRCh38,AGTCGCAGTCACTTTG-1
GRCh38,AGTCGCCCAAAGGGAG-1
GRCh38,AGTCGCCCAGCACCTA-1
GRCh38,AGTCGCCCAGCTTCGA-1
GRCh38,AGTCGCGTCACTCGTT-1
GRCh38,AGTCGGCGTATATGGC-1
GRCh38,AGTCGGCGTATGGAGA-1
GRCh38,AGTCGGGCAATGGCCC-1
GRCh38,AGTCGGGCACACAGAA-1
GRCh38,AGTCGGGCAGTGAGCG-1
GRCh38,AGTCGTCAGAGGTTAA-1
GRCh38,AGTCTCCGTATGGGTT-1
GRCh38,AGTCTCGCAGCCCAAC-1
GRCh38,AGTCTGGGTAGGAGTA-1
GRCh38,AGTCTGGGTCGATTCC-1
GRCh38,AGTCTGGGTGCGTTAG-1
GRCh38,AGTCTTACAAACCGAA-1
GRCh38,AGTCTTACACCTAGGC-1
GRCh38,AGTCTTGAGAGCGGTA-1
GRCh38,AGTGAAATCCTGCTAT-1
GRCh38,AGTGAAATCGTATTCC-1
GRCh38,AGTGAGAGTCGTTCCG-1
GRCh38,AGTGATCGTAACGCTG-1
GRCh38,AGTGATCGTAGGCGCT-1
GRCh38,AGTGATCGTAGTGATC-1
GRCh38,AGTGCAACAACATACC-1
GRCh38,AGTGCAACAATCATGC-1
GRCh38,AGTGCAACACATTAGC-1
GRCh38,AGTGCAACACTCGACA-1
GRCh38,AGTGCAGAGGGACTGA-1
GRCh38,AGTGCCCCAGGTACAA-1
GRCh38,AGTGCGAAGAAGCCAG-1
GRCh38,AGTGCGAAGCTAGCCG-1
GRCh38,AGTGCGCGTACCCCTG-1
GRCh38,AGTGCTATCACTACCT-1
GRCh38,AGTGGCAAGATTAAGG-1
GRCh38,AGTGGCAAGGGAGAGG-1
GRCh38,AGTGGCGCAACCTCTC-1
GRCh38,AGTGGCGCAAGTCGGG-1
GRCh38,AGTGGCGCACTCCATC-1
GRCh38,AGTGGCGCACTCTAGG-1
GRCh38,AGTGGCTTCCCGTAAA-1
GRCh38,AGTGGGCAGGCTTGAC-1
GRCh38,AGTGGGTCAACTGGGG-1
GRCh38,AGTGGGTCAATACGTC-1
GRCh38,AGTGGTCTCATTAATG-1
GRCh38,AGTGTACGTGGGGTCT-1
GRCh38,AGTGTCGGTCTTAGTT-1
GRCh38,AGTGTCGGTGTTACCC-1
GRCh38,AGTGTCTCAAGTGTTC-1
GRCh38,AGTGTCTCACCCTTCG-1
GRCh38,AGTGTCTCACTTAGTA-1
GRCh38,AGTGTGTGTCAGCAAT-1
GRCh38,AGTGTGTGTCTCCGCA-1
GRCh38,AGTGTTAGTGGATTGT-1
GRCh38,AGTGTTCCAAATTCGC-1
GRCh38,AGTGTTCCACCAGGGA-1
GRCh38,AGTTAAGAGACGTCCG-1
GRCh38,AGTTAAGAGAGCCTGT-1
GRCh38,AGTTAAGAGCAATGCC-1
GRCh38,AGTTAGAAGCGTTGCG-1
GRCh38,AGTTAGGCAAGAATAC-1
GRCh38,AGTTAGGCAATGCAGA-1
GRCh38,AGTTAGGCACGTCGGT-1
GRCh38,AGTTAGTTCACGCTCC-1
GRCh38,AGTTAGTTCCCTTTAA-1
GRCh38,AGTTATATCGTACAAT-1
GRCh38,AGTTGAAAGCTGTAGC-1
GRCh38,AGTTGAAAGGTGCCCA-1
GRCh38,AGTTGAGCAAAGTAAC-1
GRCh38,AGTTGAGCAACCTAAC-1
GRCh38,AGTTGAGCAACTCGCA-1
GRCh38,AGTTGAGCACAACGGG-1
GRCh38,AGTTGAGCACCTCACT-1
GRCh38,AGTTGAGCACGCACTA-1
GRCh38,AGTTGCCAGAAATCAG-1
GRCh38,AGTTGCCAGACATCAT-1
GRCh38,AGTTGGCTCCCAGAAC-1
GRCh38,AGTTGGGAGCCTCATT-1
GRCh38,AGTTGTGTCAAATCCG-1
GRCh38,AGTTTAGGTGCGTATG-1
GRCh38,AGTTTAGGTGTCGTAG-1
GRCh38,AGTTTCCTCCAACCTT-1
GRCh38,AGTTTCGAGCAGTATT-1
GRCh38,AGTTTCGAGCTCAGCG-1
GRCh38,ATAACACTCCTAATGG-1
GRCh38,ATAACACTCGGCTAAC-1
GRCh38,ATAACAGAGAGGTAAC-1
GRCh38,ATAACCCCAGTGAAGC-1
GRCh38,ATAACTATCCACCTCA-1
GRCh38,ATAACTATCCCAAAGC-1
GRCh38,ATAACTATCGGGCTAT-1
GRCh38,ATAACTTCAACGTTCG-1
GRCh38,ATAACTTCAGCTAATC-1
GRCh38,ATAAGACCAGTGTAAG-1
GRCh38,ATAAGCAAGACGAGGC-1
GRCh38,ATAAGCAAGCGCATTA-1
GRCh38,ATAAGCAAGCTAAGCC-1
GRCh38,ATAAGCCGTGCAAGCC-1
GRCh38,ATAAGGGGTATTCGGG-1
GRCh38,ATAAGGGGTCAAGGTT-1
GRCh38,ATAAGGGGTGTTGGAT-1
GRCh38,ATAAGGTCAGCTTTAA-1
GRCh38,ATAAGTACAACGCAGG-1
GRCh38,ATAAGTACAGGCAATA-1
GRCh38,ATAAGTCTCAACGCTA-1
GRCh38,ATAAGTCTCCCAGCTC-1
GRCh38,ATAAGTGAGACGGAGC-1
GRCh38,ATAAGTGAGACGGGTA-1
GRCh38,ATAAGTGAGCAATTGT-1
GRCh38,ATAATCATCAGAGAAC-1
GRCh38,ATAATCATCCGGCAAT-1
GRCh38,ATAATCATCCTGTATC-1
GRCh38,ATAATCCAGAAATTGG-1
GRCh38,ATAATCCAGCCATGCG-1
GRCh38,ATAATCGGTAGGCCCG-1
GRCh38,ATAATGCTCCATGCTT-1
GRCh38,ATAATGCTCCCGGTTC-1
GRCh38,ATAATGCTCCGCCGTT-1
GRCh38,ATAATGCTCGCATAAT-1
GRCh38,ATAATGCTCGGTCGCA-1
GRCh38,ATAATGCTCGTCAATG-1
GRCh38,ATAATGCTCGTCCTGC-1
GRCh38,ATAATTGTCAAAGGTA-1
GRCh38,ATACAACTCAGTTGCA-1
GRCh38,ATACAAGAGACAACCC-1
GRCh38,ATACAAGAGCTGATTG-1
GRCh38,ATACACCCAAGTAACG-1
GRCh38,ATACACCCACACCGTA-1
GRCh38,ATACAGAAGACATGCC-1
GRCh38,ATACAGAAGACCCGAT-1
GRCh38,ATACAGAAGCTCATAG-1
GRCh38,ATACAGAAGCTCGTGG-1
GRCh38,ATACAGCGTACCACCT-1
GRCh38,ATACAGCGTCGCTTCG-1
GRCh38,ATACCATAGCCATCGG-1
GRCh38,ATACCATAGCGCTCGA-1
GRCh38,ATACCATAGGTGGGTA-1
GRCh38,ATACCCAAGACAAGCG-1
GRCh38,ATACCCAAGCTAGTAT-1
GRCh38,ATACCCCGTGGTTTAA-1
GRCh38,ATACCCGCACCGTTAG-1
GRCh38,ATACCTCTCGGAGTCT-1
GRCh38,ATACGAAAGCGATGAG-1
GRCh38,ATACGCTCACGGTCGT-1
GRCh38,ATACGCTCAGTTCAGT-1
GRCh38,ATACGGACAGTAACCT-1
GRCh38,ATACGGGAGCCCAAGT-1
GRCh38,ATACGGGAGCCTAGCG-1
GRCh38,ATACGGTGTAGTGTGT-1
GRCh38,ATACGGTGTCTATCCA-1
GRCh38,ATACGGTGTGGAGCTC-1
GRCh38,ATACGTCCACCAGGCT-1
GRCh38,ATACTAATCAAAGCAA-1
GRCh38,ATACTAATCGCCATGG-1
GRCh38,ATACTAATCGCCCGTT-1
GRCh38,ATACTAGGTACCCTTA-1
GRCh38,ATACTCCTCGTATGCA-1
GRCh38,ATACTTCGTCCCTCTC-1
GRCh38,ATACTTCGTGGCGCTG-1
GRCh38,ATAGCAGCAATTCGAC-1
GRCh38,ATAGCAGCACGCAGCT-1
GRCh38,ATAGCATTCAATTATG-1
GRCh38,ATAGCATTCCAGCTCC-1
GRCh38,ATAGCCTCAGGGCTTC-1
GRCh38,ATAGCCTCAGGTTCAT-1
GRCh38,ATAGCGACACGGCAAG-1
GRCh38,ATAGCGCTCCAATATA-1
GRCh38,ATAGCGCTCGTATCTC-1
GRCh38,ATAGCGGAGAGCGGAC-1
GRCh38,ATAGCGTGTCCGTCCA-1
GRCh38,ATAGGAGGTGGACTAT-1
GRCh38,ATAGGCACAATCGGGG-1
GRCh38,ATAGGCACACGAAGTA-1
GRCh38,ATAGGCACACGCAGTC-1
GRCh38,ATAGGCACACTCACTC-1
GRCh38,ATAGGCGAGATCGCGT-1
GRCh38,ATAGGCTGTACTTAAG-1
GRCh38,ATAGGCTGTAGGACTT-1
GRCh38,ATAGGCTGTCTTATAC-1
GRCh38,ATAGGGAGTAAGTCCG-1
GRCh38,ATAGGGAGTACGCAAT-1
GRCh38,ATAGGGAGTCACATGG-1
GRCh38,ATAGGGAGTCACCCAT-1
GRCh38,ATAGGGCCAGCGACGA-1
GRCh38,ATAGGGGTCAAGCACC-1
GRCh38,ATAGGGGTCCAAGTGC-1
GRCh38,ATAGGGTAGCTACACA-1
GRCh38,ATAGTACTCGGGTTCG-1
GRCh38,ATAGTAGAGCGGCATT-1
GRCh38,ATAGTAGAGGGGATTG-1
GRCh38,ATAGTGAAGACAGCAG-1
GRCh38,ATAGTGAAGCGCCTAG-1
GRCh38,ATAGTGAAGGGTATCC-1
GRCh38,ATAGTGAAGGTAGACG-1
GRCh38,ATAGTGCGTCGTTAGG-1
GRCh38,ATAGTGTTCACAACAT-1
GRCh38,ATAGTGTTCATAACGT-1
GRCh38,ATAGTGTTCGGGCAAA-1
GRCh38,ATATACCAGCATGTCA-1
GRCh38,ATATCACAGGTCCTCC-1
GRCh38,ATATCATCAATGAATA-1
GRCh38,ATATCATCACCTTACC-1
GRCh38,ATATCCCTCAGTGCTA-1
GRCh38,ATATCCTGTCGTATAA-1
GRCh38,ATATCCTGTCTATCCA-1
GRCh38,ATATCCTGTGTATCCC-1
GRCh38,ATATCCTGTGTGTGAT-1
GRCh38,ATATCTGCACGAACGG-1
GRCh38,ATATGAGAGAGCGTAG-1
GRCh38,ATATGAGAGAGGAGTT-1
GRCh38,ATATGAGAGCCGTAGT-1
GRCh38,ATATGGCGTCCTTCGG-1
GRCh38,ATATGGCGTCGGATAT-1
GRCh38,ATATGTATCAGCCAAC-1
GRCh38,ATATGTATCCCTGCAC-1
GRCh38,ATATGTATCGTATCGA-1
GRCh38,ATATGTATCGTATGTG-1
GRCh38,ATATGTTCAAGGTTCT-1
GRCh38,ATATGTTCACGTAGCC-1
GRCh38,ATATTACCAAAGCTCT-1
GRCh38,ATATTACCAAATCCGT-1
GRCh38,ATATTACCAAGCGGCA-1
GRCh38,ATATTACCAATGGGAC-1
GRCh38,ATATTACCACTCCATC-1
GRCh38,ATATTAGTCCAACTTC-1
GRCh38,ATATTAGTCCACTTCG-1
GRCh38,ATATTCCGTCTATAAG-1
GRCh38,ATATTCCGTGGAGCCT-1
GRCh38,ATATTCGCACAGTCCA-1
GRCh38,ATATTGCAGCTTAAGT-1
GRCh38,ATATTGGGTATTCAGA-1
GRCh38,ATCAACCCAACGCACC-1
GRCh38,ATCAACCCACAGGTAA-1
GRCh38,ATCAAGGCAATGTGAG-1
GRCh38,ATCAATATCACGGCCA-1
GRCh38,ATCAATATCCAATGTG-1
GRCh38,ATCAATATCGCGCATG-1
GRCh38,ATCAATATCGGGTATC-1
GRCh38,ATCAATGGTATGCTGG-1
GRCh38,ATCACATAGAGCAAGT-1
GRCh38,ATCACGGGTATTGTAG-1
GRCh38,ATCACGTCAACAAGAT-1
GRCh38,ATCACGTCAATCCAAC-1
GRCh38,ATCACTACAAAGTACG-1
GRCh38,ATCACTACAATCGGCC-1
GRCh38,ATCAGAGCAACCCTCT-1
GRCh38,ATCAGAGCAATTGCTA-1
GRCh38,ATCAGAGCACTCTCCG-1
GRCh38,ATCAGCATCAGTGGTC-1
GRCh38,ATCAGCATCCCATATC-1
GRCh38,ATCAGCGGTCTCCTGG-1
GRCh38,ATCAGCTCACCCTAGA-1
GRCh38,ATCAGGACACCCAAAT-1
GRCh38,ATCAGGCTCAGGGACA-1
GRCh38,ATCAGGCTCCGGACAT-1
GRCh38,ATCAGGGAGACTCAGC-1
GRCh38,ATCAGGGAGCCTTTCG-1
GRCh38,ATCAGGTGTGTCCCGC-1
GRCh38,ATCAGTAGTCGATCAG-1
GRCh38,ATCATCACACCGGTTA-1
GRCh38,ATCATCACACTAGTCG-1
GRCh38,ATCATCACAGTAGCGG-1
GRCh38,ATCATCCTCATACCCT-1
GRCh38,ATCATCCTCATGGCAC-1
GRCh38,ATCATCGAGCAATATC-1
GRCh38,ATCATCTGTCGCTTCG-1
GRCh38,ATCATGCCAGTTCACG-1
GRCh38,ATCATTCGTAATGTGC-1
GRCh38,ATCATTCGTAGGATTC-1
GRCh38,ATCATTGCAGGAACCG-1
GRCh38,ATCCAACCACAAGTCT-1
GRCh38,ATCCAACCACCGGTTA-1
GRCh38,ATCCAACCAGCATTTA-1
GRCh38,ATCCAATAGGCGTGTT-1
GRCh38,ATCCACAAGCTATAAC-1
GRCh38,ATCCACAAGCTGCTAA-1
GRCh38,ATCCCAAAGACGACGA-1
GRCh38,ATCCCATTCACTTGTC-1
GRCh38,ATCCCATTCAGCCATA-1
GRCh38,ATCCCATTCCGTTCGC-1
GRCh38,ATCCCCATCACTCTCG-1
GRCh38,ATCCCCATCGTATGTG-1
GRCh38,ATCCCCGGTAGGGAGT-1
GRCh38,ATCCCGACAAATTGCC-1
GRCh38,ATCCCGACAACTATCA-1
GRCh38,ATCCCGCTCAGCACTA-1
GRCh38,ATCCGACAGATCTCGA-1
GRCh38,ATCCGACAGCCTTATC-1
GRCh38,ATCCGACAGCGCCACA-1
GRCh38,ATCCGAGGTAGACGTT-1
GRCh38,ATCCGAGGTCACGTAG-1
GRCh38,ATCCGCACAGGTTAGA-1
GRCh38,ATCCGCTGTAACGCAT-1
GRCh38,ATCCGCTGTGTAGAAG-1
GRCh38,ATCCGCTGTGTATAGC-1
GRCh38,ATCCGCTGTGTGGGCT-1
GRCh38,ATCCGCTGTGTGGTGC-1
GRCh38,ATCCGGAGTAGGCGCT-1
GRCh38,ATCCGGAGTCCAGTTC-1
GRCh38,ATCCGGAGTGCTCTTA-1
GRCh38,ATCCGTAAGACACCCG-1
GRCh38,ATCCGTAAGACGGAGC-1
GRCh38,ATCCGTAAGATATCAC-1
GRCh38,ATCCGTAAGGTTGATT-1
GRCh38,ATCCGTCGTATGCGGC-1
GRCh38,ATCCGTTTCAATTATG-1
GRCh38,ATCCGTTTCACGCCCT-1
GRCh38,ATCCTAACAAGCATTC-1
GRCh38,ATCCTAACAGGTTGGG-1
GRCh38,ATCCTACTCACATGTG-1
GRCh38,ATCCTACTCCAATGTG-1
GRCh38,ATCCTAGAGAGTATTC-1
GRCh38,ATCCTAGAGATTGGTT-1
GRCh38,ATCCTATGTCACCGGG-1
GRCh38,ATCCTGAAGACACCCG-1
GRCh38,ATCCTGAAGCAAGCTC-1
GRCh38,ATCCTGAAGCACCATA-1
GRCh38,ATCCTGCGTACGGTTG-1
GRCh38,ATCCTGCGTATATCAG-1
GRCh38,ATCCTGCGTCAATGCG-1
GRCh38,ATCCTTATCAGGACTC-1
GRCh38,ATCCTTATCATCAGGC-1
GRCh38,ATCCTTATCCCATGCC-1
GRCh38,ATCCTTATCCTCTGGC-1
GRCh38,ATCCTTATCGCGCATG-1
GRCh38,ATCGACATCCAGTATG-1
GRCh38,ATCGACATCGTTCATC-1
GRCh38,ATCGACCAGACCCAAC-1
GRCh38,ATCGACTCAAAACTAA-1
GRCh38,ATCGACTCAATAAGAC-1
GRCh38,ATCGACTCACACTAAC-1
GRCh38,ATCGAGACAACTATAT-1
GRCh38,ATCGAGACACGATTAC-1
GRCh38,ATCGAGACAGTATAGG-1
GRCh38,ATCGAGTGTGGCGCTG-1
GRCh38,ATCGATTAGACGAAGT-1
GRCh38,ATCGATTAGAGCAGAT-1
GRCh38,ATCGATTAGCGAAGCA-1
GRCh38,ATCGATTAGGTGCCCA-1
GRCh38,ATCGCAGGTAGCAATC-1
GRCh38,ATCGCAGGTCTCGCTG-1
GRCh38,ATCGCATCACATGGTT-1
GRCh38,ATCGCATCAGTGATAG-1
GRCh38,ATCGCCACACGGGGTA-1
GRCh38,ATCGCCCTCGGTACGT-1
GRCh38,ATCGCGAGTAAACGGA-1
GRCh38,ATCGCGAGTAAATCCA-1
GRCh38,ATCGCGAGTAGTGATC-1
GRCh38,ATCGCGAGTCCGGCCT-1
GRCh38,ATCGCGCCAACTAAGG-1
GRCh38,ATCGCGGTCAGTCGCG-1
GRCh38,ATCGCGGTCGCCTCTA-1
GRCh38,ATCGCTCGTACCTTTG-1
GRCh38,ATCGGAGAGACAGCGA-1
GRCh38,ATCGGAGAGATGGCGA-1
GRCh38,ATCGGAGAGGTAAGCG-1
GRCh38,ATCGGCCCACACTCTC-1
GRCh38,ATCGGCGTCCCGCATC-1
GRCh38,ATCGGCGTCCCTGATT-1
GRCh38,ATCGGCGTCCCTGCTA-1
GRCh38,ATCGGGCGTATGAGGA-1
GRCh38,ATCGGGCGTCCAGGGT-1
GRCh38,ATCGGGGCAATGCACT-1
GRCh38,ATCGGGGCACGCGAAG-1
GRCh38,ATCGGGGCAGGATGAC-1
GRCh38,ATCGGGGCAGTATGCT-1
GRCh38,ATCGGTCAGCCATATG-1
GRCh38,ATCGGTCAGGGGCTTT-1
GRCh38,ATCGTACCAATCGAAG-1
GRCh38,ATCGTACCAGCATCAT-1
GRCh38,ATCGTACCAGCGTCTA-1
GRCh38,ATCGTCGCAATCAGGA-1
GRCh38,ATCGTTGAGAAAGTGC-1
GRCh38,ATCTCACTCAAACCCA-1
GRCh38,ATCTCACTCAGACTCA-1
GRCh38,ATCTCACTCCCGGTTC-1
GRCh38,ATCTCACTCCTCAGCC-1
GRCh38,ATCTCACTCGGTTTAG-1
GRCh38,ATCTCATGTATCTTCG-1
GRCh38,ATCTCATGTGCCTTTA-1
GRCh38,ATCTCGAAGGGGTTTC-1
GRCh38,ATCTCGCGTAATCGCG-1
GRCh38,ATCTCGCGTAGTCCAG-1
GRCh38,ATCTCGCGTCCTAATT-1
GRCh38,ATCTCTATCCCATAAG-1
GRCh38,ATCTCTATCCCGTGTC-1
GRCh38,ATCTCTATCGTATCAG-1
GRCh38,ATCTCTGGTACGCGCG-1
GRCh38,ATCTCTGGTCTCGCTG-1
GRCh38,ATCTCTGGTCTTAGGG-1
GRCh38,ATCTCTTCAAATATCT-1
GRCh38,ATCTCTTCACGGGTCT-1
GRCh38,ATCTCTTCAGTGCGAG-1
GRCh38,ATCTGCCGTACCTCCG-1
GRCh38,ATCTGCCGTACTAAGC-1
GRCh38,ATCTGCCGTAGCGTGC-1
GRCh38,ATCTGCCGTATAGTCA-1
GRCh38,ATCTGCCGTGGCTGTA-1
GRCh38,ATCTGCCGTGTCGGCG-1
GRCh38,ATCTGCCGTGTGTGCA-1
GRCh38,ATCTGGGGTGCACTAG-1
GRCh38,ATCTGTTGTAGTACGT-1
GRCh38,ATCTTCATCACGATAT-1
GRCh38,ATCTTCGGTACTTATC-1
GRCh38,ATCTTCGGTATTATGG-1
GRCh38,ATCTTCGGTCAACGTG-1
GRCh38,ATCTTCGGTCGTTTCA-1
GRCh38,ATCTTCGGTGCTAGAT-1
GRCh38,ATCTTGGAGAAGGGTT-1
GRCh38,ATCTTGGAGCGTCTAA-1
GRCh38,ATCTTGTGTACTTCGC-1
GRCh38,ATCTTGTGTCTAGGTG-1
GRCh38,ATCTTGTGTGGGTTCA-1
GRCh38,ATGAAACCAGGGCAAT-1
GRCh38,ATGAAAGTCAGTTGCA-1
GRCh38,ATGAAGGGTCAATCGG-1
GRCh38,ATGAAGGGTCAGTTCC-1
GRCh38,ATGAATCTCACTTCCG-1
GRCh38,ATGAATCTCATGGAAA-1
GRCh38,ATGACAGCACGTAAAG-1
GRCh38,ATGACCTCAGGTCTAT-1
GRCh38,ATGACGACAAGGAATT-1
GRCh38,ATGACGACACTCCGAA-1
GRCh38,ATGACGGAGATACAGA-1
GRCh38,ATGACGGAGCCATAAT-1
GRCh38,ATGAGAGGTCTGATAA-1
GRCh38,ATGAGAGGTGTAAGGA-1
GRCh38,ATGAGGAGTCGAGGGA-1
GRCh38,ATGAGGTAGCTATTGG-1
GRCh38,ATGAGTAAGAACCCCG-1
GRCh38,ATGAGTAAGAATACGA-1
GRCh38,ATGAGTAAGACAGCCT-1
GRCh38,ATGAGTCGTGTAACGT-1
GRCh38,ATGAGTTTCGGATGTC-1
GRCh38,ATGATGAAGCGCATAC-1
GRCh38,ATGATGAAGCTTAGCA-1
GRCh38,ATGATGCGTCATCTCA-1
GRCh38,ATGATGCGTCTCCGCA-1
GRCh38,ATGATGCGTGGTGCCG-1
GRCh38,ATGATGTTCACGAACC-1
GRCh38,ATGATGTTCGGTCAAC-1
GRCh38,ATGATGTTCGTATAAC-1
GRCh38,ATGCAATTCATCTTCA-1
GRCh38,ATGCAATTCCGGTAAC-1
GRCh38,ATGCAATTCGCTCCTA-1
GRCh38,ATGCACTCACCATAAC-1
GRCh38,ATGCACTCAGCCAATT-1
GRCh38,ATGCAGACAAACCCAT-1
GRCh38,ATGCAGACAAATATTC-1
GRCh38,ATGCAGACAGGGCTTC-1
GRCh38,ATGCAGACAGTGATTC-1
GRCh38,ATGCAGCTCCACGAGT-1
GRCh38,ATGCAGTGTAAGGGTA-1
GRCh38,ATGCAGTGTCAAGGTT-1
GRCh38,ATGCAGTGTCCAGTTC-1
GRCh38,ATGCAGTGTGCATCAG-1
GRCh38,ATGCATCCACACAAGA-1
GRCh38,ATGCATCCACAGTGGG-1
GRCh38,ATGCATCCACGGGGTA-1
GRCh38,ATGCATTAGAGGGCGT-1
GRCh38,ATGCCAGGTAGTCGCA-1
GRCh38,ATGCCAGGTGCTTGGA-1
GRCh38,ATGCCAGGTGTATGTA-1
GRCh38,ATGCCAGGTGTTGGAT-1
GRCh38,ATGCCCACAACCCACA-1
GRCh38,ATGCCCACACTCATTT-1
GRCh38,ATGCCCACAGCGCTAC-1
GRCh38,ATGCCCGAGATCGTAT-1
GRCh38,ATGCCCGAGCGTTGAC-1
GRCh38,ATGCCGAGTACAGGCC-1
GRCh38,ATGCCGAGTGGAGTAA-1
GRCh38,ATGCCGCCACTATCTT-1
GRCh38,ATGCCTCGTCCATTCA-1
GRCh38,ATGCCTCGTCGACTCT-1
GRCh38,ATGCGAACAAGACGAC-1
GRCh38,ATGCGATGTCATCTTG-1
GRCh38,ATGCGATGTGCATCAG-1
GRCh38,ATGCGCAGTAAAGCCT-1
GRCh38,ATGCGCCCACAATCAC-1
GRCh38,ATGCGCCCAGGAAGGA-1
GRCh38,ATGCGGAAGGGTTCGT-1
GRCh38,ATGCGGAAGGTGGGTA-1
GRCh38,ATGCGGCGTCAGTAGT-1
GRCh38,ATGCGGGCAAGGATCA-1
GRCh38,ATGCGGGCACATCTCC-1
GRCh38,ATGCGGTTCAGTTAGT-1
GRCh38,ATGCGGTTCGTGCAGT-1
GRCh38,ATGCGTATCAAAGCCC-1
GRCh38,ATGCTACCAACACTCG-1
GRCh38,ATGCTACCAAGAATAC-1
GRCh38,ATGCTACCAAGTTACC-1
GRCh38,ATGCTACCAATAATTC-1
GRCh38,ATGCTCAAGAGAATCA-1
GRCh38,ATGCTCAAGCTTGTGA-1
GRCh38,ATGCTCAAGGGGGCAT-1
GRCh38,ATGCTCCGTAGTCTGG-1
GRCh38,ATGCTCCGTGCGCTGG-1
GRCh38,ATGCTCCGTGGTTGTG-1
GRCh38,ATGCTCCGTGTGGCCG-1
GRCh38,ATGCTGGGTGGCTCCC-1
GRCh38,ATGCTGGGTGTTAGTA-1
GRCh38,ATGCTTACAAACCGGG-1
GRCh38,ATGCTTCTCGTGCATA-1
GRCh38,ATGGAAATCATGAAAG-1
GRCh38,ATGGAAATCGTACGGT-1
GRCh38,ATGGACACAACAGCGG-1
GRCh38,ATGGACACAGGATAGC-1
GRCh38,ATGGACCTCCATTACC-1
GRCh38,ATGGAGAGTCGGGGTT-1
GRCh38,ATGGAGTAGATAGGGT-1
GRCh38,ATGGAGTAGCCAGGTT-1
GRCh38,ATGGCCAGTGGAAATG-1
GRCh38,ATGGCCCCAAAGGGGA-1
GRCh38,ATGGCCGTCGTAACTG-1
GRCh38,ATGGCGCGTACGTCAG-1
GRCh38,ATGGCGCGTCACGCCC-1
GRCh38,ATGGCGCGTGCGATGC-1
GRCh38,ATGGCGGCACCCAGTA-1
GRCh38,ATGGCGGCACTAGTCG-1
GRCh38,ATGGCGGCAGTATTAT-1
GRCh38,ATGGCGTTCCTCTAAC-1
GRCh38,ATGGGATAGACGTTAT-1
GRCh38,ATGGGATAGCTGTACA-1
GRCh38,ATGGGATAGGTCTAGC-1
GRCh38,ATGGGCCGTATCCCCG-1
GRCh38,ATGGGCGCAAGGGACT-1
GRCh38,ATGGGCTTCATGAGTT-1
GRCh38,ATGGGCTTCATTCTCA-1
GRCh38,ATGGGGCAGAACCCCG-1
GRCh38,ATGGGGCAGGGACGAC-1
GRCh38,ATGGGGTCAGGACAAC-1
GRCh38,ATGGGTCTCACTGTTC-1
GRCh38,ATGGGTGAGGTCCGAT-1
GRCh38,ATGGGTTGTATATCCT-1
GRCh38,ATGGGTTGTCCGCTTG-1
GRCh38,ATGGTAAAGAATTACC-1
GRCh38,ATGGTAAAGGTGGGTA-1
GRCh38,ATGGTAGCAAAATGAC-1
GRCh38,ATGGTAGCACATGAAG-1
GRCh38,ATGGTAGCAGCCTTAG-1
GRCh38,ATGGTCATCGCACGTG-1
GRCh38,ATGGTCTCAGGGTCTC-1
GRCh38,ATGGTGCTCCGATCAA-1
GRCh38,ATGGTGGAGCAAATTC-1
GRCh38,ATGGTTAGTGGCAAGG-1
GRCh38,ATGGTTGTCAGTATGT-1
GRCh38,ATGGTTGTCCACCCGT-1
GRCh38,ATGGTTGTCGTATGTG-1
GRCh38,ATGTAACTCCCCTATG-1
GRCh38,ATGTAACTCCTAGGGT-1
GRCh38,ATGTACAGTGCGTTAG-1
GRCh38,ATGTACAGTGGCTATG-1
GRCh38,ATGTAGAAGCAGGAGC-1
GRCh38,ATGTAGAAGCCAAGCT-1
GRCh38,ATGTATCAGAGTTAGA-1
GRCh38,ATGTATCAGGGCTAAG-1
GRCh38,ATGTATCAGGTTCGCG-1
GRCh38,ATGTATTCAACCCCAA-1
GRCh38,ATGTCAGTCATGGGCT-1
GRCh38,ATGTCCGCAAGAGAGG-1
GRCh38,ATGTCCTTCAATGGTT-1
GRCh38,ATGTCCTTCCTCTGGC-1
GRCh38,ATGTCGATCCAAGCTA-1
GRCh38,ATGTCGATCCCACACC-1
GRCh38,ATGTCGGGTGGCTTAG-1
GRCh38,ATGTCTTGTACGCTTC-1
GRCh38,ATGTCTTGTCAAGTTA-1
GRCh38,ATGTGAAAGCCACTAA-1
GRCh38,ATGTGAAAGCTACTGA-1
GRCh38,ATGTGAGCACAAGCCC-1
GRCh38,ATGTGAGCAGCTCAAT-1
GRCh38,ATGTGAGCAGTGTCGC-1
GRCh38,ATGTGCGGTCTTCAAT-1
GRCh38,ATGTGCGGTGCTTGGA-1
GRCh38,ATGTGTAGTAGGCCGT-1
GRCh38,ATGTGTCCACAATTAT-1
GRCh38,ATGTGTCCACCGTCAA-1
GRCh38,ATGTGTTAGGCTTCAA-1
GRCh38,ATGTTAATCGCAAACC-1
GRCh38,ATGTTAGGTAGGCTTG-1
GRCh38,ATGTTCGAGAACTAAG-1
GRCh38,ATGTTCGAGATGATGA-1
GRCh38,ATGTTCGAGGCATAGG-1
GRCh38,ATGTTCGAGGCTACCG-1
GRCh38,ATGTTCTGTAATGTTG-1
GRCh38,ATGTTGAGTAAGGTCT-1
GRCh38,ATGTTGAGTACTAAGC-1
GRCh38,ATGTTGAGTAGAGGCG-1
GRCh38,ATTAAAGCAAGTACTC-1
GRCh38,ATTAAAGCAATTCAGC-1
GRCh38,ATTAAAGCACTACTCC-1
GRCh38,ATTAACCAGAACGATA-1
GRCh38,ATTAACCAGCACCTAA-1
GRCh38,ATTAACCAGCATAGCC-1
GRCh38,ATTAACCAGCCTGCAG-1
GRCh38,ATTAACCAGGCCTGCA-1
GRCh38,ATTAACTCAATACACC-1
GRCh38,ATTAACTCAGGATTAG-1
GRCh38,ATTAAGACACCAGCTA-1
GRCh38,ATTAAGCTCATGGTTG-1
GRCh38,ATTAAGCTCATTAACA-1
GRCh38,ATTAAGCTCCAAAGCC-1
GRCh38,ATTAAGCTCCAGCTCC-1
GRCh38,ATTAAGCTCCGGAATC-1
GRCh38,ATTAAGCTCGTAATCG-1
GRCh38,ATTAAGGAGATATGAG-1
GRCh38,ATTAATCCACTACTAA-1
GRCh38,ATTAATGTCCTATGTC-1
GRCh38,ATTACACAGAGTTAAG-1
GRCh38,ATTACACAGCTCTAGA-1
GRCh38,ATTACACAGGCCCTGA-1
GRCh38,ATTACAGGTGCGTTAG-1
GRCh38,ATTACAGGTGGCGTGT-1
GRCh38,ATTACCACAACTGTCG-1
GRCh38,ATTACCACAAGCGCTC-1
GRCh38,ATTACCACAGGTTAGA-1
GRCh38,ATTACCGAGATCCAAT-1
GRCh38,ATTACCGAGCCTAGAC-1
GRCh38,ATTACCGAGGTGATTT-1
GRCh38,ATTACCTGTAGGAGTA-1
GRCh38,ATTACCTGTCCGTTGT-1
GRCh38,ATTACGCCAAGAGGTC-1
GRCh38,ATTACGCCAATAGTAA-1
GRCh38,ATTACTTTCAAACCCA-1
GRCh38,ATTACTTTCGTAGCGT-1
GRCh38,ATTATCCGTATTCGGG-1
GRCh38,ATTATCGCAATAGCAG-1
GRCh38,ATTATCTTCACTCGCC-1
GRCh38,ATTATGCAGACTGCCG-1
GRCh38,ATTATGGGTCGTCAGA-1
GRCh38,ATTCAACAGATATGAG-1
GRCh38,ATTCAACAGCAGGAGC-1
GRCh38,ATTCAACAGCGTATTG-1
GRCh38,ATTCAACAGCGTTCCC-1
GRCh38,ATTCACGAGACGAAGT-1
GRCh38,ATTCAGAGTCTTGTAT-1
GRCh38,ATTCAGCCAACTGGAA-1
GRCh38,ATTCAGCCACCAGTGC-1
GRCh38,ATTCAGCCACGTGCTA-1
GRCh38,ATTCAGCCAGTCCGTA-1
GRCh38,ATTCAGTAGACCCGAT-1
GRCh38,ATTCGACCAATCCGGC-1
GRCh38,ATTCGACCAATCGCGC-1
GRCh38,ATTCGACCACGTTATA-1
GRCh38,ATTCGCTTCCATGCCC-1
GRCh38,ATTCGGTCAAGTATCC-1
GRCh38,ATTCGGTCAGTGAAGC-1
GRCh38,ATTCGGTCAGTGGTAA-1
GRCh38,ATTCTAGCAGTATTCA-1
GRCh38,ATTCTCATCAGACAGG-1
GRCh38,ATTCTGTGTATGAGTC-1
GRCh38,ATTCTGTGTCACAGCA-1
GRCh38,ATTCTGTGTGCGAATT-1
GRCh38,ATTGACCCACTGACAT-1
GRCh38,ATTGAGAAGCGTTAGC-1
GRCh38,ATTGAGAAGGTATTGT-1
GRCh38,ATTGAGCGTCATACCC-1
GRCh38,ATTGCATAGCAGGGGT-1
GRCh38,ATTGCGGGTCTCGATC-1
GRCh38,ATTGCTACAAGGACTA-1
GRCh38,ATTGCTACACACTAAC-1
GRCh38,ATTGCTCTCGTATTGG-1
GRCh38,ATTGCTTGTCTGTGAG-1
GRCh38,ATTGGCATCACGCTAA-1
GRCh38,ATTGGGTGTCCCAAAG-1
GRCh38,ATTGGTAGTCCAAAGT-1
GRCh38,ATTGGTAGTCCTTTAG-1
GRCh38,ATTGTAGGTAAGGAAT-1
GRCh38,ATTGTAGGTGGAGTAA-1
GRCh38,ATTGTATCACATCGCA-1
GRCh38,ATTGTCCTCACAGCTA-1
GRCh38,ATTGTCCTCGTTAAGT-1
GRCh38,ATTGTCTGTACTAATG-1
GRCh38,ATTGTGTAGATCCCAA-1
GRCh38,CAAACCCAGCATTCGA-1
GRCh38,CAAACGGAGACTCCAA-1
GRCh38,CAAACGGAGCGATGGA-1
GRCh38,CAAACGGAGGCTTATG-1
GRCh38,CAAACGTGTGTGTCTC-1
GRCh38,CAAAGCCTCAGTATTA-1
GRCh38,CAAAGCCTCCAGTACA-1
GRCh38,CAAAGCCTCGTACTTC-1
GRCh38,CAAAGCGAGGTCGCCA-1
GRCh38,CAAAGCTGTACATTTC-1
GRCh38,CAAAGCTGTGGGCGTT-1
GRCh38,CAAAGGAGTACATAGC-1
GRCh38,CAAAGGAGTACCCCTG-1
GRCh38,CAAAGGAGTATGAGAG-1
GRCh38,CAAAGGTAGGCGAAGC-1
GRCh38,CAAAGGTAGGGAGTAT-1
GRCh38,CAAAGTAAGAACCAGG-1
GRCh38,CAAAGTAAGAAGGCGC-1
GRCh38,CAAAGTAAGACCCGCA-1
GRCh38,CAAAGTAAGGGAAGCC-1
GRCh38,CAAATCCCAAGTACTC-1
GRCh38,CAAATCCCACGGCACT-1
GRCh38,CAAATCGTCAAATTGC-1
GRCh38,CAAATCGTCACGGTCG-1
GRCh38,CAAATCGTCGCTAATG-1
GRCh38,CAAATCGTCGGTTGTA-1
GRCh38,CAAATGAAGCGCTGTG-1
GRCh38,CAAATGAAGGCTTACA-1
GRCh38,CAAATGAAGGTGTCCG-1
GRCh38,CAAATGGCAACTCCCT-1
GRCh38,CAAATGGCACTCGGGT-1
GRCh38,CAAATTATCATTGGCA-1
GRCh38,CAAATTCAGCTGCAAC-1
GRCh38,CAACAGACAATGGCCC-1
GRCh38,CAACAGACACATTAGC-1
GRCh38,CAACAGACAGGTGCGA-1
GRCh38,CAACAGCTCACTTGCT-1
GRCh38,CAACAGCTCCAACTTC-1
GRCh38,CAACATCCAGCTACAT-1
GRCh38,CAACATGTCATCTTCA-1
GRCh38,CAACATGTCCCGTCTA-1
GRCh38,CAACCCACAGTCTAAC-1
GRCh38,CAACCCGAGACCTTTC-1
GRCh38,CAACCCGAGCACCACG-1
GRCh38,CAACCCGAGCACGAAG-1
GRCh38,CAACCCGAGGCGGAGT-1
GRCh38,CAACCCTGTATATCAG-1
GRCh38,CAACCCTGTCCTTGTA-1
GRCh38,CAACCCTGTGGTTCAG-1
GRCh38,CAACCGTAGCCTTAAG-1
GRCh38,CAACGAACAATATGTT-1
GRCh38,CAACGGGCAAGTAACG-1
GRCh38,CAACGGGCAGTGCACC-1
GRCh38,CAACGTCAGCCAGAGA-1
GRCh38,CAACGTCAGCTGATAT-1
GRCh38,CAACGTGGTCGCTCTG-1
GRCh38,CAACGTGGTCTCGAAG-1
GRCh38,CAACGTGGTGGTTTGG-1
GRCh38,CAACGTGGTGTTACCC-1
GRCh38,CAACTACCAATGAAAC-1
GRCh38,CAACTACCACGTAATC-1
GRCh38,CAACTACCACTAGGCC-1
GRCh38,CAACTACCAGTATAGG-1
GRCh38,CAACTTCTCACTGCCC-1
GRCh38,CAACTTCTCAGCCCTC-1
GRCh38,CAACTTCTCCATATGG-1
GRCh38,CAACTTCTCCATCGGG-1
GRCh38,CAAGACACAAAACGGC-1
GRCh38,CAAGACCTCAACAGCC-1
GRCh38,CAAGACCTCCAGCGCA-1
GRCh38,CAAGACGAGACCCGCA-1
GRCh38,CAAGAGTAGACCCATA-1
GRCh38,CAAGAGTAGCCATAGC-1
GRCh38,CAAGATAAGCCTGGTG-1
GRCh38,CAAGCCCCAAGTCCAT-1
GRCh38,CAAGCCTAGACATCAT-1
GRCh38,CAAGCCTAGACATCCA-1
GRCh38,CAAGCGGCAATCAGAG-1
GRCh38,CAAGCGGCAATGCCGC-1
GRCh38,CAAGCGTTCAATCTCC-1
GRCh38,CAAGCGTTCACTCCGC-1
GRCh38,CAAGCGTTCCTACTAC-1
GRCh38,CAAGCGTTCGGCCAAT-1
GRCh38,CAAGCTATCACGCATA-1
GRCh38,CAAGCTATCCTGTTCG-1
GRCh38,CAAGCTCAGCATTCAG-1
GRCh38,CAAGGCAAGAAGGTTA-1
GRCh38,CAAGGCAAGAATGCCC-1
GRCh38,CAAGGCCGTACAGGTT-1
GRCh38,CAAGGCCGTAGGCTTG-1
GRCh38,CAAGGCCGTCACTTTG-1
GRCh38,CAAGGCCGTGCCTTGT-1
GRCh38,CAAGGCCGTGCTACCT-1
GRCh38,CAAGGCGCAGGGTTCC-1
GRCh38,CAAGGGTCACAGCGTC-1
GRCh38,CAAGTAAAGCAATGTT-1
GRCh38,CAAGTAGCAAGCTGGG-1
GRCh38,CAAGTATTCAGAATAG-1
GRCh38,CAAGTCTCAAACTACC-1
GRCh38,CAAGTCTCAAGTGTCT-1
GRCh38,CAAGTCTCACAGCACC-1
GRCh38,CAAGTCTCACTAAACC-1
GRCh38,CAAGTCTCAGCTTTAA-1
GRCh38,CAAGTGCTCCTTCATA-1
GRCh38,CAAGTGCTCGGGCTCA-1
GRCh38,CAAGTTAGTGGTGATT-1
GRCh38,CAAGTTTAGATTGAGA-1
GRCh38,CAATACCCAAGCTGAA-1
GRCh38,CAATACCCAAGTAAAC-1
GRCh38,CAATACGTCCCACAGG-1
GRCh38,CAATACGTCCCGGCTT-1
GRCh38,CAATACGTCGGTGGTT-1
GRCh38,CAATACTAGCATAGCC-1
GRCh38,CAATACTAGGGGGTAC-1
GRCh38,CAATAGAAGGTCGAGA-1
GRCh38,CAATATCAGAAGTACA-1
GRCh38,CAATATCAGGGGATAT-1
GRCh38,CAATATGGTAGAGGGT-1
GRCh38,CAATCACCAAGGACCG-1
GRCh38,CAATCACCACCAGACC-1
GRCh38,CAATCACCACTGAAAG-1
GRCh38,CAATCAGTCATCCTTA-1
GRCh38,CAATCAGTCGCTAAAT-1
GRCh38,CAATCCAAGATGTATC-1
GRCh38,CAATCCAAGCAGGGTA-1
GRCh38,CAATCCAAGGGACTGA-1
GRCh38,CAATCCAAGGGATAGT-1
GRCh38,CAATCCCGTACCAGAT-1
GRCh38,CAATCCCGTGCCCGAG-1
GRCh38,CAATCGATCCCAATAG-1
GRCh38,CAATCGATCGGATCAC-1
GRCh38,CAATCGGGTATGTGTA-1
GRCh38,CAATGCATCAAATCAC-1
GRCh38,CAATGCGGTGCGAGGA-1
GRCh38,CAATGCTCACTCACCT-1
GRCh38,CAATGGACACCTCTAC-1
GRCh38,CAATGGACAGCTACGC-1
GRCh38,CAATGGACAGTGGCGA-1
GRCh38,CAATGGGAGCACGTAC-1
GRCh38,CAATGTAGTAACCCCT-1
GRCh38,CAATGTAGTACATTCT-1
GRCh38,CAATGTAGTGGGCGTT-1
GRCh38,CAATGTCCAAAGTAAC-1
GRCh38,CAATGTCCAGGGTTAA-1
GRCh38,CAATGTGTCATAACAC-1
GRCh38,CAATGTGTCCATAGGC-1
GRCh38,CAATTAGGTCCAACGA-1
GRCh38,CAATTAGGTGGGAGAT-1
GRCh38,CAATTATCAAGTCCGC-1
GRCh38,CAATTATCACAACGCC-1
GRCh38,CAATTATCAGCATCCA-1
GRCh38,CAATTATCAGTTAACC-1
GRCh38,CAATTCACAACCAACT-1
GRCh38,CAATTCACACGAATCT-1
GRCh38,CAATTCCTCATTGTCC-1
GRCh38,CAATTCGAGAACAGAC-1
GRCh38,CAATTCGAGATGTGTT-1
GRCh38,CAATTCGAGCCATGAC-1
GRCh38,CAATTCTGTACAAGAG-1
GRCh38,CAATTGGTCGCAACTA-1
GRCh38,CAATTGTAGCTATTGG-1
GRCh38,CAATTTCGTAGAGTGA-1
GRCh38,CAATTTCGTGCGTCTT-1
GRCh38,CACAACATCCTACTAC-1
GRCh38,CACAACTCAATGAAAC-1
GRCh38,CACAACTCACATAGCT-1
GRCh38,CACAAGACAATACACC-1
GRCh38,CACAAGACACAAGTAG-1
GRCh38,CACAAGACACTATCCC-1
GRCh38,CACAAGGAGACATAGA-1
GRCh38,CACAAGGAGACTATCG-1
GRCh38,CACAAGGAGCGATTGC-1
GRCh38,CACAATTAGACAAGCG-1
GRCh38,CACACCCTCCACCAAA-1
GRCh38,CACACCCTCCTATCCG-1
GRCh38,CACACCCTCGGGTTAC-1
GRCh38,CACACCTGTATGAAGG-1
GRCh38,CACACGCCAACCATAC-1
GRCh38,CACACGCCACGCAACC-1
GRCh38,CACACTCGTACCTCCG-1
GRCh38,CACAGCAGTCCTTTAG-1
GRCh38,CACAGCAGTGCCATAG-1
GRCh38,CACAGCTAGCCATCGG-1
GRCh38,CACAGGAAGATCAGGG-1
GRCh38,CACAGGAAGCAGCTAC-1
GRCh38,CACAGGAAGGCTTAAT-1
GRCh38,CACATACCAACATCAC-1
GRCh38,CACATACCACTAAGGA-1
GRCh38,CACATCAAGCCTGCAG-1
GRCh38,CACATCTTCACCTACT-1
GRCh38,CACATGGGTATATGGC-1
GRCh38,CACCAAATCCAATAGT-1
GRCh38,CACCAAATCCGTTACT-1
GRCh38,CACCAACAGACCAGAG-1
GRCh38,CACCAACAGGCTTTAG-1
GRCh38,CACCATAAGAGAGTTA-1
GRCh38,CACCATAAGGGGATAT-1
GRCh38,CACCATTTCGTTCGTT-1
GRCh38,CACCCAACAACTGGAA-1
GRCh38,CACCCATGTCAGCCCC-1
GRCh38,CACCCGAAGAATACAG-1
GRCh38,CACCCGAAGCTCTGAA-1
GRCh38,CACCCGCGTATGAGAG-1
GRCh38,CACCCGCGTGCTACAG-1
GRCh38,CACCCGCGTGGTGTAT-1
GRCh38,CACCCGCGTGTGGCGT-1
GRCh38,CACCCGCGTGTTCTAT-1
GRCh38,CACCCGTTCCAGTCAA-1
GRCh38,CACCCGTTCGCATACA-1
GRCh38,CACCCTATCATACTAA-1
GRCh38,CACCCTATCGTATGTG-1
GRCh38,CACCCTGGTCTACGCT-1
GRCh38,CACCGCAAGCGCCTGA-1
GRCh38,CACCGCAAGGGTAGTG-1
GRCh38,CACCGCCGTACTAATG-1
GRCh38,CACCGCCGTATATCAG-1
GRCh38,CACCGCCGTATTGAGC-1
GRCh38,CACCGCCGTCGCGGAT-1
GRCh38,CACCGTACAATGACCT-1
GRCh38,CACCTATTCAAGCTTG-1
GRCh38,CACCTATTCGTTGACA-1
GRCh38,CACCTCATCATCCCCA-1
GRCh38,CACCTCATCATCCTTA-1
GRCh38,CACCTCATCCTAGTTC-1
GRCh38,CACCTCATCCTTAATT-1
GRCh38,CACCTCCAGATTAAGG-1
GRCh38,CACCTCCAGGGATTAA-1
GRCh38,CACCTCTCAATTAAGA-1
GRCh38,CACCTCTCACTCATAA-1
GRCh38,CACCTCTCACTTCTAT-1
GRCh38,CACCTTTAGAATACAG-1
GRCh38,CACCTTTAGATGCTCA-1
GRCh38,CACGAAGAGATGAAGC-1
GRCh38,CACGAAGAGATGGGCA-1
GRCh38,CACGAAGAGCAAACTT-1
GRCh38,CACGAATGTATAAGCC-1
GRCh38,CACGAATGTCAGCGTA-1
GRCh38,CACGAATGTCGTCGGG-1
GRCh38,CACGAATGTGGGTAGG-1
GRCh38,CACGAATGTGTATCTT-1
GRCh38,CACGAGTTCAAGCTAT-1
GRCh38,CACGAGTTCCCTAGTT-1
GRCh38,CACGAGTTCCTACATC-1
GRCh38,CACGCACCAACATACC-1
GRCh38,CACGCACCAACGAGAC-1
GRCh38,CACGCACCAACTCATA-1
GRCh38,CACGCACCAGCATGGG-1
GRCh38,CACGCCAAGAACGGAT-1
GRCh38,CACGCCAAGCCGGTAT-1
GRCh38,CACGCCAAGCCTAGAC-1
GRCh38,CACGCTTGTCCGGTAA-1
GRCh38,CACGCTTGTCGTTCGT-1
GRCh38,CACGGAAAGCGAAGCA-1
GRCh38,CACGGAAAGGTATCCA-1
GRCh38,CACGGCGGTCTTCTAG-1
GRCh38,CACGGCGGTGGCTTTC-1
GRCh38,CACGGCGGTGGTTAGT-1
GRCh38,CACGGGTGTACCTCCG-1
GRCh38,CACGGGTGTCCTTGTA-1
GRCh38,CACGGTCCAAGAATAC-1
GRCh38,CACGGTCCAGGAACTA-1
GRCh38,CACGGTTAGCAATGCC-1
GRCh38,CACGTAATCAGCACGT-1
GRCh38,CACGTAATCCATTGCT-1
GRCh38,CACGTACAGATATGAG-1
GRCh38,CACGTAGGTCGTTCGT-1
GRCh38,CACGTAGGTGGCGAAG-1
GRCh38,CACGTCACAACGAAAT-1
GRCh38,CACGTCGAGCCGTGAT-1
GRCh38,CACGTTCGTCATCTTG-1
GRCh38,CACGTTCGTCTAATGA-1
GRCh38,CACTAACCACACAACT-1
GRCh38,CACTACAAGGCGTTTA-1
GRCh38,CACTACGCAATTCAGC-1
GRCh38,CACTACGCACAGTGGG-1
GRCh38,CACTACTTCAGTGCTA-1
GRCh38,CACTACTTCCTACAAG-1
GRCh38,CACTAGCAGCATTAGT-1
GRCh38,CACTAGGGTAGTGATC-1
GRCh38,CACTAGGGTCCATTCA-1
GRCh38,CACTATACACCCTATC-1
GRCh38,CACTATACAGGATCAA-1
GRCh38,CACTATGAGATCTTCC-1
GRCh38,CACTATGAGCAATTAC-1
GRCh38,CACTATTGTGGGGTTC-1
GRCh38,CACTCAAAGATGCCCG-1
GRCh38,CACTCAAAGCGATTGC-1
GRCh38,CACTCAAAGCGTATTG-1
GRCh38,CACTCAGCAAGGGGAA-1
GRCh38,CACTCAGCAAGGTTTC-1
GRCh38,CACTCCCAGAACGCGA-1
GRCh38,CACTCCCAGACATGCC-1
GRCh38,CACTCCCAGACTCCAA-1
GRCh38,CACTCCCAGAGCAGAT-1
GRCh38,CACTCCGGTACTATAG-1
GRCh38,CACTCCGGTGCCTTCG-1
GRCh38,CACTCCGGTGCTCCGC-1
GRCh38,CACTCGACAAGAGATT-1
GRCh38,CACTCGACACAGGTCC-1
GRCh38,CACTCTCCAACTTAGC-1
GRCh38,CACTCTCCAGTAAGAT-1
GRCh38,CACTCTGTCACGAGCT-1
GRCh38,CACTCTGTCCCGAAAC-1
GRCh38,CACTCTGTCGGTACGT-1
GRCh38,CACTGCACAAAATGGT-1
GRCh38,CACTGCACACAACGCC-1
GRCh38,CACTGCACACTCGGAC-1
GRCh38,CACTGCGAGACGGGTA-1
GRCh38,CACTGCGAGCCAGGTT-1
GRCh38,CACTGCGAGGGTATCC-1
GRCh38,CACTGTAAGATGTAGA-1
GRCh38,CACTGTAAGGTCTATG-1
GRCh38,CACTGTAAGGTGCGAA-1
GRCh38,CACTGTAAGGTTAGGG-1
GRCh38,CACTTAACACTACATA-1
GRCh38,CACTTACTCACGCCCT-1
GRCh38,CACTTACTCATGCCTT-1
GRCh38,CACTTAGAGATACAAG-1
GRCh38,CACTTATGTGGACGGA-1
GRCh38,CACTTATGTGGCGAAG-1
GRCh38,CACTTTCAGGGGGTTA-1
GRCh38,CACTTTCAGGTTCAGC-1
GRCh38,CACTTTGGTCGTCGGG-1
GRCh38,CAGCAACTCAATATTG-1
GRCh38,CAGCAACTCGTGAACC-1
GRCh38,CAGCAATGTATCATTC-1
GRCh38,CAGCAATGTCTCGCCA-1
GRCh38,CAGCAATGTGGCATGC-1
GRCh38,CAGCACCCAATGACCT-1
GRCh38,CAGCACCCACAATTAT-1
GRCh38,CAGCAGGCAACGCGTC-1
GRCh38,CAGCAGTTCAGCGCAT-1
GRCh38,CAGCAGTTCATGTCGA-1
GRCh38,CAGCATATCGGAAACG-1
GRCh38,CAGCATGGTCCAGTGA-1
GRCh38,CAGCATTCAAACATTT-1
GRCh38,CAGCATTCAATACGCT-1
GRCh38,CAGCATTCAGCGGTAG-1
GRCh38,CAGCCATAGCTCTCCA-1
GRCh38,CAGCCCAAGCCAACCG-1
GRCh38,CAGCCCAAGCCTATTC-1
GRCh38,CAGCCCAAGGCCATTA-1
GRCh38,CAGCCCAAGGGACATG-1
GRCh38,CAGCCCCGTGCATGGC-1
GRCh38,CAGCCCTTCCAAGTAT-1
GRCh38,CAGCCCTTCGGGTTCG-1
GRCh38,CAGCCTCTCAAGGGTG-1
GRCh38,CAGCCTCTCACCCGCT-1
GRCh38,CAGCCTTGTACGTGAT-1
GRCh38,CAGCGAAAGAGTGATA-1
GRCh38,CAGCGAAAGCTATAGT-1
GRCh38,CAGCGAAAGCTGTATG-1
GRCh38,CAGCGAAAGGGAGGTC-1
GRCh38,CAGCGAAAGGTGCGAA-1
GRCh38,CAGCGAGCAACAGACA-1
GRCh38,CAGCGAGCACACTACG-1
GRCh38,CAGCGAGCACTGATTA-1
GRCh38,CAGCGCATCCACCGCT-1
GRCh38,CAGCGCATCCGGTCAG-1
GRCh38,CAGCGGACAACTTTAG-1
GRCh38,CAGCGGACAGTAGCCC-1
GRCh38,CAGCGGTGTACATAGC-1
GRCh38,CAGCGTCCAACTCCCT-1
GRCh38,CAGCGTCCAATGGGCG-1
GRCh38,CAGCTCACAAATACCC-1
GRCh38,CAGCTCTGTGGCTGTA-1
GRCh38,CAGCTGTAGCTTAGGC-1
GRCh38,CAGGACGCAACATACC-1
GRCh38,CAGGAGCAGAGTATAG-1
GRCh38,CAGGAGCAGGTATATC-1
GRCh38,CAGGATTGTCGTCGGG-1
GRCh38,CAGGATTGTGGATCGC-1
GRCh38,CAGGCGACACAACGGG-1
GRCh38,CAGGCGACACGCTCAA-1
GRCh38,CAGGCGACACTAATAT-1
GRCh38,CAGGCGTGTCGAAGCC-1
GRCh38,CAGGCGTGTGGCTTAG-1
GRCh38,CAGGGACAGAAATCAG-1
GRCh38,CAGGGTAAGAAGCATA-1
GRCh38,CAGGGTAAGCGTACGT-1
GRCh38,CAGGGTAAGGCTTCAA-1
GRCh38,CAGGGTCGTCTAACCC-1
GRCh38,CAGGGTTTCACTGCCC-1
GRCh38,CAGGGTTTCGTCTCGC-1
GRCh38,CAGGTAACACAACGCC-1
GRCh38,CAGGTATGTATGCCAG-1
GRCh38,CAGGTATGTGCCTGGG-1
GRCh38,CAGGTCCCAATGGACA-1
GRCh38,CAGGTCCCAGGACTAA-1
GRCh38,CAGGTGTTCGTATTGG-1
GRCh38,CAGGTTATCATGTCCT-1
GRCh38,CAGGTTGGTATGAGGA-1
GRCh38,CAGGTTGGTCTAAGGT-1
GRCh38,CAGTAAGCAAGTCTTA-1
GRCh38,CAGTAAGCAATCGACT-1
GRCh38,CAGTAAGCACGGTATT-1
GRCh38,CAGTAAGCAGTCTCGA-1
GRCh38,CAGTACATCCCCAACC-1
GRCh38,CAGTACATCCCTAATC-1
GRCh38,CAGTACATCGTGCTCC-1
GRCh38,CAGTACATCGTGGCAT-1
GRCh38,CAGTACATCGTTCGTT-1
GRCh38,CAGTAGCTCAAATCCG-1
GRCh38,CAGTAGCTCCCTCTAG-1
GRCh38,CAGTAGCTCCTCGGCT-1
GRCh38,CAGTAGCTCCTCTGCA-1
GRCh38,CAGTAGCTCGTATTCC-1
GRCh38,CAGTAGGAGACCCTTT-1
GRCh38,CAGTAGGAGGTCGGTT-1
GRCh38,CAGTATAGTACCCGTT-1
GRCh38,CAGTATAGTCCTAATT-1
GRCh38,CAGTATAGTCCTATTG-1
GRCh38,CAGTATAGTGGCATGC-1
GRCh38,CAGTATAGTGGGATAA-1
GRCh38,CAGTATGTCATGTTAA-1
GRCh38,CAGTATTAGCGGGGAT-1
GRCh38,CAGTATTAGGGTAGTG-1
GRCh38,CAGTCAATCAGCGTGT-1
GRCh38,CAGTCAATCCAGGTGT-1
GRCh38,CAGTCAATCCGAATGC-1
GRCh38,CAGTCAATCGCACCTC-1
GRCh38,CAGTCAGGTCGCCCTA-1
GRCh38,CAGTCCCTCCCTTTCC-1
GRCh38,CAGTCCGAGAGCATTT-1
GRCh38,CAGTCCGAGCGGGATA-1
GRCh38,CAGTCTAAGATACCCA-1
GRCh38,CAGTCTCGTGGAAAGC-1
GRCh38,CAGTCTCGTGGAACGG-1
GRCh38,CAGTGGGCACCACAAT-1
GRCh38,CAGTGGGCACTCGGGT-1
GRCh38,CAGTTAAGTAAGCATC-1
GRCh38,CAGTTAAGTGCGATGC-1
GRCh38,CAGTTACCAACGTTTA-1
GRCh38,CAGTTACCAAGACAAT-1
GRCh38,CAGTTCGCAGCTAAAG-1
GRCh38,CAGTTGGGTGGAACTT-1
GRCh38,CAGTTGGGTGGATATC-1
GRCh38,CAGTTTACAAGGTAAT-1
GRCh38,CAGTTTACACCTTCCG-1
GRCh38,CAGTTTACAGGCGTTC-1
GRCh38,CATAACCCAAACATGG-1
GRCh38,CATAACCCAGCGTGAG-1
GRCh38,CATAACGTCGCTCTAT-1
GRCh38,CATAACTAGAAGCGTG-1
GRCh38,CATAACTAGAAGGGTT-1
GRCh38,CATAACTAGCCTGACG-1
GRCh38,CATAAGCGTCTCTAGC-1
GRCh38,CATAAGTTCATGTAGT-1
GRCh38,CATAAGTTCCCTGATT-1
GRCh38,CATAATTCAACCTAAC-1
GRCh38,CATACAAGTAATGGTC-1
GRCh38,CATACAAGTGCGCTGG-1
GRCh38,CATACATAGCCATACA-1
GRCh38,CATACCCGTATCCGAG-1
GRCh38,CATACCCGTCTCGCCA-1
GRCh38,CATACCGCACTCACCT-1
GRCh38,CATACCTTCACGTCCC-1
GRCh38,CATACCTTCCACCTAT-1
GRCh38,CATACCTTCCTATACC-1
GRCh38,CATACGGGTCACTTTG-1
GRCh38,CATACGGGTCTAGTAA-1
GRCh38,CATACGGGTCTTGTAT-1
GRCh38,CATACGGGTGGATTCG-1
GRCh38,CATAGAGCACAGTAAG-1
GRCh38,CATAGCATCACTATCC-1
GRCh38,CATAGCATCCACTCCA-1
GRCh38,CATAGCATCCCGACTC-1
GRCh38,CATAGCATCGGACTAC-1
GRCh38,CATAGCCAGCAGGAGC-1
GRCh38,CATAGCGGTCTCGATC-1
GRCh38,CATAGCGGTGCGTATG-1
GRCh38,CATAGCTCACGGGTAG-1
GRCh38,CATAGGTGTAGGCTTG-1
GRCh38,CATAGTAGTCGAAGGG-1
GRCh38,CATATCACAAAACGCA-1
GRCh38,CATATCCTCAGGTGTC-1
GRCh38,CATATCCTCCGGACAT-1
GRCh38,CATATCCTCGCTCTAT-1
GRCh38,CATATGGTCAGCCCCT-1
GRCh38,CATATGGTCCGGCATG-1
GRCh38,CATATGGTCGCGTTAA-1
GRCh38,CATATGTAGAACCATT-1
GRCh38,CATATGTAGCTTGGCG-1
GRCh38,CATATTCGTATGAGTC-1
GRCh38,CATATTCGTGTCCCGC-1
GRCh38,CATCAATAGATCTCGA-1
GRCh38,CATCAATAGCGTGGAA-1
GRCh38,CATCACGCAATGGTAG-1
GRCh38,CATCACGCACGACGGA-1
GRCh38,CATCACGCAGGATGGT-1
GRCh38,CATCACGCAGGGAGAA-1
GRCh38,CATCACGCAGTCGGAG-1
GRCh38,CATCACTTCAAGGGTG-1
GRCh38,CATCACTTCCCCTAAT-1
GRCh38,CATCACTTCGTTCTAC-1
GRCh38,CATCAGGGTAAGTCTA-1
GRCh38,CATCAGGGTCCAGTGA-1
GRCh38,CATCAGTCACCTCAGA-1
GRCh38,CATCAGTCAGCCCAAC-1
GRCh38,CATCATCTCAAATCCG-1
GRCh38,CATCATCTCCGGTCAG-1
GRCh38,CATCATCTCGCTATAG-1
GRCh38,CATCGACAGAATGGCG-1
GRCh38,CATCGACAGACGCCCA-1
GRCh38,CATCGACAGCACTATG-1
GRCh38,CATCGAGGTGGCAATT-1
GRCh38,CATCGAGGTGGTCTCT-1
GRCh38,CATCGAGGTGTGTTAA-1
GRCh38,CATCGCACACCACTCT-1
GRCh38,CATCGCACAGTTAATT-1
GRCh38,CATCGCGAGACATAAG-1
GRCh38,CATCGCGAGCCAAAGG-1
GRCh38,CATCGCGAGGCGAAGC-1
GRCh38,CATCGTTTCATGGGTC-1
GRCh38,CATCTACTCAAATCTA-1
GRCh38,CATCTAGAGATATTGC-1
GRCh38,CATCTAGAGATCCACA-1
GRCh38,CATCTAGAGCGTAGCT-1
GRCh38,CATCTATGTAAAGCTC-1
GRCh38,CATCTATGTATCATTC-1
GRCh38,CATCTATGTATGGAGA-1
GRCh38,CATCTCAGTAGCTGGC-1
GRCh38,CATCTCAGTGTTAATG-1
GRCh38,CATCTCCCACCTCTCG-1
GRCh38,CATCTCCCAGTTACTA-1
GRCh38,CATCTGTTCAGCGGTT-1
GRCh38,CATCTTCAGCTAGTCA-1
GRCh38,CATCTTCAGCTCATAG-1
GRCh38,CATCTTGGTAGACGGG-1
GRCh38,CATCTTGGTGCGATGC-1
GRCh38,CATGAAGCACAATCCG-1
GRCh38,CATGATCCAGCAGGAT-1
GRCh38,CATGCACAGATTATGC-1
GRCh38,CATGCAGGTCCAGTAG-1
GRCh38,CATGCCACAGGTCGTC-1
GRCh38,CATGCCGAGCTGGGTT-1
GRCh38,CATGCGCCAATGCGGG-1
GRCh38,CATGCGCCAGGCTCTA-1
GRCh38,CATGCGTAGCATTAAC-1
GRCh38,CATGCTTTCACAATTA-1
GRCh38,CATGCTTTCAGGCTCG-1
GRCh38,CATGCTTTCATCCGTT-1
GRCh38,CATGGATGTACCTTTG-1
GRCh38,CATGGATGTGGCCCCT-1
GRCh38,CATGGCGTCCCTTCAG-1
GRCh38,CATGGGCGTAATTCAG-1
GRCh38,CATGGGCGTCACTAGG-1
GRCh38,CATGGGCGTGCAGTCA-1
GRCh38,CATGGGGCAAAACTCC-1
GRCh38,CATGGGTTCGTCATCT-1
GRCh38,CATGGTCAGATCTTGG-1
GRCh38,CATGGTCAGCCTGTGG-1
GRCh38,CATGGTTCACAAGTAG-1
GRCh38,CATGTATAGCACGAAG-1
GRCh38,CATGTATAGCGCTATA-1
GRCh38,CATGTCCGTAATGTGC-1
GRCh38,CATGTCCGTATCAGCG-1
GRCh38,CATGTCCGTGCCTTCG-1
GRCh38,CATGTCGCAAACCCAT-1
GRCh38,CATGTCGCAGTCCACA-1
GRCh38,CATGTTGAGCAACAGG-1
GRCh38,CATTAACAGCCAAGCT-1
GRCh38,CATTAAGGTCCGTTTA-1
GRCh38,CATTAAGGTGGCGATC-1
GRCh38,CATTACCTCGTGGCCA-1
GRCh38,CATTAGCCACCCATTC-1
GRCh38,CATTAGTAGACCTGCG-1
GRCh38,CATTATCGTGCGTATG-1
GRCh38,CATTCAACACTCACGA-1
GRCh38,CATTCACTCAAACCAT-1
GRCh38,CATTCACTCGTACAAT-1
GRCh38,CATTCAGAGACAGACG-1
GRCh38,CATTCAGAGCGCCTAG-1
GRCh38,CATTCCAGTATCTCGC-1
GRCh38,CATTCCGTCGGCGTCA-1
GRCh38,CATTCGAAGAACCCGT-1
GRCh38,CATTCGAAGGCCATCG-1
GRCh38,CATTCGAAGGGAAGCC-1
GRCh38,CATTCGGCAATAAGGT-1
GRCh38,CATTCTGGTCACGAAT-1
GRCh38,CATTCTGGTCATCGCT-1
GRCh38,CATTCTGGTCGGAATT-1
GRCh38,CATTCTGGTCTCGATC-1
GRCh38,CATTCTGGTGTCCCAT-1
GRCh38,CATTGCAAGACATAAG-1
GRCh38,CATTGCAAGCGACAAG-1
GRCh38,CATTGCAAGCTCAGCG-1
GRCh38,CATTGCAAGGCTCAGT-1
GRCh38,CATTGCTTCATGTAGT-1
GRCh38,CATTGCTTCCGTCATT-1
GRCh38,CATTGCTTCCTGTATC-1
GRCh38,CATTGCTTCCTTAGCT-1
GRCh38,CATTGGGGTCCAGGGT-1
GRCh38,CATTGGGGTCGACGGT-1
GRCh38,CATTGGTCACGCAGGA-1
GRCh38,CATTGGTCAGGCATTT-1
GRCh38,CATTGGTCAGTCTTCC-1
GRCh38,CATTGTCTCCTCGCTA-1
GRCh38,CATTTAGCAAAGTCTC-1
GRCh38,CATTTAGCAAGCATAG-1
GRCh38,CATTTAGCACGTCGGT-1
GRCh38,CATTTAGCAGGTGATA-1
GRCh38,CATTTCGGTACTTCTG-1
GRCh38,CATTTGGAGACCAATT-1
GRCh38,CCAAACCAGATGGGGC-1
GRCh38,CCAAACCAGGTGAGTG-1
GRCh38,CCAAAGGAGAGCAGAT-1
GRCh38,CCAAATCCAAACTCTA-1
GRCh38,CCAAATGTCACAACTG-1
GRCh38,CCAAATTAGCCCTAGG-1
GRCh38,CCAACAGGTATCTGCC-1
GRCh38,CCAACATCACGCTGAC-1
GRCh38,CCAACATCACGTAAAG-1
GRCh38,CCAACCCTCACATATA-1
GRCh38,CCAACCGAGCGACAGA-1
GRCh38,CCAACCGAGCGATTAT-1
GRCh38,CCAACCGAGCGGATTC-1
GRCh38,CCAACCGAGGCCTGCA-1
GRCh38,CCAACCGAGGTCCAAC-1
GRCh38,CCAACCTGTCTGTACC-1
GRCh38,CCAACCTGTGTTAATG-1
GRCh38,CCAACGAGTGTACCCT-1
GRCh38,CCAACGCCACGTCGTA-1
GRCh38,CCAACTCGTGTCTCCG-1
GRCh38,CCAACTTTCAAGTCCA-1
GRCh38,CCAACTTTCATGCAAT-1
GRCh38,CCAACTTTCATGGAAA-1
GRCh38,CCAAGATGTAGTATTG-1
GRCh38,CCAAGATGTCTACTGC-1
GRCh38,CCAAGCTAGCTACGAC-1
GRCh38,CCAAGGGCAAGGGACT-1
GRCh38,CCAAGGGCACCAAATC-1
GRCh38,CCAATACCAATACGGA-1
GRCh38,CCAATACCACACAGAA-1
GRCh38,CCAATACCACGAAGGT-1
GRCh38,CCAATAGTCCATTGTC-1
GRCh38,CCAATAGTCCTGATTC-1
GRCh38,CCAATATAGAGTCCCG-1
GRCh38,CCAATTACAAGGTTTC-1
GRCh38,CCAATTCTCCGGAATC-1
GRCh38,CCAATTCTCGCGTGCA-1
GRCh38,CCACAACAGGCTTCGG-1
GRCh38,CCACACACAATCAAGG-1
GRCh38,CCACACACACCTCTTA-1
GRCh38,CCACACACACGCGTTA-1
GRCh38,CCACACCTCCAGTCCC-1
GRCh38,CCACAGCCAAAATGAC-1
GRCh38,CCACAGCCAAACATGG-1
GRCh38,CCACAGCCAACGTACT-1
GRCh38,CCACAGCCAATAGCAG-1
GRCh38,CCACAGGTCACCCATT-1
GRCh38,CCACAGGTCAGCTAAT-1
GRCh38,CCACAGGTCGCTCTAT-1
GRCh38,CCACATAAGCCATAGC-1
GRCh38,CCACATAAGCCTAGAC-1
GRCh38,CCACATAAGCGGTCAT-1
GRCh38,CCACATAAGGTTGCCG-1
GRCh38,CCACATTTCAGACACC-1
GRCh38,CCACATTTCCATAAGT-1
GRCh38,CCACATTTCCGGCTTC-1
GRCh38,CCACATTTCCTGACAA-1
GRCh38,CCACCAACACATAGTC-1
GRCh38,CCACCGTTCACGACTA-1
GRCh38,CCACCTATCCACCGCT-1
GRCh38,CCACCTATCGCAAGCT-1
GRCh38,CCACGATAGCAAGTTT-1
GRCh38,CCACGATAGCCTAGTA-1
GRCh38,CCACGCTTCAATATTG-1
GRCh38,CCACGCTTCCTCCTTC-1
GRCh38,CCACGGGGTACTCTAT-1
GRCh38,CCACGGGGTGGTAATC-1
GRCh38,CCACGGGGTGTTGCAG-1
GRCh38,CCACGGTCAAAATGGT-1
GRCh38,CCACGGTCAATTAATC-1
GRCh38,CCACGGTCACGAACGG-1
GRCh38,CCACGGTCAGGACTAA-1
GRCh38,CCACGTACACATTCCC-1
GRCh38,CCACGTACACTTCGTC-1
GRCh38,CCACGTTGTATACGTA-1
GRCh38,CCACGTTGTCCTCTCC-1
GRCh38,CCACTAGCAACCCTCT-1
GRCh38,CCACTATTCCAACCTT-1
GRCh38,CCACTCATCCCAAATG-1
GRCh38,CCACTCATCGTAACCA-1
GRCh38,CCACTGACAAACCAGA-1
GRCh38,CCACTTGTCAGTAAAG-1
GRCh38,CCACTTGTCCCACACC-1
GRCh38,CCACTTGTCCGTACTT-1
GRCh38,CCACTTGTCGTGTCAA-1
GRCh38,CCAGAACTCAAACCCA-1
GRCh38,CCAGAACTCACTGTCT-1
GRCh38,CCAGAACTCCAGGGTT-1
GRCh38,CCAGAATGTCTCCGCA-1
GRCh38,CCAGAATGTGGAAATG-1
GRCh38,CCAGACCCAGGGAGAA-1
GRCh38,CCAGAGAAGACTGCAC-1
GRCh38,CCAGAGAAGGCTCGAT-1
GRCh38,CCAGATGGTGGCGAAG-1
GRCh38,CCAGATGGTGTCGTCT-1
GRCh38,CCAGATTCACCGTAAT-1
GRCh38,CCAGCCCGTACGGGTC-1
GRCh38,CCAGCCTTCAATGTTA-1
GRCh38,CCAGCCTTCACTTGCT-1
GRCh38,CCAGCCTTCCTCCATG-1
GRCh38,CCAGCTACAAGCTGAA-1
GRCh38,CCAGCTCTCATATCCC-1
GRCh38,CCAGCTCTCGTCACCC-1
GRCh38,CCAGCTTGTAATGTGC-1
GRCh38,CCAGCTTGTCCAACCT-1
GRCh38,CCAGCTTGTCGACAGC-1
GRCh38,CCAGCTTGTCTCGCCA-1
GRCh38,CCAGCTTGTGTGCCGG-1
GRCh38,CCAGGCTCACCCTATC-1
GRCh38,CCAGGCTCACGCAGGA-1
GRCh38,CCAGGGACACCCTCAT-1
GRCh38,CCAGGGACACCTCTTA-1
GRCh38,CCAGGGTGTACGTCTC-1
GRCh38,CCAGGGTGTATCTGCC-1
GRCh38,CCAGGTAGTCTCTCGG-1
GRCh38,CCAGGTTAGCTGACGT-1
GRCh38,CCAGTAATCAGCGCAT-1
GRCh38,CCAGTACAGATTCGTG-1
GRCh38,CCAGTAGGTGGAACCC-1
GRCh38,CCAGTGAGTACGCGCG-1
GRCh38,CCAGTGAGTACTAATG-1
GRCh38,CCAGTGCCAGCAACTT-1
GRCh38,CCATAAGTCAGCATCA-1
GRCh38,CCATAAGTCCGCAGCA-1
GRCh38,CCATAAGTCGCCTGCT-1
GRCh38,CCATAATAGCCGATAC-1
GRCh38,CCATAATAGCTCGAGT-1
GRCh38,CCATACGCAATCAACC-1
GRCh38,CCATACGCACTAGGGG-1
GRCh38,CCATACTTCATCGCGG-1
GRCh38,CCATACTTCCCATCAT-1
GRCh38,CCATACTTCCTTCGTG-1
GRCh38,CCATACTTCGCTAATG-1
GRCh38,CCATAGCAGACCCGAT-1
GRCh38,CCATAGCAGCCTGCGA-1
GRCh38,CCATAGCAGCCTTTCG-1
GRCh38,CCATAGGGTAACTAGC-1
GRCh38,CCATAGGGTGCTAGGC-1
GRCh38,CCATATCTCAACGTTG-1
GRCh38,CCATATCTCCAATCGA-1
GRCh38,CCATATCTCCCAGAAC-1
GRCh38,CCATATGAGCCAGCAT-1
GRCh38,CCATATGAGGCCCACA-1
GRCh38,CCATATGAGGGGAGCT-1
GRCh38,CCATATTGTAAGCGTT-1
GRCh38,CCATCAAAGATAGGGT-1
GRCh38,CCATCAAAGCAATGTT-1
GRCh38,CCATCAAAGCGGTTCG-1
GRCh38,CCATCATTCCATTCTA-1
GRCh38,CCATCCATCAGAGAAC-1
GRCh38,CCATCCATCGCCCTTA-1
GRCh38,CCATCCGGTAGGCGCT-1
GRCh38,CCATCGACAAATTGCC-1
GRCh38,CCATCGACAAGGCTCC-1
GRCh38,CCATCGACAGTCAATC-1
GRCh38,CCATCGCTCATAGTCG-1
GRCh38,CCATCGCTCCTAAGCA-1
GRCh38,CCATCGCTCGCAGTAC-1
GRCh38,CCATGCCTCATACTAA-1
GRCh38,CCATGCCTCGCAAACC-1
GRCh38,CCATGCGAGACCTATG-1
GRCh38,CCATGCGAGAGTTGGG-1
GRCh38,CCATGCTGTGGATTGT-1
GRCh38,CCATGCTGTGGCGATC-1
GRCh38,CCATGGTAGCGAATTT-1
GRCh38,CCATGGTAGGCCCACA-1
GRCh38,CCATTAACACGATAAG-1
GRCh38,CCATTAACACTAAACC-1
GRCh38,CCATTACTCACATGTG-1
GRCh38,CCATTACTCCCAAGTA-1
GRCh38,CCATTAGAGAGTTGCC-1
GRCh38,CCATTAGAGCACATCA-1
GRCh38,CCATTAGAGCTACTGA-1
GRCh38,CCATTCAGTAATCTTC-1
GRCh38,CCATTCAGTAGGGTAA-1
GRCh38,CCATTCAGTGGCCTGG-1
GRCh38,CCATTCAGTGGGAGAT-1
GRCh38,CCATTCCCACAACTCG-1
GRCh38,CCATTCCCACCACGGT-1
GRCh38,CCATTCGTCATGTAAC-1
GRCh38,CCATTTCAGACATTCG-1
GRCh38,CCATTTCAGACTGCAC-1
GRCh38,CCATTTGGTAATTGGC-1
GRCh38,CCATTTGGTCCTACGT-1
GRCh38,CCATTTGGTGCGTATG-1
GRCh38,CCATTTGGTGTTACTT-1
GRCh38,CCCAAAGGTAAATCCA-1
GRCh38,CCCAAATCAAACCATC-1
GRCh38,CCCAAATCAATATTCG-1
GRCh38,CCCAAATCAATCGACT-1
GRCh38,CCCAAATCAGTGACCC-1
GRCh38,CCCAACACACACGGTC-1
GRCh38,CCCAACACACCTAGAT-1
GRCh38,CCCAACCTCATCTTCA-1
GRCh38,CCCAACCTCATGAATC-1
GRCh38,CCCAACCTCCCAAAGC-1
GRCh38,CCCAACCTCCTTAATT-1
GRCh38,CCCAATCGTAGTGATC-1
GRCh38,CCCAATCGTAGTTGCG-1
GRCh38,CCCAATTTCGGACTTA-1
GRCh38,CCCACAACACGCATAT-1
GRCh38,CCCACAGAGAACTGAA-1
GRCh38,CCCACAGAGCAGTCCG-1
GRCh38,CCCACAGAGCGATTGC-1
GRCh38,CCCACAGAGCGCGATT-1
GRCh38,CCCACGAAGCGGATAG-1
GRCh38,CCCACTATCAAAGGTA-1
GRCh38,CCCACTATCGGTGTTA-1
GRCh38,CCCAGACCACAGTTAC-1
GRCh38,CCCAGCTTCAATCGGC-1
GRCh38,CCCAGTACACCCTTAC-1
GRCh38,CCCATAGCAAACGGCG-1
GRCh38,CCCATAGCAGTTCAGT-1
GRCh38,CCCATGCTCAGTAAAG-1
GRCh38,CCCATGCTCGGGTCAT-1
GRCh38,CCCATGTGTACAAGGA-1
GRCh38,CCCATGTGTGCCTTCG-1
GRCh38,CCCATGTGTGTGGTGC-1
GRCh38,CCCATTGTCAGGCTGT-1
GRCh38,CCCATTGTCCCATCCA-1
GRCh38,CCCATTGTCGGCGAAA-1
GRCh38,CCCATTTAGCGTCTCC-1
GRCh38,CCCTAAGCACTTATAG-1
GRCh38,CCCTAATTCGCAATTG-1
GRCh38,CCCTAATTCGCTTCCA-1
GRCh38,CCCTAATTCGGGCTTG-1
GRCh38,CCCTAGACAACAAGAT-1
GRCh38,CCCTAGCTCAATATTG-1
GRCh38,CCCTAGCTCAATGGTT-1
GRCh38,CCCTAGCTCCCTGACC-1
GRCh38,CCCTAGCTCCGTTCGC-1
GRCh38,CCCTAGCTCGCTCCAC-1
GRCh38,CCCTAGTGTACGCTTC-1
GRCh38,CCCTAGTGTCCGAATG-1
GRCh38,CCCTATCCACGCAGGA-1
GRCh38,CCCTCATCAATCATTG-1
GRCh38,CCCTCATCACAAACCT-1
GRCh38,CCCTCATCAGTTAACC-1
GRCh38,CCCTCTCGTCAGTCTC-1
GRCh38,CCCTCTCGTCGATTGG-1
GRCh38,CCCTCTCGTCGGATAT-1
GRCh38,CCCTGATGTCAGTTGG-1
GRCh38,CCCTGATGTCGAAGTT-1
GRCh38,CCCTGATGTGTTAGCG-1
GRCh38,CCCTTACCACTTCGTC-1
GRCh38,CCCTTACCAGGATTAG-1
GRCh38,CCCTTATAGGCACCCA-1
GRCh38,CCCTTCGCAGCGCTTA-1
GRCh38,CCCTTGCAGCGGGGAT-1
GRCh38,CCCTTGCAGGTAGGGC-1
GRCh38,CCCTTGCAGGTGGGTA-1
GRCh38,CCGAAACTCATAGTGT-1
GRCh38,CCGAATATCATGGTTG-1
GRCh38,CCGAATATCCGCTTCA-1
GRCh38,CCGAATATCCGGTCAG-1
GRCh38,CCGAATATCGGAGCTT-1
GRCh38,CCGAATGGTCTGCGCC-1
GRCh38,CCGACAAGTACTAAGC-1
GRCh38,CCGACAAGTAGGGGCA-1
GRCh38,CCGACAAGTCAGTATA-1
GRCh38,CCGACACCAAGGATAT-1
GRCh38,CCGACACCACCACTCT-1
GRCh38,CCGACACCACTTATAG-1
GRCh38,CCGACATAGAACGATA-1
GRCh38,CCGACATAGATTACAC-1
GRCh38,CCGACTACAATGGTCT-1
GRCh38,CCGACTACACCCTAGA-1
GRCh38,CCGACTCTCAACGTAT-1
GRCh38,CCGACTCTCAGCCCTC-1
GRCh38,CCGACTCTCGCCATGG-1
GRCh38,CCGATAGGTCGCATTC-1
GRCh38,CCGATTAAGAGGTACG-1
GRCh38,CCGATTAAGCCCTAGG-1
GRCh38,CCGCAATAGACTGCCG-1
GRCh38,CCGCAATAGGTCTCCC-1
GRCh38,CCGCACAAGAATGGTA-1
GRCh38,CCGCACAAGAGAGTTA-1
GRCh38,CCGCACAAGCGGTTCG-1
GRCh38,CCGCACTTCACAACGC-1
GRCh38,CCGCACTTCAGCATTG-1
GRCh38,CCGCACTTCCACCCAC-1
GRCh38,CCGCAGTCACCGCTAA-1
GRCh38,CCGCATACAACCAACT-1
GRCh38,CCGCATCTCAACAGCC-1
GRCh38,CCGCATCTCCAATAGT-1
GRCh38,CCGCATCTCCGGCAAT-1
GRCh38,CCGCATCTCCTCTGAT-1
GRCh38,CCGCATTGTATCAGGT-1
GRCh38,CCGCATTGTCATACGG-1
GRCh38,CCGCCGTGTATGCCAG-1
GRCh38,CCGCCTAGTCATCTCA-1
GRCh38,CCGCCTAGTGGGTGCT-1
GRCh38,CCGCTAGAGGTCATGC-1
GRCh38,CCGCTATGTCCAGGTA-1
GRCh38,CCGCTGAAGGTATTGT-1
GRCh38,CCGCTGTTCCTTGTGT-1
GRCh38,CCGCTGTTCGTACATG-1
GRCh38,CCGCTTATCCAGGGTT-1
GRCh38,CCGCTTATCCTAACTC-1
GRCh38,CCGCTTGGTAAGTAGG-1
GRCh38,CCGCTTGGTAGGACCC-1
GRCh38,CCGCTTGGTGGACCGT-1
GRCh38,CCGGAAGCACTAATCA-1
GRCh38,CCGGAAGCACTGCACA-1
GRCh38,CCGGACTCAAGTAAAC-1
GRCh38,CCGGACTCAATGCTCG-1
GRCh38,CCGGACTCAGTAGCGG-1
GRCh38,CCGGATTAGCTCTGAA-1
GRCh38,CCGGATTAGGTATATC-1
GRCh38,CCGGCCTGTAGCCCTT-1
GRCh38,CCGGCTTTCAGCACTA-1
GRCh38,CCGGGTATCACATCTC-1
GRCh38,CCGGTAAGTGTCGCCC-1
GRCh38,CCGGTATAGAGTCCAC-1
GRCh38,CCGGTTACACCACTGA-1
GRCh38,CCGGTTCTCACATCAG-1
GRCh38,CCGGTTCTCACGTAAT-1
GRCh38,CCGGTTCTCGCTGAGT-1
GRCh38,CCGGTTCTCGCTTATC-1
GRCh38,CCGTAAATCCCACTCA-1
GRCh38,CCGTAACAGACCCTAA-1
GRCh38,CCGTAACAGATACGAA-1
GRCh38,CCGTAACAGCTGTACA-1
GRCh38,CCGTAAGGTCACCCAT-1
GRCh38,CCGTAAGGTCATCTAT-1
GRCh38,CCGTAATCAAAATGGT-1
GRCh38,CCGTAATCAAAGTACG-1
GRCh38,CCGTAATCAGGCGACA-1
GRCh38,CCGTAGTAGACTTAAC-1
GRCh38,CCGTAGTAGAGAAGCT-1
GRCh38,CCGTAGTAGCCGCGTA-1
GRCh38,CCGTATAAGGTGATTT-1
GRCh38,CCGTCAACAGTGGACG-1
GRCh38,CCGTCAGAGAGGTAAC-1
GRCh38,CCGTCAGAGATCCGTA-1
GRCh38,CCGTCCAGTGGAGCAG-1
GRCh38,CCGTCCAGTGTGTTAA-1
GRCh38,CCGTCGAAGGGCGATA-1
GRCh38,CCGTCGAAGGTGAGTG-1
GRCh38,CCGTCGCGTCGAAGCC-1
GRCh38,CCGTCGCGTCGGCTCC-1
GRCh38,CCGTCGCGTGCGCGAT-1
GRCh38,CCGTCTGGTAGTAAGG-1
GRCh38,CCGTCTGGTCTAGCAG-1
GRCh38,CCGTCTGGTGCGCTCC-1
GRCh38,CCGTGATAGGTATTCG-1
GRCh38,CCGTTAAAGGTATACT-1
GRCh38,CCGTTAGCAAGGACTA-1
GRCh38,CCGTTAGCACATGGTT-1
GRCh38,CCGTTGGAGAACTTCG-1
GRCh38,CCGTTGTGTGGTCTCT-1
GRCh38,CCGTTTAGTAGTCAGT-1
GRCh38,CCGTTTCCAACCAAGA-1
GRCh38,CCGTTTCCACTCATTT-1
GRCh38,CCTAAAGTCCTGATTC-1
GRCh38,CCTAACGCACCAGGCT-1
GRCh38,CCTAACTTCACGCAGT-1
GRCh38,CCTAACTTCACTCTCG-1
GRCh38,CCTAACTTCCAAGTGC-1
GRCh38,CCTAACTTCGTCCCTA-1
GRCh38,CCTAACTTCGTGGCCA-1
GRCh38,CCTAAGCAGATCATCG-1
GRCh38,CCTAAGCAGCCATCAA-1
GRCh38,CCTAAGCAGCTAAACT-1
GRCh38,CCTAATACACGTAAAG-1
GRCh38,CCTAATACACTCGGTA-1
GRCh38,CCTAATCTCACTTGTC-1
GRCh38,CCTAATCTCCTGTACT-1
GRCh38,CCTAATGAGCCATGAC-1
GRCh38,CCTAATTGTACTCCCG-1
GRCh38,CCTACATTCCGTTCTG-1
GRCh38,CCTACATTCCTTCTAA-1
GRCh38,CCTACCATCGCGATGT-1
GRCh38,CCTACCTCACGGCTAC-1
GRCh38,CCTACGCTCAAGGCTC-1
GRCh38,CCTACGCTCATACTAA-1
GRCh38,CCTACGCTCCGGGAAA-1
GRCh38,CCTACGCTCGTCTTAC-1
GRCh38,CCTACGGAGGCGTCAT-1
GRCh38,CCTACTCCAATCGAGA-1
GRCh38,CCTAGACAGAACGTAA-1
GRCh38,CCTAGACAGGCTGGAA-1
GRCh38,CCTAGAGGTCTAACTT-1
GRCh38,CCTAGCACACCACTGA-1
GRCh38,CCTAGCGAGCACGGTT-1
GRCh38,CCTAGCGAGGGGGTTA-1
GRCh38,CCTAGCTGTCCGCTTG-1
GRCh38,CCTAGCTGTGTCACGA-1
GRCh38,CCTAGGCCAAAAGCAT-1
GRCh38,CCTAGGCCAAGACAAT-1
GRCh38,CCTAGGGTCACTCTCG-1
GRCh38,CCTAGGGTCATGGGTC-1
GRCh38,CCTAGTAAGCAAATGA-1
GRCh38,CCTAGTAAGCCGTCGA-1
GRCh38,CCTAGTAAGCTGTAAT-1
GRCh38,CCTAGTCGTACGTCAG-1
GRCh38,CCTAGTTTCAAACCAT-1
GRCh38,CCTAGTTTCCATTGCT-1
GRCh38,CCTAGTTTCCTATACC-1
GRCh38,CCTATACTCAGCACGT-1
GRCh38,CCTATACTCCGCTACC-1
GRCh38,CCTATACTCCTCCTTC-1
GRCh38,CCTATACTCGTACATG-1
GRCh38,CCTATGAAGCCAGGTT-1
GRCh38,CCTATGAAGGTTCTAG-1
GRCh38,CCTATGCGTAGGATTC-1
GRCh38,CCTATGCGTAGTGCGC-1
GRCh38,CCTATGTTCACCACAA-1
GRCh38,CCTATGTTCATGCAAT-1
GRCh38,CCTATGTTCCATCTGT-1
GRCh38,CCTATTCAGATCATCG-1
GRCh38,CCTATTCAGCGGCCTA-1
GRCh38,CCTATTGGTACTACAA-1
GRCh38,CCTATTGGTAGGCCCG-1
GRCh38,CCTATTGGTCGCTGCC-1
GRCh38,CCTATTGGTGGCAAGG-1
GRCh38,CCTCACCAGGTGCGAA-1
GRCh38,CCTCACTCAAAATCTT-1
GRCh38,CCTCAGACAGGACACG-1
GRCh38,CCTCATAGTCGTCAGA-1
GRCh38,CCTCATAGTGTGCCGG-1
GRCh38,CCTCATCCAAATCGGA-1
GRCh38,CCTCATCCACCACTAG-1
GRCh38,CCTCATTAGATTACCG-1
GRCh38,CCTCGAACAAATGAAC-1
GRCh38,CCTCGAACAGTTGGTT-1
GRCh38,CCTCGATGTCAATTCT-1
GRCh38,CCTCGTCAGAGCCCCA-1
GRCh38,CCTCGTCAGCACGTAC-1
GRCh38,CCTCGTCAGGCGGAGT-1
GRCh38,CCTCGTCAGGCGTTTA-1
GRCh38,CCTCGTCAGGCTGGAA-1
GRCh38,CCTCTACCAAGCGCCT-1
GRCh38,CCTCTACCAGCGACGA-1
GRCh38,CCTCTAGTCCCTACGC-1
GRCh38,CCTCTCCGTCTAGGTG-1
GRCh38,CCTCTCCGTGCAAGCC-1
GRCh38,CCTCTCGCAAACGCGG-1
GRCh38,CCTCTCGCAACTCTCC-1
GRCh38,CCTCTGGGTATCGCTC-1
GRCh38,CCTCTGGGTCTTCAAT-1
GRCh38,CCTCTGGGTGGCAATT-1
GRCh38,CCTCTGGGTGGGTCTA-1
GRCh38,CCTCTGGGTGGTATTA-1
GRCh38,CCTCTGGGTGTCGATG-1
GRCh38,CCTCTGGGTGTTCTCA-1
GRCh38,CCTCTTACAAAATTTC-1
GRCh38,CCTCTTACAATCGGCC-1
GRCh38,CCTCTTACACTACTCC-1
GRCh38,CCTCTTACAGGTGATA-1
GRCh38,CCTGAAATCCCAGCCT-1
GRCh38,CCTGACCTCAAACTTA-1
GRCh38,CCTGACCTCCGTACAA-1
GRCh38,CCTGACCTCCTTCGCA-1
GRCh38,CCTGACCTCGGTTATG-1
GRCh38,CCTGACGAGGGACACA-1
GRCh38,CCTGATAAGACTCGAC-1
GRCh38,CCTGATCGTACGCATG-1
GRCh38,CCTGATCGTATGTTGA-1
GRCh38,CCTGATCGTGTAACGT-1
GRCh38,CCTGATCGTGTGCCGG-1
GRCh38,CCTGCAACACAATGGA-1
GRCh38,CCTGCAACAGGTATCT-1
GRCh38,CCTGCACTCAACTGCA-1
GRCh38,CCTGCACTCACTCTTA-1
GRCh38,CCTGCACTCCCTTGTG-1
GRCh38,CCTGCACTCCTACATC-1
GRCh38,CCTGCAGAGCCTTAGA-1
GRCh38,CCTGCGAAGAAACTAG-1
GRCh38,CCTGCGAAGCAAAGTA-1
GRCh38,CCTGCGAAGCATGCCG-1
GRCh38,CCTGCGAAGCGCACAT-1
GRCh38,CCTGCGCGTACCACAG-1
GRCh38,CCTGCGCGTGGAAAGC-1
GRCh38,CCTGCTATCACTGCCC-1
GRCh38,CCTGCTATCATGGAAA-1
GRCh38,CCTGCTATCCTGTACT-1
GRCh38,CCTGGCAAGACCCTAA-1
GRCh38,CCTGGCTTCAAGCCGT-1
GRCh38,CCTGGCTTCACCAACA-1
GRCh38,CCTGGCTTCGGCGTAT-1
GRCh38,CCTGGCTTCGGTTCAA-1
GRCh38,CCTGGCTTCGTATTCC-1
GRCh38,CCTGTACGTATCTTCG-1
GRCh38,CCTGTACGTCAATGTA-1
GRCh38,CCTGTACGTCGCGTGG-1
GRCh38,CCTGTAGCAGGCATTT-1
GRCh38,CCTGTCATCAGGGCTT-1
GRCh38,CCTGTCATCCAGCAAC-1
GRCh38,CCTGTCATCCGAGCAT-1
GRCh38,CCTGTCATCCTTGTAC-1
GRCh38,CCTGTCATCGTGCTCC-1
GRCh38,CCTGTCGGTAGTGAGA-1
GRCh38,CCTGTCGGTGTTACGG-1
GRCh38,CCTGTGGAGGCTTAAT-1
GRCh38,CCTGTGGAGGGTTGTC-1
GRCh38,CCTTAACTCAAGCTTG-1
GRCh38,CCTTAACTCAGGCCAT-1
GRCh38,CCTTAACTCCATTCCG-1
GRCh38,CCTTAAGAGAATGCAA-1
GRCh38,CCTTAATGTGGCAATT-1
GRCh38,CCTTAATGTGTTCGAG-1
GRCh38,CCTTACCCAGTAGCGG-1
GRCh38,CCTTAGAAGACCTGCG-1
GRCh38,CCTTAGAAGCTGGCAT-1
GRCh38,CCTTAGAAGGTATTCG-1
GRCh38,CCTTAGCGTAAGGGTA-1
GRCh38,CCTTAGCGTACAAGAG-1
GRCh38,CCTTAGCGTATGTCGG-1
GRCh38,CCTTAGCGTGTGTTGG-1
GRCh38,CCTTAGTTCATATTAG-1
GRCh38,CCTTCAGTCAAAGGTA-1
GRCh38,CCTTCAGTCCACTTAC-1
GRCh38,CCTTCATAGGCACCAT-1
GRCh38,CCTTCATAGGTAGGGC-1
GRCh38,CCTTCCCGTAATGGAG-1
GRCh38,CCTTCCCGTGTCTTAT-1
GRCh38,CCTTCCCGTGTGCGCG-1
GRCh38,CCTTCCGCACCAAGGG-1
GRCh38,CCTTCCGCAGTGGACG-1
GRCh38,CCTTCCTTCGGACGTT-1
GRCh38,CCTTCGATCGTGGCAT-1
GRCh38,CCTTCGGGTAGAGTGA-1
GRCh38,CCTTCTCTCAAGGGTG-1
GRCh38,CCTTCTCTCACGCGCA-1
GRCh38,CCTTGAGCACCTAGCA-1
GRCh38,CCTTGCCAGCACCAAC-1
GRCh38,CCTTGCCAGCCGCGTA-1
GRCh38,CCTTGCCAGCTGACCG-1
GRCh38,CCTTGCCAGGTCGTAC-1
GRCh38,CCTTGCGGTGGGTAGG-1
GRCh38,CCTTGTAGTATAGCGT-1
GRCh38,CCTTTAATCAATCGGC-1
GRCh38,CCTTTAATCCCTCGGT-1
GRCh38,CCTTTAATCCTGTTCG-1
GRCh38,CCTTTACAGCCTTATC-1
GRCh38,CCTTTACAGCTAGCCG-1
GRCh38,CCTTTAGGTCCGGCCT-1
GRCh38,CCTTTAGGTGCTCTTA-1
GRCh38,CCTTTAGGTGGATCGC-1
GRCh38,CCTTTAGGTGTTAAGC-1
GRCh38,CCTTTCACAAGCGCTC-1
GRCh38,CCTTTCACAATATTAC-1
GRCh38,CCTTTCACAATCAAGG-1
GRCh38,CCTTTCCTCCTCGCTA-1
GRCh38,CCTTTCCTCGTTACCT-1
GRCh38,CCTTTGAGTCTCATAT-1
GRCh38,CCTTTGAGTGCATTGG-1
GRCh38,CCTTTGGTCCCGAATA-1
GRCh38,CCTTTGGTCGTAAATC-1
GRCh38,CGAAACCTCAGTTGCA-1
GRCh38,CGAAACGAGAACTGAA-1
GRCh38,CGAACAGAGACCCAAC-1
GRCh38,CGAACAGAGACGTGTC-1
GRCh38,CGAACGAAGACCTTTC-1
GRCh38,CGAACGGCAATACGCT-1
GRCh38,CGAACGGCAATTAACT-1
GRCh38,CGAACGGCACTGGGAG-1
GRCh38,CGAACGGCAGTAGGGT-1
GRCh38,CGAAGCAAGACTATGT-1
GRCh38,CGAAGCAAGCATGTAT-1
GRCh38,CGAAGCCGTCACACTC-1
GRCh38,CGAAGGGGTAGTCCAG-1
GRCh38,CGAAGGGGTATCCCTA-1
GRCh38,CGAAGGGGTCCTCTCC-1
GRCh38,CGAAGGGGTGGCATTG-1
GRCh38,CGAAGGTCACTCATTT-1
GRCh38,CGAAGTACAACCCTAG-1
GRCh38,CGAAGTACAACGTTCG-1
GRCh38,CGAAGTACACCATACG-1
GRCh38,CGAAGTACAGCTCTAG-1
GRCh38,CGAAGTCTCATCCCGC-1
GRCh38,CGAAGTCTCATGGACC-1
GRCh38,CGAATCATCAACGTAT-1
GRCh38,CGAATCTCAACATCCG-1
GRCh38,CGAATGCTCCTACTTA-1
GRCh38,CGAATGCTCCTAGTTC-1
GRCh38,CGAATGCTCGCAGTAC-1
GRCh38,CGAATGGAGAATTGTC-1
GRCh38,CGAATGGAGATCTCGA-1
GRCh38,CGAATTTAGACAGCCT-1
GRCh38,CGAATTTAGGTGAGTG-1
GRCh38,CGACACCCAAATCTCA-1
GRCh38,CGACACCCAATCCGGC-1
GRCh38,CGACAGCGTAGTCCGA-1
GRCh38,CGACAGCGTCACTCCG-1
GRCh38,CGACAGCGTCGAGCGT-1
GRCh38,CGACAGCGTGTAAGTC-1
GRCh38,CGACCATAGAGGAGTT-1
GRCh38,CGACCCCGTCGTCTTA-1
GRCh38,CGACCTACACTAACGT-1
GRCh38,CGACCTACAGCCTCTT-1
GRCh38,CGACGCATCCCGCACT-1
GRCh38,CGACGGTGTGGCTTAG-1
GRCh38,CGACGTTAGCTCAGCG-1
GRCh38,CGACTAGGTAAGTTGC-1
GRCh38,CGACTCCTCGCATAGC-1
GRCh38,CGACTCTGTACTTGCC-1
GRCh38,CGAGCGACAAGCTATC-1
GRCh38,CGAGCGACACCAGGGA-1
GRCh38,CGAGGAGGTCGTAGAT-1
GRCh38,CGAGGAGGTGGGCAAG-1
GRCh38,CGAGGCTGTATAGTGC-1
GRCh38,CGAGGCTGTGGCGCAT-1
GRCh38,CGAGGGAGTAATTGGC-1
GRCh38,CGAGGGAGTCAGCATG-1
GRCh38,CGAGGGAGTCAGTCAG-1
GRCh38,CGAGGGAGTGTATGCG-1
GRCh38,CGAGTAACAACGCGTC-1
GRCh38,CGAGTAACAATGGGAC-1
GRCh38,CGAGTAACACTATACA-1
GRCh38,CGAGTAGAGCCATTGA-1
GRCh38,CGAGTCAGTACAACGT-1
GRCh38,CGAGTCTAGCTGTAAT-1
GRCh38,CGAGTGCGTACCTAGG-1
GRCh38,CGAGTGCGTATTCGGG-1
GRCh38,CGAGTGTTCAGGGGTA-1
GRCh38,CGAGTGTTCATTACTT-1
GRCh38,CGATAAGCAATAGCCT-1
GRCh38,CGATAATTCCTGTCGC-1
GRCh38,CGATACATCACTTCCG-1
GRCh38,CGATAGACACCCTAAG-1
GRCh38,CGATAGACACGTCAAT-1
GRCh38,CGATAGCTCCTTCAAC-1
GRCh38,CGATAGTGTAGCGCGT-1
GRCh38,CGATAGTGTGGTCAAT-1
GRCh38,CGATAGTGTGTCCCAT-1
GRCh38,CGATCAATCCATAACG-1
GRCh38,CGATCAATCCGGTATA-1
GRCh38,CGATCAGGTACCCCTG-1
GRCh38,CGATCAGGTCGGATAT-1
GRCh38,CGATCAGGTCGTAGGC-1
GRCh38,CGATCGGTCAGAATAG-1
GRCh38,CGATCGGTCCGCATAA-1
GRCh38,CGATGAGAGATTCAAC-1
GRCh38,CGATGATGTGCGTATG-1
GRCh38,CGATGATGTGTGTCCT-1
GRCh38,CGATGGAAGCCAGAGA-1
GRCh38,CGATGGCGTACCCATC-1
GRCh38,CGATGGCGTAGTACGT-1
GRCh38,CGATGGGCAACATACC-1
GRCh38,CGATGGGCACGCGCAT-1
GRCh38,CGATGGGCACTAGCAT-1
GRCh38,CGATGGTTCACATCTC-1
GRCh38,CGATGGTTCCATCGTT-1
GRCh38,CGATGTATCACATCAG-1
GRCh38,CGATGTATCATTGCTC-1
GRCh38,CGATGTTCAGGTTACT-1
GRCh38,CGATTACCAGTATAGG-1
GRCh38,CGATTATAGAGTTGAA-1
GRCh38,CGATTATAGCCATCAA-1
GRCh38,CGATTCAAGAATATCC-1
GRCh38,CGATTCAAGATCTTGG-1
GRCh38,CGATTCAAGCGCTATA-1
GRCh38,CGATTCAAGGTACGTC-1
GRCh38,CGATTCCGTAGGGCGA-1
GRCh38,CGATTGCAGAAGCGAT-1
GRCh38,CGATTGCAGAGAATTG-1
GRCh38,CGATTGCAGCAACAGG-1
GRCh38,CGATTGCAGGGAAGCC-1
GRCh38,CGATTTACAAACTCCG-1
GRCh38,CGATTTACAACACGCC-1
GRCh38,CGATTTACACTCTCCG-1
GRCh38,CGCAAATGTAATCCCC-1
GRCh38,CGCAACCCAAGTTGAG-1
GRCh38,CGCAACCCAGCTCAAT-1
GRCh38,CGCAATTCAGGAATCA-1
GRCh38,CGCACATAGAGGTACG-1
GRCh38,CGCACCCGTCTAATTC-1
GRCh38,CGCACGTCACCTGACA-1
GRCh38,CGCACTACAATTAAAG-1
GRCh38,CGCACTACACACTAAC-1
GRCh38,CGCACTCTCACGTCCC-1
GRCh38,CGCAGCTCACGTAACT-1
GRCh38,CGCAGCTCAGTATGCT-1
GRCh38,CGCAGGACACGGTATT-1
GRCh38,CGCAGGACAGTATGTC-1
GRCh38,CGCAGTAGTACGGTGC-1
GRCh38,CGCAGTAGTCAATATG-1
GRCh38,CGCAGTAGTCCACGTT-1
GRCh38,CGCAGTCCAACGTTAC-1
GRCh38,CGCAGTCCAATATTCG-1
GRCh38,CGCATACAGAACGGAT-1
GRCh38,CGCATACAGACGGAGC-1
GRCh38,CGCATACAGCTGGGTT-1
GRCh38,CGCATAGGTATAGCGT-1
GRCh38,CGCATAGGTCGACTTC-1
GRCh38,CGCATAGGTGCCCCGT-1
GRCh38,CGCATCACAACTCGGC-1
GRCh38,CGCATCTGTATCAATG-1
GRCh38,CGCATTCGTATTCTGT-1
GRCh38,CGCCAACCAGTGTTAC-1
GRCh38,CGCCAATAGGTCCTCC-1
GRCh38,CGCCAATAGGTCTACA-1
GRCh38,CGCCATACAACATTAT-1
GRCh38,CGCCATACACACAAGA-1
GRCh38,CGCCATTGTAGTTAGC-1
GRCh38,CGCCATTGTGTCTGAG-1
GRCh38,CGCCCAAAGACACCCG-1
GRCh38,CGCCCAAAGCACCCGA-1
GRCh38,CGCCCAAAGCCTGGTG-1
GRCh38,CGCCCAAAGCTACTGA-1
GRCh38,CGCCCATTCAGAGTAA-1
GRCh38,CGCCCATTCAGGGCTT-1
GRCh38,CGCCCATTCGTGTTGA-1
GRCh38,CGCCCGTGTAATGGCT-1
GRCh38,CGCCCTAGTAGTCGCA-1
GRCh38,CGCCCTAGTCCTCATA-1
GRCh38,CGCCCTAGTCTAAGCG-1
GRCh38,CGCCCTAGTGTTAGGT-1
GRCh38,CGCCGTCGTGCGTCTT-1
GRCh38,CGCCTACTCATACGCA-1
GRCh38,CGCCTACTCCAAGTAT-1
GRCh38,CGCCTAGAGACCCACG-1
GRCh38,CGCCTAGAGCTGATAT-1
GRCh38,CGCCTAGAGGCTGGTT-1
GRCh38,CGCCTATGTCCGGCCT-1
GRCh38,CGCCTATGTGGGCAAG-1
GRCh38,CGCCTATGTGGTTGAT-1
GRCh38,CGCCTGAAGACGGGGT-1
GRCh38,CGCCTGAAGGTAATTC-1
GRCh38,CGCGACTCAATAAGGT-1
GRCh38,CGCGACTCACATTCCC-1
GRCh38,CGCGACTCACCTACGA-1
GRCh38,CGCGATTAGATTATGC-1
GRCh38,CGCGATTAGCTGCGAT-1
GRCh38,CGCGATTAGGTCTATG-1
GRCh38,CGCGGATGTCTTAGTT-1
GRCh38,CGCGTAAGTACAGGTT-1
GRCh38,CGCGTAAGTGTGGATT-1
GRCh38,CGCGTACCAATGCATC-1
GRCh38,CGCGTACCAGGGCAAT-1
GRCh38,CGCGTATAGGTGCTAC-1
GRCh38,CGCGTCAAGCATCGAC-1
GRCh38,CGCGTCAAGCTGGCAT-1
GRCh38,CGCGTCAAGGTCCTTT-1
GRCh38,CGCGTCCGTAACCCCT-1
GRCh38,CGCGTCCGTAACGCAT-1
GRCh38,CGCGTCCGTATATTCC-1
GRCh38,CGCGTCCGTGCGCCTC-1
GRCh38,CGCGTGGGTAGGAAAT-1
GRCh38,CGCGTTACACAACGGG-1
GRCh38,CGCGTTACACCTAATA-1
GRCh38,CGCTAAATCGGTGGTT-1
GRCh38,CGCTACCTCAGACTGC-1
GRCh38,CGCTATAAGCCCTAGG-1
GRCh38,CGCTATAAGGCAAGGC-1
GRCh38,CGCTATCGTAGGGAGT-1
GRCh38,CGCTATCGTATAGTCA-1
GRCh38,CGCTCAACAAAAGCAT-1
GRCh38,CGCTCAACAAAGCTAG-1
GRCh38,CGCTCAACACCGTACA-1
GRCh38,CGCTCGAAGATAATCC-1
GRCh38,CGCTCGAAGCATCAAT-1
GRCh38,CGCTCGCGTGCAAGCC-1
GRCh38,CGCTCGCGTGTCTATT-1
GRCh38,CGCTGATAGATATCAC-1
GRCh38,CGCTGATAGGGGAGCT-1
GRCh38,CGCTGCAAGCTGCGTG-1
GRCh38,CGCTGCCGTCCAACTC-1
GRCh38,CGCTGCCGTGGTATGT-1
GRCh38,CGCTTCATCAATCCTC-1
GRCh38,CGCTTCATCGCCTCTA-1
GRCh38,CGCTTCGGTGGGTGAG-1
GRCh38,CGCTTGCTCGTTCACT-1
GRCh38,CGCTTGGAGAAGGCGC-1
GRCh38,CGCTTGGAGCGCTGCA-1
GRCh38,CGCTTGGAGCTGTCGG-1
GRCh38,CGCTTTAGTGTTGCGA-1
GRCh38,CGCTTTCCAACACGAA-1
GRCh38,CGCTTTCCACCTTACC-1
GRCh38,CGCTTTCCACGCGAAG-1
GRCh38,CGCTTTCCACTAAATT-1
GRCh38,CGGAAACCAGTTAGCT-1
GRCh38,CGGAAAGTCGTAGATT-1
GRCh38,CGGAATCTCCTTGTAC-1
GRCh38,CGGAATTGTGCTATCC-1
GRCh38,CGGATAGAGCATTAGT-1
GRCh38,CGGATAGAGCCTAGTA-1
GRCh38,CGGATATGTATACGGT-1
GRCh38,CGGATATGTCCATGCT-1
GRCh38,CGGATATGTCTAGGGC-1
GRCh38,CGGATATGTGTAATTG-1
GRCh38,CGGATATGTGTAGCGC-1
GRCh38,CGGATATGTGTCCCTG-1
GRCh38,CGGATATGTGTTGCGA-1
GRCh38,CGGATTCAGCTTAGCA-1
GRCh38,CGGATTCAGGCGATAG-1
GRCh38,CGGCAAGCACTGGAGG-1
GRCh38,CGGCAAGCAGGACTAA-1
GRCh38,CGGCAAGCAGTCTTAA-1
GRCh38,CGGCAATTCAGTCCGG-1
GRCh38,CGGCAATTCCTACATC-1
GRCh38,CGGCACATCCCGCGTT-1
GRCh38,CGGCACATCGCAGTGT-1
GRCh38,CGGCACATCGTCACCC-1
GRCh38,CGGCATGTCACTTCCG-1
GRCh38,CGGCATGTCATGCGGT-1
GRCh38,CGGCATGTCCATCATC-1
GRCh38,CGGCATTAGACCCTTT-1
GRCh38,CGGCATTAGGTACGTC-1
GRCh38,CGGCCTAAGACCCTAA-1
GRCh38,CGGCCTAAGCTCATAG-1
GRCh38,CGGCCTTTCGCACTAA-1
GRCh38,CGGCCTTTCGTGTCGG-1
GRCh38,CGGCGTATCACTCGGG-1
GRCh38,CGGCTACCACATAATT-1
GRCh38,CGGCTCCGTCTGTCTA-1
GRCh38,CGGCTGGGTGGGTAGG-1
GRCh38,CGGCTTACAAAGTCTC-1
GRCh38,CGGCTTACAATCTTAG-1
GRCh38,CGGCTTACACGCAGCT-1
GRCh38,CGGGATAAGCGAATTT-1
GRCh38,CGGGCATGTCTTAGGG-1
GRCh38,CGGGGATAGACAGTTT-1
GRCh38,CGGGGTACACACTGCA-1
GRCh38,CGGGTAAAGACCTTTC-1
GRCh38,CGGGTAAAGACGAAGT-1
GRCh38,CGGGTAAAGGTAACCC-1
GRCh38,CGGGTAAAGGTACCCG-1
GRCh38,CGGGTCTCAAACACCT-1
GRCh38,CGGGTTAGTAAGTCTA-1
GRCh38,CGGGTTAGTCAGCTTC-1
GRCh38,CGGGTTAGTGCTTGGA-1
GRCh38,CGGGTTGTCATGCGTA-1
GRCh38,CGGGTTTAGAAACGCG-1
GRCh38,CGGGTTTAGCGACGTT-1
GRCh38,CGGTATATCCAGTCCC-1
GRCh38,CGGTATATCGTTGGCG-1
GRCh38,CGGTATTCAAGGCGCA-1
GRCh38,CGGTATTCAGCATGGG-1
GRCh38,CGGTCATAGGCAACGA-1
GRCh38,CGGTCCTTCAAAGCCC-1
GRCh38,CGGTCCTTCACAGCAC-1
GRCh38,CGGTCGATCCATCGGG-1
GRCh38,CGGTCGTCAGCGTGTC-1
GRCh38,CGGTGCTCAGCCCTAA-1
GRCh38,CGGTGTAGTATCCTGC-1
GRCh38,CGGTGTAGTCAGTCAG-1
GRCh38,CGGTGTAGTCTTATGT-1
GRCh38,CGGTGTCCAAGCGCAG-1
GRCh38,CGGTGTCCACCACGGT-1
GRCh38,CGGTGTTAGCCATAAT-1
GRCh38,CGGTGTTAGGGATGAT-1
GRCh38,CGGTTAATCCCATCTG-1
GRCh38,CGGTTACAGCTAGGAG-1
GRCh38,CGGTTAGGTAAGGGTA-1
GRCh38,CGGTTCGAGATCAGGG-1
GRCh38,CGGTTCGAGGCTTGTA-1
GRCh38,CGGTTCGAGGGAATGT-1
GRCh38,CGGTTCTGTCGCCTAT-1
GRCh38,CGGTTCTGTCGTCAGA-1
GRCh38,CGGTTCTGTCGTTGCT-1
GRCh38,CGGTTTAAGCGGCATT-1
GRCh38,CGGTTTAAGCGGCCTA-1
GRCh38,CGGTTTAAGCTACACA-1
GRCh38,CGGTTTAAGGTAGTAA-1
GRCh38,CGGTTTAAGGTGCTGT-1
GRCh38,CGTAAAGCAAGTAAAC-1
GRCh38,CGTAAAGCACATCGGC-1
GRCh38,CGTAAATTCACTCATC-1
GRCh38,CGTAAATTCGTACGGT-1
GRCh38,CGTAACATCAATTCGG-1
GRCh38,CGTAACATCATACTCC-1
GRCh38,CGTAACCAGCTTGGGT-1
GRCh38,CGTAACCAGGCATCAC-1
GRCh38,CGTAACTCAACCATCG-1
GRCh38,CGTAACTCAGCATAAG-1
GRCh38,CGTAACTCAGTAAGAT-1
GRCh38,CGTAATAGTAAGGAAT-1
GRCh38,CGTAATAGTCACCGTT-1
GRCh38,CGTAATAGTCCAGTGA-1
GRCh38,CGTAATAGTCTGATAA-1
GRCh38,CGTAATAGTGGGACCT-1
GRCh38,CGTAATCCAATTAAGA-1
GRCh38,CGTAATCCACAAGCGG-1
GRCh38,CGTAATCCACAAGTAG-1
GRCh38,CGTAATCCAGTTGCCA-1
GRCh38,CGTAATTAGCTAGATT-1
GRCh38,CGTAATTAGGCCTGAT-1
GRCh38,CGTAATTAGGGGATTG-1
GRCh38,CGTACACAGAGCGACA-1
GRCh38,CGTACACAGCACTGTA-1
GRCh38,CGTACAGGTACTTTCG-1
GRCh38,CGTACAGGTCGCGTCC-1
GRCh38,CGTACATCACAACATC-1
GRCh38,CGTACATCACGGCTAC-1
GRCh38,CGTACATCAGCCAATT-1
GRCh38,CGTACCGAGAGGCAGC-1
GRCh38,CGTACCTGTACTATTC-1
GRCh38,CGTACCTGTATAGGGA-1
GRCh38,CGTACCTGTATGTACA-1
GRCh38,CGTACCTGTGTCTCCG-1
GRCh38,CGTACGCCACTGTACG-1
GRCh38,CGTACGCCAGTTACTA-1
GRCh38,CGTAGAACAAATCTCA-1
GRCh38,CGTAGAACAACATTAT-1
GRCh38,CGTAGAACAATGCATC-1
GRCh38,CGTAGAACACGGGTAG-1
GRCh38,CGTAGAGAGCTCGATA-1
GRCh38,CGTAGATGTATTGCCC-1
GRCh38,CGTAGATGTCGCGGAT-1
GRCh38,CGTAGCCCAAGCGCAG-1
GRCh38,CGTAGCCCACACTAAC-1
GRCh38,CGTAGCTAGCAGTCTA-1
GRCh38,CGTAGGCGTCGAAGGG-1
GRCh38,CGTAGGCGTCTACTAT-1
GRCh38,CGTAGGGCACCTAGAT-1
GRCh38,CGTAGTGGTCCAAGAT-1
GRCh38,CGTAGTGGTGGCTATG-1
GRCh38,CGTATAAGTAGTTTAG-1
GRCh38,CGTATAAGTATGTTAG-1
GRCh38,CGTATAGTCGTAGGCT-1
GRCh38,CGTATATAGAATGGTA-1
GRCh38,CGTATATAGCTCAGTA-1
GRCh38,CGTATATAGGGGAATT-1
GRCh38,CGTATATAGGTACGTC-1
GRCh38,CGTATCGCAAAGTCTC-1
GRCh38,CGTATCGCAATCAGTC-1
GRCh38,CGTATCGCACCGACAC-1
GRCh38,CGTATGGGTACAAGAG-1
GRCh38,CGTATGGGTCAGTAGT-1
GRCh38,CGTATGGGTCTGGTCT-1
GRCh38,CGTATTCTCCCTTTGG-1
GRCh38,CGTATTGAGACAATGA-1
GRCh38,CGTATTGAGCACGTCG-1
GRCh38,CGTATTGAGCACTGTA-1
GRCh38,CGTATTGAGCATTAAC-1
GRCh38,CGTATTGAGCATTACG-1
GRCh38,CGTCAACAGCAATGGG-1
GRCh38,CGTCAACAGGGTAGCA-1
GRCh38,CGTCAGAGTAATGGGA-1
GRCh38,CGTCAGAGTATATCAG-1
GRCh38,CGTCAGAGTCATTATC-1
GRCh38,CGTCAGTAGAGACGCA-1
GRCh38,CGTCAGTAGATGGTAA-1
GRCh38,CGTCATAAGGCGGGAT-1
GRCh38,CGTCATAAGGTTATCG-1
GRCh38,CGTCGCTTCGCTCTCA-1
GRCh38,CGTCGCTTCGGCCTTC-1
GRCh38,CGTCGGGGTCAAGTTA-1
GRCh38,CGTCGGTCAATGCGAA-1
GRCh38,CGTCGTACACAATGGA-1
GRCh38,CGTCGTCTCAGTATGT-1
GRCh38,CGTCGTCTCGCCTAAA-1
GRCh38,CGTCTAAAGAGCGATG-1
GRCh38,CGTCTAAAGGGCATAG-1
GRCh38,CGTCTAGCAGGATGAC-1
GRCh38,CGTCTCCAGATGGTTT-1
GRCh38,CGTCTCCAGCAGCGAA-1
GRCh38,CGTCTCCAGCATAGCC-1
GRCh38,CGTCTCCAGGTGCCCA-1
GRCh38,CGTCTGTGTGTGTTCC-1
GRCh38,CGTGAAGAGGTCGAAG-1
GRCh38,CGTGAGAAGCCTCACC-1
GRCh38,CGTGAGCGTATGATGC-1
GRCh38,CGTGAGTTCCATATGG-1
GRCh38,CGTGAGTTCGGCCCTT-1
GRCh38,CGTGAGTTCGTCTCAT-1
GRCh38,CGTGCATAGAATGCAA-1
GRCh38,CGTGCATAGGTATCCA-1
GRCh38,CGTGCCCGTGCCTCGC-1
GRCh38,CGTGCTACAACTGGGG-1
GRCh38,CGTGCTACAAGTCCGC-1
GRCh38,CGTGGAAAGAATGACA-1
GRCh38,CGTGGAAAGAGTACGG-1
GRCh38,CGTGGAAAGCCGTTAA-1
GRCh38,CGTGGGTGTCATTTCG-1
GRCh38,CGTGGGTGTCGTATGG-1
GRCh38,CGTGGGTGTGCACAGC-1
GRCh38,CGTGGTAGTAGCCCTT-1
GRCh38,CGTGGTAGTGCTTTCA-1
GRCh38,CGTGGTTAGGCACGTT-1
GRCh38,CGTGTCCTCGTGCATA-1
GRCh38,CGTGTCGAGAACGTTT-1
GRCh38,CGTGTCGAGACGCCCA-1
GRCh38,CGTGTCGAGAGGACGC-1
GRCh38,CGTGTCGAGCGATGAG-1
GRCh38,CGTGTCGAGCGGGTTT-1
GRCh38,CGTGTCTGTCTTCAAT-1
GRCh38,CGTGTTAAGAAGCTAA-1
GRCh38,CGTGTTAAGCGTTGCG-1
GRCh38,CGTGTTAAGGGGAGCT-1
GRCh38,CGTGTTCGTACTGGGC-1
GRCh38,CGTGTTCGTGCACTCT-1
GRCh38,CGTTAATAGCGAAACG-1
GRCh38,CGTTAATAGCGTAGCT-1
GRCh38,CGTTAATAGCTATGGC-1
GRCh38,CGTTAGCAGAAGGTGT-1
GRCh38,CGTTAGCAGATCCACA-1
GRCh38,CGTTAGCAGCAATACT-1
GRCh38,CGTTAGCAGCGACGTT-1
GRCh38,CGTTAGCAGCTCATAG-1
GRCh38,CGTTAGGGTATGGCCA-1
GRCh38,CGTTAGGGTATTCTGT-1
GRCh38,CGTTAGGGTCCATGCT-1
GRCh38,CGTTAGGGTGCCCCTA-1
GRCh38,CGTTAGTCAAAATCTT-1
GRCh38,CGTTAGTCAACGACCC-1
GRCh38,CGTTAGTCACTTCGTC-1
GRCh38,CGTTAGTCAGTAACCT-1
GRCh38,CGTTATACAACGATAG-1
GRCh38,CGTTATACAAGTCCAT-1
GRCh38,CGTTATGAGAGGCTGA-1
GRCh38,CGTTATGAGCCTGTAA-1
GRCh38,CGTTCAAAGCGATTTG-1
GRCh38,CGTTCAAAGGTAACCC-1
GRCh38,CGTTCAGCACAACTAC-1
GRCh38,CGTTCAGCAGCAGGCA-1
GRCh38,CGTTCCGGTAATCTAG-1
GRCh38,CGTTCCGGTACATATG-1
GRCh38,CGTTCCGGTACTCATT-1
GRCh38,CGTTCCGGTAGGGAGT-1
GRCh38,CGTTCCGGTCAGCTTC-1
GRCh38,CGTTCCGGTGGAAATG-1
GRCh38,CGTTCGACACGTGCTA-1
GRCh38,CGTTCGACAGCATGAA-1
GRCh38,CGTTCGACAGGACCGA-1
GRCh38,CGTTCTAGTACGGATT-1
GRCh38,CGTTCTGTCACCAAGC-1
GRCh38,CGTTCTGTCACGGTCG-1
GRCh38,CGTTCTGTCAGGCCCA-1
GRCh38,CGTTGACAGCAGCCAT-1
GRCh38,CGTTGACAGCCCAGCA-1
GRCh38,CGTTGACAGCGCTGCA-1
GRCh38,CGTTGCGAGCCGGATT-1
GRCh38,CGTTGCTGTCACTTTG-1
GRCh38,CGTTGCTGTCTAGTGG-1
GRCh38,CGTTGGAGTAGCTGGC-1
GRCh38,CGTTGGAGTGTTGTGG-1
GRCh38,CGTTGGTAGCCAATAT-1
GRCh38,CGTTGGTAGGCGGGAT-1
GRCh38,CGTTGGTAGGGGTAGC-1
GRCh38,CGTTGTAAGAAGGCGC-1
GRCh38,CGTTTACTCGGTACGT-1
GRCh38,CGTTTCAGTATCACGG-1
GRCh38,CGTTTCAGTCGTTCCG-1
GRCh38,CGTTTCCCAACGGTCC-1
GRCh38,CGTTTGAAGCGCGTCA-1
GRCh38,CGTTTGAAGCGTTTAG-1
GRCh38,CTAAACCCAAAGCTTC-1
GRCh38,CTAAACCCAGGACACG-1
GRCh38,CTAAACCCAGGCGCAA-1
GRCh38,CTAAACGTCGCAAAGG-1
GRCh38,CTAAACTAGAACATAG-1
GRCh38,CTAAACTAGACATAAG-1
GRCh38,CTAAACTAGCCAAGCT-1
GRCh38,CTAAACTAGGCGATAG-1
GRCh38,CTAAAGGCAAGTCGCC-1
GRCh38,CTAAAGGCACTAAGGA-1
GRCh38,CTAAAGGCAGCGTGCT-1
GRCh38,CTAAATCAGGTCCGCA-1
GRCh38,CTAAATGGTATCCTGC-1
GRCh38,CTAAATGGTCGCAAAT-1
GRCh38,CTAAATTCAAGTGGCG-1
GRCh38,CTAACCCGTCCTGTAC-1
GRCh38,CTAACCGCACAGGTAA-1
GRCh38,CTAACGGGTAAATGGG-1
GRCh38,CTAACGGGTCCAAAGT-1
GRCh38,CTAACGTCAGTTACCG-1
GRCh38,CTAACTACACACTAAC-1
GRCh38,CTAACTACACGCACTA-1
GRCh38,CTAACTCTCCTCATTA-1
GRCh38,CTAACTTGTACTAAGC-1
GRCh38,CTAAGCGGTAGAGTAG-1
GRCh38,CTAAGCGGTCCGAATG-1
GRCh38,CTAAGCGGTGTCTAGG-1
GRCh38,CTAAGGACAAAACCAG-1
GRCh38,CTAAGGGAGAGGGATT-1
GRCh38,CTAAGGGAGGGGATTG-1
GRCh38,CTAAGTAGTGGTCTCT-1
GRCh38,CTAATATCACGTTTCC-1
GRCh38,CTAATCACACGAGTAA-1
GRCh38,CTAATCCTCACGCCCT-1
GRCh38,CTAATCCTCCCATCTG-1
GRCh38,CTAATCGAGACCTTAG-1
GRCh38,CTAATCGAGACTTAAC-1
GRCh38,CTAATCGAGCAGTCTA-1
GRCh38,CTAATCTGTAGAATGG-1
GRCh38,CTAATCTGTAGCGTGC-1
GRCh38,CTAATCTGTGGAGCGA-1
GRCh38,CTAATGAGTCTGCGCC-1
GRCh38,CTAATGGTCACTGACA-1
GRCh38,CTAATGGTCCTTGTGT-1
GRCh38,CTACAATAGAGGACAT-1
GRCh38,CTACAATAGCACTACA-1
GRCh38,CTACAATAGCCACGAT-1
GRCh38,CTACACAAGATGCCAC-1
GRCh38,CTACACAAGCTAAACT-1
GRCh38,CTACACAAGGCAATTT-1
GRCh38,CTACAGGGTCGAAGCC-1
GRCh38,CTACATACAACGCTCA-1
GRCh38,CTACATACACTGGGCT-1
GRCh38,CTACATGAGGGGATCA-1
GRCh38,CTACGACAGCCTAATG-1
GRCh38,CTACGACAGCGTACGT-1
GRCh38,CTACGACAGCTCCTCA-1
GRCh38,CTACGATCACACAAGA-1
GRCh38,CTACGCACAAACACCT-1
GRCh38,CTACGCACAAGCAAGC-1
GRCh38,CTACGCACAGCTAACT-1
GRCh38,CTACGCCTCCCGAAAC-1
GRCh38,CTACGCCTCGGCCTCT-1
GRCh38,CTACGCGAGGTGCTAC-1
GRCh38,CTACGCTGTGCCATTC-1
GRCh38,CTACGGAGTCATTTCG-1
GRCh38,CTACGGAGTCCTACGT-1
GRCh38,CTACGGAGTCTTGGTC-1
GRCh38,CTACGTAAGCTTCTAC-1
GRCh38,CTACTAACAACATATT-1
GRCh38,CTACTAACAAGCGTTT-1
GRCh38,CTACTAACAGGGTTCC-1
GRCh38,CTACTACTCCGACGCA-1
GRCh38,CTACTATGTACCCCTG-1
GRCh38,CTACTCCCACGCAGGA-1
GRCh38,CTACTGCGTCCCTCTC-1
GRCh38,CTACTGCGTCTCTCGG-1
GRCh38,CTACTGCGTGTTAAGC-1
GRCh38,CTACTTATCCAAAGCC-1
GRCh38,CTACTTATCCGCAGCA-1
GRCh38,CTACTTATCGCACGTG-1
GRCh38,CTACTTATCGCCACTC-1
GRCh38,CTACTTTCAACGGGAT-1
GRCh38,CTACTTTCACATATCA-1
GRCh38,CTACTTTCACCTGCTT-1
GRCh38,CTACTTTCACGCTTTC-1
GRCh38,CTACTTTCACTGCTTC-1
GRCh38,CTAGAAGCAGTGCATT-1
GRCh38,CTAGATTAGAAGGCAT-1
GRCh38,CTAGATTAGGGTACGA-1
GRCh38,CTAGATTAGGTCCTCC-1
GRCh38,CTAGCAATCAGACTGC-1
GRCh38,CTAGCAATCAGACTTG-1
GRCh38,CTAGCATCAAGTCGAA-1
GRCh38,CTAGCATCAGCGATAA-1
GRCh38,CTAGCCCTCACTCGTT-1
GRCh38,CTAGCCCTCCCTATGT-1
GRCh38,CTAGCCGAGGTAGTGG-1
GRCh38,CTAGCGCCAGTACAAG-1
GRCh38,CTAGCGTAGAGCGTGA-1
GRCh38,CTAGCGTAGATGCTCA-1
GRCh38,CTAGCTAAGAGTGTAA-1
GRCh38,CTAGCTCGTGCCAAAT-1
GRCh38,CTAGCTCGTGCCCCGT-1
GRCh38,CTAGCTTTCGGGTTAC-1
GRCh38,CTAGGAACAAATGGCA-1
GRCh38,CTAGGAACACCTTCTA-1
GRCh38,CTAGGAACACGACGGA-1
GRCh38,CTAGGAACAGCACCTA-1
GRCh38,CTAGGAGAGATCGGAG-1
GRCh38,CTAGGCCCAAGGCACG-1
GRCh38,CTAGGCCCACGATAAG-1
GRCh38,CTAGGGCGTAACTTTC-1
GRCh38,CTAGGGCGTCCGAAAT-1
GRCh38,CTAGGTCAGAACTCAT-1
GRCh38,CTAGGTCAGCGTTAGC-1
GRCh38,CTAGGTCAGGTCAATT-1
GRCh38,CTAGTAAGTATCTGTT-1
GRCh38,CTAGTATAGACTTAAC-1
GRCh38,CTAGTATAGAGAAGCT-1
GRCh38,CTAGTATAGGTCCAGT-1
GRCh38,CTAGTCAAGAGGACCA-1
GRCh38,CTAGTCAAGGGGCTAA-1
GRCh38,CTAGTCGCAACGGGAT-1
GRCh38,CTAGTCGCAATCATGC-1
GRCh38,CTAGTCGCAATCGACT-1
GRCh38,CTAGTCGCAGCACGCT-1
GRCh38,CTAGTGCAGACGACAG-1
GRCh38,CTAGTGCAGCCGTGAT-1
GRCh38,CTAGTTACAACCTCAG-1
GRCh38,CTAGTTACAGCAATAG-1
GRCh38,CTAGTTGAGCCCTTGC-1
GRCh38,CTATAATCAAAGGGAG-1
GRCh38,CTATAATCACTTAACA-1
GRCh38,CTATACACACTAGTTA-1
GRCh38,CTATACACACTTGACG-1
GRCh38,CTATAGCCAGGTATCT-1
GRCh38,CTATAGTAGAGGTTAA-1
GRCh38,CTATAGTAGATAAGCA-1
GRCh38,CTATAGTAGATCCCAA-1
GRCh38,CTATAGTAGCAGGCTT-1
GRCh38,CTATAGTAGCGTACCG-1
GRCh38,CTATCACTCCCAGCCT-1
GRCh38,CTATCACTCCTGAACA-1
GRCh38,CTATCAGAGAAGGGCC-1
GRCh38,CTATCAGAGCGAATGG-1
GRCh38,CTATCAGAGCTCGTTT-1
GRCh38,CTATCCAGTCATAGCG-1
GRCh38,CTATCCCCAGCAGGCA-1
GRCh38,CTATCCCCAGGTATCT-1
GRCh38,CTATCCGTCCGGCCTT-1
GRCh38,CTATCCGTCGCGCATG-1
GRCh38,CTATCCGTCGGAGGTA-1
GRCh38,CTATCCGTCGGTTTAG-1
GRCh38,CTATCGAAGCCTGATA-1
GRCh38,CTATCGAAGCTCTAGA-1
GRCh38,CTATCGCGTACAGTTA-1
GRCh38,CTATCGCGTACTTGCC-1
GRCh38,CTATCTTCAATGTGTC-1
GRCh38,CTATCTTCACTGGCAC-1
GRCh38,CTATGACCAAAAGCCA-1
GRCh38,CTATGACCACCGTCAA-1
GRCh38,CTATGCTTCCCCTAGC-1
GRCh38,CTATGCTTCGCTCCTA-1
GRCh38,CTATGGCAGAGCTTTG-1
GRCh38,CTATGGGGTCATTCCA-1
GRCh38,CTATGGGGTCGACGGT-1
GRCh38,CTATGTCTCAGAAGTA-1
GRCh38,CTATGTCTCCGGCGTA-1
GRCh38,CTATGTCTCGCATGGT-1
GRCh38,CTATGTGAGCACTTTC-1
GRCh38,CTATGTTGTGTGTTCC-1
GRCh38,CTATTCGGTGCAAGCC-1
GRCh38,CTATTCTCAGCATTAC-1
GRCh38,CTATTGCTCGCGCAAT-1
GRCh38,CTATTGGAGGGAGGTC-1
GRCh38,CTCACCCAGACGAAGT-1
GRCh38,CTCACCCAGCCCAGCA-1
GRCh38,CTCACCTCAATGCGAA-1
GRCh38,CTCACCTCACAGCGTC-1
GRCh38,CTCACGACACACAATC-1
GRCh38,CTCACGACAGCGAAAC-1
GRCh38,CTCACTCCAATTGTAT-1
GRCh38,CTCACTCCACAATTCA-1
GRCh38,CTCACTCCACGATAGA-1
GRCh38,CTCAGCGAGAAAGTGC-1
GRCh38,CTCAGCGAGATGCGAG-1
GRCh38,CTCAGCGAGATGTGAA-1
GRCh38,CTCAGGGTCACTACTC-1
GRCh38,CTCAGGTAGACGCTGT-1
GRCh38,CTCAGGTAGGCTGGAA-1
GRCh38,CTCAGTAAGACTTAAC-1
GRCh38,CTCATAACAACCATAC-1
GRCh38,CTCATAGAGAATGGGT-1
GRCh38,CTCATAGAGCAGCCCA-1
GRCh38,CTCATAGAGGTGCTAC-1
GRCh38,CTCATATGTAGAGATG-1
GRCh38,CTCATGAAGACAAGAC-1
GRCh38,CTCATGAAGAGGTGAT-1
GRCh38,CTCATGAAGCAGGGAC-1
GRCh38,CTCATTGGTCTGGTAG-1
GRCh38,CTCATTTCAACAATGG-1
GRCh38,CTCATTTCACCTCGAA-1
GRCh38,CTCCAATTCAAGCAAA-1
GRCh38,CTCCAATTCAATTCCC-1
GRCh38,CTCCAATTCACGGTTA-1
GRCh38,CTCCAATTCAGGGACA-1
GRCh38,CTCCAATTCCGGAAAG-1
GRCh38,CTCCACTCAACCTAAC-1
GRCh38,CTCCACTCACGACGGA-1
GRCh38,CTCCATCCAACGAAGC-1
GRCh38,CTCCATCCAAGCAGTA-1
GRCh38,CTCCATCCACAAACCT-1
GRCh38,CTCCATCCAGTATACC-1
GRCh38,CTCCGAACAAGGACTA-1
GRCh38,CTCCGAACAGCCTGAC-1
GRCh38,CTCCGACTCACTAATA-1
GRCh38,CTCCGACTCAGGAATA-1
GRCh38,CTCCGCAGTACTACAA-1
GRCh38,CTCCGCAGTGCCATAG-1
GRCh38,CTCCGCAGTGCTCCGC-1
GRCh38,CTCCGGTTCCTGAACA-1
GRCh38,CTCCGGTTCGGTCTAA-1
GRCh38,CTCCTACCAATGGTAG-1
GRCh38,CTCCTCAAGAACTAAG-1
GRCh38,CTCCTCAAGACATGCC-1
GRCh38,CTCCTCAAGCCACTAA-1
GRCh38,CTCCTCAAGGCGTTAC-1
GRCh38,CTCCTCTTCCAATCAG-1
GRCh38,CTCCTGGGTCTTATAC-1
GRCh38,CTCCTGGGTGTCCTTA-1
GRCh38,CTCGAAATCCTGGGCA-1
GRCh38,CTCGACACACTAGCGC-1
GRCh38,CTCGAGCCAGTGTTAC-1
GRCh38,CTCGATCGTAAGTTGC-1
GRCh38,CTCGATCGTCCTTCGG-1
GRCh38,CTCGCAACACGGGGTA-1
GRCh38,CTCGCACTCACCTCTG-1
GRCh38,CTCGCACTCATAGGGG-1
GRCh38,CTCGCACTCCACCGCT-1
GRCh38,CTCGCACTCCTATCCG-1
GRCh38,CTCGCACTCGGCTATA-1
GRCh38,CTCGCCAGTCAAAGGA-1
GRCh38,CTCGCTATCCTTGTGT-1
GRCh38,CTCGCTGGTCGAAGTT-1
GRCh38,CTCGCTGGTGCTCTGT-1
GRCh38,CTCGGCAAGATAGTGA-1
GRCh38,CTCGGCAAGGTCTGGT-1
GRCh38,CTCGGCTTCACGCTAA-1
GRCh38,CTCGGGATCATCTCCG-1
GRCh38,CTCGGGTCAAGTCCGC-1
GRCh38,CTCGGGTCACGGCTTA-1
GRCh38,CTCGGGTCACGTCAGC-1
GRCh38,CTCGGTTGTCTGTATT-1
GRCh38,CTCGGTTGTGGGATGG-1
GRCh38,CTCGTAAAGGTGCTGT-1
GRCh38,CTCGTCATCCTGAACA-1
GRCh38,CTCGTTCCACGATAAG-1
GRCh38,CTCGTTCCAGTCTAAC-1
GRCh38,CTCGTTTAGGCAGTGA-1
GRCh38,CTCTAACTCCGGTAAC-1
GRCh38,CTCTAACTCCGTCATT-1
GRCh38,CTCTAACTCCTGTCGC-1
GRCh38,CTCTAGAAGAATGGGT-1
GRCh38,CTCTAGAAGCATATGT-1
GRCh38,CTCTAGAAGCCTTAGA-1
GRCh38,CTCTAGAAGCGTTAAT-1
GRCh38,CTCTAGAAGGTGAGTG-1
GRCh38,CTCTAGCGTACCAGAT-1
GRCh38,CTCTAGCGTCTTAGTT-1
GRCh38,CTCTAGGCACAGTTAC-1
GRCh38,CTCTAGGCAGGCTCTA-1
GRCh38,CTCTAGGCAGGGCTTC-1
GRCh38,CTCTCATAGATGAAGC-1
GRCh38,CTCTCATAGCTATCAG-1
GRCh38,CTCTCATAGCTGCGTG-1
GRCh38,CTCTCCAAGACGACGA-1
GRCh38,CTCTCCGCAACGGACG-1
GRCh38,CTCTCCGCAAGTTGAG-1
GRCh38,CTCTCCTTCAGTATTA-1
GRCh38,CTCTCGATCATAAGCT-1
GRCh38,CTCTCGATCATTCATT-1
GRCh38,CTCTCGATCCCGGGTA-1
GRCh38,CTCTCGGGTCAGCGTA-1
GRCh38,CTCTCGGGTGCGAAGG-1
GRCh38,CTCTCGGGTGGTTCAG-1
GRCh38,CTCTGAAAGGCATCAC-1
GRCh38,CTCTGATTCAACAGGG-1
GRCh38,CTCTGATTCCATCGCC-1
GRCh38,CTCTGATTCCGTCGCT-1
GRCh38,CTCTGGGAGACTATGT-1
GRCh38,CTGAAAGCAAGTCATC-1
GRCh38,CTGACACAGATATCAC-1
GRCh38,CTGACATCACAAATGG-1
GRCh38,CTGACATCACAATTCA-1
GRCh38,CTGACCACAACCTGCA-1
GRCh38,CTGACCACAGCGGGTA-1
GRCh38,CTGACCGAGAGAATTG-1
GRCh38,CTGACCGAGGGGATCA-1
GRCh38,CTGACGCCAACTTAGC-1
GRCh38,CTGACGCCACGCCATA-1
GRCh38,CTGACGCCAGTCTCGA-1
GRCh38,CTGACGTAGAAGGCTG-1
GRCh38,CTGACGTAGCCATCGG-1
GRCh38,CTGATAAGTCGTGTCT-1
GRCh38,CTGATTACACAGCTCA-1
GRCh38,CTGCAAATCAGGCTTA-1
GRCh38,CTGCAAATCGTTGGCG-1
GRCh38,CTGCAACAGCCTGCAG-1
GRCh38,CTGCAAGGTCAACGTG-1
GRCh38,CTGCAAGGTCCATTCA-1
GRCh38,CTGCAAGGTGCTAAGT-1
GRCh38,CTGCAATCAACTTCGG-1
GRCh38,CTGCACACAAATACAA-1
GRCh38,CTGCACACACAATAGG-1
GRCh38,CTGCACGAGGCATACC-1
GRCh38,CTGCAGTAGCCCAAGT-1
GRCh38,CTGCATAAGAAAGGTC-1
GRCh38,CTGCATAAGGGAGTAT-1
GRCh38,CTGCATCGTGCTTAGG-1
GRCh38,CTGCGATAGCACCACG-1
GRCh38,CTGCGATAGCGGTTCG-1
GRCh38,CTGCGCCGTATCGCGA-1
GRCh38,CTGCGCCGTGGTAAAG-1
GRCh38,CTGCGTACAATGCAGA-1
GRCh38,CTGCGTACACACTAAC-1
GRCh38,CTGCGTCTCGCTATCT-1
GRCh38,CTGCTAAAGGGGTTGA-1
GRCh38,CTGCTATTCCCATATC-1
GRCh38,CTGCTCTCAAGCTGGG-1
GRCh38,CTGCTTCCAATTACGC-1
GRCh38,CTGCTTCCAGGGTTAA-1
GRCh38,CTGGAATGTATATCAG-1
GRCh38,CTGGAATGTCAGCGGT-1
GRCh38,CTGGAATGTCATATTC-1
GRCh38,CTGGAATGTCCCTAGT-1
GRCh38,CTGGAATGTCGACGGT-1
GRCh38,CTGGAATGTCTAGCAG-1
GRCh38,CTGGAGGCACGTTATA-1
GRCh38,CTGGATGGTAGTACGT-1
GRCh38,CTGGATGGTCATTCTG-1
GRCh38,CTGGCACCAAGGCTCC-1
GRCh38,CTGGCACCAAGTGCAA-1
GRCh38,CTGGCATAGCAACATT-1
GRCh38,CTGGCTCTCGTAGTCA-1
GRCh38,CTGGCTTGTAGAGAAT-1
GRCh38,CTGGCTTGTAGTCTGG-1
GRCh38,CTGGCTTGTGGACGGA-1
GRCh38,CTGGCTTGTGTAACGT-1
GRCh38,CTGGGAGCACCATCGA-1
GRCh38,CTGGGAGCACCTTCTA-1
GRCh38,CTGGGCATCATAACAC-1
GRCh38,CTGGGGACACAGGTCC-1
GRCh38,CTGGGGACACGTCTAG-1
GRCh38,CTGGGTGTCCGCACTC-1
GRCh38,CTGGGTTAGCCCATTT-1
GRCh38,CTGGGTTAGCCGGATT-1
GRCh38,CTGGTAGGTAAATTCG-1
GRCh38,CTGGTCCTCCGCTCTA-1
GRCh38,CTGGTCGAGCAAGCGA-1
GRCh38,CTGGTCGAGGGACACA-1
GRCh38,CTGGTCTGTAAGTCTA-1
GRCh38,CTGGTCTGTAATGTTG-1
GRCh38,CTGGTCTGTAATTTGG-1
GRCh38,CTGGTCTGTAGCCTCT-1
GRCh38,CTGGTCTGTATGAGAG-1
GRCh38,CTGGTCTGTCATCGAG-1
GRCh38,CTGGTCTGTGGGGATG-1
GRCh38,CTGGTCTGTGTGCAAT-1
GRCh38,CTGGTGAGTCTCGCTG-1
GRCh38,CTGGTTAAGAATGACA-1
GRCh38,CTGGTTAAGACTGCCG-1
GRCh38,CTGGTTAAGAGTGCAG-1
GRCh38,CTGGTTAAGGTGAGTG-1
GRCh38,CTGTAACCACAAGCCC-1
GRCh38,CTGTAACCACTAATCA-1
GRCh38,CTGTAATAGACTTAAC-1
GRCh38,CTGTAATAGGTAACCC-1
GRCh38,CTGTAATAGGTGGGTA-1
GRCh38,CTGTACAAGGCTTCCC-1
GRCh38,CTGTACAAGGTATATC-1
GRCh38,CTGTACCGTGCTCCTG-1
GRCh38,CTGTACGCACAGCGTC-1
GRCh38,CTGTACGCACCACTAG-1
GRCh38,CTGTAGCAGCTAACAT-1
GRCh38,CTGTATCTCCATAGGC-1
GRCh38,CTGTATGAGCCATACA-1
GRCh38,CTGTATTGTCCAGTAG-1
GRCh38,CTGTATTGTCGCTTTA-1
GRCh38,CTGTCCGGTCCATTTG-1
GRCh38,CTGTCGGAGGGCGGAT-1
GRCh38,CTGTCTAGTACCCGTT-1
GRCh38,CTGTCTAGTATCATCT-1
GRCh38,CTGTCTAGTGCTATAA-1
GRCh38,CTGTGAGGTAGTGTGT-1
GRCh38,CTGTGAGGTATGCTGG-1
GRCh38,CTGTGAGGTGTCGGCG-1
GRCh38,CTGTGCGAGAGTTGCC-1
GRCh38,CTGTGCGAGCACCCGA-1
GRCh38,CTGTGCGAGCGACCAT-1
GRCh38,CTGTGGTAGACCCTTT-1
GRCh38,CTGTGGTAGCACTGTA-1
GRCh38,CTGTGGTAGGCTTGAC-1
GRCh38,CTGTTACTCCACTACT-1
GRCh38,CTGTTATGTAAGTTGC-1
GRCh38,CTGTTATGTATCGTGG-1
GRCh38,CTGTTCGTCCAGTATG-1
GRCh38,CTGTTCGTCGGTTGTA-1
GRCh38,CTGTTGAAGCAGCGAA-1
GRCh38,CTGTTGAAGCATAGCC-1
GRCh38,CTGTTGAAGCCTGCGA-1
GRCh38,CTGTTGCGTGCGGAGA-1
GRCh38,CTGTTGCGTGGGACCT-1
GRCh38,CTGTTGCGTGTATCTT-1
GRCh38,CTGTTGCGTGTCATGG-1
GRCh38,CTTAAATCAAAGCTTC-1
GRCh38,CTTAAATCACATTGGT-1
GRCh38,CTTAAATCACCAAGCC-1
GRCh38,CTTAACACAGTGCTCA-1
GRCh38,CTTAACCTCACGACAC-1
GRCh38,CTTAACCTCATAATTG-1
GRCh38,CTTAAGCCACAGTTAC-1
GRCh38,CTTAAGCCACGTCGGT-1
GRCh38,CTTAAGCCAGCATCGC-1
GRCh38,CTTAAGCCAGTGGTAA-1
GRCh38,CTTAAGTAGACAGCAG-1
GRCh38,CTTAAGTAGCCGCGTA-1
GRCh38,CTTAATCGTAGAATGG-1
GRCh38,CTTAATTTCCAGTACA-1
GRCh38,CTTAGCAAGATCGTAT-1
GRCh38,CTTAGCAAGCTCGGCA-1
GRCh38,CTTAGCAAGGTCCTAA-1
GRCh38,CTTAGCTTCGCCCCAT-1
GRCh38,CTTAGGCAGAGCCGTT-1
GRCh38,CTTAGGCAGCAGCTGT-1
GRCh38,CTTAGGGGTACTACCC-1
GRCh38,CTTAGGGGTCATTGGG-1
GRCh38,CTTAGGGGTGTTCTCA-1
GRCh38,CTTAGTACACATAACC-1
GRCh38,CTTAGTACACTCGTTC-1
GRCh38,CTTAGTACAGGACTAA-1
GRCh38,CTTAGTGAGATCTCGA-1
GRCh38,CTTAGTGAGCAGGGGT-1
GRCh38,CTTAGTTGTCTACGCT-1
GRCh38,CTTAGTTGTGGAGCGA-1
GRCh38,CTTAGTTGTGTGCGGT-1
GRCh38,CTTATAGCACCCTTTA-1
GRCh38,CTTATGCTCATACGCA-1
GRCh38,CTTATGCTCATTGTGG-1
GRCh38,CTTCAATGTCTCGAAG-1
GRCh38,CTTCATATCGCGTCAG-1
GRCh38,CTTCATTCACTACATA-1
GRCh38,CTTCGCATCCAATGCA-1
GRCh38,CTTCGTCCAAACCGAA-1
GRCh38,CTTCGTCCAACATACC-1
GRCh38,CTTCGTCCAACATATT-1
GRCh38,CTTCGTCCACCACACA-1
GRCh38,CTTCGTTAGCCATTAG-1
GRCh38,CTTCGTTAGCCCAAGT-1
GRCh38,CTTCTAATCATCCCCA-1
GRCh38,CTTCTACAGAAGCGGC-1
GRCh38,CTTCTACAGAGCATTT-1
GRCh38,CTTCTACAGCACGTCG-1
GRCh38,CTTCTACAGGTCTAGC-1
GRCh38,CTTCTAGGTCTGTCCG-1
GRCh38,CTTCTATCAGTTGGAA-1
GRCh38,CTTCTCACAAAATCCC-1
GRCh38,CTTCTCACAACAACAG-1
GRCh38,CTTCTCACAGGAAGCT-1
GRCh38,CTTCTCTGTGTCCGGG-1
GRCh38,CTTGATGAGCACAGGA-1
GRCh38,CTTGATGAGCCTTAGA-1
GRCh38,CTTGATGAGGGCATAG-1
GRCh38,CTTGATTGTACTCTAT-1
GRCh38,CTTGATTGTGCAATGT-1
GRCh38,CTTGGAGGTGTTAGCG-1
GRCh38,CTTGGCGAGCCATCAA-1
GRCh38,CTTGGCGAGGGTTGTC-1
GRCh38,CTTGGCGAGGTAGTTT-1
GRCh38,CTTGGGTAGGTCCGCA-1
GRCh38,CTTGGTCGTACCACAG-1
GRCh38,CTTGTACTCACCCATT-1
GRCh38,CTTGTAGAGCAAGATA-1
GRCh38,CTTGTATGTAGTCGAT-1
GRCh38,CTTGTATGTCATGGGC-1
GRCh38,CTTGTCAGTACCTCCG-1
GRCh38,CTTGTCAGTGGATGTT-1
GRCh38,CTTGTCGTCGCACCTC-1
GRCh38,CTTGTCTAGACGCCCA-1
GRCh38,CTTGTCTAGATCCGTA-1
GRCh38,CTTGTCTAGGGAGAGG-1
GRCh38,CTTGTGAAGACTCAGC-1
GRCh38,CTTGTGAAGATTACCG-1
GRCh38,CTTGTGTTCAAAGCAA-1
GRCh38,GCAAAGGTCAGCCGCA-1
GRCh38,GCAAAGGTCGGTCAGT-1
GRCh38,GCAAAGTAGCGTGTTA-1
GRCh38,GCAACAGAGCCACAAC-1
GRCh38,GCAACAGAGCTATCGA-1
GRCh38,GCAACCCCAACGCTCA-1
GRCh38,GCAACCCCAATCGCGC-1
GRCh38,GCAACCCCAATTCGTA-1
GRCh38,GCAACCCCACTATGGT-1
GRCh38,GCAACCCCAGTAACCT-1
GRCh38,GCAACGAAGACACATT-1
GRCh38,GCAACGAAGCTCGAAC-1
GRCh38,GCAACGAAGGTATGTT-1
GRCh38,GCAACGGCAGCCTCTT-1
GRCh38,GCAACGGCAGGGTTAA-1
GRCh38,GCAACGTTCCAAATGT-1
GRCh38,GCAACTATCATTGTGG-1
GRCh38,GCAACTTCAACGAGAC-1
GRCh38,GCAACTTCAGCACGCT-1
GRCh38,GCAAGCAAGAGGCGTA-1
GRCh38,GCAAGCAAGATCCACA-1
GRCh38,GCAAGCAAGGCCTATA-1
GRCh38,GCAAGCAAGGTCGCCA-1
GRCh38,GCAAGCCGTATAGTGC-1
GRCh38,GCAAGCCGTGCTACAG-1
GRCh38,GCAAGCCGTGGCTTCT-1
GRCh38,GCAAGCTTCGTAACCA-1
GRCh38,GCAAGGGGTCGCATCT-1
GRCh38,GCAAGGGGTCTTCTCT-1
GRCh38,GCAAGGGGTGGATGTT-1
GRCh38,GCAAGTCTCCCGTCTA-1
GRCh38,GCAAGTCTCGCGCCTT-1
GRCh38,GCAATAGCACGGCACT-1
GRCh38,GCAATAGCAGCACGCT-1
GRCh38,GCAATATTCAGCTAAT-1
GRCh38,GCAATATTCCTACTAC-1
GRCh38,GCAATATTCCTCTGAT-1
GRCh38,GCAATCCAGGCCACAT-1
GRCh38,GCAATCCAGGGGGCAT-1
GRCh38,GCAATCTCAACGTTCG-1
GRCh38,GCAATCTCAATCCGGC-1
GRCh38,GCAATCTCAGGTGCGA-1
GRCh38,GCAATGTGTATCTCAT-1
GRCh38,GCAATGTGTCCGGCCT-1
GRCh38,GCAATTTAGCACAGGA-1
GRCh38,GCACAAGAGAGACTTT-1
GRCh38,GCACAAGAGCACCACG-1
GRCh38,GCACAAGAGCGCCCAA-1
GRCh38,GCACAAGAGGCGTAGA-1
GRCh38,GCACACCCAAGGATAT-1
GRCh38,GCACACCCAGCTACGC-1
GRCh38,GCACAGCGTCATTCTG-1
GRCh38,GCACCATAGCTCACCC-1
GRCh38,GCACCATAGGCAGTGA-1
GRCh38,GCACCATAGGCCTCGA-1
GRCh38,GCACCATAGGTAGGTG-1
GRCh38,GCACCCAAGAGGTACG-1
GRCh38,GCACCCTTCACTAATA-1
GRCh38,GCACCCTTCAGTGCTA-1
GRCh38,GCACCTACAAAAGGAA-1
GRCh38,GCACCTACAATAACCC-1
GRCh38,GCACCTACAGTTAAGG-1
GRCh38,GCACCTCTCATCGACA-1
GRCh38,GCACCTCTCGCCCCAT-1
GRCh38,GCACCTCTCGTAGCAC-1
GRCh38,GCACGAAAGAAGGCTG-1
GRCh38,GCACGCTCAGTCGCAC-1
GRCh38,GCACGGACAGCTCTAG-1
GRCh38,GCACGGACAGGATAGC-1
GRCh38,GCACGTAGTACCCATC-1
GRCh38,GCACGTAGTCCAAAGT-1
GRCh38,GCACGTAGTGGCGAGA-1
GRCh38,GCACGTGTCAGCACGT-1
GRCh38,GCACGTTAGAACACCC-1
GRCh38,GCACTAATCGGGCAAA-1
GRCh38,GCACTCCTCAGTCGCG-1
GRCh38,GCACTCCTCCTCCTCT-1
GRCh38,GCACTCTGTATAAGGG-1
GRCh38,GCACTCTGTGGTGTAT-1
GRCh38,GCAGCGACAACTCTCC-1
GRCh38,GCAGCGACAGCTATCG-1
GRCh38,GCAGGATCAACGATAG-1
GRCh38,GCAGGATCACATTCGG-1
GRCh38,GCAGGATCAGGTTACT-1
GRCh38,GCAGGATCAGTGGACG-1
GRCh38,GCAGGCACACGATGTT-1
GRCh38,GCAGGCACACTAGTTA-1
GRCh38,GCAGGGTAGCCTAGAC-1
GRCh38,GCAGGGTAGGCCCACA-1
GRCh38,GCAGGGTAGGGGTTGA-1
GRCh38,GCAGTAACAGTCATCG-1
GRCh38,GCAGTACTCAACAGGG-1
GRCh38,GCAGTACTCCGCACTC-1
GRCh38,GCAGTACTCGGTCCTC-1
GRCh38,GCAGTACTCGTTAAGT-1
GRCh38,GCAGTGAAGACGGGTA-1
GRCh38,GCAGTGAAGATCTTGG-1
GRCh38,GCAGTGAAGGGATAGT-1
GRCh38,GCATAAGCAAATCCCG-1
GRCh38,GCATAATTCATGGTTG-1
GRCh38,GCATAATTCGCGCAAT-1
GRCh38,GCATAATTCGGTTGTA-1
GRCh38,GCATAGACAAGCTATC-1
GRCh38,GCATAGACACAATCAC-1
GRCh38,GCATAGCTCCAGTAAT-1
GRCh38,GCATAGCTCCTTAATT-1
GRCh38,GCATAGGAGGCTTCCC-1
GRCh38,GCATAGGAGGTATTCG-1
GRCh38,GCATCAATCCGGGTCA-1
GRCh38,GCATCAATCCGTCGCT-1
GRCh38,GCATCACAGACCTACA-1
GRCh38,GCATCACAGCAATTAC-1
GRCh38,GCATCACAGCTTGTAG-1
GRCh38,GCATCACAGGCTCATA-1
GRCh38,GCATCAGGTCGTACAG-1
GRCh38,GCATCATCACCGTCAA-1
GRCh38,GCATCGCCAAAACGGC-1
GRCh38,GCATCGCCACGGTGTC-1
GRCh38,GCATCGTAGGGACACA-1
GRCh38,GCATGCCCAAGGACCG-1
GRCh38,GCATGCCCACCCTATC-1
GRCh38,GCATGGAAGACGTATT-1
GRCh38,GCATGGAAGAGAGAGA-1
GRCh38,GCATGGAAGCGAATGG-1
GRCh38,GCATGGGCAAATTGAA-1
GRCh38,GCATGGGCACGAGTAA-1
GRCh38,GCATGGGCAGGACTTT-1
GRCh38,GCATGGTTCATAAGTC-1
GRCh38,GCATTACCAACTCCGA-1
GRCh38,GCATTACCAGCGCTAC-1
GRCh38,GCATTAGTCAGTTGCA-1
GRCh38,GCATTAGTCCCATTCG-1
GRCh38,GCATTAGTCGCGTATA-1
GRCh38,GCATTAGTCGGTTGTA-1
GRCh38,GCATTCCGTACCTATT-1
GRCh38,GCATTCCGTCATCGGA-1
GRCh38,GCATTCGCAACTGCGC-1
GRCh38,GCATTCGCAGCGTAGG-1
GRCh38,GCATTCGCAGTGGGAT-1
GRCh38,GCATTGGGTATGCGAT-1
GRCh38,GCATTGGGTCCATGCT-1
GRCh38,GCATTTACAGGTAAAT-1
GRCh38,GCCAAATGTACCCATC-1
GRCh38,GCCAAATGTAGGAAAT-1
GRCh38,GCCAAATGTCTGCAAG-1
GRCh38,GCCAAATGTGCAGTCA-1
GRCh38,GCCAAGGCAAGCTATC-1
GRCh38,GCCAAGGCAGTACTCG-1
GRCh38,GCCAATATCCGAATGC-1
GRCh38,GCCAATATCGTGTACA-1
GRCh38,GCCAATTCAATGGGCG-1
GRCh38,GCCACATAGAATCTGT-1
GRCh38,GCCACATAGAGACGCA-1
GRCh38,GCCACTACACCTTACC-1
GRCh38,GCCACTACAGCGTGTC-1
GRCh38,GCCACTTGTAACATTG-1
GRCh38,GCCACTTGTCCTTAGC-1
GRCh38,GCCATAATCACATTAA-1
GRCh38,GCCATAATCCGGCGTA-1
GRCh38,GCCATACAGAATCAAG-1
GRCh38,GCCATACAGGCTCGTG-1
GRCh38,GCCATCGAGCCGTAAC-1
GRCh38,GCCATCGAGCGTGAGA-1
GRCh38,GCCATCGAGGCGAATG-1
GRCh38,GCCATGGTCACTTACC-1
GRCh38,GCCATGGTCCCCAATT-1
GRCh38,GCCATGTAGCACATCA-1
GRCh38,GCCATTAAGCCGCTAG-1
GRCh38,GCCATTAAGCTGTATG-1
GRCh38,GCCATTCGTGTATCCC-1
GRCh38,GCCCAACCAGCCAACC-1
GRCh38,GCCCAATAGACATTCG-1
GRCh38,GCCCAATAGCAGGCTT-1
GRCh38,GCCCACAAGAGGCAGC-1
GRCh38,GCCCACAAGCGTCAGT-1
GRCh38,GCCCATTGTACCCGTT-1
GRCh38,GCCCATTGTCCGCCGT-1
GRCh38,GCCCCAAAGGGGCGAT-1
GRCh38,GCCCCATTCGTCTCCA-1
GRCh38,GCCCCGTGTAAGTGCT-1
GRCh38,GCCCCGTGTGGCTAGC-1
GRCh38,GCCCCTAGTGTGCGTA-1
GRCh38,GCCCGAGGTATATTCC-1
GRCh38,GCCCGAGGTGGTTCAG-1
GRCh38,GCCCGTCGTCGGTTAG-1
GRCh38,GCCCTAACAGTACAAG-1
GRCh38,GCCCTAACAGTATGTC-1
GRCh38,GCCCTACTCGCGTAGT-1
GRCh38,GCCCTACTCGGCGTCA-1
GRCh38,GCCCTATGTCGCCTAT-1
GRCh38,GCCCTGAAGCAGCGTT-1
GRCh38,GCCCTTATCACTAATA-1
GRCh38,GCCCTTATCCCGCTGT-1
GRCh38,GCCCTTATCCTCGGGA-1
GRCh38,GCCTACCTCATGGTAT-1
GRCh38,GCCTACCTCCTCCAGC-1
GRCh38,GCCTACCTCGGATCAC-1
GRCh38,GCCTATAAGAGGCGTA-1
GRCh38,GCCTATAAGATGTATC-1
GRCh38,GCCTCGAAGAAGCCAG-1
GRCh38,GCCTCGAAGCCCTGGA-1
GRCh38,GCCTCGCGTCACCGTT-1
GRCh38,GCCTCGCGTGTATCCC-1
GRCh38,GCCTCTGGTCAACCTC-1
GRCh38,GCCTCTGGTCCGCCGT-1
GRCh38,GCCTCTGGTCCTGATC-1
GRCh38,GCCTCTGGTCTTGTGC-1
GRCh38,GCCTCTGGTGGGACTC-1
GRCh38,GCCTGACCAATCTTAG-1
GRCh38,GCCTGACCAGCGGTCT-1
GRCh38,GCCTGATAGGGGTTAG-1
GRCh38,GCCTGCAAGATCGACC-1
GRCh38,GCCTGCAAGGCGAAGC-1
GRCh38,GCCTGCAAGGGTAGCA-1
GRCh38,GCCTGCAAGGTCCATA-1
GRCh38,GCCTGCCGTAGTCTCC-1
GRCh38,GCCTGCCGTCTATCGC-1
GRCh38,GCCTGCTTCCGGTATA-1
GRCh38,GCCTGGGGTAACGCTG-1
GRCh38,GCCTTAGCAACTCATA-1
GRCh38,GCCTTAGCACCCAAGC-1
GRCh38,GCCTTGCTCAAACTAC-1
GRCh38,GCCTTGCTCAGTTGCA-1
GRCh38,GCCTTGTGTCGCATAG-1
GRCh38,GCCTTTAGTACGTCAG-1
GRCh38,GCCTTTAGTCTGTACC-1
GRCh38,GCGAAACCACGGAAAC-1
GRCh38,GCGAAAGTCACTAAAC-1
GRCh38,GCGAAAGTCATGTGGC-1
GRCh38,GCGAAAGTCCTCACGC-1
GRCh38,GCGAAGCAGATCGACC-1
GRCh38,GCGAAGGGTACATCCC-1
GRCh38,GCGAAGGGTACGTGAT-1
GRCh38,GCGAATACAGTCGGTC-1
GRCh38,GCGAATGAGATCTTCC-1
GRCh38,GCGAATGAGCAGCGAA-1
GRCh38,GCGAATGAGCGTATAT-1
GRCh38,GCGAATTGTGGATATC-1
GRCh38,GCGACAGCAAAGTATA-1
GRCh38,GCGACAGCAAGGCACG-1
GRCh38,GCGACATTCAAATGTC-1
GRCh38,GCGACATTCAGACACC-1
GRCh38,GCGACATTCGCTGTGG-1
GRCh38,GCGACGACAACCACAT-1
GRCh38,GCGACGACACCAGTGC-1
GRCh38,GCGAGAGGTATGTCGG-1
GRCh38,GCGAGAGGTGCAAGGG-1
GRCh38,GCGAGGAGTGCATTCC-1
GRCh38,GCGAGTAAGACGAAGT-1
GRCh38,GCGAGTAAGATTACAC-1
GRCh38,GCGAGTTTCGTCGTAA-1
GRCh38,GCGATAGAGCACTATG-1
GRCh38,GCGATAGAGCTGTACA-1
GRCh38,GCGATGTTCCACCTCA-1
GRCh38,GCGCAATTCGCCATGG-1
GRCh38,GCGCAATTCGGACTTA-1
GRCh38,GCGCACTCAACGAAGC-1
GRCh38,GCGCACTCAAGGGTCG-1
GRCh38,GCGCCTCGTACCTCCG-1
GRCh38,GCGCCTCGTACTACAA-1
GRCh38,GCGCGAACACCAGATT-1
GRCh38,GCGCGTATCCGCCGTT-1
GRCh38,GCGCTCAAGCCCAGCA-1
GRCh38,GCGCTCAAGCGTTTGA-1
GRCh38,GCGCTCCGTATGGTTA-1
GRCh38,GCGCTTACAATGACAG-1
GRCh38,GCGCTTACACCTCTTA-1
GRCh38,GCGCTTGAGCAATACT-1
GRCh38,GCGCTTGAGCCAATAT-1
GRCh38,GCGGAAATCCTACAAG-1
GRCh38,GCGGACACACCTTGAG-1
GRCh38,GCGGAGAGTAATGGCT-1
GRCh38,GCGGAGAGTCACGCCC-1
GRCh38,GCGGAGAGTCGTGGGT-1
GRCh38,GCGGAGAGTGGCGATC-1
GRCh38,GCGGAGTAGAGGGATT-1
GRCh38,GCGGAGTAGCAATGCC-1
GRCh38,GCGGATAAGCTCATGA-1
GRCh38,GCGGATAAGGCACGTT-1
GRCh38,GCGGATTTCAATGTGT-1
GRCh38,GCGGGATAGAAGCGTG-1
GRCh38,GCGGGATAGAATGACA-1
GRCh38,GCGGGATAGATCAGGG-1
GRCh38,GCGGGATAGCGTTATG-1
GRCh38,GCGGGTACAAACTCCG-1
GRCh38,GCGGGTACAAGTGTCT-1
GRCh38,GCGGGTACAGTGATTC-1
GRCh38,GCGGGTTGTCACGTTC-1
GRCh38,GCGGGTTGTGCTGTCT-1
GRCh38,GCGGGTTGTGGATAAG-1
GRCh38,GCGGTAGCAGCTTTAA-1
GRCh38,GCGGTATTCATTGTAA-1
GRCh38,GCGGTATTCCGAATCA-1
GRCh38,GCGGTCTCAACGAAGC-1
GRCh38,GCGGTCTCAATGGTAG-1
GRCh38,GCGGTTAGTAATTGTG-1
GRCh38,GCGGTTAGTCACTTTG-1
GRCh38,GCGGTTGTCATGGCGT-1
GRCh38,GCGGTTGTCCCTTAAC-1
GRCh38,GCGGTTGTCCTTGTAC-1
GRCh38,GCGGTTTAGCAACCGT-1
GRCh38,GCGGTTTAGCGCTGAT-1
GRCh38,GCGTAGAAGACCCGAT-1
GRCh38,GCGTAGCGTCACGCTT-1
GRCh38,GCGTAGGCAATGGCCC-1
GRCh38,GCGTATATCAATTATG-1
GRCh38,GCGTATTCAAGAGGTC-1
GRCh38,GCGTATTCACTAAAGG-1
GRCh38,GCGTCATAGATAGGGT-1
GRCh38,GCGTCATAGCATTAGT-1
GRCh38,GCGTCATAGCTCATAG-1
GRCh38,GCGTCCAAGGGACATG-1
GRCh38,GCGTCGATCAGGTGTC-1
GRCh38,GCGTCGATCATCAATA-1
GRCh38,GCGTCGATCATGGGTC-1
GRCh38,GCGTCTACAAGTGCCC-1
GRCh38,GCGTCTACAGTAAGAT-1
GRCh38,GCGTCTTGTCTCTAAT-1
GRCh38,GCGTCTTGTGCTCGTT-1
GRCh38,GCGTGAAAGGTAATGA-1
GRCh38,GCGTGCATCACGCTAA-1
GRCh38,GCGTGCATCCGTTACT-1
GRCh38,GCGTGCTCACACTAAC-1
GRCh38,GCGTGCTCACCACTGA-1
GRCh38,GCGTGCTCACGGTGTC-1
GRCh38,GCGTGCTCACTCGGTA-1
GRCh38,GCGTGTCCAAGCTTCG-1
GRCh38,GCGTGTCCAATGTGTC-1
GRCh38,GCGTGTCCACAACAGA-1
GRCh38,GCGTTACAGCACTTAG-1
GRCh38,GCGTTAGGTAACTTCT-1
GRCh38,GCGTTAGGTGTTCGAG-1
GRCh38,GCGTTTAAGCGGTCAT-1
GRCh38,GCGTTTCGTGCACTCT-1
GRCh38,GCTAAATTCAAGCAAA-1
GRCh38,GCTAACTCAGCTAACT-1
GRCh38,GCTAAGACAGGCTACC-1
GRCh38,GCTAAGTGTGGTAGTT-1
GRCh38,GCTAATCCAGTGCACC-1
GRCh38,GCTAATGTCAACGCTA-1
GRCh38,GCTAATGTCAGCTGTA-1
GRCh38,GCTAATGTCCCTCGGT-1
GRCh38,GCTAATGTCGTAACTG-1
GRCh38,GCTAATGTCGTATAAC-1
GRCh38,GCTACAGGTACAAGGA-1
GRCh38,GCTACAGGTCTACAGG-1
GRCh38,GCTACATCAACAACCT-1
GRCh38,GCTACCACAGGGCTCT-1
GRCh38,GCTACCGAGGCATAGG-1
GRCh38,GCTACCGAGGGGATTG-1
GRCh38,GCTACCTGTCAACCTC-1
GRCh38,GCTACGCCAACGTACT-1
GRCh38,GCTACGCCACCACTAG-1
GRCh38,GCTACTTTCGGTATAT-1
GRCh38,GCTAGAACACAGTGCC-1
GRCh38,GCTAGAACAGCAGCGA-1
GRCh38,GCTAGAGAGACAACGG-1
GRCh38,GCTAGATGTCAGGGTC-1
GRCh38,GCTAGATGTCATTGGG-1
GRCh38,GCTAGCCCACCAAGCC-1
GRCh38,GCTAGGCGTAATCTCT-1
GRCh38,GCTAGGCGTATGCCAG-1
GRCh38,GCTAGGCGTCATCTAT-1
GRCh38,GCTAGGGCAAACGCAA-1
GRCh38,GCTAGGGCAACAATGG-1
GRCh38,GCTAGTGGTAAACGGA-1
GRCh38,GCTATAAGTGGGAGTG-1
GRCh38,GCTATAGTCGCAGTAC-1
GRCh38,GCTATCCGTGCGAGGA-1
GRCh38,GCTATCGCAAAACGAT-1
GRCh38,GCTATCGCACGTTAGT-1
GRCh38,GCTATCTTCGCGACAT-1
GRCh38,GCTATGCAGGGAGTAT-1
GRCh38,GCTATGGGTGTTGCGA-1
GRCh38,GCTATTACAGCAGCCT-1
GRCh38,GCTATTGAGACAAGAC-1
GRCh38,GCTATTGAGCGGGTAA-1
GRCh38,GCTCAATCAACTAAGG-1
GRCh38,GCTCAATCACAAGCGG-1
GRCh38,GCTCACGAGAATCTGT-1
GRCh38,GCTCACGAGACGAACG-1
GRCh38,GCTCAGTAGCGCCTGA-1
GRCh38,GCTCATAAGATACGAA-1
GRCh38,GCTCCAACACTGGCAC-1
GRCh38,GCTCCACTCAAAGGGT-1
GRCh38,GCTCCACTCCAAGTGC-1
GRCh38,GCTCCGCGTACGCGCG-1
GRCh38,GCTCCGCGTCTGTCTA-1
GRCh38,GCTCCGCGTGTGTGCA-1
GRCh38,GCTCCTATCCGCGGTA-1
GRCh38,GCTCCTGGTGTGCGTA-1
GRCh38,GCTCGATAGCGCAGTT-1
GRCh38,GCTCGGTCAGCCCATA-1
GRCh38,GCTCGTGAGAATATCC-1
GRCh38,GCTCGTTGTAAGTGCT-1
GRCh38,GCTCGTTGTGTCATCC-1
GRCh38,GCTCTAGCAACTCGCA-1
GRCh38,GCTCTAGCACTGGGAG-1
GRCh38,GCTCTAGCAGTATACC-1
GRCh38,GCTCTATTCAATCTCC-1
GRCh38,GCTCTATTCGTATTGG-1
GRCh38,GCTCTCATCATAGCAT-1
GRCh38,GCTCTCATCCGTATTC-1
GRCh38,GCTCTGTGTACGTCAG-1
GRCh38,GCTCTGTGTATTGGGT-1
GRCh38,GCTCTTAGTACGGTGC-1
GRCh38,GCTCTTAGTCCGTCGC-1
GRCh38,GCTCTTAGTGTTCATT-1
GRCh38,GCTGAGTTCCGTTACT-1
GRCh38,GCTGCCCGTAAATTCG-1
GRCh38,GCTGGAAAGATTGAGA-1
GRCh38,GCTGGCATCATGTAAC-1
GRCh38,GCTGGCATCATTGGGC-1
GRCh38,GCTGGCATCGTAGTTG-1
GRCh38,GCTGGCATCGTCAAAT-1
GRCh38,GCTGGTTAGAACTAAG-1
GRCh38,GCTGGTTAGATACGAA-1
GRCh38,GCTGGTTAGCGTTGAC-1
GRCh38,GCTGGTTAGGGCTAGA-1
GRCh38,GCTGGTTAGGGTACAG-1
GRCh38,GCTGGTTAGGTAGTTT-1
GRCh38,GCTGTATCAAAGCTCT-1
GRCh38,GCTGTCGAGACAGACG-1
GRCh38,GCTGTCTGTATCGCTC-1
GRCh38,GCTGTCTGTCCTACGT-1
GRCh38,GCTGTCTGTCGCCCTA-1
GRCh38,GCTGTCTGTCGTCGGG-1
GRCh38,GCTGTGGTCACAACCA-1
GRCh38,GCTGTTAAGAACTAAG-1
GRCh38,GCTGTTAAGAGTATAG-1
GRCh38,GCTTAAGTCAAAGCAA-1
GRCh38,GCTTAAGTCAGGAAAC-1
GRCh38,GCTTAAGTCCGATAAT-1
GRCh38,GCTTAATAGAACATAG-1
GRCh38,GCTTAATAGAGACATA-1
GRCh38,GCTTACAAGAAGGGCC-1
GRCh38,GCTTACGCAATCTGAC-1
GRCh38,GCTTACTTCCGGGTCA-1
GRCh38,GCTTAGGGTAGCTGAT-1
GRCh38,GCTTAGGGTCAGCGTA-1
GRCh38,GCTTAGTCAATGCGAA-1
GRCh38,GCTTATACAACATTAT-1
GRCh38,GCTTATACAAGAGATT-1
GRCh38,GCTTATCTCACCCAAA-1
GRCh38,GCTTATCTCCATCACT-1
GRCh38,GCTTATCTCCCATTCG-1
GRCh38,GCTTATCTCCTCACGC-1
GRCh38,GCTTATGAGAACACCC-1
GRCh38,GCTTCAAAGCTGGCAT-1
GRCh38,GCTTCAAAGGCAATTT-1
GRCh38,GCTTCAAAGGTAAGCG-1
GRCh38,GCTTCAAAGGTAGTGG-1
GRCh38,GCTTCAGCAGGACATA-1
GRCh38,GCTTCATTCCTTATGC-1
GRCh38,GCTTCATTCGGAATGG-1
GRCh38,GCTTCCATCACAGCTA-1
GRCh38,GCTTCCATCACGACTA-1
GRCh38,GCTTCCCAGCACTTTC-1
GRCh38,GCTTCCCAGGCTATGC-1
GRCh38,GCTTCCGGTCGTATAA-1
GRCh38,GCTTCCGGTGGCTTGA-1
GRCh38,GCTTCCGGTGTCATGG-1
GRCh38,GCTTCCGGTGTGGTGC-1
GRCh38,GCTTCGACAATCCAAC-1
GRCh38,GCTTCGACACACAGCC-1
GRCh38,GCTTCGACAGTAGGCG-1
GRCh38,GCTTCGCTCGGATGTC-1
GRCh38,GCTTCGGAGATGGGCA-1
GRCh38,GCTTCGTGTCTCGGTT-1
GRCh38,GCTTCTAGTAGTCTCC-1
GRCh38,GCTTCTAGTATCATTC-1
GRCh38,GCTTCTAGTATGTTAG-1
GRCh38,GCTTCTAGTGTAAGGA-1
GRCh38,GCTTGACAGCGTCTAA-1
GRCh38,GCTTGACAGGGCCTTG-1
GRCh38,GCTTGACAGGGCTAGA-1
GRCh38,GCTTGCTGTCCTATGC-1
GRCh38,GCTTGGAGTAAGTCCG-1
GRCh38,GCTTGGAGTAATTGTG-1
GRCh38,GCTTGGAGTCACTCCG-1
GRCh38,GCTTGTAAGGCCCTGA-1
GRCh38,GCTTGTCGTCGATGAT-1
GRCh38,GCTTTACTCAAATCAC-1
GRCh38,GCTTTACTCACTTACC-1
GRCh38,GCTTTACTCCAGTCCC-1
GRCh38,GCTTTAGAGGGTACGA-1
GRCh38,GCTTTCAGTATGCCTC-1
GRCh38,GCTTTCGTCCCGGGTA-1
GRCh38,GCTTTGAAGACAAGAC-1
GRCh38,GCTTTGAAGACATAAG-1
GRCh38,GCTTTGAAGCCTGCAG-1
GRCh38,GGAAACCCAGGATAGC-1
GRCh38,GGAAACCCAGGTGCGA-1
GRCh38,GGAAACCCAGTTGGGG-1
GRCh38,GGAAACGTCCAGTACA-1
GRCh38,GGAAACGTCCTCTAAC-1
GRCh38,GGAAACGTCGGAGGTA-1
GRCh38,GGAAACGTCGTGCATA-1
GRCh38,GGAAACTAGGCTAGAG-1
GRCh38,GGAAAGGCACTATAAT-1
GRCh38,GGAAAGTTCCTCACGC-1
GRCh38,GGAAAGTTCCTTCATA-1
GRCh38,GGAAAGTTCGTACGGT-1
GRCh38,GGAAATCAGCAGCCAT-1
GRCh38,GGAAATCAGGGATAGT-1
GRCh38,GGAAATCAGGGCGAGT-1
GRCh38,GGAACCCGTACCACTC-1
GRCh38,GGAACCCGTGCTGTCT-1
GRCh38,GGAACCGCACCCATAG-1
GRCh38,GGAACGTCAACCTAGT-1
GRCh38,GGAACTACACGTGCTA-1
GRCh38,GGAACTACAGCTTACG-1
GRCh38,GGAACTACAGGAAACC-1
GRCh38,GGAACTTGTCAGGCCG-1
GRCh38,GGAACTTGTGTGCGTA-1
GRCh38,GGAAGCATCCTATACC-1
GRCh38,GGAAGCATCGGTCAGT-1
GRCh38,GGAAGCTCAATCAGCT-1
GRCh38,GGAAGGACAGTCAAGA-1
GRCh38,GGAATACAGATACAGA-1
GRCh38,GGAATACAGGCAAAGT-1
GRCh38,GGAATATCAGTCATCG-1
GRCh38,GGAATCACAACGTGCC-1
GRCh38,GGAATCACACATCAGT-1
GRCh38,GGAATCACACATCTCC-1
GRCh38,GGAATCGAGCATGTTG-1
GRCh38,GGAATCTGTCTAGCAG-1
GRCh38,GGAATGAGTAGACGGG-1
GRCh38,GGAATGAGTGGACCGT-1
GRCh38,GGAATGGTCGCCCTTA-1
GRCh38,GGAATGGTCGTGAGCT-1
GRCh38,GGAATTAAGCACCTCC-1
GRCh38,GGAATTAAGCTCATAG-1
GRCh38,GGAATTCGTCGCTCTG-1
GRCh38,GGACAACCACTGCTTC-1
GRCh38,GGACAATAGACATGAA-1
GRCh38,GGACAATAGGTAGAAC-1
GRCh38,GGACACAAGACCCACG-1
GRCh38,GGACACAAGATACGAA-1
GRCh38,GGACACGCAATGGTCT-1
GRCh38,GGACACGCACACACGC-1
GRCh38,GGACACTTCCATCGCC-1
GRCh38,GGACACTTCGCTTCCA-1
GRCh38,GGACATACAAGCTGAA-1
GRCh38,GGACATCTCCAAATTA-1
GRCh38,GGACCCATCCAGCATA-1
GRCh38,GGACCCATCCGAAGTC-1
GRCh38,GGACCGACAACTGCGC-1
GRCh38,GGACCGTGTCCTATTG-1
GRCh38,GGACCGTGTGCGTTTC-1
GRCh38,GGACCTCCAATTGTAT-1
GRCh38,GGACCTCCACCCTCAT-1
GRCh38,GGACCTCCACTTCGAG-1
GRCh38,GGACCTCCAGTGATAG-1
GRCh38,GGACGACAGATAGTAG-1
GRCh38,GGACGCACACAGCGGA-1
GRCh38,GGACGCACACGATTAC-1
GRCh38,GGACGCACACGCAGTC-1
GRCh38,GGACGCTGTACATATG-1
GRCh38,GGACGCTGTAGCGTGC-1
GRCh38,GGACGGTAGCAGTAGG-1
GRCh38,GGACGGTAGCTTGATG-1
GRCh38,GGACGGTAGGGTCTGT-1
GRCh38,GGACGTAAGATCGATT-1
GRCh38,GGACGTTTCGCATTAG-1
GRCh38,GGACTAACACTGGGAG-1
GRCh38,GGACTATGTGGTAAAG-1
GRCh38,GGACTTATCACGCCCT-1
GRCh38,GGACTTTCAACTCGCA-1
GRCh38,GGACTTTCACGATTTA-1
GRCh38,GGACTTTCAGGGCTAG-1
GRCh38,GGAGAGGAGAGGGTGC-1
GRCh38,GGAGAGGAGATGGGAT-1
GRCh38,GGAGAGGAGATGTGAA-1
GRCh38,GGAGATTAGGTCCTTT-1
GRCh38,GGAGATTAGGTTAGGG-1
GRCh38,GGAGCAGGTCATACGG-1
GRCh38,GGAGCCTGTACCTGCT-1
GRCh38,GGAGCCTGTACCTTGC-1
GRCh38,GGAGCCTGTCACTATT-1
GRCh38,GGAGCCTGTGGCGTGT-1
GRCh38,GGAGCGAGTACAGAAG-1
GRCh38,GGAGCGTAGCGCAGTT-1
GRCh38,GGAGCTAAGACGGGGT-1
GRCh38,GGAGCTCGTATCCCCG-1
GRCh38,GGAGCTCGTCAGGTGC-1
GRCh38,GGAGCTTTCGTCATTC-1
GRCh38,GGAGGTATCACGAACC-1
GRCh38,GGAGGTATCCCCATGC-1
GRCh38,GGAGGTATCCTGGGCA-1
GRCh38,GGAGGTATCGCCACTC-1
GRCh38,GGAGGTATCGTCTCTG-1
GRCh38,GGAGGTATCGTTGCCC-1
GRCh38,GGAGGTCAGAATTTGC-1
GRCh38,GGAGGTCAGAGTTGAA-1
GRCh38,GGAGTATAGACATGAA-1
GRCh38,GGAGTATAGCTTGTCT-1
GRCh38,GGAGTATAGGTCCATA-1
GRCh38,GGAGTCGCAGTCATAC-1
GRCh38,GGAGTCTTCAGGTGTC-1
GRCh38,GGAGTCTTCGGGCTCA-1
GRCh38,GGAGTGGGTAGGGAGT-1
GRCh38,GGAGTGGGTCCTCGAT-1
GRCh38,GGAGTGGGTCTAAATG-1
GRCh38,GGAGTTACAAAACGAT-1
GRCh38,GGAGTTACAACATGGA-1
GRCh38,GGAGTTACACACATAC-1
GRCh38,GGAGTTACAGTTACTA-1
GRCh38,GGATAAGGTCTGTGGA-1
GRCh38,GGATAAGGTCTTAGGG-1
GRCh38,GGATAAGGTGTGTTGG-1
GRCh38,GGATAGCCAACCTATA-1
GRCh38,GGATAGCCAACTAATT-1
GRCh38,GGATAGTAGATCGTTG-1
GRCh38,GGATAGTAGCCACATA-1
GRCh38,GGATATCGTAATGGAG-1
GRCh38,GGATATCGTACCTTGC-1
GRCh38,GGATATCGTCCTTGCG-1
GRCh38,GGATCAACAAGCGTAA-1
GRCh38,GGATCAACACTACATA-1
GRCh38,GGATCCGTCAGGCTGT-1
GRCh38,GGATCGCGTACAATTG-1
GRCh38,GGATCGCGTAGCGTGC-1
GRCh38,GGATCGCGTGTCGGGT-1
GRCh38,GGATGATAGGTGCCCA-1
GRCh38,GGATGGTCAACTGAAG-1
GRCh38,GGATGGTCAGTTCTCC-1
GRCh38,GGATGTCTCACAGGCT-1
GRCh38,GGATGTCTCGGTCCTC-1
GRCh38,GGATGTCTCGTTGCCC-1
GRCh38,GGATGTTGTACTACTT-1
GRCh38,GGATTGTGTATCGCAG-1
GRCh38,GGATTTAGTATTGGGT-1
GRCh38,GGATTTAGTCCAGCTT-1
GRCh38,GGATTTCCAAGTTGAG-1
GRCh38,GGATTTCCACCAGGCT-1
GRCh38,GGATTTCCAGCCTTTC-1
GRCh38,GGCAAGGGTACTGGAT-1
GRCh38,GGCAATACAGGGACAT-1
GRCh38,GGCAATCTCAGGGCAA-1
GRCh38,GGCAATCTCAGGTTCA-1
GRCh38,GGCAATTGTAGAGGGT-1
GRCh38,GGCACGTGTGGTGTAT-1
GRCh38,GGCACGTGTGTATAGC-1
GRCh38,GGCACTCCAACGCTCA-1
GRCh38,GGCACTCCACCACAAT-1
GRCh38,GGCATAACAAGGACAC-1
GRCh38,GGCATAGAGCCGCACA-1
GRCh38,GGCATATGTGCAAGGG-1
GRCh38,GGCATTATCCCCATTG-1
GRCh38,GGCATTGGTACTTTCG-1
GRCh38,GGCATTGGTCAGCAAT-1
GRCh38,GGCATTGGTCATACCC-1
GRCh38,GGCATTGGTGCCTTTA-1
GRCh38,GGCCAATTCCCGGCTT-1
GRCh38,GGCCATGTCGGACCTG-1
GRCh38,GGCCATTAGCCTGCAG-1
GRCh38,GGCCCCTGTAGCTGAT-1
GRCh38,GGCCCCTGTCGTTCGT-1
GRCh38,GGCCCTTTCACATTAA-1
GRCh38,GGCCCTTTCAGTCCTT-1
GRCh38,GGCCTCTTCACCAAAT-1
GRCh38,GGCCTCTTCCGTAAAT-1
GRCh38,GGCCTCTTCGCCCTTA-1
GRCh38,GGCCTGGGTACCTTGC-1
GRCh38,GGCCTGGGTCCGCATT-1
GRCh38,GGCCTGGGTGGAACTT-1
GRCh38,GGCCTGGGTGTCGGGT-1
GRCh38,GGCCTTACAACACTTA-1
GRCh38,GGCGAAATCAGACTGC-1
GRCh38,GGCGAAATCGTCAATG-1
GRCh38,GGCGAACAGCGGATAG-1
GRCh38,GGCGAACAGGGGACGT-1
GRCh38,GGCGAAGGTATGTACA-1
GRCh38,GGCGAAGGTCGATGAT-1
GRCh38,GGCGAAGGTGGGGATG-1
GRCh38,GGCGACACAAGTCATC-1
GRCh38,GGCGACACACCTCGAA-1
GRCh38,GGCGACACACTACGAT-1
GRCh38,GGCGAGAGTACTTGCC-1
GRCh38,GGCGAGTAGGTTGGAG-1
GRCh38,GGCGATCGTGTTCTCA-1
GRCh38,GGCGCAACAATGTGTC-1
GRCh38,GGCGCAACACTCCACT-1
GRCh38,GGCGCATGTCCTTTAG-1
GRCh38,GGCGCTATCACAACGC-1
GRCh38,GGCGCTGGTAACGCTG-1
GRCh38,GGCGCTGGTCTTAGCC-1
GRCh38,GGCGCTGGTGCTAGAT-1
GRCh38,GGCGGATAGACAATTC-1
GRCh38,GGCGGATAGAGTTGCC-1
GRCh38,GGCGGATAGCGTCTCC-1
GRCh38,GGCGGATAGCTGGTTA-1
GRCh38,GGCGGATAGGTCGACT-1
GRCh38,GGCGGTACAGGTCGTC-1
GRCh38,GGCGGTTGTATGGCCA-1
GRCh38,GGCGGTTGTGGCGCTG-1
GRCh38,GGCGTAAAGCTTGTCT-1
GRCh38,GGCGTATTCGGCTCTC-1
GRCh38,GGCGTATTCGTTCGGG-1
GRCh38,GGCGTCATCAGCTAAT-1
GRCh38,GGCGTCATCCTGTTAC-1
GRCh38,GGCGTCATCGCCCTAC-1
GRCh38,GGCGTGTGTAAATTCG-1
GRCh38,GGCGTTAGTATGCCTC-1
GRCh38,GGCGTTAGTGCTAGGC-1
GRCh38,GGCGTTAGTGGCTTCT-1
GRCh38,GGCGTTAGTGTGTGCA-1
GRCh38,GGCGTTCCAAAAGCGC-1
GRCh38,GGCGTTCCAATAGCCT-1
GRCh38,GGCGTTGTCACAACTG-1
GRCh38,GGCGTTGTCGGTACTA-1
GRCh38,GGCTAAGAGCACCTTT-1
GRCh38,GGCTAAGAGCTTAGTG-1
GRCh38,GGCTACCCACGTAATC-1
GRCh38,GGCTAGAAGCTGAATT-1
GRCh38,GGCTATATCAGTACAT-1
GRCh38,GGCTATATCATGTAAC-1
GRCh38,GGCTATATCGCTATCT-1
GRCh38,GGCTATGGTCCTGCGC-1
GRCh38,GGCTCATAGACAGGAT-1
GRCh38,GGCTCATAGCAAACTT-1
GRCh38,GGCTCATAGCTGAATT-1
GRCh38,GGCTCTACAAATTACT-1
GRCh38,GGCTCTCTCCAATGTG-1
GRCh38,GGCTGAAAGACATGAA-1
GRCh38,GGCTGAAAGCAATTCG-1
GRCh38,GGCTGAAAGCCAATAT-1
GRCh38,GGCTGCATCAACCTCT-1
GRCh38,GGCTGCATCCGCCGTT-1
GRCh38,GGCTGCATCCTGCAAA-1
GRCh38,GGCTGTAGTACAGTTA-1
GRCh38,GGCTGTAGTAGGAGGT-1
GRCh38,GGCTGTAGTATGCCTC-1
GRCh38,GGCTGTAGTATGTGCG-1
GRCh38,GGCTGTAGTCACGCCC-1
GRCh38,GGCTTCACAGGGAGAA-1
GRCh38,GGCTTCCTCGGTTAGC-1
GRCh38,GGCTTCGAGCGTTGAC-1
GRCh38,GGCTTGGTCCTGGTCC-1
GRCh38,GGCTTTCGTGCCTCTG-1
GRCh38,GGGAATTAGAGTAATG-1
GRCh38,GGGAATTAGCATAATC-1
GRCh38,GGGACATCACCTACCT-1
GRCh38,GGGACATCAGTACAAG-1
GRCh38,GGGACCTGTAGCTTGG-1
GRCh38,GGGACGTAGGGGTTGA-1
GRCh38,GGGACTCGTATAGCGT-1
GRCh38,GGGACTCGTATCTGTT-1
GRCh38,GGGACTCGTCAGGTTG-1
GRCh38,GGGAGAACAAAGCCAA-1
GRCh38,GGGAGAACAAGGCACG-1
GRCh38,GGGAGATGTGTTGGGC-1
GRCh38,GGGAGCAGTAGTGCGC-1
GRCh38,GGGAGCAGTGCGCCTC-1
GRCh38,GGGAGCTAGACCTTAG-1
GRCh38,GGGAGTGGTAGGCGGA-1
GRCh38,GGGATATAGCAACGTC-1
GRCh38,GGGATCAAGGCTCACG-1
GRCh38,GGGATGGGTCTGTCTA-1
GRCh38,GGGATGGGTGGCTATG-1
GRCh38,GGGCAAATCCTATCCG-1
GRCh38,GGGCAATCAACTGGGG-1
GRCh38,GGGCAATCAGGATAGC-1
GRCh38,GGGCAATCAGTTGCCA-1
GRCh38,GGGCATAAGATCGGTC-1
GRCh38,GGGCATAAGCCATATG-1
GRCh38,GGGCATAAGGGTGAAT-1
GRCh38,GGGCATTTCAGAAGTA-1
GRCh38,GGGCATTTCCTCCAGC-1
GRCh38,GGGCGATAGATACGAA-1
GRCh38,GGGCGATAGGTAATGA-1
GRCh38,GGGCGTACAACAGAAT-1
GRCh38,GGGCGTACAAGTTGAG-1
GRCh38,GGGCGTACAATCACGT-1
GRCh38,GGGCGTACACTGGAGG-1
GRCh38,GGGCGTTGTAGGTAAG-1
GRCh38,GGGCTAAAGAACGGCA-1
GRCh38,GGGCTAAAGAGTATAG-1
GRCh38,GGGCTAGCAACGTTTA-1
GRCh38,GGGCTAGCAGTACGAA-1
GRCh38,GGGCTAGCAGTGCGAG-1
GRCh38,GGGCTATTCAAGCACC-1
GRCh38,GGGCTATTCCGGAAAG-1
GRCh38,GGGCTATTCGGCTATA-1
GRCh38,GGGCTCATCGCAGTGT-1
GRCh38,GGGCTCATCGTGGTTA-1
GRCh38,GGGCTCTCAAGGACTA-1
GRCh38,GGGCTTCCAAAGTACG-1
GRCh38,GGGCTTCCAATGCGAA-1
GRCh38,GGGCTTGTCATTCTCA-1
GRCh38,GGGCTTTAGGTAGCAG-1
GRCh38,GGGGAATGTAGTATTG-1
GRCh38,GGGGAATGTCTTATGT-1
GRCh38,GGGGATGGTAGTCTGG-1
GRCh38,GGGGCATAGAAAGTCA-1
GRCh38,GGGGCATAGACATCCA-1
GRCh38,GGGGCATAGCGTAGCT-1
GRCh38,GGGGCTACACCATCGA-1
GRCh38,GGGGCTACAGGCGACA-1
GRCh38,GGGGCTTGTCGGTGTA-1
GRCh38,GGGGCTTGTGGAAAGC-1
GRCh38,GGGGCTTGTGTGGCGT-1
GRCh38,GGGGTAATCACGTATG-1
GRCh38,GGGGTAATCACTCTCG-1
GRCh38,GGGGTAATCCCTGACC-1
GRCh38,GGGGTAATCCTATACC-1
GRCh38,GGGGTACAGAAGTAGC-1
GRCh38,GGGGTACAGCACGTAC-1
GRCh38,GGGGTACAGCCATGCG-1
GRCh38,GGGGTACAGCTAGGTC-1
GRCh38,GGGGTACAGGGCGGAT-1
GRCh38,GGGGTAGGTCTAGCTC-1
GRCh38,GGGGTAGGTGCAATGT-1
GRCh38,GGGGTCTGTCATACCC-1
GRCh38,GGGGTTAAGACCATGC-1
GRCh38,GGGGTTAAGACTACAT-1
GRCh38,GGGGTTAAGGGACACA-1
GRCh38,GGGGTTCGTCAGCCTT-1
GRCh38,GGGGTTCGTCGCCATT-1
GRCh38,GGGTAATAGAATTTGC-1
GRCh38,GGGTAATAGACCTGTA-1
GRCh38,GGGTAATAGATTCAGT-1
GRCh38,GGGTACAAGCGATGAG-1
GRCh38,GGGTACAAGCTATTGG-1
GRCh38,GGGTAGGGTGCCCATT-1
GRCh38,GGGTATACACCTACTC-1
GRCh38,GGGTATACACTAGCGC-1
GRCh38,GGGTATTGTATGTGCG-1
GRCh38,GGGTATTGTCAGTTCC-1
GRCh38,GGGTCAGCACTAGGCC-1
GRCh38,GGGTCAGCACTGAAAG-1
GRCh38,GGGTCAGCAGGCTCTA-1
GRCh38,GGGTCATTCACCCTGC-1
GRCh38,GGGTCATTCAGCTAAT-1
GRCh38,GGGTCCATCACTCATC-1
GRCh38,GGGTCCATCCAATCAG-1
GRCh38,GGGTCCATCCCTGGCT-1
GRCh38,GGGTCTAGTAGCGTCA-1
GRCh38,GGGTCTAGTCAGTGCA-1
GRCh38,GGGTCTCCACTATAGC-1
GRCh38,GGGTCTCCAGCATAAG-1
GRCh38,GGGTCTCCAGGCGCAA-1
GRCh38,GGGTGAGGTCATGTGG-1
GRCh38,GGGTGCACACCTTGAG-1
GRCh38,GGGTGCACAGGCATTT-1
GRCh38,GGGTGCTGTCAATTTC-1
GRCh38,GGGTGTAAGCCTTTCG-1
GRCh38,GGGTGTCGTACGCTGA-1
GRCh38,GGGTGTCGTCGTTTCA-1
GRCh38,GGGTTAACAAATGACG-1
GRCh38,GGGTTACTCAAAGCCC-1
GRCh38,GGGTTACTCCGATGTA-1
GRCh38,GGGTTATGTCGCGTCC-1
GRCh38,GGGTTCAGTAGCCTTC-1
GRCh38,GGGTTCGTCATCAGCA-1
GRCh38,GGGTTGAAGAAGCTTT-1
GRCh38,GGGTTTCAGATGGTTT-1
GRCh38,GGGTTTGGTATCAGCG-1
GRCh38,GGGTTTGGTCACCGCC-1
GRCh38,GGGTTTGGTGGTGTCA-1
GRCh38,GGTAAAGGTCCAACCT-1
GRCh38,GGTAAATCAACATAGG-1
GRCh38,GGTAAATCAGCAGCGA-1
GRCh38,GGTAACACAAAATCCC-1
GRCh38,GGTAACACAAATATCT-1
GRCh38,GGTAACACAACGGACG-1
GRCh38,GGTAACACAATGCGCC-1
GRCh38,GGTAACACAGGCTCTA-1
GRCh38,GGTAAGCCAATATCTG-1
GRCh38,GGTAAGCCACTAACCG-1
GRCh38,GGTAAGTAGAGTTGGG-1
GRCh38,GGTAAGTAGCTTAGCA-1
GRCh38,GGTAATCGTCTTGTGC-1
GRCh38,GGTAATCGTGTATGTA-1
GRCh38,GGTAATTTCACGAACC-1
GRCh38,GGTAATTTCGTTGCTT-1
GRCh38,GGTACAACAAAGTAAC-1
GRCh38,GGTACAACAAGAGAGG-1
GRCh38,GGTACAACACCGACTA-1
GRCh38,GGTACAGAGCTTAGCA-1
GRCh38,GGTACAGAGGCTCACG-1
GRCh38,GGTACGAAGACATAGA-1
GRCh38,GGTACGTTCCCTATGT-1
GRCh38,GGTACGTTCCGTACTT-1
GRCh38,GGTACTGGTCGCCATT-1
GRCh38,GGTAGCAAGATCCTGA-1
GRCh38,GGTAGCAAGATCGATT-1
GRCh38,GGTAGCAAGCCGACAT-1
GRCh38,GGTAGCCGTCTGGTCT-1
GRCh38,GGTAGCTTCATTGTCC-1
GRCh38,GGTAGCTTCCTAAAGT-1
GRCh38,GGTAGCTTCGTACTTC-1
GRCh38,GGTAGGCAGAGGGCGT-1
GRCh38,GGTAGTGAGACCCAAC-1
GRCh38,GGTAGTGAGCAGCCCA-1
GRCh38,GGTAGTTGTGCCTGGG-1
GRCh38,GGTATATTCGTTGGGT-1
GRCh38,GGTATCCAGATGCTCA-1
GRCh38,GGTATCCAGCATAACT-1
GRCh38,GGTATCCAGGTCATGC-1
GRCh38,GGTATCTCAAAGTATA-1
GRCh38,GGTATGCTCGTATCAG-1
GRCh38,GGTATGTGTAGAGGCG-1
GRCh38,GGTATGTGTAGCTGGC-1
GRCh38,GGTATGTGTCTACGGA-1
GRCh38,GGTATTAGTAATCCGG-1
GRCh38,GGTATTCCAAGTCGGG-1
GRCh38,GGTATTCCACGAGTAA-1
GRCh38,GGTATTGTCGGCGCTA-1
GRCh38,GGTATTGTCGGTCCCT-1
GRCh38,GGTCAACTCATAGTAC-1
GRCh38,GGTCAACTCCCGTCTA-1
GRCh38,GGTCAGCGTATATCCT-1
GRCh38,GGTCAGCGTGTTCGTC-1
GRCh38,GGTCATATCCAATACG-1
GRCh38,GGTCATATCCCGGTTC-1
GRCh38,GGTCATTCAAAGGGGA-1
GRCh38,GGTCATTCACATAATT-1
GRCh38,GGTCCCCGTAAGCCAT-1
GRCh38,GGTCCCCGTCGTCTGT-1
GRCh38,GGTCCCTTCGGTTCGG-1
GRCh38,GGTCCTCTCAAGCCGT-1
GRCh38,GGTCCTCTCACGCCCT-1
GRCh38,GGTCCTCTCCCATATC-1
GRCh38,GGTCCTCTCGTCAAGC-1
GRCh38,GGTCGCATCAGTTTCC-1
GRCh38,GGTCGCATCATGGGCT-1
GRCh38,GGTCGCATCCCCAATT-1
GRCh38,GGTCGCATCGCCATAA-1
GRCh38,GGTCGTCCAGCTAAAG-1
GRCh38,GGTCGTCCAGGAGCCA-1
GRCh38,GGTCGTTAGGGTGAAT-1
GRCh38,GGTCTAGGTAAGGTAG-1
GRCh38,GGTCTAGGTAAGGTTC-1
GRCh38,GGTCTAGGTCACCCTG-1
GRCh38,GGTCTAGGTGCCCGTC-1
GRCh38,GGTCTCTGTCATCTTG-1
GRCh38,GGTGAATAGGTCTCCC-1
GRCh38,GGTGATGAGGTGTCCG-1
GRCh38,GGTGATTGTCTAATTC-1
GRCh38,GGTGATTGTGCTGCCC-1
GRCh38,GGTGCCGGTAGTATTG-1
GRCh38,GGTGCCGGTAGTCCAG-1
GRCh38,GGTGCGACAGGATTAG-1
GRCh38,GGTGCGTGTCTAAGGT-1
GRCh38,GGTGGAGGTACCAGAT-1
GRCh38,GGTGGAGGTGCCTCTG-1
GRCh38,GGTGGTTTCCCTATTA-1
GRCh38,GGTGGTTTCGCACCCT-1
GRCh38,GGTGTGCGTCACGAAT-1
GRCh38,GGTGTGCGTGCGGTTA-1
GRCh38,GGTGTTATCAATGGTT-1
GRCh38,GGTGTTATCAGCATTG-1
GRCh38,GGTGTTATCGGGTATC-1
GRCh38,GGTGTTCAGCTCTGAA-1
GRCh38,GGTTAATTCACTCACT-1
GRCh38,GGTTAATTCGTCAAAT-1
GRCh38,GGTTAATTCGTCGAGT-1
GRCh38,GGTTAATTCGTTAGCA-1
GRCh38,GGTTAGACACTAAATT-1
GRCh38,GGTTAGGAGATCCACA-1
GRCh38,GGTTAGGAGCCATATG-1
GRCh38,GGTTAGGAGGCATTCA-1
GRCh38,GGTTAGGAGGGCCTTG-1
GRCh38,GGTTAGGAGGTCTGCG-1
GRCh38,GGTTAGTGTACCTATT-1
GRCh38,GGTTATAGTCTACGCT-1
GRCh38,GGTTATAGTGCTTCCG-1
GRCh38,GGTTATAGTGTTAATG-1
GRCh38,GGTTATGTCCATGGCG-1
GRCh38,GGTTCAATCCCAGCTC-1
GRCh38,GGTTCAGGTGCACTAG-1
GRCh38,GGTTCCGAGCTGTGCG-1
GRCh38,GGTTCGAGTATGTTCT-1
GRCh38,GGTTCGCCAACCAACT-1
GRCh38,GGTTCGTAGATAGCGG-1
GRCh38,GGTTCGTAGGTAAGTA-1
GRCh38,GGTTGATGTAGTGAGA-1
GRCh38,GGTTGATGTCACACCT-1
GRCh38,GGTTGATGTCAGTATA-1
GRCh38,GGTTGATGTCTCATTG-1
GRCh38,GGTTGATGTCTCCGGC-1
GRCh38,GGTTGATGTGGCTGTA-1
GRCh38,GGTTGCCCAGGCGTTC-1
GRCh38,GGTTGGCGTCACTTTG-1
GRCh38,GGTTGGCGTGGGGTAG-1
GRCh38,GGTTGGGCACCTTCCG-1
GRCh38,GGTTGGTTCAGAAGTA-1
GRCh38,GGTTGGTTCATACTCC-1
GRCh38,GGTTGGTTCATATTAG-1
GRCh38,GGTTGGTTCCGCTAAA-1
GRCh38,GGTTGTATCACCATTC-1
GRCh38,GGTTGTATCGCGTCAG-1
GRCh38,GGTTGTCAGCCTAGTA-1
GRCh38,GGTTGTCAGCTTCGTT-1
GRCh38,GGTTGTGGTCGAGGAG-1
GRCh38,GGTTGTGGTCTAAGGT-1
GRCh38,GGTTTACCAAGTGCAA-1
GRCh38,GGTTTACCACTTCGAG-1
GRCh38,GGTTTACCAGCTATCG-1
GRCh38,GGTTTAGTCCTAGGGT-1
GRCh38,GGTTTCCGTGTTCAGG-1
GRCh38,GGTTTCGCAACAGAAT-1
GRCh38,GGTTTCGCAGTCTTAA-1
GRCh38,GGTTTGGGTACTGGGC-1
GRCh38,GTAAACGCAGCTAAAG-1
GRCh38,GTAAACGCAGTCTAAC-1
GRCh38,GTAAAGGGTACATATG-1
GRCh38,GTAAAGGGTAGGGTAA-1
GRCh38,GTAAAGGGTCTTGGAG-1
GRCh38,GTAAAGGGTGGTTTGG-1
GRCh38,GTAAAGTCAACCAACT-1
GRCh38,GTAAAGTCAATGACAG-1
GRCh38,GTAAATCTCCCGGGTA-1
GRCh38,GTAAATCTCCTTAGCT-1
GRCh38,GTAACCCAGGCGTAGA-1
GRCh38,GTAACGTGTAACTGCG-1
GRCh38,GTAACGTGTATGCCTC-1
GRCh38,GTAACTGTCCTATGTC-1
GRCh38,GTAAGACAGATCGACC-1
GRCh38,GTAAGCCTCAAGCACC-1
GRCh38,GTAAGCCTCAGGAAAC-1
GRCh38,GTAAGCGAGACTCGAC-1
GRCh38,GTAAGCTGTAAACCGT-1
GRCh38,GTAAGCTGTCGCATTC-1
GRCh38,GTAAGGAGTCGCGTCC-1
GRCh38,GTAAGGTAGACATGTT-1
GRCh38,GTAAGGTAGCGCTGCA-1
GRCh38,GTAAGTAAGCTACGTA-1
GRCh38,GTAAGTAAGCTCTAGA-1
GRCh38,GTAAGTAAGGCATCGT-1
GRCh38,GTAATAGAGCCTTATC-1
GRCh38,GTAATGAAGACAGGAT-1
GRCh38,GTAATGAAGCAATATC-1
GRCh38,GTAATTATCCCGCACT-1
GRCh38,GTAATTATCCGGACAT-1
GRCh38,GTAATTCAGAACGACG-1
GRCh38,GTAATTCAGGTCGCCA-1
GRCh38,GTAATTGGTCGCTTGT-1
GRCh38,GTAATTGGTGGTCTAG-1
GRCh38,GTACAAGCACCTACTC-1
GRCh38,GTACAATTCCGGACAT-1
GRCh38,GTACATGTCAGTTGGC-1
GRCh38,GTACCCGAGAAGCTTT-1
GRCh38,GTACCCGAGCGTTCCC-1
GRCh38,GTACCCTGTAATGTCA-1
GRCh38,GTACCCTGTATGCGGC-1
GRCh38,GTACCCTGTGCTTTCA-1
GRCh38,GTACCTTTCCTCCGAC-1
GRCh38,GTACGGGCACTTCGAG-1
GRCh38,GTACGGTTCACAGCGT-1
GRCh38,GTACGGTTCACTGCAA-1
GRCh38,GTACGTATCACGATAT-1
GRCh38,GTACGTCAGATCCGTA-1
GRCh38,GTACGTGGTCGTATGG-1
GRCh38,GTACGTGGTGCACTAG-1
GRCh38,GTACGTGGTGTGTCGA-1
GRCh38,GTACTCCGTAAGGGAC-1
GRCh38,GTACTCCGTGGAAAGC-1
GRCh38,GTACTCCGTGGTCTAG-1
GRCh38,GTACTCGCACACCCAA-1
GRCh38,GTACTCGCAGTAAGAT-1
GRCh38,GTAGAAGGTACTCAGG-1
GRCh38,GTAGAAGGTAGGCAGG-1
GRCh38,GTAGAAGGTCATACCC-1
GRCh38,GTAGAAGGTCGGCTCC-1
GRCh38,GTAGAAGGTGTTCGCT-1
GRCh38,GTAGACGAGACCCCAG-1
GRCh38,GTAGACGAGATAGTAG-1
GRCh38,GTAGACGAGATTCGAT-1
GRCh38,GTAGACGAGCACTGCG-1
GRCh38,GTAGAGTAGACATGAA-1
GRCh38,GTAGCACTCAAGGGCA-1
GRCh38,GTAGCAGAGCGAACAG-1
GRCh38,GTAGCAGAGCGAATTT-1
GRCh38,GTAGCAGAGGCTCGAT-1
GRCh38,GTAGCATGTAACTAGC-1
GRCh38,GTAGCATGTGGTCAAT-1
GRCh38,GTAGCGCGTACGGATT-1
GRCh38,GTAGCGGCACACACGC-1
GRCh38,GTAGCGTTCATCCGTT-1
GRCh38,GTAGCTATCATTCAAA-1
GRCh38,GTAGCTCAGACGACAG-1
GRCh38,GTAGCTCAGATTGAGA-1
GRCh38,GTAGCTCAGGCTCTAA-1
GRCh38,GTAGCTCAGGGGTTGA-1
GRCh38,GTAGGATAGATCGACC-1
GRCh38,GTAGGATAGCGGAATG-1
GRCh38,GTAGGCAAGCACTATG-1
GRCh38,GTAGGCAAGGTCATGC-1
GRCh38,GTAGGCGCAAAATCAA-1
GRCh38,GTAGGGCAGCCCTTTG-1
GRCh38,GTAGGGCAGGGCCTTG-1
GRCh38,GTAGGGTCACAGCGGA-1
GRCh38,GTAGGGTCACGTACAT-1
GRCh38,GTAGGTCTCAGAAGTA-1
GRCh38,GTAGGTCTCGCAACTA-1
GRCh38,GTAGGTGAGGTAGTAA-1
GRCh38,GTAGGTTGTAGTCCGA-1
GRCh38,GTAGGTTGTCACTCCG-1
GRCh38,GTAGTAAAGAGCCCAT-1
GRCh38,GTAGTAAAGCAAGACG-1
GRCh38,GTAGTAAAGCATCTTC-1
GRCh38,GTAGTAAAGGCTTTAG-1
GRCh38,GTAGTAAAGGTCCAGT-1
GRCh38,GTAGTAGCAAGCGCAG-1
GRCh38,GTAGTAGCACATGCGC-1
GRCh38,GTAGTAGCAGGTGATA-1
GRCh38,GTAGTCATCCGGACAT-1
GRCh38,GTAGTCATCCTAACTC-1
GRCh38,GTAGTGCTCACGCAGT-1
GRCh38,GTAGTGCTCGGGCATT-1
GRCh38,GTAGTGGAGATGTATC-1
GRCh38,GTAGTGGAGCTGCGTG-1
GRCh38,GTAGTGGAGGCAATCC-1
GRCh38,GTAGTGGAGGCACGTT-1
GRCh38,GTAGTGTGTCAATTAG-1
GRCh38,GTAGTGTGTCCGTAAG-1
GRCh38,GTAGTTGTCCGGCATG-1
GRCh38,GTAGTTGTCCGGGTCA-1
GRCh38,GTAGTTTAGCGTAATT-1
GRCh38,GTAGTTTAGGGCATGA-1
GRCh38,GTATAACTCGCTCCTA-1
GRCh38,GTATAACTCGTGCTCC-1
GRCh38,GTATACCCACACAGCC-1
GRCh38,GTATACCCAGTCCGTA-1
GRCh38,GTATACTAGGTAACCC-1
GRCh38,GTATAGAAGACTGATT-1
GRCh38,GTATAGCGTAGGAGGT-1
GRCh38,GTATAGCGTATAGTCA-1
GRCh38,GTATAGCGTATCTCGC-1
GRCh38,GTATAGCGTGGTGGAG-1
GRCh38,GTATAGGCACGGAAAC-1
GRCh38,GTATAGGCAGGTTCGC-1
GRCh38,GTATCACCAACGGACG-1
GRCh38,GTATCACCAGCCCAAC-1
GRCh38,GTATCCCGTCTAGGGC-1
GRCh38,GTATCGATCCGCACTC-1
GRCh38,GTATCGGGTAATTCCT-1
GRCh38,GTATCGGGTAGTTGCG-1
GRCh38,GTATCTCTCGGTAGCT-1
GRCh38,GTATCTTGTCGCGTGG-1
GRCh38,GTATGCATCGTCCATT-1
GRCh38,GTATGCGGTAGCGGTC-1
GRCh38,GTATGGACAACGTTCG-1
GRCh38,GTATGGGAGAGGGACC-1
GRCh38,GTATGTCCAACTCCCT-1
GRCh38,GTATGTCCAAGCACAA-1
GRCh38,GTATGTCCACGTAACT-1
GRCh38,GTATGTCCAGGTGCGA-1
GRCh38,GTATGTGTCCATTCGT-1
GRCh38,GTATGTGTCCGGGATT-1
GRCh38,GTATGTTAGATCCGTA-1
GRCh38,GTATTAATCACTGGCG-1
GRCh38,GTATTAATCATCAGCA-1
GRCh38,GTATTAATCCCATTAC-1
GRCh38,GTATTAATCGCCTACC-1
GRCh38,GTATTCACAAAATCTT-1
GRCh38,GTATTCACAACAGCGG-1
GRCh38,GTATTCACAATACGTC-1
GRCh38,GTATTCCTCATGTCCT-1
GRCh38,GTATTCGAGACCCTAA-1
GRCh38,GTATTCTGTAACTTTC-1
GRCh38,GTATTCTGTAGCCTTC-1
GRCh38,GTATTCTGTCAGCTCT-1
GRCh38,GTATTCTGTCATCTAT-1
GRCh38,GTATTCTGTGTTACCC-1
GRCh38,GTATTGGTCAATATGC-1
GRCh38,GTATTGGTCACACCTT-1
GRCh38,GTATTGGTCAGCGGTT-1
GRCh38,GTATTGGTCCTAGCCC-1
GRCh38,GTATTGGTCCTCGGCT-1
GRCh38,GTATTGGTCGGATCCG-1
GRCh38,GTATTGGTCGGGCTTG-1
GRCh38,GTATTGGTCGTATCTC-1
GRCh38,GTATTGTAGACCCCGA-1
GRCh38,GTCAACATCACCATTC-1
GRCh38,GTCAACATCCTCACGC-1
GRCh38,GTCAACATCGGTCAAC-1
GRCh38,GTCAACTCACTCACTC-1
GRCh38,GTCAACTCAGCGTCTA-1
GRCh38,GTCAATCCAAATGACG-1
GRCh38,GTCAATCCAGTCTTAA-1
GRCh38,GTCAATTAGCATGCGT-1
GRCh38,GTCACCCTCACTCTCG-1
GRCh38,GTCACCCTCCTAGTTC-1
GRCh38,GTCACGAGTCGCGTGG-1
GRCh38,GTCACGCCAAGCTATC-1
GRCh38,GTCACGCCACCTTCTA-1
GRCh38,GTCACGTAGACATGGG-1
GRCh38,GTCACGTAGGTCCGCA-1
GRCh38,GTCATACCAGCAATCT-1
GRCh38,GTCATACCAGTCTGCA-1
GRCh38,GTCATCCGTAGTGTCG-1
GRCh38,GTCATCGCAAGGCTCC-1
GRCh38,GTCATCGCAATCAGGA-1
GRCh38,GTCATCGCAGCGCACT-1
GRCh38,GTCATCTTCCAACGTA-1
GRCh38,GTCATCTTCGGCTCGA-1
GRCh38,GTCATCTTCGTTACTC-1
GRCh38,GTCATGCAGACGCCCA-1
GRCh38,GTCATGCAGCGACGTT-1
GRCh38,GTCATGGGTCCGGTAA-1
GRCh38,GTCATTCTCCTTAACC-1
GRCh38,GTCCAACAGCTATGTG-1
GRCh38,GTCCACGAGAACATAG-1
GRCh38,GTCCACGAGGGGACGT-1
GRCh38,GTCCAGTAGAAGCGAT-1
GRCh38,GTCCAGTAGACTCGAC-1
GRCh38,GTCCAGTAGCCGATAC-1
GRCh38,GTCCAGTAGCGACGTT-1
GRCh38,GTCCAGTAGCGAGTCT-1
GRCh38,GTCCATAAGCCAATAT-1
GRCh38,GTCCATAAGGCTACAC-1
GRCh38,GTCCATAAGGTGGGTA-1
GRCh38,GTCCATCGTATACGGT-1
GRCh38,GTCCATGCAATATTAC-1
GRCh38,GTCCATGCAATCGAGA-1
GRCh38,GTCCCGCGTCGCTCGC-1
GRCh38,GTCCCGCGTGCATTCC-1
GRCh38,GTCCCTATCAACCCTT-1
GRCh38,GTCCCTATCGGTTCAA-1
GRCh38,GTCCCTGGTAACCCGA-1
GRCh38,GTCCCTGGTCCGTCCA-1
GRCh38,GTCCCTGGTGTAAGTC-1
GRCh38,GTCCCTGGTGTGTCCT-1
GRCh38,GTCCGATAGCGCTGAT-1
GRCh38,GTCCGATAGGGGATCA-1
GRCh38,GTCCGCAAGCTAGCCG-1
GRCh38,GTCCGCAAGGTCGTAC-1
GRCh38,GTCCGGGGTAATGTGC-1
GRCh38,GTCCGTACAGTCCTCT-1
GRCh38,GTCCTAAAGCCTAAGC-1
GRCh38,GTCCTAAAGGGCTAAG-1
GRCh38,GTCCTAAAGGGGTAGC-1
GRCh38,GTCCTAAAGGTGATTT-1
GRCh38,GTCCTAGCAAGCGTCC-1
GRCh38,GTCCTATTCAACGCAC-1
GRCh38,GTCCTATTCACTCATC-1
GRCh38,GTCCTATTCATCCCGC-1
GRCh38,GTCCTATTCGTGCTCC-1
GRCh38,GTCCTCCAGGCCATTA-1
GRCh38,GTCCTCTCAACACAGA-1
GRCh38,GTCCTTAGTAGGGGAT-1
GRCh38,GTCCTTAGTAGGGTAA-1
GRCh38,GTCCTTAGTGGGTAGG-1
GRCh38,GTCCTTAGTGTGCGGT-1
GRCh38,GTCCTTTAGCACTTAG-1
GRCh38,GTCCTTTAGGGCTAGA-1
GRCh38,GTCCTTTAGGGCTTGT-1
GRCh38,GTCGAACTCCCGACTC-1
GRCh38,GTCGAACTCCTCCATG-1
GRCh38,GTCGAAGAGCACCGCA-1
GRCh38,GTCGAATGTGCAAGGG-1
GRCh38,GTCGACTAGACCCCAG-1
GRCh38,GTCGACTAGGTTGTGC-1
GRCh38,GTCGAGCGTATAGCGT-1
GRCh38,GTCGATGGTAACCGCA-1
GRCh38,GTCGATGGTGGTTTCC-1
GRCh38,GTCGCATAGAGACGAT-1
GRCh38,GTCGCATAGCCTTTCG-1
GRCh38,GTCGCATAGCGCGATT-1
GRCh38,GTCGCCAAGAAAGCCG-1
GRCh38,GTCGCCAAGACGCGAA-1
GRCh38,GTCGCCAAGGTATGTT-1
GRCh38,GTCGCGGGTCAGCTCT-1
GRCh38,GTCGCGGGTCTGTATT-1
GRCh38,GTCGCGGGTGTACGTG-1
GRCh38,GTCGCTCTCGCTGAGT-1
GRCh38,GTCGCTTGTATGCAGT-1
GRCh38,GTCGCTTGTCTGGCTT-1
GRCh38,GTCGCTTGTGGCGAAG-1
GRCh38,GTCGGAAAGAGTCCCG-1
GRCh38,GTCGGAAAGCGTTATG-1
GRCh38,GTCGGAAAGGCTCACG-1
GRCh38,GTCGGAGCAACGTAAG-1
GRCh38,GTCGGAGCACCAGACC-1
GRCh38,GTCGGCGGTAGCGTGC-1
GRCh38,GTCGGCGGTCGACAGC-1
GRCh38,GTCGGGTGTACACTCC-1
GRCh38,GTCGGGTGTGTCCCGC-1
GRCh38,GTCGGTTAGAAGGTGT-1
GRCh38,GTCGGTTAGAATGGTA-1
GRCh38,GTCGGTTAGCCCTAGG-1
GRCh38,GTCGGTTAGCGTTGCG-1
GRCh38,GTCGGTTAGGGTCTGT-1
GRCh38,GTCGTACAGAACCCCG-1
GRCh38,GTCGTACAGGTTGCCG-1
GRCh38,GTCGTAGGTAACGCAT-1
GRCh38,GTCGTAGGTCGCATCT-1
GRCh38,GTCGTCTGTCGGGCAT-1
GRCh38,GTCGTGAGTCATTAAG-1
GRCh38,GTCTACAAGATAACGA-1
GRCh38,GTCTACAAGATTCGAT-1
GRCh38,GTCTACAAGATTCGTG-1
GRCh38,GTCTACAAGCAACATT-1
GRCh38,GTCTACAAGGCTCAAC-1
GRCh38,GTCTAGCAGAAAGGTC-1
GRCh38,GTCTAGCAGCCGTCGA-1
GRCh38,GTCTAGCAGCTTGTGA-1
GRCh38,GTCTAGGGTACGCTTC-1
GRCh38,GTCTAGGGTCGTAGAT-1
GRCh38,GTCTAGGGTCGTTAAA-1
GRCh38,GTCTAGGGTGTTGTAA-1
GRCh38,GTCTATACACCACAGC-1
GRCh38,GTCTATGAGGCACGAA-1
GRCh38,GTCTCCGGTACGAAAG-1
GRCh38,GTCTCCGGTACGTCAG-1
GRCh38,GTCTCCGGTATCCGTC-1
GRCh38,GTCTCCGGTGCTACCT-1
GRCh38,GTCTCGACAGCTCCAA-1
GRCh38,GTCTCGCTCCTCTGCA-1
GRCh38,GTCTCTGTCCAATATA-1
GRCh38,GTCTGAGGTAAATCTG-1
GRCh38,GTCTGCACAATCGAAG-1
GRCh38,GTCTGCACACTTAACA-1
GRCh38,GTCTGCACAGCGTGAG-1
GRCh38,GTCTGCGAGACAGCGA-1
GRCh38,GTCTGCGAGAGAGTTA-1
GRCh38,GTCTGCGAGATTAAGG-1
GRCh38,GTCTGGTAGAATACAG-1
GRCh38,GTCTGGTAGCGTAATT-1
GRCh38,GTCTGTAAGATCGGTC-1
GRCh38,GTCTGTAAGGTCATCA-1
GRCh38,GTCTTAACACAATCCG-1
GRCh38,GTCTTATGTCTAGGTG-1
GRCh38,GTCTTATGTGCATTGG-1
GRCh38,GTCTTATGTGTGCATG-1
GRCh38,GTCTTCAGTACAACGT-1
GRCh38,GTCTTCAGTCGTCTGT-1
GRCh38,GTCTTCGTCCCTTCTC-1
GRCh38,GTGAAAGGTACTCCCG-1
GRCh38,GTGAAAGGTAGTAAGG-1
GRCh38,GTGAAAGGTCACCGCC-1
GRCh38,GTGAAAGGTGGAGTGG-1
GRCh38,GTGAAAGGTGGCTAAT-1
GRCh38,GTGAAATCACAATGTC-1
GRCh38,GTGAACCTCAGCCCTC-1
GRCh38,GTGAAGCCAGGGTCAG-1
GRCh38,GTGACCCCACCAGGCT-1
GRCh38,GTGACCCCACTCACTC-1
GRCh38,GTGACCCCAGCGACAG-1
GRCh38,GTGACGTTCATACAAC-1
GRCh38,GTGACGTTCATTCGTC-1
GRCh38,GTGACGTTCGTTAGGC-1
GRCh38,GTGAGATAGAAAGGAG-1
GRCh38,GTGAGATAGCAAACTT-1
GRCh38,GTGAGCGCAATCAGGA-1
GRCh38,GTGAGTGAGACAGGAT-1
GRCh38,GTGAGTGAGCGTTCAA-1
GRCh38,GTGAGTTGTGGAGCCT-1
GRCh38,GTGATAGCAAACGCGG-1
GRCh38,GTGATATTCATCGCCC-1
GRCh38,GTGATTCCACCTGCTT-1
GRCh38,GTGATTTAGAGCATTT-1
GRCh38,GTGATTTAGCCTATTC-1
GRCh38,GTGATTTAGCGTATAT-1
GRCh38,GTGATTTAGCTGAATT-1
GRCh38,GTGATTTAGGTAGCTC-1
GRCh38,GTGATTTAGGTCATCA-1
GRCh38,GTGCAACTCATCAGCA-1
GRCh38,GTGCAATGTCCCTGTG-1
GRCh38,GTGCACCCACTCACTC-1
GRCh38,GTGCAGGCAACTGGAA-1
GRCh38,GTGCATATCACATATA-1
GRCh38,GTGCATATCCAGTAAT-1
GRCh38,GTGCATATCGCACTAA-1
GRCh38,GTGCATATCGTAAATC-1
GRCh38,GTGCATTCAGGGTCAG-1
GRCh38,GTGCCCAAGCAGTCCG-1
GRCh38,GTGCCCCGTATATGGC-1
GRCh38,GTGCCGGGTATCTTGT-1
GRCh38,GTGCCTTGTCTAAGCG-1
GRCh38,GTGCGAGCACAACTCG-1
GRCh38,GTGCGAGCACCAACGC-1
GRCh38,GTGCGAGCAGCTGACC-1
GRCh38,GTGCGCGGTGTTGGAT-1
GRCh38,GTGCGGTGTGGAACCC-1
GRCh38,GTGCGTAGTAACTTCT-1
GRCh38,GTGCGTAGTACGTCAG-1
GRCh38,GTGCGTAGTCCTACGT-1
GRCh38,GTGCGTAGTGCGCCTC-1
GRCh38,GTGCGTAGTGGAGCAG-1
GRCh38,GTGCGTAGTGGCTTCT-1
GRCh38,GTGCGTCCAAGTTACC-1
GRCh38,GTGCGTCCACCAAGGG-1
GRCh38,GTGCGTCCACGGCAAG-1
GRCh38,GTGCGTCCACGTTCAG-1
GRCh38,GTGCGTTAGATGGTGG-1
GRCh38,GTGCGTTAGCAATCCA-1
GRCh38,GTGCGTTAGCTGTTGA-1
GRCh38,GTGCTAATCACTTCTA-1
GRCh38,GTGCTACAGATTAACC-1
GRCh38,GTGCTACAGCGGTTAC-1
GRCh38,GTGCTACAGGCCTGAT-1
GRCh38,GTGCTACAGGGCATAG-1
GRCh38,GTGCTCACAATCACTA-1
GRCh38,GTGCTCCTCGGGTCCA-1
GRCh38,GTGCTCCTCGGTGGTT-1
GRCh38,GTGCTGTAGCATGCCG-1
GRCh38,GTGGACGCACGTACAT-1
GRCh38,GTGGACGCACTAATAT-1
GRCh38,GTGGACGCAGCTAAAG-1
GRCh38,GTGGATTGTACATTCT-1
GRCh38,GTGGATTGTACGAGTT-1
GRCh38,GTGGCAGCACCGTTTC-1
GRCh38,GTGGCAGCAGGATGGT-1
GRCh38,GTGGCATTCACTTAAA-1
GRCh38,GTGGCATTCAGGTTCA-1
GRCh38,GTGGCATTCAGTGGCT-1
GRCh38,GTGGCATTCCCACAGG-1
GRCh38,GTGGCCATCATAGCAT-1
GRCh38,GTGGCCATCCCCTAGC-1
GRCh38,GTGGCCGGTAGTGTGT-1
GRCh38,GTGGCCGGTGCCACTT-1
GRCh38,GTGGCCGGTGCCCATT-1
GRCh38,GTGGCGACAGCTAAAG-1
GRCh38,GTGGGTAAGACGGGGT-1
GRCh38,GTGGGTAAGCTGGCAT-1
GRCh38,GTGGGTAAGCTTGTCT-1
GRCh38,GTGGTAACAATACACC-1
GRCh38,GTGGTCAGTAGTCTCC-1
GRCh38,GTGGTCAGTCTTAGGG-1
GRCh38,GTGGTGCGTCAGCGGT-1
GRCh38,GTGGTTATCCACTTAC-1
GRCh38,GTGTATAGTAACAGGA-1
GRCh38,GTGTATAGTAACCGTG-1
GRCh38,GTGTATAGTCGTGCCC-1
GRCh38,GTGTATTAGCCTGGCA-1
GRCh38,GTGTCAATCCTGACAA-1
GRCh38,GTGTCAATCGTCCTGC-1
GRCh38,GTGTCAGGTAGGTTGT-1
GRCh38,GTGTCATCACAATCCG-1
GRCh38,GTGTCATCACCAGAGG-1
GRCh38,GTGTCCGAGAGCGAAT-1
GRCh38,GTGTCCGAGCGGCCTA-1
GRCh38,GTGTCGAGTACAGTTA-1
GRCh38,GTGTCGAGTACGGTGC-1
GRCh38,GTGTCGAGTCGCAGTA-1
GRCh38,GTGTCGAGTGGCTGTA-1
GRCh38,GTGTCGGTCATCGGGT-1
GRCh38,GTGTCGTAGCGGATAG-1
GRCh38,GTGTCGTAGCTCGTAA-1
GRCh38,GTGTGCAGTCGCAGTA-1
GRCh38,GTGTGCAGTGGTGCGT-1
GRCh38,GTGTGGGCAAATTGAA-1
GRCh38,GTGTGGGCAAGCTTTA-1
GRCh38,GTGTGGGCACCACAGC-1
GRCh38,GTGTGGGCACCACTAG-1
GRCh38,GTGTGGGCACGGTGCT-1
GRCh38,GTGTTACCAACAATTT-1
GRCh38,GTGTTACCACGAAGTA-1
GRCh38,GTGTTATAGATTAAGG-1
GRCh38,GTGTTCCGTATATTCC-1
GRCh38,GTGTTCGCAATCCAAC-1
GRCh38,GTGTTCGCACGCATCA-1
GRCh38,GTGTTGATCCTCCAGC-1
GRCh38,GTGTTGGGTCCCTTGG-1
GRCh38,GTGTTGGGTCCTAATT-1
GRCh38,GTGTTGGGTGCTCGGG-1
GRCh38,GTGTTGGGTGGACGGA-1
GRCh38,GTGTTGGGTGGAGCTC-1
GRCh38,GTGTTGGGTGGTTTAA-1
GRCh38,GTTAAGCGTACATCTT-1
GRCh38,GTTAAGCGTAGCCAGC-1
GRCh38,GTTAAGCGTCACAGCA-1
GRCh38,GTTAAGCGTCGATGAT-1
GRCh38,GTTAAGCGTGGGCAAG-1
GRCh38,GTTAATATCACACAAT-1
GRCh38,GTTAATCAGAGGGTAT-1
GRCh38,GTTAATCAGGGGACGT-1
GRCh38,GTTAATTCAATGGTAG-1
GRCh38,GTTAATTCACACAGCC-1
GRCh38,GTTACCCGTGTGCCCC-1
GRCh38,GTTACCGCACAATCCG-1
GRCh38,GTTACCGCACAATTCA-1
GRCh38,GTTACCGCACTACTAA-1
GRCh38,GTTACTACAAAAGCGC-1
GRCh38,GTTACTACAAACGAGC-1
GRCh38,GTTACTACACCTACGA-1
GRCh38,GTTACTCTCAGCGGTT-1
GRCh38,GTTACTCTCCGCTAAA-1
GRCh38,GTTACTTGTAAGGTCT-1
GRCh38,GTTACTTGTAATGGGA-1
GRCh38,GTTACTTGTAGCTGTG-1
GRCh38,GTTAGCATCACTCCTG-1
GRCh38,GTTAGCCAGATCACAT-1
GRCh38,GTTAGGCTCACGTCCC-1
GRCh38,GTTAGGCTCCCTTGTG-1
GRCh38,GTTAGGGAGAAACGGT-1
GRCh38,GTTAGGGAGACAGCAG-1
GRCh38,GTTAGGGAGACCCTAA-1
GRCh38,GTTAGGGAGACGGGGT-1
GRCh38,GTTAGGTGTGCAAGCC-1
GRCh38,GTTAGGTGTGGCGGTT-1
GRCh38,GTTAGGTGTGGGTGAG-1
GRCh38,GTTAGTAGTCCGATAG-1
GRCh38,GTTAGTCCAGGATTAG-1
GRCh38,GTTAGTTAGAAAGCGT-1
GRCh38,GTTAGTTAGATTCGAT-1
GRCh38,GTTATAATCCATAACG-1
GRCh38,GTTATAATCCGGACAT-1
GRCh38,GTTATAATCGCTCTAT-1
GRCh38,GTTATAGGTAATTCAG-1
GRCh38,GTTATAGGTCCCTAGT-1
GRCh38,GTTATCGAGAATATCC-1
GRCh38,GTTATCGAGCATTACG-1
GRCh38,GTTATCGAGGTAAGGT-1
GRCh38,GTTATGTAGAGGTGAT-1
GRCh38,GTTATGTAGCGTAGCT-1
GRCh38,GTTCACGCACCTCTTA-1
GRCh38,GTTCACGCAGCTTACG-1
GRCh38,GTTCACGCAGGCGTTC-1
GRCh38,GTTCACTTCCATGCCC-1
GRCh38,GTTCACTTCGCCAATA-1
GRCh38,GTTCACTTCGTAGCGT-1
GRCh38,GTTCAGCAGCAACAGG-1
GRCh38,GTTCAGCAGCTAGTAT-1
GRCh38,GTTCAGGGTCGTATGG-1
GRCh38,GTTCAGGGTCTAGGTG-1
GRCh38,GTTCAGGGTCTGGATG-1
GRCh38,GTTCAGTCAACATAGG-1
GRCh38,GTTCAGTCAATCAGTC-1
GRCh38,GTTCAGTCACTTGACG-1
GRCh38,GTTCAGTCAGCCCATA-1
GRCh38,GTTCAGTCAGCGGTAG-1
GRCh38,GTTCATGAGGCTCACG-1
GRCh38,GTTCATTGTCATACGG-1
GRCh38,GTTCATTGTCCAGATG-1
GRCh38,GTTCATTGTCGTCTTA-1
GRCh38,GTTCATTGTCTAACGG-1
GRCh38,GTTCATTGTCTAAGTA-1
GRCh38,GTTCGACAGAAACCGG-1
GRCh38,GTTCGACAGCATTTGG-1
GRCh38,GTTCGACAGGCTACCG-1
GRCh38,GTTCGACAGGCTTAAT-1
GRCh38,GTTCGAGGTCCAGAAT-1
GRCh38,GTTCGAGGTCTGTGGA-1
GRCh38,GTTCGAGGTGGAAAGC-1
GRCh38,GTTCGCACAATGTGAG-1
GRCh38,GTTCGCACAGGAAGCT-1
GRCh38,GTTCGCGAGGTTCGAC-1
GRCh38,GTTCGCTGTAGGACGG-1
GRCh38,GTTCGCTGTCCAGTTC-1
GRCh38,GTTCGGGTCCCCTATG-1
GRCh38,GTTCGGGTCCGTCTAT-1
GRCh38,GTTCGGGTCCTGGGCA-1
GRCh38,GTTCGGGTCCTTCTAA-1
GRCh38,GTTCGGGTCGCCTTGC-1
GRCh38,GTTCGGGTCGTCATTC-1
GRCh38,GTTCGTCGTCCATATT-1
GRCh38,GTTCGTCGTCTAAATG-1
GRCh38,GTTCTAGAGCATAGCC-1
GRCh38,GTTCTAGAGCCTAATG-1
GRCh38,GTTCTAGAGCTCACCC-1
GRCh38,GTTCTAGAGGCGTTTA-1
GRCh38,GTTCTATGTAACGCAT-1
GRCh38,GTTCTATGTAAGGTCT-1
GRCh38,GTTCTATGTCGTGGTA-1
GRCh38,GTTCTCAGTAAAGCTC-1
GRCh38,GTTCTCAGTAATCTTC-1
GRCh38,GTTCTCAGTAGCTGAT-1
GRCh38,GTTCTCCCAAAATCCC-1
GRCh38,GTTCTCCCAAAGTATA-1
GRCh38,GTTCTCCCAGTATGCT-1
GRCh38,GTTGAAGCAGTAGTAG-1
GRCh38,GTTGACATCCTGCTAT-1
GRCh38,GTTGATCCAAGCATTC-1
GRCh38,GTTGATCCAAGTAACG-1
GRCh38,GTTGATCCACGTAATC-1
GRCh38,GTTGATCCAGTCCACA-1
GRCh38,GTTGATTAGAGTATTC-1
GRCh38,GTTGATTAGGCGTCCA-1
GRCh38,GTTGCAATCAAAGCCC-1
GRCh38,GTTGCAATCCCTACAT-1
GRCh38,GTTGCAATCGGCTATA-1
GRCh38,GTTGCAATCGTTATAA-1
GRCh38,GTTGCAGGTACAAGAG-1
GRCh38,GTTGCAGGTCCAGAAT-1
GRCh38,GTTGCAGGTCTAAGCG-1
GRCh38,GTTGCCACAAACTAGG-1
GRCh38,GTTGCCACAAAGTATA-1
GRCh38,GTTGCCACAACGTTTA-1
GRCh38,GTTGCCCTCCGCAGCA-1
GRCh38,GTTGCGCCAACGTGCC-1
GRCh38,GTTGCGCCAGCACGGA-1
GRCh38,GTTGCGCCAGTGATTC-1
GRCh38,GTTGCGTAGAACTAAG-1
GRCh38,GTTGCGTAGAGGCCAA-1
GRCh38,GTTGCGTAGAGGGCGT-1
GRCh38,GTTGCGTAGCTAGATT-1
GRCh38,GTTGCTTTCCAATCGA-1
GRCh38,GTTGGAACAACGTACT-1
GRCh38,GTTGGAGAGCGAATGG-1
GRCh38,GTTGGCGTCCATGCTT-1
GRCh38,GTTGGGCGTAGTGCGC-1
GRCh38,GTTGGGCGTCGCACCC-1
GRCh38,GTTGGGCGTCTTGGAG-1
GRCh38,GTTGGGGCAATTCATG-1
GRCh38,GTTGGGGCACATCGGC-1
GRCh38,GTTGGGTTCCCTGGCT-1
GRCh38,GTTGGGTTCCGGGTTG-1
GRCh38,GTTGGTCAGGTCCTAA-1
GRCh38,GTTGGTTCAATATGCC-1
GRCh38,GTTGTAAGTACCTGCT-1
GRCh38,GTTGTAAGTATTCTGT-1
GRCh38,GTTGTAAGTCATACTT-1
GRCh38,GTTGTAAGTGCCCCGT-1
GRCh38,GTTGTATAGGTAATGA-1
GRCh38,GTTGTCCGTAGTAAGG-1
GRCh38,GTTGTCTTCAAGCGTC-1
GRCh38,GTTGTCTTCCCCTAGC-1
GRCh38,GTTGTCTTCCGAAACC-1
GRCh38,GTTGTGCAGAACTGAA-1
GRCh38,GTTGTGCAGGGCTCAT-1
GRCh38,GTTGTGGGTACCTATT-1
GRCh38,GTTGTGGGTGCTTAGG-1
GRCh38,AAACCAAAGCGATTCA-1
GRCh38,AAACCAAAGGCGATAG-1
GRCh38,AAACCAGCAGGACACG-1
GRCh38,AAACCAGCAGTCTGCA-1
GRCh38,AAACCCCAGGCCACAT-1
GRCh38,AAACCGCTCCCTATTA-1
GRCh38,AAACCGGAGAAAGGTC-1
GRCh38,AAACCGGAGCTGACCG-1
GRCh38,AAACCGTGTACTCGCT-1
GRCh38,AAACCGTGTCATAGCG-1
GRCh38,AAACCTCCAACTATCA-1
GRCh38,AAACCTCCACCGTTAG-1
GRCh38,AAACCTCCACGTCAAT-1
GRCh38,AAACCTGTCAGCCTCC-1
GRCh38,AAACCTGTCATACTCC-1
GRCh38,AAACCTGTCCACATCT-1
GRCh38,AAACCTGTCGTCCTAT-1
GRCh38,AAACGATCAAGTCGCC-1
GRCh38,AAACGATCAATCGACT-1
GRCh38,AAACGCACACATAGTC-1
GRCh38,AAACGCACAGCACACC-1
GRCh38,AAACGCTGTGCTTGGA-1
GRCh38,AAACGCTGTGTTCTCA-1
GRCh38,AAACGGAGTAAAGCGA-1
GRCh38,AAACGGAGTAACGCTG-1
GRCh38,AAACGGAGTGGTTGAT-1
GRCh38,AAACGGCCAGTTAATT-1
GRCh38,AAACGGTAGCGAAGCA-1
GRCh38,AAACGGTAGGGCTGAA-1
GRCh38,AAACGTAAGAGCGACA-1
GRCh38,AAACGTAAGATAGGCG-1
GRCh38,AAACGTAAGATGGTAA-1
GRCh38,AAACGTAAGGTTCTAG-1
GRCh38,AAACTAACAATCCAAC-1
GRCh38,AAACTAACACCACGTA-1
GRCh38,AAACTAACACCCAGAC-1
GRCh38,AAACTAACACTCATAA-1
GRCh38,AAACTACTCGTATTGG-1
GRCh38,AAACTAGAGAGGTTGG-1
GRCh38,AAACTCCCAAGTCATC-1
GRCh38,AAACTGCGTCTATTGT-1
GRCh38,AAACTTATCAGTGCTA-1
GRCh38,AAACTTATCATGAATC-1
GRCh38,AAAGCAATCCGCACTC-1
GRCh38,AAAGCAATCGCTGTGG-1
GRCh38,AAAGCATCAAGGGCAT-1
GRCh38,AAAGCCACAATGATCC-1
GRCh38,AAAGCCCTCATTATCT-1
GRCh38,AAAGCCTGTAAGTCCG-1
GRCh38,AAAGCCTGTAGGGTAA-1
GRCh38,AAAGCCTGTCTCGATC-1
GRCh38,AAAGCGCCACACCCAA-1
GRCh38,AAAGCTCGTGTAAAGG-1
GRCh38,AAAGGAACAACGAACA-1
GRCh38,AAAGGAACAAGTCTTA-1
GRCh38,AAAGGAACACCCTCAT-1
GRCh38,AAAGGAGAGATGCGAG-1
GRCh38,AAAGGCCCAAGAGACC-1
GRCh38,AAAGGCCCAGCTTTAA-1
GRCh38,AAAGGCCCAGTTACTA-1
GRCh38,AAAGGGGCAACGTGGG-1
GRCh38,AAAGGGTTCAAACCGC-1
GRCh38,AAAGGTATCGTCCTGC-1
GRCh38,AAAGGTCAGATGGTGG-1
GRCh38,AAAGTCAAGACAAGAC-1
GRCh38,AAAGTCAAGGCAATCC-1
GRCh38,AAAGTGCAGCTATCAG-1
GRCh38,AAAGTTACAATTCGTA-1
GRCh38,AAATCACTCGCAATTG-1
GRCh38,AAATCAGAGCTCTCCA-1
GRCh38,AAATCCGTCGGGCCTA-1
GRCh38,AAATCTATCGGTACGT-1
GRCh38,AAATCTGGTAGGTAAG-1
GRCh38,AAATCTGGTATCCAGG-1
GRCh38,AAATCTGGTCACGGCG-1
GRCh38,AAATCTGGTCTGGAAT-1
GRCh38,AAATCTTCAAAACGGC-1
GRCh38,AAATGCTTCGCAGTAC-1
GRCh38,AAATGGCAGACGATGG-1
GRCh38,AAATGGCAGACTCGAC-1
GRCh38,AAATGGCAGATTGAAG-1
GRCh38,AAATGGCAGCGTCTAA-1
GRCh38,AAATGGGGTAATGGAG-1
GRCh38,AAATGGTCACTGCGTA-1
GRCh38,AAATGTCTCATAGCAT-1
GRCh38,AAATGTCTCCTGTTAC-1
GRCh38,AAATTCGGTATTCGTT-1
GRCh38,AAATTCGGTCGCGTGG-1
GRCh38,AAATTCGGTCTGGTCT-1
GRCh38,AAATTCTCAAACATAA-1
GRCh38,AAATTGCTCAATGCGC-1
GRCh38,AAATTGCTCATGATGT-1
GRCh38,AAATTGCTCCGTTACT-1
GRCh38,AAATTGCTCGTCTCAT-1
GRCh38,AAATTGGAGGTGCGTT-1
GRCh38,AAATTGGAGGTTAGCC-1
GRCh38,AAATTTCCAAAATTCT-1
GRCh38,AAATTTCCAATGGCGG-1
GRCh38,AACACCCAGGCTCTAA-1
GRCh38,AACACCCAGGGTAGCA-1
GRCh38,AACACCTCACGCCTAA-1
GRCh38,AACACCTCAGGCGTTC-1
GRCh38,AACACGCTCCACTACT-1
GRCh38,AACACTCCAACACCCA-1
GRCh38,AACACTCCAACTGCCA-1
GRCh38,AACACTCCAGTCGGTC-1
GRCh38,AACAGACAGATCCCAA-1
GRCh38,AACAGAGGTGGATCGC-1
GRCh38,AACAGGAGTCCAACTC-1
GRCh38,AACAGGAGTGGGGAAT-1
GRCh38,AACAGGGTCAGTAAAG-1
GRCh38,AACAGGTAGAAACGCG-1
GRCh38,AACATAACAACAATTT-1
GRCh38,AACATAACAACGATAG-1
GRCh38,AACATAACAACTCATA-1
GRCh38,AACATAACAGCTACCA-1
GRCh38,AACATAGAGAATGGCG-1
GRCh38,AACATAGAGCTGAATT-1
GRCh38,AACATAGAGGTTGGTC-1
GRCh38,AACATGCGTCCAGTTC-1
GRCh38,AACATGCGTGCAAGCC-1
GRCh38,AACATGGCAGGTGCGA-1
GRCh38,AACATTATCAGTTGTG-1
GRCh38,AACATTGGTGGGTGAG-1
GRCh38,AACATTGGTGTCGGGT-1
GRCh38,AACATTTCACTCACCT-1
GRCh38,AACATTTCAGCTTATA-1
GRCh38,AACCACTCAAGAGACC-1
GRCh38,AACCACTCAAGCTGCC-1
GRCh38,AACCAGACACACTGCA-1
GRCh38,AACCAGACAGCAGTAA-1
GRCh38,AACCATCCAACTTAAT-1
GRCh38,AACCATCCACGTTAGT-1
GRCh38,AACCATGTCCAATTAA-1
GRCh38,AACCATTAGCTGTCGG-1
GRCh38,AACCATTAGGGCGAGT-1
GRCh38,AACCCAATCACCACTT-1
GRCh38,AACCCACAGAAAGTGC-1
GRCh38,AACCCACAGCTAGCTA-1
GRCh38,AACCCACAGGCACGTT-1
GRCh38,AACCCATCAACTCGAT-1
GRCh38,AACCCATCACCTCTCG-1
GRCh38,AACCCATCACGTTCAG-1
GRCh38,AACCCCGAGAACAGAC-1
GRCh38,AACCCCGAGGTCGAAG-1
GRCh38,AACCCCTGTACTGTGG-1
GRCh38,AACCCGAGTCTATGTT-1
GRCh38,AACCCGAGTCTTGATT-1
GRCh38,AACCCGAGTGCCCCGT-1
GRCh38,AACCCGAGTGGCTTAG-1
GRCh38,AACCCGTAGCCAAAGG-1
GRCh38,AACCCGTAGCCATGGT-1
GRCh38,AACCCTTTCCAATATA-1
GRCh38,AACCGAACAAAATCTT-1
GRCh38,AACCGAACAATTCGGT-1
GRCh38,AACCGAACAGCACACC-1
GRCh38,AACCGCAGTAAGGTTC-1
GRCh38,AACCGCAGTAGGACGG-1
GRCh38,AACCGCAGTATCGCTC-1
GRCh38,AACCGCAGTCTCGGTT-1
GRCh38,AACCGGCGTACAGCAT-1
GRCh38,AACCGGCGTCACTAGG-1
GRCh38,AACCGGGCACTAACGT-1
GRCh38,AACCGTGGTCACGCTT-1
GRCh38,AACCTACCACGCGCAT-1
GRCh38,AACCTTACAAGTCGGG-1
GRCh38,AACCTTACAATCATTG-1
GRCh38,AACCTTACAGTGCATT-1
GRCh38,AACGAAATCGCTTCGC-1
GRCh38,AACGAACAGCGTTAGC-1
GRCh38,AACGAAGGTAACGAAG-1
GRCh38,AACGAGAGTCTGTACC-1
GRCh38,AACGAGCCAACTGGAA-1
GRCh38,AACGAGCCAATCAGGA-1
GRCh38,AACGAGCCACCGGTTA-1
GRCh38,AACGAGCCACGACCTA-1
GRCh38,AACGAGCCACGCACGT-1
GRCh38,AACGAGCCACTTATCT-1
GRCh38,AACGATAAGGTAAGGT-1
GRCh38,AACGATAAGGTCCCGA-1
GRCh38,AACGCAACAGCCCATA-1
GRCh38,AACGCACTCATACTCC-1
GRCh38,AACGCCAGTCATTTCG-1
GRCh38,AACGCGAAGGTCATCA-1
GRCh38,AACGCGAAGGTGCCAT-1
GRCh38,AACGCGGCAAACATTT-1
GRCh38,AACGCTGGTACTGGAT-1
GRCh38,AACGCTGGTATCTGCC-1
GRCh38,AACGCTGGTCTACTGC-1
GRCh38,AACGCTGGTGCACTCT-1
GRCh38,AACGGATAGCCGCAAT-1
GRCh38,AACGGATAGGCAACGA-1
GRCh38,AACGGCAAGACACCCG-1
GRCh38,AACGGCAAGCGAATGG-1
GRCh38,AACGGCAAGGCCTCGA-1
GRCh38,AACGGCTTCATGCCTT-1
GRCh38,AACGGGCAGAAGTACA-1
GRCh38,AACGGGCAGCACCAAC-1
GRCh38,AACGGGTCAAAGCCAA-1
GRCh38,AACGGTACAATATTAC-1
GRCh38,AACGGTACACAACAGA-1
GRCh38,AACGGTACACCACGTA-1
GRCh38,AACGTATTCCTCTGGC-1
GRCh38,AACGTCGGTATCAGTA-1
GRCh38,AACGTGCTCGTTGGCG-1
GRCh38,AACGTGGAGCGGGTTT-1
GRCh38,AACGTGGAGGCTTCAA-1
GRCh38,AACGTTCCAATTAACT-1
GRCh38,AACGTTTAGAATGACA-1
GRCh38,AACGTTTAGATATGAG-1
GRCh38,AACGTTTAGCTCCTCA-1
GRCh38,AACTAGAAGCCAAGCT-1
GRCh38,AACTAGAAGCGTCTAA-1
GRCh38,AACTAGAAGCTAGTAT-1
GRCh38,AACTAGAAGGGTAAGT-1
GRCh38,AACTCACCACATACCG-1
GRCh38,AACTCATAGCATGTCA-1
GRCh38,AACTCCCGTAGCCAGC-1
GRCh38,AACTCCCGTGGGTATT-1
GRCh38,AACTCCGCACACGGTC-1
GRCh38,AACTCGGGTGCATCAG-1
GRCh38,AACTCGGGTGCGATGC-1
GRCh38,AACTCTCTCGGTCAGT-1
GRCh38,AACTCTCTCGTTATGG-1
GRCh38,AACTGAAAGAATTCCG-1
GRCh38,AACTGAAAGGGGATTG-1
GRCh38,AACTGCATCAGTATCG-1
GRCh38,AACTGCATCCAGGTTA-1
GRCh38,AACTGCATCCTTCGCA-1
GRCh38,AACTGCATCGCTTAAG-1
GRCh38,AACTGCGGTCTGATAA-1
GRCh38,AACTTCGAGATTGGTT-1
GRCh38,AACTTCGAGGCATGGA-1
GRCh38,AACTTCTGTCCTCATA-1
GRCh38,AACTTCTGTCTATCCA-1
GRCh38,AACTTCTGTGGTGTAT-1
GRCh38,AACTTGTAGATTGAGA-1
GRCh38,AACTTGTAGCAAAGCG-1
GRCh38,AACTTTCGTGCGGGTT-1
GRCh38,AAGCAATCAAGCACAA-1
GRCh38,AAGCAATCAAGTATCC-1
GRCh38,AAGCAATCAATGACCT-1
GRCh38,AAGCAATCAGCGACGA-1
GRCh38,AAGCAATCAGTGAAGC-1
GRCh38,AAGCACCTCCAAGACC-1
GRCh38,AAGCATAAGCGCTGTG-1
GRCh38,AAGCATCGTAACATGC-1
GRCh38,AAGCATTTCAATATGC-1
GRCh38,AAGCATTTCAATCCCT-1
GRCh38,AAGCATTTCGCTCTAT-1
GRCh38,AAGCCAACAAGTATAA-1
GRCh38,AAGCCAACACAACTAC-1
GRCh38,AAGCCAACACGAACGG-1
GRCh38,AAGCCACTCATCCGCC-1
GRCh38,AAGCCACTCGTGCATA-1
GRCh38,AAGCCAGAGCTGATAT-1
GRCh38,AAGCCATGTACTAATG-1
GRCh38,AAGCCATGTGGAGTGG-1
GRCh38,AAGCCATGTGTAGCAT-1
GRCh38,AAGCCCAGTGCTCGTT-1
GRCh38,AAGCCCAGTGTATGTA-1
GRCh38,AAGCCGAAGCAATCCA-1
GRCh38,AAGCCGAAGGGCTCAT-1
GRCh38,AAGCCGGCAACAGGAC-1
GRCh38,AAGCCGGCAAGCTGAA-1
GRCh38,AAGCCGGCACCTTACC-1
GRCh38,AAGCCGGCACTTCGAG-1
GRCh38,AAGCGATAGCACCTCC-1
GRCh38,AAGCGATAGGTCGTAC-1
GRCh38,AAGCGCCGTCGAGGGA-1
GRCh38,AAGCGGCAGATCCAAT-1
GRCh38,AAGCGTACAGCATTAC-1
GRCh38,AAGCGTCTCGTTCATC-1
GRCh38,AAGCGTGAGACCAATT-1
GRCh38,AAGCGTGAGCGATTGC-1
GRCh38,AAGCGTGAGGTTGCGT-1
GRCh38,AAGCGTTGTGGGGAAT-1
GRCh38,AAGCTAGCACAAATGG-1
GRCh38,AAGCTATTCGCTGTGG-1
GRCh38,AAGCTCATCACGTAAT-1
GRCh38,AAGCTCATCCCATCCA-1
GRCh38,AAGCTCATCCTCTGAT-1
GRCh38,AAGCTCATCGTCTCTG-1
GRCh38,AAGCTCTCAAGCGCAG-1
GRCh38,AAGCTCTCAGTAGGCG-1
GRCh38,AAGCTGGAGACGACGA-1
GRCh38,AAGCTTCCAAGAGATT-1
GRCh38,AAGCTTTAGCCACTAA-1
GRCh38,AAGGAATGTACGTTGG-1
GRCh38,AAGGAATGTCGTGCCC-1
GRCh38,AAGGAATGTGCAAGGG-1
GRCh38,AAGGACCCAACATGTC-1
GRCh38,AAGGACCCAAGGCGCA-1
GRCh38,AAGGAGGCAAATTAAG-1
GRCh38,AAGGAGGCAGGTAAGC-1
GRCh38,AAGGCATAGGCTTGAC-1
GRCh38,AAGGCCCGTGGAATGA-1
GRCh38,AAGGCCGCAACGTTCG-1
GRCh38,AAGGCCGCACATCGCA-1
GRCh38,AAGGCGCAGCGCCTAG-1
GRCh38,AAGGCGCAGGTATATC-1
GRCh38,AAGGCTCTCAGCCGCA-1
GRCh38,AAGGCTGAGATGGTGG-1
GRCh38,AAGGCTGAGCATGGAG-1
GRCh38,AAGGCTGAGGCTAAGG-1
GRCh38,AAGGGCATCACAATCG-1
GRCh38,AAGGGCATCAGGAAAC-1
GRCh38,AAGGGCATCATAAGTC-1
GRCh38,AAGGGCATCGGGTCCA-1
GRCh38,AAGGGCCAGAAACGTA-1
GRCh38,AAGGGCCAGATGATGA-1
GRCh38,AAGGGCCAGCCTTAAG-1
GRCh38,AAGGGGACACGCAGCT-1
GRCh38,AAGGGGCTCACATTAA-1
GRCh38,AAGGGGCTCAGTACGC-1
GRCh38,AAGGGTAGTGGTTATA-1
GRCh38,AAGGGTTAGAAAGCCG-1
GRCh38,AAGGGTTAGAGTACGG-1
GRCh38,AAGGGTTAGGTCCAAC-1
GRCh38,AAGGTAATCATGGCTA-1
GRCh38,AAGGTAATCCACAGGT-1
GRCh38,AAGGTAATCCACCTCA-1
GRCh38,AAGGTAATCCTCGGCT-1
GRCh38,AAGGTGTAGCCTTCAT-1
GRCh38,AAGGTGTAGGTGCGAA-1
GRCh38,AAGGTTAAGAGGGTAT-1
GRCh38,AAGGTTAAGATCGATT-1
GRCh38,AAGGTTAAGCAACATT-1
GRCh38,AAGGTTCGTAATGGAG-1
GRCh38,AAGGTTCGTCTATCCA-1
GRCh38,AAGTAACCAAAACTAA-1
GRCh38,AAGTAACCAACTCACG-1
GRCh38,AAGTAACCACCAATAC-1
GRCh38,AAGTAACCACGGCTTA-1
GRCh38,AAGTACAAGACCTATG-1
GRCh38,AAGTACAAGAGAGTTA-1
GRCh38,AAGTACAAGAGCAACG-1
GRCh38,AAGTACAAGAGCCTGT-1
GRCh38,AAGTAGCAGAAGCGGC-1
GRCh38,AAGTAGGGTACTACTT-1
GRCh38,AAGTAGGGTATTGGGT-1
GRCh38,AAGTAGGGTGCTGGGT-1
GRCh38,AAGTATACACCCTGAA-1
GRCh38,AAGTATACACCTCTCG-1
GRCh38,AAGTATACACGTTCGA-1
GRCh38,AAGTATACACTCGGTA-1
GRCh38,AAGTCCATCGCAACGT-1
GRCh38,AAGTCCATCGGGCTCA-1
GRCh38,AAGTCCGGTCACGGGT-1
GRCh38,AAGTCCGGTCAGCCCC-1
GRCh38,AAGTCCGGTCCATCCG-1
GRCh38,AAGTCCGGTCCCTTGG-1
GRCh38,AAGTCGCTCAGCAATT-1
GRCh38,AAGTCGCTCATCCGCC-1
GRCh38,AAGTCTAGTGTACGTG-1
GRCh38,AAGTCTAGTGTTCGTC-1
GRCh38,AAGTCTCCACATCGGC-1
GRCh38,AAGTCTCCACCAACAT-1
GRCh38,AAGTCTCCACCGACAC-1
GRCh38,AAGTGAGGTCCTTTGA-1
GRCh38,AAGTGAGGTCTAGTAA-1
GRCh38,AAGTGCACAACTTCGG-1
GRCh38,AAGTGCACACACGGTC-1
GRCh38,AAGTGCACACCCAGAC-1
GRCh38,AAGTGCACAGTGAGCG-1
GRCh38,AAGTGTAAGACCTTAG-1
GRCh38,AAGTGTAAGCGCATTA-1
GRCh38,AAGTGTCGTAGGTATC-1
GRCh38,AAGTTCCCAGTAAACG-1
GRCh38,AAGTTCGTCCAGTAAT-1
GRCh38,AAGTTCGTCCTACTAC-1
GRCh38,AAGTTGCGTAACTTCT-1
GRCh38,AAGTTGCGTCTAAGTA-1
GRCh38,AAGTTGCGTCTATTGT-1
GRCh38,AATACAGAGCGCATAC-1
GRCh38,AATACCCCAAGTCATC-1
GRCh38,AATACGAAGGTAGGCA-1
GRCh38,AATACGTTCGTCAATG-1
GRCh38,AATACGTTCGTCTCGC-1
GRCh38,AATACTGGTATCAGGT-1
GRCh38,AATACTGGTCAAGGCC-1
GRCh38,AATACTGGTCAGGCGT-1
GRCh38,AATACTGGTCCCTGAT-1
GRCh38,AATACTGGTGGGGATG-1
GRCh38,AATACTGGTGGTTGGC-1
GRCh38,AATATCATCCAATCGA-1
GRCh38,AATATCCAGCCGTGAT-1
GRCh38,AATATCCAGGGTACGA-1
GRCh38,AATATCTCAAATGAAC-1
GRCh38,AATATTCCAAACGGGT-1
GRCh38,AATATTCCACCAAATC-1
GRCh38,AATATTCCAGCTAGAA-1
GRCh38,AATATTCCAGTGCGTC-1
GRCh38,AATATTCCAGTGGCGA-1
GRCh38,AATATTGTCCTAGTTC-1
GRCh38,AATATTGTCCTGGTCC-1
GRCh38,AATCAAGAGCTTCGTT-1
GRCh38,AATCAAGAGGCTCGAT-1
GRCh38,AATCACCCAAGCGTAA-1
GRCh38,AATCCCTTCCTCAGCC-1
GRCh38,AATCCGGGTAACGTCG-1
GRCh38,AATCCGGGTCACTTAT-1
GRCh38,AATCCGTCAAGTCATC-1
GRCh38,AATCCGTCAGGTCGTC-1
GRCh38,AATCCTCTCACACATG-1
GRCh38,AATCCTCTCACGTCGG-1
GRCh38,AATCCTCTCCCTGAAA-1
GRCh38,AATCGAGCACATAATT-1
GRCh38,AATCGAGCACTGAAAG-1
GRCh38,AATCGCATCACTCGTT-1
GRCh38,AATCGCGGTACGTGCA-1
GRCh38,AATCGCGGTACTCCCG-1
GRCh38,AATCGGACAAGCAGTA-1
GRCh38,AATCGGCTCCCGACTC-1
GRCh38,AATCGGCTCGGATGTC-1
GRCh38,AATCGTGTCGGTAGCT-1
GRCh38,AATCTAGGTGGAAAGC-1
GRCh38,AATCTAGGTGGCTAAT-1
GRCh38,AATCTATCAACGAAAT-1
GRCh38,AATCTCACAGCTTCAG-1
GRCh38,AATCTCTGTATGCGGC-1
GRCh38,AATCTCTGTCGCCCGT-1
GRCh38,AATCTTCGTCGGGGTT-1
GRCh38,AATCTTCGTCTCGAAG-1
GRCh38,AATCTTCGTGGAACCC-1
GRCh38,AATCTTCGTGGTTCGA-1
GRCh38,AATCTTCGTGTCCATC-1
GRCh38,AATGAACCACTGGGCT-1
GRCh38,AATGAACCAGGTGCGA-1
GRCh38,AATGACGCACTAACGT-1
GRCh38,AATGCAAAGACGATGG-1
GRCh38,AATGCAAAGACTTTGG-1
GRCh38,AATGCAAAGCATAATC-1
GRCh38,AATGCAAAGGCATAGG-1
GRCh38,AATGCGACACCAGCTA-1
GRCh38,AATGCGACACGCAGTC-1
GRCh38,AATGCGCTCAACCAAT-1
GRCh38,AATGGAGGTAGAGTAG-1
GRCh38,AATGGAGGTCCGCATT-1
GRCh38,AATGGAGGTCGAGTGC-1
GRCh38,AATGGCACACGCATAT-1
GRCh38,AATGGCACAGGTTGGG-1
GRCh38,AATGGCGAGCGAATGG-1
GRCh38,AATGGGAGTAGCCTCT-1
GRCh38,AATGGGAGTATATCCT-1
GRCh38,AATGGGAGTATGATGC-1
GRCh38,AATGGGAGTGGATGGG-1
GRCh38,AATGGGAGTGGGCAAG-1
GRCh38,AATGGGTAGAACTAAG-1
GRCh38,AATGGTAAGCTACAGC-1
GRCh38,AATGGTCGTCACACTC-1
GRCh38,AATGGTCGTGTCGTCT-1
GRCh38,AATGGTTTCCTTATGC-1
GRCh38,AATGTACTCACGCGTG-1
GRCh38,AATGTAGAGCGTACCG-1
GRCh38,AATGTCAGTCGCAAAT-1
GRCh38,AATGTCAGTGTGCCGG-1
GRCh38,AATGTGCGTACCCTTA-1
GRCh38,AATGTGCGTGTGCCTT-1
GRCh38,AATGTTGGTATCGGGC-1
GRCh38,AATTAAGCAACGTACT-1
GRCh38,AATTACCAGCTGATAT-1
GRCh38,AATTACCAGGCGGAGT-1
GRCh38,AATTACTCAACGCTCA-1
GRCh38,AATTACTCACTCATTT-1
GRCh38,AATTATGTCACGAGCT-1
GRCh38,AATTATGTCACGTGGT-1
GRCh38,AATTATGTCGTAACCA-1
GRCh38,AATTATGTCGTAACTG-1
GRCh38,AATTCAGGTATGAGGA-1
GRCh38,AATTCAGGTCCGTTGT-1
GRCh38,AATTCCCTCACATATA-1
GRCh38,AATTCCGAGACAGGAT-1
GRCh38,AATTCCGAGATCAGGG-1
GRCh38,AATTCCGAGGTAGTAA-1
GRCh38,AATTCCTGTATTGTCT-1
GRCh38,AATTCGGTCAACCCAA-1
GRCh38,AATTCGGTCGTGCAAC-1
GRCh38,AATTCGTAGCCTAATG-1
GRCh38,AATTGAGAGATCGCGT-1
GRCh38,AATTGAGAGCAGCGTT-1
GRCh38,AATTGCCCAGGCGACA-1
GRCh38,AATTGGCGTGTGCCCC-1
GRCh38,AATTGGGCAACAGAAT-1
GRCh38,AATTGGGCACAAATCC-1
GRCh38,AATTGGGCAGGTTAGA-1
GRCh38,AATTGGTTCGCTTCAT-1
GRCh38,AATTGGTTCGTGCTAA-1
GRCh38,AATTGGTTCGTGTATG-1
GRCh38,AATTGTCAGACATGCC-1
GRCh38,AATTGTCAGACTATCG-1
GRCh38,AATTGTCAGCAGTAGG-1
GRCh38,AATTTCCGTATTCGTT-1
GRCh38,AATTTCCGTCAGTCAG-1
GRCh38,AATTTCCGTCGCAAAT-1
GRCh38,AATTTCCGTCGTTGCT-1
GRCh38,AATTTGCAGACTTACG-1
GRCh38,AATTTGCAGGTATGGG-1
GRCh38,AATTTGGGTATAAGGG-1
GRCh38,AATTTGGGTCTCGATC-1
GRCh38,ACAACAGCACGCATCA-1
GRCh38,ACAACATTCCAACTTC-1
GRCh38,ACAACCATCCTCTAGT-1
GRCh38,ACAACCATCGGACTAC-1
GRCh38,ACAACCTCAACTTTAG-1
GRCh38,ACAACCTCAATCATTG-1
GRCh38,ACAACGCTCACAGCAC-1
GRCh38,ACAACGCTCCAAGTAT-1
GRCh38,ACAACGCTCCCCTAAT-1
GRCh38,ACAACGCTCCCTAACT-1
GRCh38,ACAACGCTCGTCATCT-1
GRCh38,ACAACGTGTCGCCATT-1
GRCh38,ACAAGAGGTAGGCTCA-1
GRCh38,ACAAGATCAATACCTA-1
GRCh38,ACAAGATCACCCTCAT-1
GRCh38,ACAAGATCACCTATAA-1
GRCh38,ACAAGCCTCCCGTGTC-1
GRCh38,ACAAGCGAGGGGACGT-1
GRCh38,ACAAGCTGTACGCTGA-1
GRCh38,ACAAGCTGTCCTAGCT-1
GRCh38,ACAAGGAGTACCACGA-1
GRCh38,ACAAGGAGTAGGGTAA-1
GRCh38,ACAATACTCAAAGGTA-1
GRCh38,ACAATACTCCAACGTA-1
GRCh38,ACAATAGAGATGTAGA-1
GRCh38,ACAATAGAGCAGGGGT-1
GRCh38,ACAATCCCAACAACAG-1
GRCh38,ACAATCCCAACATGTC-1
GRCh38,ACAATCCCAATCAGGA-1
GRCh38,ACAATCCCACCTTTCA-1
GRCh38,ACAATCCCACTTCATT-1
GRCh38,ACAATCGTCAATTGTA-1
GRCh38,ACAATGAAGGTAATTC-1
GRCh38,ACAATTATCATGCAGC-1
GRCh38,ACAATTGGTAGTGTTA-1
GRCh38,ACAATTGGTCTGTGAG-1
GRCh38,ACAATTTCAAAGGACC-1
GRCh38,ACAATTTCAATCGTCG-1
GRCh38,ACAATTTCACAAGGGT-1
GRCh38,ACACAAGCAAAACGCA-1
GRCh38,ACACAAGCACGCATCA-1
GRCh38,ACACAAGCAGGGCAAT-1
GRCh38,ACACAATTCACTCTCG-1
GRCh38,ACACAATTCATCACTC-1
GRCh38,ACACAATTCCTGTTCG-1
GRCh38,ACACAATTCGTGCTCC-1
GRCh38,ACACAGACACGCAATT-1
GRCh38,ACACAGACAGCATAAG-1
GRCh38,ACACATGTCAATCCCT-1
GRCh38,ACACATGTCCGTGTCC-1
GRCh38,ACACATGTCCTAACTC-1
GRCh38,ACACATGTCGGAATGG-1
GRCh38,ACACATTAGAAGCTTT-1
GRCh38,ACACATTAGCAATACT-1
GRCh38,ACACATTAGCAATTCG-1
GRCh38,ACACCCACAACGGGAT-1
GRCh38,ACACCCACAGGTATCT-1
GRCh38,ACACCCGAGACAATGA-1
GRCh38,ACACCCGAGCAATCCA-1
GRCh38,ACACCCGAGCGGTTCG-1
GRCh38,ACACCCTGTCTTAGGG-1
GRCh38,ACACCGTAGCCATGCG-1
GRCh38,ACACCGTAGCGAAGTG-1
GRCh38,ACACCGTAGCTATGGC-1
GRCh38,ACACCGTAGCTATGTG-1
GRCh38,ACACCGTAGGGCCTTG-1
GRCh38,ACACCTTTCAATGTTA-1
GRCh38,ACACCTTTCACTTACC-1
GRCh38,ACACCTTTCCTATCCG-1
GRCh38,ACACGAACAATAGCGA-1
GRCh38,ACACGAACACCGGAAG-1
GRCh38,ACACGAACACTTCTAT-1
GRCh38,ACACGAACAGCACCTA-1
GRCh38,ACACGAACAGCCCATA-1
GRCh38,ACACGGGCAACGCCAC-1
GRCh38,ACACGGTTCCGATCAA-1
GRCh38,ACACGTATCATTAATG-1
GRCh38,ACACGTATCGTAACCA-1
GRCh38,ACACTACCAAATTCCA-1
GRCh38,ACACTACCACACGGTC-1
GRCh38,ACACTACCAGCTAGCC-1
GRCh38,ACACTACCAGGCGTTC-1
GRCh38,ACACTCCGTAATGTCA-1
GRCh38,ACACTCCGTCTTAATC-1
GRCh38,ACACTCCGTGTCGCGG-1
GRCh38,ACACTCGCAAAATTTC-1
GRCh38,ACACTCGCAATCCGGC-1
GRCh38,ACACTCGCAGGTTGCC-1
GRCh38,ACACTTACAAAGTTCC-1
GRCh38,ACACTTCTCCTATGCT-1
GRCh38,ACACTTCTCGGATTGC-1
GRCh38,ACAGAACAGAGTAAGC-1
GRCh38,ACAGAACAGCACTATG-1
GRCh38,ACAGAACAGCCAGGTT-1
GRCh38,ACAGAACAGCGGATAG-1
GRCh38,ACAGAACAGCGTATTG-1
GRCh38,ACAGAAGGTAAGGTCT-1
GRCh38,ACAGAAGGTCGTACCT-1
GRCh38,ACAGAAGGTCTTAGTT-1
GRCh38,ACAGAATCACTTAAAT-1
GRCh38,ACAGACGAGACAGACG-1
GRCh38,ACAGACGAGCTAATAC-1
GRCh38,ACAGACGAGGTTCAAT-1
GRCh38,ACAGAGCCAACAACCT-1
GRCh38,ACAGCACTCATGGCGT-1
GRCh38,ACAGCATGTGGGTATT-1
GRCh38,ACAGCCCCACTAACCG-1
GRCh38,ACAGCCTAGAGCGTGA-1
GRCh38,ACAGCCTAGATCTGCA-1
GRCh38,ACAGCCTAGCAAACTT-1
GRCh38,ACAGCGGCAATCCGGC-1
GRCh38,ACAGCGGCAATGTGAG-1
GRCh38,ACAGCGTTCCCCATTG-1
GRCh38,ACAGCGTTCGCTTCTG-1
GRCh38,ACAGCTATCACAGCGT-1
GRCh38,ACAGCTATCACGACTA-1
GRCh38,ACAGCTATCATGCCTT-1
GRCh38,ACAGCTATCCGTCGCT-1
GRCh38,ACAGGACCACAACAGA-1
GRCh38,ACAGGCCGTACCTTGC-1
GRCh38,ACAGGCCGTACTGTGG-1
GRCh38,ACAGGCCGTATAGGAG-1
GRCh38,ACAGGCCGTCAGCGTA-1
GRCh38,ACAGGCTTCAATTGGT-1
GRCh38,ACAGGCTTCACAGCAC-1
GRCh38,ACAGGCTTCCGCTAAA-1
GRCh38,ACAGGGTCAATCATGC-1
GRCh38,ACAGGTTGTCCGGTAA-1
GRCh38,ACAGTTAGTAGCCTTC-1
GRCh38,ACAGTTGTCGCGGTAT-1
GRCh38,ACAGTTTAGAAACCAA-1
GRCh38,ACAGTTTAGCGACGTT-1
GRCh38,ACATAACTCCACATCT-1
GRCh38,ACATAAGAGGTAAATG-1
GRCh38,ACATACCCAAAGGACC-1
GRCh38,ACATACCCACCAGGGA-1
GRCh38,ACATACGTCCGAGTGT-1
GRCh38,ACATACGTCCGGACCA-1
GRCh38,ACATAGCGTCCTAGTC-1
GRCh38,ACATAGGCAAACCGAA-1
GRCh38,ACATAGGCACGTGCTA-1
GRCh38,ACATATATCACAGCAC-1
GRCh38,ACATATATCACATTCC-1
GRCh38,ACATATATCCGGGCTA-1
GRCh38,ACATATATCGGTTGTA-1
GRCh38,ACATATCAGCACATCA-1
GRCh38,ACATATTCAAGCCGTC-1
GRCh38,ACATCACCAACCCTCT-1
GRCh38,ACATCACCACTGCTCT-1
GRCh38,ACATCAGTCACTCCGC-1
GRCh38,ACATCAGTCCCTTTGG-1
GRCh38,ACATCAGTCCTACATC-1
GRCh38,ACATCATAGCCGGATT-1
GRCh38,ACATCCAAGACATGTT-1
GRCh38,ACATCCAAGAGTTGGG-1
GRCh38,ACATCCCGTATGCGAT-1
GRCh38,ACATCCCGTCGCGGAT-1
GRCh38,ACATCCGCAATCCTAA-1
GRCh38,ACATCCGCACGCATCA-1
GRCh38,ACATCCGCACTACTAA-1
GRCh38,ACATCTCTCCTGTTAC-1
GRCh38,ACATGAAAGCGAATGG-1
GRCh38,ACATGCCAGCGCACAT-1
GRCh38,ACATGCTCAAAGCTTC-1
GRCh38,ACATGCTCAATCGAGA-1
GRCh38,ACATGGACACGCAGGA-1
GRCh38,ACATGGACAGTATGCT-1
GRCh38,ACATGGGAGACCAGAG-1
GRCh38,ACATGGGAGGGGTAAT-1
GRCh38,ACATGTCCAAATTGCC-1
GRCh38,ACATGTTAGAAGCTAA-1
GRCh38,ACATGTTAGGCAACAG-1
GRCh38,ACATTAATCACCTACT-1
GRCh38,ACATTAATCATGGGTC-1
GRCh38,ACATTAATCGCTTTCG-1
GRCh38,ACATTAGGTGGGAGCA-1
GRCh38,ACATTATCAAACCATC-1
GRCh38,ACATTCCTCATGGGCT-1
GRCh38,ACATTCGAGAACGTGG-1
GRCh38,ACATTCTGTAATCGCG-1
GRCh38,ACATTCTGTCCAGCTT-1
GRCh38,ACATTCTGTGCATGGC-1
GRCh38,ACATTGGTCACAACCA-1
GRCh38,ACATTTCGTATCCAGG-1
GRCh38,ACCAAATTCCCTCTAG-1
GRCh38,ACCAACATCCCGAAAC-1
GRCh38,ACCAACATCCTAAAGT-1
GRCh38,ACCAACATCGTGCGCA-1
GRCh38,ACCAAGACACACTATA-1
GRCh38,ACCAAGCTCCTATCAC-1
GRCh38,ACCAATGTCACATTAA-1
GRCh38,ACCAATGTCGTTCGTT-1
GRCh38,ACCACAGGTAGAGTAG-1
GRCh38,ACCACAGGTGGGACTC-1
GRCh38,ACCACATCAATGCTCG-1
GRCh38,ACCACATCACATTGGT-1
GRCh38,ACCACATCACGCCATA-1
GRCh38,ACCACCTGTAAGCATC-1
GRCh38,ACCACCTGTAGGAAAT-1
GRCh38,ACCACGAGTAGGCCCG-1
GRCh38,ACCACGAGTCCTTTGA-1
GRCh38,ACCACGTAGAGTTTCG-1
GRCh38,ACCACGTAGATTGAAG-1
GRCh38,ACCACGTAGCTATGTG-1
GRCh38,ACCACGTAGGCCCTGA-1
GRCh38,ACCACGTAGGTCGGTT-1
GRCh38,ACCAGAACAACTAACC-1
GRCh38,ACCAGAACACGATAAG-1
GRCh38,ACCAGAACACTAGGCC-1
GRCh38,ACCAGAACACTTAAAT-1
GRCh38,ACCAGAGAGGGGAGCT-1
GRCh38,ACCAGGAAGAATCAAG-1
GRCh38,ACCAGGAAGGCGGATA-1
GRCh38,ACCAGGAAGGTTCATG-1
GRCh38,ACCATACCAATCGACT-1
GRCh38,ACCATACCAGTCAATC-1
GRCh38,ACCATCCGTAGAGGTA-1
GRCh38,ACCATCCGTAGGATTC-1
GRCh38,ACCATCGCACATTCAA-1
GRCh38,ACCATCTTCAATATTG-1
GRCh38,ACCATCTTCCGTTCGC-1
GRCh38,ACCATGCAGCCGCTGA-1
GRCh38,ACCATGGGTGTAAGGA-1
GRCh38,ACCCAAATCAAATCCG-1
GRCh38,ACCCAACAGAATTGTC-1
GRCh38,ACCCAACAGAGTATTC-1
GRCh38,ACCCAACAGCCTTTAC-1
GRCh38,ACCCACACAAACCTTA-1
GRCh38,ACCCACACAATGCCGC-1
GRCh38,ACCCACGAGCGCTCGA-1
GRCh38,ACCCATCGTATTACAG-1
GRCh38,ACCCCAACAATAAGAC-1
GRCh38,ACCCCAACAATGCGGG-1
GRCh38,ACCCCAGAGCATAGGG-1
GRCh38,ACCCCAGAGCGTAGCT-1
GRCh38,ACCCCATGTGCATGGC-1
GRCh38,ACCCCATGTGTAAGTC-1
GRCh38,ACCCCATGTGTCTTCA-1
GRCh38,ACCCCGAAGATGCGAG-1
GRCh38,ACCCCGAAGGTACCCG-1
GRCh38,ACCCCGTTCCAATCGA-1
GRCh38,ACCCCTATCAACCCTT-1
GRCh38,ACCCGACCAAGGACTA-1
GRCh38,ACCCGACCAGTCATCG-1
GRCh38,ACCCGACCAGTCCACA-1
GRCh38,ACCCGATAGCCCTGGA-1
GRCh38,ACCCGATAGGCTTGAC-1
GRCh38,ACCCGCAAGCTAGTAT-1
GRCh38,ACCCGCAAGGTATGGG-1
GRCh38,ACCCGCAAGGTTGGTC-1
GRCh38,ACCCGCTTCAGGCTTA-1
GRCh38,ACCCGCTTCATCGACA-1
GRCh38,ACCCGCTTCCCTAACT-1
GRCh38,ACCCGTACAGCTTATA-1
GRCh38,ACCCGTGAGAACGAAC-1
GRCh38,ACCCTAGCAACTCCGA-1
GRCh38,ACCCTAGCAACTTCGG-1
GRCh38,ACCCTAGCAAGAGGTC-1
GRCh38,ACCCTAGCACAAATGG-1
GRCh38,ACCCTAGCACACTCGA-1
GRCh38,ACCCTCTCACGCAACC-1
GRCh38,ACCCTCTCACTACTAA-1
GRCh38,ACCCTCTCAGTGCAGG-1
GRCh38,ACCCTCTCAGTTCAGT-1
GRCh38,ACCCTGCTCAGCACGT-1
GRCh38,ACCCTGCTCCCCACTA-1
GRCh38,ACCCTGCTCGCCATGG-1
GRCh38,ACCCTGCTCGGGGTAA-1
GRCh38,ACCCTGCTCGTGACGT-1
GRCh38,ACCCTTAGTAAGTCTA-1
GRCh38,ACCCTTAGTCGCACCC-1
GRCh38,ACCTAACCACTGACGC-1
GRCh38,ACCTACAAGATTCAAC-1
GRCh38,ACCTACAAGCAGCGAA-1
GRCh38,ACCTACAAGCTGACGT-1
GRCh38,ACCTACGCACCTACGA-1
GRCh38,ACCTACGCACTGGGGA-1
GRCh38,ACCTACTTCAAGCAAA-1
GRCh38,ACCTACTTCATGTCGA-1
GRCh38,ACCTAGGGTACTTCGC-1
GRCh38,ACCTAGGGTAGAGGTA-1
GRCh38,ACCTAGGGTCATAGCG-1
GRCh38,ACCTAGGGTCATAGTA-1
GRCh38,ACCTAGTCAAACCATC-1
GRCh38,ACCTAGTCACCGTACA-1
GRCh38,ACCTAGTCACTTAAGC-1
GRCh38,ACCTAGTCAGCTAATC-1
GRCh38,ACCTATACAAGGTTCT-1
GRCh38,ACCTATGAGATAGGGT-1
GRCh38,ACCTATTGTAAATCTG-1
GRCh38,ACCTCAGCACCCTTCG-1
GRCh38,ACCTCATTCCGACCCT-1
GRCh38,ACCTCCGGTAAACGGA-1
GRCh38,ACCTCCGGTCATACTT-1
GRCh38,ACCTCTCCAGCGCTAC-1
GRCh38,ACCTCTGTCAACGTTG-1
GRCh38,ACCTGCGAGACAATAG-1
GRCh38,ACCTGCGAGACTTTCC-1
GRCh38,ACCTGCGAGGTATACT-1
GRCh38,ACCTGCGAGGTCCTAA-1
GRCh38,ACCTGTCGTACCACGA-1
GRCh38,ACCTGTCGTAGGGAGT-1
GRCh38,ACCTGTCGTATAAGGG-1
GRCh38,ACCTGTCGTCGCTCTG-1
GRCh38,ACCTGTCGTGGCAAGG-1
GRCh38,ACCTTAACAAACGGCG-1
GRCh38,ACCTTAACAAAGCCAA-1
GRCh38,ACCTTAACAACAAGAT-1
GRCh38,ACCTTAGAGAACGATA-1
GRCh38,ACCTTATGTATACTTC-1
GRCh38,ACCTTATGTATTACCT-1
GRCh38,ACCTTATGTCGATTGG-1
GRCh38,ACCTTATGTCTAACGG-1
GRCh38,ACCTTGCGTGGTCTCT-1
GRCh38,ACCTTTCAGACTTACG-1
GRCh38,ACGAAAGGTAGGTTGT-1
GRCh38,ACGAAATCAACAGCCC-1
GRCh38,ACGAACACAACCCGTA-1
GRCh38,ACGAACGAGAGGCGGT-1
GRCh38,ACGAACGAGGGACATG-1
GRCh38,ACGAAGCCACCCACAA-1
GRCh38,ACGAAGCCACGCAACC-1
GRCh38,ACGAAGTAGCAATGGG-1
GRCh38,ACGAAGTAGCTGCAAC-1
GRCh38,ACGACACTCCCCAATT-1
GRCh38,ACGACACTCCCCTAAT-1
GRCh38,ACGACACTCCCTGCTA-1
GRCh38,ACGACACTCCTAGCAA-1
GRCh38,ACGACAGAGAGTTTCG-1
GRCh38,ACGACCCCAAATATAG-1
GRCh38,ACGACCCCACTGCGTA-1
GRCh38,ACGACCCCAGGTATTC-1
GRCh38,ACGACGAAGCCTATGA-1
GRCh38,ACGACGAAGCGTTAAT-1
GRCh38,ACGACGAAGGTTGCCG-1
GRCh38,ACGACTATCAGGGACA-1
GRCh38,ACGACTATCCCGCACT-1
GRCh38,ACGACTATCCTGTCAT-1
GRCh38,ACGACTATCGGTCAAC-1
GRCh38,ACGACTATCGTAGGCT-1
GRCh38,ACGAGACCAAGCAAGC-1
GRCh38,ACGAGACCACCAGGCT-1
GRCh38,ACGAGACCACGACACC-1
GRCh38,ACGAGCTTCAGTGGTC-1
GRCh38,ACGAGCTTCATATGGT-1
GRCh38,ACGAGCTTCATTCATT-1
GRCh38,ACGAGGCAGACCCCGA-1
GRCh38,ACGAGGTCAACCTATA-1
GRCh38,ACGAGGTCACAAATGG-1
GRCh38,ACGAGTTGTCGACGTA-1
GRCh38,ACGAGTTGTGCACTCT-1
GRCh38,ACGATAGCACGGTATT-1
GRCh38,ACGATATTCAATGTAC-1
GRCh38,ACGATATTCCTCTCGA-1
GRCh38,ACGATGGAGGTAGTGG-1
GRCh38,ACGCAACTCGGGGTAA-1
GRCh38,ACGCAATGTCCTTTAG-1
GRCh38,ACGCAGGCACGCTGAC-1
GRCh38,ACGCAGGCACTGCTTC-1
GRCh38,ACGCAGTTCAGGACTC-1
GRCh38,ACGCAGTTCCAGCAGT-1
GRCh38,ACGCAGTTCCCACCTA-1
GRCh38,ACGCATATCACTCGGG-1
GRCh38,ACGCATATCAGAAGTA-1
GRCh38,ACGCATATCCGATAGC-1
GRCh38,ACGCATATCGTCTTAC-1
GRCh38,ACGCATGGTGCCACTT-1
GRCh38,ACGCCACCAAATTCCA-1
GRCh38,ACGCCACCAACCACAT-1
GRCh38,ACGCCACCAAGCATAG-1
GRCh38,ACGCCACCACGCCTAA-1
GRCh38,ACGCCATAGACCCTTT-1
GRCh38,ACGCCATAGAGCTTGC-1
GRCh38,ACGCCATAGGCCCTGA-1
GRCh38,ACGCCATAGGCGGTTT-1
GRCh38,ACGCCCTTCGTCTCCA-1
GRCh38,ACGCCGGGTGGGTGAG-1
GRCh38,ACGCCGGGTGTAAGGA-1
GRCh38,ACGCCTCTCATCGGCG-1
GRCh38,ACGCCTCTCGTGGCCA-1
GRCh38,ACGCGAAAGGGCGTAA-1
GRCh38,ACGCGAGCACTCCTAC-1
GRCh38,ACGCGCATCGGGTATC-1
GRCh38,ACGCGCGGTGGTTTCC-1
GRCh38,ACGCGCTCAACAGAAT-1
GRCh38,ACGCGTCCAACTAATT-1
GRCh38,ACGCGTCCAAGGTAAT-1
GRCh38,ACGCGTCCAATTAAGA-1
GRCh38,ACGCGTCCACCACTAG-1
GRCh38,ACGCGTGTCCAGCCCT-1
GRCh38,ACGCTAATCAGCCAAC-1
GRCh38,ACGCTCACACCGTTTC-1
GRCh38,ACGCTGAGTAAGTCCG-1
GRCh38,ACGCTGAGTCAGTAGT-1
GRCh38,ACGCTGTAGATTCAAC-1
GRCh38,ACGCTGTAGGGTTCCG-1
GRCh38,ACGCTGTAGGTAGCAG-1
GRCh38,ACGCTTCGTCGGGGTT-1
GRCh38,ACGGAGCAGGTAATGA-1
GRCh38,ACGGATTGTAAGGGAC-1
GRCh38,ACGGATTGTGTCTGAG-1
GRCh38,ACGGCAAAGATTGGTT-1
GRCh38,ACGGCAAAGCAGCTGT-1
GRCh38,ACGGCAAAGGTACGTC-1
GRCh38,ACGGCAGCAAAGCAAT-1
GRCh38,ACGGGATCACATCTCC-1
GRCh38,ACGGGATCAGCTTTAA-1
GRCh38,ACGGGATCAGGACTTT-1
GRCh38,ACGGGCTGTCAATCGG-1
GRCh38,ACGGGCTGTCTCGGTT-1
GRCh38,ACGGGCTGTGCGGAGA-1
GRCh38,ACGGGGTAGAATACGA-1
GRCh38,ACGGGGTAGGGACAAT-1
GRCh38,ACGGGTAAGAATGACA-1
GRCh38,ACGGGTAAGCAAGATA-1
GRCh38,ACGGGTAAGCCAAGCT-1
GRCh38,ACGGGTTTCCACTCCA-1
GRCh38,ACGGGTTTCCCTATTA-1
GRCh38,ACGGGTTTCGTGAGCT-1
GRCh38,ACGGTCCCACATCGCA-1
GRCh38,ACGGTCCCACCTACGA-1
GRCh38,ACGGTCGTCATCGCCC-1
GRCh38,ACGGTCGTCCAGCTAA-1
GRCh38,ACGGTCGTCCCACTCA-1
GRCh38,ACGGTGCGTCGCCCTA-1
GRCh38,ACGGTTATCATGATGT-1
GRCh38,ACGGTTATCGTAGTTG-1
GRCh38,ACGGTTGGTATCAATG-1
GRCh38,ACGGTTGGTCTAAATG-1
GRCh38,ACGTAAGCAATCGAAG-1
GRCh38,ACGTACTCAGCAACCC-1
GRCh38,ACGTACTCAGGCGCAA-1
GRCh38,ACGTATGTCGGACTAC-1
GRCh38,ACGTATTAGCATTCAG-1
GRCh38,ACGTATTAGCATTGCA-1
GRCh38,ACGTCACAGACATTCG-1
GRCh38,ACGTCACAGAGCTTTG-1
GRCh38,ACGTCACAGCCTATGA-1
GRCh38,ACGTCACAGCGCACAT-1
GRCh38,ACGTCAGGTATAGCGT-1
GRCh38,ACGTCCACAGCTTCGA-1
GRCh38,ACGTCGCCAGGAACGT-1
GRCh38,ACGTCGGTCGGCCTCT-1
GRCh38,ACGTGATGTCCATTTG-1
GRCh38,ACGTGCAGTACTGTGG-1
GRCh38,ACGTGTCAGATTCAGT-1
GRCh38,ACGTTATAGGCGGTAA-1
GRCh38,ACGTTCGCAAGGGACT-1
GRCh38,ACGTTGGGTCTATCCA-1
GRCh38,ACGTTTACACAAGCCC-1
GRCh38,ACGTTTACAGTTGGAA-1
GRCh38,ACTAAACTCAGCATCA-1
GRCh38,ACTAAACTCGGCGTCA-1
GRCh38,ACTAACCCACAAGCGG-1
GRCh38,ACTAACCCACGTTCAG-1
GRCh38,ACTAACCCAGGTACAA-1
GRCh38,ACTAACGTCAGGCACT-1
GRCh38,ACTAACGTCATGGCAC-1
GRCh38,ACTAACGTCCGGACAT-1
GRCh38,ACTAACGTCGGTCTAA-1
GRCh38,ACTAAGCGTCTAGCTC-1
GRCh38,ACTAAGCGTGGCTTGA-1
GRCh38,ACTAATATCCATCTGT-1
GRCh38,ACTAATATCCGCACTC-1
GRCh38,ACTAATCAGAGCTTTG-1
GRCh38,ACTAATGGTATGTCTT-1
GRCh38,ACTAATTCAACCCTAG-1
GRCh38,ACTAATTCACTCCTTA-1
GRCh38,ACTACAAGTCTTGGTC-1
GRCh38,ACTACATAGCCGTAGT-1
GRCh38,ACTACATAGCGTCAAC-1
GRCh38,ACTACATAGCTATAAC-1
GRCh38,ACTACATAGGTAGAGT-1
GRCh38,ACTACCCGTGGTTTGG-1
GRCh38,ACTACCTTCCCCAACC-1
GRCh38,ACTACTTGTACCCGTT-1
GRCh38,ACTACTTGTCCAACGA-1
GRCh38,ACTACTTGTGCCCGTC-1
GRCh38,ACTATAATCCGTGTCC-1
GRCh38,ACTATAGGTGGCTCCC-1
GRCh38,ACTATAGGTGTCTTCA-1
GRCh38,ACTATATCAAAGTCTC-1
GRCh38,ACTATATCAATCAACC-1
GRCh38,ACTATATCACACTTAA-1
GRCh38,ACTATCACAATTATCG-1
GRCh38,ACTATCACACAGTCCA-1
GRCh38,ACTATCACACGCCAAC-1
GRCh38,ACTATCGAGAATATCC-1
GRCh38,ACTATCGAGGGTTGTC-1
GRCh38,ACTATGAGTACTGCGA-1
GRCh38,ACTATGAGTCTTATGT-1
GRCh38,ACTATGTAGCAAACGG-1
GRCh38,ACTATGTAGCGTTCCC-1
GRCh38,ACTATTCGTAGCGGGA-1
GRCh38,ACTATTCGTATCAATG-1
GRCh38,ACTATTCGTCATGTCC-1
GRCh38,ACTATTCGTGGAACGG-1
GRCh38,ACTCACGCAAGGAATT-1
GRCh38,ACTCACGCAGCAATAG-1
GRCh38,ACTCAGCAGCAACCCG-1
GRCh38,ACTCAGGGTCGGTTTC-1
GRCh38,ACTCAGGGTGGAGCAG-1
GRCh38,ACTCATACACACATAC-1
GRCh38,ACTCATCTCAGCCTCC-1
GRCh38,ACTCATCTCGTGACGT-1
GRCh38,ACTCATTGTGTCTTCA-1
GRCh38,ACTCCATTCACTCGCC-1
GRCh38,ACTCCATTCCACTTAC-1
GRCh38,ACTCCATTCCTGCAAA-1
GRCh38,ACTCCATTCGCGGTAT-1
GRCh38,ACTCCCATCGGGCCTA-1
GRCh38,ACTCCCATCGTAGCGT-1
GRCh38,ACTCCCGGTACTTTCG-1
GRCh38,ACTCCCGGTAGTGTGT-1
GRCh38,ACTCCCGGTGCTAAGT-1
GRCh38,ACTCCCGGTGGCTTGA-1
GRCh38,ACTCCCTCACTACGAT-1
GRCh38,ACTCCCTCAGTAGTAG-1
GRCh38,ACTCCCTCAGTTCGCA-1
GRCh38,ACTCCGCTCCCTATAC-1
GRCh38,ACTCGAGGTAACTGCG-1
GRCh38,ACTCGATCAATTCGTA-1
GRCh38,ACTCGATCACCAGCTA-1
GRCh38,ACTCGATCACTCGGAC-1
GRCh38,ACTCGCACAAACCACT-1
GRCh38,ACTCGCTGTCTGGTAG-1
GRCh38,ACTCGGCCACATAGTC-1
GRCh38,ACTCGGCCACCATGCA-1
GRCh38,ACTCTATGTAGGCGCT-1
GRCh38,ACTCTATGTCTACTAT-1
GRCh38,ACTCTATGTCTCGCCA-1
GRCh38,ACTCTGTTCCCTTCTC-1
GRCh38,ACTCTTATCAATCTGG-1
GRCh38,ACTCTTATCAGCATTG-1
GRCh38,ACTCTTATCCCGTCTA-1
GRCh38,ACTCTTATCCTTGTGT-1
GRCh38,ACTGAAGCACCTTACC-1
GRCh38,ACTGAAGCACTTAGCG-1
GRCh38,ACTGAAGCAGCAACCC-1
GRCh38,ACTGACATCAGCACTA-1
GRCh38,ACTGAGACAAAACCTC-1
GRCh38,ACTGAGACAAACCCAT-1
GRCh38,ACTGAGACAAGTAACG-1
GRCh38,ACTGATTAGCAAGGGC-1
GRCh38,ACTGATTAGCCATGAC-1
GRCh38,ACTGCAATCCAAGACC-1
GRCh38,ACTGCAATCGCACTCC-1
GRCh38,ACTGCAATCGTTAAGT-1
GRCh38,ACTGCACAGCGACCAT-1
GRCh38,ACTGCACAGGTCATGC-1
GRCh38,ACTGCAGGTCAAACGT-1
GRCh38,ACTGCAGGTCATACCC-1
GRCh38,ACTGCAGGTGTCGCCC-1
GRCh38,ACTGCATCAAGCGTAA-1
GRCh38,ACTGCCACAAACCATC-1
GRCh38,ACTGCCCTCAAGGGTG-1
GRCh38,ACTGCCCTCACTGCAA-1
GRCh38,ACTGCCGAGCGCCCAA-1
GRCh38,ACTGGAACAAAATGAC-1
GRCh38,ACTGGAACACTTAGCG-1
GRCh38,ACTGGAACAGGGATTA-1
GRCh38,ACTGGATGTCGGGCAT-1
GRCh38,ACTGGCGTCATGAAAG-1
GRCh38,ACTGGGCGTACCCGTT-1
GRCh38,ACTGGGCGTAGGTTGT-1
GRCh38,ACTGGGGCAAATGGCA-1
GRCh38,ACTGGGGCACAGTAAG-1
GRCh38,ACTGGGGCACTCAATA-1
GRCh38,ACTGGGGCAGGGTTAA-1
GRCh38,ACTGGGGCAGTTGCGC-1
GRCh38,ACTGTCGCACGTAACT-1
GRCh38,ACTGTCTTCCGCATAA-1
GRCh38,ACTGTGGGTAATGGAG-1
GRCh38,ACTGTGGGTACTTTCG-1
GRCh38,ACTGTGGGTAGTCTGG-1
GRCh38,ACTGTGGGTCCATGCT-1
GRCh38,ACTGTTCTCAGTACTG-1
GRCh38,ACTTAAATCAGTGGTC-1
GRCh38,ACTTAAATCATAAGCT-1
GRCh38,ACTTAAATCCGTGTCC-1
GRCh38,ACTTAACAGATGCATT-1
GRCh38,ACTTAAGGTGCTATAA-1
GRCh38,ACTTACACACCAACGC-1
GRCh38,ACTTAGCCAGTCAAGA-1
GRCh38,ACTTATCGTCACTATT-1
GRCh38,ACTTATCGTGGCTTAG-1
GRCh38,ACTTATCGTGTGGATT-1
GRCh38,ACTTCAACAATGCTTA-1
GRCh38,ACTTCCGTCAGCATCA-1
GRCh38,ACTTCCGTCCCATATC-1
GRCh38,ACTTCGCGTAAGTCTA-1
GRCh38,ACTTCGGCAAAACTAA-1
GRCh38,ACTTCGGCAAGGCGCA-1
GRCh38,ACTTCGTTCCATTACC-1
GRCh38,ACTTCTATCCAATTAA-1
GRCh38,ACTTCTATCCTCCAAT-1
GRCh38,ACTTCTGGTCAGTAGT-1
GRCh38,ACTTCTGGTCTCCGGC-1
GRCh38,ACTTCTGGTGTGTAGT-1
GRCh38,ACTTGCCGTCCTAATT-1
GRCh38,ACTTGCTTCGTTCGCC-1
GRCh38,ACTTGGGGTCAGCTTC-1
GRCh38,ACTTGTCTCCTTGTGT-1
GRCh38,ACTTGTCTCGGTCATA-1
GRCh38,ACTTGTGAGATTACCG-1
GRCh38,ACTTGTGAGCCTCGAG-1
GRCh38,ACTTGTGAGCGTAGAG-1
GRCh38,ACTTGTGAGCTACGAC-1
GRCh38,ACTTTAGCAATGCGCC-1
GRCh38,ACTTTAGCAGCCTCTT-1
GRCh38,ACTTTCATCGGCCTTC-1
GRCh38,ACTTTCCAGCACCTCC-1
GRCh38,ACTTTCCAGGTAACCC-1
GRCh38,ACTTTGGAGCTCAGTA-1
GRCh38,ACTTTGGAGGGCATAG-1
GRCh38,AGAAGCCCACATAGTC-1
GRCh38,AGAAGCCCAGTGAAGC-1
GRCh38,AGAAGCCCAGTGAGGT-1
GRCh38,AGAAGCCCAGTTAGAG-1
GRCh38,AGAAGCTAGCCGTATA-1
GRCh38,AGAAGGAAGCCCAACG-1
GRCh38,AGAATACCAGGACAAC-1
GRCh38,AGAATAGTCCCTGGCT-1
GRCh38,AGAATTACAATCATTG-1
GRCh38,AGAATTACAGCATGCC-1
GRCh38,AGAATTACAGCGACGA-1
GRCh38,AGAATTACAGTTACCG-1
GRCh38,AGAATTGAGGTGCTAC-1
GRCh38,AGACAGCCAAAGGGGA-1
GRCh38,AGACAGCCAATCCTAA-1
GRCh38,AGACAGCCAGCACACC-1
GRCh38,AGACAGGTCCTTAATT-1
GRCh38,AGACAGGTCGGACATC-1
GRCh38,AGACAGGTCGTTGGGT-1
GRCh38,AGACATAAGCAAGACG-1
GRCh38,AGACATAAGCATCGCG-1
GRCh38,AGACATAAGGGGTTTC-1
GRCh38,AGACATTTCCGTAACA-1
GRCh38,AGACGCTTCGTTAAGT-1
GRCh38,AGACGCTTCGTTACTC-1
GRCh38,AGACGGGGTACAAGGA-1
GRCh38,AGACGGGGTAGTGTCG-1
GRCh38,AGACGGGGTGGTGTAT-1
GRCh38,AGACGTACACCTGTAG-1
GRCh38,AGACGTTGTAGCGGGA-1
GRCh38,AGACTCATCCCTATAC-1
GRCh38,AGACTCATCCTAATGG-1
GRCh38,AGACTCGGTATCTCAT-1
GRCh38,AGACTCGGTCGACTTC-1
GRCh38,AGACTGCTCAATGCGC-1
GRCh38,AGACTGCTCATTGTCC-1
GRCh38,AGACTTTAGCAGCGTT-1
GRCh38,AGAGAACTCAATTCGG-1
GRCh38,AGAGAACTCACTATAA-1
GRCh38,AGAGAACTCACTTCGT-1
GRCh38,AGAGAATGTAACCCGA-1
GRCh38,AGAGAATGTCGGTTCT-1
GRCh38,AGAGACCCAGCATCAT-1
GRCh38,AGAGAGAAGCCTTTCG-1
GRCh38,AGAGAGGCAAAGCAAT-1
GRCh38,AGAGAGGCAATCAACC-1
GRCh38,AGAGAGGCAATGCCCA-1
GRCh38,AGAGAGGCACATGCGC-1
GRCh38,AGAGAGGCACTCCATC-1
GRCh38,AGAGAGGCAGGCATTT-1
GRCh38,AGAGATGGTCAGGCCG-1
GRCh38,AGAGATTCAGGTATCT-1
GRCh38,AGAGATTCAGTGATTC-1
GRCh38,AGAGGAAAGGTAGTTT-1
GRCh38,AGAGGCGGTAGGGCGA-1
GRCh38,AGAGGGACAAGCAAAT-1
GRCh38,AGAGGGACACATTCCC-1
GRCh38,AGAGGGTGTCATACCC-1
GRCh38,AGAGGGTGTGTCGCGG-1
GRCh38,AGAGGTAGTAAGCGCC-1
GRCh38,AGAGGTAGTCCTTTAG-1
GRCh38,AGAGGTAGTGGCATAT-1
GRCh38,AGAGGTCCAAGCTGGG-1
GRCh38,AGAGGTCCAGCGACGA-1
GRCh38,AGAGGTCCAGGTTACT-1
GRCh38,AGAGGTTAGCAGCTAC-1
GRCh38,AGAGGTTAGGTATTGT-1
GRCh38,AGAGTAATCCACGTAA-1
GRCh38,AGAGTTAAGCTGTGGT-1
GRCh38,AGAGTTAAGGTTCAGC-1
GRCh38,AGCAAATCACCTTTCA-1
GRCh38,AGCAACGAGACATCCA-1
GRCh38,AGCAACGAGACGGGTA-1
GRCh38,AGCAAGCCAAATACCC-1
GRCh38,AGCAAGCCAACAGAAT-1
GRCh38,AGCAAGCCAATTCTAG-1
GRCh38,AGCAAGCCACTTCGTC-1
GRCh38,AGCAAGCCAGGATCAA-1
GRCh38,AGCAATCGTATAGGGA-1
GRCh38,AGCAATCGTGGAGTAA-1
GRCh38,AGCAATTTCACGGTTA-1
GRCh38,AGCAATTTCATACTAA-1
GRCh38,AGCAATTTCCGCTTCA-1
GRCh38,AGCAATTTCCTGGGTG-1
GRCh38,AGCACTATCACATCAG-1
GRCh38,AGCAGATAGATATTGC-1
GRCh38,AGCAGATAGCGAACAG-1
GRCh38,AGCAGCAAGCTCGAGT-1
GRCh38,AGCAGTACACCGTCAA-1
GRCh38,AGCAGTACACCTAGAT-1
GRCh38,AGCAGTTGTCCTCATA-1
GRCh38,AGCATAGCAATACCCG-1
GRCh38,AGCATAGCAGTCTCGA-1
GRCh38,AGCATATTCCATATCC-1
GRCh38,AGCATATTCGTGGTTA-1
GRCh38,AGCATCGGTGGAACCC-1
GRCh38,AGCATGGAGAGTGCAG-1
GRCh38,AGCATGGAGCAGCGTT-1
GRCh38,AGCATGGAGCGTCAAC-1
GRCh38,AGCATTCCACATCAGT-1
GRCh38,AGCATTCCACTGAAAG-1
GRCh38,AGCATTTAGACTATGT-1
GRCh38,AGCCAGCGTATTGGTA-1
GRCh38,AGCCAGCGTCTCGGTT-1
GRCh38,AGCCATATCACAGCAC-1
GRCh38,AGCCATATCCAATGTG-1
GRCh38,AGCCATATCCGGCTTC-1
GRCh38,AGCCATTCAACTTCGG-1
GRCh38,AGCCCCAAGCATTAAC-1
GRCh38,AGCCCCAAGCCCTTGC-1
GRCh38,AGCCCCAAGCTATAAC-1
GRCh38,AGCCCCTTCACACGGT-1
GRCh38,AGCCCCTTCAGACTGC-1
GRCh38,AGCCCTCTCACAATAC-1
GRCh38,AGCCCTCTCACTTCCG-1
GRCh38,AGCCCTCTCCTTAGCT-1
GRCh38,AGCCCTTGTACGCGCG-1
GRCh38,AGCCCTTGTCATCATT-1
GRCh38,AGCCCTTGTGCGCTCC-1
GRCh38,AGCCCTTGTGGGTTGC-1
GRCh38,AGCCCTTGTGTAGTGT-1
GRCh38,AGCCGAAAGACATAAG-1
GRCh38,AGCCGCATCGTACTTC-1
GRCh38,AGCCGTCCAGGTTCGC-1
GRCh38,AGCCGTGTCACACCTT-1
GRCh38,AGCCTCCTCATTGGCA-1
GRCh38,AGCCTCTGTACCCCAT-1
GRCh38,AGCCTCTGTGGATTTA-1
GRCh38,AGCCTCTGTGTTCGCT-1
GRCh38,AGCCTCTGTGTTGGGC-1
GRCh38,AGCCTGTAGCCAACCG-1
GRCh38,AGCCTGTAGCCATCAA-1
GRCh38,AGCGAACCAACGCAGG-1
GRCh38,AGCGAATAGACCCGAT-1
GRCh38,AGCGAATAGAGACTTT-1
GRCh38,AGCGAATAGCACCACG-1
GRCh38,AGCGAATAGCGCATCG-1
GRCh38,AGCGAGTCACAAGGGT-1
GRCh38,AGCGATACACTAAAGG-1
GRCh38,AGCGATACAGGAATAT-1
GRCh38,AGCGATGAGAATGACA-1
GRCh38,AGCGATGAGGGCGAGT-1
GRCh38,AGCGCATTCCCTATAC-1
GRCh38,AGCGCATTCCCTTCAG-1
GRCh38,AGCGCATTCCTCGGGA-1
GRCh38,AGCGCCATCGGAAACG-1
GRCh38,AGCGCCTCAAGGTTAG-1
GRCh38,AGCGCGACAATATGTT-1
GRCh38,AGCGCGACACCCATTC-1
GRCh38,AGCGCTCCAACATCCG-1
GRCh38,AGCGCTCCAATAACCC-1
GRCh38,AGCGCTCCAATGCGCC-1
GRCh38,AGCGGACAGAATGGCG-1
GRCh38,AGCGGACAGACATAGA-1
GRCh38,AGCGGAGGTAGTAAGG-1
GRCh38,AGCGGAGGTCAAAGGA-1
GRCh38,AGCGGCACACTAGAAG-1
GRCh38,AGCGGCACAGGATTAG-1
GRCh38,AGCGGGAGTCCTCGAT-1
GRCh38,AGCGGGTAGAATCTGT-1
GRCh38,AGCGGGTAGACAAGTA-1
GRCh38,AGCGGGTAGAGCCCAT-1
GRCh38,AGCGGGTAGCATGCCG-1
GRCh38,AGCGGGTAGGGGTTAG-1
GRCh38,AGCGGGTAGGGTGTTC-1
GRCh38,AGCGGTAAGAGAGGTT-1
GRCh38,AGCGGTCGTCCGCCGT-1
GRCh38,AGCGTAACAACACAGA-1
GRCh38,AGCGTAACACACTACG-1
GRCh38,AGCGTACTCAGGCCAT-1
GRCh38,AGCGTACTCATCGGAC-1
GRCh38,AGCGTACTCATGTCCT-1
GRCh38,AGCGTACTCGTACGTA-1
GRCh38,AGCGTATGTATGTTAG-1
GRCh38,AGCGTATGTGGTTTCC-1
GRCh38,AGCGTCAGTATCGCAG-1
GRCh38,AGCGTCCCAAGTCGGG-1
GRCh38,AGCGTCCCAGCCATAT-1
GRCh38,AGCGTGCGTGGGTTCA-1
GRCh38,AGCGTGTTCAGCCCTC-1
GRCh38,AGCGTGTTCCTCTGCA-1
GRCh38,AGCGTTTCAAGCATTC-1
GRCh38,AGCGTTTCACTTCGTC-1
GRCh38,AGCTATCCAGCGAATA-1
GRCh38,AGCTATCCAGTTAGTC-1
GRCh38,AGCTATGTCAGTCAAT-1
GRCh38,AGCTATGTCATGGGCT-1
GRCh38,AGCTATGTCCGAAGTC-1
GRCh38,AGCTGAACACAGGTCC-1
GRCh38,AGCTGATGTATACGTA-1
GRCh38,AGCTGATGTGGCCTGG-1
GRCh38,AGCTGCCCAGGATCAA-1
GRCh38,AGCTGCCCAGTCATAC-1
GRCh38,AGCTGTGGTCATCGAG-1
GRCh38,AGCTGTGGTCTAAGGT-1
GRCh38,AGCTGTGGTCTCGCCA-1
GRCh38,AGCTTACCAACTCCCT-1
GRCh38,AGCTTACCAAGGACTA-1
GRCh38,AGCTTACCACGTCGTA-1
GRCh38,AGCTTACCACTATGGT-1
GRCh38,AGCTTAGTCCCTTCGA-1
GRCh38,AGCTTCCGTCCTGATC-1
GRCh38,AGCTTCGCAGGAACCG-1
GRCh38,AGCTTGCAGACTATGT-1
GRCh38,AGCTTGGGTCGAGGCT-1
GRCh38,AGCTTTACAATCGCCA-1
GRCh38,AGCTTTGAGCCATATG-1
GRCh38,AGCTTTGAGGGAGCGT-1
GRCh38,AGGAAACTCATAATGC-1
GRCh38,AGGAAACTCGTCCGCT-1
GRCh38,AGGAATGGTCTAATTC-1
GRCh38,AGGAATGGTGGTCAAT-1
GRCh38,AGGACACCACGAGCGA-1
GRCh38,AGGACATAGACATAAG-1
GRCh38,AGGACATAGGCCTCGA-1
GRCh38,AGGACCAAGCCTAGCG-1
GRCh38,AGGACCAAGGGACACA-1
GRCh38,AGGACCGCACGCGACT-1
GRCh38,AGGACCGCAGGCACTC-1
GRCh38,AGGACGCAGAATCTGT-1
GRCh38,AGGACGCAGGGAATGT-1
GRCh38,AGGACTACAGGGCTCT-1
GRCh38,AGGACTCTCAATGTTA-1
GRCh38,AGGACTCTCACCATTC-1
GRCh38,AGGACTCTCACGCAGT-1
GRCh38,AGGACTCTCCTTCTAA-1
GRCh38,AGGACTTGTGGGAGTG-1
GRCh38,AGGAGCCAGACGTTAT-1
GRCh38,AGGAGCCAGGTGCCAT-1
GRCh38,AGGAGGACAAGGGTTA-1
GRCh38,AGGAGGACACCCAGAC-1
GRCh38,AGGAGGTGTAGTTTAG-1
GRCh38,AGGAGGTGTATGAGCT-1
GRCh38,AGGAGTAGTATCAATG-1
GRCh38,AGGAGTTAGGGTGTTC-1
GRCh38,AGGATAGGTAAACTGC-1
GRCh38,AGGATAGGTAGGGCGA-1
GRCh38,AGGATAGGTCAGCATG-1
GRCh38,AGGATAGGTCCAGATG-1
GRCh38,AGGATAGGTCCAGGGT-1
GRCh38,AGGATATCAAAACGCA-1
GRCh38,AGGATATCAACCTCTC-1
GRCh38,AGGATATCAGGAAAGG-1
GRCh38,AGGATATCAGGTTCAT-1
GRCh38,AGGATTCGTCAGCGTA-1
GRCh38,AGGATTCGTGGTTTAA-1
GRCh38,AGGATTCGTGTGTCGA-1
GRCh38,AGGCACAAGAACGATA-1
GRCh38,AGGCACAAGAGTGATA-1
GRCh38,AGGCACAAGCCAGTAC-1
GRCh38,AGGCACGCAGCTTCAG-1
GRCh38,AGGCACGCAGGGCTAG-1
GRCh38,AGGCACTTCCGGCAAT-1
GRCh38,AGGCAGCAGCCCTTGC-1
GRCh38,AGGCAGGGTATCGCAG-1
GRCh38,AGGCAGGGTCCAACGA-1
GRCh38,AGGCAGGGTCGATGAT-1
GRCh38,AGGCAGGGTGCATGGC-1
GRCh38,AGGCAGGGTGTTATAG-1
GRCh38,AGGCATTGTACATCCC-1
GRCh38,AGGCCAAAGGTCCTTT-1
GRCh38,AGGCCATTCAGACATT-1
GRCh38,AGGCCATTCGCTCCTA-1
GRCh38,AGGCCATTCGTGTAAT-1
GRCh38,AGGCCCGGTAATGGCT-1
GRCh38,AGGCCCGGTCATGGGC-1
GRCh38,AGGCCGACAACACGAA-1
GRCh38,AGGCCGTGTCGATGGC-1
GRCh38,AGGCCGTGTCTTATAC-1
GRCh38,AGGCGCACAATATGCC-1
GRCh38,AGGCGCACACCCTAGA-1
GRCh38,AGGCGCTGTCTGTATT-1
GRCh38,AGGCGGAGTCATCTAT-1
GRCh38,AGGCGGAGTCCCTCTC-1
GRCh38,AGGCGGAGTGCTTGCT-1
GRCh38,AGGCGGTAGCGACAAG-1
GRCh38,AGGCGGTAGCGGTTCG-1
GRCh38,AGGCGGTAGGGGTTGA-1
GRCh38,AGGCGTAAGCGATGAG-1
GRCh38,AGGCGTAAGCGCCCAA-1
GRCh38,AGGCGTAAGCTTAGCA-1
GRCh38,AGGCGTAAGGCTCACG-1
GRCh38,AGGCGTAAGGGTTAGG-1
GRCh38,AGGCGTAAGGTGCGAA-1
GRCh38,AGGCTCAGTCGTAGTG-1
GRCh38,AGGCTCAGTGGGGTAG-1
GRCh38,AGGCTCCCAAGTATAA-1
GRCh38,AGGCTCCCACGTTTCC-1
GRCh38,AGGCTCCCAGTAGCGG-1
GRCh38,AGGCTCGTCACGCAGT-1
GRCh38,AGGCTCGTCCTAGTCT-1
GRCh38,AGGCTGAAGCGTTGCG-1
GRCh38,AGGCTGAAGCTCAGTA-1
GRCh38,AGGCTGTTCAAACCGC-1
GRCh38,AGGCTGTTCACCCCGT-1
GRCh38,AGGCTGTTCCTATGCT-1
GRCh38,AGGCTGTTCCTTAGTC-1
GRCh38,AGGCTTATCATTCTCA-1
GRCh38,AGGCTTGGTATTGCGG-1
GRCh38,AGGCTTGGTCCGTTTA-1
GRCh38,AGGCTTGGTGTTCTAT-1
GRCh38,AGGGACATCGTATCAG-1
GRCh38,AGGGACCAGACCTGCG-1
GRCh38,AGGGACCAGGGCGAAC-1
GRCh38,AGGGACCAGGTAGGCA-1
GRCh38,AGGGACCAGGTGATTT-1
GRCh38,AGGGACTCAATTACCA-1
GRCh38,AGGGACTCACAATTAT-1
GRCh38,AGGGACTCACGGCTTA-1
GRCh38,AGGGAGTGTAAATTCG-1
GRCh38,AGGGCATCAGGCATAA-1
GRCh38,AGGGCGAGTAGCTGGC-1
GRCh38,AGGGCGAGTCTAAGTA-1
GRCh38,AGGGCGAGTGCTTTCA-1
GRCh38,AGGGCGTAGGTCTGTA-1
GRCh38,AGGGCTTTCCATCTAC-1
GRCh38,AGGGGAACAGTGCGTC-1
GRCh38,AGGGGATGTCGTTAAA-1
GRCh38,AGGGGCAGTAGCTTGG-1
GRCh38,AGGGGCTAGATGGTTT-1
GRCh38,AGGGGCTAGCTGTGGT-1
GRCh38,AGGGGTATCAGTAATC-1
GRCh38,AGGGGTATCATCACTC-1
GRCh38,AGGGGTATCGGTTTAG-1
GRCh38,AGGGGTATCGTGTTGA-1
GRCh38,AGGGGTCAGCATCGCG-1
GRCh38,AGGGGTCAGCTTGATG-1
GRCh38,AGGGGTCAGGTTATGT-1
GRCh38,AGGGTAAGTATAATCG-1
GRCh38,AGGGTAAGTGCTATAA-1
GRCh38,AGGGTATAGATACCAT-1
GRCh38,AGGGTCGCAGCTAGCC-1
GRCh38,AGGGTGCAGAACGACG-1
GRCh38,AGGGTGCAGACGAGGC-1
GRCh38,AGGTAAATCACCTCTG-1
GRCh38,AGGTAAATCGCATCGG-1
GRCh38,AGGTAACAGCCGTCGA-1
GRCh38,AGGTAATCAATACGGA-1
GRCh38,AGGTAATCACCTAAAC-1
GRCh38,AGGTATAAGAATTGTC-1
GRCh38,AGGTATAAGCACAAGG-1
GRCh38,AGGTATAAGCTGCGAT-1
GRCh38,AGGTATCGTCTGACTC-1
GRCh38,AGGTGATAGAAACGTA-1
GRCh38,AGGTGATAGATGGTTT-1
GRCh38,AGGTGATAGCTACGAC-1
GRCh38,AGGTGATAGGCGTTTA-1
GRCh38,AGGTTAAAGCACTGCG-1
GRCh38,AGGTTCGGTGGAGCCT-1
GRCh38,AGGTTCTCAAGGTTAG-1
GRCh38,AGGTTCTCAGGAAACC-1
GRCh38,AGGTTGGAGGGCGAGT-1
GRCh38,AGGTTGTGTACTGGGC-1
GRCh38,AGGTTGTGTCAGCCCC-1
GRCh38,AGGTTGTGTGTAGTTA-1
GRCh38,AGGTTTAGTAGGTAAG-1
GRCh38,AGGTTTAGTCACACCT-1
GRCh38,AGGTTTAGTGGTCAGC-1
GRCh38,AGGTTTCCAGCAACTT-1
GRCh38,AGGTTTCCAGTAGCCC-1
GRCh38,AGTAAACCAAAAGGCC-1
GRCh38,AGTAAACCAACACCCA-1
GRCh38,AGTAAAGTCATCCGCC-1
GRCh38,AGTAAAGTCGTCCCTA-1
GRCh38,AGTAATGAGACGCCCA-1
GRCh38,AGTAATGAGACTTTGG-1
GRCh38,AGTAATGAGCAAAGGT-1
GRCh38,AGTAATGAGGTTAGGG-1
GRCh38,AGTACAGCAGGACTAA-1
GRCh38,AGTACATTCCAATAGT-1
GRCh38,AGTACGACAACCCGTA-1
GRCh38,AGTACGACACTAGTCG-1
GRCh38,AGTACGCTCACGCGCA-1
GRCh38,AGTACGCTCCATCACT-1
GRCh38,AGTACGCTCCTGATTC-1
GRCh38,AGTACGCTCGGACTTA-1
GRCh38,AGTACTCCACATTTAG-1
GRCh38,AGTACTGTCCAGCTCC-1
GRCh38,AGTATAACAGCACGGA-1
GRCh38,AGTATAACAGCGCTAC-1
GRCh38,AGTATAGAGACGTCAC-1
GRCh38,AGTATAGAGATTACCG-1
GRCh38,AGTATGCGTCAAAGCT-1
GRCh38,AGTATGCGTGCCTCGC-1
GRCh38,AGTATGTTCCCATTCG-1
GRCh38,AGTATTATCACGCTCC-1
GRCh38,AGTATTATCCGGACAT-1
GRCh38,AGTATTCAGGTCATCA-1
GRCh38,AGTATTGGTAAGCCGC-1
GRCh38,AGTATTGGTAGCAGTT-1
GRCh38,AGTCAGCTCAGTTGTG-1
GRCh38,AGTCAGTGTGGGAGTG-1
GRCh38,AGTCCACAGACGGGTA-1
GRCh38,AGTCCACAGCTGTGGT-1
GRCh38,AGTCCAGGTGTCTTCA-1
GRCh38,AGTCCATCAACGGCAG-1
GRCh38,AGTCCATCAAGTGGGT-1
GRCh38,AGTCCATCAATAGCAG-1
GRCh38,AGTCCATCACCCTTAC-1
GRCh38,AGTCCATCAGGTAGCG-1
GRCh38,AGTCCATCAGTTAGTC-1
GRCh38,AGTCCCGAGAAGCGAT-1
GRCh38,AGTCCGAGTATTGAGC-1
GRCh38,AGTCCGAGTCTAACTT-1
GRCh38,AGTCCGCCAAATTCCA-1
GRCh38,AGTCCGCCAACCCTCT-1
GRCh38,AGTCCGCCAATGGTAG-1
GRCh38,AGTCCGCCACGTTCGA-1
GRCh38,AGTCCGCCAGGACGCA-1
GRCh38,AGTCCGGTCCCGGGTA-1
GRCh38,AGTCCTTTCCCCACTA-1
GRCh38,AGTCCTTTCCGCCTAC-1
GRCh38,AGTCGAACAGCGTGCT-1
GRCh38,AGTCGATGTACCACAG-1
GRCh38,AGTCGCAGTCCTGCGC-1
GRCh38,AGTCGCAGTGGGGAAT-1
GRCh38,AGTCGCGTCAAATGTC-1
GRCh38,AGTCGGCGTCGATGAT-1
GRCh38,AGTCGGCGTGCTGTCT-1
GRCh38,AGTCGGGCACTAGAAG-1
GRCh38,AGTCTCGCAGGGTTCC-1
GRCh38,AGTCTGGGTCGCCCTA-1
GRCh38,AGTCTGGGTCTGGTCT-1
GRCh38,AGTCTTGAGCTAGCGT-1
GRCh38,AGTGAAATCCAGTAGC-1
GRCh38,AGTGAGAGTAGGCTCA-1
GRCh38,AGTGAGAGTAGTCGGC-1
GRCh38,AGTGAGAGTCATCGAG-1
GRCh38,AGTGATAAGAGGCGGT-1
GRCh38,AGTGATAAGCGAATTT-1
GRCh38,AGTGATAAGGTAAATG-1
GRCh38,AGTGATAAGGTCCGCA-1
GRCh38,AGTGATTTCACGGTGT-1
GRCh38,AGTGCAACAAACTCAC-1
GRCh38,AGTGCAACACTGGGCT-1
GRCh38,AGTGCAGAGCGTAGCT-1
GRCh38,AGTGCCCCAAAATCCC-1
GRCh38,AGTGCCCCACGTTTCC-1
GRCh38,AGTGCGAAGCATATGT-1
GRCh38,AGTGCGCGTCAACGTG-1
GRCh38,AGTGCTATCACTGGCG-1
GRCh38,AGTGGCAAGGTCGGTT-1
GRCh38,AGTGGCGCACAGTCGC-1
GRCh38,AGTGGCGCACGACACC-1
GRCh38,AGTGGCTTCAGCAGTC-1
GRCh38,AGTGGCTTCAGGCTGT-1
GRCh38,AGTGGGTCAAGTAAAC-1
GRCh38,AGTGGGTCACATCGGC-1
GRCh38,AGTGGGTCACATGGTT-1
GRCh38,AGTGGTCTCAAATGTC-1
GRCh38,AGTGGTCTCCCTATTA-1
GRCh38,AGTGGTCTCCGGTCGA-1
GRCh38,AGTGTAAAGATTAACC-1
GRCh38,AGTGTACGTCTAACCC-1
GRCh38,AGTGTACGTGTGCCCC-1
GRCh38,AGTGTCTCAAGACGTA-1
GRCh38,AGTGTCTCAATGCGAA-1
GRCh38,AGTGTCTCAGTAGCGG-1
GRCh38,AGTGTTAGTCGATTGG-1
GRCh38,AGTGTTCCAAGGACCG-1
GRCh38,AGTGTTCCACACGTCA-1
GRCh38,AGTTAAGAGAAAGTCA-1
GRCh38,AGTTACCCAAGGACAC-1
GRCh38,AGTTACCCAATGAAAC-1
GRCh38,AGTTAGAAGCACCGCA-1
GRCh38,AGTTAGCGTATCTGGG-1
GRCh38,AGTTAGCGTCAAACGT-1
GRCh38,AGTTAGCGTCTCGCTG-1
GRCh38,AGTTAGGCAAAGTATA-1
GRCh38,AGTTAGTTCCCCAATT-1
GRCh38,AGTTAGTTCCTTAGCT-1
GRCh38,AGTTATATCAACCATG-1
GRCh38,AGTTATATCATGTCGA-1
GRCh38,AGTTATGGTAACTGCG-1
GRCh38,AGTTATGGTAATGTTG-1
GRCh38,AGTTATGGTCGGAATT-1
GRCh38,AGTTGAAAGAACCCCG-1
GRCh38,AGTTGAGCAACCAACT-1
GRCh38,AGTTGCATCACGTGGT-1
GRCh38,AGTTGCATCATTCGTC-1
GRCh38,AGTTGCCAGCCGTAGT-1
GRCh38,AGTTGCCAGCGTCAAC-1
GRCh38,AGTTGCCAGGTCTGTA-1
GRCh38,AGTTGGGAGAGAAGGA-1
GRCh38,AGTTGTGTCCTATCAC-1
GRCh38,AGTTTACAGGCGTTAC-1
GRCh38,AGTTTACAGGTCGCAT-1
GRCh38,AGTTTAGGTCATTCCA-1
GRCh38,AGTTTCACAAAAGCCA-1
GRCh38,AGTTTCACACTAGCAT-1
GRCh38,AGTTTCACAGGAATCA-1
GRCh38,AGTTTCCTCACAACGC-1
GRCh38,AGTTTCCTCACCTCAT-1
GRCh38,AGTTTCCTCACTGACA-1
GRCh38,AGTTTCCTCGCAGTAC-1
GRCh38,AGTTTCCTCGCATACA-1
GRCh38,AGTTTCGAGAAGCGTG-1
GRCh38,AGTTTCGAGAGCCCCA-1
GRCh38,AGTTTCGAGCGGATAG-1
GRCh38,AGTTTCGAGGCATAGG-1
GRCh38,AGTTTGGTCATCCTTA-1
GRCh38,AGTTTGGTCGTAGGTC-1
GRCh38,AGTTTGGTCGTCTCTG-1
GRCh38,ATAACACTCAGTTTCC-1
GRCh38,ATAACACTCCTAAACG-1
GRCh38,ATAACCCCAAAACCGA-1
GRCh38,ATAACCCCAAATTAAG-1
GRCh38,ATAACCCCAACAGTCT-1
GRCh38,ATAACGAAGACCACGT-1
GRCh38,ATAACGTTCACTCCCA-1
GRCh38,ATAACTATCACACGTA-1
GRCh38,ATAACTTCAAGCGCCT-1
GRCh38,ATAACTTCAATAGGGC-1
GRCh38,ATAAGACCAACTTAGC-1
GRCh38,ATAAGACCAAGCAAAT-1
GRCh38,ATAAGACCAATCAAGG-1
GRCh38,ATAAGACCACACAGCC-1
GRCh38,ATAAGACCAGGAGTTA-1
GRCh38,ATAAGACCAGTTGGAA-1
GRCh38,ATAAGCAAGGGAATTA-1
GRCh38,ATAAGCCGTACATATG-1
GRCh38,ATAAGCCGTGCGCCTC-1
GRCh38,ATAAGGGGTAGGCCCG-1
GRCh38,ATAAGGTCACTCCACT-1
GRCh38,ATAAGTCTCCCTTTCC-1
GRCh38,ATAAGTCTCCGGGCTA-1
GRCh38,ATAAGTCTCGTAAGCC-1
GRCh38,ATAAGTGAGCGCTATA-1
GRCh38,ATAATCATCGTAAGCC-1
GRCh38,ATAATCGGTCTGACTC-1
GRCh38,ATAATCGGTGGTTGTG-1
GRCh38,ATAATGCTCAACCATG-1
GRCh38,ATAATGCTCACTCACT-1
GRCh38,ATAATGCTCATAATGC-1
GRCh38,ATAATGCTCATAGCGC-1
GRCh38,ATAATTCCAAGGGACT-1
GRCh38,ATAATTCCACTGGGCT-1
GRCh38,ATAATTCCAGTTGCCA-1
GRCh38,ATAATTGTCAAACCCA-1
GRCh38,ATAATTGTCACTTCTA-1
GRCh38,ATAATTGTCATGCGTA-1
GRCh38,ATAATTGTCCAGTCAA-1
GRCh38,ATACAACTCCATTCAC-1
GRCh38,ATACAAGAGCCAAGCT-1
GRCh38,ATACACCCACTGGAGG-1
GRCh38,ATACAGAAGGCGGAGT-1
GRCh38,ATACAGCGTGTTAGCG-1
GRCh38,ATACCATAGCATATGT-1
GRCh38,ATACCCAAGACAATGA-1
GRCh38,ATACCCCGTGGTCTAG-1
GRCh38,ATACCCTTCCTCTGCA-1
GRCh38,ATACCCTTCGCTCCTA-1
GRCh38,ATACCTACACCCTTAC-1
GRCh38,ATACCTCTCAGTGAAA-1
GRCh38,ATACCTCTCCAGCCCT-1
GRCh38,ATACCTCTCGGACCCA-1
GRCh38,ATACGAAAGACGTGTC-1
GRCh38,ATACGAAAGCGCTTGG-1
GRCh38,ATACGGACACCACTAG-1
GRCh38,ATACGGACACGCGTAC-1
GRCh38,ATACGGTGTCCACGTT-1
GRCh38,ATACGTAGTGCGATGC-1
GRCh38,ATACGTCCAATGCTCG-1
GRCh38,ATACGTCCACTAGTTA-1
GRCh38,ATACGTCCACTTCTAT-1
GRCh38,ATACGTGTCACCAAGC-1
GRCh38,ATACGTGTCGTCTCGC-1
GRCh38,ATACTAATCGCAACTA-1
GRCh38,ATACTAATCGCACCTC-1
GRCh38,ATACTAATCGTGCATA-1
GRCh38,ATACTCCTCACATAAC-1
GRCh38,ATACTCCTCGGAGGTA-1
GRCh38,ATACTTCGTATCTGCC-1
GRCh38,ATACTTCGTGGACCGT-1
GRCh38,ATAGCAGCAATCAGCT-1
GRCh38,ATAGCAGCACTATGAC-1
GRCh38,ATAGCAGCAGTTACTA-1
GRCh38,ATAGCCTCAACATACC-1
GRCh38,ATAGCGACAACATCAC-1
GRCh38,ATAGCGCTCCATAGGC-1
GRCh38,ATAGCGCTCCTAGTTC-1
GRCh38,ATAGCGCTCCTCCTTC-1
GRCh38,ATAGCGCTCGGTTGTA-1
GRCh38,ATAGCGGAGACCCGAT-1
GRCh38,ATAGCGGAGCAGTATT-1
GRCh38,ATAGCGGAGGTGTATT-1
GRCh38,ATAGCGTGTAGGCGCT-1
GRCh38,ATAGCGTGTATCTCAT-1
GRCh38,ATAGCGTGTGGTATGT-1
GRCh38,ATAGGAGGTACTGGGC-1
GRCh38,ATAGGAGGTGTACTCC-1
GRCh38,ATAGGCACAACTTTAG-1
GRCh38,ATAGGCACACAATCAC-1
GRCh38,ATAGGCGAGCCTGGCA-1
GRCh38,ATAGGCGAGGTAAATG-1
GRCh38,ATAGGGCCACACAGCC-1
GRCh38,ATAGGGCCACGATAAG-1
GRCh38,ATAGGGTAGATTCAGT-1
GRCh38,ATAGGGTAGCCTAAGC-1
GRCh38,ATAGTAACAGCCAAGG-1
GRCh38,ATAGTAACAGGTCATT-1
GRCh38,ATAGTACTCCCAGAAC-1
GRCh38,ATAGTACTCGGTCAGT-1
GRCh38,ATAGTAGAGAATGTAG-1
GRCh38,ATAGTAGAGCCTCACC-1
GRCh38,ATAGTAGAGCGCAGTT-1
GRCh38,ATAGTAGAGCGTGAAG-1
GRCh38,ATAGTCAGTAGGTTGT-1
GRCh38,ATAGTCAGTCAGCGTA-1
GRCh38,ATAGTCGTCATTGTGG-1
GRCh38,ATAGTGAAGCCAAGCT-1
GRCh38,ATAGTGAAGCGGTTCG-1
GRCh38,ATAGTGAAGCTTAAGT-1
GRCh38,ATAGTGCGTAATCTAG-1
GRCh38,ATAGTGTTCAAGCACC-1
GRCh38,ATATACCAGCCAATAT-1
GRCh38,ATATACCAGGGTTTCA-1
GRCh38,ATATACCAGGTTGTAT-1
GRCh38,ATATCACAGAAAGCCG-1
GRCh38,ATATCACAGCTATCAG-1
GRCh38,ATATCAGGTCCACGGG-1
GRCh38,ATATCAGGTCCAGGTA-1
GRCh38,ATATCAGGTGGTGTAT-1
GRCh38,ATATCCCTCACGGTCG-1
GRCh38,ATATCCTGTACGTCAG-1
GRCh38,ATATCCTGTAGTCAGT-1
GRCh38,ATATGAGAGAATTGAG-1
GRCh38,ATATGCCCACGAATCT-1
GRCh38,ATATGGCGTAGTTAGC-1
GRCh38,ATATGGTTCAGCGTAC-1
GRCh38,ATATGTATCCATAGGC-1
GRCh38,ATATGTATCGGCTAAC-1
GRCh38,ATATGTGGTATACTTC-1
GRCh38,ATATGTGGTCCAGAAT-1
GRCh38,ATATGTGGTCGGGCAT-1
GRCh38,ATATGTGGTCTATTCG-1
GRCh38,ATATGTGGTGTGCGCG-1
GRCh38,ATATGTTCAATGCATC-1
GRCh38,ATATTACCAAACGAGC-1
GRCh38,ATATTAGTCATGGGCT-1
GRCh38,ATATTCCGTAGGGCGA-1
GRCh38,ATATTCCGTCGATAGT-1
GRCh38,ATATTCCGTGTCGCGG-1
GRCh38,ATATTCGCAATTAAAG-1
GRCh38,ATATTCGCAGGTCTAT-1
GRCh38,ATATTCGCAGTGCGAG-1
GRCh38,ATATTGCAGCGTACCG-1
GRCh38,ATATTGCAGGTTCGCG-1
GRCh38,ATATTGGGTGGGACTC-1
GRCh38,ATCAACCCAAGAGAGG-1
GRCh38,ATCAACCCACCGTTAG-1
GRCh38,ATCAAGGCAGTAGGCG-1
GRCh38,ATCAATGGTCAGTAGT-1
GRCh38,ATCAATGGTCGACTTC-1
GRCh38,ATCACATAGAGCGAAT-1
GRCh38,ATCACATAGGCAATTT-1
GRCh38,ATCACCCGTACCTAGG-1
GRCh38,ATCACGGGTAGTATTG-1
GRCh38,ATCACGGGTCCAAAGT-1
GRCh38,ATCACGTCACGCCAAC-1
GRCh38,ATCAGAGCAATGCAGA-1
GRCh38,ATCAGCATCAACAGGG-1
GRCh38,ATCAGCATCCGAATCA-1
GRCh38,ATCAGCTCACGCTGAC-1
GRCh38,ATCAGGACACCACGTA-1
GRCh38,ATCAGGACACGACCTA-1
GRCh38,ATCAGGCTCACATTCC-1
GRCh38,ATCAGGCTCCAGGGTT-1
GRCh38,ATCAGGGAGCAAGTAA-1
GRCh38,ATCAGTCCAAATTAAG-1
GRCh38,ATCAGTCCACTTCATT-1
GRCh38,ATCAGTCCAGTTGGAA-1
GRCh38,ATCATCACAATGCACT-1
GRCh38,ATCATCCTCACCAATG-1
GRCh38,ATCATCCTCATATGGT-1
GRCh38,ATCATCGAGCATGTTG-1
GRCh38,ATCATCGAGCTCAGCG-1
GRCh38,ATCATGAGTGCGCCTC-1
GRCh38,ATCATGAGTGGCGTTA-1
GRCh38,ATCATGAGTGTGCCTT-1
GRCh38,ATCATTCGTACTGGGC-1
GRCh38,ATCATTGCAAGGAATT-1
GRCh38,ATCATTGCACCAGCTA-1
GRCh38,ATCATTGCACTTAGTA-1
GRCh38,ATCATTGCAGGACGCA-1
GRCh38,ATCATTGCAGGCCTTA-1
GRCh38,ATCCAACCAAGGTAAT-1
GRCh38,ATCCAACCACGCTCAA-1
GRCh38,ATCCAACCAGTCAACT-1
GRCh38,ATCCACAAGATTCAAC-1
GRCh38,ATCCACAAGGGAGGTC-1
GRCh38,ATCCAGGGTAAAGCTC-1
GRCh38,ATCCCCATCAGTATGT-1
GRCh38,ATCCCCATCATTCTCA-1
GRCh38,ATCCCCGGTCACTCCG-1
GRCh38,ATCCCCGGTCTGCGCC-1
GRCh38,ATCCCGACAATGCCGC-1
GRCh38,ATCCCGCTCAGACATT-1
GRCh38,ATCCCGCTCATGGTCA-1
GRCh38,ATCCGAGGTGGCTTCT-1
GRCh38,ATCCGAGGTGTTCATT-1
GRCh38,ATCCGCCTCCCTTCGA-1
GRCh38,ATCCGGAGTGGGTGAG-1
GRCh38,ATCCGGCCAGCATGCC-1
GRCh38,ATCCGTCGTACTTATC-1
GRCh38,ATCCGTCGTGCGGGTT-1
GRCh38,ATCCGTCGTGGGGATG-1
GRCh38,ATCCGTTTCCTACGCC-1
GRCh38,ATCCTACTCACATAAC-1
GRCh38,ATCCTACTCATGTCCT-1
GRCh38,ATCCTACTCGTTGACA-1
GRCh38,ATCCTAGAGCACTGTA-1
GRCh38,ATCCTAGAGCGGTTCG-1
GRCh38,ATCCTAGAGGTGCGTT-1
GRCh38,ATCCTATGTAGGCGGA-1
GRCh38,ATCCTGAAGATACCCA-1
GRCh38,ATCCTGAAGCACGAAG-1
GRCh38,ATCCTTATCGCATTAG-1
GRCh38,ATCCTTATCGGCTCGA-1
GRCh38,ATCCTTATCGTGCGCA-1
GRCh38,ATCGAAGCAAGGATCA-1
GRCh38,ATCGACATCAAGCCGT-1
GRCh38,ATCGACATCGGCTTAA-1
GRCh38,ATCGACATCGGGCTTG-1
GRCh38,ATCGACATCGTTCGGG-1
GRCh38,ATCGACCAGGTTGTGC-1
GRCh38,ATCGACTCAACTTTAG-1
GRCh38,ATCGACTCAGTGGCAG-1
GRCh38,ATCGAGACAGGTTGGG-1
GRCh38,ATCGAGTGTAGGCAGG-1
GRCh38,ATCGAGTGTCAGCCTT-1
GRCh38,ATCGAGTGTCGAAGTT-1
GRCh38,ATCGCAGGTCTACGGA-1
GRCh38,ATCGCAGGTGGGGTTC-1
GRCh38,ATCGCCACAATTGACC-1
GRCh38,ATCGCCACACAGCATT-1
GRCh38,ATCGCCCTCCTCTCGA-1
GRCh38,ATCGCGAGTATTCTGT-1
GRCh38,ATCGCGAGTGCGTTTC-1
GRCh38,ATCGCGCCAAGGCCGA-1
GRCh38,ATCGCGGTCATGACCA-1
GRCh38,ATCGCTCGTGGGGTAG-1
GRCh38,ATCGGAGAGATGGAGT-1
GRCh38,ATCGGCCCAATACGTC-1
GRCh38,ATCGGCCCACATAATT-1
GRCh38,ATCGGCGTCCCGGCTT-1
GRCh38,ATCGGGCGTACTTCAT-1
GRCh38,ATCGGGGCACATAGAG-1
GRCh38,ATCGGGGCACCAGACC-1
GRCh38,ATCGGGTTCATGCGTA-1
GRCh38,ATCGGTCAGACATGGG-1
GRCh38,ATCGTACCACTTAAGC-1
GRCh38,ATCGTATAGATCGACC-1
GRCh38,ATCGTATAGCAAGTAA-1
GRCh38,ATCGTCGCAAGTACGA-1
GRCh38,ATCGTCGCACCCAAAT-1
GRCh38,ATCGTCGCACTCCACT-1
GRCh38,ATCGTCGCAGCACGCT-1
GRCh38,ATCGTCGCAGCACGGA-1
GRCh38,ATCGTTGAGGTAAGCG-1
GRCh38,ATCTCACTCACTTCTA-1
GRCh38,ATCTCACTCAGTTTAA-1
GRCh38,ATCTCGAAGATACAAG-1
GRCh38,ATCTCGCGTATTCAGA-1
GRCh38,ATCTCGCGTGGCATTG-1
GRCh38,ATCTCGCGTGTGTGAT-1
GRCh38,ATCTCTATCAGCGCAT-1
GRCh38,ATCTCTGGTAGACGTT-1
GRCh38,ATCTCTTCAATCAACC-1
GRCh38,ATCTCTTCAGCACCTA-1
GRCh38,ATCTCTTCAGGACTAA-1
GRCh38,ATCTGACCACATCAGT-1
GRCh38,ATCTGACCACTATTCT-1
GRCh38,ATCTGACCACTTATAG-1
GRCh38,ATCTGACCAGGGCAAT-1
GRCh38,ATCTGCCGTACAGCGC-1
GRCh38,ATCTGCCGTATGGCGC-1
GRCh38,ATCTGGGGTCTGACTC-1
GRCh38,ATCTGGGGTGGAATTC-1
GRCh38,ATCTGGGGTGGTAAAG-1
GRCh38,ATCTGTTGTACTCAGG-1
GRCh38,ATCTGTTGTAGGACTT-1
GRCh38,ATCTGTTGTCTAATGA-1
GRCh38,ATCTTAGCACCAAATC-1
GRCh38,ATCTTCATCACTTCCG-1
GRCh38,ATCTTCCAGAGCAACG-1
GRCh38,ATCTTCCAGAGGACCA-1
GRCh38,ATCTTCCAGATCGTTG-1
GRCh38,ATCTTCCAGCCTTGCC-1
GRCh38,ATCTTCGGTCTGTACC-1
GRCh38,ATCTTCGGTCTTGTGC-1
GRCh38,ATCTTCGGTGTATTCT-1
GRCh38,ATCTTGGAGCAACAGG-1
GRCh38,ATGAAACCAATCCGCA-1
GRCh38,ATGAAACCACACTCGA-1
GRCh38,ATGAAACCACCGACAC-1
GRCh38,ATGAAACCAGTAAAGT-1
GRCh38,ATGAAAGTCAAAGTTC-1
GRCh38,ATGAAAGTCAACCAAT-1
GRCh38,ATGAAGGGTCATACTT-1
GRCh38,ATGAAGGGTGCCTTTA-1
GRCh38,ATGAATACAACCAACT-1
GRCh38,ATGAATCTCAATTATG-1
GRCh38,ATGACCATCATTAAGC-1
GRCh38,ATGACCATCCAGTCCC-1
GRCh38,ATGACCATCGTCTTCG-1
GRCh38,ATGACGACAATATCTG-1
GRCh38,ATGACGGAGCACCGCA-1
GRCh38,ATGACGGAGCCAACCG-1
GRCh38,ATGAGAGGTGGTTTAA-1
GRCh38,ATGAGGAGTAGCTGAT-1
GRCh38,ATGAGGTAGACCCATA-1
GRCh38,ATGAGGTAGCCGTAGT-1
GRCh38,ATGAGGTAGGCGTGTT-1
GRCh38,ATGAGTAAGCCCAACG-1
GRCh38,ATGAGTAAGGGTGTTC-1
GRCh38,ATGAGTCGTCGGTTAG-1
GRCh38,ATGAGTTTCCGGCACA-1
GRCh38,ATGATCCCACTCACGA-1
GRCh38,ATGCAATTCAATTGGT-1
GRCh38,ATGCAATTCCGTACTT-1
GRCh38,ATGCAATTCGTACGGT-1
GRCh38,ATGCAGACAAGAATAC-1
GRCh38,ATGCAGACAGGACAAC-1
GRCh38,ATGCAGACAGTCTATA-1
GRCh38,ATGCAGCTCCCGCACT-1
GRCh38,ATGCAGCTCGGTCGCA-1
GRCh38,ATGCAGTGTCGCCCTA-1
GRCh38,ATGCATCCACGCGTTA-1
GRCh38,ATGCATCCACGTACAT-1
GRCh38,ATGCATTAGACGCTGT-1
GRCh38,ATGCATTAGCGAGTAG-1
GRCh38,ATGCATTAGGCTGTTA-1
GRCh38,ATGCCAGGTAAGCCGC-1
GRCh38,ATGCCCACAAGCGGCA-1
GRCh38,ATGCCCGAGACAATTC-1
GRCh38,ATGCCCGAGCACGTAC-1
GRCh38,ATGCCGAGTCGCAAAT-1
GRCh38,ATGCCGCCAATACGTC-1
GRCh38,ATGCCGCCAATGCTCG-1
GRCh38,ATGCCTCGTATCAGGT-1
GRCh38,ATGCCTCGTATGCTGG-1
GRCh38,ATGCCTTTCAGTGAAA-1
GRCh38,ATGCCTTTCCCAACCC-1
GRCh38,ATGCCTTTCCGGTGCA-1
GRCh38,ATGCGAACAAAAGTTA-1
GRCh38,ATGCGAACACTCGGTA-1
GRCh38,ATGCGAGAGAACCCAC-1
GRCh38,ATGCGATGTAGGTATC-1
GRCh38,ATGCGATGTGTCGCCC-1
GRCh38,ATGCGCAGTAATCGCG-1
GRCh38,ATGCGCAGTGTTCTAT-1
GRCh38,ATGCGCCCACGTAGAA-1
GRCh38,ATGCGGCGTAATCCGG-1
GRCh38,ATGCGGCGTCTTAGGG-1
GRCh38,ATGCGTATCCTACAAG-1
GRCh38,ATGCGTATCGGATCCG-1
GRCh38,ATGCGTATCGGTCGCA-1
GRCh38,ATGCTACCAACCTACG-1
GRCh38,ATGCTACCAAGCTGGG-1
GRCh38,ATGCTACCAGTACGCC-1
GRCh38,ATGCTACCAGTTCAGT-1
GRCh38,ATGCTCAAGACCCACG-1
GRCh38,ATGCTCAAGGGACAAT-1
GRCh38,ATGCTGGGTCAGGTAT-1
GRCh38,ATGCTGGGTGGGTATT-1
GRCh38,ATGCTTACAAGCTTCG-1
GRCh38,ATGCTTACAATTCATG-1
GRCh38,ATGCTTACACCTCTAC-1
GRCh38,ATGCTTCTCGCACTCC-1
GRCh38,ATGCTTCTCGCATGGT-1
GRCh38,ATGGAAATCAGTACGC-1
GRCh38,ATGGAAATCGGCGCTA-1
GRCh38,ATGGACACAACTCCCT-1
GRCh38,ATGGACACACACACGC-1
GRCh38,ATGGACACACACTAAC-1
GRCh38,ATGGACCTCATCCTAC-1
GRCh38,ATGGAGAGTAAGTGAG-1
GRCh38,ATGGAGAGTACGCCGG-1
GRCh38,ATGGAGTAGGGCATAG-1
GRCh38,ATGGCCAGTACGCTGA-1
GRCh38,ATGGCCGTCAGTACTG-1
GRCh38,ATGGCCGTCGCCATAA-1
GRCh38,ATGGCGAAGCAAGTTT-1
GRCh38,ATGGCGAAGCGCATCG-1
GRCh38,ATGGCGCGTATCTCTG-1
GRCh38,ATGGCGGCACAATGCT-1
GRCh38,ATGGCGGCACACTCGA-1
GRCh38,ATGGCGGCAGCTAATC-1
GRCh38,ATGGCGTTCACAATTA-1
GRCh38,ATGGCTATCATAAGCT-1
GRCh38,ATGGGACCACTGACCA-1
GRCh38,ATGGGACCAGTCGCAC-1
GRCh38,ATGGGCAAGGGGGCAT-1
GRCh38,ATGGGTCTCACGCATA-1
GRCh38,ATGGGTCTCGCTTTAC-1
GRCh38,ATGGGTCTCGTGCTCC-1
GRCh38,ATGGGTGAGACCATGC-1
GRCh38,ATGGGTGAGCCTAGCG-1
GRCh38,ATGGGTTGTACACCCT-1
GRCh38,ATGGGTTGTCTAAGGT-1
GRCh38,ATGGTAGCACGACACC-1
GRCh38,ATGGTAGCACTAAGTC-1
GRCh38,ATGGTCATCAAGCTAT-1
GRCh38,ATGGTCTCACAATGGA-1
GRCh38,ATGGTCTCACTCTCCG-1
GRCh38,ATGGTGCTCCATTCAC-1
GRCh38,ATGGTGGAGATAACGA-1
GRCh38,ATGGTGGAGCCGACAT-1
GRCh38,ATGGTGGAGGTAGGAT-1
GRCh38,ATGGTGGAGGTCCACG-1
GRCh38,ATGGTTAGTATAGGAG-1
GRCh38,ATGGTTAGTGGTAATC-1
GRCh38,ATGGTTAGTGTTGTCC-1
GRCh38,ATGGTTGTCAAACCAT-1
GRCh38,ATGGTTGTCCCCACTA-1
GRCh38,ATGGTTGTCCTGCATT-1
GRCh38,ATGGTTGTCGGCGTAT-1
GRCh38,ATGGTTTAGACGCCAT-1
GRCh38,ATGGTTTAGAGAAGCT-1
GRCh38,ATGGTTTAGCGGCATT-1
GRCh38,ATGTAACTCGCAGTGT-1
GRCh38,ATGTACAGTATGGAGA-1
GRCh38,ATGTACAGTCTACAGG-1
GRCh38,ATGTAGAAGGCCCACA-1
GRCh38,ATGTATCAGAAATTGG-1
GRCh38,ATGTATTCACACGTCA-1
GRCh38,ATGTCAGTCAATCGGC-1
GRCh38,ATGTCAGTCACCACAA-1
GRCh38,ATGTCAGTCGGGGTAA-1
GRCh38,ATGTCCGCACTAATCA-1
GRCh38,ATGTCCTTCAAGCCTA-1
GRCh38,ATGTCGATCCTCTGCA-1
GRCh38,ATGTCGATCGGGTCCA-1
GRCh38,ATGTCGGGTATCATGA-1
GRCh38,ATGTCTTGTAGCTGGC-1
GRCh38,ATGTGAGCACGATGGG-1
GRCh38,ATGTGCGGTGGGATAA-1
GRCh38,ATGTGGCTCAGCCCCT-1
GRCh38,ATGTGGCTCCCGGCTT-1
GRCh38,ATGTGGCTCGTGTAAT-1
GRCh38,ATGTGTCCAAACCGAA-1
GRCh38,ATGTTAATCAAACTAC-1
GRCh38,ATGTTAATCCGTTTCG-1
GRCh38,ATGTTAATCCTCAGGG-1
GRCh38,ATGTTAATCGCAGTGT-1
GRCh38,ATGTTCTGTCAGGTAT-1
GRCh38,ATTAAAGCAGGATGGT-1
GRCh38,ATTAACCAGAGGGGTC-1
GRCh38,ATTAAGCTCGCGCGTA-1
GRCh38,ATTAAGCTCGTTGTCT-1
GRCh38,ATTAATCCACACAACT-1
GRCh38,ATTAATCCAGCTTACG-1
GRCh38,ATTAATCCAGGACATA-1
GRCh38,ATTAATGTCGCGACAT-1
GRCh38,ATTAATGTCGGTCAAC-1
GRCh38,ATTACAATCCTTAATT-1
GRCh38,ATTACAATCGCTTCTG-1
GRCh38,ATTACAATCGTTCATC-1
GRCh38,ATTACACAGAACTAGA-1
GRCh38,ATTACAGGTCACCCAT-1
GRCh38,ATTACAGGTGGAAATG-1
GRCh38,ATTACAGGTGGCTAGC-1
GRCh38,ATTACCACACGTACGC-1
GRCh38,ATTACCGAGCTGTCGG-1
GRCh38,ATTACGCCACAGTCGC-1
GRCh38,ATTACGTAGGCAAGGC-1
GRCh38,ATTACTTTCCATGCCC-1
GRCh38,ATTACTTTCGTGCAAC-1
GRCh38,ATTATCCGTACATAGC-1
GRCh38,ATTATCCGTCTGGCTT-1
GRCh38,ATTATCCGTCTGTGGA-1
GRCh38,ATTATCCGTGCCCATT-1
GRCh38,ATTATCCGTGCGAGGA-1
GRCh38,ATTATCGCAAGTTAGG-1
GRCh38,ATTATCTTCAACCTCT-1
GRCh38,ATTATCTTCCCTTCTC-1
GRCh38,ATTATCTTCGTCCATT-1
GRCh38,ATTATGCAGCGATTCA-1
GRCh38,ATTATGGGTGCTAGGC-1
GRCh38,ATTCAAATCAATTCCC-1
GRCh38,ATTCAAATCCCTACCA-1
GRCh38,ATTCAAATCGCGCCTT-1
GRCh38,ATTCAACAGAATGGGT-1
GRCh38,ATTCACGAGAGGACGC-1
GRCh38,ATTCACGAGCAAGCTC-1
GRCh38,ATTCAGAGTACAACGT-1
GRCh38,ATTCAGAGTGGGGATG-1
GRCh38,ATTCAGCCAAATCCGT-1
GRCh38,ATTCAGCCAGCACACC-1
GRCh38,ATTCAGTAGCCGATTA-1
GRCh38,ATTCATGCAACCCGAC-1
GRCh38,ATTCATGCACCCTCAT-1
GRCh38,ATTCATGCACCTAGCA-1
GRCh38,ATTCATTTCGGTAATT-1
GRCh38,ATTCGACCACATCTCC-1
GRCh38,ATTCGACCAGTTAGTC-1
GRCh38,ATTCGATAGAATTCGT-1
GRCh38,ATTCGATAGCACCCAG-1
GRCh38,ATTCGCTTCCACTTAC-1
GRCh38,ATTCGGGGTCTAAATG-1
GRCh38,ATTCGGTCACATCACG-1
GRCh38,ATTCGTACAGTTGCCA-1
GRCh38,ATTCGTTGTAGCGTTG-1
GRCh38,ATTCGTTGTATCTTGT-1
GRCh38,ATTCTAGCAACGATAG-1
GRCh38,ATTCTAGCACAAGGCG-1
GRCh38,ATTCTGTGTAAGCGTT-1
GRCh38,ATTCTGTGTACTTCAT-1
GRCh38,ATTGAAGAGCGGTTCG-1
GRCh38,ATTGAAGAGGCTTTGA-1
GRCh38,ATTGACCCACACACGC-1
GRCh38,ATTGACCCACCAAGCC-1
GRCh38,ATTGACCCACTTCTCA-1
GRCh38,ATTGAGCGTGCTAGGC-1
GRCh38,ATTGCATAGGCAATTT-1
GRCh38,ATTGCCCGTATGTCGG-1
GRCh38,ATTGCCCGTCATCTCA-1
GRCh38,ATTGCCCGTCCAGGTA-1
GRCh38,ATTGCCCGTCTGACTC-1
GRCh38,ATTGCGGGTCGCCCGT-1
GRCh38,ATTGCTACACATACCG-1
GRCh38,ATTGCTACACCCATAG-1
GRCh38,ATTGCTACACGCCAAC-1
GRCh38,ATTGCTACACGGGTCT-1
GRCh38,ATTGCTCTCCGTAAAT-1
GRCh38,ATTGCTTGTACATCCC-1
GRCh38,ATTGCTTGTCCAGTAG-1
GRCh38,ATTGGCATCGCAAGCT-1
GRCh38,ATTGGGTGTAAGGGAC-1
GRCh38,ATTGGGTGTACTACCC-1
GRCh38,ATTGGGTGTATCAGCG-1
GRCh38,ATTGGGTGTCCGTGTT-1
GRCh38,ATTGGGTGTGCTAGGC-1
GRCh38,ATTGGTAGTAGTTGCG-1
GRCh38,ATTGGTAGTATCTCGC-1
GRCh38,ATTGGTAGTCGATGAT-1
GRCh38,ATTGGTTAGCGCATAC-1
GRCh38,ATTGTAATCATAATTG-1
GRCh38,ATTGTAATCCCAAATG-1
GRCh38,ATTGTAATCCCTTCCT-1
GRCh38,ATTGTAGGTGCGGGTT-1
GRCh38,ATTGTATCAAAAGGAA-1
GRCh38,ATTGTATCAACTCATA-1
GRCh38,ATTGTATCACAAATGG-1
GRCh38,ATTGTATCACAGTCCA-1
GRCh38,ATTGTATCACATTAGC-1
GRCh38,ATTGTATCACGGACCT-1
GRCh38,ATTGTGGTCGCCATAA-1
GRCh38,CAAACCATCCTAATGG-1
GRCh38,CAAACCATCGGAGGTA-1
GRCh38,CAAACCATCGTAGGTC-1
GRCh38,CAAACCCAGATGCCAC-1
GRCh38,CAAACCCAGCTTAGTG-1
GRCh38,CAAACCCAGGGAAGCC-1
GRCh38,CAAACCTCAATTAATC-1
GRCh38,CAAACGTGTGGCATAT-1
GRCh38,CAAAGCCTCCTCGCTA-1
GRCh38,CAAAGCCTCGCCACTC-1
GRCh38,CAAAGCGAGCAATGTT-1
GRCh38,CAAAGCGAGCTATGTG-1
GRCh38,CAAAGCTGTAACCGTG-1
GRCh38,CAAAGCTGTAATCTAG-1
GRCh38,CAAAGCTGTCAATTAG-1
GRCh38,CAAAGGTAGCCTCTTG-1
GRCh38,CAAAGGTAGCGACCAT-1
GRCh38,CAAAGGTAGCGTGGTT-1
GRCh38,CAAAGTAAGACGGCAA-1
GRCh38,CAAATCCCACAGTTTA-1
GRCh38,CAAATCCCACCTCAGA-1
GRCh38,CAAATCCCACGGCTTA-1
GRCh38,CAAATCGTCATTACTT-1
GRCh38,CAAATTATCAGTCGCG-1
GRCh38,CAAATTCAGAGGGTGC-1
GRCh38,CAAATTCAGCATGCCG-1
GRCh38,CAAATTCAGGCCATCG-1
GRCh38,CAAATTCAGGTCCAAC-1
GRCh38,CAACACATCATCCCAT-1
GRCh38,CAACACATCGGTATTG-1
GRCh38,CAACACATCGTAGCTA-1
GRCh38,CAACAGACAAGCTTAC-1
GRCh38,CAACAGACACCATAAC-1
GRCh38,CAACAGACAGGACAAC-1
GRCh38,CAACAGACAGGTAAGC-1
GRCh38,CAACAGCTCATCGGAC-1
GRCh38,CAACAGCTCCTCCAGC-1
GRCh38,CAACAGGAGGTAGACG-1
GRCh38,CAACATCCAAAGGCAC-1
GRCh38,CAACATCCAATGCAGA-1
GRCh38,CAACATCCAGGTAAGC-1
GRCh38,CAACATGTCGCAAGTC-1
GRCh38,CAACATGTCGTCCTAT-1
GRCh38,CAACATTAGATCGATT-1
GRCh38,CAACATTAGCATGGTC-1
GRCh38,CAACATTAGGTCTGCG-1
GRCh38,CAACCCTGTAAGCCAT-1
GRCh38,CAACCCTGTACAAGCT-1
GRCh38,CAACCCTGTATCTGGG-1
GRCh38,CAACCCTGTATGGGCC-1
GRCh38,CAACCCTGTCAACTCC-1
GRCh38,CAACCCTGTCAATGTA-1
GRCh38,CAACCCTGTCGCTATC-1
GRCh38,CAACCGTAGCGTATAT-1
GRCh38,CAACCTCGTAGGTTTA-1
GRCh38,CAACCTCGTCACGCGG-1
GRCh38,CAACCTCGTCACTTTG-1
GRCh38,CAACGAACAATTCGGT-1
GRCh38,CAACGAGAGCGATTTG-1
GRCh38,CAACGGGCAAACCCAT-1
GRCh38,CAACGGGCAATAACCC-1
GRCh38,CAACGGGCACATGCGC-1
GRCh38,CAACGTCAGACGGCAA-1
GRCh38,CAACGTCAGAGCGACA-1
GRCh38,CAACGTCAGCTGCATA-1
GRCh38,CAACGTCAGGCAATTT-1
GRCh38,CAACGTGGTAGACGTT-1
GRCh38,CAACGTGGTAGTCCAG-1
GRCh38,CAACGTGGTGTCGGGT-1
GRCh38,CAACTCCGTCTGCGCC-1
GRCh38,CAACTCGCAATGATCC-1
GRCh38,CAACTCGCACATTGGT-1
GRCh38,CAACTTACAAACGCGG-1
GRCh38,CAACTTCTCGGAATGG-1
GRCh38,CAACTTCTCGTTATAA-1
GRCh38,CAAGACACAAACCTAC-1
GRCh38,CAAGACACACGCACTA-1
GRCh38,CAAGACACACTACTTT-1
GRCh38,CAAGACCTCCACATCT-1
GRCh38,CAAGACCTCCTAGCTT-1
GRCh38,CAAGAGTAGAACGCGA-1
GRCh38,CAAGAGTAGACATTCG-1
GRCh38,CAAGAGTAGATGGTAA-1
GRCh38,CAAGATAAGCTATGGC-1
GRCh38,CAAGCCCCAAAGTTCC-1
GRCh38,CAAGCCCCAAGGTTAG-1
GRCh38,CAAGCCTAGCACGGTT-1
GRCh38,CAAGCCTAGCTCACCC-1
GRCh38,CAAGCCTAGCTTGGCG-1
GRCh38,CAAGCGAAGGCTATTG-1
GRCh38,CAAGCGTTCAGCCCCT-1
GRCh38,CAAGCGTTCCGGCCTT-1
GRCh38,CAAGCTATCCAACAGC-1
GRCh38,CAAGCTCAGATGAGGT-1
GRCh38,CAAGCTCAGCCGCTAG-1
GRCh38,CAAGGCAAGCAGGAGC-1
GRCh38,CAAGGCAAGCCACTTT-1
GRCh38,CAAGGCAAGCTACATG-1
GRCh38,CAAGGCCGTATCTCGC-1
GRCh38,CAAGGCCGTATGAAGG-1
GRCh38,CAAGGCCGTCAACCCT-1
GRCh38,CAAGGCGCACCACGTA-1
GRCh38,CAAGGCGCAGTGCGTC-1
GRCh38,CAAGGGTCACAAGCCC-1
GRCh38,CAAGGGTCAGGGAGAA-1
GRCh38,CAAGGGTCAGTGTGGG-1
GRCh38,CAAGGTTGTGTGTTCC-1
GRCh38,CAAGTAAAGCGCCACA-1
GRCh38,CAAGTAGCAGGTCTAT-1
GRCh38,CAAGTATTCCTTAGCT-1
GRCh38,CAAGTCTCAGGTCATT-1
GRCh38,CAAGTCTCAGTGTTCG-1
GRCh38,CAAGTTAGTATCGCAG-1
GRCh38,CAAGTTAGTATGGTCG-1
GRCh38,CAAGTTTAGAGAATCA-1
GRCh38,CAAGTTTAGATGGGCA-1
GRCh38,CAAGTTTAGCGAAGTG-1
GRCh38,CAATACCCAATTAAGA-1
GRCh38,CAATACCCAGTCACGC-1
GRCh38,CAATACGTCCGACCCT-1
GRCh38,CAATACTAGAACCCGT-1
GRCh38,CAATACTAGAGGACCA-1
GRCh38,CAATACTAGCGAATGG-1
GRCh38,CAATAGGCACAACATC-1
GRCh38,CAATATATCACGCTCC-1
GRCh38,CAATATATCCGGACCA-1
GRCh38,CAATATCAGCTTGTGA-1
GRCh38,CAATATGGTATAGCGT-1
GRCh38,CAATATGGTCTCTAAT-1
GRCh38,CAATCACCAAATATTC-1
GRCh38,CAATCCAAGAACAGGT-1
GRCh38,CAATCCCGTCGTAATA-1
GRCh38,CAATCCCGTCTCATTG-1
GRCh38,CAATCCCGTGGTAGGG-1
GRCh38,CAATCCGCACTCATAA-1
GRCh38,CAATCGATCCCATCCA-1
GRCh38,CAATCGGGTGTCATCC-1
GRCh38,CAATGCATCAACACGC-1
GRCh38,CAATGCATCCCTTCTC-1
GRCh38,CAATGCCAGCCGCAAT-1
GRCh38,CAATGCCAGCTTAGTG-1
GRCh38,CAATGCGGTACCACCT-1
GRCh38,CAATGCGGTGCATAGT-1
GRCh38,CAATGCGGTGGTAATC-1
GRCh38,CAATGCTCAATCCCGA-1
GRCh38,CAATGCTCACATGCCA-1
GRCh38,CAATGCTCAGCGGACA-1
GRCh38,CAATGGACACAATTAT-1
GRCh38,CAATGGACACAGCGAG-1
GRCh38,CAATGGACACGTACAT-1
GRCh38,CAATGGACAGCCATAT-1
GRCh38,CAATGGGAGCCTCGAG-1
GRCh38,CAATGGGAGGCAATCC-1
GRCh38,CAATGGGAGGTCTCCC-1
GRCh38,CAATGTAGTGTCGCTT-1
GRCh38,CAATGTCCAAAAGCAT-1
GRCh38,CAATGTTAGAGGGCGT-1
GRCh38,CAATGTTAGGCTAAGG-1
GRCh38,CAATTAATCAACGCAC-1
GRCh38,CAATTAATCCGGTTAA-1
GRCh38,CAATTAATCGCTCTAT-1
GRCh38,CAATTACAGCTGAATT-1
GRCh38,CAATTACAGGCCCAAT-1
GRCh38,CAATTACAGGGCCATT-1
GRCh38,CAATTAGGTGCGGTTA-1
GRCh38,CAATTATCACACTCGA-1
GRCh38,CAATTATCACGAAGTA-1
GRCh38,CAATTCACAAGCGATA-1
GRCh38,CAATTCACAATCAGTC-1
GRCh38,CAATTCCTCACCTTAC-1
GRCh38,CAATTCCTCATCAGCA-1
GRCh38,CAATTCGAGAATGGCG-1
GRCh38,CAATTCGAGCTACGTA-1
GRCh38,CAATTGTAGATTCAAC-1
GRCh38,CAATTTCGTAGGCGGA-1
GRCh38,CAATTTCGTCACGTTC-1
GRCh38,CAATTTCGTCTCGCCA-1
GRCh38,CACAACATCAGCTGTA-1
GRCh38,CACAACTCACAATCAC-1
GRCh38,CACAAGACAAGCGAGT-1
GRCh38,CACAAGACACGCCATA-1
GRCh38,CACAAGGAGAACGTTT-1
GRCh38,CACAAGGAGCAGGGGT-1
GRCh38,CACAAGGAGCCAGCAT-1
GRCh38,CACAAGGAGGGCTTCG-1
GRCh38,CACAAGGAGGGGTTTC-1
GRCh38,CACAAGGAGGTTAGTT-1
GRCh38,CACAATCCAAGACGTA-1
GRCh38,CACAATCCACTGACAT-1
GRCh38,CACAATCCAGCCAATT-1
GRCh38,CACAATCCAGGGTTAA-1
GRCh38,CACAATTAGCTGTCGG-1
GRCh38,CACACCCTCAAGCTTG-1
GRCh38,CACACCCTCAGCACTA-1
GRCh38,CACACCCTCCGAATTG-1
GRCh38,CACACCCTCCTTCAAC-1
GRCh38,CACACCTGTAAATTCG-1
GRCh38,CACACCTGTAGGCTTG-1
GRCh38,CACACGCCAGTAAAGT-1
GRCh38,CACACTCGTAACGTCG-1
GRCh38,CACAGAACAAACGGTA-1
GRCh38,CACAGAACAATAAGAC-1
GRCh38,CACAGAACAATGGGGT-1
GRCh38,CACAGAACAATTACCA-1
GRCh38,CACAGAACAGGATTTC-1
GRCh38,CACAGCCCAGTCAACT-1
GRCh38,CACAGCTAGAACGGAT-1
GRCh38,CACAGCTAGATTACCG-1
GRCh38,CACAGGAAGAAGTACA-1
GRCh38,CACAGGAAGATTCGTG-1
GRCh38,CACAGGAAGCCGTAGT-1
GRCh38,CACAGGAAGGTGCCCA-1
GRCh38,CACATCAAGAGTTGCC-1
GRCh38,CACATCAAGCGCGTCA-1
GRCh38,CACATCTTCGCCTACC-1
GRCh38,CACATCTTCGTGCTAA-1
GRCh38,CACATGGGTACCCTTA-1
GRCh38,CACATGGGTATCTCTG-1
GRCh38,CACATGGGTCACGTTC-1
GRCh38,CACATGGGTCCGACAA-1
GRCh38,CACATGGGTGGTCAAT-1
GRCh38,CACCAAATCCCACTTG-1
GRCh38,CACCAAATCGGCCCTT-1
GRCh38,CACCAACAGGCGATAG-1
GRCh38,CACCACGAGAATGGGT-1
GRCh38,CACCACGAGCGCTGCA-1
GRCh38,CACCATAAGAGAAGGA-1
GRCh38,CACCATTTCCATAGGC-1
GRCh38,CACCCAACAAGTAAAC-1
GRCh38,CACCCAGAGAGACTTT-1
GRCh38,CACCCAGAGCATAGGG-1
GRCh38,CACCCAGAGGCACGAA-1
GRCh38,CACCCAGAGGGATTAA-1
GRCh38,CACCCATGTCCAGTGA-1
GRCh38,CACCCGAAGCTGCTAA-1
GRCh38,CACCCTATCACCACTT-1
GRCh38,CACCCTATCCCCTAGC-1
GRCh38,CACCGCCGTATGTTGA-1
GRCh38,CACCGCTTCAGTGGTC-1
GRCh38,CACCGCTTCCCGCCAT-1
GRCh38,CACCGCTTCGCTCCTA-1
GRCh38,CACCGTTGTATCTCTG-1
GRCh38,CACCTATTCACATCAG-1
GRCh38,CACCTCCAGAGCATGG-1
GRCh38,CACCTCTCAACGTCCA-1
GRCh38,CACCTCTCACACTCAG-1
GRCh38,CACCTCTCACAGCGAG-1
GRCh38,CACCTCTCACTGACCA-1
GRCh38,CACGAAGAGCCTGGCA-1
GRCh38,CACGAAGAGCTAGTGC-1
GRCh38,CACGCACCAAGGACCG-1
GRCh38,CACGCCAAGAGAAGCT-1
GRCh38,CACGCCAAGCCGTAGT-1
GRCh38,CACGCGGGTGTTAAGC-1
GRCh38,CACGCTTGTATCCTGC-1
GRCh38,CACGCTTGTGCTCCGC-1
GRCh38,CACGGAAAGCAGGGTA-1
GRCh38,CACGGCGGTGCTCGGG-1
GRCh38,CACGGCGGTGGAGTGG-1
GRCh38,CACGGGTGTAGGTTGT-1
GRCh38,CACGGGTGTGTCTAGG-1
GRCh38,CACGGTCCAGCCTTTC-1
GRCh38,CACGGTTAGAGCCGAA-1
GRCh38,CACGGTTAGCAGGGAC-1
GRCh38,CACGGTTAGCTAAACT-1
GRCh38,CACGGTTAGGCAAAGT-1
GRCh38,CACGTAATCCCAATTC-1
GRCh38,CACGTCACAGCTCGGT-1
GRCh38,CACGTCACAGGATTAG-1
GRCh38,CACGTCGAGAAGGGCC-1
GRCh38,CACGTCGAGCTCCGGA-1
GRCh38,CACGTTCGTGTTGGGC-1
GRCh38,CACTAACCACAGCGAG-1
GRCh38,CACTACAAGAACGGGC-1
GRCh38,CACTACAAGATAGGGT-1
GRCh38,CACTACAAGGGAATCG-1
GRCh38,CACTACGCAAGTGCAA-1
GRCh38,CACTACTTCATACTAA-1
GRCh38,CACTACTTCCGCCTAC-1
GRCh38,CACTACTTCGTCAATG-1
GRCh38,CACTAGGGTAATTCAG-1
GRCh38,CACTATACAAACTCTA-1
GRCh38,CACTATACAACTGCGC-1
GRCh38,CACTATACACCTCTCG-1
GRCh38,CACTATACAGTAAACG-1
GRCh38,CACTATGAGAAAGCTA-1
GRCh38,CACTATGAGAGCCGAA-1
GRCh38,CACTATTGTATGCCGA-1
GRCh38,CACTATTGTGGGCGTT-1
GRCh38,CACTCAAAGACTAATC-1
GRCh38,CACTCAGCAACGGGAT-1
GRCh38,CACTCAGCACAGGTAA-1
GRCh38,CACTCCATCACCATCT-1
GRCh38,CACTCCATCAGCTAAT-1
GRCh38,CACTCCCAGCCCATTT-1
GRCh38,CACTCCGGTAATGGAG-1
GRCh38,CACTCCGGTCAGGTTG-1
GRCh38,CACTCCGGTCCGTTGT-1
GRCh38,CACTCGACAGCATTTA-1
GRCh38,CACTCTCCAACCTATA-1
GRCh38,CACTCTCCACATCGGC-1
GRCh38,CACTCTGTCATAACTA-1
GRCh38,CACTCTGTCGCTACTT-1
GRCh38,CACTGCACACGTTAGT-1
GRCh38,CACTGCACAGTGATTC-1
GRCh38,CACTGCGAGATCTTGG-1
GRCh38,CACTGTAAGAAGCTAA-1
GRCh38,CACTGTAAGGCAAAGT-1
GRCh38,CACTTAGAGACATAGA-1
GRCh38,CACTTATGTACATTAG-1
GRCh38,CACTTATGTACTGTGG-1
GRCh38,CACTTATGTAGAGGGT-1
GRCh38,CACTTATGTATTGAGC-1
GRCh38,CACTTATGTCCGATAG-1
GRCh38,CACTTATGTGTAAGCT-1
GRCh38,CACTTTCAGACAAGCG-1
GRCh38,CACTTTCAGCTGCATA-1
GRCh38,CAGCAATGTACACCCT-1
GRCh38,CAGCAATGTATCCTAT-1
GRCh38,CAGCAATGTGCCTGCC-1
GRCh38,CAGCAATGTGCTAAGT-1
GRCh38,CAGCAGGCAAGCTTAC-1
GRCh38,CAGCAGGCACTAATAT-1
GRCh38,CAGCAGTTCCCCAATT-1
GRCh38,CAGCAGTTCGGCTCCT-1
GRCh38,CAGCATATCAAAGGTA-1
GRCh38,CAGCATATCCCGCATC-1
GRCh38,CAGCCATAGAGCCTGT-1
GRCh38,CAGCCATAGAGTCAGG-1
GRCh38,CAGCCATAGCGGGATA-1
GRCh38,CAGCCATAGGCTCAAC-1
GRCh38,CAGCCCAAGACGTATT-1
GRCh38,CAGCCCAAGCAGGGTA-1
GRCh38,CAGCCCAAGCTGCACG-1
GRCh38,CAGCCCTTCCGTTCGC-1
GRCh38,CAGCCCTTCGGTACTA-1
GRCh38,CAGCCTCTCACATCAG-1
GRCh38,CAGCCTCTCGTATTGG-1
GRCh38,CAGCCTTGTCAATTTC-1
GRCh38,CAGCGAGCAATGGGCG-1
GRCh38,CAGCGAGCACACCTCT-1
GRCh38,CAGCGCATCCGCATAA-1
GRCh38,CAGCGCATCCTTAGTC-1
GRCh38,CAGCGCATCGGCCTTC-1
GRCh38,CAGCGGACAGCGTCTA-1
GRCh38,CAGCGGTGTAGTAAGG-1
GRCh38,CAGCGGTGTATTGCTT-1
GRCh38,CAGCGGTGTCGGCTGG-1
GRCh38,CAGCGTCCAAACGCAA-1
GRCh38,CAGCGTCCAAATCTAT-1
GRCh38,CAGCGTTAGCCTGCAG-1
GRCh38,CAGCGTTAGCGGTGTT-1
GRCh38,CAGCTAATCATCCCGC-1
GRCh38,CAGCTAATCATGTCCT-1
GRCh38,CAGCTAATCCTGTCGC-1
GRCh38,CAGCTCACAAAACCTC-1
GRCh38,CAGCTCACACAGGACG-1
GRCh38,CAGCTCACAGCTAAAG-1
GRCh38,CAGGACGCAAACCAGA-1
GRCh38,CAGGACGCAATAAGAC-1
GRCh38,CAGGACGCAATAGGCA-1
GRCh38,CAGGACGCACAAGTCT-1
GRCh38,CAGGAGCAGAGGTTGG-1
GRCh38,CAGGAGCAGCACAATT-1
GRCh38,CAGGAGCAGGTCGTAC-1
GRCh38,CAGGATCTCAGCGCCA-1
GRCh38,CAGGATCTCCCCACGT-1
GRCh38,CAGGATTGTAAAGTGG-1
GRCh38,CAGGATTGTAACATGC-1
GRCh38,CAGGATTGTCAATTAG-1
GRCh38,CAGGATTGTCTAATTC-1
GRCh38,CAGGCCGGTCCAAAGT-1
GRCh38,CAGGCGACAGGGCGTA-1
GRCh38,CAGGCTTAGAACGTTT-1
GRCh38,CAGGCTTAGCAAAGTA-1
GRCh38,CAGGGACAGAAAGCCG-1
GRCh38,CAGGGACAGACCACGT-1
GRCh38,CAGGGTAAGCCTCATT-1
GRCh38,CAGGGTAAGCGTTGGT-1
GRCh38,CAGGGTAAGCTACATG-1
GRCh38,CAGGGTAAGGTCCCGA-1
GRCh38,CAGGGTTTCAAGCAAA-1
GRCh38,CAGGTAACACACTCTC-1
GRCh38,CAGGTATGTATGTTCT-1
GRCh38,CAGGTCCCAGGTTTCG-1
GRCh38,CAGGTGCGTATCGCAG-1
GRCh38,CAGGTTATCCGATACA-1
GRCh38,CAGGTTATCCTTAGCT-1
GRCh38,CAGGTTATCGTTGCCC-1
GRCh38,CAGTAAGCAACCCGAC-1
GRCh38,CAGTAAGCAATGGGGT-1
GRCh38,CAGTAAGCACAACGGG-1
GRCh38,CAGTAAGCACTAACGT-1
GRCh38,CAGTAATTCACTAAAC-1
GRCh38,CAGTACATCACCTCAT-1
GRCh38,CAGTACATCAGTGGTC-1
GRCh38,CAGTACATCCTAAAGT-1
GRCh38,CAGTACATCGTATCGA-1
GRCh38,CAGTAGGAGACCTTAG-1
GRCh38,CAGTATAGTCGACAGC-1
GRCh38,CAGTATGTCCGGTCAG-1
GRCh38,CAGTCAATCAGGGCTT-1
GRCh38,CAGTCAATCCCTACAT-1
GRCh38,CAGTCAATCGCAATTG-1
GRCh38,CAGTCAATCGTATCAG-1
GRCh38,CAGTCAGGTCTCTAGC-1
GRCh38,CAGTCAGGTGCGCGAT-1
GRCh38,CAGTCATCAAGGTAAT-1
GRCh38,CAGTCCACAATGCGAA-1
GRCh38,CAGTCCACACCTAGAT-1
GRCh38,CAGTCCCTCCCTACAT-1
GRCh38,CAGTCCGAGCACGCCA-1
GRCh38,CAGTCCGAGGCGGTTT-1
GRCh38,CAGTCGCCAACCTGCA-1
GRCh38,CAGTCTAAGGCTATTG-1
GRCh38,CAGTCTCGTCTGTGAG-1
GRCh38,CAGTGCAGTAGCGGGA-1
GRCh38,CAGTGCAGTGGATTGT-1
GRCh38,CAGTGCCCAAATTGGG-1
GRCh38,CAGTGCCCAGCATCGC-1
GRCh38,CAGTGCCCAGGCACTC-1
GRCh38,CAGTGCCCAGTTGAAG-1
GRCh38,CAGTGGGCAAGGACAC-1
GRCh38,CAGTGGGCACCTAATA-1
GRCh38,CAGTGGGCACCTATAA-1
GRCh38,CAGTGGGCACTGCACA-1
GRCh38,CAGTTAAGTATCTGGG-1
GRCh38,CAGTTAAGTCTCGCCA-1
GRCh38,CAGTTACCACCTAATA-1
GRCh38,CAGTTACCACCTACGA-1
GRCh38,CAGTTCCGTCGATAGT-1
GRCh38,CAGTTCGCAAAGTGCA-1
GRCh38,CAGTTCGCACCGCAGT-1
GRCh38,CAGTTTACACCAGTGC-1
GRCh38,CAGTTTACAGGTACAA-1
GRCh38,CATAACGTCAGTCAGC-1
GRCh38,CATAACGTCCTGTTAC-1
GRCh38,CATAACGTCGCATAGC-1
GRCh38,CATAACTAGAGCGAAT-1
GRCh38,CATAACTAGCTGGTTA-1
GRCh38,CATAAGCGTATCACGG-1
GRCh38,CATAAGCGTCACGAAT-1
GRCh38,CATAAGCGTGTGTCGA-1
GRCh38,CATAAGTTCATTACTT-1
GRCh38,CATACAAGTCCGACAA-1
GRCh38,CATACATAGACTGCAC-1
GRCh38,CATACCCGTAGACGGG-1
GRCh38,CATACCGCAACCTGCA-1
GRCh38,CATACCTTCCATTGTC-1
GRCh38,CATACCTTCCTGACAA-1
GRCh38,CATACGGGTAATTTCC-1
GRCh38,CATACGGGTACAGGCC-1
GRCh38,CATACGGGTAGGCGGA-1
GRCh38,CATACGGGTGGCATTG-1
GRCh38,CATACTTGTGGAGTGG-1
GRCh38,CATAGCATCGTATTGG-1
GRCh38,CATAGCCAGCTTGTAG-1
GRCh38,CATAGCCAGGTGAGTG-1
GRCh38,CATAGCGGTGTCGAAT-1
GRCh38,CATAGCTCACTTGACG-1
GRCh38,CATAGGCTCACGCGTG-1
GRCh38,CATAGGCTCCGCCCAT-1
GRCh38,CATAGGCTCGCGATGT-1
GRCh38,CATAGGGAGATCTCGA-1
GRCh38,CATAGGGAGCCGTATA-1
GRCh38,CATAGGTGTAAACCGT-1
GRCh38,CATAGGTGTCGGGCAT-1
GRCh38,CATAGGTGTGGTTGAT-1
GRCh38,CATAGTAGTACCACGA-1
GRCh38,CATATCCTCGGTCTAA-1
GRCh38,CATATGGTCCCGCTGT-1
GRCh38,CATATGGTCGTACTTC-1
GRCh38,CATATGTAGGTATATC-1
GRCh38,CATATGTAGGTCGACT-1
GRCh38,CATATTCGTATCATGA-1
GRCh38,CATATTCGTCCTAGAG-1
GRCh38,CATATTCGTCGTTTCA-1
GRCh38,CATATTCGTGGCAAGG-1
GRCh38,CATCAATAGGCGAATG-1
GRCh38,CATCACTTCCTACATC-1
GRCh38,CATCAGGGTACTTCTG-1
GRCh38,CATCAGGGTCATTTCG-1
GRCh38,CATCAGGGTCGGTGTA-1
GRCh38,CATCAGTCACTGTAAC-1
GRCh38,CATCATCTCGCCCTTA-1
GRCh38,CATCATCTCGGTCATA-1
GRCh38,CATCATTGTAGGCGCT-1
GRCh38,CATCATTGTCTAAGGT-1
GRCh38,CATCGACAGGGGCATA-1
GRCh38,CATCGACAGGGTTCCG-1
GRCh38,CATCGAGGTACCTAGG-1
GRCh38,CATCGAGGTAGTATGC-1
GRCh38,CATCGCACACCTATAA-1
GRCh38,CATCGCACACCTTGAG-1
GRCh38,CATCGCGAGATTGGTT-1
GRCh38,CATCGCGAGCTAACAT-1
GRCh38,CATCGCGAGGCGTGAA-1
GRCh38,CATCGCTGTAGCTGAT-1
GRCh38,CATCGCTGTGCTATAA-1
GRCh38,CATCGCTGTGCTCGTT-1
GRCh38,CATCGCTGTGTGCCTT-1
GRCh38,CATCGCTGTGTTGGGC-1
GRCh38,CATCGGAGTACTTGGG-1
GRCh38,CATCGGAGTCAGTAGT-1
GRCh38,CATCGGAGTGCATTGG-1
GRCh38,CATCGGAGTGTTACCC-1
GRCh38,CATCGGCCAACGAGAC-1
GRCh38,CATCGGCCACTCACCT-1
GRCh38,CATCGGCCACTTATAG-1
GRCh38,CATCGTTTCAACTCTC-1
GRCh38,CATCGTTTCCAGCCCT-1
GRCh38,CATCTAGAGGCTTGTA-1
GRCh38,CATCTAGAGGGAGGTC-1
GRCh38,CATCTATGTGGTGTGC-1
GRCh38,CATCTCAGTCGTGGTA-1
GRCh38,CATCTCAGTGTTAGTA-1
GRCh38,CATCTCCCAAAACTAA-1
GRCh38,CATCTGTTCCTCCAAT-1
GRCh38,CATCTTCAGATTACCG-1
GRCh38,CATCTTCAGCCAAAGG-1
GRCh38,CATCTTGGTCATACTT-1
GRCh38,CATGAAGCACCTCAGA-1
GRCh38,CATGAAGCAGGGTATA-1
GRCh38,CATGCACAGGTAATTC-1
GRCh38,CATGCCCTCAAATCCG-1
GRCh38,CATGCCCTCAAATGCT-1
GRCh38,CATGCCCTCACCTCAT-1
GRCh38,CATGCCCTCATGGGCT-1
GRCh38,CATGCCGAGACATCAT-1
GRCh38,CATGCCGAGATCTGCA-1
GRCh38,CATGCCGAGGGCCTTG-1
GRCh38,CATGCGCCACACCCAA-1
GRCh38,CATGCGTAGCAAGAGT-1
GRCh38,CATGCTTTCCCTGGCT-1
GRCh38,CATGCTTTCGGTATTG-1
GRCh38,CATGGAGAGCATAATC-1
GRCh38,CATGGAGAGGGCGATA-1
GRCh38,CATGGATGTATGTGTA-1
GRCh38,CATGGATGTATTGCTT-1
GRCh38,CATGGATGTCTAATCT-1
GRCh38,CATGGGCGTAGGTTCG-1
GRCh38,CATGGGCGTGGGTGTC-1
GRCh38,CATGGGCGTGTCTCCG-1
GRCh38,CATGGGGCACTAGGAA-1
GRCh38,CATGGGGCAGTCCTCT-1
GRCh38,CATGGGTTCCGGCACA-1
GRCh38,CATGGTCAGGGGTATG-1
GRCh38,CATGTATAGAATTGAG-1
GRCh38,CATGTATAGGGCGAGT-1
GRCh38,CATGTCAAGAAGGTTA-1
GRCh38,CATGTCAAGGTATTCG-1
GRCh38,CATGTCCGTATACGGT-1
GRCh38,CATGTCCGTATATCAG-1
GRCh38,CATGTCCGTGCACAGC-1
GRCh38,CATGTCGCACATATCA-1
GRCh38,CATGTCGCACGCAGGA-1
GRCh38,CATGTGGGTACTTAAG-1
GRCh38,CATGTGGGTAGCGTTG-1
GRCh38,CATGTGGGTGCGAATT-1
GRCh38,CATGTTGAGAGTTGCC-1
GRCh38,CATGTTGAGGGACACA-1
GRCh38,CATTAACAGATGGGAT-1
GRCh38,CATTAAGGTATGATGC-1
GRCh38,CATTAAGGTCGCCGTC-1
GRCh38,CATTAAGGTCTTGGAG-1
GRCh38,CATTAAGGTGGCTTTC-1
GRCh38,CATTACCTCGTCGAGT-1
GRCh38,CATTACGAGAACGTGG-1
GRCh38,CATTAGCCACAATAGG-1
GRCh38,CATTAGCCACCCAACA-1
GRCh38,CATTATCGTACAGGTT-1
GRCh38,CATTATCGTATAGTCA-1
GRCh38,CATTATCGTGGCATAT-1
GRCh38,CATTATCGTGTATTCT-1
GRCh38,CATTCAACACCATCGA-1
GRCh38,CATTCACTCATCCTTA-1
GRCh38,CATTCAGAGAGTCCAC-1
GRCh38,CATTCCGTCAATCGGC-1
GRCh38,CATTCCGTCACGTAAT-1
GRCh38,CATTCCGTCCCTAGTT-1
GRCh38,CATTCTATCGGACCTG-1
GRCh38,CATTCTGGTAACGCCA-1
GRCh38,CATTGCAAGGTTCGCG-1
GRCh38,CATTGCTTCACAGCTA-1
GRCh38,CATTGCTTCACTTTCA-1
GRCh38,CATTGCTTCGTGACTA-1
GRCh38,CATTGGGGTACGCTTC-1
GRCh38,CATTGGGGTCGTTGCT-1
GRCh38,CATTGGGGTGTGCGTA-1
GRCh38,CATTGGTCACCCATTC-1
GRCh38,CATTGTCTCAGCCATA-1
GRCh38,CATTGTCTCCTATGCT-1
GRCh38,CATTGTCTCGCACCCT-1
GRCh38,CATTGTCTCGTGACGT-1
GRCh38,CATTTCCAGAATGACA-1
GRCh38,CATTTCGGTCACGGCG-1
GRCh38,CATTTGGAGCTCGGCA-1
GRCh38,CCAAACCAGAATGCGG-1
GRCh38,CCAAACCAGGCTGGTT-1
GRCh38,CCAAAGGAGAGCCGAA-1
GRCh38,CCAAAGGAGAGCGGGT-1
GRCh38,CCAAAGGAGCGCGTAT-1
GRCh38,CCAAATCCAACGAAGC-1
GRCh38,CCAAATCCAACGTACT-1
GRCh38,CCAAATCCAGGCTCTA-1
GRCh38,CCAAATTAGCATACAT-1
GRCh38,CCAAATTAGCTAGCTA-1
GRCh38,CCAACATCAGTGGTAA-1
GRCh38,CCAACCGAGCTACAAT-1
GRCh38,CCAACCGAGGTAGTGG-1
GRCh38,CCAACCTGTATGCGAT-1
GRCh38,CCAACCTGTCGTACAG-1
GRCh38,CCAACGAGTGGATGGG-1
GRCh38,CCAACGCCAGGTGATA-1
GRCh38,CCAACTCGTACCACTC-1
GRCh38,CCAACTCGTCACATGG-1
GRCh38,CCAACTTTCATAACTA-1
GRCh38,CCAACTTTCATGTGGC-1
GRCh38,CCAACTTTCCTCACGC-1
GRCh38,CCAAGATGTCTCTCGG-1
GRCh38,CCAAGCCCAGTGTCGC-1
GRCh38,CCAAGCTAGCGTTCCC-1
GRCh38,CCAAGGGCAAACCAGA-1
GRCh38,CCAAGGGCAACGTCCA-1
GRCh38,CCAAGGGCACGTAGCC-1
GRCh38,CCAAGTATCGTATCAG-1
GRCh38,CCAATACCAGTAGCGG-1
GRCh38,CCAATATAGCGTGGAA-1
GRCh38,CCAATTACAGGCGGTA-1
GRCh38,CCAATTCTCGCTCTAT-1
GRCh38,CCACAACAGGTTATGT-1
GRCh38,CCACAATCAATAGGGC-1
GRCh38,CCACACACAAACATGG-1
GRCh38,CCACACACAATACCCG-1
GRCh38,CCACACACACGTCAAT-1
GRCh38,CCACACCTCGTCTTCG-1
GRCh38,CCACAGGTCCTGGCTC-1
GRCh38,CCACAGGTCCTGTCAT-1
GRCh38,CCACATAAGATCAGGG-1
GRCh38,CCACATTTCATACCTC-1
GRCh38,CCACATTTCCCTGAAA-1
GRCh38,CCACCAACAGTCACGC-1
GRCh38,CCACCGTTCACTGACA-1
GRCh38,CCACCGTTCCCCTAAT-1
GRCh38,CCACCGTTCGGCGTCA-1
GRCh38,CCACCTATCCAGTAGC-1
GRCh38,CCACGATAGCCTGCAG-1
GRCh38,CCACGCTTCATCGCCC-1
GRCh38,CCACGCTTCCTCTGAT-1
GRCh38,CCACGCTTCGCGTCAG-1
GRCh38,CCACGGGGTATGCGCA-1
GRCh38,CCACGGGGTCAACTCC-1
GRCh38,CCACGGGGTCTAGGTG-1
GRCh38,CCACGGGGTGTCCCCA-1
GRCh38,CCACGGTCACTAGCAT-1
GRCh38,CCACGGTCAGGGAGAA-1
GRCh38,CCACGTACAGTCCGTA-1
GRCh38,CCACGTTGTAACTCCC-1
GRCh38,CCACTAAAGATGTATC-1
GRCh38,CCACTAAAGGGCCATT-1
GRCh38,CCACTAGCAATAATTC-1
GRCh38,CCACTAGCAGCCCATA-1
GRCh38,CCACTAGCAGCTGACC-1
GRCh38,CCACTAGCAGCTTACG-1
GRCh38,CCACTAGCAGTGCATT-1
GRCh38,CCACTATTCCAGGGTT-1
GRCh38,CCACTCTCAAACCGAA-1
GRCh38,CCACTCTCAACTCGGC-1
GRCh38,CCACTCTCACTAAAGG-1
GRCh38,CCACTCTCACTTAACA-1
GRCh38,CCACTGACAACGTGGG-1
GRCh38,CCACTTTAGCAGGAGC-1
GRCh38,CCACTTTAGCTAGTCA-1
GRCh38,CCAGAATGTACTATGA-1
GRCh38,CCAGAATGTCAACTCC-1
GRCh38,CCAGAATGTGCACTAG-1
GRCh38,CCAGAATGTGCTACCT-1
GRCh38,CCAGAGAAGCCGATAC-1
GRCh38,CCAGATGGTAACGAGA-1
GRCh38,CCAGATTCACGCATCA-1
GRCh38,CCAGATTCACGTCAAT-1
GRCh38,CCAGATTCAGCAATCT-1
GRCh38,CCAGCATAGACATGCC-1
GRCh38,CCAGCATAGATGGTTT-1
GRCh38,CCAGCATAGGTCGACT-1
GRCh38,CCAGCATAGGTTCGCG-1
GRCh38,CCAGCCCGTGCTAGAT-1
GRCh38,CCAGCCCGTGTTGGAT-1
GRCh38,CCAGCCTTCATCCGCC-1
GRCh38,CCAGCCTTCATGCCTT-1
GRCh38,CCAGCCTTCCGGTCGA-1
GRCh38,CCAGCTACACTGACGC-1
GRCh38,CCAGCTACACTGCTCT-1
GRCh38,CCAGCTCTCAGTGATT-1
GRCh38,CCAGCTTGTATCATCT-1
GRCh38,CCAGCTTGTCATCTAT-1
GRCh38,CCAGCTTGTCTTAGCC-1
GRCh38,CCAGGCTCACTCACCT-1
GRCh38,CCAGGGACAACAGAGC-1
GRCh38,CCAGGGTGTCAGCTTC-1
GRCh38,CCAGGTAGTAGCGCGT-1
GRCh38,CCAGGTTAGATGGCGA-1
GRCh38,CCAGGTTAGCACTTTC-1
GRCh38,CCAGGTTAGCCGACAT-1
GRCh38,CCAGGTTAGGCAACAG-1
GRCh38,CCAGTAATCGCATCAA-1
GRCh38,CCAGTACAGCAGGGAC-1
GRCh38,CCAGTAGGTAGTATGC-1
GRCh38,CCAGTGAGTAACTGCG-1
GRCh38,CCAGTGAGTCTAAATG-1
GRCh38,CCAGTGAGTGTAGCAT-1
GRCh38,CCAGTGCCACAAATCC-1
GRCh38,CCAGTTCGTCACACTC-1
GRCh38,CCAGTTCGTGGAGCTC-1
GRCh38,CCAGTTCGTGTTAAGC-1
GRCh38,CCATAACCAAATCGAG-1
GRCh38,CCATAACCAGTACGAA-1
GRCh38,CCATAAGTCAATCTCC-1
GRCh38,CCATAAGTCCGCTTCA-1
GRCh38,CCATAAGTCGGAGCTT-1
GRCh38,CCATAAGTCGTCTCAT-1
GRCh38,CCATAATAGACGATGG-1
GRCh38,CCATACAAGCATCGAC-1
GRCh38,CCATACAAGCCGTCGA-1
GRCh38,CCATACAAGCGATGAG-1
GRCh38,CCATACGCAATGTGTC-1
GRCh38,CCATACGCAGCAACCC-1
GRCh38,CCATAGCAGAATGGTA-1
GRCh38,CCATAGCAGACCAGGA-1
GRCh38,CCATAGCAGATAGCGG-1
GRCh38,CCATAGCAGCATGCGT-1
GRCh38,CCATAGGGTACTGCAG-1
GRCh38,CCATAGGGTATGGCGC-1
GRCh38,CCATAGGGTCAGCAAT-1
GRCh38,CCATAGGGTCCACGTT-1
GRCh38,CCATAGGGTCCAGATG-1
GRCh38,CCATAGGGTGGTGCGT-1
GRCh38,CCATAGGGTGTTAGGT-1
GRCh38,CCATATCTCCAAAGCC-1
GRCh38,CCATATTGTCAATATG-1
GRCh38,CCATATTGTCCGCTTG-1
GRCh38,CCATCAAAGACGCCCA-1
GRCh38,CCATCAAAGCTTAAGT-1
GRCh38,CCATCCATCCGATAAT-1
GRCh38,CCATCCGGTGGATGTT-1
GRCh38,CCATCGACAGGAACTA-1
GRCh38,CCATCGCTCAGTTGCA-1
GRCh38,CCATCGCTCCCTGCTA-1
GRCh38,CCATCGCTCCGAATCA-1
GRCh38,CCATCGCTCGGATTGC-1
GRCh38,CCATCGGAGATCGGAG-1
GRCh38,CCATGACAGAACCCCG-1
GRCh38,CCATGACAGCCTAGTA-1
GRCh38,CCATGACAGGTCGCAT-1
GRCh38,CCATGACAGGTCGGAA-1
GRCh38,CCATGCCTCCCGAATA-1
GRCh38,CCATGCCTCCCTGACC-1
GRCh38,CCATGCGAGCATGTCA-1
GRCh38,CCATGCTGTCGTAGAT-1
GRCh38,CCATGCTGTGGTCAAT-1
GRCh38,CCATGGTAGCATCTAG-1
GRCh38,CCATGGTAGGTAGGGC-1
GRCh38,CCATTAACAAACTCCG-1
GRCh38,CCATTAACACCCAAAT-1
GRCh38,CCATTAACAGGAAGCT-1
GRCh38,CCATTACTCACCTCAT-1
GRCh38,CCATTACTCACTCTCG-1
GRCh38,CCATTACTCAGCAATT-1
GRCh38,CCATTAGAGATATACC-1
GRCh38,CCATTAGAGCATTCGA-1
GRCh38,CCATTAGAGCCGTTGG-1
GRCh38,CCATTAGAGCGGCTTG-1
GRCh38,CCATTCAGTGTCTTAT-1
GRCh38,CCATTCGTCCCACCTA-1
GRCh38,CCATTCGTCGCAAAGG-1
GRCh38,CCATTGAAGCATATCG-1
GRCh38,CCATTTCAGGTTCGCG-1
GRCh38,CCATTTGGTGCGAATT-1
GRCh38,CCCAAAGGTACGTCAG-1
GRCh38,CCCAAAGGTGCTAAGT-1
GRCh38,CCCAAATCACAATAGG-1
GRCh38,CCCAAATCAGCGTCTA-1
GRCh38,CCCAACACAAACGGGT-1
GRCh38,CCCAACACAAATATTC-1
GRCh38,CCCAACACACCGCATA-1
GRCh38,CCCAACGAGCGGATTC-1
GRCh38,CCCAACGAGCGGTTAC-1
GRCh38,CCCAACGAGGCGAAGC-1
GRCh38,CCCAAGCCAAAGTGCA-1
GRCh38,CCCAAGCCAAGGAGGA-1
GRCh38,CCCAAGCCACATAGAG-1
GRCh38,CCCAAGCCACTAAGGA-1
GRCh38,CCCAAGTAGCCCAAGT-1
GRCh38,CCCAAGTAGCGTTCAA-1
GRCh38,CCCAAGTAGGTCACGT-1
GRCh38,CCCAATTTCCCTATGT-1
GRCh38,CCCACAGAGGTCTGGT-1
GRCh38,CCCACGAAGACTCAGC-1
GRCh38,CCCACGAAGCCGCCAA-1
GRCh38,CCCACGAAGGGTACAG-1
GRCh38,CCCACTATCATGACCA-1
GRCh38,CCCACTATCGGCTGCA-1
GRCh38,CCCAGACCAAAACTCC-1
GRCh38,CCCAGACCAATAACTT-1
GRCh38,CCCAGACCACCGCAGT-1
GRCh38,CCCAGCTTCATAATGC-1
GRCh38,CCCAGCTTCCCAGCCT-1
GRCh38,CCCAGTACAACATGCT-1
GRCh38,CCCAGTACACTCGGTA-1
GRCh38,CCCAGTACAGCTCGGT-1
GRCh38,CCCATAGCACGGGTAG-1
GRCh38,CCCATAGCACTTATAG-1
GRCh38,CCCATAGCAGGCATAA-1
GRCh38,CCCATAGCAGGCGGTA-1
GRCh38,CCCATGCTCATGGCTA-1
GRCh38,CCCATGCTCCATCGCC-1
GRCh38,CCCATGCTCCGGCTTC-1
GRCh38,CCCATGGAGGCTGTTA-1
GRCh38,CCCATTGTCATGGACC-1
GRCh38,CCCATTGTCGGACTTA-1
GRCh38,CCCTAAGCACATGCGC-1
GRCh38,CCCTAAGCAGCCCAAC-1
GRCh38,CCCTAAGCAGGGCTAG-1
GRCh38,CCCTAAGCAGTAACCT-1
GRCh38,CCCTAATTCCGGACAT-1
GRCh38,CCCTAATTCCGTTTAC-1
GRCh38,CCCTAATTCGGACCCA-1
GRCh38,CCCTAGACAAAGGGGA-1
GRCh38,CCCTAGCTCATTAATG-1
GRCh38,CCCTAGCTCCGTTTAC-1
GRCh38,CCCTAGGAGCTACGAC-1
GRCh38,CCCTAGGAGCTCTAGA-1
GRCh38,CCCTATCCACAATCAC-1
GRCh38,CCCTCTCGTGGCTTTC-1
GRCh38,CCCTCTCGTGGGGAAT-1
GRCh38,CCCTGAACAAGTCCGC-1
GRCh38,CCCTGAACACTACTCC-1
GRCh38,CCCTGATGTCACGGCG-1
GRCh38,CCCTTACCAGCAACCC-1
GRCh38,CCCTTACCAGTGTTCG-1
GRCh38,CCCTTAGTCACATAAC-1
GRCh38,CCCTTCGCAAAGGACC-1
GRCh38,CCCTTCGCAGCTAGAA-1
GRCh38,CCCTTCGCAGTAGCCC-1
GRCh38,CCCTTGCAGAACGACG-1
GRCh38,CCCTTGCAGCATTGCA-1
GRCh38,CCCTTGCAGGCGTCCA-1
GRCh38,CCCTTGGGTCCTTCGG-1
GRCh38,CCCTTGGGTGCGGTTA-1
GRCh38,CCCTTTACAACACTAC-1
GRCh38,CCCTTTACAAGTGTTC-1
GRCh38,CCCTTTACAATTCAGC-1
GRCh38,CCCTTTACACATGCCA-1
GRCh38,CCCTTTGAGCAATGGG-1
GRCh38,CCGAAACTCCGTATCT-1
GRCh38,CCGAAATGTAATTTCC-1
GRCh38,CCGAAATGTGTGTTCC-1
GRCh38,CCGAATATCAACCTCT-1
GRCh38,CCGAATATCGGTCAGT-1
GRCh38,CCGAATGGTAATCGCG-1
GRCh38,CCGAATGGTATCCCCG-1
GRCh38,CCGAATGGTGCCTGCC-1
GRCh38,CCGAATGGTGTCCTTA-1
GRCh38,CCGAATGGTGTGTTAA-1
GRCh38,CCGAATTCAGTCTAAC-1
GRCh38,CCGACAAGTACCTTAT-1
GRCh38,CCGACAAGTCGTCAGA-1
GRCh38,CCGACACCAATGTGTC-1
GRCh38,CCGACACCACCTGACA-1
GRCh38,CCGACATAGCAAAGGT-1
GRCh38,CCGACATAGCATTGCA-1
GRCh38,CCGACATAGCCCATGG-1
GRCh38,CCGACATAGGCTCGAT-1
GRCh38,CCGACTACAAGGTAAT-1
GRCh38,CCGACTACAAGTCGAA-1
GRCh38,CCGACTACACTACATA-1
GRCh38,CCGACTCTCATGCGTA-1
GRCh38,CCGACTCTCCTCTAGT-1
GRCh38,CCGATACAGCATCACA-1
GRCh38,CCGATAGGTCCCTGTG-1
GRCh38,CCGATAGGTGGACTGC-1
GRCh38,CCGATAGGTGTCGCTT-1
GRCh38,CCGATTAAGCAGTAGG-1
GRCh38,CCGATTAAGGGTAAGT-1
GRCh38,CCGCAATAGAACTTCG-1
GRCh38,CCGCACAAGCGATTCA-1
GRCh38,CCGCACTTCACGTATG-1
GRCh38,CCGCACTTCAGCGTGT-1
GRCh38,CCGCAGTCAGTACATC-1
GRCh38,CCGCATCTCACAACAT-1
GRCh38,CCGCATCTCAGGGCTT-1
GRCh38,CCGCATCTCCGCTTCA-1
GRCh38,CCGCATCTCGTAGTTG-1
GRCh38,CCGCCAAAGCTAGCTA-1
GRCh38,CCGCCAAAGCTAGTAT-1
GRCh38,CCGCCAAAGGGACATG-1
GRCh38,CCGCCATTCACAGGTC-1
GRCh38,CCGCCATTCAGCGGTT-1
GRCh38,CCGCCATTCCTGGTCC-1
GRCh38,CCGCCATTCGGGCTCA-1
GRCh38,CCGCCATTCGTTCTAC-1
GRCh38,CCGCCGTGTCGATAGT-1
GRCh38,CCGCCGTGTCTAGGGC-1
GRCh38,CCGCCGTGTGGAAGTA-1
GRCh38,CCGCCTAGTCAATATG-1
GRCh38,CCGCCTAGTCGATCAG-1
GRCh38,CCGCTAACAAAACGGC-1
GRCh38,CCGCTAACACAGCGGA-1
GRCh38,CCGCTAACACATCTCC-1
GRCh38,CCGCTAACACCCTAAG-1
GRCh38,CCGCTAACAGGTCGTC-1
GRCh38,CCGCTAGAGCGGTTCG-1
GRCh38,CCGCTATGTAACTAGC-1
GRCh38,CCGCTATGTAGTCGGC-1
GRCh38,CCGCTGAAGGTGTATT-1
GRCh38,CCGCTGTTCGCATACA-1
GRCh38,CCGCTTATCACGTCCC-1
GRCh38,CCGCTTATCGCGTAGT-1
GRCh38,CCGCTTATCGTAGCTA-1
GRCh38,CCGCTTGGTACAGTTA-1
GRCh38,CCGCTTGGTCCTACGT-1
GRCh38,CCGCTTGGTCTAGTGG-1
GRCh38,CCGGACTCAACACGGG-1
GRCh38,CCGGATTAGGGCTAGA-1
GRCh38,CCGGCAATCAGCACTA-1
GRCh38,CCGGCAATCGTATAGT-1
GRCh38,CCGGCCTGTGCTTGGA-1
GRCh38,CCGGCCTGTGTATGTA-1
GRCh38,CCGGCTTTCAATCATA-1
GRCh38,CCGGTAAGTCTACGCT-1
GRCh38,CCGGTAAGTGGATTCG-1
GRCh38,CCGGTATAGACGGCAA-1
GRCh38,CCGGTATAGATCGGTC-1
GRCh38,CCGGTATAGGGGGTAC-1
GRCh38,CCGGTTACACACTAAC-1
GRCh38,CCGGTTACAGCAGGCA-1
GRCh38,CCGGTTCTCATGGTTG-1
GRCh38,CCGTAAATCACGATAT-1
GRCh38,CCGTAAATCCGAATTG-1
GRCh38,CCGTAAATCCTCTCGA-1
GRCh38,CCGTAACAGGGGAGCT-1
GRCh38,CCGTAAGGTAACCGGC-1
GRCh38,CCGTAATCAGCAGGAT-1
GRCh38,CCGTAATCAGTTAACC-1
GRCh38,CCGTACACAGCATGAA-1
GRCh38,CCGTAGTAGCCTCGAG-1
GRCh38,CCGTATAAGAGTGATA-1
GRCh38,CCGTCAACAACAACCT-1
GRCh38,CCGTCAGAGATGGGGC-1
GRCh38,CCGTCAGAGCCTGGCA-1
GRCh38,CCGTCAGAGGTATGGG-1
GRCh38,CCGTCCAGTAGTCTCC-1
GRCh38,CCGTCCAGTGGTTGTG-1
GRCh38,CCGTCCAGTGTTAGTA-1
GRCh38,CCGTCGAAGACCTGCG-1
GRCh38,CCGTCGAAGATCGATT-1
GRCh38,CCGTCGAAGCGTTGAC-1
GRCh38,CCGTCGCGTATAGGAG-1
GRCh38,CCGTCGCGTCCCAATC-1
GRCh38,CCGTCTATCATACGTG-1
GRCh38,CCGTCTGGTACTAAGC-1
GRCh38,CCGTCTGGTGGCATGC-1
GRCh38,CCGTGATAGGTGCGTT-1
GRCh38,CCGTGTTGTCGATGAT-1
GRCh38,CCGTGTTGTGCACTAG-1
GRCh38,CCGTGTTGTGTTGTGG-1
GRCh38,CCGTTAGCAAAACCTC-1
GRCh38,CCGTTGGAGGCTTATG-1
GRCh38,CCGTTGTGTGGAATCT-1
GRCh38,CCGTTTAGTATGCGGC-1
GRCh38,CCGTTTAGTATTGGTA-1
GRCh38,CCGTTTAGTGGTGCCG-1
GRCh38,CCGTTTAGTGTATAGC-1
GRCh38,CCGTTTCCAATTGTAT-1
GRCh38,CCGTTTCCACCGCTAA-1
GRCh38,CCTAACGCAAATTGAA-1
GRCh38,CCTAACTTCACATAAC-1
GRCh38,CCTAACTTCCCATCGC-1
GRCh38,CCTAAGCAGCACTGTA-1
GRCh38,CCTAAGCAGGGTCGTT-1
GRCh38,CCTAATACACGTCGTA-1
GRCh38,CCTAATCTCCGGCGTA-1
GRCh38,CCTAATCTCGGATGTC-1
GRCh38,CCTAATGAGCTAGCTA-1
GRCh38,CCTAATTGTAGCTTCC-1
GRCh38,CCTACATTCAGTATGT-1
GRCh38,CCTACATTCCCCACGT-1
GRCh38,CCTACATTCCTAGCCC-1
GRCh38,CCTACCATCCTAGGGT-1
GRCh38,CCTACCTCAAAGGACC-1
GRCh38,CCTACCTCAAAGTATA-1
GRCh38,CCTACGACAATTAACT-1
GRCh38,CCTACGACACAACGAA-1
GRCh38,CCTACGCTCGTAGGCT-1
GRCh38,CCTACGGAGGGGCTAA-1
GRCh38,CCTACGTGTGGCGAGA-1
GRCh38,CCTACTCCACCGTTAG-1
GRCh38,CCTAGAGGTACGTCTC-1
GRCh38,CCTAGAGGTCTCGGTT-1
GRCh38,CCTAGAGGTGGGTTCA-1
GRCh38,CCTAGATCAGCCAAGG-1
GRCh38,CCTAGCACACAATGTC-1
GRCh38,CCTAGCACACGAAGTA-1
GRCh38,CCTAGCGAGGCTCATA-1
GRCh38,CCTAGGCCAACGAAAT-1
GRCh38,CCTAGGGTCACGACAC-1
GRCh38,CCTAGGGTCCAATTGG-1
GRCh38,CCTAGGGTCCGCCGTT-1
GRCh38,CCTAGTAAGAGGAGCC-1
GRCh38,CCTAGTAAGCGGCCTA-1
GRCh38,CCTAGTCGTCCTTCCC-1
GRCh38,CCTAGTCGTCTATCCA-1
GRCh38,CCTAGTCGTGCCCATT-1
GRCh38,CCTAGTCGTGTTAGCG-1
GRCh38,CCTATAACAAATATCT-1
GRCh38,CCTATACTCGTTGCTT-1
GRCh38,CCTATGAAGATTGTGT-1
GRCh38,CCTATGAAGGTAGGGC-1
GRCh38,CCTATGCGTGCGCTCC-1
GRCh38,CCTATGCGTGCTTCGT-1
GRCh38,CCTATGTTCGGACCTG-1
GRCh38,CCTATTCAGCAGTATT-1
GRCh38,CCTATTCAGCCCAAGT-1
GRCh38,CCTATTCAGCGCACAT-1
GRCh38,CCTATTCAGCTAGTAT-1
GRCh38,CCTATTGGTACGGGCT-1
GRCh38,CCTATTGGTGCTATGG-1
GRCh38,CCTCACCAGATCGGAG-1
GRCh38,CCTCACCAGCCTTGCC-1
GRCh38,CCTCAGACAAGCTTTA-1
GRCh38,CCTCAGACAGCCCATA-1
GRCh38,CCTCATCCAATCACGT-1
GRCh38,CCTCATTAGACAGTTT-1
GRCh38,CCTCATTAGCTATAAC-1
GRCh38,CCTCGAGAGAAGCTAA-1
GRCh38,CCTCGAGAGACCAGAG-1
GRCh38,CCTCGAGAGCCTCACC-1
GRCh38,CCTCGAGAGGCGGATA-1
GRCh38,CCTCGATGTAGAGTGA-1
GRCh38,CCTCGATGTGTAGTTA-1
GRCh38,CCTCTAGTCAGGACTC-1
GRCh38,CCTCTAGTCCTATCCG-1
GRCh38,CCTCTCCGTACCATGG-1
GRCh38,CCTCTCCGTAGGTATC-1
GRCh38,CCTCTCCGTATATGGC-1
GRCh38,CCTCTCCGTCACCCAT-1
GRCh38,CCTCTCGCACAAGGGT-1
GRCh38,CCTCTCGCAGGTCGTC-1
GRCh38,CCTCTGGGTCATAGGT-1
GRCh38,CCTCTTACAGCTTAGT-1
GRCh38,CCTCTTGAGATAGGCG-1
GRCh38,CCTCTTGAGCTGATTG-1
GRCh38,CCTCTTGAGGGTGAAT-1
GRCh38,CCTGAAATCATAGGGG-1
GRCh38,CCTGAAATCCCTATTA-1
GRCh38,CCTGAAATCGGCGTAT-1
GRCh38,CCTGACACAAATTAAG-1
GRCh38,CCTGACACAACTTTAG-1
GRCh38,CCTGACACACGCTCAA-1
GRCh38,CCTGACCTCGCCTACC-1
GRCh38,CCTGACCTCGTAGGTC-1
GRCh38,CCTGACCTCGTATCTC-1
GRCh38,CCTGACGAGATCACAT-1
GRCh38,CCTGACGAGGCCTATA-1
GRCh38,CCTGATAAGGTCCACG-1
GRCh38,CCTGATCGTGGATGTT-1
GRCh38,CCTGATCGTGTATGCG-1
GRCh38,CCTGCAACACATGTCG-1
GRCh38,CCTGCACTCCCTAGTT-1
GRCh38,CCTGCACTCCGGCATG-1
GRCh38,CCTGCACTCGGATGTC-1
GRCh38,CCTGCAGAGATGCATT-1
GRCh38,CCTGCAGAGGCAAGCA-1
GRCh38,CCTGCAGAGGCACCCA-1
GRCh38,CCTGCGAAGACGGGGT-1
GRCh38,CCTGCGCGTCGAAGCC-1
GRCh38,CCTGCTATCATTGTAA-1
GRCh38,CCTGCTATCCCGCGTT-1
GRCh38,CCTGCTATCGTATCAG-1
GRCh38,CCTGCTTCAACCAAGA-1
GRCh38,CCTGCTTCACCACCAA-1
GRCh38,CCTGGCAAGGTGAGAT-1
GRCh38,CCTGGCTTCAGCGTAC-1
GRCh38,CCTGGTGAGAACCAGG-1
GRCh38,CCTGGTGAGCCAGAGA-1
GRCh38,CCTGTAAAGCGCGTAT-1
GRCh38,CCTGTACGTAACCGGC-1
GRCh38,CCTGTAGCAGTGTTCG-1
GRCh38,CCTGTCGGTAGCGTTG-1
GRCh38,CCTGTCGGTGGGGTAG-1
GRCh38,CCTGTGGAGAAACGGT-1
GRCh38,CCTGTGGAGGGTCTGT-1
GRCh38,CCTTAACTCGGTATAT-1
GRCh38,CCTTAAGAGATCGCGT-1
GRCh38,CCTTAAGAGCATCAAT-1
GRCh38,CCTTAAGAGGGTTAGG-1
GRCh38,CCTTAATGTAGTATTG-1
GRCh38,CCTTAATGTAGTCGAT-1
GRCh38,CCTTAATGTCGCAGTA-1
GRCh38,CCTTAATGTGCCAAAT-1
GRCh38,CCTTAGAAGAGTTGCC-1
GRCh38,CCTTAGAAGCCGACAT-1
GRCh38,CCTTAGTTCACAGCGT-1
GRCh38,CCTTAGTTCATCGACA-1
GRCh38,CCTTATCAGGTCATGC-1
GRCh38,CCTTATGGTCCAGCTT-1
GRCh38,CCTTCAGTCCCGCATC-1
GRCh38,CCTTCAGTCGTAGTTG-1
GRCh38,CCTTCATAGACGACAG-1
GRCh38,CCTTCATAGATGGGGC-1
GRCh38,CCTTCATAGCGCTTGG-1
GRCh38,CCTTCATAGCTCTGGG-1
GRCh38,CCTTCCCGTGTCGAAT-1
GRCh38,CCTTCCGCAGGGACAT-1
GRCh38,CCTTCCTTCACACGTA-1
GRCh38,CCTTCCTTCGGCTTGG-1
GRCh38,CCTTCGATCCAGCAGT-1
GRCh38,CCTTCTACAAACGGGT-1
GRCh38,CCTTCTACAATCTGAC-1
GRCh38,CCTTCTACAGGAAAGG-1
GRCh38,CCTTCTACAGGCGCAA-1
GRCh38,CCTTCTCTCACATATA-1
GRCh38,CCTTCTCTCCCTTGTG-1
GRCh38,CCTTCTCTCGGGCAAA-1
GRCh38,CCTTGCCAGCTGATTG-1
GRCh38,CCTTGCCAGGCGTGAA-1
GRCh38,CCTTGCGGTAGGGGCA-1
GRCh38,CCTTGTGTCAATCTGG-1
GRCh38,CCTTTAGGTCACGCTT-1
GRCh38,CCTTTCCTCCATATCC-1
GRCh38,CCTTTCCTCCGTTCGC-1
GRCh38,CCTTTCCTCCTGGGTG-1
GRCh38,CCTTTCGAGCTTGTCT-1
GRCh38,CCTTTCGAGGTCCGAT-1
GRCh38,CCTTTGAGTGGAAATG-1
GRCh38,CCTTTGGTCCCAATTC-1
GRCh38,CCTTTGGTCCGTCAAA-1
GRCh38,CGAAACCTCGGACATC-1
GRCh38,CGAAACGAGCCATGAC-1
GRCh38,CGAACACTCCTAAACG-1
GRCh38,CGAACACTCGTAAGCC-1
GRCh38,CGAACAGAGACTATCG-1
GRCh38,CGAACAGAGCACCTCC-1
GRCh38,CGAACCCCAAGGAGGA-1
GRCh38,CGAACCCCACACTCGA-1
GRCh38,CGAACGAAGATGCCCG-1
GRCh38,CGAACGAAGGTGCGAA-1
GRCh38,CGAAGATAGCGGGTTT-1
GRCh38,CGAAGCAAGCAACAGG-1
GRCh38,CGAAGCAAGCAGCTGT-1
GRCh38,CGAAGCAAGGTAACCC-1
GRCh38,CGAAGGGGTAATTTCC-1
GRCh38,CGAAGGGGTATTCGGG-1
GRCh38,CGAAGGTCAACTCACG-1
GRCh38,CGAAGGTCAGCCTGAC-1
GRCh38,CGAAGTGAGCGATGGA-1
GRCh38,CGAAGTTGTAATCCCC-1
GRCh38,CGAATCATCAGTATTA-1
GRCh38,CGAATCTCAAATCGGA-1
GRCh38,CGAATCTCACGTAATC-1
GRCh38,CGAATTGTCCCACTCA-1
GRCh38,CGAATTGTCGCTTCGC-1
GRCh38,CGAATTTAGAGCGGTA-1
GRCh38,CGACAAGAGAACCATT-1
GRCh38,CGACAAGAGACCCGTG-1
GRCh38,CGACAAGAGAGAGGAA-1
GRCh38,CGACAAGAGCGCCTAG-1
GRCh38,CGACAAGAGGCATAGG-1
GRCh38,CGACAGAAGATTGGTT-1
GRCh38,CGACAGAAGGCTACAC-1
GRCh38,CGACAGCGTATACGTA-1
GRCh38,CGACAGCGTATGAGAG-1
GRCh38,CGACCATAGGTCCGCA-1
GRCh38,CGACCCCGTAACTTTC-1
GRCh38,CGACCCCGTACAAGCT-1
GRCh38,CGACCCCGTGGAGCGA-1
GRCh38,CGACCTACACACGCAC-1
GRCh38,CGACCTACAGGTAGCG-1
GRCh38,CGACGCATCCTTAATT-1
GRCh38,CGACGCATCGGTCGCA-1
GRCh38,CGACGGACAATGCAGA-1
GRCh38,CGACGTAGTGTGGCGT-1
GRCh38,CGACTAGGTCTACTGC-1
GRCh38,CGACTCTGTCATGGAT-1
GRCh38,CGACTCTGTGTTACTT-1
GRCh38,CGACTTCGTAAGTCTA-1
GRCh38,CGAGCATTCAGCTAAT-1
GRCh38,CGAGCATTCATTACTT-1
GRCh38,CGAGCATTCCGCACTC-1
GRCh38,CGAGCATTCGTATCAG-1
GRCh38,CGAGCGACAACGGCAG-1
GRCh38,CGAGCGTGTAATTTGG-1
GRCh38,CGAGCGTGTCATCGGA-1
GRCh38,CGAGCGTGTCCCTGTG-1
GRCh38,CGAGGAGGTGTCCATC-1
GRCh38,CGAGGCTGTAGTAAGG-1
GRCh38,CGAGGCTGTCCATATT-1
GRCh38,CGAGGGAGTAGCTGGC-1
GRCh38,CGAGTAACAGGACCGA-1
GRCh38,CGAGTAGAGAGGTGAT-1
GRCh38,CGAGTAGAGCTCGTTT-1
GRCh38,CGAGTAGAGGTTCGAC-1
GRCh38,CGAGTCAGTGCTTTCA-1
GRCh38,CGAGTCTAGCCTAATG-1
GRCh38,CGAGTCTAGGCTAACC-1
GRCh38,CGAGTGCGTACAAGCT-1
GRCh38,CGAGTGTTCCCAACCC-1
GRCh38,CGATAAGCACTATGAC-1
GRCh38,CGATAAGCAGTTCACG-1
GRCh38,CGATACATCACGGTGT-1
GRCh38,CGATACATCAGACTGC-1
GRCh38,CGATACATCGTGTTGA-1
GRCh38,CGATAGACACACAACT-1
GRCh38,CGATAGCTCAGCGTGT-1
GRCh38,CGATAGCTCGTAGTTG-1
GRCh38,CGATCGGTCAAACCTG-1
GRCh38,CGATCGGTCGCGCGTA-1
GRCh38,CGATGATGTCATACCC-1
GRCh38,CGATGATGTCGCGCTC-1
GRCh38,CGATGGAAGAAACCCC-1
GRCh38,CGATGGAAGACAAGTA-1
GRCh38,CGATGGAAGCCTAAGC-1
GRCh38,CGATGGAAGGCGGAGT-1
GRCh38,CGATGGCGTATCATCT-1
GRCh38,CGATGGGCAGTGGGAT-1
GRCh38,CGATGTATCATCTCAC-1
GRCh38,CGATGTATCCTTATCA-1
GRCh38,CGATGTATCGCAACTA-1
GRCh38,CGATGTATCGCCTGCT-1
GRCh38,CGATGTTCAACCTAGT-1
GRCh38,CGATGTTCACCGCTAA-1
GRCh38,CGATGTTCACTATAGC-1
GRCh38,CGATTACCACCCTTCG-1
GRCh38,CGATTACCACCCTTTA-1
GRCh38,CGATTACCAGGGTCAG-1
GRCh38,CGATTATAGACGAACG-1
GRCh38,CGATTATAGCAATAGA-1
GRCh38,CGATTCAAGAATTTGC-1
GRCh38,CGATTCCGTGGAATGA-1
GRCh38,CGATTGCAGCACGAAG-1
GRCh38,CGATTGCAGCAGTATT-1
GRCh38,CGATTGCAGCCTTGCC-1
GRCh38,CGATTGGGTAAGTTTG-1
GRCh38,CGATTGGGTATCAGCG-1
GRCh38,CGATTGGGTGCTGTCT-1
GRCh38,CGATTTACAGGCTACC-1
GRCh38,CGATTTACAGGTTTAC-1
GRCh38,CGATTTGAGAGGGCGT-1
GRCh38,CGCAAATGTATATCAG-1
GRCh38,CGCAAATGTGGAACTT-1
GRCh38,CGCAATATCCCTAACT-1
GRCh38,CGCAATTCAATCAACC-1
GRCh38,CGCACATAGGGAATTA-1
GRCh38,CGCACCCGTCACTAGG-1
GRCh38,CGCACCCGTGGATAAG-1
GRCh38,CGCACCCGTGGCGAGA-1
GRCh38,CGCACCCGTGTTAATG-1
GRCh38,CGCACGTCAATATTAC-1
GRCh38,CGCACGTCACATCATA-1
GRCh38,CGCACGTCACCGTCAA-1
GRCh38,CGCACGTCACTGAAAG-1
GRCh38,CGCACTACACCTTTCA-1
GRCh38,CGCAGCATCGTTGGGT-1
GRCh38,CGCAGCTCAAGCGGCA-1
GRCh38,CGCAGGACAGTCCGTA-1
GRCh38,CGCAGGACAGTGTGGG-1
GRCh38,CGCAGTCCAAGCATTC-1
GRCh38,CGCAGTCCAAGCGTCC-1
GRCh38,CGCAGTCCAATACGCT-1
GRCh38,CGCAGTCCACCAACGC-1
GRCh38,CGCAGTCCACTGGGAG-1
GRCh38,CGCAGTCCAGTCATAC-1
GRCh38,CGCAGTCCAGTCGCAC-1
GRCh38,CGCATAATCAACCCTT-1
GRCh38,CGCATACAGAGCGAAT-1
GRCh38,CGCATACAGCAGTCTA-1
GRCh38,CGCATACAGGGCTAAG-1
GRCh38,CGCATAGGTCCGCTAT-1
GRCh38,CGCATAGGTCTAGCAG-1
GRCh38,CGCATAGGTCTGGTGA-1
GRCh38,CGCATAGGTGTATCTT-1
GRCh38,CGCATATCAGCTAAGA-1
GRCh38,CGCATCGAGAGTTAGA-1
GRCh38,CGCATCGAGGTGCTGT-1
GRCh38,CGCATCTGTCTACTAT-1
GRCh38,CGCATGGTCAGCCATA-1
GRCh38,CGCATTCGTACGTGCA-1
GRCh38,CGCATTCGTAGGAATG-1
GRCh38,CGCATTCGTCCTTAAT-1
GRCh38,CGCCAACCACTCGGTA-1
GRCh38,CGCCAACCAGGAAACC-1
GRCh38,CGCCACAAGCGCTTGG-1
GRCh38,CGCCACAAGCTTGTGA-1
GRCh38,CGCCATACAATCAGAG-1
GRCh38,CGCCCATTCCTTAGTC-1
GRCh38,CGCCCGTGTAAATCTG-1
GRCh38,CGCCCGTGTAACGCTG-1
GRCh38,CGCCCGTGTGGATTCG-1
GRCh38,CGCCCTAGTAAGCCGC-1
GRCh38,CGCCTACTCATACCTC-1
GRCh38,CGCCTACTCGGTTAAT-1
GRCh38,CGCCTAGAGACTATCG-1
GRCh38,CGCCTAGAGAGTTTCG-1
GRCh38,CGCCTAGAGCAACCCG-1
GRCh38,CGCCTAGAGCCTAGAC-1
GRCh38,CGCCTAGAGGTTGATT-1
GRCh38,CGCCTATGTAGCATCG-1
GRCh38,CGCCTATGTCTCGCTG-1
GRCh38,CGCGAAGCAGCGGGTA-1
GRCh38,CGCGACTCAGGTTTAC-1
GRCh38,CGCGACTCAGTTACCG-1
GRCh38,CGCGATTAGCATCGAC-1
GRCh38,CGCGCTCGTCAAGGCC-1
GRCh38,CGCGCTCGTGGCTGTA-1
GRCh38,CGCGCTCGTGGGACCT-1
GRCh38,CGCGCTCGTGGGTAGG-1
GRCh38,CGCGGTATCACAGCGT-1
GRCh38,CGCGGTATCACTCTTA-1
GRCh38,CGCGTAAGTACCTCCG-1
GRCh38,CGCGTACCACGCCTAA-1
GRCh38,CGCGTATAGCGTACGT-1
GRCh38,CGCGTCCGTATCAGTA-1
GRCh38,CGCGTGGGTCATAGGT-1
GRCh38,CGCGTTACAATGGCGG-1
GRCh38,CGCGTTACAATTGACC-1
GRCh38,CGCTAAATCAAATGCT-1
GRCh38,CGCTAAATCATCTCCG-1
GRCh38,CGCTAAATCCTTAATT-1
GRCh38,CGCTAAGGTCGCTTTA-1
GRCh38,CGCTACCTCACTCCGC-1
GRCh38,CGCTATAAGCTCAGCG-1
GRCh38,CGCTATAAGGGCTTCG-1
GRCh38,CGCTATCGTCTAGGGC-1
GRCh38,CGCTCAACACATCACG-1
GRCh38,CGCTCGCGTATCAGCG-1
GRCh38,CGCTCTGGTAACTCGG-1
GRCh38,CGCTGATAGATCACAT-1
GRCh38,CGCTGATAGCCGGTAT-1
GRCh38,CGCTGATAGGCACCCA-1
GRCh38,CGCTGCCGTACTATAG-1
GRCh38,CGCTGTGAGCCTGTGG-1
GRCh38,CGCTTCATCATAGCGC-1
GRCh38,CGCTTCGGTCATTAAG-1
GRCh38,CGCTTGCTCATGCGTA-1
GRCh38,CGCTTGCTCCAATTGG-1
GRCh38,CGCTTGCTCCACCTCA-1
GRCh38,CGCTTGCTCCGTTTAC-1
GRCh38,CGCTTGGAGAACGAAC-1
GRCh38,CGCTTGTGTAGACGGG-1
GRCh38,CGCTTGTGTCGGTTCT-1
GRCh38,CGCTTTAGTACCTTGC-1
GRCh38,CGCTTTAGTCGGGTTA-1
GRCh38,CGCTTTAGTGGCTAAT-1
GRCh38,CGCTTTAGTGTAGCAT-1
GRCh38,CGCTTTCCACGTTTCC-1
GRCh38,CGCTTTCCACTAATAT-1
GRCh38,CGGAAACCAAATTGCC-1
GRCh38,CGGAAACCAGGACCGA-1
GRCh38,CGGAATGAGAAGGCAT-1
GRCh38,CGGAATGAGATTCACG-1
GRCh38,CGGAATGAGCATCGCG-1
GRCh38,CGGAATTGTAGTGTTA-1
GRCh38,CGGACATTCCTCGCAC-1
GRCh38,CGGACATTCGTCAATG-1
GRCh38,CGGACCATCAACAGCC-1
GRCh38,CGGACCATCACAAGCC-1
GRCh38,CGGACCATCCAATTCC-1
GRCh38,CGGACCTCAATGCTAC-1
GRCh38,CGGATAGAGCACTCAA-1
GRCh38,CGGATAGAGGTATCCA-1
GRCh38,CGGCAAGCAACTAAGG-1
GRCh38,CGGCAAGCACCTTACC-1
GRCh38,CGGCAATTCACCATTC-1
GRCh38,CGGCAATTCACGCTAA-1
GRCh38,CGGCAATTCATGGGTC-1
GRCh38,CGGCAATTCCTAGCAA-1
GRCh38,CGGCACATCACATCTC-1
GRCh38,CGGCACATCATACGCA-1
GRCh38,CGGCACTCAGGCTTCA-1
GRCh38,CGGCATGTCAGCCTCC-1
GRCh38,CGGCATGTCGGCGAAA-1
GRCh38,CGGCATTAGAGCGGGT-1
GRCh38,CGGCCTAAGAACCCCG-1
GRCh38,CGGCCTAAGCTTGGGT-1
GRCh38,CGGCCTTTCACCACTT-1
GRCh38,CGGCGTATCAACGTTG-1
GRCh38,CGGCGTATCAATTATG-1
GRCh38,CGGCTCCGTGTCTCCG-1
GRCh38,CGGCTGGGTACTCCCG-1
GRCh38,CGGCTGGGTCGGCTCC-1
GRCh38,CGGCTGGGTGGTAATC-1
GRCh38,CGGCTGGGTGTGGTGC-1
GRCh38,CGGCTTACAAGGCCGA-1
GRCh38,CGGCTTACAAGTCCGC-1
GRCh38,CGGCTTACACTCCATC-1
GRCh38,CGGCTTCTCCGGGATT-1
GRCh38,CGGGAAATCAGCTAAT-1
GRCh38,CGGGAAATCATACTAA-1
GRCh38,CGGGAAATCCGATACA-1
GRCh38,CGGGATAAGCTCAGCG-1
GRCh38,CGGGATTTCGTGAGCT-1
GRCh38,CGGGGATAGAATTCCG-1
GRCh38,CGGGGATAGACAGACG-1
GRCh38,CGGGGATAGATCCTAG-1
GRCh38,CGGGGTACAAAATTTC-1
GRCh38,CGGGGTACAAACATTT-1
GRCh38,CGGGGTACACAACGGG-1
GRCh38,CGGGGTACACATTGGT-1
GRCh38,CGGGGTTGTAGGGTAA-1
GRCh38,CGGGTAAAGCGTTTAG-1
GRCh38,CGGGTACGTCCTCATA-1
GRCh38,CGGGTACGTCGTTCCG-1
GRCh38,CGGGTATTCCGTCGTC-1
GRCh38,CGGGTCATCGCAGTGT-1
GRCh38,CGGGTCTCAACCAACT-1
GRCh38,CGGGTCTCAATACCTA-1
GRCh38,CGGGTTAGTGCCTCGC-1
GRCh38,CGGGTTGTCATAATGC-1
GRCh38,CGGGTTGTCCTAGGGT-1
GRCh38,CGGGTTGTCGCATGGT-1
GRCh38,CGGGTTTAGACGATGG-1
GRCh38,CGGGTTTAGATTCACG-1
GRCh38,CGGGTTTAGGGTGTTC-1
GRCh38,CGGGTTTAGGTCCTTT-1
GRCh38,CGGTAACTCCGACTCC-1
GRCh38,CGGTAACTCCTATACC-1
GRCh38,CGGTAACTCGCCTACC-1
GRCh38,CGGTAACTCGGTTGTA-1
GRCh38,CGGTATATCAAGCTCA-1
GRCh38,CGGTATATCACGCATA-1
GRCh38,CGGTATATCGCTTACT-1
GRCh38,CGGTATATCGTTGCAA-1
GRCh38,CGGTATGGTCTAGGGC-1
GRCh38,CGGTATGGTGCACGTA-1
GRCh38,CGGTATTCACTGACAT-1
GRCh38,CGGTATTCAGTCGCAC-1
GRCh38,CGGTCAGTCATTCTCA-1
GRCh38,CGGTCATAGCTGCAGT-1
GRCh38,CGGTCGATCAGGACTC-1
GRCh38,CGGTCGATCGTACAAT-1
GRCh38,CGGTCGATCGTGCAAC-1
GRCh38,CGGTCGTCAGGCGCAA-1
GRCh38,CGGTGCATCACTCGCC-1
GRCh38,CGGTGTAGTATCTCTG-1
GRCh38,CGGTGTAGTCTATCGC-1
GRCh38,CGGTGTAGTCTGGTAG-1
GRCh38,CGGTGTCCAAGAGGGA-1
GRCh38,CGGTGTCCACGGACCT-1
GRCh38,CGGTGTCCACTCGGTA-1
GRCh38,CGGTTAATCAAGTTCG-1
GRCh38,CGGTTAATCCCAAGTA-1
GRCh38,CGGTTACAGCATTACG-1
GRCh38,CGGTTAGGTAGGGTAA-1
GRCh38,CGGTTCTGTAGGGAGT-1
GRCh38,CGGTTCTGTGGAGCTC-1
GRCh38,CGGTTTAAGATGGGTG-1
GRCh38,CGGTTTCGTAAGGTTC-1
GRCh38,CGGTTTCGTATCTTGT-1
GRCh38,CGGTTTCGTCGTAATA-1
GRCh38,CGGTTTCGTGGAAAGC-1
GRCh38,CGTAAATTCAAGCTTG-1
GRCh38,CGTAAATTCAGCTAAT-1
GRCh38,CGTAAATTCGTCATCT-1
GRCh38,CGTAACATCGGGTTCG-1
GRCh38,CGTAACTCAATAGTAA-1
GRCh38,CGTAACTCACTTAAAT-1
GRCh38,CGTAATAGTGTCCCAT-1
GRCh38,CGTAATCCAAAGCTCT-1
GRCh38,CGTAATCCAATGCATC-1
GRCh38,CGTAATCCAGTGAGGT-1
GRCh38,CGTAATTAGCTGTCGG-1
GRCh38,CGTACAATCAGACTTG-1
GRCh38,CGTACACAGGCATTCA-1
GRCh38,CGTACACAGGTAAGCG-1
GRCh38,CGTACATCAGCCAAGG-1
GRCh38,CGTACCGAGAACGGAT-1
GRCh38,CGTACCGAGAAGCGTG-1
GRCh38,CGTACCGAGAGCGACA-1
GRCh38,CGTACCGAGCCGTCAG-1
GRCh38,CGTACCGAGGGAATCG-1
GRCh38,CGTACCTGTACATCCC-1
GRCh38,CGTACCTGTAGTCGAT-1
GRCh38,CGTACCTGTCCTAGCT-1
GRCh38,CGTACCTGTCGAGGGA-1
GRCh38,CGTACGCCACAGGACG-1
GRCh38,CGTACGCCACCACAGC-1
GRCh38,CGTACGTAGAGACATA-1
GRCh38,CGTAGAACAAACGTTC-1
GRCh38,CGTAGAACACGCCATA-1
GRCh38,CGTAGAGAGCGTCAGT-1
GRCh38,CGTAGATGTAACGTCG-1
GRCh38,CGTAGATGTAGGACGG-1
GRCh38,CGTAGATGTCACCCTG-1
GRCh38,CGTAGATGTCTTGTCA-1
GRCh38,CGTAGCTAGATCAGGG-1
GRCh38,CGTAGGCGTATGCCAG-1
GRCh38,CGTAGGGCACAAATCC-1
GRCh38,CGTAGGGCACCTGCTT-1
GRCh38,CGTAGTGGTACTATAG-1
GRCh38,CGTAGTGGTCATCTAT-1
GRCh38,CGTAGTGGTGCGTTAG-1
GRCh38,CGTATAAGTAACGAAG-1
GRCh38,CGTATAAGTATTGTAG-1
GRCh38,CGTATAGTCGGTATTG-1
GRCh38,CGTATATAGCAATAGA-1
GRCh38,CGTATATAGCACTCAA-1
GRCh38,CGTATATAGCGGATTC-1
GRCh38,CGTATATAGGCAATCC-1
GRCh38,CGTATCGCAGCGTCTA-1
GRCh38,CGTATGGGTCTTGTAT-1
GRCh38,CGTATTCTCACATCTC-1
GRCh38,CGTATTGAGAGTCGTC-1
GRCh38,CGTATTGAGGTAGACG-1
GRCh38,CGTATTGAGGTTAGGG-1
GRCh38,CGTCAACAGACGAGGC-1
GRCh38,CGTCAACAGCATGCGT-1
GRCh38,CGTCAACAGCATGTTG-1
GRCh38,CGTCAACAGCGCTGTG-1
GRCh38,CGTCAATCAGTTAGAG-1
GRCh38,CGTCAGCCAATAGTAA-1
GRCh38,CGTCAGCCAATCACTA-1
GRCh38,CGTCAGCCACCTTGAG-1
GRCh38,CGTCAGTAGATGGGTG-1
GRCh38,CGTCAGTAGCCTCTTG-1
GRCh38,CGTCATAAGCAATTAC-1
GRCh38,CGTCATAAGGTAAATG-1
GRCh38,CGTCATAAGGTCGAAG-1
GRCh38,CGTCATTTCAGACTCA-1
GRCh38,CGTCGCTTCATGGGCT-1
GRCh38,CGTCGCTTCCCTACCA-1
GRCh38,CGTCGGTCACGTTCAG-1
GRCh38,CGTCGTACACGAGCGA-1
GRCh38,CGTCGTACACTGACGC-1
GRCh38,CGTCTAAAGCCTCTTG-1
GRCh38,CGTCTAGCAAAGCGTA-1
GRCh38,CGTCTATTCGCGTCAG-1
GRCh38,CGTCTCCAGCGTGGTT-1
GRCh38,CGTCTCCAGCTAGCTA-1
GRCh38,CGTCTTAGTATGAGGA-1
GRCh38,CGTCTTAGTCCGGCCT-1
GRCh38,CGTCTTAGTGGATATC-1
GRCh38,CGTCTTAGTGTAACGT-1
GRCh38,CGTGAGAAGCCGCTGA-1
GRCh38,CGTGAGCGTAATGGGA-1
GRCh38,CGTGAGCGTACTCATT-1
GRCh38,CGTGAGCGTATGCAGT-1
GRCh38,CGTGAGCGTCAGCTTC-1
GRCh38,CGTGAGTTCAAACCCA-1
GRCh38,CGTGAGTTCGGATGTC-1
GRCh38,CGTGCATAGACCCATA-1
GRCh38,CGTGCCCGTCCCTCTC-1
GRCh38,CGTGCTACACTAGCGC-1
GRCh38,CGTGGGTGTAAGCCAT-1
GRCh38,CGTGGTAGTCGTATAA-1
GRCh38,CGTGGTTAGACTTCAG-1
GRCh38,CGTGGTTAGAGTGGGC-1
GRCh38,CGTGGTTAGCCGACAT-1
GRCh38,CGTGGTTAGGTGAGAT-1
GRCh38,CGTGTCCTCACGTGGT-1
GRCh38,CGTGTCCTCAGGTAAA-1
GRCh38,CGTGTCGAGATCGTTG-1
GRCh38,CGTGTCTGTGGGAGAT-1
GRCh38,CGTGTTAAGCCGTTGG-1
GRCh38,CGTGTTAAGGCTTATG-1
GRCh38,CGTTAAAGTATTACCT-1
GRCh38,CGTTAATAGCTGATTG-1
GRCh38,CGTTAATAGGTTCAGC-1
GRCh38,CGTTACAAGCTGATAT-1
GRCh38,CGTTACTTCGTCAATG-1
GRCh38,CGTTAGGGTACACTCC-1
GRCh38,CGTTAGGGTACCTTGC-1
GRCh38,CGTTAGTCAATAGTAA-1
GRCh38,CGTTATGAGACACCCG-1
GRCh38,CGTTCAAAGATTCAAC-1
GRCh38,CGTTCAAAGGTATTGT-1
GRCh38,CGTTCCCAGAGTGGGC-1
GRCh38,CGTTCCCAGGGGAATT-1
GRCh38,CGTTCCCAGGTAGAGT-1
GRCh38,CGTTCCGGTAATTGGC-1
GRCh38,CGTTCCGGTCACCCGC-1
GRCh38,CGTTCGACACAAATGG-1
GRCh38,CGTTCGTGTCAGTATA-1
GRCh38,CGTTCGTGTGTTACTT-1
GRCh38,CGTTCTAGTCCAAAGT-1
GRCh38,CGTTGACAGATCATCG-1
GRCh38,CGTTGCGAGACATCAT-1
GRCh38,CGTTGCGAGCTGACGT-1
GRCh38,CGTTGCTGTCCAGTAG-1
GRCh38,CGTTGGAGTACGTCAG-1
GRCh38,CGTTGGAGTAGCCCTT-1
GRCh38,CGTTGGAGTCTAACGG-1
GRCh38,CGTTGGAGTGTGGTGC-1
GRCh38,CGTTGGTAGGTCACGT-1
GRCh38,CGTTGTAAGCCTCATT-1
GRCh38,CGTTGTAAGCCTCTTG-1
GRCh38,CGTTGTAAGCTGGTCG-1
GRCh38,CGTTTACTCACTAATA-1
GRCh38,CGTTTAGAGAACGTGG-1
GRCh38,CGTTTAGAGCTACGTA-1
GRCh38,CGTTTCAGTATCGCTC-1
GRCh38,CGTTTCAGTCGCATTC-1
GRCh38,CGTTTCCCAAGGCACG-1
GRCh38,CGTTTCCCAATGATCC-1
GRCh38,CGTTTCCCAGTATGGA-1
GRCh38,CGTTTGAAGAGCATTT-1
GRCh38,CGTTTGAAGGGACGTA-1
GRCh38,CTAAACCCACGATAAG-1
GRCh38,CTAAACCCAGTGCATT-1
GRCh38,CTAAACGTCAGGCTGT-1
GRCh38,CTAAACGTCCTGGCTC-1
GRCh38,CTAAACGTCGTCAAAT-1
GRCh38,CTAAAGGCAAACACCT-1
GRCh38,CTAAAGGCACATTAGC-1
GRCh38,CTAAATCAGATGGGGC-1
GRCh38,CTAAATTCAATGCAGA-1
GRCh38,CTAACCCGTATCGCGA-1
GRCh38,CTAACCCGTGTCGCGG-1
GRCh38,CTAACCGCAACATGGA-1
GRCh38,CTAACCGCACCTTACC-1
GRCh38,CTAACCGCAGTCGCAC-1
GRCh38,CTAACGGGTGGGGCTT-1
GRCh38,CTAACGTCAACCTGCA-1
GRCh38,CTAACGTCACACACGC-1
GRCh38,CTAACGTCAGCCCATA-1
GRCh38,CTAACGTCAGTGTAAG-1
GRCh38,CTAACTACACCTAGGC-1
GRCh38,CTAACTCTCATAACTA-1
GRCh38,CTAACTCTCCTTCATA-1
GRCh38,CTAACTTGTAGGAATG-1
GRCh38,CTAACTTGTATGTACA-1
GRCh38,CTAACTTGTCGGCTGG-1
GRCh38,CTAAGCATCGTCGAAC-1
GRCh38,CTAAGCCAGCTCTCCA-1
GRCh38,CTAAGCCAGGGGCGAT-1
GRCh38,CTAAGCGGTCAAAGGA-1
GRCh38,CTAAGCGGTGCTTGTC-1
GRCh38,CTAAGCGGTGGAGCGA-1
GRCh38,CTAAGGACACAAGTAG-1
GRCh38,CTAAGGACACACACGC-1
GRCh38,CTAAGGTGTCTCGGTT-1
GRCh38,CTAAGGTGTCTGGTCT-1
GRCh38,CTAAGTAGTACATCTT-1
GRCh38,CTAAGTAGTGGGTGAG-1
GRCh38,CTAATATCAAGAGAGG-1
GRCh38,CTAATATCACTCGGTA-1
GRCh38,CTAATATCAGGAATCA-1
GRCh38,CTAATCACACCTTCTA-1
GRCh38,CTAATCCTCCATACCT-1
GRCh38,CTAATCCTCGGCTAAC-1
GRCh38,CTAATCGAGAAGTGTA-1
GRCh38,CTAATCGAGGTACGTC-1
GRCh38,CTAATCTGTCAAAGCT-1
GRCh38,CTAATGAGTACCTTTG-1
GRCh38,CTAATGAGTGTGCATG-1
GRCh38,CTAATGGTCCGTATCT-1
GRCh38,CTAATGGTCGCTAACA-1
GRCh38,CTAATGGTCGTATACG-1
GRCh38,CTAATTCGTCGTCTGT-1
GRCh38,CTAATTCGTCTAATGA-1
GRCh38,CTACAAGTCCCGGCTT-1
GRCh38,CTACAATAGAGGACGC-1
GRCh38,CTACAATAGAGGCACA-1
GRCh38,CTACACAAGCCACAAC-1
GRCh38,CTACAGGGTCGCGCTC-1
GRCh38,CTACATACAAATGGCA-1
GRCh38,CTACATACACACACGC-1
GRCh38,CTACATCTCACCTCAT-1
GRCh38,CTACATCTCCGATCAA-1
GRCh38,CTACATCTCCGCAATA-1
GRCh38,CTACATCTCCGGCACA-1
GRCh38,CTACATCTCCTACTAC-1
GRCh38,CTACATCTCGTACAAT-1
GRCh38,CTACATGAGCGGGATA-1
GRCh38,CTACGACAGCGAGTCT-1
GRCh38,CTACGACAGGCGCTTG-1
GRCh38,CTACGACAGGGAGGTC-1
GRCh38,CTACGATCACTCAATA-1
GRCh38,CTACGCCTCGTCCATT-1
GRCh38,CTACGCGAGACCCAAC-1
GRCh38,CTACGCGAGATCGATT-1
GRCh38,CTACGCGAGCGGCATT-1
GRCh38,CTACGGAGTATAAGCC-1
GRCh38,CTACGTAAGCCGTGAT-1
GRCh38,CTACGTAAGCTGCAAC-1
GRCh38,CTACTAACACGGTCGT-1
GRCh38,CTACTACTCCTGCACC-1
GRCh38,CTACTATGTATGGAGA-1
GRCh38,CTACTATGTGGATATC-1
GRCh38,CTACTCCCAATCATCA-1
GRCh38,CTACTGAAGCAGGAGC-1
GRCh38,CTACTGAAGCATTTCC-1
GRCh38,CTACTGAAGCCCTGGA-1
GRCh38,CTACTGCGTCATTTCG-1
GRCh38,CTACTTATCAAACTTA-1
GRCh38,CTACTTCAGACGGCAA-1
GRCh38,CTACTTCAGATGGGAT-1
GRCh38,CTACTTCAGCAATAGA-1
GRCh38,CTACTTTCAATGTGAG-1
GRCh38,CTAGCAATCAATCGTG-1
GRCh38,CTAGCAGGTGGCCCCT-1
GRCh38,CTAGCAGGTGGCTAGC-1
GRCh38,CTAGCATCAAAGGGGA-1
GRCh38,CTAGCATCAGTCTATA-1
GRCh38,CTAGCCCTCCAGGATC-1
GRCh38,CTAGCCGAGAGGGTGC-1
GRCh38,CTAGCCGAGAGTTTCG-1
GRCh38,CTAGCCGAGGCACGAA-1
GRCh38,CTAGCGCCAAGTTAGG-1
GRCh38,CTAGCGCCAGCTGTAT-1
GRCh38,CTAGCGTAGCTGTAGC-1
GRCh38,CTAGCGTAGGCCCCAA-1
GRCh38,CTAGCTAAGCCTAAGC-1
GRCh38,CTAGCTCGTAGCAGGG-1
GRCh38,CTAGCTCGTCAGTAGT-1
GRCh38,CTAGCTCGTGCCCGTC-1
GRCh38,CTAGCTCGTGGGAGAT-1
GRCh38,CTAGCTTTCACAGACC-1
GRCh38,CTAGGAACAAAAGTTA-1
GRCh38,CTAGGAACAAGCGTTT-1
GRCh38,CTAGGAACAGTTGAGA-1
GRCh38,CTAGGAGAGCTGTATG-1
GRCh38,CTAGGAGAGGGACGTA-1
GRCh38,CTAGGCCCAATTGCTA-1
GRCh38,CTAGGGCGTAAGTCCG-1
GRCh38,CTAGGGCGTGCTACCT-1
GRCh38,CTAGGTCAGGGACACA-1
GRCh38,CTAGGTGGTGTCGGGT-1
GRCh38,CTAGTAAGTACGAAAG-1
GRCh38,CTAGTAAGTAGCTGTG-1
GRCh38,CTAGTATAGCCGTGAT-1
GRCh38,CTAGTCAAGACGTCCG-1
GRCh38,CTAGTCGCAAATATAG-1
GRCh38,CTAGTCGCAAGTACGA-1
GRCh38,CTAGTCTTCCGGGAAA-1
GRCh38,CTAGTCTTCGTATAGT-1
GRCh38,CTAGTGGGTCCCAATC-1
GRCh38,CTAGTGGGTGTTAAGC-1
GRCh38,CTAGTTACAAGTACGA-1
GRCh38,CTAGTTACAGCCATAT-1
GRCh38,CTAGTTCTCCTCATTA-1
GRCh38,CTAGTTGAGACGCGTT-1
GRCh38,CTAGTTGAGCGAATGG-1
GRCh38,CTAGTTGAGGTATATC-1
GRCh38,CTATAATCAAGACAAT-1
GRCh38,CTATAATCACCTGCTT-1
GRCh38,CTATAATCAGGACGCA-1
GRCh38,CTATACACAAGTCCGC-1
GRCh38,CTATACCTCCACCTCA-1
GRCh38,CTATACCTCCTAAAGT-1
GRCh38,CTATAGCCAATGGGGT-1
GRCh38,CTATAGTAGATCGGAG-1
GRCh38,CTATAGTAGGGCGGAT-1
GRCh38,CTATCAGAGCGCCAAT-1
GRCh38,CTATCCAGTATAGGGA-1
GRCh38,CTATCCGTCACTGCCC-1
GRCh38,CTATCCGTCGTCCTGC-1
GRCh38,CTATCGAAGAATATCC-1
GRCh38,CTATCGAAGACGCGTT-1
GRCh38,CTATCGAAGGTCATGC-1
GRCh38,CTATCGCGTCTGTTAT-1
GRCh38,CTATCTTCACACGTCA-1
GRCh38,CTATCTTCACCGCAGT-1
GRCh38,CTATGACCACGCAATT-1
GRCh38,CTATGACCAGCATCGC-1
GRCh38,CTATGCTTCATGAAAG-1
GRCh38,CTATGCTTCGCTATCT-1
GRCh38,CTATGGCAGCGGATAG-1
GRCh38,CTATGGTCACCCTCAT-1
GRCh38,CTATGGTCAGGTATTC-1
GRCh38,CTATGTCTCCAATACG-1
GRCh38,CTATGTCTCCAATTGG-1
GRCh38,CTATGTCTCCGGGCTA-1
GRCh38,CTATGTGAGACCTGTA-1
GRCh38,CTATGTTGTACACTCC-1
GRCh38,CTATGTTGTATCATTC-1
GRCh38,CTATGTTGTCGCTGCC-1
GRCh38,CTATTGCTCATATCCC-1
GRCh38,CTATTGGAGCTGTAGC-1
GRCh38,CTATTGTGTAGCTGGC-1
GRCh38,CTATTGTGTCTGTGGA-1
GRCh38,CTCAATACAATAACTT-1
GRCh38,CTCAATACAGCTACCA-1
GRCh38,CTCACCCAGACCCATA-1
GRCh38,CTCACCCAGAGGGTAT-1
GRCh38,CTCACCCAGGGCCATT-1
GRCh38,CTCACCTCACCCTCAT-1
GRCh38,CTCACGACAATTGTAT-1
GRCh38,CTCACTCCAACCAACT-1
GRCh38,CTCACTCCAGGGTTAA-1
GRCh38,CTCAGCCTCGGACCTG-1
GRCh38,CTCAGCCTCGTATCTC-1
GRCh38,CTCAGCCTCGTTACCT-1
GRCh38,CTCAGGGTCAGACTTG-1
GRCh38,CTCAGTAAGCCCTTTG-1
GRCh38,CTCAGTAAGGGCTAGA-1
GRCh38,CTCATAACAGCATAGA-1
GRCh38,CTCATAGAGCCATAGC-1
GRCh38,CTCATAGAGGTCATGC-1
GRCh38,CTCATATGTCTACTGC-1
GRCh38,CTCATGAAGAGTCTTG-1
GRCh38,CTCATGAAGATAAGTG-1
GRCh38,CTCATGAAGCAAAGCG-1
GRCh38,CTCATGAAGCGACCAT-1
GRCh38,CTCATGAAGGGTTGTC-1
GRCh38,CTCATTGGTATGCTGG-1
GRCh38,CTCATTGGTGTACTCC-1
GRCh38,CTCATTTCAGGATGAC-1
GRCh38,CTCCACATCATCCTTA-1
GRCh38,CTCCACATCGCTATAG-1
GRCh38,CTCCACTCAACCCATG-1
GRCh38,CTCCAGCTCCGGCACA-1
GRCh38,CTCCAGCTCGTTGACA-1
GRCh38,CTCCATCCAAAGGCAC-1
GRCh38,CTCCGAACAACGAAGC-1
GRCh38,CTCCGAACAGTCAACT-1
GRCh38,CTCCGACTCCGGTATA-1
GRCh38,CTCCGACTCCTATGCT-1
GRCh38,CTCCGACTCGTAACTG-1
GRCh38,CTCCGCAGTGTAAGTC-1
GRCh38,CTCCGCAGTGTTACCC-1
GRCh38,CTCCGCAGTGTTCTCA-1
GRCh38,CTCCGGAAGACTTACG-1
GRCh38,CTCCGGCGTACGGGCT-1
GRCh38,CTCCGGCGTCTAATTC-1
GRCh38,CTCCGGTTCAAACTTA-1
GRCh38,CTCCGGTTCAATCCTC-1
GRCh38,CTCCGGTTCATGTAAC-1
GRCh38,CTCCTACCAATAACTT-1
GRCh38,CTCCTACCACCTAACG-1
GRCh38,CTCCTACCACTATGAC-1
GRCh38,CTCCTCAAGCTTAGCA-1
GRCh38,CTCCTGGGTAAGCCGC-1
GRCh38,CTCCTGGGTATTGTAG-1
GRCh38,CTCCTTACAAGCATTC-1
GRCh38,CTCCTTCTCCATCTGT-1
GRCh38,CTCCTTCTCCGGGATT-1
GRCh38,CTCCTTCTCGGACATC-1
GRCh38,CTCGAAATCGTGGTTA-1
GRCh38,CTCGAACAGCATTAGT-1
GRCh38,CTCGAACAGCGTAGCT-1
GRCh38,CTCGAAGGTAAGCCGC-1
GRCh38,CTCGAAGGTCACCGTT-1
GRCh38,CTCGAAGGTCGTACCT-1
GRCh38,CTCGAGCCAAGTCGGG-1
GRCh38,CTCGAGCCACTCGCAA-1
GRCh38,CTCGAGTAGCGCTCGA-1
GRCh38,CTCGAGTAGGTTCGAC-1
GRCh38,CTCGATAAGATCGATT-1
GRCh38,CTCGATCGTATCTCTG-1
GRCh38,CTCGATCGTCCATAGG-1
GRCh38,CTCGCAACAATTACGC-1
GRCh38,CTCGCACTCAAGTTCG-1
GRCh38,CTCGCACTCACACATG-1
GRCh38,CTCGCACTCGCCTGCT-1
GRCh38,CTCGCATGTGCTTAGG-1
GRCh38,CTCGCATGTGGGAGTG-1
GRCh38,CTCGCCAGTCCCTAGT-1
GRCh38,CTCGCTGGTGGGACCT-1
GRCh38,CTCGGACCAAACATAA-1
GRCh38,CTCGGACCAATTAATC-1
GRCh38,CTCGGCAAGCATTCGA-1
GRCh38,CTCGGCAAGGTCTATG-1
GRCh38,CTCGGCTTCAGTCAGC-1
GRCh38,CTCGGCTTCAGTTAGT-1
GRCh38,CTCGGGTCAATCCGCA-1
GRCh38,CTCGGTACAGCCTTTC-1
GRCh38,CTCGGTTGTATGCCAG-1
GRCh38,CTCGTAAAGAAGCCAG-1
GRCh38,CTCGTAAAGCACGGTT-1
GRCh38,CTCGTAAAGGTCCGCA-1
GRCh38,CTCGTCATCACGGTCG-1
GRCh38,CTCGTCATCCATTGTC-1
GRCh38,CTCGTCATCGCACTCC-1
GRCh38,CTCGTGGAGACAGGAT-1
GRCh38,CTCGTGGAGAGGTACG-1
GRCh38,CTCGTGGAGATTAACC-1
GRCh38,CTCGTTGTCATACAAC-1
GRCh38,CTCGTTGTCCATCACT-1
GRCh38,CTCTAACTCACTTACC-1
GRCh38,CTCTAACTCGCCTCTA-1
GRCh38,CTCTAGCGTGCTAGTG-1
GRCh38,CTCTAGTTCAAATGCT-1
GRCh38,CTCTAGTTCACAATAC-1
GRCh38,CTCTAGTTCACGCGCA-1
GRCh38,CTCTCATAGAGAGGAA-1
GRCh38,CTCTCATAGCTACAAT-1
GRCh38,CTCTCATAGGGAGCTA-1
GRCh38,CTCTCCAAGCGTTCAA-1
GRCh38,CTCTCCAAGGTCCTTT-1
GRCh38,CTCTCCGCAAAATCAA-1
GRCh38,CTCTCCGCACAGTTAC-1
GRCh38,CTCTCGATCAATGTAC-1
GRCh38,CTCTGAAAGCAGTAGG-1
GRCh38,CTCTGGGAGACGCGAA-1
GRCh38,CTCTGGGAGATGCATT-1
GRCh38,CTCTGGGAGATTGAAG-1
GRCh38,CTCTGGGAGCCGTCGA-1
GRCh38,CTGAAAGCAAAATCTT-1
GRCh38,CTGAAAGCACCTGACA-1
GRCh38,CTGAATTAGGTCGAGA-1
GRCh38,CTGACACAGACCTATG-1
GRCh38,CTGACACAGCCTTTAC-1
GRCh38,CTGACACAGGGGGTAC-1
GRCh38,CTGACATCAACATGTC-1
GRCh38,CTGACGCCACCTAATA-1
GRCh38,CTGACGCCACGGTGCT-1
GRCh38,CTGACGCCAGGCTTCA-1
GRCh38,CTGACGTAGAACTTGT-1
GRCh38,CTGACGTAGACAGCCT-1
GRCh38,CTGACGTAGATAGGCG-1
GRCh38,CTGACGTAGGGTGATG-1
GRCh38,CTGACGTAGGTAATGA-1
GRCh38,CTGACTCGTAAGCGTT-1
GRCh38,CTGACTCGTAATGGCT-1
GRCh38,CTGACTCGTGCTCCGC-1
GRCh38,CTGACTCGTGTGCGTA-1
GRCh38,CTGATAAGTACAACGT-1
GRCh38,CTGATAAGTCACCGGG-1
GRCh38,CTGATAAGTCGTGCCC-1
GRCh38,CTGATATAGCTAGGTC-1
GRCh38,CTGATTACAAGTGTCT-1
GRCh38,CTGATTACACAGCGGA-1
GRCh38,CTGATTACACGTCAGC-1
GRCh38,CTGATTACACTCCTTA-1
GRCh38,CTGATTACAGCTAGGG-1
GRCh38,CTGATTCTCGTGAACC-1
GRCh38,CTGCAAATCCGCAGCA-1
GRCh38,CTGCAACAGACGTGTC-1
GRCh38,CTGCAACAGAGGTATA-1
GRCh38,CTGCAAGGTGGGAGCA-1
GRCh38,CTGCAATCACGCTTTC-1
GRCh38,CTGCACACACAGCATT-1
GRCh38,CTGCACACAGGAAAGG-1
GRCh38,CTGCACACAGGATTAG-1
GRCh38,CTGCACCTCGGATACC-1
GRCh38,CTGCACGAGGCGGTTT-1
GRCh38,CTGCAGTAGGTGCTGT-1
GRCh38,CTGCATAAGCGTCTAA-1
GRCh38,CTGCATAAGGTGCTGT-1
GRCh38,CTGCATCGTAAGTGTC-1
GRCh38,CTGCATCGTCCTACGT-1
GRCh38,CTGCGATAGATTACAC-1
GRCh38,CTGCGCCGTACAGTTA-1
GRCh38,CTGCGCCGTATGAGAG-1
GRCh38,CTGCGTGAGCCTGATA-1
GRCh38,CTGCGTGAGGTATTGT-1
GRCh38,CTGCTAAAGATAAGCA-1
GRCh38,CTGCTAAAGCATGCCG-1
GRCh38,CTGCTAAAGGCGATAG-1
GRCh38,CTGCTCTCACACTTAA-1
GRCh38,CTGCTCTCACTATAGC-1
GRCh38,CTGCTCTCAGCGAAAC-1
GRCh38,CTGCTTCCACCATACG-1
GRCh38,CTGCTTCCACGTATCG-1
GRCh38,CTGCTTCCAGCGTGCT-1
GRCh38,CTGGAATGTACTGGAT-1
GRCh38,CTGGAATGTCACACCT-1
GRCh38,CTGGAATGTCGATAGT-1
GRCh38,CTGGAGGCAACCAGAA-1
GRCh38,CTGGAGGCAATCGCCA-1
GRCh38,CTGGAGGCAGTCAATC-1
GRCh38,CTGGATGGTAGGCCGT-1
GRCh38,CTGGCCCGTATCGTGG-1
GRCh38,CTGGCCCGTCGTTAAA-1
GRCh38,CTGGCCCGTGTCCTTA-1
GRCh38,CTGGCTCTCACGACAC-1
GRCh38,CTGGCTTGTGTGCGCG-1
GRCh38,CTGGGAGCACAGCATT-1
GRCh38,CTGGGCATCGTGGTTA-1
GRCh38,CTGGGCTCAGGTTTCG-1
GRCh38,CTGGGGACACGTAGCC-1
GRCh38,CTGGGTTAGATGTTCG-1
GRCh38,CTGGGTTAGCACAGCT-1
GRCh38,CTGGGTTAGCCTTTCG-1
GRCh38,CTGGTAGGTAATGTCA-1
GRCh38,CTGGTAGGTCATTTCG-1
GRCh38,CTGGTAGGTGCCAAAT-1
GRCh38,CTGGTAGGTGTACGTG-1
GRCh38,CTGGTCCTCAGGACTC-1
GRCh38,CTGGTCGAGCCACTTT-1
GRCh38,CTGGTCGAGGTATTCG-1
GRCh38,CTGGTGAGTAATGGCT-1
GRCh38,CTGGTGAGTGGGATAA-1
GRCh38,CTGGTTAAGGTAAGAC-1
GRCh38,CTGTAATAGCCTTATC-1
GRCh38,CTGTAATAGGGGTAGC-1
GRCh38,CTGTAATAGGTCAATT-1
GRCh38,CTGTACGCAACCTTAA-1
GRCh38,CTGTACTTCAAGTTCG-1
GRCh38,CTGTAGCAGAAACGGT-1
GRCh38,CTGTAGCAGGGGGTTA-1
GRCh38,CTGTATCTCACCCAAA-1
GRCh38,CTGTATGAGATGTGAA-1
GRCh38,CTGTATTGTAGCCTTC-1
GRCh38,CTGTCATTCATGCGGT-1
GRCh38,CTGTCATTCCGGCGTA-1
GRCh38,CTGTCATTCGTACGGT-1
GRCh38,CTGTCATTCGTGCAAC-1
GRCh38,CTGTCCGGTCGCTTTA-1
GRCh38,CTGTCCGGTGGTTGTG-1
GRCh38,CTGTCGGAGAAGCCGA-1
GRCh38,CTGTCGGAGGCTTGAC-1
GRCh38,CTGTCTAGTATTGCCC-1
GRCh38,CTGTCTAGTCCATTTG-1
GRCh38,CTGTGAGGTCCGCATT-1
GRCh38,CTGTGAGGTCCTAGTC-1
GRCh38,CTGTGCGAGAACGAAC-1
GRCh38,CTGTGCGAGCAAGCGA-1
GRCh38,CTGTGCGAGGTCATGC-1
GRCh38,CTGTGGTAGATATGAG-1
GRCh38,CTGTTACTCCATCATC-1
GRCh38,CTGTTATGTAGTCAGT-1
GRCh38,CTGTTGAAGCGTTGAC-1
GRCh38,CTGTTGCGTATGGTCG-1
GRCh38,CTGTTGCGTGGCAAGG-1
GRCh38,CTGTTGCGTGTGTTGG-1
GRCh38,CTTAAATCAATATTCG-1
GRCh38,CTTAACACAATGAATA-1
GRCh38,CTTAACACAGTGAAGC-1
GRCh38,CTTAACCTCATTATCT-1
GRCh38,CTTAAGCCAGGAAGCT-1
GRCh38,CTTAAGTAGCGGATAG-1
GRCh38,CTTAATCGTACATCCC-1
GRCh38,CTTAATCGTCTTATGT-1
GRCh38,CTTAATTTCAACGCTA-1
GRCh38,CTTAATTTCAGCACGT-1
GRCh38,CTTAATTTCCCGGGTA-1
GRCh38,CTTAATTTCGTTGTCT-1
GRCh38,CTTAGCAAGATAAGCA-1
GRCh38,CTTAGCAAGCGGGTAA-1
GRCh38,CTTAGCAAGGTGATTT-1
GRCh38,CTTAGCCGTCGAAGGG-1
GRCh38,CTTAGCCGTCGGTTCT-1
GRCh38,CTTAGCGCACGCGTTA-1
GRCh38,CTTAGCTTCACTATCC-1
GRCh38,CTTAGCTTCCTCATTA-1
GRCh38,CTTAGGCAGAACCCGT-1
GRCh38,CTTAGGGGTGGTGTGC-1
GRCh38,CTTAGGGGTGTGGCGT-1
GRCh38,CTTAGGGGTGTTACCC-1
GRCh38,CTTAGTACAAACCACT-1
GRCh38,CTTAGTACAGGGCAAT-1
GRCh38,CTTAGTGAGACGCCAT-1
GRCh38,CTTAGTGAGCGTCTAA-1
GRCh38,CTTAGTTGTATGCAGT-1
GRCh38,CTTAGTTGTGCAGTCA-1
GRCh38,CTTAGTTGTGCATTGG-1
GRCh38,CTTATACGTCGTGGTA-1
GRCh38,CTTATACGTGGTCCCC-1
GRCh38,CTTATAGCAAGCTTTA-1
GRCh38,CTTATAGCACCATGCA-1
GRCh38,CTTATCATCGGTATGC-1
GRCh38,CTTATCTCACAAATGG-1
GRCh38,CTTATGCTCATGCGTA-1
GRCh38,CTTATGCTCCTCGTCA-1
GRCh38,CTTATGTGTACGCTGA-1
GRCh38,CTTATGTGTGCTTCGT-1
GRCh38,CTTCAATGTCTTCTAG-1
GRCh38,CTTCATATCGGTATAT-1
GRCh38,CTTCATTCAATCCCGA-1
GRCh38,CTTCATTCACCGACTA-1
GRCh38,CTTCATTCACGTAGGG-1
GRCh38,CTTCATTCAGGAACTA-1
GRCh38,CTTCGAGCAACACAAG-1
GRCh38,CTTCGAGCAACACAGA-1
GRCh38,CTTCGCATCAGTGATT-1
GRCh38,CTTCGCATCCCTTTGG-1
GRCh38,CTTCGCATCGGTTGTA-1
GRCh38,CTTCGTCCAACGCAGG-1
GRCh38,CTTCGTCCACTGCGTA-1
GRCh38,CTTCGTTAGCCGCACA-1
GRCh38,CTTCGTTAGGTAGGCA-1
GRCh38,CTTCTAATCACCCCTA-1
GRCh38,CTTCTACAGAGGTACG-1
GRCh38,CTTCTACAGATCTGCA-1
GRCh38,CTTCTAGGTATGCAGT-1
GRCh38,CTTCTCACAATAATTC-1
GRCh38,CTTCTCTGTCCTGATC-1
GRCh38,CTTGACGCAATATCTG-1
GRCh38,CTTGATGAGAAGCGTG-1
GRCh38,CTTGATGAGCCGATTA-1
GRCh38,CTTGATTGTAGTGATC-1
GRCh38,CTTGATTGTCAACCTC-1
GRCh38,CTTGATTGTCTATCGC-1
GRCh38,CTTGGAGGTAGTCCAG-1
GRCh38,CTTGGAGGTCATAGTA-1
GRCh38,CTTGGCGAGACGCTGT-1
GRCh38,CTTGGGTAGGGTATCC-1
GRCh38,CTTGGTCGTAAACTGC-1
GRCh38,CTTGGTCGTGTCGAGC-1
GRCh38,CTTGTAGAGCACCATA-1
GRCh38,CTTGTAGAGCCGACAT-1
GRCh38,CTTGTAGAGCCTACGG-1
GRCh38,CTTGTATGTAACGCTG-1
GRCh38,CTTGTATGTATGCGAT-1
GRCh38,CTTGTCAGTCTACGCT-1
GRCh38,CTTGTCGTCAACGTAT-1
GRCh38,CTTGTCGTCCAAATGT-1
GRCh38,CTTGTCGTCGTCCTGC-1
GRCh38,CTTGTCTAGACCTACA-1
GRCh38,CTTGTGAAGCACTCAA-1
GRCh38,CTTGTGCGTAGGCGCT-1
GRCh38,CTTGTGCGTCCTTCGG-1
GRCh38,CTTGTGTTCAAACCAT-1
GRCh38,CTTGTGTTCAACGCAC-1
GRCh38,CTTGTGTTCCATATGG-1
GRCh38,GCAAAGGTCACTCCGC-1
GRCh38,GCAAAGGTCACTGTTC-1
GRCh38,GCAAAGGTCCATACCT-1
GRCh38,GCAAAGGTCGTGAACC-1
GRCh38,GCAAAGTAGCACGTAC-1
GRCh38,GCAAAGTAGCTGTTGA-1
GRCh38,GCAACCCCAACTCCCT-1
GRCh38,GCAACCCCAGTCCATG-1
GRCh38,GCAACGAAGCTAAGGG-1
GRCh38,GCAACGAAGGTTAGGG-1
GRCh38,GCAACGGCACGATAAG-1
GRCh38,GCAACGGCACGATTTA-1
GRCh38,GCAACGGCACTATGAC-1
GRCh38,GCAACGGCAGTACTTA-1
GRCh38,GCAACGTTCCTGTTCG-1
GRCh38,GCAACGTTCGCCCTTA-1
GRCh38,GCAACGTTCGTTACTC-1
GRCh38,GCAACTATCAAGGGCA-1
GRCh38,GCAACTTCACCGTTTC-1
GRCh38,GCAAGCCGTAAACCGT-1
GRCh38,GCAAGCCGTAGGGTAA-1
GRCh38,GCAAGCTTCATAGTCG-1
GRCh38,GCAAGCTTCCGGGTTG-1
GRCh38,GCAAGCTTCGTAGTTG-1
GRCh38,GCAAGGCAGATCTTGG-1
GRCh38,GCAAGGCAGCGAATTT-1
GRCh38,GCAAGGCAGCTGTCGG-1
GRCh38,GCAAGGGGTACAAGAG-1
GRCh38,GCAAGGGGTATCTGTT-1
GRCh38,GCAAGTCTCACCTACT-1
GRCh38,GCAATAGCAACTCGAT-1
GRCh38,GCAATAGCAAGAATTA-1
GRCh38,GCAATAGCAAGTTGAG-1
GRCh38,GCAATATTCAACATTA-1
GRCh38,GCAATATTCACTGGCG-1
GRCh38,GCAATATTCATGTCCT-1
GRCh38,GCAATCCAGATCGGAG-1
GRCh38,GCAATCCAGGCATCCG-1
GRCh38,GCAATCGGTACTGGGC-1
GRCh38,GCAATCGGTATCAGGT-1
GRCh38,GCAATCGGTGGCTATG-1
GRCh38,GCAATCTCAAAACTCC-1
GRCh38,GCAATCTCAACCTAAC-1
GRCh38,GCAATCTCACGAACCC-1
GRCh38,GCAATCTCAGTCACGC-1
GRCh38,GCAATTGTCATTCAAA-1
GRCh38,GCAATTTAGAGGGGCT-1
GRCh38,GCAATTTAGCAAATGA-1
GRCh38,GCAATTTAGGGTTTCA-1
GRCh38,GCACAAGAGCCCTGGA-1
GRCh38,GCACACCCAAGGACCG-1
GRCh38,GCACACCCAATCAGCT-1
GRCh38,GCACACCCACCTGACA-1
GRCh38,GCACACCCACGTTATA-1
GRCh38,GCACAGCGTAATTGTG-1
GRCh38,GCACAGCGTAGGTAAG-1
GRCh38,GCACAGCGTCGATAGT-1
GRCh38,GCACAGCGTGTTACGG-1
GRCh38,GCACCATAGACACCCG-1
GRCh38,GCACCCAAGATACAGA-1
GRCh38,GCACCCAAGCGTACGT-1
GRCh38,GCACCCAAGGTGAGTG-1
GRCh38,GCACCCTTCCACAAGC-1
GRCh38,GCACCCTTCGCGGAAA-1
GRCh38,GCACCTACACAACCCA-1
GRCh38,GCACCTACAGTACGGG-1
GRCh38,GCACCTCTCGTACATG-1
GRCh38,GCACCTCTCGTGCTCC-1
GRCh38,GCACGAAAGCCCAAGT-1
GRCh38,GCACGAAAGCGGATTC-1
GRCh38,GCACGGACAATACGCT-1
GRCh38,GCACGGACACACATAC-1
GRCh38,GCACGGACACTGAAAG-1
GRCh38,GCACGTAGTACTCATT-1
GRCh38,GCACGTAGTGGACGGA-1
GRCh38,GCACGTTAGAACCCCG-1
GRCh38,GCACGTTAGCAATCCA-1
GRCh38,GCACTAGGTAAGTCTA-1
GRCh38,GCACTAGGTAGGCGGA-1
GRCh38,GCACTAGGTATGCAGT-1
GRCh38,GCACTCCTCAATATCA-1
GRCh38,GCACTCCTCACACATG-1
GRCh38,GCACTCCTCCGAATTG-1
GRCh38,GCACTCCTCGCATCGG-1
GRCh38,GCACTCTGTAGGCGCT-1
GRCh38,GCACTCTGTCTCCGCA-1
GRCh38,GCACTCTGTGTGTGAT-1
GRCh38,GCAGCGACACACAGAA-1
GRCh38,GCAGGATCAAGACAAT-1
GRCh38,GCAGGATCACAGTCAT-1
GRCh38,GCAGGATCAGGGTGCA-1
GRCh38,GCAGGCACAATAGTAA-1
GRCh38,GCAGGCACAATTAAAG-1
GRCh38,GCAGTAACACTGCGTA-1
GRCh38,GCAGTAACAGCTTATA-1
GRCh38,GCAGTACTCAAACCAT-1
GRCh38,GCAGTACTCAATCGGC-1
GRCh38,GCAGTGTTCCCGACTC-1
GRCh38,GCATAAGCAACAGCGG-1
GRCh38,GCATAAGCAGTGCGAG-1
GRCh38,GCATAATTCACAGCAC-1
GRCh38,GCATAATTCACATCTC-1
GRCh38,GCATAATTCGCGTATA-1
GRCh38,GCATACCAGCGTGAAG-1
GRCh38,GCATACCAGCTGCAAC-1
GRCh38,GCATAGACAGCTGACC-1
GRCh38,GCATAGCTCCGGTCAG-1
GRCh38,GCATAGCTCCTCCAAT-1
GRCh38,GCATAGGAGAGGTTGG-1
GRCh38,GCATAGGAGCTGCATA-1
GRCh38,GCATAGGAGGGCGAGT-1
GRCh38,GCATAGTGTGTTAAGC-1
GRCh38,GCATCAATCCCTATGT-1
GRCh38,GCATCACAGATCTGCA-1
GRCh38,GCATCAGGTGGGGTAG-1
GRCh38,GCATCATCAACGTCCA-1
GRCh38,GCATCATCACTCCTTA-1
GRCh38,GCATCCACAACCCGAC-1
GRCh38,GCATCCGAGAAGCTAA-1
GRCh38,GCATCCGAGCGAATTT-1
GRCh38,GCATCCGAGGTTGCCG-1
GRCh38,GCATCGCCACTGTACG-1
GRCh38,GCATCGGTCGCACCTC-1
GRCh38,GCATCGGTCGCTTCAT-1
GRCh38,GCATCGTAGGCACGTT-1
GRCh38,GCATCGTAGGTAATGA-1
GRCh38,GCATGAACAACAATGG-1
GRCh38,GCATGAACACGTTATA-1
GRCh38,GCATGCCCAACCTACG-1
GRCh38,GCATGCCCAAGGTTTC-1
GRCh38,GCATGCCCACAGTCGC-1
GRCh38,GCATGGAAGAGTTAGA-1
GRCh38,GCATGGCGTAATCTAG-1
GRCh38,GCATGGCGTGGGCGTT-1
GRCh38,GCATGGTTCGCGGATT-1
GRCh38,GCATTCAAGGGCATAG-1
GRCh38,GCATTCGCAAGAGGTC-1
GRCh38,GCATTCGCAATATCTG-1
GRCh38,GCATTCGCAGGAGTCG-1
GRCh38,GCATTTACAAATTGCC-1
GRCh38,GCATTTACAGTCGCAC-1
GRCh38,GCCAAATGTGTGCGGT-1
GRCh38,GCCAACCCACCTGCTT-1
GRCh38,GCCAAGGCAAACCGGG-1
GRCh38,GCCAAGGCAGTGGCGA-1
GRCh38,GCCAATATCATAATCA-1
GRCh38,GCCAATATCGTGTATG-1
GRCh38,GCCAATTCACATTGGT-1
GRCh38,GCCACATAGGGCGAGT-1
GRCh38,GCCACATAGGGGGCAT-1
GRCh38,GCCACTACAATACCCG-1
GRCh38,GCCACTACAATACGGA-1
GRCh38,GCCACTACAATCTTAG-1
GRCh38,GCCACTACACGCATCA-1
GRCh38,GCCACTACAGCGGGTA-1
GRCh38,GCCATACAGAGGCTGA-1
GRCh38,GCCATACAGGCTTTGA-1
GRCh38,GCCATACAGGGGTTAG-1
GRCh38,GCCATAGGTGCGTATG-1
GRCh38,GCCATAGGTGTATAGC-1
GRCh38,GCCATATCAAACCGAA-1
GRCh38,GCCATGGTCCAGGTGT-1
GRCh38,GCCATGGTCGCGGAAA-1
GRCh38,GCCATGGTCGGTCATA-1
GRCh38,GCCATGTAGCTGCATA-1
GRCh38,GCCATTAAGCATCAAT-1
GRCh38,GCCATTAAGCGCATAC-1
GRCh38,GCCATTAAGCGTTTAG-1
GRCh38,GCCATTCGTAGGGCGA-1
GRCh38,GCCATTCGTCGTCTTA-1
GRCh38,GCCATTCGTGTTAAGC-1
GRCh38,GCCCAACCACAGCGAG-1
GRCh38,GCCCACAAGAACGATA-1
GRCh38,GCCCACAAGGTATATC-1
GRCh38,GCCCATACAAGCTTAC-1
GRCh38,GCCCATACACATGCCA-1
GRCh38,GCCCATACACTCGACA-1
GRCh38,GCCCATTGTAGAGGTA-1
GRCh38,GCCCATTGTGTAGCAT-1
GRCh38,GCCCCATTCACGCGTG-1
GRCh38,GCCCCATTCACGTCCC-1
GRCh38,GCCCCATTCGGCAACT-1
GRCh38,GCCCCGTGTATCATTC-1
GRCh38,GCCCCGTGTGCCATTC-1
GRCh38,GCCCCTAGTGCCTTCG-1
GRCh38,GCCCGAGGTAACCGGC-1
GRCh38,GCCCGTCGTGGACTGC-1
GRCh38,GCCCTATGTAATGTTG-1
GRCh38,GCCCTATGTCTCGCCA-1
GRCh38,GCCCTGAAGATAATCC-1
GRCh38,GCCCTGAAGCGTTTGA-1
GRCh38,GCCCTGAAGGCTGTCG-1
GRCh38,GCCCTGAAGGGTCGTT-1
GRCh38,GCCCTTATCACCCTGC-1
GRCh38,GCCCTTATCCTCCGGT-1
GRCh38,GCCTAAATCAGTACTG-1
GRCh38,GCCTAAATCGGTCAAC-1
GRCh38,GCCTACCTCGCTATAG-1
GRCh38,GCCTATAAGAGGTACG-1
GRCh38,GCCTATAAGATAACAG-1
GRCh38,GCCTATAAGCCACTAA-1
GRCh38,GCCTATCGTATCTCTG-1
GRCh38,GCCTCGCGTATGGAGA-1
GRCh38,GCCTCGCGTGCACGTA-1
GRCh38,GCCTCTATCAATCCCT-1
GRCh38,GCCTCTATCATGGTAT-1
GRCh38,GCCTCTATCGGCGTTG-1
GRCh38,GCCTCTTCAGCATCCA-1
GRCh38,GCCTGACCAAATCTCA-1
GRCh38,GCCTGATAGCAATTCG-1
GRCh38,GCCTGATAGCACTTAG-1
GRCh38,GCCTGATAGCATTAGT-1
GRCh38,GCCTGCAAGAATTGTC-1
GRCh38,GCCTGCAAGCATTGCA-1
GRCh38,GCCTGCAAGCTAAACT-1
GRCh38,GCCTGCAAGGGCGAGT-1
GRCh38,GCCTGCCGTAACCCCT-1
GRCh38,GCCTGCTTCATGGGTC-1
GRCh38,GCCTGCTTCGCATGGT-1
GRCh38,GCCTGGGGTGGTTCAG-1
GRCh38,GCCTGGGGTGTACGTG-1
GRCh38,GCCTTAGCACCAGATT-1
GRCh38,GCCTTCGGTAGGACCC-1
GRCh38,GCCTTCGGTATCCGAG-1
GRCh38,GCCTTCGGTCGACTAG-1
GRCh38,GCCTTGCTCAATATGC-1
GRCh38,GCCTTGCTCCGCAATA-1
GRCh38,GCCTTGCTCCGGCATG-1
GRCh38,GCGAAACCAAGTACGA-1
GRCh38,GCGAAAGTCACTCCCA-1
GRCh38,GCGAAAGTCGCTTATC-1
GRCh38,GCGAAAGTCGTATCGA-1
GRCh38,GCGAAGCAGCCTAGTA-1
GRCh38,GCGAAGGGTACAATTG-1
GRCh38,GCGAAGGGTATCCCTA-1
GRCh38,GCGAAGGGTCCAGGGT-1
GRCh38,GCGAAGGGTCCTTGCG-1
GRCh38,GCGAATTGTACAAGCT-1
GRCh38,GCGAATTGTCGTACCT-1
GRCh38,GCGAATTGTCTGTACC-1
GRCh38,GCGACAGCACCGTTAG-1
GRCh38,GCGACATTCCGATAAT-1
GRCh38,GCGACATTCGTGACTA-1
GRCh38,GCGACCTCAATAACTT-1
GRCh38,GCGACGACACTACGAT-1
GRCh38,GCGAGAGGTAGCAGTT-1
GRCh38,GCGAGAGGTCTACTGC-1
GRCh38,GCGAGGAGTCAGGTTG-1
GRCh38,GCGAGTAAGAAAGCTA-1
GRCh38,GCGAGTAAGATGAAGC-1
GRCh38,GCGAGTAAGCGAGTAG-1
GRCh38,GCGAGTAAGGTTGTGC-1
GRCh38,GCGAGTTTCGTGACTA-1
GRCh38,GCGATAACAGTCGCAC-1
GRCh38,GCGATGCGTGTAAGCT-1
GRCh38,GCGATGTTCAACGTAT-1
GRCh38,GCGATGTTCCAAAGCC-1
GRCh38,GCGATGTTCGGCGAAA-1
GRCh38,GCGCACTCACAACGAA-1
GRCh38,GCGCACTCACAACGGG-1
GRCh38,GCGCACTCAGCCAACC-1
GRCh38,GCGCATCCAAGGACCG-1
GRCh38,GCGCATCCAATAGTAA-1
GRCh38,GCGCATCCAGTTACCG-1
GRCh38,GCGCATGTCACTGGCG-1
GRCh38,GCGCATGTCCGGAATC-1
GRCh38,GCGCATGTCGCGCGTA-1
GRCh38,GCGCATTAGAGCAGAT-1
GRCh38,GCGCATTAGATCATCG-1
GRCh38,GCGCATTAGCACAGGA-1
GRCh38,GCGCATTAGGCATGGA-1
GRCh38,GCGCCTCGTAGAGGTA-1
GRCh38,GCGCCTCGTAGGTAAG-1
GRCh38,GCGCCTCGTATCCTAT-1
GRCh38,GCGCCTCGTATCTCGC-1
GRCh38,GCGCCTCGTATGTGCG-1
GRCh38,GCGCCTTTCACGAACC-1
GRCh38,GCGCCTTTCGTGGGTT-1
GRCh38,GCGCGAACAAGGATCA-1
GRCh38,GCGCGATGTCTATTCG-1
GRCh38,GCGCGTATCACCACAA-1
GRCh38,GCGCGTATCCGTCTAT-1
GRCh38,GCGCTACCAACTTAGC-1
GRCh38,GCGCTACCACCGGACT-1
GRCh38,GCGCTACCACCGTACA-1
GRCh38,GCGCTCAAGCGCTTGG-1
GRCh38,GCGCTGGGTGCTCTGT-1
GRCh38,GCGCTTACAAAAGGAA-1
GRCh38,GCGCTTACAGTACATC-1
GRCh38,GCGCTTGAGATGTATC-1
GRCh38,GCGCTTGAGGCGGATA-1
GRCh38,GCGGAAATCGCCATAA-1
GRCh38,GCGGACACAAACGAGC-1
GRCh38,GCGGAGTAGGGACGTA-1
GRCh38,GCGGATAAGCTACATG-1
GRCh38,GCGGATAAGGGTTCGT-1
GRCh38,GCGGATTTCAGTTTCC-1
GRCh38,GCGGATTTCGGCCATG-1
GRCh38,GCGGATTTCGGTCATA-1
GRCh38,GCGGATTTCGTACATG-1
GRCh38,GCGGCTATCAATGTAC-1
GRCh38,GCGGCTATCACAATCG-1
GRCh38,GCGGCTATCAGCTAAT-1
GRCh38,GCGGGATAGCCATTGA-1
GRCh38,GCGGGTACACTAAATT-1
GRCh38,GCGGGTTGTAACATGC-1
GRCh38,GCGGGTTGTAGACGTT-1
GRCh38,GCGGTAAAGAGCGGGT-1
GRCh38,GCGGTAAAGGGATTAA-1
GRCh38,GCGGTAGCAACGCAGG-1
GRCh38,GCGGTAGCAACTAAGG-1
GRCh38,GCGGTAGCAAGCCGAG-1
GRCh38,GCGGTAGCAATGACCT-1
GRCh38,GCGGTAGCAATGCTCG-1
GRCh38,GCGGTATTCGGTTCAA-1
GRCh38,GCGGTTAGTATTGCCC-1
GRCh38,GCGGTTAGTCGCTGCC-1
GRCh38,GCGGTTGTCACTCTCG-1
GRCh38,GCGGTTGTCAGTCAGC-1
GRCh38,GCGGTTTAGACGATGG-1
GRCh38,GCGGTTTAGCTACGCG-1
GRCh38,GCGGTTTAGGCGCTTG-1
GRCh38,GCGTAACTCCCTGAAA-1
GRCh38,GCGTAACTCGGCGAAA-1
GRCh38,GCGTAACTCGGCTCCT-1
GRCh38,GCGTAGAAGGTCGAAG-1
GRCh38,GCGTAGGCAACACAAG-1
GRCh38,GCGTAGGCAACTGGAA-1
GRCh38,GCGTAGGCACATAGAG-1
GRCh38,GCGTAGTTCACAGGCT-1
GRCh38,GCGTATGGTCTGCATC-1
GRCh38,GCGTATGGTGGATTTA-1
GRCh38,GCGTATGGTGGCACGT-1
GRCh38,GCGTATGGTGTGCCTT-1
GRCh38,GCGTATTCACTCACTC-1
GRCh38,GCGTCAGTCAGACTCA-1
GRCh38,GCGTCAGTCATGATGT-1
GRCh38,GCGTCAGTCCATCATC-1
GRCh38,GCGTCAGTCCCGCACT-1
GRCh38,GCGTCATAGACAGGAT-1
GRCh38,GCGTCATAGCACTCCC-1
GRCh38,GCGTCCAAGAACGATA-1
GRCh38,GCGTCCAAGCACGAAG-1
GRCh38,GCGTCCAAGGCCATTA-1
GRCh38,GCGTCGATCGGTGGTT-1
GRCh38,GCGTCTACACAACGCC-1
GRCh38,GCGTGAAAGAGGCACA-1
GRCh38,GCGTGAAAGATCCGTA-1
GRCh38,GCGTGAAAGCGAATTT-1
GRCh38,GCGTGAGCAACAGCGG-1
GRCh38,GCGTGAGCAATCGTAC-1
GRCh38,GCGTGAGCAGTATTCA-1
GRCh38,GCGTGCATCCCTGTCA-1
GRCh38,GCGTGCTCAATTCATG-1
GRCh38,GCGTGTCCAAGAGACC-1
GRCh38,GCGTGTCCAGCGGGTA-1
GRCh38,GCGTGTGTCAACTCCT-1
GRCh38,GCGTGTTAGCAAACTT-1
GRCh38,GCGTTAATCCAGCAAC-1
GRCh38,GCGTTACAGACATCCA-1
GRCh38,GCGTTAGGTATACTTC-1
GRCh38,GCGTTAGGTGCTGCCC-1
GRCh38,GCGTTTAAGATGATGA-1
GRCh38,GCGTTTAAGCGACCAT-1
GRCh38,GCGTTTAAGGGACGAC-1
GRCh38,GCTAAAGCAAATCTAT-1
GRCh38,GCTAAAGCAGTACGGG-1
GRCh38,GCTAAATTCCCGGGTA-1
GRCh38,GCTAAATTCGTCGTAA-1
GRCh38,GCTAACATCATTCGCT-1
GRCh38,GCTAACCAGCACGTAC-1
GRCh38,GCTAACCAGCGATTGC-1
GRCh38,GCTAACCAGGGCGGAT-1
GRCh38,GCTAACTCAATCGCAT-1
GRCh38,GCTAAGACAAAGTGCA-1
GRCh38,GCTAAGACAAATTCGC-1
GRCh38,GCTAAGGAGAAGGGCC-1
GRCh38,GCTAAGGAGGTGTCCG-1
GRCh38,GCTAAGTGTAATTTGG-1
GRCh38,GCTAATCCAACCCTCT-1
GRCh38,GCTAATCCAGCGACCT-1
GRCh38,GCTAATCCAGTTGATC-1
GRCh38,GCTAATGTCCCTGCAC-1
GRCh38,GCTAATGTCCTGTCAT-1
GRCh38,GCTACAGGTGTCGAAT-1
GRCh38,GCTACATCAATCGTCG-1
GRCh38,GCTACATCACTATAAT-1
GRCh38,GCTACATCAGCCACTA-1
GRCh38,GCTACATCAGGAAGGA-1
GRCh38,GCTACCACAAGTGGGT-1
GRCh38,GCTACCACACAATGTC-1
GRCh38,GCTACCACACTGACAT-1
GRCh38,GCTACCACAGCGGTCT-1
GRCh38,GCTACCGAGACCAATT-1
GRCh38,GCTACCTGTACCACAG-1
GRCh38,GCTACCTGTCATTTCG-1
GRCh38,GCTACCTGTGGTAATC-1
GRCh38,GCTACGCCAAATTAAG-1
GRCh38,GCTACGCCAGGTTCGC-1
GRCh38,GCTACGCCAGTATTCA-1
GRCh38,GCTACTTTCAGGAATA-1
GRCh38,GCTAGAACAAGGATAT-1
GRCh38,GCTAGAACACAACAGA-1
GRCh38,GCTAGAACAGCCTTAG-1
GRCh38,GCTAGAGAGAAAGCTA-1
GRCh38,GCTAGAGAGCCTGGTG-1
GRCh38,GCTAGAGAGGGTGTTC-1
GRCh38,GCTAGATGTCTAAGTA-1
GRCh38,GCTAGATGTGGCATAT-1
GRCh38,GCTAGGCGTATGGGCC-1
GRCh38,GCTAGGCGTCATCTCA-1
GRCh38,GCTAGGGCAGTGTGGG-1
GRCh38,GCTAGTGGTGGGATGG-1
GRCh38,GCTATAAGTAATCGCG-1
GRCh38,GCTATAAGTGCATGGC-1
GRCh38,GCTATAGTCATGTAGT-1
GRCh38,GCTATCCGTCAATGTA-1
GRCh38,GCTATCCGTCCTTATG-1
GRCh38,GCTATCGCAAGGTAAT-1
GRCh38,GCTATCGCACCGACTA-1
GRCh38,GCTATCTTCATTGCTC-1
GRCh38,GCTATCTTCCGACGCA-1
GRCh38,GCTATGCAGACCACGT-1
GRCh38,GCTATGCAGGGTGAAT-1
GRCh38,GCTATGGGTATGGCCA-1
GRCh38,GCTATGGGTCCAGATG-1
GRCh38,GCTATTGAGACGTTAT-1
GRCh38,GCTATTGAGCCTGCAG-1
GRCh38,GCTATTGAGCTGACGT-1
GRCh38,GCTCAATCAAAGGCCG-1
GRCh38,GCTCAATCACATGCGC-1
GRCh38,GCTCAATCAGGTTCAT-1
GRCh38,GCTCACGAGACGCGTT-1
GRCh38,GCTCACGAGCAGCTGT-1
GRCh38,GCTCAGTAGCGCTTGG-1
GRCh38,GCTCATTTCCGAATTG-1
GRCh38,GCTCCAACACATGCGC-1
GRCh38,GCTCCAACACTTAGCG-1
GRCh38,GCTCCACTCACACACA-1
GRCh38,GCTCCACTCATTGGGC-1
GRCh38,GCTCCGCGTAAACCGT-1
GRCh38,GCTCCGCGTCCTTGTA-1
GRCh38,GCTCCGCGTGCTTGCT-1
GRCh38,GCTCCTATCAAGCCAC-1
GRCh38,GCTCCTATCAGCCTCC-1
GRCh38,GCTCCTATCCATTGCT-1
GRCh38,GCTCCTGGTACGCTTC-1
GRCh38,GCTCGATAGAGCGAAT-1
GRCh38,GCTCGCTTCCCTTCGA-1
GRCh38,GCTCGCTTCGCTTACT-1
GRCh38,GCTCGCTTCGGTTTAG-1
GRCh38,GCTCGGTCAATCATCA-1
GRCh38,GCTCGTGAGACCTTAG-1
GRCh38,GCTCGTTGTCATCGGA-1
GRCh38,GCTCGTTGTCGATGGC-1
GRCh38,GCTCGTTGTGGCTCCC-1
GRCh38,GCTCTAAAGACTTCAG-1
GRCh38,GCTCTAAAGCATAATC-1
GRCh38,GCTCTAAAGCTATGGC-1
GRCh38,GCTCTAAAGGCCATGT-1
GRCh38,GCTCTAGCAGTAAAGT-1
GRCh38,GCTCTCATCAATGTGT-1
GRCh38,GCTCTCATCCTCCAGC-1
GRCh38,GCTCTCATCGTCTCTG-1
GRCh38,GCTCTGTGTCGATTGG-1
GRCh38,GCTCTTAGTAGCGCGT-1
GRCh38,GCTCTTAGTAGGCTCA-1
GRCh38,GCTCTTAGTGTGGCGT-1
GRCh38,GCTGACCCACCGGTTA-1
GRCh38,GCTGCCCGTATCGAGT-1
GRCh38,GCTGCCCGTCGAAGCC-1
GRCh38,GCTGCCCGTCGAGCGT-1
GRCh38,GCTGCCCGTGTTGTAA-1
GRCh38,GCTGGAAAGCTTGGGT-1
GRCh38,GCTGGAAAGGTATGTT-1
GRCh38,GCTGGCATCATAATCA-1
GRCh38,GCTGGCATCCTCACGC-1
GRCh38,GCTGGCATCGCCATAA-1
GRCh38,GCTGGGTGTACTCGAG-1
GRCh38,GCTGTAATCGCTAAAT-1
GRCh38,GCTGTATCAACGTGGG-1
GRCh38,GCTGTATCAGGATTAG-1
GRCh38,GCTGTATCAGTCGGAG-1
GRCh38,GCTGTATCAGTTAATT-1
GRCh38,GCTGTCGAGCTAATAC-1
GRCh38,GCTGTCGAGCTTCGTT-1
GRCh38,GCTGTCGAGGTGCGAA-1
GRCh38,GCTGTGGTCAATGTAC-1
GRCh38,GCTGTGGTCAGTATGT-1
GRCh38,GCTGTGGTCAGTGGCT-1
GRCh38,GCTGTGGTCGGCTCTC-1
GRCh38,GCTGTTAAGATCTGCA-1
GRCh38,GCTGTTAAGGGCTAGA-1
GRCh38,GCTTAATAGCTCATAG-1
GRCh38,GCTTACGCAAACTACC-1
GRCh38,GCTTACGCACTTATAG-1
GRCh38,GCTTACGCAGGGTCAG-1
GRCh38,GCTTACTTCCTGGCTC-1
GRCh38,GCTTACTTCGCGCCTT-1
GRCh38,GCTTACTTCGGTATAT-1
GRCh38,GCTTACTTCGTAAATC-1
GRCh38,GCTTAGTCACGTACGC-1
GRCh38,GCTTAGTCAGCAACTT-1
GRCh38,GCTTATACAACTAATT-1
GRCh38,GCTTATACAATCGCGC-1
GRCh38,GCTTATACAGTTACTA-1
GRCh38,GCTTATCTCGTACAAT-1
GRCh38,GCTTATGAGACGGCAA-1
GRCh38,GCTTCATTCACAATAC-1
GRCh38,GCTTCCCAGATTAAGG-1
GRCh38,GCTTCCCAGCGAAACG-1
GRCh38,GCTTCCCAGCTTAAGT-1
GRCh38,GCTTCCCAGGCCTCGA-1
GRCh38,GCTTCCCAGGTAATTC-1
GRCh38,GCTTCCGGTGCCATAG-1
GRCh38,GCTTCGACACGAACCC-1
GRCh38,GCTTCGCTCATACTAA-1
GRCh38,GCTTCGCTCGCAATTG-1
GRCh38,GCTTCGGAGAATATCC-1
GRCh38,GCTTCGGAGACCCATA-1
GRCh38,GCTTCGGAGACCTATG-1
GRCh38,GCTTCGGAGGCCATAC-1
GRCh38,GCTTCGTGTCAGTAGT-1
GRCh38,GCTTCGTGTCCGACAA-1
GRCh38,GCTTCGTGTGTACTCC-1
GRCh38,GCTTCTAGTCGATGGC-1
GRCh38,GCTTCTAGTGGAGCGA-1
GRCh38,GCTTCTGTCAAATGCT-1
GRCh38,GCTTCTGTCAGGCTCG-1
GRCh38,GCTTGACAGAGTCTTG-1
GRCh38,GCTTGACAGCATATGT-1
GRCh38,GCTTGCGAGCACGGAA-1
GRCh38,GCTTGCTGTAGCTGTG-1
GRCh38,GCTTGCTGTAGGTTTA-1
GRCh38,GCTTGCTGTCACCGGG-1
GRCh38,GCTTGCTGTGTATCCC-1
GRCh38,GCTTGGAGTATCTGGG-1
GRCh38,GCTTGTAAGCAACCGT-1
GRCh38,GCTTGTAAGCTGGTTA-1
GRCh38,GCTTGTAAGGTGCTAC-1
GRCh38,GCTTGTCGTCAGGTAT-1
GRCh38,GCTTTAACAGCGGTCT-1
GRCh38,GCTTTACTCAGACACC-1
GRCh38,GCTTTACTCAGTATCG-1
GRCh38,GCTTTACTCGTACGGT-1
GRCh38,GCTTTAGAGGCTTAAT-1
GRCh38,GCTTTAGAGGGAATTA-1
GRCh38,GCTTTCAGTCGGTTCT-1
GRCh38,GCTTTCAGTGGCGAAG-1
GRCh38,GCTTTCGTCGCTTTCG-1
GRCh38,GCTTTGAAGACTTTGG-1
GRCh38,GCTTTGAAGATGGAGT-1
GRCh38,GGAAACCCACGGGTCT-1
GRCh38,GGAAACCCAGGTGATA-1
GRCh38,GGAAACGTCAGGCTCG-1
GRCh38,GGAAACTAGCGAACAG-1
GRCh38,GGAAACTAGCGATTCA-1
GRCh38,GGAAACTAGCTGTGGT-1
GRCh38,GGAAACTAGGTTGATT-1
GRCh38,GGAAAGCGTAAGGTTC-1
GRCh38,GGAAAGCGTATCTTCG-1
GRCh38,GGAAAGGCAGGGATTA-1
GRCh38,GGAAATCAGACGCGAA-1
GRCh38,GGAAATCAGCAAGTAA-1
GRCh38,GGAAATGGTACGTCTC-1
GRCh38,GGAACCCGTCATGTGG-1
GRCh38,GGAACCGCAGGATTAG-1
GRCh38,GGAACCGCAGTATACC-1
GRCh38,GGAACGGGTAAGTTTG-1
GRCh38,GGAACGGGTATTGCTT-1
GRCh38,GGAACGGGTGGACGCT-1
GRCh38,GGAACGTCAAGTAACG-1
GRCh38,GGAACTACAGCTTCGA-1
GRCh38,GGAAGCATCCCGGCAA-1
GRCh38,GGAAGCCAGCCCTTAT-1
GRCh38,GGAAGTAGTAAGTGAG-1
GRCh38,GGAAGTAGTCCAGTTC-1
GRCh38,GGAAGTAGTGCTACAG-1
GRCh38,GGAATACAGCAGGCTT-1
GRCh38,GGAATACAGGCGATAG-1
GRCh38,GGAATCACAATATCAT-1
GRCh38,GGAATCGAGACCCTTT-1
GRCh38,GGAATCTGTCACGTAG-1
GRCh38,GGAATCTGTGGGCAAG-1
GRCh38,GGAATGGTCCGTACAA-1
GRCh38,GGAATGTAGACTTACG-1
GRCh38,GGAATTAAGACTCGAC-1
GRCh38,GGAATTAAGATAGGCG-1
GRCh38,GGAATTCGTACATCTT-1
GRCh38,GGAATTCGTAGCGGGA-1
GRCh38,GGAATTCGTAGGTTTA-1
GRCh38,GGACAACCAATAAGTA-1
GRCh38,GGACAACCACAAGTAG-1
GRCh38,GGACAACCAGTGATTC-1
GRCh38,GGACAATAGACGTTAT-1
GRCh38,GGACAATAGAGCGGGT-1
GRCh38,GGACAATAGGGTACGA-1
GRCh38,GGACACAAGACAAGAC-1
GRCh38,GGACACGCAGTTCGCA-1
GRCh38,GGACATGAGCAGTCTA-1
GRCh38,GGACATGAGGTTCGAC-1
GRCh38,GGACCCATCATCTCTA-1
GRCh38,GGACCCATCCGTCGTC-1
GRCh38,GGACCGACAAATTCCA-1
GRCh38,GGACCGACACACAGAA-1
GRCh38,GGACCGACACTAGCAT-1
GRCh38,GGACCGACACTTCGAG-1
GRCh38,GGACCGTGTAAACGCT-1
GRCh38,GGACCGTGTCAATTTC-1
GRCh38,GGACCGTGTCACCGTT-1
GRCh38,GGACCGTGTGTGCGCG-1
GRCh38,GGACCTCCACGTAATC-1
GRCh38,GGACCTCCACTAAGTC-1
GRCh38,GGACGACAGCTACTTC-1
GRCh38,GGACGACAGCTGTATG-1
GRCh38,GGACGCACAACGAAAT-1
GRCh38,GGACGCACAGGCGCAA-1
GRCh38,GGACGCTGTGGGTATT-1
GRCh38,GGACGGAGTCTGACTC-1
GRCh38,GGACGGTAGCTACGTA-1
GRCh38,GGACGTAAGCCAATAT-1
GRCh38,GGACGTTTCAGTGATT-1
GRCh38,GGACTAACACCAATAC-1
GRCh38,GGACTATGTATCGCTC-1
GRCh38,GGACTATGTCGTGGTA-1
GRCh38,GGACTGCGTACCCGTT-1
GRCh38,GGACTTATCACAATCG-1
GRCh38,GGACTTATCACTAATA-1
GRCh38,GGACTTTCACCTACGA-1
GRCh38,GGAGAGGAGATACAGA-1
GRCh38,GGAGAGGAGGTTCATG-1
GRCh38,GGAGATTAGATACGAA-1
GRCh38,GGAGATTAGCAAGCGA-1
GRCh38,GGAGATTAGGCATCCG-1
GRCh38,GGAGATTAGGTTCAGC-1
GRCh38,GGAGCCACAACTGTCG-1
GRCh38,GGAGCCACAAGCGCCT-1
GRCh38,GGAGCCACACAAGCCC-1
GRCh38,GGAGCCACAGCTATTA-1
GRCh38,GGAGCCTGTCGTCAGA-1
GRCh38,GGAGCCTGTGGGTCTA-1
GRCh38,GGAGCCTGTGGGTTAT-1
GRCh38,GGAGCGAGTCCTTGCG-1
GRCh38,GGAGCTAAGGTGTATT-1
GRCh38,GGAGCTTTCAAATTGC-1
GRCh38,GGAGGTATCAAAGTTC-1
GRCh38,GGAGGTATCGCTTCAT-1
GRCh38,GGAGGTCAGCATGCGT-1
GRCh38,GGAGGTCAGCGAGTCT-1
GRCh38,GGAGTAAGTATGAAGG-1
GRCh38,GGAGTAAGTCAATTAG-1
GRCh38,GGAGTCGCAAATGGCA-1
GRCh38,GGAGTCTTCAATGGTT-1
GRCh38,GGAGTGGGTATGTGCG-1
GRCh38,GGAGTGGGTCGAGTCA-1
GRCh38,GGAGTGGGTGGCGTTA-1
GRCh38,GGAGTTACAATTAAGA-1
GRCh38,GGAGTTACACACCTCT-1
GRCh38,GGAGTTGAGACACATT-1
GRCh38,GGATACCTCCCTACAT-1
GRCh38,GGATACCTCGGTTACA-1
GRCh38,GGATAGCCAGGTAACA-1
GRCh38,GGATAGCCAGTATAGG-1
GRCh38,GGATAGTAGCACAAGG-1
GRCh38,GGATAGTAGCGTGCAT-1
GRCh38,GGATAGTAGGTCACGT-1
GRCh38,GGATATCGTCAGGGTC-1
GRCh38,GGATATCGTCTAACGG-1
GRCh38,GGATATCGTGCTCTGT-1
GRCh38,GGATCAACAAGTATCC-1
GRCh38,GGATCAACACTATAGC-1
GRCh38,GGATCAACAGGTTCAT-1
GRCh38,GGATCACTCCGCAATA-1
GRCh38,GGATCACTCCGCATGG-1
GRCh38,GGATCCGTCGGTTTAG-1
GRCh38,GGATCCGTCGTAATCG-1
GRCh38,GGATGGTCAAGTGTCT-1
GRCh38,GGATGGTCACCCAAGC-1
GRCh38,GGATGTCTCCGTGAGT-1
GRCh38,GGATGTCTCGGTGTTA-1
GRCh38,GGATGTTGTGTTAATG-1
GRCh38,GGATTAGCAACGGGAT-1
GRCh38,GGATTAGCAATGCCCA-1
GRCh38,GGATTAGCACACAAGA-1
GRCh38,GGATTCGGTGCCTCGC-1
GRCh38,GGATTCGGTGGGTTGC-1
GRCh38,GGATTGTGTCATAGGT-1
GRCh38,GGATTGTGTGTGCCTT-1
GRCh38,GGATTTAGTCGACTCT-1
GRCh38,GGATTTCCACTAGGCC-1
GRCh38,GGCAATACAAGGATCA-1
GRCh38,GGCAATACACGTTCAG-1
GRCh38,GGCAATCTCGGCAATC-1
GRCh38,GGCAATCTCGGTGTTA-1
GRCh38,GGCACGTGTACTATAG-1
GRCh38,GGCACGTGTGTAAGCT-1
GRCh38,GGCACTCCAGTCTTCC-1
GRCh38,GGCATAACAACAGGGT-1
GRCh38,GGCATAACACTGCAAT-1
GRCh38,GGCATATGTCACGGGT-1
GRCh38,GGCATGAAGACGTTAT-1
GRCh38,GGCATGAAGCAGTAGG-1
GRCh38,GGCATGAAGCCGTATA-1
GRCh38,GGCATGAAGCTGCTAA-1
GRCh38,GGCATGAAGGCATAGG-1
GRCh38,GGCATGAAGGTATAGA-1
GRCh38,GGCATGCGTAATCAGC-1
GRCh38,GGCATGCGTACCTAGG-1
GRCh38,GGCATGCGTGGCTTCT-1
GRCh38,GGCATTATCAATATTG-1
GRCh38,GGCATTTCAAGCAAAT-1
GRCh38,GGCATTTCAGGGCTCT-1
GRCh38,GGCCAATTCCAGCAGT-1
GRCh38,GGCCATTAGATGGGTG-1
GRCh38,GGCCATTAGGGCTTCG-1
GRCh38,GGCCCCTGTCCAAGAT-1
GRCh38,GGCCCCTGTGCAATCG-1
GRCh38,GGCCCTTTCATGATGT-1
GRCh38,GGCCCTTTCGCCCTTA-1
GRCh38,GGCCTTACACTACTAA-1
GRCh38,GGCCTTGAGAGTCCAC-1
GRCh38,GGCCTTGAGGGCATGA-1
GRCh38,GGCGAAATCATCCCGC-1
GRCh38,GGCGAAATCATTGTCC-1
GRCh38,GGCGAAATCCCTAGTT-1
GRCh38,GGCGAAATCGGGCTTG-1
GRCh38,GGCGAAGGTACCATCC-1
GRCh38,GGCGACACAAAGCCGG-1
GRCh38,GGCGACACAACTGGAA-1
GRCh38,GGCGACACAACTTACA-1
GRCh38,GGCGACACAGGCATTT-1
GRCh38,GGCGAGAGTCTGGTCT-1
GRCh38,GGCGAGAGTGCGTTTC-1
GRCh38,GGCGATAAGACAACGG-1
GRCh38,GGCGATAAGACGACAG-1
GRCh38,GGCGATAAGCGAAACG-1
GRCh38,GGCGATCGTCTAACTT-1
GRCh38,GGCGATCGTCTAATCT-1
GRCh38,GGCGCAACACTAACGT-1
GRCh38,GGCGCATGTAGGTTGT-1
GRCh38,GGCGCATGTATGTTAG-1
GRCh38,GGCGCATGTCGCATAG-1
GRCh38,GGCGCATGTGTATCCC-1
GRCh38,GGCGCTATCAAGGGCA-1
GRCh38,GGCGCTATCACCTCAT-1
GRCh38,GGCGCTATCAGCGTGT-1
GRCh38,GGCGCTGGTCTTAGTT-1
GRCh38,GGCGGTACACAGCGTC-1
GRCh38,GGCGGTACACCGACAC-1
GRCh38,GGCGGTTGTCACGGCG-1
GRCh38,GGCGGTTGTCGAAGGG-1
GRCh38,GGCGTAAAGCCCTAGG-1
GRCh38,GGCGTAAAGCCGTGAT-1
GRCh38,GGCGTAGCACACTCGA-1
GRCh38,GGCGTAGCAGGTAGCG-1
GRCh38,GGCGTATTCCTTATGC-1
GRCh38,GGCGTCATCCAATTGG-1
GRCh38,GGCGTCATCCATACCT-1
GRCh38,GGCGTCATCCCTGAAA-1
GRCh38,GGCGTGTGTCCGCATT-1
GRCh38,GGCGTGTGTCGCTTCG-1
GRCh38,GGCGTTAGTCCGCTTG-1
GRCh38,GGCGTTAGTCTTGTGC-1
GRCh38,GGCGTTGTCACAATAC-1
GRCh38,GGCTAAGAGAATGGTA-1
GRCh38,GGCTAAGAGCTATAAC-1
GRCh38,GGCTAATGTATTACCT-1
GRCh38,GGCTAATGTCGTTAGG-1
GRCh38,GGCTAATGTCTCCGCA-1
GRCh38,GGCTACCCAAATATCT-1
GRCh38,GGCTACCCAAGCGCCT-1
GRCh38,GGCTAGAAGAGGTTGG-1
GRCh38,GGCTAGAAGGCAAGCA-1
GRCh38,GGCTATGGTCAATCCC-1
GRCh38,GGCTATGGTCATACCC-1
GRCh38,GGCTATGGTCCTGTAC-1
GRCh38,GGCTCATAGATTCGAT-1
GRCh38,GGCTCCCGTCGCACCC-1
GRCh38,GGCTCCCGTGTAAGGA-1
GRCh38,GGCTCCCGTGTAATTG-1
GRCh38,GGCTCCTTCGTGTTGA-1
GRCh38,GGCTCTACAATTCAGC-1
GRCh38,GGCTCTACACAAGCCC-1
GRCh38,GGCTCTCTCACTAACG-1
GRCh38,GGCTCTCTCCGATGGT-1
GRCh38,GGCTGCATCATGCTTC-1
GRCh38,GGCTGTAGTGCTCCGC-1
GRCh38,GGCTTAATCATGGACC-1
GRCh38,GGCTTAATCCCAATAG-1
GRCh38,GGCTTAGGTGGAACCC-1
GRCh38,GGCTTAGGTGGAACGG-1
GRCh38,GGCTTCACACAAGCCC-1
GRCh38,GGCTTCACACTGCACA-1
GRCh38,GGCTTCACAGTAACCT-1
GRCh38,GGCTTCGAGCGTGTTA-1
GRCh38,GGCTTCGAGCTAGTTG-1
GRCh38,GGCTTCGAGGCTATTG-1
GRCh38,GGCTTCGAGGTCCTTT-1
GRCh38,GGCTTCTGTACGGTGC-1
GRCh38,GGCTTCTGTGCCTGCC-1
GRCh38,GGCTTCTGTGTTGCAG-1
GRCh38,GGCTTGAGTGGTAGTT-1
GRCh38,GGCTTGAGTGTAGCGC-1
GRCh38,GGCTTGGTCAGGGGTA-1
GRCh38,GGCTTGTAGACGAACG-1
GRCh38,GGCTTTCGTATCCGCT-1
GRCh38,GGGAATTAGACGACGA-1
GRCh38,GGGAATTAGCACTACA-1
GRCh38,GGGAATTAGGGAGCTA-1
GRCh38,GGGACATCAAGAGACC-1
GRCh38,GGGACATCACGCGTTA-1
GRCh38,GGGACATCAGGATGAC-1
GRCh38,GGGACGTAGATAGTAG-1
GRCh38,GGGACGTAGGGACGGT-1
GRCh38,GGGACTCGTAACTAGC-1
GRCh38,GGGACTCGTGGCGTGT-1
GRCh38,GGGACTCGTGTTGCGA-1
GRCh38,GGGAGAACAGCACACC-1
GRCh38,GGGAGAACAGTAGGGT-1
GRCh38,GGGAGATGTACTCATT-1
GRCh38,GGGAGATGTCCGCTTG-1
GRCh38,GGGAGCAGTAAAGCCT-1
GRCh38,GGGAGCAGTATCCGGA-1
GRCh38,GGGAGCAGTGCTATAA-1
GRCh38,GGGAGTGGTACTTTCG-1
GRCh38,GGGAGTGGTGTAAGCT-1
GRCh38,GGGAGTGGTGTCGGCG-1
GRCh38,GGGATAAGTATCCGTC-1
GRCh38,GGGATATAGACAATGA-1
GRCh38,GGGATATAGAGGTAAC-1
GRCh38,GGGATATAGCTGACCG-1
GRCh38,GGGATCAAGATACGAA-1
GRCh38,GGGATGGGTACTCTAT-1
GRCh38,GGGATTACAAGGCGCA-1
GRCh38,GGGATTACACTCATAA-1
GRCh38,GGGATTGAGAGGGGCT-1
GRCh38,GGGATTGAGCCCTTTG-1
GRCh38,GGGCAAATCAGTTGTG-1
GRCh38,GGGCAAATCCGGGAAA-1
GRCh38,GGGCAAGGTAGTCCGA-1
GRCh38,GGGCAAGGTGGCAATT-1
GRCh38,GGGCAATCAACGCTCA-1
GRCh38,GGGCAATCACTCGTTC-1
GRCh38,GGGCAATCACTTCGTC-1
GRCh38,GGGCATTTCCACCCTA-1
GRCh38,GGGCGATAGAGAGAGA-1
GRCh38,GGGCGTACAAGTCCAT-1
GRCh38,GGGCGTACACCAACGC-1
GRCh38,GGGCGTACAGTCTTCC-1
GRCh38,GGGCGTTGTCGTGGGT-1
GRCh38,GGGCTAAAGACATGAA-1
GRCh38,GGGCTAGCAAGGGGAA-1
GRCh38,GGGCTAGCAGTTCTCC-1
GRCh38,GGGCTATTCCCTGTCA-1
GRCh38,GGGCTCATCAGTGGCT-1
GRCh38,GGGCTCTCAAATCACC-1
GRCh38,GGGCTCTCAAGCGAAC-1
GRCh38,GGGCTTCCAAATCGGA-1
GRCh38,GGGCTTTAGAGCCCCA-1
GRCh38,GGGCTTTAGCGTGGAA-1
GRCh38,GGGCTTTAGGCTTCAA-1
GRCh38,GGGGAATGTATATTGG-1
GRCh38,GGGGAATGTGGATGGG-1
GRCh38,GGGGATGGTACAAGTC-1
GRCh38,GGGGATGGTCCTATGC-1
GRCh38,GGGGCTACAACTGGAA-1
GRCh38,GGGGCTACACAATGTC-1
GRCh38,GGGGCTTGTATCCGCT-1
GRCh38,GGGGCTTGTCGCGTGG-1
GRCh38,GGGGTAATCACTATAA-1
GRCh38,GGGGTAATCCCACCTA-1
GRCh38,GGGGTAATCCCTTTCC-1
GRCh38,GGGGTACAGAATTGAG-1
GRCh38,GGGGTACAGAGACGAT-1
GRCh38,GGGGTAGGTCTATAAG-1
GRCh38,GGGGTAGGTGTGTCCT-1
GRCh38,GGGGTCTGTACCTCCG-1
GRCh38,GGGGTTCGTCGAGGGA-1
GRCh38,GGGTACAAGATGGAGT-1
GRCh38,GGGTACAAGGGAGTAT-1
GRCh38,GGGTAGCAGCCTTTAC-1
GRCh38,GGGTAGCAGCTACAGC-1
GRCh38,GGGTATCTCAATTATG-1
GRCh38,GGGTCAGCAAGACGTA-1
GRCh38,GGGTCAGCAAGGAATT-1
GRCh38,GGGTCAGCAATCCAAC-1
GRCh38,GGGTCAGCACATATCA-1
GRCh38,GGGTCAGCACCTCTAC-1
GRCh38,GGGTCAGCACGCAGGA-1
GRCh38,GGGTCAGCACTATCCC-1
GRCh38,GGGTCAGCAGCTTCAG-1
GRCh38,GGGTCATTCAATCTGG-1
GRCh38,GGGTCATTCCGGACAT-1
GRCh38,GGGTCATTCGCGGAAA-1
GRCh38,GGGTCATTCGCTCCAC-1
GRCh38,GGGTCCATCGCTTTAC-1
GRCh38,GGGTCTAGTCATCATT-1
GRCh38,GGGTCTAGTGGTAAAG-1
GRCh38,GGGTCTCCAAACCCAT-1
GRCh38,GGGTCTCCACCAACGC-1
GRCh38,GGGTGAGGTCGCTCGC-1
GRCh38,GGGTGAGGTGTCGTAG-1
GRCh38,GGGTGCTGTATACGTA-1
GRCh38,GGGTGTAAGACTTACG-1
GRCh38,GGGTGTCGTATGCTCC-1
GRCh38,GGGTTAACAGTTCACG-1
GRCh38,GGGTTACTCGCAGTGT-1
GRCh38,GGGTTAGAGACATATC-1
GRCh38,GGGTTAGAGAGCGGGT-1
GRCh38,GGGTTATGTATTCTGT-1
GRCh38,GGGTTCAGTACAGGTT-1
GRCh38,GGGTTCAGTAGGCAGG-1
GRCh38,GGGTTCAGTGGCAAGG-1
GRCh38,GGGTTCCCACTAATCA-1
GRCh38,GGGTTCCCAGCTGTAT-1
GRCh38,GGGTTCGTCCAGTATG-1
GRCh38,GGGTTGAAGCAAAGTA-1
GRCh38,GGGTTGCGTAGTATGC-1
GRCh38,GGGTTGCGTCCGAAAT-1
GRCh38,GGGTTGCGTCTAATCT-1
GRCh38,GGGTTGCGTGCCCGAG-1
GRCh38,GGGTTTCAGCAAAGGT-1
GRCh38,GGGTTTGGTAGGGGAT-1
GRCh38,GGGTTTGGTGCACTCT-1
GRCh38,GGGTTTGGTGTCGAAT-1
GRCh38,GGTAAAGGTATTGCTT-1
GRCh38,GGTAAATCACACCTCT-1
GRCh38,GGTAACACAAGTTAGG-1
GRCh38,GGTAAGCCAACACCCA-1
GRCh38,GGTAAGCCAATTAATC-1
GRCh38,GGTAATCGTATTGCCC-1
GRCh38,GGTAATCGTCCTTTGA-1
GRCh38,GGTAATTTCGGTATAT-1
GRCh38,GGTACAGAGATGGCGA-1
GRCh38,GGTACAGAGCCAGAGA-1
GRCh38,GGTACAGAGGGCTGAA-1
GRCh38,GGTACGAAGAGACGAT-1
GRCh38,GGTACGAAGCCTGTAA-1
GRCh38,GGTACGAAGCGACAGA-1
GRCh38,GGTACGAAGCTAAGCC-1
GRCh38,GGTACTATCCTAATGG-1
GRCh38,GGTACTGGTAGCATCG-1
GRCh38,GGTACTGGTCCTGTCG-1
GRCh38,GGTACTGGTCGGGCAT-1
GRCh38,GGTAGCAAGACAGAAC-1
GRCh38,GGTAGCAAGCTTGGGT-1
GRCh38,GGTAGCCGTAAATGGG-1
GRCh38,GGTAGCCGTCGCTGGG-1
GRCh38,GGTAGCGCAAGCATTC-1
GRCh38,GGTAGCGCAATAGGCA-1
GRCh38,GGTAGCGCAATCCCGA-1
GRCh38,GGTAGCTTCACGCGTG-1
GRCh38,GGTAGCTTCCTCGTTG-1
GRCh38,GGTAGGCAGGGCTCAT-1
GRCh38,GGTAGGGGTACAGAAG-1
GRCh38,GGTAGGGGTAGTGATC-1
GRCh38,GGTAGTGAGCATGTCA-1
GRCh38,GGTAGTTGTCGTACCT-1
GRCh38,GGTAGTTGTGGGTGAG-1
GRCh38,GGTATATTCAGACTCA-1
GRCh38,GGTATATTCCCTGAAA-1
GRCh38,GGTATATTCGGTCGCA-1
GRCh38,GGTATCCAGAGACATA-1
GRCh38,GGTATCTCACGTACAT-1
GRCh38,GGTATGTGTAGTTAGC-1
GRCh38,GGTATGTGTATGGGCC-1
GRCh38,GGTATGTGTGTACGTG-1
GRCh38,GGTATTAGTCATGCAG-1
GRCh38,GGTATTCCAAAGCCAA-1
GRCh38,GGTATTCCACCCAAGC-1
GRCh38,GGTATTCCACTAACTA-1
GRCh38,GGTATTGTCGGTAGCT-1
GRCh38,GGTATTGTCGGTTTAG-1
GRCh38,GGTCAGCGTAGGATAG-1
GRCh38,GGTCAGCGTGGGTTCA-1
GRCh38,GGTCAGTTCACTCCGC-1
GRCh38,GGTCATATCGTCCAAA-1
GRCh38,GGTCATTCAAGCGCCT-1
GRCh38,GGTCCCCGTAAGCAAG-1
GRCh38,GGTCCCCGTCACGGCG-1
GRCh38,GGTCGTCCAAACACTC-1
GRCh38,GGTCGTCCAGTCAATC-1
GRCh38,GGTCTCTGTCATCGAG-1
GRCh38,GGTCTCTGTCGTCTTA-1
GRCh38,GGTCTCTGTGCGGAGA-1
GRCh38,GGTCTCTGTGGGGTCT-1
GRCh38,GGTCTGTAGACTTTGG-1
GRCh38,GGTGATGAGGCTCGAT-1
GRCh38,GGTGATTGTACGGTTG-1
GRCh38,GGTGCCGGTCACATGG-1
GRCh38,GGTGCCGGTCGCTAAG-1
GRCh38,GGTGCCGGTGGCATTG-1
GRCh38,GGTGCGACAAAACTAA-1
GRCh38,GGTGCGACAAGAGAGG-1
GRCh38,GGTGCGACACTAACCG-1
GRCh38,GGTGCGACAGTGATAG-1
GRCh38,GGTGCGTGTACAAGTC-1
GRCh38,GGTGCGTGTCTTCTAG-1
GRCh38,GGTGGAGGTATTATCC-1
GRCh38,GGTGGAGGTGCCTTCG-1
GRCh38,GGTGGAGGTGGGCGTT-1
GRCh38,GGTGGTTTCAGTTGGC-1
GRCh38,GGTGGTTTCCCTTCTC-1
GRCh38,GGTGGTTTCCGAGTGT-1
GRCh38,GGTGGTTTCGCTCGCT-1
GRCh38,GGTGTATGTACGTGAT-1
GRCh38,GGTGTATGTAGGGGCA-1
GRCh38,GGTGTATGTCGCGTCC-1
GRCh38,GGTGTCAGTATATGGC-1
GRCh38,GGTGTCAGTCAAGGTT-1
GRCh38,GGTGTCGTCATAACTA-1
GRCh38,GGTGTCGTCCTAGCAA-1
GRCh38,GGTGTCGTCGGAGGTA-1
GRCh38,GGTGTCGTCGTCTCGC-1
GRCh38,GGTGTGCGTACCACAG-1
GRCh38,GGTGTGCGTCACGTTC-1
GRCh38,GGTGTGCGTGCTTTCA-1
GRCh38,GGTGTTATCACGAGCT-1
GRCh38,GGTGTTATCCGGTTAA-1
GRCh38,GGTGTTATCCGTATCT-1
GRCh38,GGTGTTCAGGGGTAGC-1
GRCh38,GGTTAATTCACTTGTC-1
GRCh38,GGTTAATTCATACTAA-1
GRCh38,GGTTACTCACTTAAGC-1
GRCh38,GGTTAGACACCATTAA-1
GRCh38,GGTTAGACACCGTCAA-1
GRCh38,GGTTAGACAGTGGTAA-1
GRCh38,GGTTAGCTCGCACTCC-1
GRCh38,GGTTAGCTCGGGCTCA-1
GRCh38,GGTTAGGAGATCGTTG-1
GRCh38,GGTTAGTGTACTGCAG-1
GRCh38,GGTTATAGTAATGTGC-1
GRCh38,GGTTATAGTACGCATG-1
GRCh38,GGTTATAGTAGACGTT-1
GRCh38,GGTTATAGTCTAATCT-1
GRCh38,GGTTATGTCAACTCCT-1
GRCh38,GGTTATGTCACGAACC-1
GRCh38,GGTTATGTCCAAGCTA-1
GRCh38,GGTTATGTCGGGTTAC-1
GRCh38,GGTTCAGGTACGCGCG-1
GRCh38,GGTTCAGGTGGGTTAT-1
GRCh38,GGTTCAGGTGGTCAAT-1
GRCh38,GGTTCCCTCACGCCCT-1
GRCh38,GGTTCCCTCGGGCTTG-1
GRCh38,GGTTCCGAGCAGTAGG-1
GRCh38,GGTTCGAGTCGACTAG-1
GRCh38,GGTTCGAGTGCACTCT-1
GRCh38,GGTTCGCCAAACGAGC-1
GRCh38,GGTTCGCCAATGATCC-1
GRCh38,GGTTCGCCACTGCTTC-1
GRCh38,GGTTGATGTAGTCTCC-1
GRCh38,GGTTGCCCACTCGGTA-1
GRCh38,GGTTGCCCAGGAATAT-1
GRCh38,GGTTGGCGTACATATG-1
GRCh38,GGTTGGCGTCAACCCT-1
GRCh38,GGTTGGCGTGCGATGC-1
GRCh38,GGTTGGCGTGTTAGGT-1
GRCh38,GGTTGGGCAAAACTCC-1
GRCh38,GGTTGGGCACATCACG-1
GRCh38,GGTTGTATCCAGTCAA-1
GRCh38,GGTTGTATCCCTTCTC-1
GRCh38,GGTTGTATCCGGGAAA-1
GRCh38,GGTTGTATCGCAATAT-1
GRCh38,GGTTGTATCGCTTCAT-1
GRCh38,GGTTGTATCGTATCGA-1
GRCh38,GGTTGTCAGCACCGCA-1
GRCh38,GGTTGTCAGCTAGCGT-1
GRCh38,GGTTGTGGTAAGGTCT-1
GRCh38,GGTTGTGGTGGGCAAG-1
GRCh38,GGTTTACCAAGACAGC-1
GRCh38,GGTTTACCAGTTAGTC-1
GRCh38,GGTTTAGTCCTTGTGT-1
GRCh38,GGTTTCAAGCAATTGT-1
GRCh38,GGTTTCAAGCGCATTA-1
GRCh38,GGTTTCCGTATAGTGC-1
GRCh38,GGTTTCCGTATCGTGG-1
GRCh38,GGTTTCCGTCGATTGG-1
GRCh38,GGTTTGGGTGCGTTTC-1
GRCh38,GTAAACGCAATTACGC-1
GRCh38,GTAAAGTCAAACGGCG-1
GRCh38,GTAAATGAGATCCAAT-1
GRCh38,GTAAATGAGCGTGGAA-1
GRCh38,GTAAATGAGGCCTGCA-1
GRCh38,GTAACCATCAGGTAAA-1
GRCh38,GTAACCATCCAATGTG-1
GRCh38,GTAACCATCCCTGAAA-1
GRCh38,GTAACCCAGCCCTAGG-1
GRCh38,GTAACCTCAACGCCAC-1
GRCh38,GTAACCTCACTGCTCT-1
GRCh38,GTAACTGTCACGCCCT-1
GRCh38,GTAACTGTCATAGCAT-1
GRCh38,GTAAGATCAACATACC-1
GRCh38,GTAAGATCACAGTCAT-1
GRCh38,GTAAGATCACAGTTTA-1
GRCh38,GTAAGATCACCAATTA-1
GRCh38,GTAAGATCAGTTGGTT-1
GRCh38,GTAAGCCTCATCTCCG-1
GRCh38,GTAAGCCTCCATAGCA-1
GRCh38,GTAAGCCTCCTTAGTC-1
GRCh38,GTAAGCGAGGGACGAC-1
GRCh38,GTAAGCTGTGCTAGTG-1
GRCh38,GTAAGGAGTAAGCCCA-1
GRCh38,GTAAGGAGTCGACGGT-1
GRCh38,GTAAGGTAGCCTCGAG-1
GRCh38,GTAAGGTAGCGCTGAT-1
GRCh38,GTAAGGTAGCTGACAC-1
GRCh38,GTAAGTCGTAACATTG-1
GRCh38,GTAAGTCGTACGCAAT-1
GRCh38,GTAATAGAGCCTTAAG-1
GRCh38,GTAATAGAGCGCCAAT-1
GRCh38,GTAATCCCAATGACCT-1
GRCh38,GTAATCCCACCCTTAC-1
GRCh38,GTAATCCCAGCATTCG-1
GRCh38,GTAATTGGTACGGTCA-1
GRCh38,GTAATTGGTGCATCAG-1
GRCh38,GTACAATTCCTGGCTC-1
GRCh38,GTACAATTCGCTATCT-1
GRCh38,GTACCCTGTGCTACCT-1
GRCh38,GTACCTTTCGTTATGG-1
GRCh38,GTACGAACAACAGAAT-1
GRCh38,GTACGGGCAAATCTAT-1
GRCh38,GTACGGGCACATATGC-1
GRCh38,GTACGGGCACCTAGGC-1
GRCh38,GTACGTATCGCCACTC-1
GRCh38,GTACGTATCGTGTATG-1
GRCh38,GTACGTCAGAATTGAG-1
GRCh38,GTACGTGGTCCTTAGC-1
GRCh38,GTACGTGGTGGCAAGG-1
GRCh38,GTACTTACAACACTAC-1
GRCh38,GTACTTACAATATCTG-1
GRCh38,GTACTTCTCCACCTCA-1
GRCh38,GTAGAACAGAAGGCGC-1
GRCh38,GTAGAACAGATGGGAT-1
GRCh38,GTAGAACAGGGGAGCT-1
GRCh38,GTAGAAGGTCTCGTCG-1
GRCh38,GTAGACGAGCTGTCGG-1
GRCh38,GTAGACGAGGGAATGT-1
GRCh38,GTAGAGTAGCGTAATT-1
GRCh38,GTAGAGTAGGTCGACT-1
GRCh38,GTAGCACTCAGGCTTA-1
GRCh38,GTAGCATGTCAATGTA-1
GRCh38,GTAGCATGTCCATCCG-1
GRCh38,GTAGCGCGTAGGGTAA-1
GRCh38,GTAGCGGCAGTATGCT-1
GRCh38,GTAGCGTTCACCACAA-1
GRCh38,GTAGCGTTCACTACCT-1
GRCh38,GTAGCTATCCATGCCC-1
GRCh38,GTAGCTATCGCTTTCG-1
GRCh38,GTAGCTATCGGTCAAC-1
GRCh38,GTAGGATAGAAAGTGC-1
GRCh38,GTAGGATAGACATTCG-1
GRCh38,GTAGGATAGCACTCAA-1
GRCh38,GTAGGCAAGATACGAA-1
GRCh38,GTAGGCAAGCCACTTT-1
GRCh38,GTAGGCGCAGCATCAT-1
GRCh38,GTAGGCTTCATCACTC-1
GRCh38,GTAGGCTTCGTGACGT-1
GRCh38,GTAGGTCTCATTCGCT-1
GRCh38,GTAGGTCTCCGTACTT-1
GRCh38,GTAGGTGAGAAGCTTT-1
GRCh38,GTAGGTGAGCTGTACA-1
GRCh38,GTAGGTGAGCTGTGCG-1
GRCh38,GTAGGTTGTACTTGGG-1
GRCh38,GTAGGTTGTCGCTATC-1
GRCh38,GTAGTAAAGCCGTTAA-1
GRCh38,GTAGTAAAGCCTCTTG-1
GRCh38,GTAGTAAAGCGTTCAA-1
GRCh38,GTAGTAGCAGCGTATT-1
GRCh38,GTAGTAGCAGTTAATT-1
GRCh38,GTAGTCATCATCCGTT-1
GRCh38,GTAGTGCTCAATGGTT-1
GRCh38,GTAGTGCTCGCGACAT-1
GRCh38,GTAGTGGAGCCGCTAG-1
GRCh38,GTAGTGGAGCGTTGGT-1
GRCh38,GTAGTTAGTCAACTCC-1
GRCh38,GTAGTTAGTCTAATGA-1
GRCh38,GTAGTTGTCAGGAATA-1
GRCh38,GTAGTTGTCCCATTCG-1
GRCh38,GTAGTTGTCCCGGCTT-1
GRCh38,GTAGTTTAGGTGCGAA-1
GRCh38,GTATAACTCAGTACAT-1
GRCh38,GTATAACTCATGGTCA-1
GRCh38,GTATACCCAAGTCGAA-1
GRCh38,GTATACCCACAGGCGA-1
GRCh38,GTATACCCAGGCACTC-1
GRCh38,GTATACCCAGTACAAG-1
GRCh38,GTATACCCAGTTACTA-1
GRCh38,GTATACGTCCGCAATA-1
GRCh38,GTATACTAGAAGCTGG-1
GRCh38,GTATAGAAGACCAGAG-1
GRCh38,GTATAGCGTAAGCCGC-1
GRCh38,GTATAGCGTCGCTTCG-1
GRCh38,GTATAGCGTCTGGATG-1
GRCh38,GTATAGCGTGGCGCTG-1
GRCh38,GTATAGGCAATCACGT-1
GRCh38,GTATAGGCACCAAGGG-1
GRCh38,GTATATCAGAGGGGTC-1
GRCh38,GTATATCAGCAACCCG-1
GRCh38,GTATCCAAGCATTGCA-1
GRCh38,GTATCCAAGCTGATAT-1
GRCh38,GTATCCCGTACAATTG-1
GRCh38,GTATCCCGTATCTTGT-1
GRCh38,GTATCCCGTATGAAGG-1
GRCh38,GTATCCCGTCGCGGAT-1
GRCh38,GTATCGATCGTAAATC-1
GRCh38,GTATCGGGTGGGTGTC-1
GRCh38,GTATCTCTCATGAGTT-1
GRCh38,GTATCTTGTCTAATCT-1
GRCh38,GTATGCATCCATGCCC-1
GRCh38,GTATGCGGTAGTACGT-1
GRCh38,GTATGCGGTCCGTTTA-1
GRCh38,GTATGCGGTGCGGGTT-1
GRCh38,GTATGCTCAATGCTAC-1
GRCh38,GTATGGACACTAACGT-1
GRCh38,GTATGGGAGCACCTCC-1
GRCh38,GTATGGGAGGCAAAGT-1
GRCh38,GTATGTAGTCTGCATC-1
GRCh38,GTATGTAGTGCGAAGG-1
GRCh38,GTATGTCCAACCCTCT-1
GRCh38,GTATGTGTCAGCATAT-1
GRCh38,GTATGTTAGACAGTTT-1
GRCh38,GTATGTTAGCGACAAG-1
GRCh38,GTATTATCAAAATCAA-1
GRCh38,GTATTCACACACTCGA-1
GRCh38,GTATTCCTCCGCCGTT-1
GRCh38,GTATTCGAGATCCCAA-1
GRCh38,GTATTCGAGCTATGGC-1
GRCh38,GTATTCGAGGTCCTAA-1
GRCh38,GTATTCGAGGTCCTTT-1
GRCh38,GTATTCTGTGTTCATT-1
GRCh38,GTATTGTAGACTTACG-1
GRCh38,GTCAACATCACAGGCT-1
GRCh38,GTCAACTCAAAACGAT-1
GRCh38,GTCAATCCAAAATTTC-1
GRCh38,GTCAATCCACAACATC-1
GRCh38,GTCAATCCACATGCGC-1
GRCh38,GTCAATCCAGCACCTA-1
GRCh38,GTCAATCCAGCATCAT-1
GRCh38,GTCAATTAGAACACCC-1
GRCh38,GTCACGAGTACAGCAT-1
GRCh38,GTCACGTAGGGAGTAT-1
GRCh38,GTCATACCAACAATTT-1
GRCh38,GTCATACCAACCTACG-1
GRCh38,GTCATACCAATCGCCA-1
GRCh38,GTCATACCAATCTCTT-1
GRCh38,GTCATCAAGAGGACGC-1
GRCh38,GTCATCAAGCAGGAGC-1
GRCh38,GTCATCCGTGGTCAAT-1
GRCh38,GTCATCGCACACTGCA-1
GRCh38,GTCATCTTCAAGCATT-1
GRCh38,GTCATCTTCCATGGGT-1
GRCh38,GTCATGCAGAGGCCAA-1
GRCh38,GTCATGGGTCATCTAT-1
GRCh38,GTCATTCTCACATATA-1
GRCh38,GTCATTCTCCGTACTT-1
GRCh38,GTCATTCTCGCGGCTA-1
GRCh38,GTCATTCTCGGTTAGC-1
GRCh38,GTCCAAATCCTGCGTC-1
GRCh38,GTCCAACAGATGGGCA-1
GRCh38,GTCCAACAGGGGTAAT-1
GRCh38,GTCCACACAAATCGAG-1
GRCh38,GTCCACACAACTGGAA-1
GRCh38,GTCCACACAATACACC-1
GRCh38,GTCCACACAATGCTTA-1
GRCh38,GTCCACGAGCGCACAT-1
GRCh38,GTCCACGAGCTAACAT-1
GRCh38,GTCCACGAGGGAATAC-1
GRCh38,GTCCACGAGGGAGAGG-1
GRCh38,GTCCAGTAGACCTGTA-1
GRCh38,GTCCAGTAGCTGACAC-1
GRCh38,GTCCATAAGAGAGTTA-1
GRCh38,GTCCATAAGCTCGTTT-1
GRCh38,GTCCATCGTACCCGTT-1
GRCh38,GTCCATCGTACCTCCG-1
GRCh38,GTCCATGCAACACAGA-1
GRCh38,GTCCATGCAAGCACAA-1
GRCh38,GTCCATGCACCACGGT-1
GRCh38,GTCCCATGTATGTCTT-1
GRCh38,GTCCCATGTGCTTGCT-1
GRCh38,GTCCCATGTGGAATCT-1
GRCh38,GTCCCCAGTCCTGATC-1
GRCh38,GTCCCGAAGAAACGTA-1
GRCh38,GTCCCGAAGGGGAATT-1
GRCh38,GTCCCTGGTGTTATGA-1
GRCh38,GTCCGATAGGGGTAGC-1
GRCh38,GTCCGCAAGAGAGGTT-1
GRCh38,GTCCGCAAGCATGGTC-1
GRCh38,GTCCGCCGTCTCCTGG-1
GRCh38,GTCCGCTTCCTCAGGG-1
GRCh38,GTCCGGGGTGGAGCTC-1
GRCh38,GTCCGTACAACCCACA-1
GRCh38,GTCCGTACAGCAACCC-1
GRCh38,GTCCTAAAGAACCCGT-1
GRCh38,GTCCTAAAGCCATTAG-1
GRCh38,GTCCTAGCAAGCCATT-1
GRCh38,GTCCTATTCCACTCCA-1
GRCh38,GTCCTCCAGGCGTTAC-1
GRCh38,GTCCTCTCAAGAATAC-1
GRCh38,GTCCTCTCAAGTAACG-1
GRCh38,GTCCTCTCACTATTCT-1
GRCh38,GTCCTTAGTATAGCGT-1
GRCh38,GTCCTTAGTATGAAGG-1
GRCh38,GTCCTTAGTCACGCGG-1
GRCh38,GTCCTTTAGAGCGGAC-1
GRCh38,GTCCTTTAGCGATTGC-1
GRCh38,GTCCTTTAGGGGGCAT-1
GRCh38,GTCGAACTCGCGAAAG-1
GRCh38,GTCGAAGAGACTACAT-1
GRCh38,GTCGAAGAGCAATGGG-1
GRCh38,GTCGAAGAGGGATTAA-1
GRCh38,GTCGAATGTGGATTTA-1
GRCh38,GTCGACTAGAAGCTGG-1
GRCh38,GTCGACTAGGCTGTTA-1
GRCh38,GTCGACTAGGGAGCTA-1
GRCh38,GTCGAGAAGACGTCCG-1
GRCh38,GTCGAGAAGCTGGCAT-1
GRCh38,GTCGAGTTCATAGTGT-1
GRCh38,GTCGATGGTCAATATG-1
GRCh38,GTCGATGGTGGTCTAG-1
GRCh38,GTCGCACCACTAACTA-1
GRCh38,GTCGCCAAGCCGGATT-1
GRCh38,GTCGCCAAGGGCATAG-1
GRCh38,GTCGCGGGTAAACCGT-1
GRCh38,GTCGCGGGTACGAAAG-1
GRCh38,GTCGCTTGTGTATCCC-1
GRCh38,GTCGGAAAGACCACGT-1
GRCh38,GTCGGAGCAACCCTAG-1
GRCh38,GTCGGCGGTCGTCGGG-1
GRCh38,GTCGGCGGTCTGGTAG-1
GRCh38,GTCGGGTGTAAGCCAT-1
GRCh38,GTCGGGTGTGGTGTCA-1
GRCh38,GTCGGGTGTGTCTTCA-1
GRCh38,GTCGGTCCACGCATCA-1
GRCh38,GTCGGTTAGGCCACAT-1
GRCh38,GTCGTAATCCCAGCTC-1
GRCh38,GTCGTACAGAGGATTA-1
GRCh38,GTCGTACAGATCCTAG-1
GRCh38,GTCGTAGGTCATCAGG-1
GRCh38,GTCGTAGGTGGGATGG-1
GRCh38,GTCGTCTGTATCTCGC-1
GRCh38,GTCTAACCACACAGCC-1
GRCh38,GTCTAACCAGGCTTCA-1
GRCh38,GTCTAGCAGCGTGTCG-1
GRCh38,GTCTAGCAGGCATTCA-1
GRCh38,GTCTAGCAGGGTGAAT-1
GRCh38,GTCTATACACATACCG-1
GRCh38,GTCTATGAGAACTCAT-1
GRCh38,GTCTATGAGGCATCAC-1
GRCh38,GTCTATGAGGTTGTAT-1
GRCh38,GTCTATTGTCACAGCA-1
GRCh38,GTCTATTGTCGTATGG-1
GRCh38,GTCTCATTCATATTAG-1
GRCh38,GTCTCATTCCCTAATC-1
GRCh38,GTCTCCATCAATGTAC-1
GRCh38,GTCTCCCAGCTAGTCA-1
GRCh38,GTCTCCGGTAAGTCTA-1
GRCh38,GTCTCCGGTATCGCTC-1
GRCh38,GTCTCGACACAGGTCC-1
GRCh38,GTCTCGCTCCTCGGGA-1
GRCh38,GTCTCGCTCGCTTCTG-1
GRCh38,GTCTCGCTCGGGCTAT-1
GRCh38,GTCTCGCTCGGTATTG-1
GRCh38,GTCTCGCTCGTGAACC-1
GRCh38,GTCTCTGTCAAATGTC-1
GRCh38,GTCTCTGTCAGGACTC-1
GRCh38,GTCTCTGTCCTTGTGT-1
GRCh38,GTCTCTGTCGCTATCT-1
GRCh38,GTCTGAGGTCATACCC-1
GRCh38,GTCTGAGGTCCAGATG-1
GRCh38,GTCTGAGGTGGCGCAT-1
GRCh38,GTCTGAGGTGTTACGG-1
GRCh38,GTCTGCACAACGCCAC-1
GRCh38,GTCTGCACAATCGTCG-1
GRCh38,GTCTGCACACAGGACG-1
GRCh38,GTCTGCGAGACTTGTG-1
GRCh38,GTCTGGTAGGGTTAGG-1
GRCh38,GTCTTAACAAAATGAC-1
GRCh38,GTCTTAACAACGTAAG-1
GRCh38,GTCTTAACAATGTGAG-1
GRCh38,GTCTTATGTCCTGCGC-1
GRCh38,GTCTTCAGTATCGTGG-1
GRCh38,GTCTTCCCAATTACGC-1
GRCh38,GTGAAAGGTATGCCTC-1
GRCh38,GTGAAATCAAGGTTCT-1
GRCh38,GTGAAATCACTGACAT-1
GRCh38,GTGAACCTCCAGGATC-1
GRCh38,GTGAACCTCCCGTGTC-1
GRCh38,GTGAACCTCGTAGCGT-1
GRCh38,GTGAACCTCGTCAAAT-1
GRCh38,GTGAAGCCACCCAGTA-1
GRCh38,GTGAAGCCACGTTAGT-1
GRCh38,GTGACGTTCACGGTGT-1
GRCh38,GTGACGTTCCCTGACC-1
GRCh38,GTGACGTTCCCTGGCT-1
GRCh38,GTGACGTTCGCATCGG-1
GRCh38,GTGACGTTCGTACTTC-1
GRCh38,GTGAGATAGGTTATGT-1
GRCh38,GTGAGCGCAACAAGAT-1
GRCh38,GTGAGGTCACTGGGCT-1
GRCh38,GTGAGTGAGGTAGTGG-1
GRCh38,GTGAGTTGTAACCCCT-1
GRCh38,GTGAGTTGTACTTCAT-1
GRCh38,GTGATAGCAGTGAGGT-1
GRCh38,GTGATTCCACAATAGG-1
GRCh38,GTGATTCCACATTAGC-1
GRCh38,GTGATTTAGCCTGGTG-1
GRCh38,GTGCAACTCATTACAA-1
GRCh38,GTGCAATGTAAGCCAT-1
GRCh38,GTGCAATGTCTTCTCT-1
GRCh38,GTGCACCCACTATACA-1
GRCh38,GTGCAGGCAATCCAAC-1
GRCh38,GTGCATATCATGGGCT-1
GRCh38,GTGCATATCCGGCATG-1
GRCh38,GTGCATGGTCACGAAT-1
GRCh38,GTGCCATAGGGAGTAT-1
GRCh38,GTGCCCAAGCGTCATA-1
GRCh38,GTGCCGGGTCAATGCG-1
GRCh38,GTGCCGGGTCGTTCTA-1
GRCh38,GTGCCTTGTAGGGCGA-1
GRCh38,GTGCGAAAGGTTATCG-1
GRCh38,GTGCGAGCAGGTTAGA-1
GRCh38,GTGCGCATCAATACGT-1
GRCh38,GTGCGCGGTCATACAA-1
GRCh38,GTGCGCGGTCGTATGG-1
GRCh38,GTGCGCGGTGTGAAAG-1
GRCh38,GTGCGGACAAAATTTC-1
GRCh38,GTGCGGACAAGTTACC-1
GRCh38,GTGCGGACAATCCGGC-1
GRCh38,GTGCGGACACGGCTTA-1
GRCh38,GTGCGGACACTTCATT-1
GRCh38,GTGCGTAGTAAGGCCC-1
GRCh38,GTGCGTAGTCTAAAGC-1
GRCh38,GTGCGTTAGAACGTAA-1
GRCh38,GTGCGTTAGCGCCTAG-1
GRCh38,GTGCGTTAGGTAAGAC-1
GRCh38,GTGCGTTAGGTTATGT-1
GRCh38,GTGCTACAGCCTCGAG-1
GRCh38,GTGCTACAGGGCTCAT-1
GRCh38,GTGCTCACAGCTAGCC-1
GRCh38,GTGCTCACAGGGTCTC-1
GRCh38,GTGCTCCTCGTTCGTT-1
GRCh38,GTGCTGTAGAGGACGC-1
GRCh38,GTGCTGTAGGGGTAAT-1
GRCh38,GTGCTGTAGGTCTGCG-1
GRCh38,GTGGACGCAAATTTCG-1
GRCh38,GTGGACGCAACTCGGC-1
GRCh38,GTGGATTGTCAAGTTA-1
GRCh38,GTGGATTGTCTCCTGG-1
GRCh38,GTGGCAGCACGTCGTA-1
GRCh38,GTGGCAGCACTCGACA-1
GRCh38,GTGGCATTCACCCTGC-1
GRCh38,GTGGCATTCATGTAAC-1
GRCh38,GTGGCATTCCGATCAA-1
GRCh38,GTGGCATTCGTCCTAT-1
GRCh38,GTGGCCATCGTCCTAT-1
GRCh38,GTGGCGACAACGCCAC-1
GRCh38,GTGGCGACACGGCTAC-1
GRCh38,GTGGCGACACTATCCC-1
GRCh38,GTGGCGACAGCGTATT-1
GRCh38,GTGGCGTGTCGTACCT-1
GRCh38,GTGGCGTGTGCCTTGT-1
GRCh38,GTGGGATCACACAGAA-1
GRCh38,GTGGGATCACATATCA-1
GRCh38,GTGGGCTGTAAGGGTA-1
GRCh38,GTGGGCTGTCACGGCG-1
GRCh38,GTGGGTAAGAAGTGTA-1
GRCh38,GTGGGTAAGCTCTCAT-1
GRCh38,GTGGTCAGTACGCAAT-1
GRCh38,GTGGTCAGTATCCCTA-1
GRCh38,GTGGTCAGTGTCCGCC-1
GRCh38,GTGGTCAGTGTGCAAT-1
GRCh38,GTGGTGCGTGCTAAGT-1
GRCh38,GTGGTTATCCACCCAC-1
GRCh38,GTGGTTATCGTGCTCC-1
GRCh38,GTGTAAGCAAATGGCA-1
GRCh38,GTGTAAGCAATACCTA-1
GRCh38,GTGTAAGCAATGCTCG-1
GRCh38,GTGTAAGCACGTTAGT-1
GRCh38,GTGTAATTCAGCTGTA-1
GRCh38,GTGTAGCTCGCTTCAT-1
GRCh38,GTGTATAGTAACATTG-1
GRCh38,GTGTATAGTGGAGTGG-1
GRCh38,GTGTATGTCCGTGAGT-1
GRCh38,GTGTATGTCGTATGTG-1
GRCh38,GTGTCAATCAACATTA-1
GRCh38,GTGTCATCAACTTACA-1
GRCh38,GTGTCATCAGCATTAC-1
GRCh38,GTGTCCGAGAGCAGAT-1
GRCh38,GTGTCCTGTAGTGATC-1
GRCh38,GTGTCCTGTGCTCCTG-1
GRCh38,GTGTCGAGTGCTAAGT-1
GRCh38,GTGTCGCCAAAGGGGA-1
GRCh38,GTGTCGCCAACCTATA-1
GRCh38,GTGTCGCCACCGTCAA-1
GRCh38,GTGTCGCCAGTATGGA-1
GRCh38,GTGTCGGTCATGGGTC-1
GRCh38,GTGTCGTAGATCTCGA-1
GRCh38,GTGTCTCGTCTCGAAG-1
GRCh38,GTGTGATGTCCAGAAT-1
GRCh38,GTGTGCAGTCCAGAAT-1
GRCh38,GTGTGCAGTGTGTTAA-1
GRCh38,GTGTTAAGTGGAAATG-1
GRCh38,GTGTTACCAAATCGAG-1
GRCh38,GTGTTACCAGCACCTA-1
GRCh38,GTGTTACCAGCTAAGA-1
GRCh38,GTGTTATAGAAGGGTT-1
GRCh38,GTGTTATAGCGACAAG-1
GRCh38,GTGTTATAGGCCCCAA-1
GRCh38,GTGTTATAGGGGAGCT-1
GRCh38,GTGTTCCGTAATTCCT-1
GRCh38,GTGTTCCGTGCCTTGT-1
GRCh38,GTGTTCCGTGGAATCT-1
GRCh38,GTGTTCGCACTAAGGA-1
GRCh38,GTGTTGATCAGTGGCT-1
GRCh38,GTGTTGATCCACATCT-1
GRCh38,GTGTTGGGTAACAGAG-1
GRCh38,GTGTTGGGTAGGGGAT-1
GRCh38,GTGTTGGGTGGCTATG-1
GRCh38,GTTAACCCAGTGTTAC-1
GRCh38,GTTAAGCGTATTGCCC-1
GRCh38,GTTAAGCGTCGGTATG-1
GRCh38,GTTAAGCGTGCTCGGG-1
GRCh38,GTTAAGGCACACAGCC-1
GRCh38,GTTAAGGCACAGGACG-1
GRCh38,GTTAATATCAAATGTC-1
GRCh38,GTTAATATCCCACCTA-1
GRCh38,GTTAATATCCTCTGCA-1
GRCh38,GTTAATCAGGGACGTA-1
GRCh38,GTTAATTCAACATCAC-1
GRCh38,GTTAATTCAGCTAATC-1
GRCh38,GTTACCCGTATTGAGC-1
GRCh38,GTTACCCGTCCAGGTA-1
GRCh38,GTTACCGCACGATTTA-1
GRCh38,GTTACCGCAGTGGGAT-1
GRCh38,GTTACCTTCACCCTAT-1
GRCh38,GTTACCTTCAGTATTA-1
GRCh38,GTTACGGGTAATCTCT-1
GRCh38,GTTACGGGTACGCATG-1
GRCh38,GTTACGGGTAGCAATC-1
GRCh38,GTTACGGGTCCTTCGG-1
GRCh38,GTTACGGGTGCACTAG-1
GRCh38,GTTACGGGTGTTCATT-1
GRCh38,GTTACTACACGACACC-1
GRCh38,GTTACTACACGCAACC-1
GRCh38,GTTACTACAGCTTAGT-1
GRCh38,GTTACTCTCAGAGAAC-1
GRCh38,GTTACTTGTAGTCCAG-1
GRCh38,GTTACTTGTATGCCTC-1
GRCh38,GTTACTTGTCCTATTG-1
GRCh38,GTTACTTGTCGTAGTG-1
GRCh38,GTTAGAGCAATCCAAC-1
GRCh38,GTTAGAGCACGACGGA-1
GRCh38,GTTAGAGCACTATACA-1
GRCh38,GTTAGAGCAGCGTAGG-1
GRCh38,GTTAGAGCAGTGCAGG-1
GRCh38,GTTAGCGGTACAAGAG-1
GRCh38,GTTAGCGGTAGTAAGG-1
GRCh38,GTTAGCGGTATGGCGC-1
GRCh38,GTTAGCTCAACAGGGT-1
GRCh38,GTTAGGCTCACTCCAT-1
GRCh38,GTTAGGCTCCAGGGTT-1
GRCh38,GTTAGGCTCCTGCATT-1
GRCh38,GTTAGGCTCGTGCGCA-1
GRCh38,GTTAGGTGTAGCTGTG-1
GRCh38,GTTAGTAGTATACTAG-1
GRCh38,GTTAGTAGTCCTAGAG-1
GRCh38,GTTAGTAGTGGTAGGG-1
GRCh38,GTTAGTCCACAGGACG-1
GRCh38,GTTAGTTAGACATAAG-1
GRCh38,GTTAGTTAGCACTATG-1
GRCh38,GTTAGTTAGGTGTTAT-1
GRCh38,GTTATAATCAATTCCC-1
GRCh38,GTTATAATCCCAAGTA-1
GRCh38,GTTATAGGTGTGTTGG-1
GRCh38,GTTATCGAGGGGTACA-1
GRCh38,GTTATCGAGGTCCAGT-1
GRCh38,GTTATCGAGGTTGTGC-1
GRCh38,GTTATGAGTCGCTTTA-1
GRCh38,GTTATGAGTCTGCATC-1
GRCh38,GTTATGAGTGTTCTAT-1
GRCh38,GTTATGGTCACTCCTG-1
GRCh38,GTTATGGTCCTATACC-1
GRCh38,GTTATGTAGCGCTTGG-1
GRCh38,GTTATGTAGCTGTCGG-1
GRCh38,GTTCAATAGGCTATGC-1
GRCh38,GTTCACGCACCTCTAC-1
GRCh38,GTTCACGCAGTTGGGG-1
GRCh38,GTTCACTTCACCAAGC-1
GRCh38,GTTCACTTCACGCGCA-1
GRCh38,GTTCACTTCCAACGTA-1
GRCh38,GTTCACTTCCTATTGC-1
GRCh38,GTTCAGCAGATTACAC-1
GRCh38,GTTCAGCAGCAAGTAA-1
GRCh38,GTTCAGCAGCGTTGCG-1
GRCh38,GTTCAGGGTACTGCAG-1
GRCh38,GTTCAGTCAGCGAAAC-1
GRCh38,GTTCATCTCATGATGT-1
GRCh38,GTTCATCTCCTGACAA-1
GRCh38,GTTCATCTCGGATCCG-1
GRCh38,GTTCATGAGCGATGAG-1
GRCh38,GTTCATGAGCTTCTAC-1
GRCh38,GTTCATTGTACAGGTT-1
GRCh38,GTTCATTGTGTCTGAG-1
GRCh38,GTTCGCACAATGACAG-1
GRCh38,GTTCGCCTCCTACTAC-1
GRCh38,GTTCGCGAGAGTGGGC-1
GRCh38,GTTCGCTGTAAACGCT-1
GRCh38,GTTCGCTGTATCCCTA-1
GRCh38,GTTCGCTGTCAACCCT-1
GRCh38,GTTCGCTGTCACAGCA-1
GRCh38,GTTCGCTGTCCTTAGC-1
GRCh38,GTTCGGGTCCCACTCA-1
GRCh38,GTTCGGGTCGGTTATG-1
GRCh38,GTTCGTCGTCTCTAGC-1
GRCh38,GTTCGTCGTGCAAGGG-1
GRCh38,GTTCTAGAGATGCGAG-1
GRCh38,GTTCTAGAGCGCTATA-1
GRCh38,GTTCTATGTGCCTGGG-1
GRCh38,GTTCTATGTGCTTCCG-1
GRCh38,GTTCTCCCAATGACAG-1
GRCh38,GTTCTCCCAGGATTTC-1
GRCh38,GTTCTCCCAGTGAAAT-1
GRCh38,GTTGACATCATGGCGT-1
GRCh38,GTTGACATCCGTATTC-1
GRCh38,GTTGAGACAAGGTAAT-1
GRCh38,GTTGAGACAATTAAAG-1
GRCh38,GTTGAGACACAGGCGA-1
GRCh38,GTTGATCCAATCGAGA-1
GRCh38,GTTGATCCACACTACG-1
GRCh38,GTTGATCCACATACCG-1
GRCh38,GTTGATCCACCACGGT-1
GRCh38,GTTGCAGGTATCAGTA-1
GRCh38,GTTGCCACACGGAAAC-1
GRCh38,GTTGCCCTCACTTACC-1
GRCh38,GTTGCCCTCCTAGGGT-1
GRCh38,GTTGCCCTCGGGCAAA-1
GRCh38,GTTGCGAGTAACCCCT-1
GRCh38,GTTGCGAGTATCCGAG-1
GRCh38,GTTGCGAGTATGAGAG-1
GRCh38,GTTGCGAGTCCTAGCT-1
GRCh38,GTTGCGAGTCCTTAAT-1
GRCh38,GTTGCGAGTGGCGTTA-1
GRCh38,GTTGCGCCACGGAAAC-1
GRCh38,GTTGCGTAGGCCATGT-1
GRCh38,GTTGCGTAGGGGTAGC-1
GRCh38,GTTGCTTTCATAGGGG-1
GRCh38,GTTGCTTTCCAATGCA-1
GRCh38,GTTGCTTTCCTTAACC-1
GRCh38,GTTGGAACACTATGGT-1
GRCh38,GTTGGAACAGTATGCT-1
GRCh38,GTTGGAACAGTTCGCA-1
GRCh38,GTTGGAGAGAAGGCGC-1
GRCh38,GTTGGAGAGCGTATTG-1
GRCh38,GTTGGAGAGCGTTGAC-1
GRCh38,GTTGGATGTACTACAA-1
GRCh38,GTTGGATGTATGTACA-1
GRCh38,GTTGGATGTCACGCTT-1
GRCh38,GTTGGATGTCTCATTG-1
GRCh38,GTTGGATGTGCTTGGA-1
GRCh38,GTTGGCGTCATACTCC-1
GRCh38,GTTGGCGTCCAAATGT-1
GRCh38,GTTGGGGCAAACATAA-1
GRCh38,GTTGGGGCAAACGCAA-1
GRCh38,GTTGGGGCAAATACCC-1
GRCh38,GTTGGGGCAGTTGCCA-1
GRCh38,GTTGGGTTCAACGAAA-1
GRCh38,GTTGGTCAGATAATCC-1
GRCh38,GTTGGTCAGCTGCAGT-1
GRCh38,GTTGGTTCAAGTCGCC-1
GRCh38,GTTGGTTCACTATAAT-1
GRCh38,GTTGTAAGTCAATCCC-1
GRCh38,GTTGTAAGTCCAACAG-1
GRCh38,GTTGTCTTCGCGAAAG-1
GRCh38,GTTGTCTTCGCGTGTG-1
GRCh38,GTTGTGCAGAATACGA-1
GRCh38,GTTGTGCAGACAGCAG-1
GRCh38,GTTGTGCAGACCTGCG-1
GRCh38,GTTGTGCAGGTAGAGT-1
GRCh38,GTTGTGGGTAAATCCA-1
GRCh38,GTTGTGGGTGCGTTAG-1
GRCh38,AAACCAAAGAACATAG-1
GRCh38,AAACCAAAGATACGAA-1
GRCh38,AAACCAAAGCCCTGGA-1
GRCh38,AAACCAAAGGCATCAC-1
GRCh38,AAACCAGCAACAACCT-1
GRCh38,AAACCAGCACCCTTAC-1
GRCh38,AAACCAGCACTAACGT-1
GRCh38,AAACCAGCACTAACTA-1
GRCh38,AAACCAGCAGTTAAGG-1
GRCh38,AAACCATTCCAGGGTT-1
GRCh38,AAACCATTCCGTATCT-1
GRCh38,AAACCCATCCATTCGT-1
GRCh38,AAACCCATCGTGCGCA-1
GRCh38,AAACCCCAGCGCGTAT-1
GRCh38,AAACCGCTCATACCTC-1
GRCh38,AAACCGGAGCTAGCCG-1
GRCh38,AAACCGGAGGGAAACT-1
GRCh38,AAACCGTGTCGGTGTA-1
GRCh38,AAACCGTGTGTATCCC-1
GRCh38,AAACCGTGTGTGAAAG-1
GRCh38,AAACCTCCAAGCGGCA-1
GRCh38,AAACCTCCAGCGTGTC-1
GRCh38,AAACGCACACATTAGC-1
GRCh38,AAACGCTGTATTGGTA-1
GRCh38,AAACGCTGTGCGTTAG-1
GRCh38,AAACGCTGTGTTCGAG-1
GRCh38,AAACGGAGTCCATTCA-1
GRCh38,AAACGGAGTCTATGTT-1
GRCh38,AAACGGCCACTGGGCT-1
GRCh38,AAACGTAAGCAATCCA-1
GRCh38,AAACTACTCAGCTATG-1
GRCh38,AAACTACTCCGTCGTC-1
GRCh38,AAACTAGAGAACCAGG-1
GRCh38,AAACTCCCACCACAGC-1
GRCh38,AAACTGCGTATTGTAG-1
GRCh38,AAACTGCGTGCTTGTC-1
GRCh38,AAACTTATCACGGTCG-1
GRCh38,AAACTTATCAGTTTCC-1
GRCh38,AAAGCAATCATGGCAC-1
GRCh38,AAAGCATCACTGACCA-1
GRCh38,AAAGCATCAGCATCAT-1
GRCh38,AAAGCATCAGCATGGG-1
GRCh38,AAAGCCCTCATGACCA-1
GRCh38,AAAGCCCTCCGTAACA-1
GRCh38,AAAGCCCTCGCTTACT-1
GRCh38,AAAGCCGAGGTCTGGT-1
GRCh38,AAAGCCTGTCAGTTAA-1
GRCh38,AAAGCCTGTGGTAAAG-1
GRCh38,AAAGCGAGTAAATCTG-1
GRCh38,AAAGCGCCAGCTAGGG-1
GRCh38,AAAGCTAAGACAGTTT-1
GRCh38,AAAGGCCCAGTAAACG-1
GRCh38,AAAGGGGCAATCAGCT-1
GRCh38,AAAGGGTTCATGATGT-1
GRCh38,AAAGGTATCAGGAATA-1
GRCh38,AAAGGTATCCAAATTA-1
GRCh38,AAAGGTATCCTTATGC-1
GRCh38,AAAGGTATCGTATAAC-1
GRCh38,AAAGGTCAGAGGACGC-1
GRCh38,AAAGGTCAGGGCATAG-1
GRCh38,AAAGTCAAGAAGGTGT-1
GRCh38,AAAGTCAAGGTCATGC-1
GRCh38,AAAGTGGGTATGTTCT-1
GRCh38,AAAGTGGGTGCATAGT-1
GRCh38,AAAGTTACAAATGACG-1
GRCh38,AAATCAACACGCGCAT-1
GRCh38,AAATCAACAGTGTGGG-1
GRCh38,AAATCACTCCCGTCTA-1
GRCh38,AAATCACTCCGATACA-1
GRCh38,AAATCTATCAGACTTG-1
GRCh38,AAATCTATCGGGCTTG-1
GRCh38,AAATCTGGTCATAGTA-1
GRCh38,AAATCTTCAATAGGCA-1
GRCh38,AAATCTTCACATTCGG-1
GRCh38,AAATCTTCACTCACGA-1
GRCh38,AAATCTTCACTCGCAA-1
GRCh38,AAATGACCAAGCGTCC-1
GRCh38,AAATGCTTCAGGCACT-1
GRCh38,AAATGTCTCCGTCATT-1
GRCh38,AAATTCGGTATTACAG-1
GRCh38,AAATTCTCAGTCCACA-1
GRCh38,AAATTGCTCAGGCCAT-1
GRCh38,AAATTGCTCCCCTAGC-1
GRCh38,AAATTGCTCGGGGTAA-1
GRCh38,AAATTGGAGCCAAATT-1
GRCh38,AAATTTCCAATCACTA-1
GRCh38,AACACCTCAACATTAT-1
GRCh38,AACACCTCAACTAAGG-1
GRCh38,AACACGCTCAAACCGC-1
GRCh38,AACACTCCAACAGTCT-1
GRCh38,AACAGAGGTCACGCGG-1
GRCh38,AACAGAGGTCATAGGT-1
GRCh38,AACAGCCTCAGTCCTT-1
GRCh38,AACAGGAGTGCTCTGT-1
GRCh38,AACAGGGTCGTATCAG-1
GRCh38,AACAGGTAGCAGGCTT-1
GRCh38,AACAGGTAGGCATAGG-1
GRCh38,AACAGGTAGGCCTGAT-1
GRCh38,AACATAACACACGCAC-1
GRCh38,AACATAGAGGCACGTT-1
GRCh38,AACATAGAGGCCCACA-1
GRCh38,AACATAGAGGGCTTCG-1
GRCh38,AACATGCGTACAACGT-1
GRCh38,AACATGCGTGTCGCTT-1
GRCh38,AACATGGCAAAACTCC-1
GRCh38,AACATGGCAACCATCG-1
GRCh38,AACATGGCAAGCTATC-1
GRCh38,AACATGGCAATCAGAG-1
GRCh38,AACATGGCAATCAGTC-1
GRCh38,AACATGGCACCTTCCG-1
GRCh38,AACATGGCACTGCTTC-1
GRCh38,AACATTATCCGGTAAC-1
GRCh38,AACATTATCGCGTGTG-1
GRCh38,AACATTGGTCTTGTCA-1
GRCh38,AACATTGGTGGGGTCT-1
GRCh38,AACATTGGTGTCCGGG-1
GRCh38,AACATTTCAAGCTATC-1
GRCh38,AACATTTCAGGTAAGC-1
GRCh38,AACCACTCAACAGTCT-1
GRCh38,AACCAGACACGCAACC-1
GRCh38,AACCAGGAGCTACTTC-1
GRCh38,AACCATCCACTTGACG-1
GRCh38,AACCATGTCCCAGCCT-1
GRCh38,AACCATTAGGCTCATA-1
GRCh38,AACCCCGAGGCCATAC-1
GRCh38,AACCCGAGTACCTTAT-1
GRCh38,AACCCGAGTGCATTGG-1
GRCh38,AACCCGTAGCAAACGG-1
GRCh38,AACCGAACAACGTTAC-1
GRCh38,AACCGAACAGCAGCCT-1
GRCh38,AACCGCAGTACGCATG-1
GRCh38,AACCGCAGTATATCAG-1
GRCh38,AACCGGGCAGTTGAAG-1
GRCh38,AACCTACCACGTACAT-1
GRCh38,AACGAAATCATCAGCA-1
GRCh38,AACGAAATCGTACAAT-1
GRCh38,AACGAACAGACATGTT-1
GRCh38,AACGAACAGCAGGAGC-1
GRCh38,AACGAAGGTGCATTCC-1
GRCh38,AACGAAGGTGCGTTTC-1
GRCh38,AACGACGAGACGCCCA-1
GRCh38,AACGACGAGCAGGCTT-1
GRCh38,AACGAGAGTATCTGCC-1
GRCh38,AACGAGCCAGTGGTAA-1
GRCh38,AACGATAAGACATAAG-1
GRCh38,AACGCACTCGTGCGTG-1
GRCh38,AACGCATGTCTATCGC-1
GRCh38,AACGCCAGTAAGTTTG-1
GRCh38,AACGCCAGTCGCTCTG-1
GRCh38,AACGCGAAGCACGCCA-1
GRCh38,AACGCGAAGCCAACCG-1
GRCh38,AACGCGGCAAGTGCCC-1
GRCh38,AACGCGGCACGTCGTA-1
GRCh38,AACGCGGCAGGTTCGC-1
GRCh38,AACGCTGGTATCCTAT-1
GRCh38,AACGCTGGTATGTTCT-1
GRCh38,AACGGATAGACTCGAC-1
GRCh38,AACGGATAGAGTTAAG-1
GRCh38,AACGGCGCAACGGCAG-1
GRCh38,AACGGCTTCAGTTTCC-1
GRCh38,AACGGGTCAAACTACC-1
GRCh38,AACGGGTCAGGCTACC-1
GRCh38,AACGGTACAGGAATAT-1
GRCh38,AACGGTACAGTATTAT-1
GRCh38,AACGTAAAGCCTCTTG-1
GRCh38,AACGTAAAGGTTGTGC-1
GRCh38,AACGTATTCGTCCATT-1
GRCh38,AACGTCGGTCTAGGGC-1
GRCh38,AACGTGCTCCGCTTCA-1
GRCh38,AACGTGGAGAAACCCC-1
GRCh38,AACGTGGAGGTAGACG-1
GRCh38,AACGTTCCAGTCTGCA-1
GRCh38,AACGTTGTCACAATCG-1
GRCh38,AACGTTGTCGCGCATG-1
GRCh38,AACGTTGTCGCGGATT-1
GRCh38,AACGTTTAGGGGCATA-1
GRCh38,AACGTTTAGGTCCGAT-1
GRCh38,AACTACCCACCAAATC-1
GRCh38,AACTACCCAGCTAAAG-1
GRCh38,AACTAGGCAGCGTGAG-1
GRCh38,AACTAGGCAGGACTAA-1
GRCh38,AACTCACCAACAGCGG-1
GRCh38,AACTCACCAGTGACCC-1
GRCh38,AACTCATAGGGCTGAA-1
GRCh38,AACTCCCGTGGAAGTA-1
GRCh38,AACTCCCGTGGTTGTG-1
GRCh38,AACTCCGCAACATACC-1
GRCh38,AACTCCGCAATGACCT-1
GRCh38,AACTCCGCACCCTATC-1
GRCh38,AACTCGGGTACCTATT-1
GRCh38,AACTCTACAGCGTATT-1
GRCh38,AACTCTACAGGTATTC-1
GRCh38,AACTGAAAGAGCGGGT-1
GRCh38,AACTGCGGTAACATTG-1
GRCh38,AACTGCGGTAAGTCTA-1
GRCh38,AACTGCGGTAGCAGGG-1
GRCh38,AACTGCGGTAGCAGTT-1
GRCh38,AACTGCGGTCTAGCTC-1
GRCh38,AACTGCGGTGGGTCTA-1
GRCh38,AACTGCGGTGTTAGGT-1
GRCh38,AACTTCTGTCGTTCGT-1
GRCh38,AACTTCTGTCTAAATG-1
GRCh38,AACTTCTGTCTTGGTC-1
GRCh38,AACTTGTAGCCATATG-1
GRCh38,AACTTTCGTCGCTATC-1
GRCh38,AAGCAAGGTGCATAGT-1
GRCh38,AAGCAAGGTGCGTTAG-1
GRCh38,AAGCAATCAAAATCTT-1
GRCh38,AAGCAATCAATTCAGC-1
GRCh38,AAGCAATCAATTGACC-1
GRCh38,AAGCAATCACATTCCC-1
GRCh38,AAGCAATCAGTGTAAG-1
GRCh38,AAGCACCTCAGGCACT-1
GRCh38,AAGCACCTCCTTCAAC-1
GRCh38,AAGCACCTCGCCTGCT-1
GRCh38,AAGCATAAGACGTATT-1
GRCh38,AAGCATAAGCGTCATA-1
GRCh38,AAGCATAAGGTGTTAT-1
GRCh38,AAGCATCGTCTAGGGC-1
GRCh38,AAGCATTTCAGGCACT-1
GRCh38,AAGCCAACAAGCGTTT-1
GRCh38,AAGCCAACAATGCCGC-1
GRCh38,AAGCCACTCAGCCGCA-1
GRCh38,AAGCCAGAGCAACGTC-1
GRCh38,AAGCCAGAGCGTGGAA-1
GRCh38,AAGCCCAGTCATGCAG-1
GRCh38,AAGCCGAAGAATTCGT-1
GRCh38,AAGCCGGCAGCGAAAC-1
GRCh38,AAGCCTATCACTCGTT-1
GRCh38,AAGCCTATCATCACTC-1
GRCh38,AAGCCTATCCGAATCA-1
GRCh38,AAGCGATAGAAACGCG-1
GRCh38,AAGCGATAGCGAACAG-1
GRCh38,AAGCGCCGTATCCGAG-1
GRCh38,AAGCGCCGTCTGGCTT-1
GRCh38,AAGCGGCAGATTCAAC-1
GRCh38,AAGCGTACAAAAGGAA-1
GRCh38,AAGCGTACACTTCGTC-1
GRCh38,AAGCGTACAGCCTTAG-1
GRCh38,AAGCGTCTCACCACTT-1
GRCh38,AAGCGTCTCAGCCGCA-1
GRCh38,AAGCGTGAGCGTGTTA-1
GRCh38,AAGCGTTGTCCCTTGG-1
GRCh38,AAGCTAAAGACAATAG-1
GRCh38,AAGCTAAAGCATTAAC-1
GRCh38,AAGCTAGCAAAGTACG-1
GRCh38,AAGCTAGCACGGAAAC-1
GRCh38,AAGCTATTCAAGCCTA-1
GRCh38,AAGCTATTCGCGTTAA-1
GRCh38,AAGCTCATCATTATCT-1
GRCh38,AAGCTCATCGTCATTC-1
GRCh38,AAGCTGGAGATGTATC-1
GRCh38,AAGCTGGAGATTCGTG-1
GRCh38,AAGCTTCCAAAGCAAT-1
GRCh38,AAGCTTCCAGTACGGG-1
GRCh38,AAGCTTTAGGCAGTGA-1
GRCh38,AAGGACCCACACCCAA-1
GRCh38,AAGGACCCACCTTCCG-1
GRCh38,AAGGAGGCAGCATTCG-1
GRCh38,AAGGCATAGCCTTATC-1
GRCh38,AAGGCCCGTCCTCATA-1
GRCh38,AAGGCCGCACAATGCT-1
GRCh38,AAGGCCGCACATGAAG-1
GRCh38,AAGGCTGAGATGCCAC-1
GRCh38,AAGGCTGAGCTGTAAT-1
GRCh38,AAGGCTGAGGTAGCTC-1
GRCh38,AAGGGACGTGTGGTGC-1
GRCh38,AAGGGCATCCTCTAGT-1
GRCh38,AAGGGCCAGCACGAAG-1
GRCh38,AAGGGCCAGCTTGGGT-1
GRCh38,AAGGGCCAGGTAAGAC-1
GRCh38,AAGGGGACAGGAACGT-1
GRCh38,AAGGGGACAGTCAAGA-1
GRCh38,AAGGGGCTCGGTTCGG-1
GRCh38,AAGGGTAGTCGCTATC-1
GRCh38,AAGGGTTAGACGCGTT-1
GRCh38,AAGGTAATCGCATCAA-1
GRCh38,AAGGTAGGTCACCCAT-1
GRCh38,AAGGTAGGTCTTAGCC-1
GRCh38,AAGGTCTGTCCGCATT-1
GRCh38,AAGGTCTGTCTCGTCG-1
GRCh38,AAGGTCTGTGGTTGTG-1
GRCh38,AAGGTGTAGCTAGCCG-1
GRCh38,AAGGTGTAGCTGACGT-1
GRCh38,AAGGTTAAGACTTTGG-1
GRCh38,AAGGTTAAGAGGCAGC-1
GRCh38,AAGGTTCGTACAGGTT-1
GRCh38,AAGGTTCGTAGCTTGG-1
GRCh38,AAGGTTCGTAGTCTGG-1
GRCh38,AAGTAACCACAGCACC-1
GRCh38,AAGTACAAGAAGGGCC-1
GRCh38,AAGTACGCAATTCATG-1
GRCh38,AAGTATACACTGTACG-1
GRCh38,AAGTATACAGGCATAA-1
GRCh38,AAGTCCATCGCCAATA-1
GRCh38,AAGTCCGGTACCAGAT-1
GRCh38,AAGTCGCTCAAGGGTG-1
GRCh38,AAGTCTAGTCAGCAAT-1
GRCh38,AAGTCTCCAACATCAC-1
GRCh38,AAGTCTCCAAGGCCGA-1
GRCh38,AAGTGAGGTATTGCTT-1
GRCh38,AAGTGCTGTAGTATTG-1
GRCh38,AAGTGCTGTATCGGGC-1
GRCh38,AAGTGTAAGACAACCC-1
GRCh38,AAGTGTAAGAGCGGTA-1
GRCh38,AAGTGTCGTCTTCTAG-1
GRCh38,AAGTTCGTCACAACCA-1
GRCh38,AATACAACAATAGTAA-1
GRCh38,AATACCCCACTAGAAG-1
GRCh38,AATACGAAGAGGCACA-1
GRCh38,AATACGAAGAGGCCAA-1
GRCh38,AATACGAAGATCCGTA-1
GRCh38,AATACGAAGCTAGTCA-1
GRCh38,AATACGTTCATGGCCG-1
GRCh38,AATACGTTCGGTTTAG-1
GRCh38,AATACTGGTAGTATGC-1
GRCh38,AATACTGGTATCCTGC-1
GRCh38,AATACTGGTATGTACA-1
GRCh38,AATACTGGTGGATTGT-1
GRCh38,AATATAGCAGCGTGTC-1
GRCh38,AATATCTCAAAGTTCC-1
GRCh38,AATATCTCACAGTAAG-1
GRCh38,AATATTCCAGCGACAG-1
GRCh38,AATCACCCAAGAATAC-1
GRCh38,AATCACCCAATCATGC-1
GRCh38,AATCACCCACTGCTTC-1
GRCh38,AATCACCCAGGCACTC-1
GRCh38,AATCAGCGTGTATTCT-1
GRCh38,AATCATATCACCAACA-1
GRCh38,AATCATATCCATATGG-1
GRCh38,AATCCCGCACAGCGAG-1
GRCh38,AATCCGGGTCAGGATT-1
GRCh38,AATCCGGGTCCTCTGG-1
GRCh38,AATCCGGGTCTTGGAG-1
GRCh38,AATCCGTCAAAGGACC-1
GRCh38,AATCCGTCAATCCCGA-1
GRCh38,AATCCTCTCCGTATCT-1
GRCh38,AATCCTCTCCGTGTCC-1
GRCh38,AATCGAGCAAAGGGGA-1
GRCh38,AATCGAGCAACCTAAC-1
GRCh38,AATCGGACAACTGGAA-1
GRCh38,AATCGGACACTCCGAA-1
GRCh38,AATCGGACAGCAGGCA-1
GRCh38,AATCGGCTCCTGCACC-1
GRCh38,AATCGGCTCGCGTGTG-1
GRCh38,AATCGTGTCATTAATG-1
GRCh38,AATCGTGTCCCTATGT-1
GRCh38,AATCGTGTCCTGCAAA-1
GRCh38,AATCGTGTCGGTTACA-1
GRCh38,AATCTATCACTGACGC-1
GRCh38,AATCTCACAATCTGAC-1
GRCh38,AATCTCACACCAGAGG-1
GRCh38,AATCTCACACCTACCT-1
GRCh38,AATCTCCTCCCGGGTA-1
GRCh38,AATCTCCTCCGGTCCT-1
GRCh38,AATCTTCGTATGGAGA-1
GRCh38,AATGAACCAAATACAA-1
GRCh38,AATGAACCACAGCGTC-1
GRCh38,AATGACAAGATCTCGA-1
GRCh38,AATGACGCAAACCACT-1
GRCh38,AATGACGCAGCGTAGG-1
GRCh38,AATGCAAAGAAAGCTA-1
GRCh38,AATGCAAAGCAATATC-1
GRCh38,AATGCAAAGCTGTAAT-1
GRCh38,AATGCCCAGACCTACA-1
GRCh38,AATGCGACAAAATCCC-1
GRCh38,AATGCGCTCCAACAGC-1
GRCh38,AATGCGCTCGCAATAT-1
GRCh38,AATGCGGAGCATGCAC-1
GRCh38,AATGGAGGTAATGGTC-1
GRCh38,AATGGAGGTAATTTCC-1
GRCh38,AATGGAGGTCCTACGT-1
GRCh38,AATGGCACACCGAATT-1
GRCh38,AATGGCGAGGTAGCTC-1
GRCh38,AATGGCTGTCAGCGGT-1
GRCh38,AATGGGAGTAACGAGA-1
GRCh38,AATGGGAGTAGAATGG-1
GRCh38,AATGGGTAGAGCAGCA-1
GRCh38,AATGGGTAGAGCGTAG-1
GRCh38,AATGGGTAGAGGTGAT-1
GRCh38,AATGGTAAGCAGTCCG-1
GRCh38,AATGGTAAGCTAAGCC-1
GRCh38,AATGGTAAGGCTCACG-1
GRCh38,AATGGTTTCGCCATGG-1
GRCh38,AATGGTTTCGGTGTTA-1
GRCh38,AATGTAGAGACATGCC-1
GRCh38,AATGTCAGTAAGTTGC-1
GRCh38,AATGTCAGTATCTGCC-1
GRCh38,AATGTGCGTATGTTCT-1
GRCh38,AATGTGCGTCAATTTC-1
GRCh38,AATGTGCGTCTGGTGA-1
GRCh38,AATGTGCGTGGCTAAT-1
GRCh38,AATGTTCAGAATATCC-1
GRCh38,AATGTTCAGACCCTAA-1
GRCh38,AATGTTCAGGCTTACA-1
GRCh38,AATTAAGCAAAATTTC-1
GRCh38,AATTACCAGATAGCGG-1
GRCh38,AATTACCAGCCTCGAG-1
GRCh38,AATTACCAGGGATGAT-1
GRCh38,AATTACTCAACGTGGG-1
GRCh38,AATTCCACAGTTCGCA-1
GRCh38,AATTCCCTCCAATGCA-1
GRCh38,AATTCCGAGAGCCTGT-1
GRCh38,AATTCCTGTCACCCTG-1
GRCh38,AATTCGCCAACCCATG-1
GRCh38,AATTCGCCAAGTACGA-1
GRCh38,AATTCGCCACAACTAC-1
GRCh38,AATTCGCCAGCTTTAA-1
GRCh38,AATTCGGTCAGAATAG-1
GRCh38,AATTGAACACCACACA-1
GRCh38,AATTGAGAGACTTGTG-1
GRCh38,AATTGAGAGCCATTGA-1
GRCh38,AATTGCCCAAGAATTA-1
GRCh38,AATTGCCCAGGTTCGC-1
GRCh38,AATTGGCGTGGCTTAG-1
GRCh38,AATTGGGCAAGCGCGA-1
GRCh38,AATTGGGCAATCCCGA-1
GRCh38,AATTGGGCAGGAGTCG-1
GRCh38,AATTGGGCAGGCATAA-1
GRCh38,AATTGTATCCCGGTTC-1
GRCh38,AATTGTGGTATCCGAG-1
GRCh38,AATTTCGCAAGCGCAG-1
GRCh38,AATTTCGCAGGTTTCG-1
GRCh38,AATTTGCAGACCTTTC-1
GRCh38,AATTTGCAGGGTAAGT-1
GRCh38,AATTTGGGTAGCAGGG-1
GRCh38,AATTTGGGTCTGTACC-1
GRCh38,ACAACAGCACACTCTC-1
GRCh38,ACAACATTCAGGCCAT-1
GRCh38,ACAACATTCGCGACAT-1
GRCh38,ACAACCATCCCGGTTC-1
GRCh38,ACAACCATCCGTAAAT-1
GRCh38,ACAACCATCGGTTAGC-1
GRCh38,ACAACCCAGATGGAGT-1
GRCh38,ACAACCCAGCAACGTC-1
GRCh38,ACAACCCAGGGACACA-1
GRCh38,ACAACGCTCAGGGACA-1
GRCh38,ACAACGCTCATTCATT-1
GRCh38,ACAACGGAGAGAGAGA-1
GRCh38,ACAACTGTCAGTCCTT-1
GRCh38,ACAAGACAGCCATACA-1
GRCh38,ACAAGAGGTAACGTCG-1
GRCh38,ACAAGATCAAAGCAAT-1
GRCh38,ACAAGATCACTAAGGA-1
GRCh38,ACAAGCCTCAACACGC-1
GRCh38,ACAAGCCTCACCACTT-1
GRCh38,ACAAGCCTCAGAAGTA-1
GRCh38,ACAAGCGAGCAACCGT-1
GRCh38,ACAAGCTGTACATTCT-1
GRCh38,ACAAGCTGTCTGTATT-1
GRCh38,ACAAGCTGTGTCGGGT-1
GRCh38,ACAAGTAAGATTCAGT-1
GRCh38,ACAATACTCACTGCAA-1
GRCh38,ACAATAGAGAAGCATA-1
GRCh38,ACAATAGAGATACAAG-1
GRCh38,ACAATAGAGCCACAAC-1
GRCh38,ACAATAGAGCCTACGG-1
GRCh38,ACAATCCCACACAATC-1
GRCh38,ACAATGAAGGCCATTA-1
GRCh38,ACAATGAAGGGGCGAT-1
GRCh38,ACAATGAAGGGGTTAG-1
GRCh38,ACAATGAAGGTTAATC-1
GRCh38,ACAATGGCAACGAACA-1
GRCh38,ACAATGGCAAGCGTAA-1
GRCh38,ACAATGGCAGGAATCA-1
GRCh38,ACAATTATCCATCGCC-1
GRCh38,ACAATTGGTCCATATT-1
GRCh38,ACAATTTCAATGGGAC-1
GRCh38,ACACAATTCCGTTCGC-1
GRCh38,ACACACATCCATCGTT-1
GRCh38,ACACACATCCCTAACT-1
GRCh38,ACACATTAGGTCAATT-1
GRCh38,ACACCCACAATAACTT-1
GRCh38,ACACCCACACGTTCGA-1
GRCh38,ACACCCGAGAGTGCAG-1
GRCh38,ACACCCGAGGCTCAAC-1
GRCh38,ACACCCGAGGTGAGAT-1
GRCh38,ACACCCTGTCAGGTGC-1
GRCh38,ACACCGTAGCCAGAGA-1
GRCh38,ACACCGTAGGCCCGTA-1
GRCh38,ACACCGTAGGTTATCG-1
GRCh38,ACACCTTTCACAACGC-1
GRCh38,ACACCTTTCACATTCC-1
GRCh38,ACACCTTTCCCTTCAG-1
GRCh38,ACACCTTTCCTGCATT-1
GRCh38,ACACCTTTCGTCCGCT-1
GRCh38,ACACGAACAACTCCCT-1
GRCh38,ACACGAACAAGACAGC-1
GRCh38,ACACGAACAGCCTTTC-1
GRCh38,ACACGAACAGGGTGCA-1
GRCh38,ACACGCCCAAAACGGC-1
GRCh38,ACACGCCCAAAGCAAT-1
GRCh38,ACACGGGCAATACCTA-1
GRCh38,ACACGGTTCACCCCGT-1
GRCh38,ACACGGTTCATTGTCC-1
GRCh38,ACACTACCAACTTAAT-1
GRCh38,ACACTACCACCATAAC-1
GRCh38,ACACTCCGTGGGGTAG-1
GRCh38,ACACTCGCAAGCGCAG-1
GRCh38,ACACTCGCACCCAACA-1
GRCh38,ACACTCGCACTGTAAC-1
GRCh38,ACACTCGCAGCTCCAA-1
GRCh38,ACACTTACAAGCGCGA-1
GRCh38,ACACTTACAATGCAGA-1
GRCh38,ACACTTACACTGCGTA-1
GRCh38,ACAGAACAGCCGTAAC-1
GRCh38,ACAGAACAGGTAAGGT-1
GRCh38,ACAGAATCAATCATGC-1
GRCh38,ACAGACACAATATCAT-1
GRCh38,ACAGACGAGCAAGCGA-1
GRCh38,ACAGACGAGGCCCACA-1
GRCh38,ACAGACGAGGGAGGTC-1
GRCh38,ACAGAGCCACATAACC-1
GRCh38,ACAGCACTCCGTAACA-1
GRCh38,ACAGCAGAGAGCAGCA-1
GRCh38,ACAGCAGAGCCTATGA-1
GRCh38,ACAGCATGTGTATTCT-1
GRCh38,ACAGCCCCAATGCAGA-1
GRCh38,ACAGCCCCACGGACCT-1
GRCh38,ACAGCCCCACTGGCAC-1
GRCh38,ACAGCCTAGCGGTCCA-1
GRCh38,ACAGCCTAGGTTCATG-1
GRCh38,ACAGCGAAGCAACGTC-1
GRCh38,ACAGCGAAGCGAAGCA-1
GRCh38,ACAGCGAAGGGTTGTC-1
GRCh38,ACAGCGCGTACACCCT-1
GRCh38,ACAGCGGCAATACGCT-1
GRCh38,ACAGCGGCAATCTGAC-1
GRCh38,ACAGCGTTCAATATTG-1
GRCh38,ACAGCGTTCGGTTTAG-1
GRCh38,ACAGCTATCAGTTGCA-1
GRCh38,ACAGCTATCATCAATA-1
GRCh38,ACAGCTATCCCCACGT-1
GRCh38,ACAGCTATCGGGGTAA-1
GRCh38,ACAGGCCGTGGATGTT-1
GRCh38,ACAGGCTTCCTCGCAC-1
GRCh38,ACAGGCTTCGCATAAT-1
GRCh38,ACAGGGTCAATTCGTA-1
GRCh38,ACAGGGTCAGGGTATA-1
GRCh38,ACAGGTTGTACTGTGG-1
GRCh38,ACAGGTTGTGGTTGGC-1
GRCh38,ACAGTCTCAATACGCT-1
GRCh38,ACAGTCTCACAACTTA-1
GRCh38,ACAGTTAGTCAAGTTA-1
GRCh38,ACAGTTGTCAAAGCAA-1
GRCh38,ACATAACTCGCGTCAG-1
GRCh38,ACATAAGAGAAAGCGT-1
GRCh38,ACATAAGAGCCTAAGC-1
GRCh38,ACATAAGAGGCATACC-1
GRCh38,ACATACCCAGCGACAG-1
GRCh38,ACATAGAAGCTTAAGT-1
GRCh38,ACATAGGCACTTCGAG-1
GRCh38,ACATATATCACTCCTG-1
GRCh38,ACATATGGTAACAGAG-1
GRCh38,ACATATGGTAGAGTAG-1
GRCh38,ACATATGGTCGATTCC-1
GRCh38,ACATATGGTCGGCTCC-1
GRCh38,ACATATGGTCTATCGC-1
GRCh38,ACATATTCAACAGCGG-1
GRCh38,ACATCAGTCAAGCTCA-1
GRCh38,ACATCAGTCAGGAAAC-1
GRCh38,ACATCAGTCCTCCGGT-1
GRCh38,ACATCATAGCCACATA-1
GRCh38,ACATCATAGCGACGTT-1
GRCh38,ACATCCAAGCACCAAC-1
GRCh38,ACATCCCGTCAGGTTG-1
GRCh38,ACATCCGCAACGCGTC-1
GRCh38,ACATCCGCAGTTAATT-1
GRCh38,ACATCTCTCCACCAAA-1
GRCh38,ACATCTCTCCGGTCGA-1
GRCh38,ACATCTCTCGCGGTTG-1
GRCh38,ACATCTTGTCTAGTGG-1
GRCh38,ACATCTTGTGGCACGT-1
GRCh38,ACATCTTGTGTCCCGC-1
GRCh38,ACATGAAAGACGCGTT-1
GRCh38,ACATGAAAGATGAAGC-1
GRCh38,ACATGAAAGCGTGGTT-1
GRCh38,ACATGCCAGCACCAAC-1
GRCh38,ACATGGACAAGCTATC-1
GRCh38,ACATGGACACTCATTT-1
GRCh38,ACATGGACAGCGTGTC-1
GRCh38,ACATGGGAGACCCTAA-1
GRCh38,ACATGGGAGATGTTCG-1
GRCh38,ACATGGGAGGCAATCC-1
GRCh38,ACATGTCCAGTTAGTC-1
GRCh38,ACATGTGTCAAACTAC-1
GRCh38,ACATGTTAGCGGCATT-1
GRCh38,ACATTAATCACGGGTT-1
GRCh38,ACATTAATCAGCATTG-1
GRCh38,ACATTAATCATACAAC-1
GRCh38,ACATTAGGTCACTTAT-1
GRCh38,ACATTCCTCCAAACCA-1
GRCh38,ACATTCCTCCGAAGTC-1
GRCh38,ACATTCGAGCTGTATG-1
GRCh38,ACATTCGAGGGCATGA-1
GRCh38,ACATTCTGTCGTACCT-1
GRCh38,ACATTCTGTGCACTCT-1
GRCh38,ACATTCTGTGCGTATG-1
GRCh38,ACATTGGTCATTGGCA-1
GRCh38,ACATTTCGTCATAGGT-1
GRCh38,ACATTTCGTCGTATAA-1
GRCh38,ACCAACATCAGAAGTA-1
GRCh38,ACCAAGCTCCATGGGT-1
GRCh38,ACCAATTAGAACAGAC-1
GRCh38,ACCAATTAGCAAGATA-1
GRCh38,ACCAATTAGCTGCACG-1
GRCh38,ACCACATCAATGCTTA-1
GRCh38,ACCACGAGTATACGGT-1
GRCh38,ACCACGAGTCGTTGCT-1
GRCh38,ACCACGAGTGCCCCTA-1
GRCh38,ACCACGTAGACAAGCG-1
GRCh38,ACCACGTAGGCGTGTT-1
GRCh38,ACCACTCGTCCGGCCT-1
GRCh38,ACCACTCGTGGCGCAT-1
GRCh38,ACCAGAACAAAGGAGG-1
GRCh38,ACCAGAACACGCAACC-1
GRCh38,ACCAGAACACTCACCT-1
GRCh38,ACCAGATGTAGGTAAG-1
GRCh38,ACCAGGAAGCACGGAA-1
GRCh38,ACCATCCGTATCCTGC-1
GRCh38,ACCATCGCACCCATAG-1
GRCh38,ACCATCGCACCCTTTA-1
GRCh38,ACCATCTTCCAACACA-1
GRCh38,ACCATCTTCCCATATC-1
GRCh38,ACCATCTTCCGAACAC-1
GRCh38,ACCATCTTCGGACTTA-1
GRCh38,ACCATGCAGCGTACAC-1
GRCh38,ACCCAAATCATGACCA-1
GRCh38,ACCCAAATCCTGTTAC-1
GRCh38,ACCCAAATCGCATACA-1
GRCh38,ACCCAACAGCTTGAAT-1
GRCh38,ACCCAACAGGGAATTA-1
GRCh38,ACCCACACAAATTCGC-1
GRCh38,ACCCACACACTCACCT-1
GRCh38,ACCCACGAGAAAGGTC-1
GRCh38,ACCCACGAGAAGCGTG-1
GRCh38,ACCCATAAGAAACCCC-1
GRCh38,ACCCATCGTAGTGTTA-1
GRCh38,ACCCATCGTCTAGGTG-1
GRCh38,ACCCATTTCACTCGCC-1
GRCh38,ACCCATTTCCTCGGCT-1
GRCh38,ACCCCAACAAGACAGC-1
GRCh38,ACCCCAACACTTAAGC-1
GRCh38,ACCCCAGAGAATTCCG-1
GRCh38,ACCCCAGAGCGCCTAG-1
GRCh38,ACCCCAGAGCGTTCAA-1
GRCh38,ACCCCATGTCCATATT-1
GRCh38,ACCCCGAAGATGGAGT-1
GRCh38,ACCCCGAAGGCAACGA-1
GRCh38,ACCCCGTTCATGCAAT-1
GRCh38,ACCCCGTTCGCAATTG-1
GRCh38,ACCCCGTTCGCCTCTA-1
GRCh38,ACCCCTATCACGCAAC-1
GRCh38,ACCCGACCACGCATCA-1
GRCh38,ACCCGATAGCGTCTAA-1
GRCh38,ACCCGATAGCTTGTAG-1
GRCh38,ACCCGATAGGTCCTCC-1
GRCh38,ACCCGCAAGCAGCCCA-1
GRCh38,ACCCGCTTCAATTATG-1
GRCh38,ACCCGCTTCCGTCATT-1
GRCh38,ACCCGTACACACGGTC-1
GRCh38,ACCCGTACACGATGGG-1
GRCh38,ACCCGTGAGAAATTGG-1
GRCh38,ACCCGTGAGATCGATT-1
GRCh38,ACCCTAAAGAACTAGA-1
GRCh38,ACCCTAAAGAAGGCGC-1
GRCh38,ACCCTAAAGCCAAACC-1
GRCh38,ACCCTAAAGCGCGATT-1
GRCh38,ACCCTAGCAAAATGAC-1
GRCh38,ACCCTAGCACATATCA-1
GRCh38,ACCCTATTCATTAAGC-1
GRCh38,ACCCTCTCAGGTATTC-1
GRCh38,ACCCTGCTCAAAGCCC-1
GRCh38,ACCCTGCTCCACACCC-1
GRCh38,ACCCTGCTCGGCATTA-1
GRCh38,ACCCTTAGTCGAGGGA-1
GRCh38,ACCCTTTAGCGTTCAA-1
GRCh38,ACCTAACCAAGCATTC-1
GRCh38,ACCTACGCACTTCGTC-1
GRCh38,ACCTAGGGTACGGTCA-1
GRCh38,ACCTAGTCAATCGACT-1
GRCh38,ACCTAGTCAGCACACC-1
GRCh38,ACCTAGTCAGTCCACA-1
GRCh38,ACCTATACAATATTAC-1
GRCh38,ACCTATTGTATCATGA-1
GRCh38,ACCTATTGTCAGTGCA-1
GRCh38,ACCTATTGTCGATTGG-1
GRCh38,ACCTATTGTGGCCCCT-1
GRCh38,ACCTCCATCACCACAA-1
GRCh38,ACCTCTGTCCTGCTAT-1
GRCh38,ACCTGCACACAACGAA-1
GRCh38,ACCTGCGAGACCTATG-1
GRCh38,ACCTGCGAGCTTGTCT-1
GRCh38,ACCTGCTGTCGGTTTC-1
GRCh38,ACCTGTAAGGTTGCGT-1
GRCh38,ACCTGTCGTACCCCTG-1
GRCh38,ACCTGTCGTACCTTTG-1
GRCh38,ACCTGTCGTCATAGTA-1
GRCh38,ACCTGTCGTCTCTAAT-1
GRCh38,ACCTGTCGTCTGTTGC-1
GRCh38,ACCTTAACAATTCGTA-1
GRCh38,ACCTTAACAGTATAGG-1
GRCh38,ACCTTGCGTATAGGAG-1
GRCh38,ACCTTGCGTATCCCCG-1
GRCh38,ACCTTTCAGCAATGCC-1
GRCh38,ACCTTTCAGGCGTTAC-1
GRCh38,ACGAAAGGTCACGTAG-1
GRCh38,ACGAAAGGTGGATATC-1
GRCh38,ACGAAAGGTGGCGCTG-1
GRCh38,ACGAAATCAAGCGCGA-1
GRCh38,ACGAACACAAAAGCCA-1
GRCh38,ACGAACACACTCCGAA-1
GRCh38,ACGAACACACTCGGGT-1
GRCh38,ACGAACCTCCGGAAAG-1
GRCh38,ACGAACCTCCGTACAA-1
GRCh38,ACGAACGAGACTGTTG-1
GRCh38,ACGAACGAGGGAAACT-1
GRCh38,ACGAAGCCAACCCGAC-1
GRCh38,ACGAAGCCACCCAACA-1
GRCh38,ACGAAGTAGATAGCGG-1
GRCh38,ACGAAGTAGATGGCGA-1
GRCh38,ACGAAGTAGCCAGAGA-1
GRCh38,ACGAAGTAGCCCTTAT-1
GRCh38,ACGAAGTAGCTGCATA-1
GRCh38,ACGAAGTAGGCCATTA-1
GRCh38,ACGACACTCCATGCTT-1
GRCh38,ACGACACTCGTTGCCC-1
GRCh38,ACGACAGAGCTATCGA-1
GRCh38,ACGACGAAGACCCACG-1
GRCh38,ACGACGAAGAGGTTAA-1
GRCh38,ACGACGAAGGCATACC-1
GRCh38,ACGACTATCCGGCATG-1
GRCh38,ACGAGACCAACCATCG-1
GRCh38,ACGAGACCACAGTTAC-1
GRCh38,ACGAGGTCACTAAGTC-1
GRCh38,ACGATAGCAATGGGAC-1
GRCh38,ACGATATTCATAATCA-1
GRCh38,ACGATATTCCAAGCTA-1
GRCh38,ACGATATTCGTAACTG-1
GRCh38,ACGATGGAGAGGTTGG-1
GRCh38,ACGATGGAGATGATGA-1
GRCh38,ACGCAACTCACAGACC-1
GRCh38,ACGCAATGTCCCTGAT-1
GRCh38,ACGCAATGTCGCGTGG-1
GRCh38,ACGCACCCAATCCGCA-1
GRCh38,ACGCACCCAATGCGCC-1
GRCh38,ACGCACCCACCAGGGA-1
GRCh38,ACGCACCCACGCCTAA-1
GRCh38,ACGCACCCAGGCGTTC-1
GRCh38,ACGCAGGCAGTGAGGT-1
GRCh38,ACGCAGTTCACTTCGT-1
GRCh38,ACGCAGTTCCATTACC-1
GRCh38,ACGCAGTTCGCTGGCA-1
GRCh38,ACGCATATCACAGACC-1
GRCh38,ACGCATATCCCGCCAT-1
GRCh38,ACGCATGGTCGTCAGA-1
GRCh38,ACGCCACCACACTCTC-1
GRCh38,ACGCCATAGGCACGTT-1
GRCh38,ACGCCCAAGGCTTAAT-1
GRCh38,ACGCCCAAGGGCCATT-1
GRCh38,ACGCCGGGTCACTCCG-1
GRCh38,ACGCCGGGTGGGGATG-1
GRCh38,ACGCCTCTCAGTAAAG-1
GRCh38,ACGCCTCTCCTCCAAT-1
GRCh38,ACGCGAAAGAGAGGAA-1
GRCh38,ACGCGAAAGATAGGGT-1
GRCh38,ACGCGAAAGGGAGAGG-1
GRCh38,ACGCGAGCAAGCCGAG-1
GRCh38,ACGCGAGCACCCTTTA-1
GRCh38,ACGCGCATCACTCCAT-1
GRCh38,ACGCGCATCCCGGCTT-1
GRCh38,ACGCGCATCCGATGGT-1
GRCh38,ACGCGCGGTAGCCTTC-1
GRCh38,ACGCGCGGTCAGCAAT-1
GRCh38,ACGCGCGGTCCGTGTT-1
GRCh38,ACGCGCGGTCGATTCC-1
GRCh38,ACGCGCGGTGGACGCT-1
GRCh38,ACGCGCTCACACAGCC-1
GRCh38,ACGCGCTCACGCAGCT-1
GRCh38,ACGCGTGTCATGGTAT-1
GRCh38,ACGCGTGTCCTTAATT-1
GRCh38,ACGCTAATCAAATCAC-1
GRCh38,ACGCTCACACATCGGC-1
GRCh38,ACGCTGAGTATGCGCA-1
GRCh38,ACGCTGAGTCGCGTCC-1
GRCh38,ACGCTGAGTGGGTCTA-1
GRCh38,ACGCTGTAGATAGGCG-1
GRCh38,ACGCTTCGTAACCCCT-1
GRCh38,ACGGACGCACCCTATC-1
GRCh38,ACGGACGCAGCATGGG-1
GRCh38,ACGGACGCAGGTTAGA-1
GRCh38,ACGGACGCAGTAGCCC-1
GRCh38,ACGGAGCAGCATGGTC-1
GRCh38,ACGGATTGTCGTTCCG-1
GRCh38,ACGGCAGCAAATTTCG-1
GRCh38,ACGGCCATCACTCATC-1
GRCh38,ACGGCCATCGTATCGA-1
GRCh38,ACGGGATCACACTACG-1
GRCh38,ACGGGCTGTCGCATCT-1
GRCh38,ACGGGCTGTCGCGTCC-1
GRCh38,ACGGGCTGTGGCGAGA-1
GRCh38,ACGGGGTAGCCGTCGA-1
GRCh38,ACGGGGTAGGGAGGTC-1
GRCh38,ACGGGTAAGACCCTTT-1
GRCh38,ACGGGTAAGCTTGATG-1
GRCh38,ACGGGTAAGGTCCTTT-1
GRCh38,ACGGGTCGTAATACTG-1
GRCh38,ACGGGTCGTAATCCGG-1
GRCh38,ACGGGTCGTATGCCTC-1
GRCh38,ACGGGTTTCACAGCTA-1
GRCh38,ACGGTCAGTGCTTGTC-1
GRCh38,ACGGTCCCAAAGGGAG-1
GRCh38,ACGGTCCCAATCGCGC-1
GRCh38,ACGGTCCCACCTGTAG-1
GRCh38,ACGGTCGTCACAGCAC-1
GRCh38,ACGGTGCGTCCTATGC-1
GRCh38,ACGGTGCGTGTGTCCT-1
GRCh38,ACGGTGTTCACCACAA-1
GRCh38,ACGGTGTTCATGAAAG-1
GRCh38,ACGGTGTTCGTACATG-1
GRCh38,ACGGTTATCAAAGGTA-1
GRCh38,ACGGTTATCCCACTAT-1
GRCh38,ACGGTTATCGCACTCC-1
GRCh38,ACGGTTGGTATCTTCG-1
GRCh38,ACGTAAGCAACACTCG-1
GRCh38,ACGTAAGCAACCTACG-1
GRCh38,ACGTAAGCACTGCTTC-1
GRCh38,ACGTAATTCCCCTAAT-1
GRCh38,ACGTAATTCCGGACCA-1
GRCh38,ACGTAATTCGCTGAGT-1
GRCh38,ACGTACTCAAGCGCAG-1
GRCh38,ACGTACTCAAGGTTCT-1
GRCh38,ACGTATGTCACAACGC-1
GRCh38,ACGTATGTCCATTCCG-1
GRCh38,ACGTATTAGATGCCCG-1
GRCh38,ACGTATTAGCTAGTAT-1
GRCh38,ACGTCAATCCCGAAAC-1
GRCh38,ACGTCACAGCACCATA-1
GRCh38,ACGTCAGGTACATCCC-1
GRCh38,ACGTCAGGTACCTCCG-1
GRCh38,ACGTCCACAGCACACC-1
GRCh38,ACGTCCCTCCCAATTC-1
GRCh38,ACGTCGCCAATGGGCG-1
GRCh38,ACGTCGGTCCAATTGG-1
GRCh38,ACGTCGGTCCCCTAAT-1
GRCh38,ACGTCGGTCCGAATGC-1
GRCh38,ACGTCTCGTGCTCGGG-1
GRCh38,ACGTCTCGTGGACCGT-1
GRCh38,ACGTGATGTCTAACGG-1
GRCh38,ACGTGCAGTCTCTAAT-1
GRCh38,ACGTGCAGTGCCTTTA-1
GRCh38,ACGTGCCCAATCGCAT-1
GRCh38,ACGTGCCCACCATCGA-1
GRCh38,ACGTGCCCAGGCCTTA-1
GRCh38,ACGTGGGCAACAAGAT-1
GRCh38,ACGTGGGCAGCATGCC-1
GRCh38,ACGTGGTTCACATTAA-1
GRCh38,ACGTGGTTCCCTAGGG-1
GRCh38,ACGTGTCAGCGATTGC-1
GRCh38,ACGTGTCAGGTCCTCC-1
GRCh38,ACGTTACCAAACGCGG-1
GRCh38,ACGTTACCAATCAACC-1
GRCh38,ACGTTACCACAGTGGG-1
GRCh38,ACGTTATAGGCCATGT-1
GRCh38,ACGTTCCGTAACGTCG-1
GRCh38,ACGTTCGCACTGTAAC-1
GRCh38,ACGTTTACAATGTGTC-1
GRCh38,ACTAAACTCAATCTCC-1
GRCh38,ACTAAACTCACTACTC-1
GRCh38,ACTAACCCAAATACCC-1
GRCh38,ACTAACCCAGGCTTCA-1
GRCh38,ACTAACGTCCCGCACT-1
GRCh38,ACTAAGGCACCATCGA-1
GRCh38,ACTAAGGCAGGCCTTA-1
GRCh38,ACTAATGGTCGAGGAG-1
GRCh38,ACTACATAGACGTGTC-1
GRCh38,ACTACATAGCTTGTGA-1
GRCh38,ACTACCTTCCGGAATC-1
GRCh38,ACTACCTTCGGTCATA-1
GRCh38,ACTACTCTCACAACAT-1
GRCh38,ACTACTCTCATAGTGT-1
GRCh38,ACTACTCTCCATTCCG-1
GRCh38,ACTACTCTCCCCACGT-1
GRCh38,ACTACTCTCGTAGCAC-1
GRCh38,ACTACTTGTGCCCTAT-1
GRCh38,ACTATAATCGCATCGG-1
GRCh38,ACTATAGGTATAGCGT-1
GRCh38,ACTATAGGTCGCCCTA-1
GRCh38,ACTATATCACCATACG-1
GRCh38,ACTATATCAGTCATCG-1
GRCh38,ACTATATCAGTTAGCT-1
GRCh38,ACTATCACAGCGTGAG-1
GRCh38,ACTATCCTCACTCCCA-1
GRCh38,ACTATCCTCCAGTCCC-1
GRCh38,ACTATCGAGCATGGTC-1
GRCh38,ACTATCGAGGCCATGT-1
GRCh38,ACTATGAGTACTCATT-1
GRCh38,ACTATGAGTCTAGGTG-1
GRCh38,ACTATGAGTGTAATTG-1
GRCh38,ACTATGTAGCATAACT-1
GRCh38,ACTATGTAGCGCCTAG-1
GRCh38,ACTATGTAGCTGTTGA-1
GRCh38,ACTATTCGTAAACCGT-1
GRCh38,ACTCAGCAGAGCTTTG-1
GRCh38,ACTCAGCAGCACTGCG-1
GRCh38,ACTCAGGGTATGTCGG-1
GRCh38,ACTCAGGGTCTATCCA-1
GRCh38,ACTCATACAATGGGGT-1
GRCh38,ACTCATCTCACGCCCT-1
GRCh38,ACTCATCTCCTTGTGT-1
GRCh38,ACTCATCTCGCTTTAC-1
GRCh38,ACTCATCTCGTAGATT-1
GRCh38,ACTCCAAAGAGAAGGA-1
GRCh38,ACTCCAAAGCTCAGCG-1
GRCh38,ACTCCATTCACTGACA-1
GRCh38,ACTCCATTCGCGGCTA-1
GRCh38,ACTCCCATCACATCAG-1
GRCh38,ACTCCCATCCAACGTA-1
GRCh38,ACTCCCATCGTGCTAA-1
GRCh38,ACTCCGCTCAAGGGGC-1
GRCh38,ACTCCTGTCAACTCCT-1
GRCh38,ACTCCTGTCCAAAGCC-1
GRCh38,ACTCCTGTCCCACCTA-1
GRCh38,ACTCGCACACCGCATA-1
GRCh38,ACTCGCCTCAGGCTTA-1
GRCh38,ACTCGCCTCAGTTTCC-1
GRCh38,ACTCGCCTCATCCTAC-1
GRCh38,ACTCGCCTCGTACGTA-1
GRCh38,ACTCTATGTACTTCGC-1
GRCh38,ACTCTATGTCTAACCC-1
GRCh38,ACTCTCCCAACAAGAT-1
GRCh38,ACTCTCCCAAGCGAGT-1
GRCh38,ACTCTCCCACAATAGG-1
GRCh38,ACTCTCGTCAAGCGTC-1
GRCh38,ACTCTCGTCAGTACTG-1
GRCh38,ACTCTCGTCCGGTTAA-1
GRCh38,ACTCTTATCACCCTAT-1
GRCh38,ACTCTTATCCTACAAG-1
GRCh38,ACTGAAGCAGTAACCT-1
GRCh38,ACTGACATCCTTAACC-1
GRCh38,ACTGAGACAACCTATA-1
GRCh38,ACTGATTAGGCAGGGT-1
GRCh38,ACTGATTAGGGGCTTT-1
GRCh38,ACTGCAATCAGTATCG-1
GRCh38,ACTGCAATCCCTGATT-1
GRCh38,ACTGCACAGGCTGTCG-1
GRCh38,ACTGCATCACCGAATT-1
GRCh38,ACTGCCACACTTAAGC-1
GRCh38,ACTGCCACAGTGCGTC-1
GRCh38,ACTGCCCTCACTGCCC-1
GRCh38,ACTGCCCTCCCCACTA-1
GRCh38,ACTGCCCTCGTGCAGT-1
GRCh38,ACTGCCGAGCTAGCGT-1
GRCh38,ACTGCCGAGGGAATGT-1
GRCh38,ACTGCGAGTAGGCTCA-1
GRCh38,ACTGCGAGTCTTGTAT-1
GRCh38,ACTGCGAGTGCTATCC-1
GRCh38,ACTGCGAGTGGCGCAT-1
GRCh38,ACTGCGTAGCGTAACC-1
GRCh38,ACTGGAACAATCCGCA-1
GRCh38,ACTGGAACACGACCTA-1
GRCh38,ACTGGAACAGGTCGTC-1
GRCh38,ACTGGATGTGGCGTGT-1
GRCh38,ACTGGCGTCCTCTGCA-1
GRCh38,ACTGGGCGTGCCTTCG-1
GRCh38,ACTGTCGCAGCATAAG-1
GRCh38,ACTGTCTTCCATTCAC-1
GRCh38,ACTGTGGGTCCACGTT-1
GRCh38,ACTGTTCTCACACATG-1
GRCh38,ACTGTTCTCCCCACGT-1
GRCh38,ACTTAAATCATCGGCG-1
GRCh38,ACTTAACAGGGAATCG-1
GRCh38,ACTTAAGGTAACCCGA-1
GRCh38,ACTTAAGGTACTTCAT-1
GRCh38,ACTTAAGGTCCTTCCC-1
GRCh38,ACTTAAGGTGCTGCCC-1
GRCh38,ACTTAATCACTACTTT-1
GRCh38,ACTTAATCACTTCTCA-1
GRCh38,ACTTACACACTGCACA-1
GRCh38,ACTTACGAGCTGACGT-1
GRCh38,ACTTAGCCAACGCAGG-1
GRCh38,ACTTCATGTAACGCCA-1
GRCh38,ACTTCCGTCACTGCAA-1
GRCh38,ACTTCCGTCCACCTCA-1
GRCh38,ACTTCCGTCCAGTAAT-1
GRCh38,ACTTCGCGTCGAAGGG-1
GRCh38,ACTTCGCGTCGACAGC-1
GRCh38,ACTTCGTTCAATATCA-1
GRCh38,ACTTCGTTCGTATTCC-1
GRCh38,ACTTCTATCCGCATAA-1
GRCh38,ACTTGCCGTACTTTCG-1
GRCh38,ACTTGGGGTAATGTGC-1
GRCh38,ACTTGGGGTATGGCGC-1
GRCh38,ACTTGTCTCGCTAATG-1
GRCh38,ACTTTCCAGCATTGCA-1
GRCh38,ACTTTCCAGCCGCTAG-1
GRCh38,ACTTTCCAGCTCTCAT-1
GRCh38,ACTTTCCAGGCATACC-1
GRCh38,ACTTTCGGTAACTCGG-1
GRCh38,ACTTTCGGTAGAGGCG-1
GRCh38,ACTTTGGAGCCACGAT-1
GRCh38,ACTTTGGAGCCTTAAG-1
GRCh38,ACTTTGGAGCTACACA-1
GRCh38,ACTTTGGAGGGTAGCA-1
GRCh38,AGAAGCCCAAAGTAAC-1
GRCh38,AGAAGCCCAACTGGAA-1
GRCh38,AGAAGCCCACAAGGGT-1
GRCh38,AGAAGCTAGCCACGAT-1
GRCh38,AGAAGGAAGCATGCAC-1
GRCh38,AGAAGGAAGCGCATTA-1
GRCh38,AGAAGGAAGCGGTTAC-1
GRCh38,AGAAGGAAGCGTTAAT-1
GRCh38,AGAATACCAGTTGCGC-1
GRCh38,AGAATCAAGACTGTTG-1
GRCh38,AGAATCAAGATGGGGC-1
GRCh38,AGAATGGGTGCGCTGG-1
GRCh38,AGAATTACAATGTATT-1
GRCh38,AGAATTACAGCTTCAG-1
GRCh38,AGAATTGAGCGGCATT-1
GRCh38,AGACAGCCAAAACGGC-1
GRCh38,AGACAGCCACCCAGTA-1
GRCh38,AGACAGGTCACGAACC-1
GRCh38,AGACATAAGCACCATA-1
GRCh38,AGACATAAGCGGTCCA-1
GRCh38,AGACATTTCACGCCCT-1
GRCh38,AGACATTTCCAGCAAC-1
GRCh38,AGACGATAGCTATGGC-1
GRCh38,AGACGATAGGTCCTTT-1
GRCh38,AGACGCAAGACATAAG-1
GRCh38,AGACGCTTCCAGCCCT-1
GRCh38,AGACGCTTCCGGTGCA-1
GRCh38,AGACGGGGTAATGGGA-1
GRCh38,AGACGGGGTATAAGCC-1
GRCh38,AGACGTACACAATGCT-1
GRCh38,AGACTCATCAAGCACC-1
GRCh38,AGACTCATCGGTCCTC-1
GRCh38,AGACTCGGTGTGTTCC-1
GRCh38,AGACTGCTCAACATTA-1
GRCh38,AGACTTGTCATCGCGG-1
GRCh38,AGACTTTAGCAGTAGG-1
GRCh38,AGACTTTAGCGCTTGG-1
GRCh38,AGAGAACTCCGAGTGT-1
GRCh38,AGAGAATGTGTCCATC-1
GRCh38,AGAGACCCAACGGTCC-1
GRCh38,AGAGACCCACCTTACC-1
GRCh38,AGAGACCCACTGACCA-1
GRCh38,AGAGACCCAGTGAAGC-1
GRCh38,AGAGAGGCAACCCGTA-1
GRCh38,AGAGATTCAGCTCCAA-1
GRCh38,AGAGATTCAGGGGCTA-1
GRCh38,AGAGGAAAGCACTGCG-1
GRCh38,AGAGGAAAGGGGATCA-1
GRCh38,AGAGGAAAGGTGATTT-1
GRCh38,AGAGGCGGTCCATAGG-1
GRCh38,AGAGGGACAAGCATAG-1
GRCh38,AGAGGGTGTGGAAAGC-1
GRCh38,AGAGGTAGTACGCATG-1
GRCh38,AGAGGTAGTACTATGA-1
GRCh38,AGAGGTAGTGCTTCTA-1
GRCh38,AGAGGTCCAAAACTCC-1
GRCh38,AGAGGTCCAGCATCCA-1
GRCh38,AGAGGTCCAGGAGTTA-1
GRCh38,AGAGTAATCACTGCCC-1
GRCh38,AGAGTAATCAGTATGT-1
GRCh38,AGAGTAATCCAATACG-1
GRCh38,AGAGTTAAGCGCGATT-1
GRCh38,AGCAAATCACAGTCAT-1
GRCh38,AGCAAGCCAAAAGCCA-1
GRCh38,AGCAAGCCAACGTCCA-1
GRCh38,AGCAAGCCAAGTCGGG-1
GRCh38,AGCAATCGTGCTAGAT-1
GRCh38,AGCACAACAAGACGTA-1
GRCh38,AGCACAACACAATGGA-1
GRCh38,AGCACAACACCCAGAC-1
GRCh38,AGCAGATAGAGGGTGC-1
GRCh38,AGCAGATAGCGGCTTG-1
GRCh38,AGCAGATAGGGAAATC-1
GRCh38,AGCAGCAAGGCTATGC-1
GRCh38,AGCAGGGGTAGGAGGT-1
GRCh38,AGCAGGGGTCGTACCT-1
GRCh38,AGCAGGGGTCTAAGCG-1
GRCh38,AGCAGGGGTGGTTTGG-1
GRCh38,AGCAGTTGTCTGACTC-1
GRCh38,AGCATAGCACGGTATT-1
GRCh38,AGCATATTCACCAACA-1
GRCh38,AGCATATTCGTCACCC-1
GRCh38,AGCATATTCGTTAGCA-1
GRCh38,AGCATCATCCCACTAT-1
GRCh38,AGCATCGGTAACCCCT-1
GRCh38,AGCATGGAGCCGTTGG-1
GRCh38,AGCATGGAGGTCCTAA-1
GRCh38,AGCATTGTCACAATTA-1
GRCh38,AGCATTGTCCAGCCCT-1
GRCh38,AGCATTGTCCCGCTGT-1
GRCh38,AGCATTTAGCGACGTT-1
GRCh38,AGCATTTAGCTCGAAC-1
GRCh38,AGCCAACTCAAACCAT-1
GRCh38,AGCCAACTCAATCATA-1
GRCh38,AGCCAACTCAGTCAAT-1
GRCh38,AGCCAACTCCTTCATA-1
GRCh38,AGCCATATCCCTACAT-1
GRCh38,AGCCATATCGCCACTC-1
GRCh38,AGCCATTCAGTGCTCA-1
GRCh38,AGCCCCAAGACACCCG-1
GRCh38,AGCCCCAAGACGGGGT-1
GRCh38,AGCCCCAAGCGGTTCG-1
GRCh38,AGCCCCAAGGGCGGAT-1
GRCh38,AGCCGAAAGCCATATG-1
GRCh38,AGCCGTCCACTGATTA-1
GRCh38,AGCCGTGTCACATCTC-1
GRCh38,AGCCGTGTCGGCTTAA-1
GRCh38,AGCCGTTAGCATCGAC-1
GRCh38,AGCCTCCTCAGGGTCT-1
GRCh38,AGCCTCCTCCTCCTTC-1
GRCh38,AGCCTCTGTAACTCCC-1
GRCh38,AGCCTGTAGGCTCGTG-1
GRCh38,AGCCTGTAGGTGCTAC-1
GRCh38,AGCCTTCGTAGGAGTA-1
GRCh38,AGCGAACCAATACGCT-1
GRCh38,AGCGAACCAGGAGTTA-1
GRCh38,AGCGAATAGCGTTCAA-1
GRCh38,AGCGAGTCAACACTTA-1
GRCh38,AGCGAGTCAGTCATCG-1
GRCh38,AGCGATGAGACTTTCC-1
GRCh38,AGCGCATTCGTATTCC-1
GRCh38,AGCGCCATCCAGTCCC-1
GRCh38,AGCGCGACACACTACG-1
GRCh38,AGCGCTCCACAAGCGG-1
GRCh38,AGCGCTCCACAAGGGT-1
GRCh38,AGCGCTCCAGCCAAGG-1
GRCh38,AGCGGACAGCAGGGTA-1
GRCh38,AGCGGACAGCGATTCA-1
GRCh38,AGCGGGAGTAGGATTC-1
GRCh38,AGCGGGAGTAGTTATG-1
GRCh38,AGCGGGAGTGTGCAAT-1
GRCh38,AGCGGGTAGGCTCATA-1
GRCh38,AGCGGTCGTGGAACTT-1
GRCh38,AGCGTAACACTACTAA-1
GRCh38,AGCGTAACACTCGACA-1
GRCh38,AGCGTACTCAACGAAA-1
GRCh38,AGCGTAGAGCAAGCCT-1
GRCh38,AGCGTATGTAAATTCG-1
GRCh38,AGCGTCCCAAAGTCTC-1
GRCh38,AGCGTGAAGCTCGTGG-1
GRCh38,AGCGTGAAGGTCTATG-1
GRCh38,AGCGTGCGTGCGAAGG-1
GRCh38,AGCGTGTTCCGGAATC-1
GRCh38,AGCGTTGGTACACCCT-1
GRCh38,AGCTAATTCAACTATA-1
GRCh38,AGCTATCCAATATTCG-1
GRCh38,AGCTATCCAATGCATC-1
GRCh38,AGCTATCCACTAATAT-1
GRCh38,AGCTATCCACTCAATA-1
GRCh38,AGCTATGTCATCCCCA-1
GRCh38,AGCTGATGTACGTGCA-1
GRCh38,AGCTGATGTCATAAGC-1
GRCh38,AGCTGCCCAAGCAAGC-1
GRCh38,AGCTGTATCAAGGTAA-1
GRCh38,AGCTGTATCACAGTTG-1
GRCh38,AGCTGTATCCTTCAAC-1
GRCh38,AGCTGTGGTCAAGGTT-1
GRCh38,AGCTTACCACATACCG-1
GRCh38,AGCTTACCAGCTAGCC-1
GRCh38,AGCTTAGTCCTTAACC-1
GRCh38,AGCTTATAGGCTTACA-1
GRCh38,AGCTTATAGGGCGGAT-1
GRCh38,AGCTTCCGTCGCTGGG-1
GRCh38,AGCTTGCAGCCGTTGG-1
GRCh38,AGCTTGGGTAAGGGTA-1
GRCh38,AGCTTGGGTAGGACGG-1
GRCh38,AGCTTTGAGCATTAAC-1
GRCh38,AGGAAACTCAGGGTTC-1
GRCh38,AGGAAATGTACAGCAT-1
GRCh38,AGGAAATGTCACCGCC-1
GRCh38,AGGAATTCAGGCTACC-1
GRCh38,AGGACACCAAAATCAA-1
GRCh38,AGGACACCAACAACAG-1
GRCh38,AGGACACCAGCATGCC-1
GRCh38,AGGACATAGAAGGCAT-1
GRCh38,AGGACCAAGAAAGCGT-1
GRCh38,AGGACCCGTACATTAG-1
GRCh38,AGGACCCGTAGCGTGC-1
GRCh38,AGGACCCGTAGGCATT-1
GRCh38,AGGACCCGTATACGGT-1
GRCh38,AGGACCGCAACTCCGA-1
GRCh38,AGGACGCAGCTACGTA-1
GRCh38,AGGACGGGTCTAAGGT-1
GRCh38,AGGACTACAATTCTAG-1
GRCh38,AGGACTACACAATCCG-1
GRCh38,AGGACTACACTGACGC-1
GRCh38,AGGACTCTCATCAATA-1
GRCh38,AGGAGCCAGCGGCTTG-1
GRCh38,AGGAGCCAGGGAGCGT-1
GRCh38,AGGAGGACAGCTATTA-1
GRCh38,AGGAGGACAGTATGCT-1
GRCh38,AGGAGGTGTCTCCGGC-1
GRCh38,AGGAGGTGTGGCATTG-1
GRCh38,AGGAGTAGTAGCCTCT-1
GRCh38,AGGAGTAGTCTATCGC-1
GRCh38,AGGAGTAGTGTCGCCC-1
GRCh38,AGGAGTTAGAAAGCCG-1
GRCh38,AGGAGTTAGCGCTGTG-1
GRCh38,AGGAGTTAGGGTATCC-1
GRCh38,AGGAGTTAGGTTAATC-1
GRCh38,AGGATAGGTAAACCGT-1
GRCh38,AGGATAGGTGCCCCTA-1
GRCh38,AGGATAGGTGGATAAG-1
GRCh38,AGGATATCACCTACGA-1
GRCh38,AGGATATCAGCAACGG-1
GRCh38,AGGATATCAGGAAACC-1
GRCh38,AGGATCACAACTCCCT-1
GRCh38,AGGATTCGTACTTATC-1
GRCh38,AGGCACAAGCACGTCG-1
GRCh38,AGGCACTTCGTCTCCA-1
GRCh38,AGGCAGCAGCAGGAGC-1
GRCh38,AGGCAGGGTATGATGC-1
GRCh38,AGGCAGGGTCCCAATC-1
GRCh38,AGGCAGGGTCGTAATA-1
GRCh38,AGGCATTGTGTTCGTC-1
GRCh38,AGGCCAAAGCTAGTAT-1
GRCh38,AGGCCATTCCAGCTAA-1
GRCh38,AGGCCATTCCATTCTA-1
GRCh38,AGGCCATTCGTAATTA-1
GRCh38,AGGCCCATCAGCATTG-1
GRCh38,AGGCCCATCCAGTAGC-1
GRCh38,AGGCCCATCCTTAGCT-1
GRCh38,AGGCCCATCGTGCATA-1
GRCh38,AGGCCCGGTATTGGTA-1
GRCh38,AGGCCCGGTGTCGATG-1
GRCh38,AGGCCGACAATATTCG-1
GRCh38,AGGCCGACACCTGACA-1
GRCh38,AGGCCGTGTATACTAG-1
GRCh38,AGGCGACAGAGTTAGA-1
GRCh38,AGGCGACAGCACAGGA-1
GRCh38,AGGCGCACAGCGCTTA-1
GRCh38,AGGCGGTAGCCGGATT-1
GRCh38,AGGCGGTAGGTAAGCG-1
GRCh38,AGGCGTAAGCGACAGA-1
GRCh38,AGGCGTAAGGTTAATC-1
GRCh38,AGGCTCAGTCGTTAGG-1
GRCh38,AGGCTCAGTGTTCGAG-1
GRCh38,AGGCTCAGTGTTGTGG-1
GRCh38,AGGCTCCCAACATCAC-1
GRCh38,AGGCTGAAGCGTACGT-1
GRCh38,AGGCTGAAGGCCATTA-1
GRCh38,AGGCTTATCGTCCTAT-1
GRCh38,AGGGACATCAGTACGC-1
GRCh38,AGGGACATCCTCCACA-1
GRCh38,AGGGACCAGAGTTTAC-1
GRCh38,AGGGACCAGGCTTCCC-1
GRCh38,AGGGACTCAACTTAGC-1
GRCh38,AGGGAGTGTGTTGGGC-1
GRCh38,AGGGATTAGACAAGCG-1
GRCh38,AGGGATTAGCAATGTT-1
GRCh38,AGGGCAATCAGCCTCC-1
GRCh38,AGGGCATCAATCGGCC-1
GRCh38,AGGGCGAGTCGGCTGG-1
GRCh38,AGGGCTTTCAAACCAT-1
GRCh38,AGGGCTTTCAGCATTG-1
GRCh38,AGGGCTTTCAGCCCTC-1
GRCh38,AGGGCTTTCATGGGCT-1
GRCh38,AGGGCTTTCCTCGTTG-1
GRCh38,AGGGGATGTATTGCCC-1
GRCh38,AGGGGATGTGCACTCT-1
GRCh38,AGGGGATGTGCTCCTG-1
GRCh38,AGGGGCAGTCCTGTCG-1
GRCh38,AGGGGCAGTGGGAGTG-1
GRCh38,AGGGGCTAGACTTCAG-1
GRCh38,AGGGGCTAGAGTGCAG-1
GRCh38,AGGGGCTAGGCTGGTT-1
GRCh38,AGGGGCTAGGGTAGCA-1
GRCh38,AGGGGTATCCACCCAC-1
GRCh38,AGGGGTCAGATTCAAC-1
GRCh38,AGGGGTCAGCTGAATT-1
GRCh38,AGGGTAAGTCATCGGA-1
GRCh38,AGGGTAAGTCGATGAT-1
GRCh38,AGGGTAAGTCGGATAT-1
GRCh38,AGGGTATAGCGTACGT-1
GRCh38,AGGGTCGCAAAGGGAG-1
GRCh38,AGGGTGCAGGGTGAAT-1
GRCh38,AGGGTTACAACAGTCT-1
GRCh38,AGGGTTACACTATTCT-1
GRCh38,AGGTAAATCACGACAC-1
GRCh38,AGGTAAATCAGCCGCA-1
GRCh38,AGGTAATCAAAACTAA-1
GRCh38,AGGTAATCAAGGGTTA-1
GRCh38,AGGTAATCACTAACTA-1
GRCh38,AGGTAATCAGGGACAT-1
GRCh38,AGGTATAAGGGGATCA-1
GRCh38,AGGTATAAGGTAGTGG-1
GRCh38,AGGTTAAAGCCGTAAC-1
GRCh38,AGGTTCATCCGTCGCT-1
GRCh38,AGGTTCATCGCATAAT-1
GRCh38,AGGTTCGGTACTATGA-1
GRCh38,AGGTTCGGTCACCGTT-1
GRCh38,AGGTTCTCAAGTACAG-1
GRCh38,AGGTTCTCACAACTTA-1
GRCh38,AGGTTCTCACCAAGCC-1
GRCh38,AGGTTCTCACCACGGT-1
GRCh38,AGGTTGTGTATATCCT-1
GRCh38,AGGTTGTGTCAGTCAG-1
GRCh38,AGGTTTCCACTTAGCG-1
GRCh38,AGGTTTCCAGGGCAAT-1
GRCh38,AGTAAACCAAATACCC-1
GRCh38,AGTAAACCAATGTCCG-1
GRCh38,AGTAAACCAGTCCTAG-1
GRCh38,AGTAAAGTCCCTTAGT-1
GRCh38,AGTAAGCAGAGCAGAT-1
GRCh38,AGTAAGCAGCTGAATT-1
GRCh38,AGTAAGCAGGGACATG-1
GRCh38,AGTAAGGGTCTCTCGG-1
GRCh38,AGTAATCTCGGCAACT-1
GRCh38,AGTAATGAGAGTTAGA-1
GRCh38,AGTAATGAGCTATAGT-1
GRCh38,AGTACAGCAGCGTGAG-1
GRCh38,AGTACATTCCGGGAAA-1
GRCh38,AGTACGGAGGTCGGTT-1
GRCh38,AGTACGTGTCGCTGCC-1
GRCh38,AGTACGTGTGTCTGAG-1
GRCh38,AGTACTCCACGGTGCT-1
GRCh38,AGTACTCCACTGTAAC-1
GRCh38,AGTACTGTCGGTAGCT-1
GRCh38,AGTATCCCACACACGC-1
GRCh38,AGTATCGTCCGCCTAC-1
GRCh38,AGTATGTTCCACATCT-1
GRCh38,AGTATGTTCCGCTTGC-1
GRCh38,AGTATGTTCGTTGACA-1
GRCh38,AGTATTATCCTGCAAA-1
GRCh38,AGTATTGGTACAATTG-1
GRCh38,AGTCAGCTCACGTCAA-1
GRCh38,AGTCAGGAGCGGCTTG-1
GRCh38,AGTCAGGAGCTAGGTC-1
GRCh38,AGTCATCCAACAAGAT-1
GRCh38,AGTCCAGGTGGACTAT-1
GRCh38,AGTCCATCAAATGACG-1
GRCh38,AGTCCATCACTCCGAA-1
GRCh38,AGTCCATCAGGGACAT-1
GRCh38,AGTCCCGAGACATTCG-1
GRCh38,AGTCCCGAGGGGTGTA-1
GRCh38,AGTCCCGAGGTCCTCC-1
GRCh38,AGTCCCGAGGTGCCCA-1
GRCh38,AGTCCGAGTACTTGGG-1
GRCh38,AGTCCGAGTCAGCAAT-1
GRCh38,AGTCCGCCACAGTCGC-1
GRCh38,AGTCCGGTCACATCTC-1
GRCh38,AGTCCTTTCAATCGCA-1
GRCh38,AGTCCTTTCGCAGTGT-1
GRCh38,AGTCGAACAAATCTAT-1
GRCh38,AGTCGAACAACATGTC-1
GRCh38,AGTCGAACAGGGTCAG-1
GRCh38,AGTCGATGTCCAGCCC-1
GRCh38,AGTCGCCCAATAATTC-1
GRCh38,AGTCGCGTCAGCCTCC-1
GRCh38,AGTCGGCGTATCTCTG-1
GRCh38,AGTCGGCGTGCGAGAG-1
GRCh38,AGTCGGGCAAGTGTTC-1
GRCh38,AGTCGTCAGGTCCAAC-1
GRCh38,AGTCTGGGTCATGTGG-1
GRCh38,AGTCTGGGTCCTCTCC-1
GRCh38,AGTCTGGGTCTTGATT-1
GRCh38,AGTCTTGAGACGGCAA-1
GRCh38,AGTGAAATCAAACTAC-1
GRCh38,AGTGAAATCAAATGCT-1
GRCh38,AGTGAGAGTACGCCGG-1
GRCh38,AGTGATAAGCAAGATA-1
GRCh38,AGTGATAAGCAGTATT-1
GRCh38,AGTGATAAGCGTCATA-1
GRCh38,AGTGATAAGGCTTAAT-1
GRCh38,AGTGCAACAGGTCATT-1
GRCh38,AGTGCAGAGAAAGTCA-1
GRCh38,AGTGCAGAGCATGCAC-1
GRCh38,AGTGCCCCAACGCAGG-1
GRCh38,AGTGCCCCACACATAC-1
GRCh38,AGTGCGAAGCGGCCTA-1
GRCh38,AGTGCGAAGCTGTATG-1
GRCh38,AGTGCGAAGGCCCCAA-1
GRCh38,AGTGCGCGTAGTTTAG-1
GRCh38,AGTGCGCGTCGATCAG-1
GRCh38,AGTGGCAAGGGAGATT-1
GRCh38,AGTGGCGCAATGCGAA-1
GRCh38,AGTGGCGCACTCACCT-1
GRCh38,AGTGGCTTCAGACATT-1
GRCh38,AGTGGCTTCCTCGAAA-1
GRCh38,AGTGGGCAGGTTAGGG-1
GRCh38,AGTGGGTCAAAGCCGG-1
GRCh38,AGTGGGTCAACAGCGG-1
GRCh38,AGTGGGTCAAGTAACG-1
GRCh38,AGTGGGTCACATCACG-1
GRCh38,AGTGGGTCACATGCCA-1
GRCh38,AGTGGTCTCAGCATAT-1
GRCh38,AGTGGTCTCCAATACG-1
GRCh38,AGTGGTCTCCAGGGTT-1
GRCh38,AGTGGTCTCGGAAAGT-1
GRCh38,AGTGTACGTACTCGAG-1
GRCh38,AGTGTACGTATCTCGC-1
GRCh38,AGTGTACGTGCAATCG-1
GRCh38,AGTGTACGTGCAGTCA-1
GRCh38,AGTGTACGTGCTGGGT-1
GRCh38,AGTGTACGTGGCATTG-1
GRCh38,AGTGTACGTGGTTCAG-1
GRCh38,AGTGTCGGTCATGGGC-1
GRCh38,AGTGTCTCAAAGCCAA-1
GRCh38,AGTGTCTCACCGGTTA-1
GRCh38,AGTGTCTCAGGATCAA-1
GRCh38,AGTGTCTCAGTCGGAG-1
GRCh38,AGTGTGTGTAGGCTCA-1
GRCh38,AGTGTGTGTAGGTTGT-1
GRCh38,AGTGTTAGTAGGCGGA-1
GRCh38,AGTGTTAGTCGCATCT-1
GRCh38,AGTGTTAGTGGGATGG-1
GRCh38,AGTGTTAGTGTCTGAG-1
GRCh38,AGTGTTCCAAACCATC-1
GRCh38,AGTGTTCCAAGTATAA-1
GRCh38,AGTTAAGAGATGGCGA-1
GRCh38,AGTTAAGAGGCTGTCG-1
GRCh38,AGTTACCCAAGTGTTC-1
GRCh38,AGTTAGAAGGGGGTTA-1
GRCh38,AGTTAGGCAGGGACAT-1
GRCh38,AGTTAGTTCCACGAGT-1
GRCh38,AGTTAGTTCGGTCCCT-1
GRCh38,AGTTATGGTATCAGGT-1
GRCh38,AGTTATGGTCGTCAGA-1
GRCh38,AGTTGAAAGATTCACG-1
GRCh38,AGTTGAAAGCCATGGT-1
GRCh38,AGTTGAAAGCCTAAGC-1
GRCh38,AGTTGAAAGCTTGTAG-1
GRCh38,AGTTGAAAGGTTGTGC-1
GRCh38,AGTTGAGCACAGCGAG-1
GRCh38,AGTTGAGCACTAACCG-1
GRCh38,AGTTGCATCCAATAGT-1
GRCh38,AGTTGCATCCAGTACA-1
GRCh38,AGTTGCGGTGCTTGGA-1
GRCh38,AGTTGCGGTGTCTTCA-1
GRCh38,AGTTGGCTCCATCGGG-1
GRCh38,AGTTGGCTCGGAAGCA-1
GRCh38,AGTTGGGAGATGGGGC-1
GRCh38,AGTTGGGAGGGCCTTG-1
GRCh38,AGTTGTGTCGTCTCAT-1
GRCh38,AGTTTACAGCTAAGGG-1
GRCh38,AGTTTAGGTCTCGGTT-1
GRCh38,AGTTTCACAACCACAT-1
GRCh38,AGTTTCACAGTCTCGA-1
GRCh38,AGTTTCCTCAAGTCCA-1
GRCh38,AGTTTCCTCGGTTGGT-1
GRCh38,ATAACACTCAATGTTA-1
GRCh38,ATAACACTCGTACAAT-1
GRCh38,ATAACAGAGCTTAGTG-1
GRCh38,ATAACCCCAACATATT-1
GRCh38,ATAACCCCAGCGTGCT-1
GRCh38,ATAACGAAGCCTCACC-1
GRCh38,ATAACGAAGGGATTAA-1
GRCh38,ATAACGTTCAACATTA-1
GRCh38,ATAACGTTCGTAGCGT-1
GRCh38,ATAACTTCAGTCAAGA-1
GRCh38,ATAAGACCAACACTAC-1
GRCh38,ATAAGACCAACCCTAG-1
GRCh38,ATAAGACCAACGGACG-1
GRCh38,ATAAGACCAGCGGACA-1
GRCh38,ATAAGCAAGCAATGCC-1
GRCh38,ATAAGCCGTGCTCCGC-1
GRCh38,ATAAGCCGTGGGGTAG-1
GRCh38,ATAAGCCGTGTCACGA-1
GRCh38,ATAAGGGGTGGATCGC-1
GRCh38,ATAAGGTCACGTTAGT-1
GRCh38,ATAAGTACAAGTGTTC-1
GRCh38,ATAAGTACAGTCATAC-1
GRCh38,ATAAGTCTCAACGTTG-1
GRCh38,ATAAGTGAGAAGGGCC-1
GRCh38,ATAAGTGAGCCTAAGC-1
GRCh38,ATAAGTGAGCGGCATT-1
GRCh38,ATAATCATCACAGACC-1
GRCh38,ATAATCATCCTGATTC-1
GRCh38,ATAATCATCGTATCTC-1
GRCh38,ATAATCCAGATCAGGG-1
GRCh38,ATAATCCAGGTTCTAG-1
GRCh38,ATAATCGGTCATTTCG-1
GRCh38,ATAATCGGTCTAGTAA-1
GRCh38,ATAATTCCAACAAGAT-1
GRCh38,ATAATTGTCACTACTC-1
GRCh38,ATAATTGTCCTCCTTC-1
GRCh38,ATACAACTCACCAATG-1
GRCh38,ATACAACTCCACCTAT-1
GRCh38,ATACACCCACACTCGA-1
GRCh38,ATACAGAAGACAATTC-1
GRCh38,ATACAGAAGCCCAGCA-1
GRCh38,ATACCCAAGGGAATTA-1
GRCh38,ATACCCAAGGTAGCAG-1
GRCh38,ATACCCGCAGTGCGGA-1
GRCh38,ATACCCTTCACTGGCG-1
GRCh38,ATACCCTTCATATGGT-1
GRCh38,ATACCCTTCCTTCGCA-1
GRCh38,ATACCTACAAAGCTAG-1
GRCh38,ATACCTACACTTCATT-1
GRCh38,ATACCTCTCAGCTTAG-1
GRCh38,ATACGAAAGCAAAGCG-1
GRCh38,ATACGAAAGCTGGTCG-1
GRCh38,ATACGAAAGGCATCCG-1
GRCh38,ATACGCTCAAGGCGCA-1
GRCh38,ATACGCTCACGCACTA-1
GRCh38,ATACGGACAAGTATCC-1
GRCh38,ATACGGGAGCGCTATA-1
GRCh38,ATACGGGAGCGTTAGC-1
GRCh38,ATACGGTGTATGTGCG-1
GRCh38,ATACGTAGTATGCCTC-1
GRCh38,ATACGTAGTGTGAGTT-1
GRCh38,ATACGTCCAAGGAATT-1
GRCh38,ATACGTCCAATAAGTA-1
GRCh38,ATACGTGTCAATTATG-1
GRCh38,ATACGTGTCACGACAC-1
GRCh38,ATACGTGTCCAGGTGT-1
GRCh38,ATACTAATCGTGCTCC-1
GRCh38,ATACTAGGTATAGGGA-1
GRCh38,ATACTAGGTGTTATAG-1
GRCh38,ATACTCCTCGCGTATA-1
GRCh38,ATAGCAGCACTTAACA-1
GRCh38,ATAGCATTCCCTGCTA-1
GRCh38,ATAGCGACACATCGCA-1
GRCh38,ATAGCGCTCCAAATGT-1
GRCh38,ATAGCGCTCCCCTAAT-1
GRCh38,ATAGCGGAGCGTAGCT-1
GRCh38,ATAGCGGAGGCACAAG-1
GRCh38,ATAGGAGGTACTCAGG-1
GRCh38,ATAGGAGGTCATCAGG-1
GRCh38,ATAGGAGGTCGGTTCT-1
GRCh38,ATAGGCACAACCTACG-1
GRCh38,ATAGGCGAGAGCTTGC-1
GRCh38,ATAGGCGAGGGGGCAT-1
GRCh38,ATAGGCTGTCGCGTGG-1
GRCh38,ATAGGGAGTAACAGAG-1
GRCh38,ATAGGGAGTCTATAAG-1
GRCh38,ATAGGGCCAGTACAAG-1
GRCh38,ATAGGGTAGACAGGAT-1
GRCh38,ATAGTACTCAGGCTCG-1
GRCh38,ATAGTAGAGACTCCAA-1
GRCh38,ATAGTAGAGGCACCCA-1
GRCh38,ATAGTCGTCATACTAA-1
GRCh38,ATAGTCGTCGTCACCC-1
GRCh38,ATAGTGAAGAGTCCAC-1
GRCh38,ATAGTGCGTATCTTCG-1
GRCh38,ATAGTGCGTCGGAATT-1
GRCh38,ATATACCAGCCCAGCA-1
GRCh38,ATATACCAGCGCATTA-1
GRCh38,ATATCAGGTCAGCCTT-1
GRCh38,ATATCATCAGTCATCG-1
GRCh38,ATATCCCTCGGTGTTA-1
GRCh38,ATATCCTGTCATAGGT-1
GRCh38,ATATCCTGTGCTATCC-1
GRCh38,ATATCTGCAGGTGCGA-1
GRCh38,ATATGAGAGCGTTAAT-1
GRCh38,ATATGAGAGCTAGCCG-1
GRCh38,ATATGAGAGGCCCAAT-1
GRCh38,ATATGCCCACATTAGC-1
GRCh38,ATATGCCCAGTACGAA-1
GRCh38,ATATGGCGTATCAGCG-1
GRCh38,ATATGGTTCCATAAGT-1
GRCh38,ATATGTTCAGCAAGAC-1
GRCh38,ATATTACCAACGGACG-1
GRCh38,ATATTACCAGGAGTCG-1
GRCh38,ATATTCCGTCAGTTGG-1
GRCh38,ATATTCGCAACTAATT-1
GRCh38,ATATTCGCAGCAGCCT-1
GRCh38,ATATTCGCAGCATGGG-1
GRCh38,ATATTGGGTATCAATG-1
GRCh38,ATCAACCCACCTAGGC-1
GRCh38,ATCACATAGACCCCGA-1
GRCh38,ATCACATAGACCTATG-1
GRCh38,ATCACATAGAGTGGCA-1
GRCh38,ATCACATAGATAGCGG-1
GRCh38,ATCACCCGTACGTGCA-1
GRCh38,ATCACCCGTCCGCCGT-1
GRCh38,ATCACCCGTGCCTCGC-1
GRCh38,ATCACCCGTGCGGAGA-1
GRCh38,ATCACGGGTATCCTAT-1
GRCh38,ATCACGTCACATTGGT-1
GRCh38,ATCACTACACTAGCGC-1
GRCh38,ATCACTACAGCGAAAC-1
GRCh38,ATCAGAGCAAGTACTC-1
GRCh38,ATCAGAGCAGGTTAGA-1
GRCh38,ATCAGCATCCATGCCC-1
GRCh38,ATCAGCATCCCACTTG-1
GRCh38,ATCAGCTCAACCCTCT-1
GRCh38,ATCAGCTCAACTTCAA-1
GRCh38,ATCAGCTCAGTAATCC-1
GRCh38,ATCAGGCTCATTCGCT-1
GRCh38,ATCAGGCTCCACTCTG-1
GRCh38,ATCAGGCTCGCCATGG-1
GRCh38,ATCAGGCTCGGATCCG-1
GRCh38,ATCAGGTGTATCGCTC-1
GRCh38,ATCAGGTGTCTCGAAG-1
GRCh38,ATCAGTAGTATCAGCG-1
GRCh38,ATCAGTAGTGGGGCTT-1
GRCh38,ATCAGTCCAATCAAGG-1
GRCh38,ATCAGTCCACAGGTAA-1
GRCh38,ATCATCACAGTTAGAG-1
GRCh38,ATCATCCTCCCTGGCT-1
GRCh38,ATCATCCTCCGAACAC-1
GRCh38,ATCATCGAGGTTCATG-1
GRCh38,ATCATCTGTAGGCTTG-1
GRCh38,ATCATCTGTCGTTGCT-1
GRCh38,ATCATCTGTGGGGAAT-1
GRCh38,ATCATGAGTACCTGCT-1
GRCh38,ATCATGAGTATCTTCG-1
GRCh38,ATCATGCCAAATATAG-1
GRCh38,ATCATGCCACAACAGA-1
GRCh38,ATCATTCGTGTTGGGC-1
GRCh38,ATCATTGCAGTGTAAG-1
GRCh38,ATCCAACCAATTAAGA-1
GRCh38,ATCCAATAGCACGGTT-1
GRCh38,ATCCACAAGACGACGA-1
GRCh38,ATCCAGGGTCTTAGTT-1
GRCh38,ATCCAGGGTGCTCTGT-1
GRCh38,ATCCAGGGTGTTGCAG-1
GRCh38,ATCCCAAAGAGGTGAT-1
GRCh38,ATCCCATTCATATGGT-1
GRCh38,ATCCCATTCCCATACT-1
GRCh38,ATCCCCATCATATCCC-1
GRCh38,ATCCCCATCCATGCCC-1
GRCh38,ATCCCCATCGTTCATC-1
GRCh38,ATCCCCGGTACGTTGG-1
GRCh38,ATCCCCGGTGCCATAG-1
GRCh38,ATCCCGACACAATTCA-1
GRCh38,ATCCCGCTCAATGGTT-1
GRCh38,ATCCCGCTCCGGCAAT-1
GRCh38,ATCCCGCTCCTTCATA-1
GRCh38,ATCCCTAGTACGGTTG-1
GRCh38,ATCCCTAGTCGAGGCT-1
GRCh38,ATCCCTAGTGGTGGAG-1
GRCh38,ATCCGAGGTAATCTAG-1
GRCh38,ATCCGCACAAATTGCC-1
GRCh38,ATCCGCACAGCTAGGG-1
GRCh38,ATCCGCACAGGTTCGC-1
GRCh38,ATCCGCCTCACCTCTG-1
GRCh38,ATCCGCCTCCGTAAAT-1
GRCh38,ATCCGCCTCCGTACTT-1
GRCh38,ATCCGCTGTAAGCATC-1
GRCh38,ATCCGGAGTAACTAGC-1
GRCh38,ATCCGGAGTACTCATT-1
GRCh38,ATCCGGAGTATCCAGG-1
GRCh38,ATCCGGAGTCCTAGCT-1
GRCh38,ATCCGGAGTGGCTGTA-1
GRCh38,ATCCGGCCAAAGTACG-1
GRCh38,ATCCGGCCAAATTGGG-1
GRCh38,ATCCGGCCACATTTAG-1
GRCh38,ATCCGTAAGCCGCACA-1
GRCh38,ATCCGTCGTCTCGCTG-1
GRCh38,ATCCGTTTCCATGGGT-1
GRCh38,ATCCGTTTCCCTACCA-1
GRCh38,ATCCTACTCACTTCCG-1
GRCh38,ATCCTAGAGCATAATC-1
GRCh38,ATCCTATGTATAGGGA-1
GRCh38,ATCCTATGTCAGTTGG-1
GRCh38,ATCCTTATCCTGAACA-1
GRCh38,ATCGAAGCACGTAAAG-1
GRCh38,ATCGACCAGAGCAGCA-1
GRCh38,ATCGACCAGGGATTAA-1
GRCh38,ATCGACTCAATCTGAC-1
GRCh38,ATCGACTCACGGGTCT-1
GRCh38,ATCGACTCACTAAACC-1
GRCh38,ATCGAGACAGGACCGA-1
GRCh38,ATCGAGTGTATCCGTC-1
GRCh38,ATCGAGTGTCTTAGTT-1
GRCh38,ATCGATTAGGGTATCC-1
GRCh38,ATCGCAGGTCAGGTTG-1
GRCh38,ATCGCAGGTCATAAGC-1
GRCh38,ATCGCATCAGTGATTC-1
GRCh38,ATCGCCACAGGTCGTC-1
GRCh38,ATCGCCCTCAGAGAAC-1
GRCh38,ATCGCGCCAACGCAGG-1
GRCh38,ATCGCGCCACGATTAC-1
GRCh38,ATCGCGGTCATGTCAG-1
GRCh38,ATCGGCGTCAAGGCTC-1
GRCh38,ATCGGGCGTATTCAGA-1
GRCh38,ATCGTACCACATTCAA-1
GRCh38,ATCGTACCACTCGACA-1
GRCh38,ATCGTCGCAGTACTTA-1
GRCh38,ATCGTCGCAGTGTGGG-1
GRCh38,ATCGTGGGTAAACCGT-1
GRCh38,ATCGTGGGTAAGGGAC-1
GRCh38,ATCGTTGAGACCTTAG-1
GRCh38,ATCGTTGAGCCACTAA-1
GRCh38,ATCGTTGAGGTCCGAT-1
GRCh38,ATCTCGAAGCTCGGCA-1
GRCh38,ATCTCTATCATCGGAC-1
GRCh38,ATCTCTATCCAAGACC-1
GRCh38,ATCTCTGGTAGTGTCG-1
GRCh38,ATCTCTTCAATCCGGC-1
GRCh38,ATCTCTTCACTATAGC-1
GRCh38,ATCTCTTCAGTCTTCC-1
GRCh38,ATCTCTTCAGTGTCAT-1
GRCh38,ATCTGACCACGCAACC-1
GRCh38,ATCTGACCACTCCATC-1
GRCh38,ATCTGCAAGACAACCC-1
GRCh38,ATCTGCAAGACGCCAT-1
GRCh38,ATCTGCAAGAGACATA-1
GRCh38,ATCTGCCGTCCAGATG-1
GRCh38,ATCTGCCGTCCGTCGC-1
GRCh38,ATCTGCCGTGGCATTG-1
GRCh38,ATCTGTTGTACTCGCT-1
GRCh38,ATCTGTTGTAGGACCC-1
GRCh38,ATCTGTTGTATACGGT-1
GRCh38,ATCTGTTGTATGAGGA-1
GRCh38,ATCTGTTGTCAGGATT-1
GRCh38,ATCTTCATCACGCGCA-1
GRCh38,ATCTTCGGTCCGTGTT-1
GRCh38,ATCTTCGGTGGTCTCT-1
GRCh38,ATCTTCGGTGTGCAAT-1
GRCh38,ATCTTGGAGCTTGAAT-1
GRCh38,ATCTTGGAGGTATTCG-1
GRCh38,ATCTTGTGTCGAGTGC-1
GRCh38,ATGAAACCAACACGCC-1
GRCh38,ATGAAACCAAGTACAG-1
GRCh38,ATGAAAGTCAGAGAAC-1
GRCh38,ATGAAGCAGCGAAGCA-1
GRCh38,ATGAAGGGTCAACTCC-1
GRCh38,ATGAATACACTACTAA-1
GRCh38,ATGAATACAGGGTTCC-1
GRCh38,ATGACCATCAGACGCT-1
GRCh38,ATGACCATCCTCGTCA-1
GRCh38,ATGACCATCGGTTAGC-1
GRCh38,ATGACCTCACAACGGG-1
GRCh38,ATGACGACAATCAGGA-1
GRCh38,ATGACGGAGAACGGGC-1
GRCh38,ATGAGAGGTCCGCCGT-1
GRCh38,ATGAGAGGTCTGTCTA-1
GRCh38,ATGAGGAGTAGTCTCC-1
GRCh38,ATGAGGTAGAGTTAGA-1
GRCh38,ATGAGGTAGCTGGGTT-1
GRCh38,ATGAGTAAGGGCGATA-1
GRCh38,ATGAGTAAGGTCGAGA-1
GRCh38,ATGAGTCGTCATTCCA-1
GRCh38,ATGAGTTTCCATCATC-1
GRCh38,ATGATCCCACAACGGG-1
GRCh38,ATGATCCCAGGTTCGC-1
GRCh38,ATGATGAAGCTTGTCT-1
GRCh38,ATGATGAAGGTGCGTT-1
GRCh38,ATGATGCGTAGGATAG-1
GRCh38,ATGATGCGTAGTAAGG-1
GRCh38,ATGATGCGTCTGTCCG-1
GRCh38,ATGATGCGTGGCATGC-1
GRCh38,ATGCACTCACCACGGT-1
GRCh38,ATGCAGCTCGTAGTGC-1
GRCh38,ATGCAGTGTAACTCGG-1
GRCh38,ATGCAGTGTCTGATAA-1
GRCh38,ATGCATCCAAAAGCGC-1
GRCh38,ATGCATCCAATGGACA-1
GRCh38,ATGCATCCAGTATTAT-1
GRCh38,ATGCATTAGGTCTGTA-1
GRCh38,ATGCCACAGAAGGTTA-1
GRCh38,ATGCCACAGCTGCATA-1
GRCh38,ATGCCCACAAAGCATG-1
GRCh38,ATGCCCACACAGCGTC-1
GRCh38,ATGCCCGAGCCCACAG-1
GRCh38,ATGCCCGAGCCGCTGA-1
GRCh38,ATGCCCGAGGCAAGCA-1
GRCh38,ATGCCCGAGGCATAGG-1
GRCh38,ATGCCGAGTACGCTGA-1
GRCh38,ATGCCGCCAACGGACG-1
GRCh38,ATGCCGCCAATAGCCT-1
GRCh38,ATGCCGCCAGTACGCC-1
GRCh38,ATGCCTCGTGTGTGAT-1
GRCh38,ATGCCTTTCATGCCTT-1
GRCh38,ATGCCTTTCGTTACCT-1
GRCh38,ATGCGAACAAAATTTC-1
GRCh38,ATGCGAGAGGCACAAG-1
GRCh38,ATGCGATGTACAAGAG-1
GRCh38,ATGCGATGTATTGGTA-1
GRCh38,ATGCGCAGTATTGTAG-1
GRCh38,ATGCGCCCAATTGCTA-1
GRCh38,ATGCGGAAGACAAGAC-1
GRCh38,ATGCGGGCAAATATTC-1
GRCh38,ATGCGGGCAATTGACC-1
GRCh38,ATGCGGGCACTATTCT-1
GRCh38,ATGCGGGCACTCCTTA-1
GRCh38,ATGCGGGCAGTGGCAG-1
GRCh38,ATGCGGTTCCTAGCCC-1
GRCh38,ATGCGTATCCTCCAAT-1
GRCh38,ATGCTACCAAGAGATT-1
GRCh38,ATGCTACCAATTGTAT-1
GRCh38,ATGCTACCAGTCTTCC-1
GRCh38,ATGCTCGCAACGTCCA-1
GRCh38,ATGCTCGCAGTCCGTA-1
GRCh38,ATGCTGGGTCAGGCGT-1
GRCh38,ATGCTTACAACGAAAT-1
GRCh38,ATGCTTCTCACTTCTA-1
GRCh38,ATGCTTCTCGCCTACC-1
GRCh38,ATGCTTCTCGCTATAG-1
GRCh38,ATGGAAATCAAGGGCA-1
GRCh38,ATGGAAATCACCCGCT-1
GRCh38,ATGGACACAAACGGCG-1
GRCh38,ATGGACACACTGACGC-1
GRCh38,ATGGACCTCGGAATGG-1
GRCh38,ATGGAGTAGAAACTAG-1
GRCh38,ATGGAGTAGATCAGGG-1
GRCh38,ATGGAGTAGCTCGTTT-1
GRCh38,ATGGAGTAGGCTTATG-1
GRCh38,ATGGAGTAGGGGCTTT-1
GRCh38,ATGGCCAGTACGTGAT-1
GRCh38,ATGGCCCCACAACGCC-1
GRCh38,ATGGCCCCACACCGTA-1
GRCh38,ATGGCCCCAGGCTCTA-1
GRCh38,ATGGCCCCAGTTACTA-1
GRCh38,ATGGCCGTCCGAACAC-1
GRCh38,ATGGCGAAGGTTATCG-1
GRCh38,ATGGCGGCAAGAGATT-1
GRCh38,ATGGCGGCAGTTACCG-1
GRCh38,ATGGCTATCCCTTCCT-1
GRCh38,ATGGGACCACCTGACA-1
GRCh38,ATGGGATAGATGGGCA-1
GRCh38,ATGGGATAGCAGCTAC-1
GRCh38,ATGGGATAGCTACACA-1
GRCh38,ATGGGCCGTAGTCGAT-1
GRCh38,ATGGGCCGTATCTCAT-1
GRCh38,ATGGGCCGTGCTATCC-1
GRCh38,ATGGGCCGTGCTCCTG-1
GRCh38,ATGGGCTTCCGTGAGT-1
GRCh38,ATGGGCTTCGGCGATT-1
GRCh38,ATGGGGCAGAATGGTA-1
GRCh38,ATGGGGTCACTTAGTA-1
GRCh38,ATGGGTCTCCAGTAGC-1
GRCh38,ATGGGTGAGCCTATTC-1
GRCh38,ATGGGTGAGCCTCGTC-1
GRCh38,ATGGTAAAGCGATTTG-1
GRCh38,ATGGTCATCCCCTAAT-1
GRCh38,ATGGTCATCGCGCCTT-1
GRCh38,ATGGTCATCGGCTGCA-1
GRCh38,ATGGTCTCACGACACC-1
GRCh38,ATGGTCTCACGTAGCC-1
GRCh38,ATGGTCTCAGCGCTAC-1
GRCh38,ATGGTGCTCCTTATGC-1
GRCh38,ATGGTGGAGACAGTTT-1
GRCh38,ATGGTGGAGGCTCGTG-1
GRCh38,ATGGTTAGTGGAGCTC-1
GRCh38,ATGGTTGTCCCTGACC-1
GRCh38,ATGGTTGTCGCTCCTA-1
GRCh38,ATGGTTTAGAGGGTGC-1
GRCh38,ATGTAACTCACTCACT-1
GRCh38,ATGTAACTCAGTGAAA-1
GRCh38,ATGTACAGTCAAAGCT-1
GRCh38,ATGTACAGTCCCAAAG-1
GRCh38,ATGTAGAAGACTTGTG-1
GRCh38,ATGTAGAAGCCTGTAA-1
GRCh38,ATGTAGAAGCTGATAT-1
GRCh38,ATGTAGAAGGGGTAAT-1
GRCh38,ATGTAGAAGGGTACAG-1
GRCh38,ATGTATCAGGTGAGAT-1
GRCh38,ATGTATTCAAACCACT-1
GRCh38,ATGTATTCACCTGTAG-1
GRCh38,ATGTCAGTCACGACTA-1
GRCh38,ATGTCCGCAGGAAAGG-1
GRCh38,ATGTCCTTCCCGAAAC-1
GRCh38,ATGTCGATCAAGTCCA-1
GRCh38,ATGTCGATCCCAACCC-1
GRCh38,ATGTCGGGTAACGCAT-1
GRCh38,ATGTCGGGTCACGCCC-1
GRCh38,ATGTCGGGTCGTTAAA-1
GRCh38,ATGTCGGGTGTGCGGT-1
GRCh38,ATGTGAAAGACCCTTT-1
GRCh38,ATGTGAAAGCACTCAA-1
GRCh38,ATGTGAGCAAAGCCGG-1
GRCh38,ATGTGAGCACTCAATA-1
GRCh38,ATGTGAGCAGGTATTC-1
GRCh38,ATGTGAGCAGGTCATT-1
GRCh38,ATGTGGCTCCGATAAT-1
GRCh38,ATGTGTAGTAACTAGC-1
GRCh38,ATGTGTCCAGCCTCTT-1
GRCh38,ATGTGTTAGCACCCAG-1
GRCh38,ATGTTAATCATGCAGC-1
GRCh38,ATGTTCGAGCCATACA-1
GRCh38,ATGTTCTGTCGTGAGC-1
GRCh38,ATGTTGAGTCGCCCGT-1
GRCh38,ATTAAAGCAACAGTCT-1
GRCh38,ATTAAAGCAATCAACC-1
GRCh38,ATTAAAGCACTTATAG-1
GRCh38,ATTAAAGCAGCGCATC-1
GRCh38,ATTAACCAGCTGTAGC-1
GRCh38,ATTAACCAGCTGTATG-1
GRCh38,ATTAACCAGGTCTGGT-1
GRCh38,ATTAACTCACAGTCCA-1
GRCh38,ATTAAGCTCAATCGTG-1
GRCh38,ATTAATGTCATAACGT-1
GRCh38,ATTACAATCATACAAC-1
GRCh38,ATTACCACAAGTACGA-1
GRCh38,ATTACCGAGACACCGT-1
GRCh38,ATTACCGAGATCGGAG-1
GRCh38,ATTACCGAGCTAGCTA-1
GRCh38,ATTACGCCAGTACGGG-1
GRCh38,ATTACGCCAGTATACC-1
GRCh38,ATTACGCCAGTGGCGA-1
GRCh38,ATTACTTTCATGGTGC-1
GRCh38,ATTATCCGTACGGATT-1
GRCh38,ATTATGCAGCGTCATA-1
GRCh38,ATTATGCAGCTTGTGA-1
GRCh38,ATTATGGGTGTGAGTT-1
GRCh38,ATTCAAATCAAAGTTC-1
GRCh38,ATTCAAATCAGCATTG-1
GRCh38,ATTCACGAGGGGTAGC-1
GRCh38,ATTCAGAGTCATACGG-1
GRCh38,ATTCAGTAGGGAGTTG-1
GRCh38,ATTCATGCACCACTCT-1
GRCh38,ATTCATTTCACGGCCA-1
GRCh38,ATTCGACCAAATTAAG-1
GRCh38,ATTCGACCACAAGCGG-1
GRCh38,ATTCGACCACACAATC-1
GRCh38,ATTCGATAGCATGCGT-1
GRCh38,ATTCGATAGCGACCAT-1
GRCh38,ATTCGATAGCTACTGA-1
GRCh38,ATTCGATAGGCGTAGA-1
GRCh38,ATTCGCTTCATAATTG-1
GRCh38,ATTCGCTTCCAAATGT-1
GRCh38,ATTCGGGGTAAATGGG-1
GRCh38,ATTCGGTCACTATAGC-1
GRCh38,ATTCGTTGTACACCCT-1
GRCh38,ATTCTAGCACTTAGCG-1
GRCh38,ATTCTCATCAATCTCC-1
GRCh38,ATTCTCATCCCTGACC-1
GRCh38,ATTCTCATCCGTAACA-1
GRCh38,ATTCTCATCGTACGTA-1
GRCh38,ATTGAAGAGGTACCCG-1
GRCh38,ATTGAGAAGAGTATTC-1
GRCh38,ATTGAGAAGCAGCGAA-1
GRCh38,ATTGAGAAGCTGGTCG-1
GRCh38,ATTGAGAAGCTTGAAT-1
GRCh38,ATTGAGCGTAGAGTGA-1
GRCh38,ATTGAGCGTATTATGG-1
GRCh38,ATTGAGCGTGTCTATT-1
GRCh38,ATTGCCCGTACCTGTC-1
GRCh38,ATTGCCCGTCAACGTG-1
GRCh38,ATTGCTACAATCAGAG-1
GRCh38,ATTGCTCTCGTTGGGT-1
GRCh38,ATTGCTTGTCCATGCT-1
GRCh38,ATTGCTTGTCCTTCGG-1
GRCh38,ATTGGGTGTATGCGGC-1
GRCh38,ATTGGGTGTGTCGAAT-1
GRCh38,ATTGGTAGTAGCCAGC-1
GRCh38,ATTGGTAGTCGTAGAT-1
GRCh38,ATTGGTTAGCTGGCAT-1
GRCh38,ATTGTATCACGGGTAG-1
GRCh38,ATTGTATCAGCGACAG-1
GRCh38,ATTGTCCTCATACCTC-1
GRCh38,ATTGTCCTCGCATCGG-1
GRCh38,ATTGTCCTCGCATTAG-1
GRCh38,ATTGTCCTCGTACATG-1
GRCh38,ATTGTCTGTCGTTGGA-1
GRCh38,ATTGTGGTCGTATCAG-1
GRCh38,CAAACCATCCATTCTA-1
GRCh38,CAAACCCAGGCTGTCG-1
GRCh38,CAAACCTCACGATTTA-1
GRCh38,CAAACGGAGATGGTAA-1
GRCh38,CAAACGGAGGCGTAGA-1
GRCh38,CAAACTTAGAGTCCAC-1
GRCh38,CAAACTTAGCGGTTAC-1
GRCh38,CAAACTTAGGGGGTAC-1
GRCh38,CAAAGCGAGATGGTTT-1
GRCh38,CAAAGGTAGGGACGAC-1
GRCh38,CAAAGGTAGGTTGTAT-1
GRCh38,CAAAGTAAGAAGGCAT-1
GRCh38,CAAATCCCAGGTCATT-1
GRCh38,CAAATGAAGATGAAGC-1
GRCh38,CAAATGAAGATTACGT-1
GRCh38,CAAATGGCAACCTATA-1
GRCh38,CAAATGGCAGTCTCGA-1
GRCh38,CAAATTATCCTGCACC-1
GRCh38,CAAATTATCGTCCATT-1
GRCh38,CAAATTCAGCGGGTTT-1
GRCh38,CAACACATCGGTAATT-1
GRCh38,CAACACATCGTAGTTG-1
GRCh38,CAACAGACACCCAAAT-1
GRCh38,CAACAGACACCTTTCA-1
GRCh38,CAACAGACAGGAAAGG-1
GRCh38,CAACAGGAGAGTGTAA-1
GRCh38,CAACAGGAGCACTTTC-1
GRCh38,CAACAGGAGGTCCTAA-1
GRCh38,CAACATCCAAGCGCAG-1
GRCh38,CAACATCCACCTGCTT-1
GRCh38,CAACATCCACGCGACT-1
GRCh38,CAACATCCAGGTATCT-1
GRCh38,CAACATGTCCTGTCGC-1
GRCh38,CAACATTAGCGTTAAT-1
GRCh38,CAACCCGAGCAAGGGC-1
GRCh38,CAACCCTGTAGCAATC-1
GRCh38,CAACCCTGTGTAGCGC-1
GRCh38,CAACCTCGTACTCCCG-1
GRCh38,CAACCTCGTCCTGCGC-1
GRCh38,CAACGAACACATCTCC-1
GRCh38,CAACGAGAGATTCGAT-1
GRCh38,CAACGAGAGCGCTCGA-1
GRCh38,CAACGAGAGGGGCATA-1
GRCh38,CAACGGGCAGCATCAT-1
GRCh38,CAACGTCAGGCTGGTT-1
GRCh38,CAACGTGGTCTCGATC-1
GRCh38,CAACTACCAAATATCT-1
GRCh38,CAACTACCACTGACGC-1
GRCh38,CAACTCCGTCTAGCAG-1
GRCh38,CAAGACACAAACCTTA-1
GRCh38,CAAGACACAATGGGCG-1
GRCh38,CAAGACCTCACGCCTC-1
GRCh38,CAAGACGAGCAACATT-1
GRCh38,CAAGAGTAGCATAACT-1
GRCh38,CAAGAGTAGCTGTCGG-1
GRCh38,CAAGAGTAGCTTGATG-1
GRCh38,CAAGAGTAGGGTAGGC-1
GRCh38,CAAGCCCCAAGGACCG-1
GRCh38,CAAGCCCCAATGCGAA-1
GRCh38,CAAGCCCCACCCTCAT-1
GRCh38,CAAGCCTAGAACTAGA-1
GRCh38,CAAGCGAAGCATGGAG-1
GRCh38,CAAGCGAAGCGGGGAT-1
GRCh38,CAAGCGAAGCGTGTCG-1
GRCh38,CAAGCGTTCAGCGTAC-1
GRCh38,CAAGCGTTCAGGTGTC-1
GRCh38,CAAGCTATCATTACAA-1
GRCh38,CAAGCTATCCCGCATC-1
GRCh38,CAAGCTCAGCATATGT-1
GRCh38,CAAGGCAAGGTGAGTG-1
GRCh38,CAAGGCCGTCGACAGC-1
GRCh38,CAAGGGTCAAAGTAAC-1
GRCh38,CAAGGGTCACTATTCT-1
GRCh38,CAAGTAAAGATACGAA-1
GRCh38,CAAGTAGCACCAGGGA-1
GRCh38,CAAGTCTCAACGACCC-1
GRCh38,CAAGTGCTCGGAAAGT-1
GRCh38,CAAGTGCTCGTTCTAC-1
GRCh38,CAAGTTAGTGGGGTTC-1
GRCh38,CAATACCCAAGGAGGA-1
GRCh38,CAATACCCAATGGTAG-1
GRCh38,CAATACCCAATTACGC-1
GRCh38,CAATACTAGCCGCTGA-1
GRCh38,CAATAGAAGCGGTCCA-1
GRCh38,CAATAGAAGCGTACAC-1
GRCh38,CAATAGGCAAGGACTA-1
GRCh38,CAATAGGCACGGTATT-1
GRCh38,CAATATATCCCTAACT-1
GRCh38,CAATATATCGGCGTCA-1
GRCh38,CAATATATCGTAACTG-1
GRCh38,CAATATGGTACGAAAG-1
GRCh38,CAATATGGTCAGGTTG-1
GRCh38,CAATATGGTGCCTCGC-1
GRCh38,CAATATGGTGCCTGCC-1
GRCh38,CAATATGGTGTCTTCA-1
GRCh38,CAATCACCAGGACGCA-1
GRCh38,CAATCAGTCATCCCGC-1
GRCh38,CAATCCCGTAGAGTGA-1
GRCh38,CAATCGATCACAGATT-1
GRCh38,CAATCGGGTGGCGAAG-1
GRCh38,CAATGCATCACGATAT-1
GRCh38,CAATGCATCACGGCCA-1
GRCh38,CAATGCATCCCGTCTA-1
GRCh38,CAATGCATCCCTATTA-1
GRCh38,CAATGCATCGGAATGG-1
GRCh38,CAATGCCAGCCTGGTG-1
GRCh38,CAATGCGGTGCGTTAG-1
GRCh38,CAATGGACAAGGCGCA-1
GRCh38,CAATGGACAGGCTTCA-1
GRCh38,CAATGGGAGCAGCTAC-1
GRCh38,CAATGGGAGCATATCG-1
GRCh38,CAATGTAGTGCACTAG-1
GRCh38,CAATGTCCAAGAGATT-1
GRCh38,CAATGTGTCGCTTATC-1
GRCh38,CAATGTTAGCGTTATG-1
GRCh38,CAATTCACAACGATAG-1
GRCh38,CAATTCGAGGTCTATG-1
GRCh38,CAATTCTGTCATTCTG-1
GRCh38,CAATTCTGTGCCCGAG-1
GRCh38,CAATTGGTCCTGTCAT-1
GRCh38,CAATTTCGTCCATTTG-1
GRCh38,CACAACATCACCACTT-1
GRCh38,CACAACATCACCCCTA-1
GRCh38,CACAAGACACAAATGG-1
GRCh38,CACAAGACAGCTTCAG-1
GRCh38,CACAATCCACGAAGGT-1
GRCh38,CACAATTAGATCCACA-1
GRCh38,CACAATTAGCAAAGTA-1
GRCh38,CACAATTAGCAAGCGA-1
GRCh38,CACAATTAGGCAGTGA-1
GRCh38,CACAATTAGGTGTCGT-1
GRCh38,CACACCCTCCAGCAAC-1
GRCh38,CACACCCTCGTATAGT-1
GRCh38,CACACCTGTCGGATAT-1
GRCh38,CACACCTGTGTGGTGC-1
GRCh38,CACACGCCACATATCA-1
GRCh38,CACACTCGTAAATCCA-1
GRCh38,CACAGCAGTAGCAGTT-1
GRCh38,CACAGCAGTCTCCGCA-1
GRCh38,CACAGCTAGCGAATTT-1
GRCh38,CACAGGAAGAGAATCA-1
GRCh38,CACAGGAAGCTACGCG-1
GRCh38,CACAGGTTCGTAATCG-1
GRCh38,CACAGGTTCGTGACTA-1
GRCh38,CACATCAAGGCGAAGC-1
GRCh38,CACATGGGTATCCAGG-1
GRCh38,CACCAAATCACAGCTA-1
GRCh38,CACCAAATCCAGTCAA-1
GRCh38,CACCAAATCCCAGTAA-1
GRCh38,CACCAACAGCACTATG-1
GRCh38,CACCACGAGAGGTATA-1
GRCh38,CACCACGAGGCCATTA-1
GRCh38,CACCACGAGGCTAACC-1
GRCh38,CACCATTTCCCAACCC-1
GRCh38,CACCCAACAACGTACT-1
GRCh38,CACCCAACAGTATACC-1
GRCh38,CACCCAGAGCTAGTTG-1
GRCh38,CACCCATGTCGTATAA-1
GRCh38,CACCCGAAGCAATTGT-1
GRCh38,CACCCGCGTGGGAGAT-1
GRCh38,CACCCGCGTGGGAGTG-1
GRCh38,CACCCGTTCATAGGGG-1
GRCh38,CACCCGTTCCCAGTAA-1
GRCh38,CACCCTGGTCGATTCC-1
GRCh38,CACCCTGGTGGTATGT-1
GRCh38,CACCGCAAGCCCAGCA-1
GRCh38,CACCGCAAGGTCCTCC-1
GRCh38,CACCGCCGTATACTTC-1
GRCh38,CACCGCCGTGTGCAAT-1
GRCh38,CACCGCTTCCAGCTAA-1
GRCh38,CACCGCTTCCGGACCA-1
GRCh38,CACCGCTTCCGGGTTG-1
GRCh38,CACCGTTGTGCCTCGC-1
GRCh38,CACCTCCAGCAAGGGC-1
GRCh38,CACCTCTCACACAAGA-1
GRCh38,CACCTCTCACGAAGGT-1
GRCh38,CACCTTTAGCGAATGG-1
GRCh38,CACCTTTAGCGTACAC-1
GRCh38,CACCTTTAGCTACAGC-1
GRCh38,CACGAAGAGCAGCGAA-1
GRCh38,CACGAAGAGCCTAGTA-1
GRCh38,CACGAAGAGCTAGCGT-1
GRCh38,CACGAGTTCCCATAAG-1
GRCh38,CACGAGTTCGTGTATG-1
GRCh38,CACGCACCAACTGGAA-1
GRCh38,CACGCACCACCACTCT-1
GRCh38,CACGCGGGTCTATTGT-1
GRCh38,CACGCTTGTATCCGAG-1
GRCh38,CACGCTTGTGGCGCTG-1
GRCh38,CACGGCGGTATCGGGC-1
GRCh38,CACGGCGGTCTAAAGC-1
GRCh38,CACGGTTAGACATAAG-1
GRCh38,CACGGTTAGAGGCGGT-1
GRCh38,CACGGTTAGATGCGGA-1
GRCh38,CACGGTTAGCCGCTAG-1
GRCh38,CACGGTTAGCGAATTT-1
GRCh38,CACGTAATCCCTACGC-1
GRCh38,CACGTAATCCTACATC-1
GRCh38,CACGTACAGCCATCGG-1
GRCh38,CACGTAGGTATGGTTA-1
GRCh38,CACGTAGGTGCTGTCT-1
GRCh38,CACGTCACAACTTAGC-1
GRCh38,CACGTCACACTACTCC-1
GRCh38,CACGTCGAGCCTTCAT-1
GRCh38,CACGTCGAGGTCACGT-1
GRCh38,CACGTTCGTACATTTC-1
GRCh38,CACTAACCAACGACCC-1
GRCh38,CACTACAAGCACCACG-1
GRCh38,CACTACAAGCCAAAGG-1
GRCh38,CACTACTTCACTCCGC-1
GRCh38,CACTAGCAGAACCCGT-1
GRCh38,CACTAGCAGGTAGTTT-1
GRCh38,CACTAGGGTACATCCC-1
GRCh38,CACTATACAACAGCGG-1
GRCh38,CACTATACACTTAAGC-1
GRCh38,CACTATTGTATGGGCC-1
GRCh38,CACTATTGTCTCGCCA-1
GRCh38,CACTATTGTGCTTTCA-1
GRCh38,CACTCAAAGCTGCACG-1
GRCh38,CACTCAAAGGGACGTA-1
GRCh38,CACTCAAAGGTCCAGT-1
GRCh38,CACTCAGCAAAGCATG-1
GRCh38,CACTCAGCACTCACTC-1
GRCh38,CACTCCATCACCCAAA-1
GRCh38,CACTCCCAGCCGTAAC-1
GRCh38,CACTCCCAGCCTCACC-1
GRCh38,CACTCCGGTACTCCCG-1
GRCh38,CACTCCGGTCAGTGCA-1
GRCh38,CACTCCGGTCGCAGTA-1
GRCh38,CACTCCGGTCTGTCCG-1
GRCh38,CACTCGACAACGTACT-1
GRCh38,CACTCGACAATGAAAC-1
GRCh38,CACTCGACAGCTAAAG-1
GRCh38,CACTCTCCAAAACCAG-1
GRCh38,CACTCTCCAGTTGAAG-1
GRCh38,CACTGCACACGCAATT-1
GRCh38,CACTGCACACGCAGTC-1
GRCh38,CACTGCGAGCGCCACA-1
GRCh38,CACTTAACACGGGTCT-1
GRCh38,CACTTACTCGCGACAT-1
GRCh38,CACTTAGAGCCGATTA-1
GRCh38,CACTTATGTAGGACTT-1
GRCh38,CACTTATGTAGGTATC-1
GRCh38,CACTTATGTAGTGTAC-1
GRCh38,CACTTATGTCATTGGG-1
GRCh38,CACTTATGTGTATAGC-1
GRCh38,CACTTTCAGACAAGTA-1
GRCh38,CACTTTGGTATATTGG-1
GRCh38,CAGCAACTCACGTATG-1
GRCh38,CAGCACCCAAAAGCAT-1
GRCh38,CAGCACCCAAGTCATC-1
GRCh38,CAGCACCCAGCCTTTC-1
GRCh38,CAGCATATCAATGTGT-1
GRCh38,CAGCATTCACCACTGA-1
GRCh38,CAGCCCCGTATTATGG-1
GRCh38,CAGCCCCGTGTCCGCC-1
GRCh38,CAGCCCTTCCACATCT-1
GRCh38,CAGCCCTTCGCATAAT-1
GRCh38,CAGCCCTTCGTGGCAT-1
GRCh38,CAGCCTCTCAGTTTGG-1
GRCh38,CAGCCTTGTCAGTGCA-1
GRCh38,CAGCCTTGTCGGTTCT-1
GRCh38,CAGCCTTGTCGTGGTA-1
GRCh38,CAGCCTTGTCTCGTCG-1
GRCh38,CAGCGAAAGACTTAAC-1
GRCh38,CAGCGAAAGGGCCATT-1
GRCh38,CAGCGAGCACTAAAGG-1
GRCh38,CAGCGAGCAGGCGTAG-1
GRCh38,CAGCGCATCCAAAGCC-1
GRCh38,CAGCGCATCGGTCATA-1
GRCh38,CAGCGCATCGTTCGTT-1
GRCh38,CAGCGGACAGGAACTA-1
GRCh38,CAGCGGTGTACTATTC-1
GRCh38,CAGCGGTGTCAGTATA-1
GRCh38,CAGCGTAGTACGTGAT-1
GRCh38,CAGCGTCCAAGTCGCC-1
GRCh38,CAGCGTCCACAGTCGC-1
GRCh38,CAGCGTTAGCTGGTTA-1
GRCh38,CAGCTAATCACAATAC-1
GRCh38,CAGCTAATCAGTAATC-1
GRCh38,CAGCTAATCGCCAATA-1
GRCh38,CAGCTACAGCACCCAG-1
GRCh38,CAGCTCACACTATGAC-1
GRCh38,CAGCTCTGTAGCTTCC-1
GRCh38,CAGCTCTGTGCCTGGG-1
GRCh38,CAGCTGTAGAGCGGGT-1
GRCh38,CAGCTGTAGCCAAATT-1
GRCh38,CAGCTGTAGCGCACAT-1
GRCh38,CAGCTTCGTAACTTTC-1
GRCh38,CAGGACGCAAATACCC-1
GRCh38,CAGGACGCACTATTCT-1
GRCh38,CAGGAGCAGAGTCCCG-1
GRCh38,CAGGATCTCCATCGCC-1
GRCh38,CAGGATCTCCTCCTCT-1
GRCh38,CAGGATCTCGTTCGCC-1
GRCh38,CAGGCCGGTATCCCTA-1
GRCh38,CAGGCCGGTGGTTGGC-1
GRCh38,CAGGCGTGTCATTAAG-1
GRCh38,CAGGCGTGTCCTTGTA-1
GRCh38,CAGGCTTAGACTTCAG-1
GRCh38,CAGGGACAGGGGATCA-1
GRCh38,CAGGGTCGTCCCTCTC-1
GRCh38,CAGGGTCGTCCGTTGT-1
GRCh38,CAGGGTTTCACTTCCG-1
GRCh38,CAGGGTTTCCTAAACG-1
GRCh38,CAGGGTTTCGCGATGT-1
GRCh38,CAGGTAACACCACAAT-1
GRCh38,CAGGTAACACCCAACA-1
GRCh38,CAGGTATGTGGGTTTG-1
GRCh38,CAGGTCCCAGTGTGGG-1
GRCh38,CAGGTGCGTCTGTGAG-1
GRCh38,CAGGTGCGTGGACGGA-1
GRCh38,CAGGTGTTCCACCTAT-1
GRCh38,CAGGTGTTCCACCTCA-1
GRCh38,CAGGTGTTCGGGTTAC-1
GRCh38,CAGGTTATCACAATCG-1
GRCh38,CAGGTTATCCCTTTGG-1
GRCh38,CAGGTTGGTGGGTTGC-1
GRCh38,CAGTAAGCAGCATCAT-1
GRCh38,CAGTAATTCGCGTGTG-1
GRCh38,CAGTACATCAAAGCAA-1
GRCh38,CAGTACATCGTATTCC-1
GRCh38,CAGTAGCTCATATCCC-1
GRCh38,CAGTAGCTCGTTGCTT-1
GRCh38,CAGTAGGAGATGGGGC-1
GRCh38,CAGTAGTGTCCTATTG-1
GRCh38,CAGTATAGTAAGGTTC-1
GRCh38,CAGTATAGTAGGGGCA-1
GRCh38,CAGTATAGTCATAGCG-1
GRCh38,CAGTATAGTCGCAAAT-1
GRCh38,CAGTATAGTGTCCCAT-1
GRCh38,CAGTATGTCATCAGGC-1
GRCh38,CAGTATTAGACCTACA-1
GRCh38,CAGTATTAGCATTGCA-1
GRCh38,CAGTCAATCGTCCCTA-1
GRCh38,CAGTCAGGTAGGCGCT-1
GRCh38,CAGTCAGGTGGAAGTA-1
GRCh38,CAGTCAGGTGGGTATT-1
GRCh38,CAGTCATCACTGATTA-1
GRCh38,CAGTCATCAGTGGCGA-1
GRCh38,CAGTCCACAGTTCGCA-1
GRCh38,CAGTCCCTCAATCTCC-1
GRCh38,CAGTCCCTCCGGGAAA-1
GRCh38,CAGTCTAAGCGTTCCC-1
GRCh38,CAGTGCAGTGCGAATT-1
GRCh38,CAGTGCCCAGTTAACC-1
GRCh38,CAGTGGGCACGCCATA-1
GRCh38,CAGTTACCAAATACAA-1
GRCh38,CAGTTACCAGCTAGCC-1
GRCh38,CAGTTCGCAACCAAGA-1
GRCh38,CAGTTCGCACTTCTAT-1
GRCh38,CAGTTGGGTGCTATCC-1
GRCh38,CAGTTTACAACCTTAA-1
GRCh38,CAGTTTACAATCACTA-1
GRCh38,CAGTTTACACAACTAC-1
GRCh38,CATAACCCAACATAGG-1
GRCh38,CATAACCCACCTGACA-1
GRCh38,CATAACCCACTTCGTC-1
GRCh38,CATAACCCAGGTCTAT-1
GRCh38,CATAACCCAGTACGGG-1
GRCh38,CATAACGTCAAACCCA-1
GRCh38,CATAACGTCATGCAAT-1
GRCh38,CATAACGTCATGGGTC-1
GRCh38,CATAACTAGATCAGGG-1
GRCh38,CATAAGCGTAAAGCCT-1
GRCh38,CATAAGCGTACTATTC-1
GRCh38,CATAAGCGTCCTTATG-1
GRCh38,CATAAGTTCCGTACTT-1
GRCh38,CATAAGTTCGCGACAT-1
GRCh38,CATAATCAGACCACGT-1
GRCh38,CATAATCAGCAACATT-1
GRCh38,CATAATTCACGGTGTC-1
GRCh38,CATACAAGTATCATGA-1
GRCh38,CATACAAGTCGCGTGG-1
GRCh38,CATACAAGTGTTAGTA-1
GRCh38,CATACATAGAAACGGT-1
GRCh38,CATACATAGCCGCTGA-1
GRCh38,CATACATAGGTGTTAT-1
GRCh38,CATACCCGTACGGGTC-1
GRCh38,CATACCCGTACGTTCC-1
GRCh38,CATACCCGTCAGGCCG-1
GRCh38,CATACCCGTCCTTAGC-1
GRCh38,CATACCCGTGGTTGGC-1
GRCh38,CATACCGCAACCACAT-1
GRCh38,CATACCGCAATGCGGG-1
GRCh38,CATACCGCACAGGACG-1
GRCh38,CATACCGCACATAACC-1
GRCh38,CATACCTTCGCAAGTC-1
GRCh38,CATACCTTCGGTCATA-1
GRCh38,CATACGGGTACAAGAG-1
GRCh38,CATACGGGTAGGGTAA-1
GRCh38,CATAGAGCACAATGTC-1
GRCh38,CATAGAGCACCCAACA-1
GRCh38,CATAGAGCACTCTAGG-1
GRCh38,CATAGCGGTCGAAGGG-1
GRCh38,CATAGCGGTGCTCTGT-1
GRCh38,CATAGCTCACACTCGA-1
GRCh38,CATAGGCTCAACCAAT-1
GRCh38,CATAGGCTCACACTTC-1
GRCh38,CATAGGCTCACTATCC-1
GRCh38,CATAGGCTCCAACTTC-1
GRCh38,CATAGGCTCCTTAACC-1
GRCh38,CATAGGGAGATACAAG-1
GRCh38,CATAGGGAGCCAGAGA-1
GRCh38,CATAGGGAGCCATAAT-1
GRCh38,CATAGGGAGCCTAGAC-1
GRCh38,CATAGGGAGGGCGAGT-1
GRCh38,CATAGGTGTAAACGCT-1
GRCh38,CATAGGTGTATCACGG-1
GRCh38,CATAGGTGTCGCACCC-1
GRCh38,CATAGGTGTGTGCCGG-1
GRCh38,CATATCACAATGTGTC-1
GRCh38,CATATCACAGCTAAGA-1
GRCh38,CATATCACAGCTATTA-1
GRCh38,CATATCCTCACCCAAA-1
GRCh38,CATATCGAGAAGCGAT-1
GRCh38,CATATCGAGAGGGCGT-1
GRCh38,CATATCGAGATGGCGA-1
GRCh38,CATATGGTCCCAATTC-1
GRCh38,CATATGTAGAAGCCAG-1
GRCh38,CATATGTAGCAATGTT-1
GRCh38,CATATTCGTAAGCCCA-1
GRCh38,CATCAATAGACTGCCG-1
GRCh38,CATCAATAGGGTTCCG-1
GRCh38,CATCACGCAACGCACC-1
GRCh38,CATCACGCACCTCTTA-1
GRCh38,CATCACTTCAGCTATG-1
GRCh38,CATCACTTCAGGGACA-1
GRCh38,CATCACTTCATACTAA-1
GRCh38,CATCACTTCCGCTTCA-1
GRCh38,CATCACTTCGCTTCAT-1
GRCh38,CATCACTTCGTTGGCG-1
GRCh38,CATCAGGGTAAGCCAT-1
GRCh38,CATCAGGGTCACATGG-1
GRCh38,CATCATACACCCATTC-1
GRCh38,CATCATCTCGGTCGCA-1
GRCh38,CATCATTGTCTGCAAG-1
GRCh38,CATCGACAGCAAAGGT-1
GRCh38,CATCGACAGCTCGGCA-1
GRCh38,CATCGACAGGCGGATA-1
GRCh38,CATCGAGGTAATCGCG-1
GRCh38,CATCGCACACTTATAG-1
GRCh38,CATCGCACAGCAGCCT-1
GRCh38,CATCGCGAGGTATTCG-1
GRCh38,CATCGCTGTACGAGTT-1
GRCh38,CATCGCTGTGGTGTAT-1
GRCh38,CATCGGAGTACAGGTT-1
GRCh38,CATCGGAGTAGTAAGG-1
GRCh38,CATCGGAGTCGCCATT-1
GRCh38,CATCGGAGTGCTAGGC-1
GRCh38,CATCGTTTCAAGCAAA-1
GRCh38,CATCGTTTCAGTACAT-1
GRCh38,CATCGTTTCCGGCACA-1
GRCh38,CATCTACTCACACGGT-1
GRCh38,CATCTAGAGAGCCCCA-1
GRCh38,CATCTATGTCATTTCG-1
GRCh38,CATCTATGTGGATCGC-1
GRCh38,CATCTCCCAACGTGCC-1
GRCh38,CATCTCCCAAGCCATT-1
GRCh38,CATCTCCCACAAGCGG-1
GRCh38,CATCTCCCAGTAAACG-1
GRCh38,CATCTGTTCCTGTCAT-1
GRCh38,CATCTTCAGCGCTATA-1
GRCh38,CATCTTGGTATCGTGG-1
GRCh38,CATCTTGGTCGCTGGG-1
GRCh38,CATGAAGCAAGGGTTA-1
GRCh38,CATGATCCAGGACGCA-1
GRCh38,CATGCACAGCCACTAA-1
GRCh38,CATGCACAGGCGGATA-1
GRCh38,CATGCAGGTCTGGAAT-1
GRCh38,CATGCCACAAAGCCGG-1
GRCh38,CATGCCACAAATATTC-1
GRCh38,CATGCCCTCCAATGCA-1
GRCh38,CATGCCCTCCTGCTAT-1
GRCh38,CATGCCGAGATCATCG-1
GRCh38,CATGCCGAGGTAGAAC-1
GRCh38,CATGCCGAGGTATTCG-1
GRCh38,CATGCCGAGGTCCCGA-1
GRCh38,CATGCGTAGACGGCAA-1
GRCh38,CATGCGTAGGGTTCGT-1
GRCh38,CATGGAGAGCCAGAGA-1
GRCh38,CATGGCGTCACCCCTA-1
GRCh38,CATGGCGTCAGGCCAT-1
GRCh38,CATGGCGTCATACGCA-1
GRCh38,CATGGCGTCGGATCAC-1
GRCh38,CATGGGCGTGTTGGAT-1
GRCh38,CATGGGGCAATCACGT-1
GRCh38,CATGGGGCACGGGTAG-1
GRCh38,CATGGGTTCCCTGACC-1
GRCh38,CATGGGTTCCGCTTCA-1
GRCh38,CATGGGTTCGGCCCTT-1
GRCh38,CATGGTTCAATGACCT-1
GRCh38,CATGGTTCACATAGCT-1
GRCh38,CATGGTTCAGGGTATA-1
GRCh38,CATGTATAGAGGACCA-1
GRCh38,CATGTATAGGGATAGT-1
GRCh38,CATGTCCGTAACTGCG-1
GRCh38,CATGTCCGTACTCGCT-1
GRCh38,CATGTCGCAATAATTC-1
GRCh38,CATGTCGCAATAGCGA-1
GRCh38,CATGTCGCAATCATGC-1
GRCh38,CATGTCGCAGTGATTC-1
GRCh38,CATGTGGGTAAACTGC-1
GRCh38,CATGTTGAGACGGGGT-1
GRCh38,CATGTTGAGGTTGGTC-1
GRCh38,CATTAACAGACAGCAG-1
GRCh38,CATTAACAGCGATTCA-1
GRCh38,CATTAAGGTAGGGCGA-1
GRCh38,CATTAAGGTATGCGGC-1
GRCh38,CATTAAGGTCAGTATA-1
GRCh38,CATTAAGGTCTGTACC-1
GRCh38,CATTAAGGTGGCAAGG-1
GRCh38,CATTACCTCAGGCTTA-1
GRCh38,CATTACCTCGCAACTA-1
GRCh38,CATTACGAGCAATACT-1
GRCh38,CATTACGAGCCTAGCG-1
GRCh38,CATTACGAGCTGTCGG-1
GRCh38,CATTAGCCAACGTTAC-1
GRCh38,CATTAGTAGATGCCAC-1
GRCh38,CATTAGTAGCACTGTA-1
GRCh38,CATTAGTAGCATCACA-1
GRCh38,CATTATCGTCGCTGCC-1
GRCh38,CATTATCGTGGACGCT-1
GRCh38,CATTCAACAACTGTCG-1
GRCh38,CATTCAACACAAGGCG-1
GRCh38,CATTCAACACTTAACA-1
GRCh38,CATTCAACAGGGTTCC-1
GRCh38,CATTCAGAGCATGCCG-1
GRCh38,CATTCCAGTCACCGGG-1
GRCh38,CATTCCAGTCAGCTCT-1
GRCh38,CATTCCAGTCGTACCT-1
GRCh38,CATTCCCCAATGCGAA-1
GRCh38,CATTCCCCAGTACTTA-1
GRCh38,CATTCCGTCCACATCT-1
GRCh38,CATTCCGTCCCAGTAA-1
GRCh38,CATTCCGTCCTGAACA-1
GRCh38,CATTCCGTCGGCCTTC-1
GRCh38,CATTCCGTCGTTCGTT-1
GRCh38,CATTCGAAGACCTTTC-1
GRCh38,CATTCGAAGCTGCGTG-1
GRCh38,CATTCGGCAAGCGCTC-1
GRCh38,CATTCGGCACGGGTAG-1
GRCh38,CATTCTGGTCATTCTG-1
GRCh38,CATTCTGGTGGGGCTT-1
GRCh38,CATTCTGGTGTATGTA-1
GRCh38,CATTGCAAGGCTATTG-1
GRCh38,CATTGCTTCCTCCGAC-1
GRCh38,CATTGGGGTCGCACCC-1
GRCh38,CATTGGTCACGATAGA-1
GRCh38,CATTGGTCACGTAATC-1
GRCh38,CATTTAGCACGGCACT-1
GRCh38,CATTTCGGTCAACTCC-1
GRCh38,CATTTCGGTCATATTC-1
GRCh38,CATTTCGGTCTACTGC-1
GRCh38,CATTTGGAGAACCCGT-1
GRCh38,CATTTGGAGCACAAGG-1
GRCh38,CATTTGGAGGGCTGAA-1
GRCh38,CCAAAGGAGACGACGA-1
GRCh38,CCAAAGGAGCTCGATA-1
GRCh38,CCAAAGGAGGCATTCA-1
GRCh38,CCAAAGTGTAATGGCT-1
GRCh38,CCAAATCCACACTTAA-1
GRCh38,CCAAATGTCATCAATA-1
GRCh38,CCAAATGTCCCTGCTA-1
GRCh38,CCAAATTAGCCACTAA-1
GRCh38,CCAAATTAGGTCCTTT-1
GRCh38,CCAACAGGTCATTTCG-1
GRCh38,CCAACAGGTGGCTAAT-1
GRCh38,CCAACATCAATGGACA-1
GRCh38,CCAACCCTCAACTCTC-1
GRCh38,CCAACCGAGACTAATC-1
GRCh38,CCAACCGAGCCACAAC-1
GRCh38,CCAACCTGTACAACGT-1
GRCh38,CCAACCTGTCTACGCT-1
GRCh38,CCAACGAGTGTCGTGA-1
GRCh38,CCAACGCCACCTCGAA-1
GRCh38,CCAACTTTCCACAAGC-1
GRCh38,CCAACTTTCCGCTAAA-1
GRCh38,CCAAGCCCAAAGCTTC-1
GRCh38,CCAAGCCCACGCCATA-1
GRCh38,CCAAGCTAGCCGCGTA-1
GRCh38,CCAAGCTAGGTCTAGC-1
GRCh38,CCAAGGGCAATCGCGC-1
GRCh38,CCAAGGGCAGTTGGAA-1
GRCh38,CCAAGTATCGCAGTAC-1
GRCh38,CCAATACCAAACGGGT-1
GRCh38,CCAATACCAAGACAAT-1
GRCh38,CCAATACCACCACGGT-1
GRCh38,CCAATACCAGCCTGAC-1
GRCh38,CCAATAGTCCCTCTAG-1
GRCh38,CCAATAGTCGTATTGG-1
GRCh38,CCAATATAGCCTCTTG-1
GRCh38,CCAATTACAATGGGCG-1
GRCh38,CCAATTACACAGTAAG-1
GRCh38,CCAATTCTCGGTCAGT-1
GRCh38,CCACAATCAAGCCGAG-1
GRCh38,CCACACACAAGTCGAA-1
GRCh38,CCACACACACCTGACA-1
GRCh38,CCACACCTCGCTAACA-1
GRCh38,CCACAGCCACGAACGG-1
GRCh38,CCACATAAGCTCATGA-1
GRCh38,CCACATAAGGGCCTTG-1
GRCh38,CCACATTTCACTAACG-1
GRCh38,CCACATTTCCACCCTA-1
GRCh38,CCACATTTCCTCCGGT-1
GRCh38,CCACATTTCCTCGAAA-1
GRCh38,CCACATTTCGGTATAT-1
GRCh38,CCACCAACAACAAGAT-1
GRCh38,CCACCAACACAGGTAA-1
GRCh38,CCACCAACAGTGATTC-1
GRCh38,CCACCGTTCGTTCGTT-1
GRCh38,CCACCTATCGCCCTAC-1
GRCh38,CCACGATAGACCAGAG-1
GRCh38,CCACGCTTCCCGCGTT-1
GRCh38,CCACGCTTCCTATCCG-1
GRCh38,CCACGGGGTAAGGTAG-1
GRCh38,CCACGGGGTCATGGAT-1
GRCh38,CCACGGGGTCCGTCCA-1
GRCh38,CCACGTACACAGTTTA-1
GRCh38,CCACGTTGTAGCGGGA-1
GRCh38,CCACGTTGTCGGTTAG-1
GRCh38,CCACGTTGTGTCGCGG-1
GRCh38,CCACTAAAGGCTCAAC-1
GRCh38,CCACTAGCAGTCTATA-1
GRCh38,CCACTATTCCCGCACT-1
GRCh38,CCACTATTCCCGCTGT-1
GRCh38,CCACTCTCAAACCCAT-1
GRCh38,CCACTGACAATGGACA-1
GRCh38,CCACTTGTCAGGAATA-1
GRCh38,CCACTTTAGGCGAAGC-1
GRCh38,CCAGAACTCGCTTTAC-1
GRCh38,CCAGAGAAGCATTAAC-1
GRCh38,CCAGAGAAGGCAACGA-1
GRCh38,CCAGAGGCAGCATCAT-1
GRCh38,CCAGAGGCAGCTAACT-1
GRCh38,CCAGATGGTAGCGCGT-1
GRCh38,CCAGATGGTAGGACCC-1
GRCh38,CCAGATGGTCTAGGTG-1
GRCh38,CCAGATGGTCTGGCTT-1
GRCh38,CCAGATTCAGTGTAAG-1
GRCh38,CCAGCATAGGTAGTAA-1
GRCh38,CCAGCCCGTAGCCCTT-1
GRCh38,CCAGCCCGTCCTTCCC-1
GRCh38,CCAGCCCGTCTACAGG-1
GRCh38,CCAGCCCGTGTTCTAT-1
GRCh38,CCAGCCTTCGGTTAAT-1
GRCh38,CCAGCTACACGTAAAG-1
GRCh38,CCAGCTACACGTTCAG-1
GRCh38,CCAGCTCTCAGTACAT-1
GRCh38,CCAGCTCTCCATAGCA-1
GRCh38,CCAGCTCTCGGTACGT-1
GRCh38,CCAGGCTCAAGTCATC-1
GRCh38,CCAGGGTGTACAGAAG-1
GRCh38,CCAGGTAGTATCAGCG-1
GRCh38,CCAGGTTAGCATGCGT-1
GRCh38,CCAGGTTAGGCGAAGC-1
GRCh38,CCAGTAATCATATGGT-1
GRCh38,CCAGTAATCCAGCATA-1
GRCh38,CCAGTACAGCTGTGCG-1
GRCh38,CCAGTGAGTAGTCCGA-1
GRCh38,CCAGTGAGTCTAGCTC-1
GRCh38,CCAGTGAGTGCCATTC-1
GRCh38,CCAGTGAGTGGCTTCT-1
GRCh38,CCAGTGAGTGTATCTT-1
GRCh38,CCAGTGCCAACACTCG-1
GRCh38,CCAGTGCCAAGTGTCT-1
GRCh38,CCAGTTCGTCCTGATC-1
GRCh38,CCAGTTCGTGGACGGA-1
GRCh38,CCATAACCAACATACC-1
GRCh38,CCATAATAGAATCTGT-1
GRCh38,CCATAATAGGGGCATA-1
GRCh38,CCATACAAGACGTGTC-1
GRCh38,CCATACAAGCACTGCG-1
GRCh38,CCATACAAGCGGCATT-1
GRCh38,CCATACAAGGGGTATG-1
GRCh38,CCATACGCAACCTCTC-1
GRCh38,CCATACGCAGTATGCT-1
GRCh38,CCATACTTCCAAACCA-1
GRCh38,CCATACTTCCGCTTCA-1
GRCh38,CCATAGCAGAAGTAGC-1
GRCh38,CCATAGCAGGTCTAGC-1
GRCh38,CCATAGCAGGTCTGTA-1
GRCh38,CCATAGGGTACAGGCC-1
GRCh38,CCATAGGGTCTAGGGC-1
GRCh38,CCATAGGGTGGATGTT-1
GRCh38,CCATAGGGTGGCGCTG-1
GRCh38,CCATATCTCGCCTGCT-1
GRCh38,CCATCAAAGCGATTTG-1
GRCh38,CCATCATTCATAAGCT-1
GRCh38,CCATCATTCCATAGCA-1
GRCh38,CCATCATTCCGGCCTT-1
GRCh38,CCATCCATCCAGGTTA-1
GRCh38,CCATCGACAGTTGGTT-1
GRCh38,CCATCGCTCCCATCAT-1
GRCh38,CCATGACAGACATGCC-1
GRCh38,CCATGACAGGTTGCCG-1
GRCh38,CCATGCACAACACTTA-1
GRCh38,CCATGCACAACATAGG-1
GRCh38,CCATGCACAATCAGCT-1
GRCh38,CCATGCACACGGGTCT-1
GRCh38,CCATGCCTCGGTATTG-1
GRCh38,CCATGCGAGCCACTAA-1
GRCh38,CCATGGTAGAAATGGC-1
GRCh38,CCATGGTAGATTACCG-1
GRCh38,CCATTAACAACTGCCA-1
GRCh38,CCATTAACACGAATCT-1
GRCh38,CCATTACTCGTTACCT-1
GRCh38,CCATTAGAGATGGGTG-1
GRCh38,CCATTAGAGCAGCGTT-1
GRCh38,CCATTAGAGCCAGAGA-1
GRCh38,CCATTCCCAAACCGAA-1
GRCh38,CCATTCCCAATGACAG-1
GRCh38,CCATTCGTCAGCAATT-1
GRCh38,CCATTGAAGGGCCTTG-1
GRCh38,CCATTGAAGGGGCGAT-1
GRCh38,CCATTTGGTAATCAGC-1
GRCh38,CCCAAAGGTAATCCCC-1
GRCh38,CCCAAAGGTAGTGTGT-1
GRCh38,CCCAAAGGTCTCATTG-1
GRCh38,CCCAAATCAGGGTGCA-1
GRCh38,CCCAACACAAGGATAT-1
GRCh38,CCCAACACACTACTCC-1
GRCh38,CCCAACCTCCCTACCA-1
GRCh38,CCCAACCTCCGCAATA-1
GRCh38,CCCAACCTCCGGGCTA-1
GRCh38,CCCAACCTCCTGGGCA-1
GRCh38,CCCAACCTCGCTACTT-1
GRCh38,CCCAACCTCGTAGGCT-1
GRCh38,CCCAACCTCGTTCGCC-1
GRCh38,CCCAACGAGCGCTTGG-1
GRCh38,CCCAACGAGGTGTTAT-1
GRCh38,CCCAAGCCAAGCGCAG-1
GRCh38,CCCAAGCCAAGCTTTA-1
GRCh38,CCCAAGCCACAAGTCT-1
GRCh38,CCCAAGCCACAATGTC-1
GRCh38,CCCAAGCCACTCACCT-1
GRCh38,CCCAAGTAGGTCTATG-1
GRCh38,CCCAATCGTAACTTTC-1
GRCh38,CCCAATCGTATTATGG-1
GRCh38,CCCAATTTCATCCCCA-1
GRCh38,CCCAATTTCGCTACTT-1
GRCh38,CCCACAACAGCGAAAC-1
GRCh38,CCCACAGAGCAATGTT-1
GRCh38,CCCACAGAGCTGACGT-1
GRCh38,CCCACAGAGGCATAGG-1
GRCh38,CCCACAGAGGGCTAAG-1
GRCh38,CCCACAGAGGTGTATT-1
GRCh38,CCCACGAAGGGCGAAC-1
GRCh38,CCCACGTTCACTTGTC-1
GRCh38,CCCACGTTCCCCATGC-1
GRCh38,CCCACTATCCAACTTC-1
GRCh38,CCCAGCAAGACCTGTA-1
GRCh38,CCCAGCAAGGCTCACG-1
GRCh38,CCCAGCTTCGTCTCGC-1
GRCh38,CCCAGTACAGTCTAAC-1
GRCh38,CCCATAGCACAACAGA-1
GRCh38,CCCATAGCACACACGC-1
GRCh38,CCCATGCTCACAATCG-1
GRCh38,CCCATGCTCGGCGAAA-1
GRCh38,CCCATGGAGCCGACAT-1
GRCh38,CCCATGGAGCTCTCCA-1
GRCh38,CCCATGTGTATGCGGC-1
GRCh38,CCCATTCCAGTAGCGG-1
GRCh38,CCCATTGTCGTGTTGA-1
GRCh38,CCCTAAGCACTGGAGG-1
GRCh38,CCCTAGACAAATCACC-1
GRCh38,CCCTAGACACAGTTAC-1
GRCh38,CCCTAGCTCAGCCAAC-1
GRCh38,CCCTAGCTCATGAAAG-1
GRCh38,CCCTAGCTCCCTGCTA-1
GRCh38,CCCTAGCTCGGACGTT-1
GRCh38,CCCTAGGAGGTTATCG-1
GRCh38,CCCTAGTGTCTTGTGC-1
GRCh38,CCCTCATCAAGACAAT-1
GRCh38,CCCTCATCAATCATCA-1
GRCh38,CCCTCTCGTAAGGCCC-1
GRCh38,CCCTCTCGTGTGTCAG-1
GRCh38,CCCTGAACAAGTATAA-1
GRCh38,CCCTGAACAGTGCGGA-1
GRCh38,CCCTGGAAGATCGTTG-1
GRCh38,CCCTGGAAGGCATACC-1
GRCh38,CCCTGGAAGGTCTGGT-1
GRCh38,CCCTTACCAACCTACG-1
GRCh38,CCCTTACCACCCATTC-1
GRCh38,CCCTTATAGCAGCCAT-1
GRCh38,CCCTTGGGTATTACCT-1
GRCh38,CCCTTGGGTGGTGTCA-1
GRCh38,CCCTTTACACGGCAAG-1
GRCh38,CCCTTTACAGTCACGC-1
GRCh38,CCCTTTGAGCAGGAGC-1
GRCh38,CCCTTTGAGCGTGAAG-1
GRCh38,CCCTTTGAGGCTTACA-1
GRCh38,CCGAAACTCGTCCATT-1
GRCh38,CCGAAATGTCTGCAAG-1
GRCh38,CCGAATATCACATTGG-1
GRCh38,CCGAATATCATGTGGC-1
GRCh38,CCGAATATCGCTAATG-1
GRCh38,CCGAATGGTACACCCT-1
GRCh38,CCGAATTCAATCATGC-1
GRCh38,CCGACAAGTAGTTGCG-1
GRCh38,CCGACAAGTCCTATGC-1
GRCh38,CCGACAAGTGCGGGTT-1
GRCh38,CCGACATAGCCTGACG-1
GRCh38,CCGACATAGCGTTAAT-1
GRCh38,CCGACATAGCTGCTAA-1
GRCh38,CCGACTACACTGGGGA-1
GRCh38,CCGATAGGTACCTTGC-1
GRCh38,CCGATAGGTCCTGCGC-1
GRCh38,CCGATAGGTGCTGCCC-1
GRCh38,CCGATTAAGCAACGTC-1
GRCh38,CCGATTAAGGCTACAC-1
GRCh38,CCGCAATAGGCTGTTA-1
GRCh38,CCGCACAAGAGTAATG-1
GRCh38,CCGCACAAGCACTAGC-1
GRCh38,CCGCACTTCCATGGCG-1
GRCh38,CCGCACTTCCGAAACC-1
GRCh38,CCGCATACAAAATCAA-1
GRCh38,CCGCATACAAGCATAG-1
GRCh38,CCGCATACAGGCATAA-1
GRCh38,CCGCATCTCGCTATCT-1
GRCh38,CCGCATCTCGCTTCAT-1
GRCh38,CCGCCATTCCGCTCTA-1
GRCh38,CCGCCGTGTACAAGCT-1
GRCh38,CCGCCTAGTGGACTGC-1
GRCh38,CCGCTAACAACATACC-1
GRCh38,CCGCTAACACAATACC-1
GRCh38,CCGCTAGAGACTTACG-1
GRCh38,CCGCTATGTATAGGGA-1
GRCh38,CCGCTATGTCCACGGG-1
GRCh38,CCGCTATGTCCGCATT-1
GRCh38,CCGCTATGTCTTAGTT-1
GRCh38,CCGCTGAAGAATGTAG-1
GRCh38,CCGCTGAAGACCCGTG-1
GRCh38,CCGCTGAAGATAACAG-1
GRCh38,CCGCTGAAGCAAGGCA-1
GRCh38,CCGCTGAAGCCCATGG-1
GRCh38,CCGCTGTTCCACTTAC-1
GRCh38,CCGCTTATCACATTGG-1
GRCh38,CCGCTTATCCGCTAAA-1
GRCh38,CCGCTTGGTACATTCT-1
GRCh38,CCGGAAGCACGATTAC-1
GRCh38,CCGGACTCAATCAGAG-1
GRCh38,CCGGACTCAGTTCAGT-1
GRCh38,CCGGATTAGCTAGGAG-1
GRCh38,CCGGCAATCAGCATCA-1
GRCh38,CCGGCAATCCAGTACA-1
GRCh38,CCGGCAATCGTCTCCA-1
GRCh38,CCGGCCTGTAAGGTCT-1
GRCh38,CCGGCCTGTCGTAGAT-1
GRCh38,CCGGCCTGTCTAAATG-1
GRCh38,CCGGCCTGTGGTAGGG-1
GRCh38,CCGGCTTTCACCAATG-1
GRCh38,CCGGCTTTCGGTGGTT-1
GRCh38,CCGGGTATCAAGCGTC-1
GRCh38,CCGGGTATCATAACAC-1
GRCh38,CCGGGTATCCACGAGT-1
GRCh38,CCGGTAAGTATAGGGA-1
GRCh38,CCGGTAAGTCCCAATC-1
GRCh38,CCGGTATAGGCGATAG-1
GRCh38,CCGGTTCTCGGTACTA-1
GRCh38,CCGGTTCTCGTCTCCA-1
GRCh38,CCGTAAATCAGGGGTA-1
GRCh38,CCGTAAATCGTCTCCA-1
GRCh38,CCGTAACAGATAGGCG-1
GRCh38,CCGTAATCAGCAGCCT-1
GRCh38,CCGTAATCAGTGCTCA-1
GRCh38,CCGTAATCAGTGTAAG-1
GRCh38,CCGTACACAAATCACC-1
GRCh38,CCGTACACACATCGGC-1
GRCh38,CCGTACACACTGCTCT-1
GRCh38,CCGTCAACAACACTAC-1
GRCh38,CCGTCAACACGTCGTA-1
GRCh38,CCGTCAACAGCTACAT-1
GRCh38,CCGTCAGAGACCTGCG-1
GRCh38,CCGTCAGAGAGCCCAT-1
GRCh38,CCGTCAGAGCGAGTAG-1
GRCh38,CCGTCCAGTCAAGGTT-1
GRCh38,CCGTCGAAGAACGGGC-1
GRCh38,CCGTCGAAGACAGTTT-1
GRCh38,CCGTCGAAGCCTGCGA-1
GRCh38,CCGTCGCGTGTTACTT-1
GRCh38,CCGTCTATCAGTCCTT-1
GRCh38,CCGTCTGGTACCTTGC-1
GRCh38,CCGTCTGGTCATACGG-1
GRCh38,CCGTGATAGAAAGCGT-1
GRCh38,CCGTGATAGGTAGGGC-1
GRCh38,CCGTGTCTCAGACATT-1
GRCh38,CCGTGTCTCCACTTCG-1
GRCh38,CCGTGTTGTCTTCAAT-1
GRCh38,CCGTGTTGTGTAAGCT-1
GRCh38,CCGTTAAAGCACCATA-1
GRCh38,CCGTTAGCAAACTCAC-1
GRCh38,CCGTTGGAGGCCCTGA-1
GRCh38,CCGTTGTGTCAACCTC-1
GRCh38,CCGTTGTGTGGTTGTG-1
GRCh38,CCGTTTAGTCCGATAG-1
GRCh38,CCGTTTAGTCGATGGC-1
GRCh38,CCGTTTCCAAACGTTC-1
GRCh38,CCGTTTCCAAATTTCG-1
GRCh38,CCTAAACCAATACACC-1
GRCh38,CCTAACTTCGTTCGCC-1
GRCh38,CCTAATACAGTCTGCA-1
GRCh38,CCTAATTGTAGCGGTC-1
GRCh38,CCTAATTGTCAGGTTG-1
GRCh38,CCTACATTCATCGGGT-1
GRCh38,CCTACCATCCTCGTTG-1
GRCh38,CCTACCTCAATCGCGC-1
GRCh38,CCTACGACAAACCATC-1
GRCh38,CCTACGACACGCGAAG-1
GRCh38,CCTACGACAGTTAATT-1
GRCh38,CCTACGACAGTTCAGT-1
GRCh38,CCTACTCCAATGCGAA-1
GRCh38,CCTAGACAGACATGTT-1
GRCh38,CCTAGCACAAGCGCAG-1
GRCh38,CCTAGCGAGAGAGGTT-1
GRCh38,CCTAGCGAGCGTATAT-1
GRCh38,CCTAGCGAGGGGCTTT-1
GRCh38,CCTAGCTGTCATCTTG-1
GRCh38,CCTAGCTGTGTAGAAG-1
GRCh38,CCTAGGGTCCTATCCG-1
GRCh38,CCTAGTAAGGTTGCGT-1
GRCh38,CCTAGTCGTCACATGG-1
GRCh38,CCTAGTCGTGGATAAG-1
GRCh38,CCTAGTTTCCTGTCAT-1
GRCh38,CCTAGTTTCGTAATCG-1
GRCh38,CCTATACTCACAGATT-1
GRCh38,CCTATACTCCAATGTG-1
GRCh38,CCTATACTCGGGCAAA-1
GRCh38,CCTATACTCGTAGATT-1
GRCh38,CCTATGAAGAAGCGGC-1
GRCh38,CCTATGAAGAATACGA-1
GRCh38,CCTATGAAGAGGAGCC-1
GRCh38,CCTATGAAGATTACGT-1
GRCh38,CCTATGCGTACCAGAT-1
GRCh38,CCTATTCAGCCAAATT-1
GRCh38,CCTATTCAGCCTTTCG-1
GRCh38,CCTATTGGTGGTATTA-1
GRCh38,CCTCACCAGAAACCAA-1
GRCh38,CCTCACCAGACCCCAG-1
GRCh38,CCTCACCAGCTCAGGT-1
GRCh38,CCTCACCAGCTCGTTT-1
GRCh38,CCTCACCAGGTTAATC-1
GRCh38,CCTCACTCACTCATAA-1
GRCh38,CCTCATCCACAATCCG-1
GRCh38,CCTCATCCAGTAGGCG-1
GRCh38,CCTCGAACAGGATTAG-1
GRCh38,CCTCGAGAGCATGTTG-1
GRCh38,CCTCGATGTAATGGAG-1
GRCh38,CCTCGATGTCATAGCG-1
GRCh38,CCTCGATGTCGCTTGT-1
GRCh38,CCTCGTCAGCCTAGAC-1
GRCh38,CCTCTACCAAACACCT-1
GRCh38,CCTCTACCAACTTAAT-1
GRCh38,CCTCTAGTCACGACTA-1
GRCh38,CCTCTCCGTAATGTTG-1
GRCh38,CCTCTCCGTCACGTAG-1
GRCh38,CCTCTCGCACTATACA-1
GRCh38,CCTCTTACAAATTCCA-1
GRCh38,CCTCTTACAAGTGTCT-1
GRCh38,CCTCTTACACATGATC-1
GRCh38,CCTCTTACACCTCACT-1
GRCh38,CCTCTTACAGTGAGGT-1
GRCh38,CCTGAAATCGCAATAT-1
GRCh38,CCTGACACAATGAATA-1
GRCh38,CCTGACCTCGTGGTTA-1
GRCh38,CCTGACGAGGGAATAC-1
GRCh38,CCTGACGAGGGTTCCG-1
GRCh38,CCTGACGAGGTAGCAG-1
GRCh38,CCTGATAAGCAAACTT-1
GRCh38,CCTGATAAGCCGCTAG-1
GRCh38,CCTGATAAGGGAGTAT-1
GRCh38,CCTGATAAGGGTACGA-1
GRCh38,CCTGATCGTGTCCTTA-1
GRCh38,CCTGCGAAGGTTAGTT-1
GRCh38,CCTGCGCGTACATCTT-1
GRCh38,CCTGCGCGTCATCGCT-1
GRCh38,CCTGCTATCATTAACA-1
GRCh38,CCTGCTTCAATGTATT-1
GRCh38,CCTGGCAAGCCACGAT-1
GRCh38,CCTGGCAAGGCTTCAA-1
GRCh38,CCTGGCTTCAGCTATG-1
GRCh38,CCTGGTGAGAAGCTGG-1
GRCh38,CCTGGTGAGACATAGA-1
GRCh38,CCTGTAAAGAGTTAAG-1
GRCh38,CCTGTAAAGCTGGTTA-1
GRCh38,CCTGTACGTAAAGCCT-1
GRCh38,CCTGTACGTATTGAGC-1
GRCh38,CCTGTACGTCAGTTCC-1
GRCh38,CCTGTACGTGGTATTA-1
GRCh38,CCTGTCATCGGTACTA-1
GRCh38,CCTGTCGGTACATCTT-1
GRCh38,CCTGTCGGTATCGCAG-1
GRCh38,CCTGTCGGTGGGATAA-1
GRCh38,CCTGTCGGTGTGGCCG-1
GRCh38,CCTGTGGAGACTCGAC-1
GRCh38,CCTGTGGAGCGCATAC-1
GRCh38,CCTTAACTCCCCAGCT-1
GRCh38,CCTTAACTCGTGTCAA-1
GRCh38,CCTTAAGAGGTAATTC-1
GRCh38,CCTTAATGTCGGCTGG-1
GRCh38,CCTTAATGTCTCCTGG-1
GRCh38,CCTTACCCACTAGTCG-1
GRCh38,CCTTACCCACTTCTAT-1
GRCh38,CCTTAGAAGCACCCGA-1
GRCh38,CCTTAGCGTCTAACTT-1
GRCh38,CCTTCAGTCAATTCGG-1
GRCh38,CCTTCATAGCTAAGCC-1
GRCh38,CCTTCCCGTACAGGTT-1
GRCh38,CCTTCCCGTCACATGG-1
GRCh38,CCTTCCCGTGCTGCCC-1
GRCh38,CCTTCCTTCGTTGCTT-1
GRCh38,CCTTCGATCCCATTCG-1
GRCh38,CCTTCGGGTAAGCCAT-1
GRCh38,CCTTCTCTCATGTAGT-1
GRCh38,CCTTCTCTCCTAATCC-1
GRCh38,CCTTCTCTCGCTCTCA-1
GRCh38,CCTTGAGCAAAAGCAT-1
GRCh38,CCTTGCCAGCACTGCG-1
GRCh38,CCTTGCCAGCCTAGAC-1
GRCh38,CCTTGCCAGCTGTGCG-1
GRCh38,CCTTGCGGTAGTACGT-1
GRCh38,CCTTGCGGTCACTCCG-1
GRCh38,CCTTGCGGTCTGGAAT-1
GRCh38,CCTTGTAGTAGGTATC-1
GRCh38,CCTTGTAGTGCTGTCT-1
GRCh38,CCTTGTGTCACCCGCT-1
GRCh38,CCTTTAATCGCAAGCT-1
GRCh38,CCTTTACAGAAGCGTG-1
GRCh38,CCTTTACAGGCGTGAA-1
GRCh38,CCTTTCACAAGCTTCG-1
GRCh38,CCTTTCCTCGCGTCAG-1
GRCh38,CCTTTCGAGAATCAAG-1
GRCh38,CCTTTCGAGCGTATAT-1
GRCh38,CCTTTGAGTATCCGAG-1
GRCh38,CCTTTGAGTCATACTT-1
GRCh38,CCTTTGAGTGGCTATG-1
GRCh38,CCTTTGGTCATGCGGT-1
GRCh38,CCTTTGGTCGCGGCTA-1
GRCh38,CGAAACCTCCCTACCA-1
GRCh38,CGAACACTCCAATGCA-1
GRCh38,CGAACAGAGGCTGTTA-1
GRCh38,CGAACGAAGCACCCGA-1
GRCh38,CGAACGGCAGGATGGT-1
GRCh38,CGAAGATAGCCACGAT-1
GRCh38,CGAAGCAAGATCACAT-1
GRCh38,CGAAGCAAGGTCTATG-1
GRCh38,CGAAGCCGTGGCGTGT-1
GRCh38,CGAAGCCGTGGGAGCA-1
GRCh38,CGAAGGGGTATGCGGC-1
GRCh38,CGAAGGGGTATTGGTA-1
GRCh38,CGAAGGGGTGGATAAG-1
GRCh38,CGAAGGTCAAATCTCA-1
GRCh38,CGAAGTACACAGCACC-1
GRCh38,CGAAGTACACGATGTT-1
GRCh38,CGAAGTACAGCGTGAG-1
GRCh38,CGAAGTACAGCTGTAT-1
GRCh38,CGAAGTTGTAAGGCCC-1
GRCh38,CGAATCATCCCGTGTC-1
GRCh38,CGAATCATCCGGTATA-1
GRCh38,CGAATCTCAACTGAAG-1
GRCh38,CGAATCTCAGGTTCAT-1
GRCh38,CGAATGGAGCTAGGAG-1
GRCh38,CGAATTTAGAAACGGT-1
GRCh38,CGACAAGAGAGCGGAC-1
GRCh38,CGACAAGAGCCTTGCC-1
GRCh38,CGACAAGAGGGAGCTA-1
GRCh38,CGACAGAAGAACCCCG-1
GRCh38,CGACAGAAGCTAGCGT-1
GRCh38,CGACAGAAGGTATATC-1
GRCh38,CGACAGCGTCGACTTC-1
GRCh38,CGACAGCGTGTATCTT-1
GRCh38,CGACCCCGTACCACAG-1
GRCh38,CGACCCCGTCAGTATA-1
GRCh38,CGACCTACAGTCTAAC-1
GRCh38,CGACGGACAAACTCTA-1
GRCh38,CGACGGACAACACTAC-1
GRCh38,CGACGGACAACTGGAA-1
GRCh38,CGACGGACAATGGGGT-1
GRCh38,CGACGGACAGTTGGAA-1
GRCh38,CGACGGTGTGGCACGT-1
GRCh38,CGACGTAGTCCGGTAA-1
GRCh38,CGACGTTAGGTCGAAG-1
GRCh38,CGACGTTAGGTTATCG-1
GRCh38,CGACTAATCCAATTAA-1
GRCh38,CGACTCCTCAACTGCA-1
GRCh38,CGACTCTGTATGGTTA-1
GRCh38,CGACTTCGTCATTTCG-1
GRCh38,CGACTTCGTCGAGTGC-1
GRCh38,CGACTTCGTGGTTATA-1
GRCh38,CGAGCATTCCACCGCT-1
GRCh38,CGAGCGACAAAAGGCC-1
GRCh38,CGAGCGACAACCTGCA-1
GRCh38,CGAGCGACAATAAGGT-1
GRCh38,CGAGCGACAGCCTTAG-1
GRCh38,CGAGCGTGTCGGTTCT-1
GRCh38,CGAGGAGGTAGCTTCC-1
GRCh38,CGAGGAGGTAGGCGCT-1
GRCh38,CGAGGAGGTCCATGCT-1
GRCh38,CGAGGAGGTCGCTGGG-1
GRCh38,CGAGGCTGTAGGTTTA-1
GRCh38,CGAGGCTGTGGATATC-1
GRCh38,CGAGGGAGTAAATGGG-1
GRCh38,CGAGTCAGTACAGAAG-1
GRCh38,CGAGTCAGTCTCGCCA-1
GRCh38,CGAGTCAGTGTGGCGT-1
GRCh38,CGAGTCTAGACAACGG-1
GRCh38,CGAGTCTAGAGTCGTC-1
GRCh38,CGATAAGCAAATCGGA-1
GRCh38,CGATAAGCAGCTACCA-1
GRCh38,CGATAATTCAGCATTG-1
GRCh38,CGATACATCAAGCTTG-1
GRCh38,CGATACATCAGTGGTC-1
GRCh38,CGATACATCCAGTAGC-1
GRCh38,CGATACATCGCACCCT-1
GRCh38,CGATAGACAGCATGAA-1
GRCh38,CGATAGCTCGTCATTC-1
GRCh38,CGATAGTGTCCGACAA-1
GRCh38,CGATAGTGTCTCTCGG-1
GRCh38,CGATCAGGTCCTTTGA-1
GRCh38,CGATCGGTCGTGTTGA-1
GRCh38,CGATGAGAGACACCCG-1
GRCh38,CGATGAGAGGTAAGGT-1
GRCh38,CGATGATGTAAGTTTG-1
GRCh38,CGATGGCGTAACATTG-1
GRCh38,CGATGGCGTACAAGTC-1
GRCh38,CGATGGCGTCGGTATG-1
GRCh38,CGATGGCGTGGCGCTG-1
GRCh38,CGATGGGCAACAGCGG-1
GRCh38,CGATGGGCACCCTAGA-1
GRCh38,CGATGGGCAGTCGGAG-1
GRCh38,CGATGGTTCAATCATA-1
GRCh38,CGATGGTTCCCTACCA-1
GRCh38,CGATGGTTCGCCCTAC-1
GRCh38,CGATGTATCACATTGG-1
GRCh38,CGATGTATCACCCCTA-1
GRCh38,CGATGTATCGGTACTA-1
GRCh38,CGATGTTCACCCAGAC-1
GRCh38,CGATTACCACATCACG-1
GRCh38,CGATTATAGCGCTGTG-1
GRCh38,CGATTATAGGGCTTCG-1
GRCh38,CGATTCCGTACTTCAT-1
GRCh38,CGATTGCAGAGAGGAA-1
GRCh38,CGATTGGGTAATGTTG-1
GRCh38,CGATTGGGTAGTGAGA-1
GRCh38,CGATTTACACGAACCC-1
GRCh38,CGCAAATGTCGGGCAT-1
GRCh38,CGCAACCCACTTAAGC-1
GRCh38,CGCAATTCACGAGTAA-1
GRCh38,CGCAATTCAGCGGTAG-1
GRCh38,CGCACCCGTCCCTCTC-1
GRCh38,CGCACGTCAATGCACT-1
GRCh38,CGCACTCTCGCACTCC-1
GRCh38,CGCACTCTCGTTAATA-1
GRCh38,CGCAGCTCAACAGGAC-1
GRCh38,CGCAGCTCAGGGTCAG-1
GRCh38,CGCAGTCCAATGTGAG-1
GRCh38,CGCAGTTAGACTGCCG-1
GRCh38,CGCAGTTAGATACAGA-1
GRCh38,CGCATACAGCTGTAGC-1
GRCh38,CGCATAGGTCAGTCAG-1
GRCh38,CGCATAGGTCTCATAT-1
GRCh38,CGCATAGGTGCACGTA-1
GRCh38,CGCATATCACGATTAC-1
GRCh38,CGCATCACAGCATGGG-1
GRCh38,CGCATCACAGGCGACA-1
GRCh38,CGCATCGAGCCACTTT-1
GRCh38,CGCATCTGTCTTGGAG-1
GRCh38,CGCATCTGTGGCGATC-1
GRCh38,CGCATTAAGACTGCCG-1
GRCh38,CGCATTAAGAGTAAGC-1
GRCh38,CGCATTAAGCAAAGCG-1
GRCh38,CGCATTAAGGCCCGTA-1
GRCh38,CGCATTAAGGTCAATT-1
GRCh38,CGCCAACCACATATGC-1
GRCh38,CGCCAACCACGAGCGA-1
GRCh38,CGCCAACCACTCGGAC-1
GRCh38,CGCCAATAGAGTGCGA-1
GRCh38,CGCCACAAGACTATGT-1
GRCh38,CGCCACAAGCATGCCG-1
GRCh38,CGCCATACACACAGAA-1
GRCh38,CGCCATACAGTAAGAT-1
GRCh38,CGCCATTGTAGGCCCG-1
GRCh38,CGCCATTGTCAACGTG-1
GRCh38,CGCCCAAAGATCTGCA-1
GRCh38,CGCCCGTGTAATTCAG-1
GRCh38,CGCCCGTGTCGTCTTA-1
GRCh38,CGCCCTAGTCACCCAT-1
GRCh38,CGCCGTTTCCGGGAAA-1
GRCh38,CGCCGTTTCCTACATC-1
GRCh38,CGCCTACTCAAACCCA-1
GRCh38,CGCCTACTCATGTGGC-1
GRCh38,CGCCTGAAGACCTGTA-1
GRCh38,CGCCTGAAGAGTTGCC-1
GRCh38,CGCCTGAAGATGGTGG-1
GRCh38,CGCCTGAAGCTCACCC-1
GRCh38,CGCGAAGCACCACGTA-1
GRCh38,CGCGAAGCAGGGTCAG-1
GRCh38,CGCGACTCAAGGTTCT-1
GRCh38,CGCGACTCACGAAGGT-1
GRCh38,CGCGACTCAGTTAGAG-1
GRCh38,CGCGCATCAAAACGAT-1
GRCh38,CGCGCATCACACCGTA-1
GRCh38,CGCGGATGTGCGATGC-1
GRCh38,CGCGTAAGTCATTAAG-1
GRCh38,CGCGTACCAAAACCAG-1
GRCh38,CGCGTACCAAATTCCA-1
GRCh38,CGCGTACCACACTGCA-1
GRCh38,CGCGTACCAGGCGTTC-1
GRCh38,CGCGTACCAGTGGCGA-1
GRCh38,CGCGTATAGCAATTCG-1
GRCh38,CGCGTCAAGAGCAGCA-1
GRCh38,CGCGTCAAGCAACGTC-1
GRCh38,CGCGTCAAGGTAGAGT-1
GRCh38,CGCGTCCGTAGACGTT-1
GRCh38,CGCGTGGGTACATTAG-1
GRCh38,CGCGTGGGTCCGTCTG-1
GRCh38,CGCGTTACACGTATCG-1
GRCh38,CGCGTTACACTAGTTA-1
GRCh38,CGCTAAATCACGTAAT-1
GRCh38,CGCTAAATCCGGTCGA-1
GRCh38,CGCTAAGGTATCAGCG-1
GRCh38,CGCTACCTCGGACTAC-1
GRCh38,CGCTATAAGACCCTAA-1
GRCh38,CGCTATAAGGCGCTTG-1
GRCh38,CGCTATCGTCAGTCTC-1
GRCh38,CGCTATCGTGCTTTCA-1
GRCh38,CGCTCAACACTGTAAC-1
GRCh38,CGCTCAACAGTGCAGG-1
GRCh38,CGCTCTATCATCCGTT-1
GRCh38,CGCTCTATCGTGTCGG-1
GRCh38,CGCTGACCAAGCGGCA-1
GRCh38,CGCTGACCACAACGAA-1
GRCh38,CGCTGATAGGCCATCG-1
GRCh38,CGCTGATAGGCGAGTA-1
GRCh38,CGCTGATAGGGGCATA-1
GRCh38,CGCTGATAGGTGTTAT-1
GRCh38,CGCTGCAAGAGCGTGA-1
GRCh38,CGCTGCAAGGGGCGAT-1
GRCh38,CGCTGCCGTACCTGCT-1
GRCh38,CGCTGCCGTGGTCTCT-1
GRCh38,CGCTGGGGTAATTCCT-1
GRCh38,CGCTGGGGTATCTCAT-1
GRCh38,CGCTGGGGTCGGCTCC-1
GRCh38,CGCTGTGAGAATGCAA-1
GRCh38,CGCTGTGAGACTATCG-1
GRCh38,CGCTTCATCATACAAC-1
GRCh38,CGCTTCATCCAAAGCC-1
GRCh38,CGCTTCGGTACTTCTG-1
GRCh38,CGCTTCGGTGCCTTCG-1
GRCh38,CGCTTGCTCGGCGATT-1
GRCh38,CGCTTGTGTGTGCATG-1
GRCh38,CGCTTTAGTACTTATC-1
GRCh38,CGCTTTAGTCTGCGCC-1
GRCh38,CGCTTTAGTGGATCGC-1
GRCh38,CGCTTTCCACCAGATT-1
GRCh38,CGGAAACCAAATTGAA-1
GRCh38,CGGAAAGTCCAATGTG-1
GRCh38,CGGAAAGTCGTAACTG-1
GRCh38,CGGAATCTCACTAAAC-1
GRCh38,CGGAATTGTACAAGCT-1
GRCh38,CGGACATTCAACACGC-1
GRCh38,CGGACATTCACATTCC-1
GRCh38,CGGACATTCACTAAAC-1
GRCh38,CGGACATTCACTACCT-1
GRCh38,CGGACATTCAGACTCA-1
GRCh38,CGGACATTCATTCTCA-1
GRCh38,CGGACATTCCAGGTGT-1
GRCh38,CGGACATTCCTAGGGT-1
GRCh38,CGGACCATCATAGCGC-1
GRCh38,CGGACCATCATGGTCA-1
GRCh38,CGGACCATCCTCCAGC-1
GRCh38,CGGACCTCACTAAGTC-1
GRCh38,CGGATAGAGGTTCAAT-1
GRCh38,CGGATATGTGTGCATG-1
GRCh38,CGGATTCAGAATGGGT-1
GRCh38,CGGCAAGCACATCTCC-1
GRCh38,CGGCAATTCACGTCAA-1
GRCh38,CGGCAATTCATTCGTC-1
GRCh38,CGGCACATCAATTCCC-1
GRCh38,CGGCACATCATAACGT-1
GRCh38,CGGCACTCAGTGGCGA-1
GRCh38,CGGCATGTCAGACAGG-1
GRCh38,CGGCATTAGAAACCCC-1
GRCh38,CGGCATTAGCTCAGGT-1
GRCh38,CGGCATTAGGTCGCAT-1
GRCh38,CGGCCTAAGAATACAG-1
GRCh38,CGGCCTAAGACAATTC-1
GRCh38,CGGCCTAAGGTATGTT-1
GRCh38,CGGCCTTTCCCAACTT-1
GRCh38,CGGCGTATCATATCCC-1
GRCh38,CGGCGTATCGGGTTAC-1
GRCh38,CGGCTACCAGCTTCGA-1
GRCh38,CGGCTTACACTCGGGT-1
GRCh38,CGGCTTCTCAAGTCGC-1
GRCh38,CGGCTTCTCATAATCA-1
GRCh38,CGGCTTGAGAGTATTC-1
GRCh38,CGGGATAAGGTAACCC-1
GRCh38,CGGGATTTCAACATTA-1
GRCh38,CGGGATTTCATGGCCG-1
GRCh38,CGGGATTTCGTACTTC-1
GRCh38,CGGGATTTCGTTACCT-1
GRCh38,CGGGGTTGTAACGTCG-1
GRCh38,CGGGGTTGTAGGGGAT-1
GRCh38,CGGGGTTGTATCCCTA-1
GRCh38,CGGGGTTGTGTAAGGA-1
GRCh38,CGGGTAAAGAAAGCTA-1
GRCh38,CGGGTAAAGACCACGT-1
GRCh38,CGGGTAAAGACTTCAG-1
GRCh38,CGGGTACGTATCGCTC-1
GRCh38,CGGGTATTCCTAGCTT-1
GRCh38,CGGGTATTCGCTCATT-1
GRCh38,CGGGTCATCCTCTAGT-1
GRCh38,CGGGTCATCCTTCATA-1
GRCh38,CGGGTCATCGCAACGT-1
GRCh38,CGGGTTGTCAATGGTT-1
GRCh38,CGGGTTGTCGCGTCGA-1
GRCh38,CGGTAACTCAGCGCAT-1
GRCh38,CGGTAACTCCCTTTAA-1
GRCh38,CGGTAACTCCGGGTTG-1
GRCh38,CGGTAACTCGTCCTGC-1
GRCh38,CGGTATATCATCCGTT-1
GRCh38,CGGTATGGTATTGGTA-1
GRCh38,CGGTATTCACGCATCA-1
GRCh38,CGGTCATAGATCGTAT-1
GRCh38,CGGTCATAGATTAACC-1
GRCh38,CGGTCATAGGCTGTTA-1
GRCh38,CGGTCCAAGACGGGTA-1
GRCh38,CGGTCCAAGCTCGTAA-1
GRCh38,CGGTCCTTCCGGGTCA-1
GRCh38,CGGTCGATCAATGGTT-1
GRCh38,CGGTCGATCACATCTC-1
GRCh38,CGGTCGATCATTGTGG-1
GRCh38,CGGTCGATCGCGTGCA-1
GRCh38,CGGTGCATCCGTTTCG-1
GRCh38,CGGTGCTCACACTGCA-1
GRCh38,CGGTGCTCAGCGGGTA-1
GRCh38,CGGTGTCCACCTCTTA-1
GRCh38,CGGTGTCCAGTAATCC-1
GRCh38,CGGTTAATCACGCGCA-1
GRCh38,CGGTTAATCACGTATG-1
GRCh38,CGGTTAATCACTTGCT-1
GRCh38,CGGTTAATCGCCAATA-1
GRCh38,CGGTTACAGACCTACA-1
GRCh38,CGGTTACAGATAACAG-1
GRCh38,CGGTTACAGGCTATTG-1
GRCh38,CGGTTAGGTAGCCTTC-1
GRCh38,CGGTTAGGTCCAGTGA-1
GRCh38,CGGTTCGAGACCCCGA-1
GRCh38,CGGTTCGAGCTAGTTG-1
GRCh38,CGGTTCTGTAACTCCC-1
GRCh38,CGGTTTAAGAGGACAT-1
GRCh38,CGGTTTAAGCCAGAGA-1
GRCh38,CGGTTTCGTAACTTTC-1
GRCh38,CGGTTTCGTACAACGT-1
GRCh38,CGGTTTCGTATTCTGT-1
GRCh38,CGGTTTCGTGCATCAG-1
GRCh38,CGTAAAGCACGATTAC-1
GRCh38,CGTAAAGCAGGAATCA-1
GRCh38,CGTAAAGCAGTGAAGC-1
GRCh38,CGTAAATTCCTGATTC-1
GRCh38,CGTAACATCAGGGCTT-1
GRCh38,CGTAACCAGATTCGTG-1
GRCh38,CGTAACTCAACTTAAT-1
GRCh38,CGTAATAGTAATTTCC-1
GRCh38,CGTAATAGTATCTCTG-1
GRCh38,CGTAATCCAAACGGTA-1
GRCh38,CGTAATCCAAGTCGCC-1
GRCh38,CGTAATCCACCTGCAA-1
GRCh38,CGTAATTAGAGACATA-1
GRCh38,CGTAATTAGCCTATGA-1
GRCh38,CGTAATTAGGGGTTTC-1
GRCh38,CGTACAATCAGGGTTC-1
GRCh38,CGTACAATCATGGACC-1
GRCh38,CGTACAATCCCTATAC-1
GRCh38,CGTACAATCCCTGACC-1
GRCh38,CGTACAATCCGGTCAG-1
GRCh38,CGTACACAGGTACCCG-1
GRCh38,CGTACAGGTCCATGCT-1
GRCh38,CGTACAGGTGGAATTC-1
GRCh38,CGTACATCAGGCGTAG-1
GRCh38,CGTACATCAGTGGTAA-1
GRCh38,CGTACCGAGATCTTGG-1
GRCh38,CGTACCGAGCACCCGA-1
GRCh38,CGTACCGAGCTGTAAT-1
GRCh38,CGTACCGAGGTGTATT-1
GRCh38,CGTACGCCAACGGGAT-1
GRCh38,CGTACGCCACTAACGT-1
GRCh38,CGTACGCCAGGCTTCA-1
GRCh38,CGTACGTAGATTGCAT-1
GRCh38,CGTACGTAGGGCCTTG-1
GRCh38,CGTAGAACAACACCCA-1
GRCh38,CGTAGAGAGACAGTTT-1
GRCh38,CGTAGAGAGGTAAGGT-1
GRCh38,CGTAGATGTCAGGCGT-1
GRCh38,CGTAGCCCAATCCCGA-1
GRCh38,CGTAGCCCAATTCGGT-1
GRCh38,CGTAGCTAGAGTTAAG-1
GRCh38,CGTAGCTAGGGTAGCA-1
GRCh38,CGTAGGCGTGCTAGAT-1
GRCh38,CGTAGGCGTGGCCCCT-1
GRCh38,CGTAGGCGTGGGTTGC-1
GRCh38,CGTAGGGCACGATGGG-1
GRCh38,CGTAGGGCAGGAGTTA-1
GRCh38,CGTAGTGGTAACTCCC-1
GRCh38,CGTAGTGGTAGTCCAG-1
GRCh38,CGTATAAGTATAGCGT-1
GRCh38,CGTATAAGTGTAAGCT-1
GRCh38,CGTATATAGACGATGG-1
GRCh38,CGTATATAGGCGGTTT-1
GRCh38,CGTATCGCAAACCATC-1
GRCh38,CGTATCGCAGTCCACA-1
GRCh38,CGTATCTTCACCCGCT-1
GRCh38,CGTATCTTCAGACAGG-1
GRCh38,CGTATGGGTCAATTAG-1
GRCh38,CGTATGGGTGCGGGTT-1
GRCh38,CGTATTCTCAGTGGCT-1
GRCh38,CGTATTCTCATCAGGC-1
GRCh38,CGTATTGAGCGTGTCG-1
GRCh38,CGTCAATCAAAAGGAA-1
GRCh38,CGTCAATCAACGTTAC-1
GRCh38,CGTCAATCAAGCGATA-1
GRCh38,CGTCAATCACCCTTCG-1
GRCh38,CGTCAGAGTGGTCTCT-1
GRCh38,CGTCAGCCAAGCGTTT-1
GRCh38,CGTCAGCCACTGACAT-1
GRCh38,CGTCAGCCAGTCAACT-1
GRCh38,CGTCAGTAGCTCATAG-1
GRCh38,CGTCAGTAGCTCATGA-1
GRCh38,CGTCATAAGAGTGGCA-1
GRCh38,CGTCATAAGCGAATGG-1
GRCh38,CGTCATAAGCTCGAAC-1
GRCh38,CGTCGCTTCAGTAATC-1
GRCh38,CGTCGCTTCCGTGTCC-1
GRCh38,CGTCGGTCAATTAAGA-1
GRCh38,CGTCGTACAGGTAAAT-1
GRCh38,CGTCTAAAGGGCTTCG-1
GRCh38,CGTCTAAAGGTCGTAC-1
GRCh38,CGTCTATTCACGCTCC-1
GRCh38,CGTCTATTCGGAAACG-1
GRCh38,CGTCTCCAGCCTCACC-1
GRCh38,CGTCTCCAGGTATGGG-1
GRCh38,CGTCTGTGTCGCCTAT-1
GRCh38,CGTGAAGAGGGGTTGA-1
GRCh38,CGTGAGCGTGCGCGAT-1
GRCh38,CGTGAGTTCAGGAATA-1
GRCh38,CGTGAGTTCGGAGCTT-1
GRCh38,CGTGCATAGGCTATGC-1
GRCh38,CGTGCCCGTATAGTGC-1
GRCh38,CGTGCCCGTATCTGCC-1
GRCh38,CGTGCCCGTGGGGAAT-1
GRCh38,CGTGCTACAACAATGG-1
GRCh38,CGTGCTACAGCGACAG-1
GRCh38,CGTGGAAAGACCAGGA-1
GRCh38,CGTGGAAAGCCACAAC-1
GRCh38,CGTGGGTGTAGAGTAG-1
GRCh38,CGTGGGTGTCGGTTTC-1
GRCh38,CGTGGTTAGCTGTACA-1
GRCh38,CGTGTCCTCACAGCAC-1
GRCh38,CGTGTCCTCACTAAAC-1
GRCh38,CGTGTCCTCCGGCAAT-1
GRCh38,CGTGTCCTCGGGCTTG-1
GRCh38,CGTGTCGAGCAGGGGT-1
GRCh38,CGTGTCGAGGTAACCC-1
GRCh38,CGTGTTAAGAGTCCCG-1
GRCh38,CGTTAATAGACTTTCC-1
GRCh38,CGTTAATAGAGTCCCG-1
GRCh38,CGTTAATAGATCTCGA-1
GRCh38,CGTTAATAGCAGCCAT-1
GRCh38,CGTTAATAGCTCGAAC-1
GRCh38,CGTTACAAGAACAGAC-1
GRCh38,CGTTACAAGGCCCACA-1
GRCh38,CGTTACTTCAAGCAAA-1
GRCh38,CGTTAGCAGCGCCTGA-1
GRCh38,CGTTAGCAGCGCTATA-1
GRCh38,CGTTAGCAGGTTCGCG-1
GRCh38,CGTTAGGGTAGCATCG-1
GRCh38,CGTTAGTCAACTTACA-1
GRCh38,CGTTAGTCAGCCACTA-1
GRCh38,CGTTATGAGAGGTGAT-1
GRCh38,CGTTATGAGCTGCGTG-1
GRCh38,CGTTATGAGGGGCGAT-1
GRCh38,CGTTCAAAGAAATGGC-1
GRCh38,CGTTCAAAGCCAAATT-1
GRCh38,CGTTCAGCACCCTCAT-1
GRCh38,CGTTCCCAGCCTAGCG-1
GRCh38,CGTTCCCAGCGTGAGA-1
GRCh38,CGTTCCCAGCTAAATC-1
GRCh38,CGTTCCGGTATAATCG-1
GRCh38,CGTTCGACACACTAAC-1
GRCh38,CGTTCGACACAGCACC-1
GRCh38,CGTTCGACAGTAAACG-1
GRCh38,CGTTCGTGTGGAAGTA-1
GRCh38,CGTTCTAGTATCCCCG-1
GRCh38,CGTTCTAGTGCTCGGG-1
GRCh38,CGTTCTGTCATAAGTC-1
GRCh38,CGTTCTGTCCAAATTA-1
GRCh38,CGTTCTGTCCCTGCAC-1
GRCh38,CGTTGACAGCCTATTC-1
GRCh38,CGTTGCGAGGCTCACG-1
GRCh38,CGTTGCGAGGCTGTCG-1
GRCh38,CGTTGCGAGGGAAGCC-1
GRCh38,CGTTGCGAGGGAATCG-1
GRCh38,CGTTGCGAGGGACATG-1
GRCh38,CGTTGCGAGGGATAGT-1
GRCh38,CGTTGCTGTAATGGAG-1
GRCh38,CGTTGGAGTAAGCAAG-1
GRCh38,CGTTGGAGTCGGAATT-1
GRCh38,CGTTGGTAGACCCCGA-1
GRCh38,CGTTGGTAGGTATTGT-1
GRCh38,CGTTGTAAGACGTGTC-1
GRCh38,CGTTGTAAGCGTACGT-1
GRCh38,CGTTTACTCCCGGGTA-1
GRCh38,CGTTTCCCACGAATCT-1
GRCh38,CGTTTGAAGGGGTAAT-1
GRCh38,CTAAACGTCAAGCAAA-1
GRCh38,CTAAACGTCCACCTAT-1
GRCh38,CTAAACGTCGGCTTCC-1
GRCh38,CTAAACTAGAAACGCG-1
GRCh38,CTAAACTAGAAAGGAG-1
GRCh38,CTAAACTAGAATTCGT-1
GRCh38,CTAAAGCGTCAGTTAA-1
GRCh38,CTAAAGCGTGGACGGA-1
GRCh38,CTAAAGGCAATAAGTA-1
GRCh38,CTAAATCAGAATGCCC-1
GRCh38,CTAAATCAGACGGAGC-1
GRCh38,CTAAATCAGACTGCCG-1
GRCh38,CTAAATCAGCAACCGT-1
GRCh38,CTAAATGGTCGTATAA-1
GRCh38,CTAACCGCAACGCTCA-1
GRCh38,CTAACCGCACGTCTAG-1
GRCh38,CTAACGGGTCGTTGGA-1
GRCh38,CTAACGTCAATAGCCT-1
GRCh38,CTAACTACAATAGCAG-1
GRCh38,CTAACTACAATCTTAG-1
GRCh38,CTAACTCTCAAGCACC-1
GRCh38,CTAACTCTCGCTTAAG-1
GRCh38,CTAACTTGTCCATGCT-1
GRCh38,CTAACTTGTCTTGTGC-1
GRCh38,CTAACTTGTGGGAGCA-1
GRCh38,CTAAGCATCCCAACCC-1
GRCh38,CTAAGCTCACAAGTAG-1
GRCh38,CTAAGGACAAAGCGTA-1
GRCh38,CTAAGGACACAACGCC-1
GRCh38,CTAAGGACAGCTAAAG-1
GRCh38,CTAAGGACAGGAAACC-1
GRCh38,CTAAGGACAGGCCTTA-1
GRCh38,CTAAGGACAGGTATTC-1
GRCh38,CTAAGTAGTGCCCGTC-1
GRCh38,CTAAGTCCAACTCCCT-1
GRCh38,CTAAGTCCACTAACGT-1
GRCh38,CTAAGTCCACTCGACA-1
GRCh38,CTAATACAGGGATTAA-1
GRCh38,CTAATATCACTCGAGC-1
GRCh38,CTAATCACAATTCTAG-1
GRCh38,CTAATCACAGTTGGAA-1
GRCh38,CTAATCTGTCACCCGC-1
GRCh38,CTAATCTGTGGATCGC-1
GRCh38,CTAATGAGTCTGGTCT-1
GRCh38,CTAATGAGTGGACTAT-1
GRCh38,CTAATGGTCAATCGGC-1
GRCh38,CTAATGGTCAGTGAAA-1
GRCh38,CTAATGGTCATGGCAC-1
GRCh38,CTAATTCGTCAGGCCG-1
GRCh38,CTACAATAGCATTTGG-1
GRCh38,CTACAATAGCGTATTG-1
GRCh38,CTACAATAGGCTATGC-1
GRCh38,CTACACAAGCAGGAGC-1
GRCh38,CTACACAAGGGGATCA-1
GRCh38,CTACAGCAGGCGGAGT-1
GRCh38,CTACAGGGTAATACTG-1
GRCh38,CTACAGGGTACTTAAG-1
GRCh38,CTACAGGGTGCATCAG-1
GRCh38,CTACATACACACTAAC-1
GRCh38,CTACATCTCACTTCGT-1
GRCh38,CTACATCTCCATTCCG-1
GRCh38,CTACGACAGAGGTATA-1
GRCh38,CTACGATCAGGGCTAG-1
GRCh38,CTACGCACAACGCGTC-1
GRCh38,CTACGCACAGCAAGAC-1
GRCh38,CTACGCCTCACATACG-1
GRCh38,CTACGCCTCATCCTAC-1
GRCh38,CTACGCCTCGTATTAA-1
GRCh38,CTACGCGAGATACGGG-1
GRCh38,CTACGCGAGCGTTACA-1
GRCh38,CTACGCTGTACGGTCA-1
GRCh38,CTACGCTGTATCACCC-1
GRCh38,CTACGCTGTATCCTGC-1
GRCh38,CTACGGAGTCATCGCT-1
GRCh38,CTACGTAAGAACTAAG-1
GRCh38,CTACGTAAGGTCCTTT-1
GRCh38,CTACTAACAGGTATTC-1
GRCh38,CTACTAACAGGTCATT-1
GRCh38,CTACTACTCGCGCCTT-1
GRCh38,CTACTATGTATGTTGA-1
GRCh38,CTACTATGTCAATTCT-1
GRCh38,CTACTATGTGCCTGCC-1
GRCh38,CTACTCCCAAATGACG-1
GRCh38,CTACTCCCAACGTGGG-1
GRCh38,CTACTCCCACGCATCA-1
GRCh38,CTACTCCCAGCTGACC-1
GRCh38,CTACTGAAGAAACGTA-1
GRCh38,CTACTGAAGCACGGTT-1
GRCh38,CTACTTATCACGCAGT-1
GRCh38,CTAGAAGCACCCTATC-1
GRCh38,CTAGAAGCACTAGTCG-1
GRCh38,CTAGATTAGCAACGTC-1
GRCh38,CTAGATTAGCGCATAC-1
GRCh38,CTAGCAATCAGCACGT-1
GRCh38,CTAGCAATCGTATCGA-1
GRCh38,CTAGCAATCGTTAGGC-1
GRCh38,CTAGCAGGTACGGGTC-1
GRCh38,CTAGCATCAAACGGGT-1
GRCh38,CTAGCATCAGCTACCA-1
GRCh38,CTAGCCCTCCTTAACC-1
GRCh38,CTAGCCCTCGCACCCT-1
GRCh38,CTAGCCGAGGCGAATG-1
GRCh38,CTAGCGCCACGCCTAA-1
GRCh38,CTAGCGTAGCATATCG-1
GRCh38,CTAGCTAAGAAGTACA-1
GRCh38,CTAGCTAAGAGCCCAT-1
GRCh38,CTAGCTAAGCCTTGCC-1
GRCh38,CTAGCTAAGCGACAGA-1
GRCh38,CTAGCTCGTATAGGGA-1
GRCh38,CTAGCTCGTCACGTAG-1
GRCh38,CTAGCTCGTCCTATGC-1
GRCh38,CTAGCTCGTCGCGTGG-1
GRCh38,CTAGCTCGTGCCATTC-1
GRCh38,CTAGCTTTCCAGCTCC-1
GRCh38,CTAGCTTTCGCCTAAA-1
GRCh38,CTAGGAACAAACTACC-1
GRCh38,CTAGGAACAACGGACG-1
GRCh38,CTAGGAACAGCTCAAT-1
GRCh38,CTAGGAGAGAACTTGT-1
GRCh38,CTAGGAGAGAAGTACA-1
GRCh38,CTAGGGGCACCCATTC-1
GRCh38,CTAGGGGCAGCACCTA-1
GRCh38,CTAGGGGCAGCTATTA-1
GRCh38,CTAGGTGGTAGTGTCG-1
GRCh38,CTAGGTGGTCGTTCTA-1
GRCh38,CTAGGTGGTGGTTGTG-1
GRCh38,CTAGTAAGTATGAGAG-1
GRCh38,CTAGTATAGCGTTTGA-1
GRCh38,CTAGTCTTCCATAGCA-1
GRCh38,CTAGTCTTCGCATCGG-1
GRCh38,CTAGTGCAGAGGGGCT-1
GRCh38,CTAGTTCTCACAGCGT-1
GRCh38,CTAGTTCTCGTAGTTG-1
GRCh38,CTAGTTGAGAGCGACA-1
GRCh38,CTAGTTGAGAGGACAT-1
GRCh38,CTAGTTGAGGGAATAC-1
GRCh38,CTATAACAGGGTAGGC-1
GRCh38,CTATAAGGTCACGAAT-1
GRCh38,CTATAATCAAAAGCCA-1
GRCh38,CTATAATCAAGTGGGT-1
GRCh38,CTATACACAGGTTCGC-1
GRCh38,CTATACCTCAAGCAAA-1
GRCh38,CTATAGCCACCAAGGG-1
GRCh38,CTATCAGAGCATGTCA-1
GRCh38,CTATCAGAGGGATTAA-1
GRCh38,CTATCAGAGGGCCTTG-1
GRCh38,CTATCCAGTCCAGCTT-1
GRCh38,CTATCCAGTGCCCCGT-1
GRCh38,CTATCCGTCATGAGTT-1
GRCh38,CTATCCGTCCTTATGC-1
GRCh38,CTATCCGTCGCCAATA-1
GRCh38,CTATCGCGTATCCTAT-1
GRCh38,CTATCGCGTCATCTTG-1
GRCh38,CTATCGCGTCCGACAA-1
GRCh38,CTATGACCAGCGACAG-1
GRCh38,CTATGACCAGTCGCAC-1
GRCh38,CTATGCTTCACTACTC-1
GRCh38,CTATGGGGTGCTTTCA-1
GRCh38,CTATGGGGTGTTATAG-1
GRCh38,CTATGGTCAGGATCAA-1
GRCh38,CTATGTCTCGGTCCCT-1
GRCh38,CTATGTTGTAACGAAG-1
GRCh38,CTATGTTGTGGCTAAT-1
GRCh38,CTATGTTGTGTAGAAG-1
GRCh38,CTATTCGGTATGATGC-1
GRCh38,CTATTCGGTCCATTCA-1
GRCh38,CTATTCTCAACACTAC-1
GRCh38,CTATTCTCAATCCTAA-1
GRCh38,CTATTCTCACATGAAG-1
GRCh38,CTATTCTCACGATAGA-1
GRCh38,CTATTGCTCACCTCCA-1
GRCh38,CTATTGCTCAGTATCG-1
GRCh38,CTATTGCTCCCTTGTG-1
GRCh38,CTATTGTGTCCGTCCA-1
GRCh38,CTCAATACACCAAATC-1
GRCh38,CTCAATACACGTACGC-1
GRCh38,CTCACCCAGACAGCGA-1
GRCh38,CTCACCCAGACTGCAC-1
GRCh38,CTCACCCAGAGGTTGG-1
GRCh38,CTCACCCAGCCCAACG-1
GRCh38,CTCACTCCAAGTTTCA-1
GRCh38,CTCACTCCAATTCGAC-1
GRCh38,CTCAGCGAGCTCGTAA-1
GRCh38,CTCAGCGAGGCTTGAC-1
GRCh38,CTCAGGGTCAGCATCA-1
GRCh38,CTCAGGGTCATTCAAA-1
GRCh38,CTCAGGTAGACAGCGA-1
GRCh38,CTCAGGTAGACGTCAC-1
GRCh38,CTCAGGTAGGCGTGAA-1
GRCh38,CTCAGTAAGATCTTGG-1
GRCh38,CTCAGTAAGCACTTTC-1
GRCh38,CTCAGTAAGGTTCGCG-1
GRCh38,CTCATAACAAATTACT-1
GRCh38,CTCATAACAGTTAGTC-1
GRCh38,CTCATATGTAGGGAGT-1
GRCh38,CTCATATGTCATCATT-1
GRCh38,CTCATTGGTCGAGCGT-1
GRCh38,CTCATTGGTGGGGTCT-1
GRCh38,CTCATTGGTGTAATTG-1
GRCh38,CTCATTTCAAAAGCCA-1
GRCh38,CTCCAATTCCAAGCGT-1
GRCh38,CTCCAATTCCTACAAG-1
GRCh38,CTCCAATTCGGTTGTA-1
GRCh38,CTCCAATTCGTCTCCA-1
GRCh38,CTCCACATCAATACGT-1
GRCh38,CTCCACTCACAATGCT-1
GRCh38,CTCCAGCTCAATTCCC-1
GRCh38,CTCCAGCTCGCAATAT-1
GRCh38,CTCCATGTCCGCCCAT-1
GRCh38,CTCCGAACAGCCCATA-1
GRCh38,CTCCGGAAGGGTTAGG-1
GRCh38,CTCCGGCGTAGGCCCG-1
GRCh38,CTCCGGTTCAGCGCCA-1
GRCh38,CTCCTCAAGCAATACT-1
GRCh38,CTCCTCAAGCATGTTG-1
GRCh38,CTCCTCTTCCGCCTAC-1
GRCh38,CTCCTCTTCCTCTGGC-1
GRCh38,CTCCTCTTCGTCTCCA-1
GRCh38,CTCCTGGGTACAAGCT-1
GRCh38,CTCCTGGGTCGCCATT-1
GRCh38,CTCCTGGGTCTGCGCC-1
GRCh38,CTCCTTACAAGTCGAA-1
GRCh38,CTCCTTCTCCTGGGCA-1
GRCh38,CTCCTTCTCGTGATAT-1
GRCh38,CTCGAAATCACTATCC-1
GRCh38,CTCGAAATCATCGGGT-1
GRCh38,CTCGAACAGATCGACC-1
GRCh38,CTCGAACAGCAAGCGA-1
GRCh38,CTCGAAGGTACTTGCC-1
GRCh38,CTCGACACAGTGCAGG-1
GRCh38,CTCGAGCCAGTGTGGG-1
GRCh38,CTCGAGTAGCTGACCG-1
GRCh38,CTCGATAAGAATGTTC-1
GRCh38,CTCGATCGTAATCCCC-1
GRCh38,CTCGCAACACAACGAA-1
GRCh38,CTCGCACTCGTGCAAC-1
GRCh38,CTCGCATGTAGTTATG-1
GRCh38,CTCGCATGTCCTTCCC-1
GRCh38,CTCGCCAGTGCTATCC-1
GRCh38,CTCGCCAGTGCTCGTT-1
GRCh38,CTCGCTATCAGTCCGG-1
GRCh38,CTCGCTATCGGACCTG-1
GRCh38,CTCGCTGGTCCCAATC-1
GRCh38,CTCGCTGGTCTGGAAT-1
GRCh38,CTCGGACCAGTCACGC-1
GRCh38,CTCGGCAAGATGCATT-1
GRCh38,CTCGGCTTCACCCAAA-1
GRCh38,CTCGGCTTCGCACTAA-1
GRCh38,CTCGGCTTCGGATCAC-1
GRCh38,CTCGGGTCAACAGAGC-1
GRCh38,CTCGGTACAATGCTAC-1
GRCh38,CTCGGTTGTATCTGCC-1
GRCh38,CTCGTAAAGAACAGGT-1
GRCh38,CTCGTAAAGCCGTTGG-1
GRCh38,CTCGTAAAGGGCTAGA-1
GRCh38,CTCGTAAAGGGGTGTA-1
GRCh38,CTCGTCATCAATTATG-1
GRCh38,CTCGTGGAGAGTTTCG-1
GRCh38,CTCGTTCCAAGACGTA-1
GRCh38,CTCGTTGTCACAATTA-1
GRCh38,CTCGTTGTCCGGGTAT-1
GRCh38,CTCTAACTCGCTATAG-1
GRCh38,CTCTAATGTAAGTTTG-1
GRCh38,CTCTAATGTGGGTCTA-1
GRCh38,CTCTAGCGTCTATAAG-1
GRCh38,CTCTAGGCAGTCTTAA-1
GRCh38,CTCTAGTTCATCGCGG-1
GRCh38,CTCTCATAGCATCGCG-1
GRCh38,CTCTCCAAGCGTCTCC-1
GRCh38,CTCTCCGCAACCCATG-1
GRCh38,CTCTCCGCACGCAATT-1
GRCh38,CTCTCCTTCCTAAGCA-1
GRCh38,CTCTCGATCCTCTGAT-1
GRCh38,CTCTCGGGTCATACCC-1
GRCh38,CTCTCGGGTCATGCAG-1
GRCh38,CTCTCGGGTCATTAAG-1
GRCh38,CTCTGAAAGAGAATCA-1
GRCh38,CTCTGATTCACCCGCT-1
GRCh38,CTCTGGGAGCATCAAT-1
GRCh38,CTCTGGGAGCCGATTA-1
GRCh38,CTCTGGGAGGGCTTCG-1
GRCh38,CTGAATTAGACTTAAC-1
GRCh38,CTGAATTAGGGGCTAA-1
GRCh38,CTGACCACAGTTGCCA-1
GRCh38,CTGACGCCAATAGGCA-1
GRCh38,CTGACGTAGCCAATAT-1
GRCh38,CTGACTCGTAAGCCCA-1
GRCh38,CTGACTCGTCCCAATC-1
GRCh38,CTGACTCGTCGCCGTC-1
GRCh38,CTGACTCGTCTTATAC-1
GRCh38,CTGATAAGTCAGTGCA-1
GRCh38,CTGATAAGTCCCTTGG-1
GRCh38,CTGATATAGGCTTGCG-1
GRCh38,CTGATTACAAAGGGAG-1
GRCh38,CTGCAAATCAAATCCG-1
GRCh38,CTGCAAATCACTCTTA-1
GRCh38,CTGCAAATCAGCCGTG-1
GRCh38,CTGCAAATCGCATTAG-1
GRCh38,CTGCAACAGCTGCACG-1
GRCh38,CTGCAATCACGGGTCT-1
GRCh38,CTGCACCTCGCCCTAC-1
GRCh38,CTGCACGAGAGGGCGT-1
GRCh38,CTGCACGAGATATACC-1
GRCh38,CTGCATAAGCAGTAGG-1
GRCh38,CTGCATAAGGTAGGCA-1
GRCh38,CTGCATCGTCCATGCT-1
GRCh38,CTGCGATAGGTAAATG-1
GRCh38,CTGCGTACAAATTCCA-1
GRCh38,CTGCGTACAACGTTAC-1
GRCh38,CTGCGTCTCAATTGTA-1
GRCh38,CTGCGTCTCCGCAGCA-1
GRCh38,CTGCGTCTCGGTCCCT-1
GRCh38,CTGCGTGAGATCCAAT-1
GRCh38,CTGCGTGAGATCCGAC-1
GRCh38,CTGCTATTCGCTCATT-1
GRCh38,CTGCTCTCAATCAAGG-1
GRCh38,CTGCTCTCAATGCTCG-1
GRCh38,CTGCTCTCACCTCACT-1
GRCh38,CTGCTTCCAACCTAGT-1
GRCh38,CTGCTTCCACCTGCAA-1
GRCh38,CTGGAATGTACCACGA-1
GRCh38,CTGGAATGTATCACGG-1
GRCh38,CTGGAGGCAGCCATAT-1
GRCh38,CTGGCCCGTAGGTAAG-1
GRCh38,CTGGCCCGTATACTTC-1
GRCh38,CTGGCCCGTCGCAGTA-1
GRCh38,CTGGCCCGTGGTCTAG-1
GRCh38,CTGGCTCTCCCACAGG-1
GRCh38,CTGGCTCTCGGCCTCT-1
GRCh38,CTGGCTTGTCACCGCC-1
GRCh38,CTGGGAGCAATTCGAC-1
GRCh38,CTGGGAGCACCAGATT-1
GRCh38,CTGGGAGCACCGCAGT-1
GRCh38,CTGGGAGCAGGAACTA-1
GRCh38,CTGGGCTCACTAACGT-1
GRCh38,CTGGGGACAACATCCG-1
GRCh38,CTGGGGACAAGGGACT-1
GRCh38,CTGGGGACACCCATAG-1
GRCh38,CTGGGGACAGCAGGAT-1
GRCh38,CTGGGGACAGGAACCG-1
GRCh38,CTGGGTGTCAGTCAGC-1
GRCh38,CTGGTAATCGCGGAAA-1
GRCh38,CTGGTAGGTACTTCTG-1
GRCh38,CTGGTAGGTGTGCCTT-1
GRCh38,CTGGTCCTCGGTTATG-1
GRCh38,CTGGTCGAGCACCATA-1
GRCh38,CTGGTCGAGCGCTTGG-1
GRCh38,CTGGTCGAGCTATCGA-1
GRCh38,CTGGTCGAGCTCAGTA-1
GRCh38,CTGGTCTGTACCCCAT-1
GRCh38,CTGGTCTGTCTGGAAT-1
GRCh38,CTGGTCTGTGCTACAG-1
GRCh38,CTGGTCTGTGTTCTAT-1
GRCh38,CTGGTGAGTACGGGCT-1
GRCh38,CTGGTTAAGCGGTCCA-1
GRCh38,CTGTAACCAACATACC-1
GRCh38,CTGTAACCAACGCACC-1
GRCh38,CTGTAACCACGCATAT-1
GRCh38,CTGTAATAGAAACGCG-1
GRCh38,CTGTAATAGGGGTACA-1
GRCh38,CTGTACCGTAAAGCTC-1
GRCh38,CTGTACCGTATCACGG-1
GRCh38,CTGTACCGTCACCCGC-1
GRCh38,CTGTACCGTGTGCCTT-1
GRCh38,CTGTACGCAGGCATTT-1
GRCh38,CTGTACTTCCATGGCG-1
GRCh38,CTGTACTTCCGGAATC-1
GRCh38,CTGTAGCAGCCGTCGA-1
GRCh38,CTGTAGCAGCTAAACT-1
GRCh38,CTGTATGAGAACGTGG-1
GRCh38,CTGTATGAGCATCACA-1
GRCh38,CTGTATGAGGCGCTCA-1
GRCh38,CTGTATTGTACGGTCA-1
GRCh38,CTGTCATTCATACCTC-1
GRCh38,CTGTCATTCGCTCTAT-1
GRCh38,CTGTCCGGTCAATTTC-1
GRCh38,CTGTCCGGTCCGAAAT-1
GRCh38,CTGTCCGGTCTCATAT-1
GRCh38,CTGTCCGGTGGTCAAT-1
GRCh38,CTGTGAGGTCATTATC-1
GRCh38,CTGTGAGGTCCGTCTG-1
GRCh38,CTGTGAGGTGCAATCG-1
GRCh38,CTGTGAGGTGGTTGTG-1
GRCh38,CTGTGCGAGGCCACAT-1
GRCh38,CTGTGGAGTCATACTT-1
GRCh38,CTGTGGAGTCATCGGA-1
GRCh38,CTGTGGAGTGGCATTG-1
GRCh38,CTGTGGTAGATGAGTA-1
GRCh38,CTGTTATGTACCACGA-1
GRCh38,CTGTTATGTGGTCTCT-1
GRCh38,CTGTTCGTCAACTCCT-1
GRCh38,CTGTTGAAGATCATCG-1
GRCh38,CTGTTGCGTGTACTCC-1
GRCh38,CTGTTGCGTGTGCGGT-1
GRCh38,CTTAACACAAGGACTA-1
GRCh38,CTTAAGCCACCTGACA-1
GRCh38,CTTAAGTAGAGGTTGG-1
GRCh38,CTTAAGTAGCGGCTTG-1
GRCh38,CTTAATTTCCGGTCGA-1
GRCh38,CTTAGCAAGAGGAGTT-1
GRCh38,CTTAGCCGTCCTAATT-1
GRCh38,CTTAGCCGTCGTTGCT-1
GRCh38,CTTAGCGCAAAGCAAT-1
GRCh38,CTTAGCGCAGGATGAC-1
GRCh38,CTTAGCTTCATAGTAC-1
GRCh38,CTTAGCTTCCGTATCT-1
GRCh38,CTTAGCTTCCTGATTC-1
GRCh38,CTTAGCTTCCTTATCA-1
GRCh38,CTTAGGCAGACCCAAC-1
GRCh38,CTTAGGGGTGCCCGTC-1
GRCh38,CTTAGTACAATGCTAC-1
GRCh38,CTTAGTACAATTAAAG-1
GRCh38,CTTAGTCTCACGCCTC-1
GRCh38,CTTAGTCTCAGCATCA-1
GRCh38,CTTAGTCTCGCATAAT-1
GRCh38,CTTAGTGAGGCCCAAT-1
GRCh38,CTTAGTGAGGGAAGCC-1
GRCh38,CTTAGTGAGGGTATCC-1
GRCh38,CTTAGTTGTATTGCCC-1
GRCh38,CTTATACGTATCCTGC-1
GRCh38,CTTATAGCAAAAGGGG-1
GRCh38,CTTATAGCAGTAATCC-1
GRCh38,CTTATCATCCCTTTGG-1
GRCh38,CTTATCTCAGTTCGCA-1
GRCh38,CTTATGTGTCGTCAGA-1
GRCh38,CTTCAATGTACGTTCC-1
GRCh38,CTTCAATGTCACCGGG-1
GRCh38,CTTCAATGTGCAAGGG-1
GRCh38,CTTCAATGTGGTACTG-1
GRCh38,CTTCAATGTGTGTCCT-1
GRCh38,CTTCAATGTGTTGCGA-1
GRCh38,CTTCAATGTGTTGTCC-1
GRCh38,CTTCATATCATGCCTT-1
GRCh38,CTTCATATCCCTTTGG-1
GRCh38,CTTCATATCGTAGTCA-1
GRCh38,CTTCGCATCACGATAT-1
GRCh38,CTTCGCATCCTCCAAT-1
GRCh38,CTTCGTCCACACTACG-1
GRCh38,CTTCGTCCAGCGTATT-1
GRCh38,CTTCGTGTCACTCCTG-1
GRCh38,CTTCTACAGGTAGAAC-1
GRCh38,CTTCTAGGTAATCTAG-1
GRCh38,CTTCTAGGTCAGTTCC-1
GRCh38,CTTCTAGGTGGTGGAG-1
GRCh38,CTTCTATCAGTAATCC-1
GRCh38,CTTCTCACAAGCGAAC-1
GRCh38,CTTCTCTGTGCCATTC-1
GRCh38,CTTCTCTGTGCTCTGT-1
GRCh38,CTTGATGAGACGGGGT-1
GRCh38,CTTGATGAGACTATGT-1
GRCh38,CTTGATTGTAGCGTTG-1
GRCh38,CTTGGCGAGCACTATG-1
GRCh38,CTTGGCGAGGTGCGAA-1
GRCh38,CTTGTAGAGATAATCC-1
GRCh38,CTTGTCAGTCTCCGCA-1
GRCh38,CTTGTCTAGACCCGAT-1
GRCh38,CTTGTCTAGAGCCGTT-1
GRCh38,CTTGTCTAGCACGTAC-1
GRCh38,CTTGTGAAGAGAGGAA-1
GRCh38,CTTGTGAAGCACCAAC-1
GRCh38,CTTGTGTTCAAATCCG-1
GRCh38,GCAAAGTAGACGCCCA-1
GRCh38,GCAAAGTAGCCACGAT-1
GRCh38,GCAAAGTAGGGGTTGA-1
GRCh38,GCAAAGTAGGTAACCC-1
GRCh38,GCAACAGAGCTGACGT-1
GRCh38,GCAACCCCAAGCCATT-1
GRCh38,GCAACCCCACGCTGAC-1
GRCh38,GCAACGAAGCACAATT-1
GRCh38,GCAACGAAGCCAACCG-1
GRCh38,GCAACGAAGCGTTTAG-1
GRCh38,GCAACGAAGGTCTAGC-1
GRCh38,GCAACGGCAAATTACT-1
GRCh38,GCAACGGCAGCGAATA-1
GRCh38,GCAACGTTCCCTTGTG-1
GRCh38,GCAACGTTCGCCCCAT-1
GRCh38,GCAACGTTCGTCTCGC-1
GRCh38,GCAACTATCCCTTTGG-1
GRCh38,GCAACTTCAAGTTACC-1
GRCh38,GCAAGCAAGGGCTGAA-1
GRCh38,GCAAGCCGTACCCTTA-1
GRCh38,GCAAGCCGTCGCTGGG-1
GRCh38,GCAAGGCAGCTCGTGG-1
GRCh38,GCAAGGCAGGCCATCG-1
GRCh38,GCAAGTCTCCTGGTAA-1
GRCh38,GCAATAGCAAGCTGCC-1
GRCh38,GCAATATTCGCCATGG-1
GRCh38,GCAATATTCGCCCTAC-1
GRCh38,GCAATCCAGGGAGTTG-1
GRCh38,GCAATCGGTGCCCTAT-1
GRCh38,GCAATCTCAAGCGTCC-1
GRCh38,GCAATCTCAATCAAGG-1
GRCh38,GCAATCTCAGGCGTTC-1
GRCh38,GCAATCTCAGTGTTAC-1
GRCh38,GCAATGTGTAAGTCTA-1
GRCh38,GCAATGTGTACGTCAG-1
GRCh38,GCAATGTGTGCGGTTA-1
GRCh38,GCAATTGTCACTTCTA-1
GRCh38,GCAATTGTCCCACTTG-1
GRCh38,GCAATTGTCCGGGTTG-1
GRCh38,GCAATTGTCGGCGCTA-1
GRCh38,GCAATTTAGATGCCCG-1
GRCh38,GCAATTTAGCGCGTAT-1
GRCh38,GCACAAGAGACGGGTA-1
GRCh38,GCACAAGAGAGGGCGT-1
GRCh38,GCACAAGAGCCTTTCG-1
GRCh38,GCACAAGAGCGTGAGA-1
GRCh38,GCACACCCACCTTCCG-1
GRCh38,GCACCATAGACCAGGA-1
GRCh38,GCACCATAGACTGCCG-1
GRCh38,GCACCCTTCCCTTCTC-1
GRCh38,GCACCTACAAGTCGCC-1
GRCh38,GCACCTACAGCTCGGT-1
GRCh38,GCACCTCTCACTACTC-1
GRCh38,GCACCTCTCGCGCATG-1
GRCh38,GCACCTCTCGTCCGCT-1
GRCh38,GCACGAAAGAACGCGA-1
GRCh38,GCACGAAAGGGTTCCG-1
GRCh38,GCACGCTCAAAGTATA-1
GRCh38,GCACGCTCAATACGCT-1
GRCh38,GCACGCTCACGCAGGA-1
GRCh38,GCACGCTCACGCCATA-1
GRCh38,GCACGGACAAATGACG-1
GRCh38,GCACGGACAATAGGGC-1
GRCh38,GCACGTAGTCAAGGTT-1
GRCh38,GCACGTAGTCCAAGAT-1
GRCh38,GCACGTGTCACAACTG-1
GRCh38,GCACTAATCACTGCAA-1
GRCh38,GCACTAGGTAGTGATC-1
GRCh38,GCACTAGGTATGCCGA-1
GRCh38,GCACTAGGTCATCATT-1
GRCh38,GCACTAGGTCCATCCG-1
GRCh38,GCACTAGGTGGATATC-1
GRCh38,GCACTCCTCAGTTGGC-1
GRCh38,GCACTCCTCATTGTGG-1
GRCh38,GCACTCCTCCTATACC-1
GRCh38,GCACTCTGTAGGTTTA-1
GRCh38,GCACTCTGTCACCCTG-1
GRCh38,GCACTCTGTGCTAAGT-1
GRCh38,GCAGCCTCAAACGGTA-1
GRCh38,GCAGCCTCACAGTTTA-1
GRCh38,GCAGCGACACTCCTTA-1
GRCh38,GCAGGATCAAAACTCC-1
GRCh38,GCAGGATCAAAATCCC-1
GRCh38,GCAGTAACAAATATCT-1
GRCh38,GCAGTAACACACCTCT-1
GRCh38,GCAGTACTCCTCGCTA-1
GRCh38,GCAGTCAGTCAGGTTG-1
GRCh38,GCAGTGAAGACGGAGC-1
GRCh38,GCAGTGAAGAGAAGCT-1
GRCh38,GCAGTGAAGAGTAAGC-1
GRCh38,GCAGTGTTCCGGTAAC-1
GRCh38,GCATAATTCGCATTAG-1
GRCh38,GCATAATTCGCTCCGT-1
GRCh38,GCATACCAGAATGCCC-1
GRCh38,GCATACCAGATGCCAC-1
GRCh38,GCATACCAGGTGGGTA-1
GRCh38,GCATAGACAACGGACG-1
GRCh38,GCATAGCTCCCAAAGC-1
GRCh38,GCATAGCTCCCCTATG-1
GRCh38,GCATAGCTCCTTAGCT-1
GRCh38,GCATAGGAGACGCCAT-1
GRCh38,GCATAGTGTCACTCCG-1
GRCh38,GCATAGTGTCCATATT-1
GRCh38,GCATCAATCCACCCGT-1
GRCh38,GCATCAATCCAGCGCA-1
GRCh38,GCATCAATCCCTACAT-1
GRCh38,GCATCACAGCGCCAAT-1
GRCh38,GCATCAGGTGGCTAAT-1
GRCh38,GCATCAGGTGGTCAAT-1
GRCh38,GCATCATCAAACGGGT-1
GRCh38,GCATCCACACCAATTA-1
GRCh38,GCATCGCCACCGGAAG-1
GRCh38,GCATCGCCAGTTGATC-1
GRCh38,GCATCGGTCGCCAATA-1
GRCh38,GCATCGTAGAAGGCAT-1
GRCh38,GCATGAACAACCCCAA-1
GRCh38,GCATGAACACCTAACG-1
GRCh38,GCATGAACACCTGTAG-1
GRCh38,GCATGAACAGCTGTAT-1
GRCh38,GCATGCCCAAAACCGA-1
GRCh38,GCATGCCCACATCACG-1
GRCh38,GCATGCCCACCTGCAA-1
GRCh38,GCATGCCCAGTAGGGT-1
GRCh38,GCATGGAAGAACTGAA-1
GRCh38,GCATGGGCACGGACCT-1
GRCh38,GCATGGGCAGCAACGG-1
GRCh38,GCATTACCAACATATT-1
GRCh38,GCATTACCAGGAGTCG-1
GRCh38,GCATTAGTCAACTCCT-1
GRCh38,GCATTAGTCCCCTTAG-1
GRCh38,GCATTCAAGATCGATT-1
GRCh38,GCATTCAAGCATTAAC-1
GRCh38,GCATTCGCAAAGCAAT-1
GRCh38,GCATTGGGTACTTCAT-1
GRCh38,GCATTGGGTATTACCT-1
GRCh38,GCATTGGGTCTGGTGA-1
GRCh38,GCATTGGGTGCGCGAT-1
GRCh38,GCATTGGGTGGAAAGC-1
GRCh38,GCCAACCCAACCCGAC-1
GRCh38,GCCAATATCACATTCC-1
GRCh38,GCCAATATCAGACGCT-1
GRCh38,GCCACATAGAACGGCA-1
GRCh38,GCCACTTGTAATCTAG-1
GRCh38,GCCACTTGTATGCCGA-1
GRCh38,GCCATAATCACAGCGT-1
GRCh38,GCCATAATCCGCCTAC-1
GRCh38,GCCATACAGCGCTGCA-1
GRCh38,GCCATACAGGTGTATT-1
GRCh38,GCCATATCAACTGCGC-1
GRCh38,GCCATCGAGCATCACA-1
GRCh38,GCCATGTAGATGTATC-1
GRCh38,GCCATTAAGCACGCCA-1
GRCh38,GCCATTCGTAAAGTGG-1
GRCh38,GCCATTCGTAACGAGA-1
GRCh38,GCCATTCGTACAGGTT-1
GRCh38,GCCCAATAGACCAGAG-1
GRCh38,GCCCAATAGCGCATAC-1
GRCh38,GCCCACAAGCATAACT-1
GRCh38,GCCCACAAGCGGTTCG-1
GRCh38,GCCCATACACACAGCC-1
GRCh38,GCCCATACACCTTCCG-1
GRCh38,GCCCATACACTGTAAC-1
GRCh38,GCCCATACAGTCTTCC-1
GRCh38,GCCCCAAAGACGCTGT-1
GRCh38,GCCCCAAAGCGCTATA-1
GRCh38,GCCCCTAGTAAGGGTA-1
GRCh38,GCCCCTAGTAGACGTT-1
GRCh38,GCCCGTAAGAAGTACA-1
GRCh38,GCCCGTAAGCTGTGCG-1
GRCh38,GCCCGTTTCCAGCAGT-1
GRCh38,GCCCGTTTCGCTTACT-1
GRCh38,GCCCGTTTCGGGCATT-1
GRCh38,GCCCTACTCGTGTAAT-1
GRCh38,GCCCTATGTAACTTTC-1
GRCh38,GCCCTGAAGAATGGGT-1
GRCh38,GCCCTGAAGATAACAG-1
GRCh38,GCCCTGAAGGCTTCAA-1
GRCh38,GCCCTTATCCACCCGT-1
GRCh38,GCCTAAATCCGTCATT-1
GRCh38,GCCTACCTCACATCTC-1
GRCh38,GCCTATAAGCCGTAGT-1
GRCh38,GCCTATCGTCTTGGTC-1
GRCh38,GCCTCGAAGCCTTGCC-1
GRCh38,GCCTCGCGTGTCGAGC-1
GRCh38,GCCTCTGGTACGTGAT-1
GRCh38,GCCTCTGGTATAAGCC-1
GRCh38,GCCTCTGGTATGTCTT-1
GRCh38,GCCTCTGGTCTAGCAG-1
GRCh38,GCCTCTGGTGCTAAGT-1
GRCh38,GCCTGATAGCCTTTAC-1
GRCh38,GCCTGATAGGCTCAGT-1
GRCh38,GCCTGCAAGGCGGTTT-1
GRCh38,GCCTGCCGTATCCAGG-1
GRCh38,GCCTGCTTCAATGTTA-1
GRCh38,GCCTGCTTCATCGGAC-1
GRCh38,GCCTGCTTCGCGTGTG-1
GRCh38,GCCTGGGGTGTCGTAG-1
GRCh38,GCCTTCGGTCATATTC-1
GRCh38,GCCTTGCTCCCTACAT-1
GRCh38,GCCTTGCTCCTCCAAT-1
GRCh38,GCCTTGCTCGGTTGTA-1
GRCh38,GCCTTTAGTCTCGTCG-1
GRCh38,GCGAAACCAGCGTGTC-1
GRCh38,GCGAAACCAGTGCGGA-1
GRCh38,GCGAAAGTCCCTACCA-1
GRCh38,GCGAAGCAGACCCGAT-1
GRCh38,GCGAAGGGTAATCTTC-1
GRCh38,GCGAAGGGTCATTCTG-1
GRCh38,GCGAATGAGAACTTCG-1
GRCh38,GCGAATGAGAATTGAG-1
GRCh38,GCGAATTGTGGCACGT-1
GRCh38,GCGACATTCGGTACTA-1
GRCh38,GCGAGAGGTATGTCTT-1
GRCh38,GCGAGAGGTGCGCGAT-1
GRCh38,GCGAGGAGTGCTCCGC-1
GRCh38,GCGAGTAAGAGTATTC-1
GRCh38,GCGATAACAATGTGTC-1
GRCh38,GCGATAACAGCAACGG-1
GRCh38,GCGATAACAGGGCAAT-1
GRCh38,GCGATAGAGAGGGACC-1
GRCh38,GCGATGCGTGGTTTCC-1
GRCh38,GCGATGTTCCAGTAGC-1
GRCh38,GCGCAATTCACGGTTA-1
GRCh38,GCGCACTCAGGACGCA-1
GRCh38,GCGCATCCAAGCTTCG-1
GRCh38,GCGCATCCACCCTTTA-1
GRCh38,GCGCATGTCCACCTAT-1
GRCh38,GCGCATGTCCCTATAC-1
GRCh38,GCGCATTAGGGCCATT-1
GRCh38,GCGCCTCGTAATTGGC-1
GRCh38,GCGCCTTTCGCAAAGG-1
GRCh38,GCGCCTTTCGTACGTA-1
GRCh38,GCGCCTTTCGTGACTA-1
GRCh38,GCGCGATGTCTGGATG-1
GRCh38,GCGCTACCACCGAATT-1
GRCh38,GCGCTACCAGCTAGGG-1
GRCh38,GCGCTCCGTACGTTCC-1
GRCh38,GCGCTCCGTATCCCCG-1
GRCh38,GCGCTGGGTAGGAAAT-1
GRCh38,GCGCTGGGTCAACCTC-1
GRCh38,GCGCTTACACAAATGG-1
GRCh38,GCGCTTGAGCGTCAGT-1
GRCh38,GCGGAAATCACCCAAA-1
GRCh38,GCGGAAATCACGCCTC-1
GRCh38,GCGGAAATCATGCGTA-1
GRCh38,GCGGAAATCGGGCTAT-1
GRCh38,GCGGACACAAAATCAA-1
GRCh38,GCGGACACACATTAGC-1
GRCh38,GCGGAGAGTACCTTGC-1
GRCh38,GCGGAGAGTAGGTATC-1
GRCh38,GCGGATAAGACGGGGT-1
GRCh38,GCGGATAAGACTTTCC-1
GRCh38,GCGGATAAGCTGATTG-1
GRCh38,GCGGATTTCAACTATA-1
GRCh38,GCGGATTTCAGCTAAT-1
GRCh38,GCGGATTTCGCAACTA-1
GRCh38,GCGGATTTCGCTTATC-1
GRCh38,GCGGCTATCAAGTTCG-1
GRCh38,GCGGCTATCGGACCTG-1
GRCh38,GCGGGATAGCAAGAGT-1
GRCh38,GCGGGTACACATGCGC-1
GRCh38,GCGGTAAAGCTTAAGT-1
GRCh38,GCGGTAAAGCTTAGGC-1
GRCh38,GCGGTAGCAAAGTCTC-1
GRCh38,GCGGTATTCGGCCATG-1
GRCh38,GCGGTCTCAGGTAACA-1
GRCh38,GCGGTTGTCACCACTT-1
GRCh38,GCGGTTGTCCAAATCG-1
GRCh38,GCGGTTTAGAATGGCG-1
GRCh38,GCGTAACTCAACTATA-1
GRCh38,GCGTAGAAGAATGTTC-1
GRCh38,GCGTAGAAGACTAATC-1
GRCh38,GCGTAGAAGATAAGCA-1
GRCh38,GCGTAGGCACGCTTTC-1
GRCh38,GCGTAGTTCAATTGTA-1
GRCh38,GCGTATATCAGTACAT-1
GRCh38,GCGTATATCCCGCGTT-1
GRCh38,GCGTATATCCGATGGT-1
GRCh38,GCGTATTCACGCACGT-1
GRCh38,GCGTATTCAGTGATAG-1
GRCh38,GCGTCATAGATCCCAA-1
GRCh38,GCGTCCAAGCTGAATT-1
GRCh38,GCGTCGATCGTGCGTG-1
GRCh38,GCGTCTACAAGTCGGG-1
GRCh38,GCGTCTACACTGACCA-1
GRCh38,GCGTCTACAGTAACCT-1
GRCh38,GCGTGAAAGAACCCGT-1
GRCh38,GCGTGAAAGATCCTAG-1
GRCh38,GCGTGTTAGACTCCAA-1
GRCh38,GCGTGTTAGGCGGAGT-1
GRCh38,GCGTTACAGCCGCTGA-1
GRCh38,GCGTTAGGTCGTGCCC-1
GRCh38,GCGTTTAAGACAAGAC-1
GRCh38,GCGTTTAAGATCCGTA-1
GRCh38,GCGTTTAAGGTCTGCG-1
GRCh38,GCGTTTCGTAGCCTTC-1
GRCh38,GCGTTTCGTATGGGCC-1
GRCh38,GCTAAAGCAGGCATTT-1
GRCh38,GCTAAATTCCTATCAC-1
GRCh38,GCTAAATTCGCGGTTG-1
GRCh38,GCTAAATTCGTCTCAT-1
GRCh38,GCTAACATCAGTTGTG-1
GRCh38,GCTAACTCAAGCAAAT-1
GRCh38,GCTAACTCACCGCATA-1
GRCh38,GCTAACTCAGGGTATA-1
GRCh38,GCTAAGACAAGGGTCG-1
GRCh38,GCTAAGGAGAGGTACG-1
GRCh38,GCTAAGGAGGCACGTT-1
GRCh38,GCTAAGTGTATTGAGC-1
GRCh38,GCTAAGTGTCATTTCG-1
GRCh38,GCTAATGTCGGCCTCT-1
GRCh38,GCTACACAGACCTGCG-1
GRCh38,GCTACACAGCTTGGCG-1
GRCh38,GCTACACAGGTTGCGT-1
GRCh38,GCTACAGGTAACCGTG-1
GRCh38,GCTACAGGTAACTTCT-1
GRCh38,GCTACAGGTCGGCTGG-1
GRCh38,GCTACATCAAAATCAA-1
GRCh38,GCTACATCAGTGCTCA-1
GRCh38,GCTACCGAGATGCTCA-1
GRCh38,GCTACCTGTATCAGCG-1
GRCh38,GCTACGCCACGAAGTA-1
GRCh38,GCTACGCCACGAATCT-1
GRCh38,GCTACGCCACGCACTA-1
GRCh38,GCTAGAACAATGGGCG-1
GRCh38,GCTAGAACAGTTGGGG-1
GRCh38,GCTAGAGAGCGGGTTT-1
GRCh38,GCTAGATGTAGTCGCA-1
GRCh38,GCTAGCCCAAAATTTC-1
GRCh38,GCTAGCCCACACCGTA-1
GRCh38,GCTAGGGCACATGGGG-1
GRCh38,GCTAGTGGTAATCCCC-1
GRCh38,GCTAGTGGTACTATGA-1
GRCh38,GCTAGTGGTCATGTGG-1
GRCh38,GCTATAAGTAGGTAAG-1
GRCh38,GCTATAGTCACTCCAT-1
GRCh38,GCTATAGTCCGCAATA-1
GRCh38,GCTATCCGTATGTCTT-1
GRCh38,GCTATCCGTCAATTAG-1
GRCh38,GCTATCCGTCAGCCCC-1
GRCh38,GCTATCCGTCCTGATC-1
GRCh38,GCTATCGCAATCGCGC-1
GRCh38,GCTATCTTCAGTATCG-1
GRCh38,GCTATCTTCCCGCTGT-1
GRCh38,GCTATCTTCGTACGTA-1
GRCh38,GCTATGCAGGGCATAG-1
GRCh38,GCTATTACACGATGTT-1
GRCh38,GCTATTGAGACAAGCG-1
GRCh38,GCTCAACAGCAATGTT-1
GRCh38,GCTCAACAGGGACGTA-1
GRCh38,GCTCAATCAAACCAGA-1
GRCh38,GCTCAATCACACTATA-1
GRCh38,GCTCAATCAGCAATAG-1
GRCh38,GCTCACGAGAATGTAG-1
GRCh38,GCTCACGAGATCGGAG-1
GRCh38,GCTCACGAGCACGTAC-1
GRCh38,GCTCACGAGCCAAAGG-1
GRCh38,GCTCATAAGAGCCGAA-1
GRCh38,GCTCATAAGCACGTCG-1
GRCh38,GCTCATAAGCTAATCG-1
GRCh38,GCTCATTTCGCTCTCA-1
GRCh38,GCTCCACTCACCCATT-1
GRCh38,GCTCCACTCGGTAATT-1
GRCh38,GCTCCTATCAGTTTGG-1
GRCh38,GCTCCTATCCATCATC-1
GRCh38,GCTCCTATCGGCTATA-1
GRCh38,GCTCCTGGTCCTTTAG-1
GRCh38,GCTCCTGGTGCTGGGT-1
GRCh38,GCTCGATAGGTCCAGT-1
GRCh38,GCTCGGGGTGTCGCGG-1
GRCh38,GCTCGGTCACTCGGAC-1
GRCh38,GCTCGTGAGCATCTAG-1
GRCh38,GCTCGTTGTCACTAGG-1
GRCh38,GCTCTAAAGGTCGAGA-1
GRCh38,GCTCTAGCACTAATAT-1
GRCh38,GCTCTATTCGTGAACC-1
GRCh38,GCTCTGTGTCGGCTGG-1
GRCh38,GCTCTTAGTAGTCTGG-1
GRCh38,GCTCTTAGTGTCCTTA-1
GRCh38,GCTGACCCAAAATGGT-1
GRCh38,GCTGACCCAAGAGATT-1
GRCh38,GCTGACCCACCACTGA-1
GRCh38,GCTGCCCGTCATTAAG-1
GRCh38,GCTGCCCGTGCTTTCA-1
GRCh38,GCTGCCCGTGTCGTCT-1
GRCh38,GCTGCCCGTGTCTAGG-1
GRCh38,GCTGGCATCCCCTATG-1
GRCh38,GCTGGCATCCCTAATC-1
GRCh38,GCTGGTTAGAGCTTAT-1
GRCh38,GCTGGTTAGATAGGCG-1
GRCh38,GCTGGTTAGATGAGGT-1
GRCh38,GCTGGTTAGGTAATTC-1
GRCh38,GCTGTATCAGCTTCAG-1
GRCh38,GCTGTATCAGTGTCAT-1
GRCh38,GCTGTCGAGAATGGGT-1
GRCh38,GCTGTCGAGCTGTGCG-1
GRCh38,GCTGTCTGTAAATGGG-1
GRCh38,GCTGTCTGTCTACTAT-1
GRCh38,GCTGTCTGTGCTCGTT-1
GRCh38,GCTGTTAAGACCACGT-1
GRCh38,GCTGTTAAGCGCATAC-1
GRCh38,GCTTAAGTCAGCGGTT-1
GRCh38,GCTTAAGTCGCGTGTG-1
GRCh38,GCTTAATAGGCCCCAA-1
GRCh38,GCTTACAAGAATGGGT-1
GRCh38,GCTTACAAGCCTGACG-1
GRCh38,GCTTACGCAACACTCG-1
GRCh38,GCTTACTTCATCGCTT-1
GRCh38,GCTTATACAACTGGGG-1
GRCh38,GCTTATACACAACGGG-1
GRCh38,GCTTATACACATGATC-1
GRCh38,GCTTATCTCATGGCTA-1
GRCh38,GCTTATCTCGCAGTGT-1
GRCh38,GCTTATGAGAATGACA-1
GRCh38,GCTTATGAGACTACAT-1
GRCh38,GCTTATGAGGCTCATA-1
GRCh38,GCTTCAAAGATAACAG-1
GRCh38,GCTTCAAAGCGTGTCG-1
GRCh38,GCTTCAGCACTTAACA-1
GRCh38,GCTTCAGCAGTAGCCC-1
GRCh38,GCTTCAGCAGTATTAT-1
GRCh38,GCTTCATTCACTTGCT-1
GRCh38,GCTTCATTCAGGCTGT-1
GRCh38,GCTTCATTCCGATAAT-1
GRCh38,GCTTCCATCAACAGCC-1
GRCh38,GCTTCCATCACCAATG-1
GRCh38,GCTTCCATCGTTGACA-1
GRCh38,GCTTCCCAGACCCAAC-1
GRCh38,GCTTCCCAGGCGAATG-1
GRCh38,GCTTCCGGTAGTGTTA-1
GRCh38,GCTTCCGGTCCTTGTA-1
GRCh38,GCTTCGACACATAGTC-1
GRCh38,GCTTCGACACTTCGAG-1
GRCh38,GCTTCGGAGATCCAAT-1
GRCh38,GCTTCGGAGCCATCAA-1
GRCh38,GCTTCGGAGCGATTGC-1
GRCh38,GCTTCGGAGCTACTTC-1
GRCh38,GCTTCGTGTGTCCTTA-1
GRCh38,GCTTCTAGTAACTCGG-1
GRCh38,GCTTCTAGTCCTTTGA-1
GRCh38,GCTTCTGTCCCTTAGT-1
GRCh38,GCTTCTGTCCTAATGG-1
GRCh38,GCTTCTGTCGCGGTAT-1
GRCh38,GCTTGCGAGCGGTCCA-1
GRCh38,GCTTGCTGTCACCCTG-1
GRCh38,GCTTGCTGTCCTTTAG-1
GRCh38,GCTTGTAAGACCCGAT-1
GRCh38,GCTTGTAAGACTGCGT-1
GRCh38,GCTTGTAAGCACCTAA-1
GRCh38,GCTTTACTCAGCCGTG-1
GRCh38,GCTTTACTCCTTATCA-1
GRCh38,GCTTTACTCGCACCCT-1
GRCh38,GCTTTCAGTAGTGTTA-1
GRCh38,GCTTTCGTCGGCCTTC-1
GRCh38,GCTTTCGTCGGCTGCA-1
GRCh38,GCTTTCGTCGGTTCAA-1
GRCh38,GCTTTGAAGCATAGCC-1
GRCh38,GCTTTGAAGCGATGAG-1
GRCh38,GCTTTGAAGCTAGGTC-1
GRCh38,GCTTTGAAGGGTTGTC-1
GRCh38,GGAAACCCAAAAGGCC-1
GRCh38,GGAAACCCACACAATC-1
GRCh38,GGAAAGCGTACGTGCA-1
GRCh38,GGAAAGGCAACGCAGG-1
GRCh38,GGAAATCAGAACATAG-1
GRCh38,GGAAATCAGACTTTCC-1
GRCh38,GGAAATCAGCGACAGA-1
GRCh38,GGAACCCGTGCCTTTA-1
GRCh38,GGAACCCGTGGCATTG-1
GRCh38,GGAACCGCACGGCTTA-1
GRCh38,GGAACGGGTCGAAGGG-1
GRCh38,GGAACGGGTGCTATCC-1
GRCh38,GGAACGTCACATGCCA-1
GRCh38,GGAACTACACTCGGGT-1
GRCh38,GGAACTTGTCGCCTAT-1
GRCh38,GGAACTTGTGTGTCAG-1
GRCh38,GGAAGCATCAAACTAC-1
GRCh38,GGAAGCATCAAGCCTA-1
GRCh38,GGAAGCATCGTTGACA-1
GRCh38,GGAAGCCAGGTAGGTG-1
GRCh38,GGAAGCTCAGTCTAAC-1
GRCh38,GGAAGGACAATGCTAC-1
GRCh38,GGAAGGACACGCATCA-1
GRCh38,GGAAGGACACTTGACG-1
GRCh38,GGAATACAGGCTTTGA-1
GRCh38,GGAATACAGGTAGTGG-1
GRCh38,GGAATACAGGTCCAAC-1
GRCh38,GGAATACAGGTTATCG-1
GRCh38,GGAATCACACCAAATC-1
GRCh38,GGAATCGAGAACGTAA-1
GRCh38,GGAATCGAGCTGTATG-1
GRCh38,GGAATCTGTAGGACCC-1
GRCh38,GGAATGAGTCCACGGG-1
GRCh38,GGAATGAGTCGAGGAG-1
GRCh38,GGAATGTAGAGGTACG-1
GRCh38,GGAATGTAGAGTCGTC-1
GRCh38,GGAATGTAGGCTTGTA-1
GRCh38,GGAATTAAGAATACAG-1
GRCh38,GGAATTCGTGGCAATT-1
GRCh38,GGACAACCAATCTTAG-1
GRCh38,GGACAACCAGTTAACC-1
GRCh38,GGACAATAGCTAATCG-1
GRCh38,GGACACAAGGTCCTAA-1
GRCh38,GGACATACAACAGTCT-1
GRCh38,GGACATACACACTCAG-1
GRCh38,GGACATACACGGCTTA-1
GRCh38,GGACATACAGGACCGA-1
GRCh38,GGACATCTCACAGCAC-1
GRCh38,GGACATCTCCTAAACG-1
GRCh38,GGACATCTCGCCCCAT-1
GRCh38,GGACCCATCCATATGG-1
GRCh38,GGACCGACAAAGCTCT-1
GRCh38,GGACCGACAAGCGTCC-1
GRCh38,GGACCGACACCTACGA-1
GRCh38,GGACCGACACTAGGGG-1
GRCh38,GGACCGTGTCCGTCGC-1
GRCh38,GGACCGTGTGGACCGT-1
GRCh38,GGACCGTGTGGGTCTA-1
GRCh38,GGACCTCCAGTCTGCA-1
GRCh38,GGACGACAGAGTCCAC-1
GRCh38,GGACGACAGGGCGGAT-1
GRCh38,GGACGCACAATAACTT-1
GRCh38,GGACGCACAGTGGACG-1
GRCh38,GGACGCACAGTGGCGA-1
GRCh38,GGACGCACAGTTGGGG-1
GRCh38,GGACGCTGTAGCGCGT-1
GRCh38,GGACGGAGTGCATTGG-1
GRCh38,GGACGGAGTGCGGTTA-1
GRCh38,GGACGGTAGAAAGGTC-1
GRCh38,GGACGTAAGATCCGAC-1
GRCh38,GGACGTAAGCATTTGG-1
GRCh38,GGACGTAAGGCTTATG-1
GRCh38,GGACGTTTCCTGCAAA-1
GRCh38,GGACTAACAATCAGCT-1
GRCh38,GGACTAACACCTTTCA-1
GRCh38,GGACTATGTATCCGGA-1
GRCh38,GGACTATGTATGAAGG-1
GRCh38,GGACTATGTGTCTTAT-1
GRCh38,GGACTGCGTACCTGTC-1
GRCh38,GGACTGCGTCGATTGG-1
GRCh38,GGACTTATCCAGCGCA-1
GRCh38,GGACTTTCACATTGGT-1
GRCh38,GGACTTTCAGCGTATT-1
GRCh38,GGACTTTCAGTCATCG-1
GRCh38,GGAGAGGAGCCCAGCA-1
GRCh38,GGAGATTAGCGGTTAC-1
GRCh38,GGAGATTAGGGTAGGC-1
GRCh38,GGAGCAGGTGGATATC-1
GRCh38,GGAGCAGGTGGGTTCA-1
GRCh38,GGAGCCACAAGCTTTA-1
GRCh38,GGAGCCACAAGTCGAA-1
GRCh38,GGAGCCACACTAAACC-1
GRCh38,GGAGCCTGTGCTTCGT-1
GRCh38,GGAGCCTGTGGCTTCT-1
GRCh38,GGAGCGAGTACGTGCA-1
GRCh38,GGAGCGAGTGCTTGGA-1
GRCh38,GGAGCTAAGCCATAAT-1
GRCh38,GGAGCTAAGGTTCAGC-1
GRCh38,GGAGCTCGTAGGAGGT-1
GRCh38,GGAGCTTTCCACCTCA-1
GRCh38,GGAGGTCAGAGTTGCC-1
GRCh38,GGAGTAAGTAGTTATG-1
GRCh38,GGAGTAAGTCTGTTGC-1
GRCh38,GGAGTAAGTGCAGTCA-1
GRCh38,GGAGTAAGTGCCCCTA-1
GRCh38,GGAGTATAGCTGGGTT-1
GRCh38,GGAGTCGCAGCCAATT-1
GRCh38,GGAGTGGGTACCTTTG-1
GRCh38,GGAGTGGGTACGCTGA-1
GRCh38,GGAGTGGGTCACGGCG-1
GRCh38,GGAGTGGGTGCCATTC-1
GRCh38,GGAGTTACAATCATCA-1
GRCh38,GGAGTTACACTTCGTC-1
GRCh38,GGAGTTGAGCGGGATA-1
GRCh38,GGAGTTGAGGGGGTAC-1
GRCh38,GGATAAGGTACTTGGG-1
GRCh38,GGATACCTCACCACAA-1
GRCh38,GGATACCTCCGTGAGT-1
GRCh38,GGATAGCCAAAAGCGC-1
GRCh38,GGATAGCCACAGTTAC-1
GRCh38,GGATAGCCACGTTATA-1
GRCh38,GGATAGTAGAGTATAG-1
GRCh38,GGATAGTAGGCGGAGT-1
GRCh38,GGATCAACAGCCACTA-1
GRCh38,GGATCAACAGGTTTAC-1
GRCh38,GGATCAACAGTCAATC-1
GRCh38,GGATCACTCATGTCGA-1
GRCh38,GGATCACTCGCTAAAT-1
GRCh38,GGATCCGTCCGACTAA-1
GRCh38,GGATGACCAAATTGGG-1
GRCh38,GGATGACCACGGGTCT-1
GRCh38,GGATGATAGCCAAATT-1
GRCh38,GGATGGGGTAGCGTAT-1
GRCh38,GGATGGGGTAGTCGCA-1
GRCh38,GGATGGTCACCCTATC-1
GRCh38,GGATGTCTCATCCCGC-1
GRCh38,GGATGTTGTATCAGTA-1
GRCh38,GGATGTTGTGTTGTAA-1
GRCh38,GGATTAAAGAAGCGTG-1
GRCh38,GGATTAAAGCTGTATG-1
GRCh38,GGATTCGGTATGGGTT-1
GRCh38,GGATTCGGTCAATTCT-1
GRCh38,GGATTGTGTCAGTAGT-1
GRCh38,GGATTTAGTATCCTAT-1
GRCh38,GGATTTCCAACGGACG-1
GRCh38,GGATTTCCACAACGGG-1
GRCh38,GGATTTCCAGCAGCGA-1
GRCh38,GGCAACTTCGCACTAA-1
GRCh38,GGCAACTTCGCTACTT-1
GRCh38,GGCAACTTCGTTAGGC-1
GRCh38,GGCAAGGGTCATGTGG-1
GRCh38,GGCAAGGGTGCTTCTA-1
GRCh38,GGCAATCTCAAATGCT-1
GRCh38,GGCAATCTCAGTTTCC-1
GRCh38,GGCAATTGTAAGCCCA-1
GRCh38,GGCAATTGTGGTGTAT-1
GRCh38,GGCACTCCAACTAATT-1
GRCh38,GGCACTCCAGCGACGA-1
GRCh38,GGCACTCCAGGTATCT-1
GRCh38,GGCATAACAACGGTCC-1
GRCh38,GGCATAACAATGCGGG-1
GRCh38,GGCATAGAGATCAGGG-1
GRCh38,GGCATGAAGACGATGG-1
GRCh38,GGCATGAAGCACTATG-1
GRCh38,GGCATGCGTCTTAGCC-1
GRCh38,GGCATTGGTGCCCTAT-1
GRCh38,GGCATTTCAAAGTTCC-1
GRCh38,GGCATTTCAATCCTAA-1
GRCh38,GGCCAATTCCGCCTAC-1
GRCh38,GGCCAATTCGTCAAGC-1
GRCh38,GGCCATGTCGGATCAC-1
GRCh38,GGCCATTAGACGTATT-1
GRCh38,GGCCATTAGCCTAGTA-1
GRCh38,GGCCCCTGTCTCGTCG-1
GRCh38,GGCCCCTGTGGACTGC-1
GRCh38,GGCCCTTTCCTCACGC-1
GRCh38,GGCCTCTTCAGACAGG-1
GRCh38,GGCCTCTTCAGCGTAC-1
GRCh38,GGCCTCTTCCAGGTGT-1
GRCh38,GGCCTGGGTGCACGTA-1
GRCh38,GGCCTGGGTGTTGCGA-1
GRCh38,GGCCTTACAAAATGGT-1
GRCh38,GGCCTTGAGATGCGAG-1
GRCh38,GGCCTTGAGCGAGTCT-1
GRCh38,GGCGAAATCAAGCTAT-1
GRCh38,GGCGAAATCACTTAAA-1
GRCh38,GGCGAAATCCTATACC-1
GRCh38,GGCGAACAGACCCAAC-1
GRCh38,GGCGAACAGCTGTCGG-1
GRCh38,GGCGAACAGCTTGGGT-1
GRCh38,GGCGAAGGTCACGCCC-1
GRCh38,GGCGAAGGTCTGCGCC-1
GRCh38,GGCGAAGGTGCAATCG-1
GRCh38,GGCGAAGGTGGTTTGG-1
GRCh38,GGCGACACACCATAAC-1
GRCh38,GGCGAGAGTCTTAGTT-1
GRCh38,GGCGAGTAGATGGAGT-1
GRCh38,GGCGATAAGCGTGTTA-1
GRCh38,GGCGATAAGCTCGAGT-1
GRCh38,GGCGCAACAAGCTTAC-1
GRCh38,GGCGCAACACCCATTC-1
GRCh38,GGCGCATGTGTTACCC-1
GRCh38,GGCGCTGGTAGCGCGT-1
GRCh38,GGCGGATAGGCAGGGT-1
GRCh38,GGCGGTACAGTCCGTA-1
GRCh38,GGCGGTTGTATCCGTC-1
GRCh38,GGCGTATTCGTACTTC-1
GRCh38,GGCGTCATCAGTGATT-1
GRCh38,GGCGTGTGTCCGTCGC-1
GRCh38,GGCGTTCCACCCAGAC-1
GRCh38,GGCGTTGTCAGTCATG-1
GRCh38,GGCGTTGTCATTGGGC-1
GRCh38,GGCTAATGTAGGGGCA-1
GRCh38,GGCTACCCACTGGCAC-1
GRCh38,GGCTAGAAGAGTGATA-1
GRCh38,GGCTAGAAGATGCCCG-1
GRCh38,GGCTAGAAGCACCCAG-1
GRCh38,GGCTAGAAGCGGTGTT-1
GRCh38,GGCTATATCCGCTACC-1
GRCh38,GGCTATATCCGTCATT-1
GRCh38,GGCTATATCGTGTTGA-1
GRCh38,GGCTATGGTAACTGCG-1
GRCh38,GGCTATGGTAAGTCTA-1
GRCh38,GGCTATGGTGCTGTCT-1
GRCh38,GGCTCATAGAGGCCAA-1
GRCh38,GGCTCATAGGCCCAAT-1
GRCh38,GGCTCCTTCACGCATA-1
GRCh38,GGCTCCTTCGCGGCTA-1
GRCh38,GGCTCCTTCGTTCATC-1
GRCh38,GGCTCTACAACTAACC-1
GRCh38,GGCTCTACACAGTTTA-1
GRCh38,GGCTCTCTCACTTCCG-1
GRCh38,GGCTCTCTCATGGCCG-1
GRCh38,GGCTCTCTCCAGCATA-1
GRCh38,GGCTGAAAGAGCTTAT-1
GRCh38,GGCTGAAAGCTCGAAC-1
GRCh38,GGCTTAATCACCTCCA-1
GRCh38,GGCTTAATCGGAAAGT-1
GRCh38,GGCTTAGGTAGAGATG-1
GRCh38,GGCTTAGGTGCCCCGT-1
GRCh38,GGCTTCACACGGAAAC-1
GRCh38,GGCTTCACAGTAGGCG-1
GRCh38,GGCTTCTGTATAGGGA-1
GRCh38,GGCTTGAGTCGCCGTC-1
GRCh38,GGCTTGAGTCTGTCTA-1
GRCh38,GGCTTGAGTGCTTGGA-1
GRCh38,GGCTTGTAGAACCCAC-1
GRCh38,GGCTTTCGTAGGAGGT-1
GRCh38,GGCTTTCGTAGGGCGA-1
GRCh38,GGGAATTAGACCAGGA-1
GRCh38,GGGAATTAGAGAGGTT-1
GRCh38,GGGAATTAGCTGACCG-1
GRCh38,GGGACCTGTAATCTAG-1
GRCh38,GGGACCTGTCCGTTTA-1
GRCh38,GGGACTCGTGCGTTTC-1
GRCh38,GGGAGATGTCTACAGG-1
GRCh38,GGGAGCTAGACCCAAC-1
GRCh38,GGGATATAGCAACGAG-1
GRCh38,GGGATCAAGCATGCGT-1
GRCh38,GGGATGGGTACAAGAG-1
GRCh38,GGGATGGGTGTCTGAG-1
GRCh38,GGGATTGAGAGAGGAA-1
GRCh38,GGGATTGAGGGTAGTG-1
GRCh38,GGGCAAATCAGCATAT-1
GRCh38,GGGCAAGGTAGCGCGT-1
GRCh38,GGGCAAGGTATACGTA-1
GRCh38,GGGCAAGGTCACACTC-1
GRCh38,GGGCAAGGTGTGTGAT-1
GRCh38,GGGCAATCAAAGTCTC-1
GRCh38,GGGCAATCAAGTGGGT-1
GRCh38,GGGCAATCACAAGGCG-1
GRCh38,GGGCAATCACTTAACA-1
GRCh38,GGGCATAAGCCTATGA-1
GRCh38,GGGCATAAGCGTGTCG-1
GRCh38,GGGCATAAGGTCGAAG-1
GRCh38,GGGCGTACAACGTCGC-1
GRCh38,GGGCGTACAAGGATAT-1
GRCh38,GGGCGTACACCAATAC-1
GRCh38,GGGCGTACAGTGCTCA-1
GRCh38,GGGCGTTGTCGCATTC-1
GRCh38,GGGCTAGCAGTGAAGC-1
GRCh38,GGGCTATTCACATCAG-1
GRCh38,GGGCTATTCCAGCCCT-1
GRCh38,GGGCTATTCCTGACAA-1
GRCh38,GGGCTATTCGCGTATA-1
GRCh38,GGGCTCATCAATCCCT-1
GRCh38,GGGCTCATCACGTCCC-1
GRCh38,GGGCTCATCCGCTACC-1
GRCh38,GGGCTCATCCTACTAC-1
GRCh38,GGGCTTCCAAAACGAT-1
GRCh38,GGGCTTCCACTATGAC-1
GRCh38,GGGCTTCCACTGCTTC-1
GRCh38,GGGGAATGTGGGTATT-1
GRCh38,GGGGATGGTATATCAG-1
GRCh38,GGGGATGGTATCCTAT-1
GRCh38,GGGGATGGTCGCTGCC-1
GRCh38,GGGGCTACACATGCCA-1
GRCh38,GGGGCTTGTCACGGCG-1
GRCh38,GGGGCTTGTCTCTAGC-1
GRCh38,GGGGCTTGTGGTGGAG-1
GRCh38,GGGGTAATCCCATCAT-1
GRCh38,GGGGTACAGCCCTAGG-1
GRCh38,GGGGTTAAGAGTTTAC-1
GRCh38,GGGGTTAAGGCACCCA-1
GRCh38,GGGTAATAGCCATTGA-1
GRCh38,GGGTAATAGCGCCCAA-1
GRCh38,GGGTAATAGGCATCAC-1
GRCh38,GGGTAATAGGTTGATT-1
GRCh38,GGGTACAAGCGTTACA-1
GRCh38,GGGTAGCAGAAGTGTA-1
GRCh38,GGGTAGGGTACGGTGC-1
GRCh38,GGGTAGGGTAGCTTCC-1
GRCh38,GGGTAGGGTCCAACTC-1
GRCh38,GGGTATACAACCACAT-1
GRCh38,GGGTATACAATGTGAG-1
GRCh38,GGGTATCTCCAATGCA-1
GRCh38,GGGTATCTCCTGTTCG-1
GRCh38,GGGTATGAGGCCTATA-1
GRCh38,GGGTATTGTACTCTAT-1
GRCh38,GGGTATTGTCGTCTGT-1
GRCh38,GGGTCAGCAAACCTAC-1
GRCh38,GGGTCAGCACGATAAG-1
GRCh38,GGGTCATTCATCCCGC-1
GRCh38,GGGTCATTCGGACTTA-1
GRCh38,GGGTCCATCAAGGTAA-1
GRCh38,GGGTCCATCACGCGTG-1
GRCh38,GGGTCCATCCCTATAC-1
GRCh38,GGGTCTCCAAGCATTC-1
GRCh38,GGGTCTCCAATTCGTA-1
GRCh38,GGGTCTCCACCGGAAG-1
GRCh38,GGGTCTCCACGCGTAC-1
GRCh38,GGGTCTCCAGTACAAG-1
GRCh38,GGGTCTCCAGTGCAGG-1
GRCh38,GGGTGAGGTAACGCAT-1
GRCh38,GGGTGCACAGCTCAAT-1
GRCh38,GGGTGCACAGGATAGC-1
GRCh38,GGGTGCACAGTCGCAC-1
GRCh38,GGGTGCTGTCAGCAAT-1
GRCh38,GGGTGCTGTGGGGATG-1
GRCh38,GGGTGTAAGGTTGTGC-1
GRCh38,GGGTGTCGTAACCCCT-1
GRCh38,GGGTGTCGTATGAGGA-1
GRCh38,GGGTGTCGTCATTCTG-1
GRCh38,GGGTGTCGTCCTATTG-1
GRCh38,GGGTTAGAGAGGACGC-1
GRCh38,GGGTTAGAGCGTATAT-1
GRCh38,GGGTTATGTCCAGTTC-1
GRCh38,GGGTTCAGTGCGCCTC-1
GRCh38,GGGTTCCCAACTAAGG-1
GRCh38,GGGTTCCCACCCTATC-1
GRCh38,GGGTTCGTCCGGTCGA-1
GRCh38,GGGTTCGTCCTCTGGC-1
GRCh38,GGGTTCGTCGCCCTAC-1
GRCh38,GGGTTCGTCGGGTATC-1
GRCh38,GGGTTGAAGAAGGTTA-1
GRCh38,GGGTTGAAGCTAACAT-1
GRCh38,GGGTTTGGTGGCCTGG-1
GRCh38,GGTAAAGGTCGCCCTA-1
GRCh38,GGTAAATCAACTCGCA-1
GRCh38,GGTAAATCAAGTGTCT-1
GRCh38,GGTAAATCAATGCCCA-1
GRCh38,GGTAAATCACCAGACC-1
GRCh38,GGTAACACAAAGGGGA-1
GRCh38,GGTAACACACAATGTC-1
GRCh38,GGTAAGCCAAGAGACC-1
GRCh38,GGTAAGCCAATTGACC-1
GRCh38,GGTAAGTAGACCCACG-1
GRCh38,GGTAATCGTGGTTCGA-1
GRCh38,GGTACAGAGCCAGTAC-1
GRCh38,GGTACGAAGACCCTTT-1
GRCh38,GGTACGAAGATAAGTG-1
GRCh38,GGTACTATCATGCGGT-1
GRCh38,GGTACTATCCCTATAC-1
GRCh38,GGTACTGGTGCTAGGC-1
GRCh38,GGTAGCTTCCCTAACT-1
GRCh38,GGTAGGCAGCGGTTTA-1
GRCh38,GGTAGGGGTAATCGCG-1
GRCh38,GGTAGGGGTATCATCT-1
GRCh38,GGTAGGGGTATGTGTA-1
GRCh38,GGTAGGGGTCATGGGC-1
GRCh38,GGTAGGGGTGTATCTT-1
GRCh38,GGTAGTGAGACAGCAG-1
GRCh38,GGTAGTTGTACTCGCT-1
GRCh38,GGTATATTCACCATCT-1
GRCh38,GGTATATTCCCTGGCT-1
GRCh38,GGTATCCAGAATGCGG-1
GRCh38,GGTATCTCAGCTCAAT-1
GRCh38,GGTATCTCAGTGGCAG-1
GRCh38,GGTATGCTCCCTACCA-1
GRCh38,GGTATGTGTCCGTCTG-1
GRCh38,GGTATTAGTCTACGGA-1
GRCh38,GGTATTAGTGCCTGGG-1
GRCh38,GGTATTGTCGGCTTGG-1
GRCh38,GGTATTGTCGTTGGCG-1
GRCh38,GGTCAACTCATTCAAA-1
GRCh38,GGTCAATGTAAGCAAG-1
GRCh38,GGTCAATGTCACGGGT-1
GRCh38,GGTCAATGTCATAGGT-1
GRCh38,GGTCAGCGTAAGGAAT-1
GRCh38,GGTCATATCCAGTATG-1
GRCh38,GGTCATATCCTGATTC-1
GRCh38,GGTCATTCACCGCATA-1
GRCh38,GGTCATTCAGGAACTA-1
GRCh38,GGTCCCTTCACTATAA-1
GRCh38,GGTCCCTTCCCTTCTC-1
GRCh38,GGTCGTCCAAGGCACG-1
GRCh38,GGTCTCTGTCGAGTCA-1
GRCh38,GGTCTCTGTCGGTTTC-1
GRCh38,GGTCTGTAGAGGTTAA-1
GRCh38,GGTGAATAGCCTATTC-1
GRCh38,GGTGATACAGGAATCA-1
GRCh38,GGTGATGAGCACCATA-1
GRCh38,GGTGATGAGCGCTGCA-1
GRCh38,GGTGATGAGGCTTATG-1
GRCh38,GGTGATTGTATGTGTA-1
GRCh38,GGTGATTGTCCTAGAG-1
GRCh38,GGTGCCGGTGCGAGAG-1
GRCh38,GGTGCCGGTGGGACTC-1
GRCh38,GGTGCGACACTATAAT-1
GRCh38,GGTGCGACAGCCTTTC-1
GRCh38,GGTGCGACAGGGTCAG-1
GRCh38,GGTGCGTGTCAACTCC-1
GRCh38,GGTGCGTGTCTACGGA-1
GRCh38,GGTGGAGGTGTCATGG-1
GRCh38,GGTGGTTTCAAAGGTA-1
GRCh38,GGTGGTTTCAAGGGTG-1
GRCh38,GGTGGTTTCAGCACTA-1
GRCh38,GGTGTATGTCGTTCTA-1
GRCh38,GGTGTATGTGGTAGGG-1
GRCh38,GGTGTCAGTATGTCGG-1
GRCh38,GGTGTCAGTGCTTGCT-1
GRCh38,GGTGTCGTCATAATCA-1
GRCh38,GGTGTGCGTAACATGC-1
GRCh38,GGTGTGCGTACTATTC-1
GRCh38,GGTGTGCGTCTATAAG-1
GRCh38,GGTGTTATCACACCTT-1
GRCh38,GGTGTTATCGGCGAAA-1
GRCh38,GGTGTTCAGAGTATTC-1
GRCh38,GGTTAATTCGCAACGT-1
GRCh38,GGTTACTCAGGCGGTA-1
GRCh38,GGTTAGACAAAACCAG-1
GRCh38,GGTTAGACACTACATA-1
GRCh38,GGTTAGTGTAGGCGGA-1
GRCh38,GGTTAGTGTCATGGGC-1
GRCh38,GGTTAGTGTGGTCCCC-1
GRCh38,GGTTATAGTAAAGCTC-1
GRCh38,GGTTATAGTAATTTCC-1
GRCh38,GGTTATAGTCGACGTA-1
GRCh38,GGTTATAGTCGCAAAT-1
GRCh38,GGTTATGTCGCAACGT-1
GRCh38,GGTTATGTCGTCGCTC-1
GRCh38,GGTTCAATCCGCGGTA-1
GRCh38,GGTTCAATCCGGTCGA-1
GRCh38,GGTTCAGGTATCTTCG-1
GRCh38,GGTTCAGGTCGTTCCG-1
GRCh38,GGTTCAGGTGCGTTAG-1
GRCh38,GGTTCAGGTGGCTTGA-1
GRCh38,GGTTCCCTCACTAACG-1
GRCh38,GGTTCCGAGAAGCCAG-1
GRCh38,GGTTCCGAGAGGCTGA-1
GRCh38,GGTTCCGAGCACGGTT-1
GRCh38,GGTTCCGAGCGCGTCA-1
GRCh38,GGTTCCGAGGGCGAGT-1
GRCh38,GGTTCGAGTCCTCGAT-1
GRCh38,GGTTCGAGTGGAGTAA-1
GRCh38,GGTTGATGTGCGCTGG-1
GRCh38,GGTTGATGTGGTAATC-1
GRCh38,GGTTGCCCAACTTACA-1
GRCh38,GGTTGCCCAATGCGAA-1
GRCh38,GGTTGCCCACCTTACC-1
GRCh38,GGTTGGCGTCATTTCG-1
GRCh38,GGTTGGGCACGTAGAA-1
GRCh38,GGTTGGTTCGTCTCAT-1
GRCh38,GGTTGTATCATAACGT-1
GRCh38,GGTTGTATCCCAGCCT-1
GRCh38,GGTTGTCAGAACGTAA-1
GRCh38,GGTTGTCAGATCGTAT-1
GRCh38,GGTTGTCAGCGAACGA-1
GRCh38,GGTTGTCAGGCGGAGT-1
GRCh38,GGTTGTGGTCATACAA-1
GRCh38,GGTTGTGGTGCGGTTA-1
GRCh38,GGTTGTGGTGGCAAGG-1
GRCh38,GGTTTACCAATTATCG-1
GRCh38,GGTTTACCACGAAGTA-1
GRCh38,GGTTTACCAGGTAGCG-1
GRCh38,GGTTTAGTCAAGCACC-1
GRCh38,GGTTTAGTCGGTAGCT-1
GRCh38,GGTTTCAAGAGTAAGC-1
GRCh38,GGTTTCAAGGCCCAAT-1
GRCh38,GGTTTCCGTAGACGGG-1
GRCh38,GGTTTCCGTAGTTGCG-1
GRCh38,GGTTTCCGTGCCCCTA-1
GRCh38,GGTTTCGCACTATCCC-1
GRCh38,GGTTTCGCAGGTAACA-1
GRCh38,GGTTTGGGTACGGGCT-1
GRCh38,GGTTTGGGTCCATCCG-1
GRCh38,GTAAACGCAACATACC-1
GRCh38,GTAAACGCAAGTATAA-1
GRCh38,GTAAACGCAGGGTGCA-1
GRCh38,GTAAAGGGTAAATCCA-1
GRCh38,GTAAAGGGTACCTAGG-1
GRCh38,GTAAAGGGTCCCAAAG-1
GRCh38,GTAAATGAGATTAACC-1
GRCh38,GTAAATGAGCCGCGTA-1
GRCh38,GTAACCATCGCGACAT-1
GRCh38,GTAACTGTCAGCGGTT-1
GRCh38,GTAAGATCACACCTCT-1
GRCh38,GTAAGATCACTTAGTA-1
GRCh38,GTAAGCCTCCATGGCG-1
GRCh38,GTAAGCCTCGGTACGT-1
GRCh38,GTAAGCGAGAACACCC-1
GRCh38,GTAAGCGAGAATGGTA-1
GRCh38,GTAAGCGAGCGAAGTG-1
GRCh38,GTAAGCGAGGGACAAT-1
GRCh38,GTAAGCTGTATGAAGG-1
GRCh38,GTAAGCTGTCGTACCT-1
GRCh38,GTAAGCTGTGGCTTTC-1
GRCh38,GTAAGGAGTAAAGCTC-1
GRCh38,GTAAGGAGTCTAAGCG-1
GRCh38,GTAAGGAGTCTAATGA-1
GRCh38,GTAAGGAGTGCTCCTG-1
GRCh38,GTAAGGAGTGGTACTG-1
GRCh38,GTAAGGTAGACGGAGC-1
GRCh38,GTAAGGTAGCCTAGCG-1
GRCh38,GTAAGGTAGCCTGGCA-1
GRCh38,GTAAGTAAGCCATGGT-1
GRCh38,GTAAGTAAGCTGCTAA-1
GRCh38,GTAAGTAAGGTGAGTG-1
GRCh38,GTAAGTCGTGCTAGAT-1
GRCh38,GTAATGAAGATTCAGT-1
GRCh38,GTAATGAAGCTGCACG-1
GRCh38,GTAATTATCCGGCGTA-1
GRCh38,GTAATTGGTACCTTTG-1
GRCh38,GTAATTGGTACGTGAT-1
GRCh38,GTAATTGGTGCATAGT-1
GRCh38,GTAATTGGTGGGTTAT-1
GRCh38,GTACAAGCACAATAGG-1
GRCh38,GTACAAGCAGGACTTT-1
GRCh38,GTACAATTCCCCTAAT-1
GRCh38,GTACAATTCGGGCCTA-1
GRCh38,GTACATGTCCGAAGTC-1
GRCh38,GTACATGTCGTTCTAC-1
GRCh38,GTACCCGAGCCTGCAG-1
GRCh38,GTACCCGAGGTAAGAC-1
GRCh38,GTACCCTGTATAAGCC-1
GRCh38,GTACCCTGTGTTCGCT-1
GRCh38,GTACCTTTCCCTCTAG-1
GRCh38,GTACGAACACCTAAAC-1
GRCh38,GTACGAACACTAGCGC-1
GRCh38,GTACGAACACTTAGCG-1
GRCh38,GTACGCCCAACCTAAC-1
GRCh38,GTACGCCCAGGAATCA-1
GRCh38,GTACGGTTCACGCGCA-1
GRCh38,GTACGGTTCGTATCGA-1
GRCh38,GTACGTATCATAACTA-1
GRCh38,GTACGTATCCCGCACT-1
GRCh38,GTACGTCAGACTGCGT-1
GRCh38,GTACGTCAGCTATAAC-1
GRCh38,GTACGTGGTGCGTATG-1
GRCh38,GTACGTGGTGGTTCAG-1
GRCh38,GTACTCCGTCAATATG-1
GRCh38,GTACTCCGTCATTCCA-1
GRCh38,GTACTCCGTCGCTCTG-1
GRCh38,GTACTCGCAGCTTCAG-1
GRCh38,GTACTTACACTCCATC-1
GRCh38,GTACTTCTCCAACACA-1
GRCh38,GTAGAAGGTCGATGGC-1
GRCh38,GTAGAAGGTGTGTCCT-1
GRCh38,GTAGACGAGGCTATGC-1
GRCh38,GTAGACGAGGGTAGTG-1
GRCh38,GTAGAGTAGATGGAGT-1
GRCh38,GTAGATTTCCATCTGT-1
GRCh38,GTAGATTTCGTCCTGC-1
GRCh38,GTAGCACTCCACACCC-1
GRCh38,GTAGCAGAGCCATCGG-1
GRCh38,GTAGCCCCAAGACGAC-1
GRCh38,GTAGCCCCAATCGCAT-1
GRCh38,GTAGCCCCACAAGGCG-1
GRCh38,GTAGCCCCAGGGCTAG-1
GRCh38,GTAGCTCAGACAATAG-1
GRCh38,GTAGGCTTCAAGCGTC-1
GRCh38,GTAGGTGAGAGCCGAA-1
GRCh38,GTAGGTGAGAGTCTTG-1
GRCh38,GTAGGTGAGATGGTGG-1
GRCh38,GTAGTAGCAACCTAAC-1
GRCh38,GTAGTCATCCTGTTAC-1
GRCh38,GTAGTGCTCAGCCGCA-1
GRCh38,GTAGTGCTCAGGGGTA-1
GRCh38,GTAGTGGAGGGCGGAT-1
GRCh38,GTAGTTGTCAACGCAC-1
GRCh38,GTAGTTGTCGTAGATT-1
GRCh38,GTAGTTTAGAGGACCA-1
GRCh38,GTAGTTTAGCCTAGTA-1
GRCh38,GTAGTTTAGGCGGTTT-1
GRCh38,GTAGTTTAGGTTATCG-1
GRCh38,GTATAACTCAGCGCAT-1
GRCh38,GTATAACTCCGGCCTT-1
GRCh38,GTATAACTCGGGCTTG-1
GRCh38,GTATACCCAACTCACG-1
GRCh38,GTATACGTCCCAGCCT-1
GRCh38,GTATACGTCCGGTAAC-1
GRCh38,GTATACTAGGCAAGCA-1
GRCh38,GTATAGAAGACCCGAT-1
GRCh38,GTATAGAAGCTCAGCG-1
GRCh38,GTATAGCGTAGTCAGT-1
GRCh38,GTATAGGCACCTGACA-1
GRCh38,GTATAGTTCGGCTTAA-1
GRCh38,GTATAGTTCGTAACTG-1
GRCh38,GTATATCAGGGAATTA-1
GRCh38,GTATCACCACGATAAG-1
GRCh38,GTATCCAAGCTGTATG-1
GRCh38,GTATCCAAGGTAAGCG-1
GRCh38,GTATCCCGTCGACGTA-1
GRCh38,GTATCCCGTGGGTGTC-1
GRCh38,GTATCGATCAACCAAT-1
GRCh38,GTATCGATCAGCTGTA-1
GRCh38,GTATCGGGTACGGTCA-1
GRCh38,GTATCTCTCACTCGTT-1
GRCh38,GTATGCATCCTCGAAA-1
GRCh38,GTATGCGGTGGTAGCC-1
GRCh38,GTATGCGGTGTCGAGC-1
GRCh38,GTATGCTCACTGTACG-1
GRCh38,GTATGGACAACCTAGT-1
GRCh38,GTATGGACAAGACAAT-1
GRCh38,GTATGGACACAAGTCT-1
GRCh38,GTATGGACAGCTAATC-1
GRCh38,GTATGGGAGACAACGG-1
GRCh38,GTATGGGAGGGAGTTG-1
GRCh38,GTATGTAGTACTCATT-1
GRCh38,GTATGTAGTGTGCAAT-1
GRCh38,GTATGTCCAATGTGTC-1
GRCh38,GTATGTGTCAACAGCC-1
GRCh38,GTATTAATCCGTATAG-1
GRCh38,GTATTATCAACTCGAT-1
GRCh38,GTATTATCACGGTCGT-1
GRCh38,GTATTCACACTGGAGG-1
GRCh38,GTATTCACAGCTACAT-1
GRCh38,GTATTCCTCCTCGTCA-1
GRCh38,GTATTCGAGGGGTGTA-1
GRCh38,GTATTCTGTAACCCCT-1
GRCh38,GTATTCTGTAAGGTAG-1
GRCh38,GTATTGTAGCAATTGT-1
GRCh38,GTCAACATCCTCTCCT-1
GRCh38,GTCAACATCGCATTAG-1
GRCh38,GTCAACTCAACCATCG-1
GRCh38,GTCAACTCAAGCGTCC-1
GRCh38,GTCAAGACACTTCTAT-1
GRCh38,GTCAATCCAACTCGAT-1
GRCh38,GTCAATGTCCACCCTA-1
GRCh38,GTCACCCTCAAGCCAC-1
GRCh38,GTCACGCCAGGAAGCT-1
GRCh38,GTCACGTAGAGGCGAC-1
GRCh38,GTCACGTAGCCGTCAG-1
GRCh38,GTCACGTAGGCCCGTA-1
GRCh38,GTCACGTAGGTCGGAA-1
GRCh38,GTCATACCAACGTCCA-1
GRCh38,GTCATACCAATTCGGT-1
GRCh38,GTCATACCACAGTCAT-1
GRCh38,GTCATCAAGATACGAA-1
GRCh38,GTCATCAAGCAGCCAT-1
GRCh38,GTCATCAAGGGGGTTA-1
GRCh38,GTCATCCGTCTATCGC-1
GRCh38,GTCATCGCAATGTGAG-1
GRCh38,GTCATCTTCAACGTGC-1
GRCh38,GTCATCTTCGTAATCG-1
GRCh38,GTCATCTTCGTTCTAC-1
GRCh38,GTCATGGGTAGAGGGT-1
GRCh38,GTCATGGGTATGAGGA-1
GRCh38,GTCATGGGTGCCCCGT-1
GRCh38,GTCATGGGTGGCAATT-1
GRCh38,GTCATTCTCGTAACCA-1
GRCh38,GTCCAAATCGCTGTGG-1
GRCh38,GTCCAACAGACAAGAC-1
GRCh38,GTCCACGAGAAGTACA-1
GRCh38,GTCCACGAGATGAGTA-1
GRCh38,GTCCATAAGAAAGCCG-1
GRCh38,GTCCATAAGAAAGTCA-1
GRCh38,GTCCATCGTGTTAGCG-1
GRCh38,GTCCATGCACTTCTAT-1
GRCh38,GTCCATGCAGCTTCAG-1
GRCh38,GTCCCCAGTAACATGC-1
GRCh38,GTCCCGAAGACCCGTG-1
GRCh38,GTCCCGAAGCTGTCGG-1
GRCh38,GTCCCGCGTACCTAGG-1
GRCh38,GTCCCGCGTAGTCTCC-1
GRCh38,GTCCCGCGTATAATCG-1
GRCh38,GTCCCGCGTATGTTAG-1
GRCh38,GTCCCTGGTATCTCTG-1
GRCh38,GTCCGATAGCGGATAG-1
GRCh38,GTCCGATAGCTCGATA-1
GRCh38,GTCCGCAAGAGGTTGG-1
GRCh38,GTCCGCCGTAATCCCC-1
GRCh38,GTCCGCCGTGTCGAGC-1
GRCh38,GTCCGCTTCAACGTGC-1
GRCh38,GTCCGGGGTCGCTGCC-1
GRCh38,GTCCGGGGTCGTTAAA-1
GRCh38,GTCCGGGGTGTTGTGG-1
GRCh38,GTCCGTACACGAGCGA-1
GRCh38,GTCCTAAAGCGTGTCG-1
GRCh38,GTCCTAGCACAGCGTC-1
GRCh38,GTCCTAGCACCGGAAG-1
GRCh38,GTCCTATTCCCACATT-1
GRCh38,GTCCTCTCACCAACAT-1
GRCh38,GTCCTCTCAGTGTAAG-1
GRCh38,GTCCTTAGTAGTCTGG-1
GRCh38,GTCCTTAGTGCGATGC-1
GRCh38,GTCCTTAGTGCTCGTT-1
GRCh38,GTCGAACTCCTGATTC-1
GRCh38,GTCGAAGAGGGTGTTC-1
GRCh38,GTCGAATGTAGCTTCC-1
GRCh38,GTCGAATGTCCCTTGG-1
GRCh38,GTCGAATGTGTTCTAT-1
GRCh38,GTCGACTAGAGTTAGA-1
GRCh38,GTCGACTAGGGGCTTT-1
GRCh38,GTCGAGCGTAGAGTAG-1
GRCh38,GTCGAGTTCCCTAGGG-1
GRCh38,GTCGAGTTCCTCCAAT-1
GRCh38,GTCGATGGTAATGGAG-1
GRCh38,GTCGCACCAAAAGCCA-1
GRCh38,GTCGCACCAATAACTT-1
GRCh38,GTCGCATAGATCCCAA-1
GRCh38,GTCGCATAGGCTCATA-1
GRCh38,GTCGCCAAGGTAACCC-1
GRCh38,GTCGCCCGTACATATG-1
GRCh38,GTCGCCCGTGTTCGCT-1
GRCh38,GTCGCGGGTATGTTGA-1
GRCh38,GTCGCGGGTGGCTTAG-1
GRCh38,GTCGCTCTCACCAAAT-1
GRCh38,GTCGCTCTCGCTACTT-1
GRCh38,GTCGCTTGTCACACCT-1
GRCh38,GTCGCTTGTGTAATTG-1
GRCh38,GTCGGAAAGCCATCAA-1
GRCh38,GTCGGAAAGCTCGAAC-1
GRCh38,GTCGGAGCAATACCCG-1
GRCh38,GTCGGCGGTATTATGG-1
GRCh38,GTCGGCGGTCACCCTG-1
GRCh38,GTCGGCGGTCCATAGG-1
GRCh38,GTCGGGTGTACAAGAG-1
GRCh38,GTCGGTCCACTGCTCT-1
GRCh38,GTCGGTTAGGGGAATT-1
GRCh38,GTCGTAATCGCTACTT-1
GRCh38,GTCGTACAGCAAGCGA-1
GRCh38,GTCGTACAGCCGTCAG-1
GRCh38,GTCGTACAGCTAATAC-1
GRCh38,GTCGTAGGTACGGGTC-1
GRCh38,GTCGTAGGTGCGTTAG-1
GRCh38,GTCGTAGGTGGAGTGG-1
GRCh38,GTCGTCTGTAAGGCCC-1
GRCh38,GTCGTCTGTAATGGCT-1
GRCh38,GTCGTCTGTATCTGGG-1
GRCh38,GTCGTCTGTCCGCCGT-1
GRCh38,GTCGTCTGTGGATTTA-1
GRCh38,GTCGTGAGTGTAGAAG-1
GRCh38,GTCTAACCAAATATAG-1
GRCh38,GTCTAACCAATCGCGC-1
GRCh38,GTCTAACCAGCGTATT-1
GRCh38,GTCTACAAGATAAGCA-1
GRCh38,GTCTACAAGCTGTGCG-1
GRCh38,GTCTACAAGGCCCGTA-1
GRCh38,GTCTACAAGGGCTCAT-1
GRCh38,GTCTAGCAGAGTGGCA-1
GRCh38,GTCTAGCAGCCAAAGG-1
GRCh38,GTCTAGGGTCAGCGTA-1
GRCh38,GTCTATACACTCACCT-1
GRCh38,GTCTATGAGGTCCATA-1
GRCh38,GTCTCATTCCAATATA-1
GRCh38,GTCTCATTCCACGTAA-1
GRCh38,GTCTCCATCACCTACT-1
GRCh38,GTCTCCATCCAGGTGT-1
GRCh38,GTCTCCCAGACAAGAC-1
GRCh38,GTCTCCCAGATGCATT-1
GRCh38,GTCTCCGGTGTCCCGC-1
GRCh38,GTCTCGACAAAACGAT-1
GRCh38,GTCTCGCTCATTATCT-1
GRCh38,GTCTCGCTCCTTAGCT-1
GRCh38,GTCTGCACAAATTGAA-1
GRCh38,GTCTGCACAATAAGAC-1
GRCh38,GTCTGCACAATCGCCA-1
GRCh38,GTCTGCACACAAACCT-1
GRCh38,GTCTGCGAGGTTCATG-1
GRCh38,GTCTGGTAGCACCTAA-1
GRCh38,GTCTGGTAGCCATCGG-1
GRCh38,GTCTGGTAGGCCACAT-1
GRCh38,GTCTGGTAGGTATTGT-1
GRCh38,GTCTGTAAGACAATGA-1
GRCh38,GTCTGTAAGGGACAAT-1
GRCh38,GTCTTAACACGTCTAG-1
GRCh38,GTCTTAACAGTCCGTA-1
GRCh38,GTCTTATGTCCCTGAT-1
GRCh38,GTCTTATGTGGACGCT-1
GRCh38,GTCTTCAGTACCTGTC-1
GRCh38,GTCTTCAGTCACTATT-1
GRCh38,GTCTTCCCACCGGACT-1
GRCh38,GTCTTCCCACGCGAAG-1
GRCh38,GTCTTCCCAGTCTTCC-1
GRCh38,GTCTTCGTCAACTCCT-1
GRCh38,GTCTTCGTCAGGGTTC-1
GRCh38,GTCTTCGTCATAGTAC-1
GRCh38,GTCTTCGTCCTATCAC-1
GRCh38,GTGAAATCACGTAACT-1
GRCh38,GTGAACCTCGCTTCCA-1
GRCh38,GTGAAGCCAACTGAGA-1
GRCh38,GTGAAGCCAATATCTG-1
GRCh38,GTGAAGCCACGCAGGA-1
GRCh38,GTGACCCCACCACACA-1
GRCh38,GTGAGATAGAAACGGT-1
GRCh38,GTGAGCGCAATGGTAG-1
GRCh38,GTGAGCGCACCATCGA-1
GRCh38,GTGAGGTCACTAACGT-1
GRCh38,GTGAGTGAGCATACAT-1
GRCh38,GTGAGTGAGGTTCGAC-1
GRCh38,GTGAGTTGTAACGCCA-1
GRCh38,GTGAGTTGTCATCTCA-1
GRCh38,GTGAGTTGTCGAAGCC-1
GRCh38,GTGATAGCAAACCTTA-1
GRCh38,GTGATAGCAACCTAAC-1
GRCh38,GTGATAGCACGCAACC-1
GRCh38,GTGATAGCACGGCTAC-1
GRCh38,GTGATTCCACAACTAC-1
GRCh38,GTGATTCCAGGATTTC-1
GRCh38,GTGCAACTCAACCATG-1
GRCh38,GTGCAACTCCATTCCG-1
GRCh38,GTGCAATGTGGGACTC-1
GRCh38,GTGCAATGTGTCGGCG-1
GRCh38,GTGCACCCAAACGGTA-1
GRCh38,GTGCAGGCACGTACAT-1
GRCh38,GTGCATTCAAGCGAGT-1
GRCh38,GTGCATTCAGGACCTC-1
GRCh38,GTGCCCAAGAAGCATA-1
GRCh38,GTGCCCAAGCGACAGA-1
GRCh38,GTGCCCAAGCGGTCAT-1
GRCh38,GTGCCCAAGCTGATAT-1
GRCh38,GTGCCCCGTAGGACTT-1
GRCh38,GTGCCCCGTAGGGGAT-1
GRCh38,GTGCCCCGTCGCCCTA-1
GRCh38,GTGCCGGGTATATTCC-1
GRCh38,GTGCCTTGTGGATGTT-1
GRCh38,GTGCCTTGTGGCTATG-1
GRCh38,GTGCGAAAGATTGCAT-1
GRCh38,GTGCGAAAGCACTCCC-1
GRCh38,GTGCGAAAGGCTCGAT-1
GRCh38,GTGCGAGCAGTATGTC-1
GRCh38,GTGCGCATCATGCAGC-1
GRCh38,GTGCGCATCCCACTCA-1
GRCh38,GTGCGTCCACAATTCA-1
GRCh38,GTGCGTCCAGGAATCA-1
GRCh38,GTGCGTTAGGGGATTG-1
GRCh38,GTGCTAATCGTTCATC-1
GRCh38,GTGCTACAGAGCATGG-1
GRCh38,GTGCTACAGCATAGCC-1
GRCh38,GTGCTCCTCCGCTTCA-1
GRCh38,GTGGACGCACACGTCA-1
GRCh38,GTGGCAGCACAATGTC-1
GRCh38,GTGGCAGCACAGTTAC-1
GRCh38,GTGGCATTCCCCAACC-1
GRCh38,GTGGCATTCCCTAGGG-1
GRCh38,GTGGCATTCCGATAAT-1
GRCh38,GTGGCATTCCTGATTC-1
GRCh38,GTGGCATTCGCTGTGG-1
GRCh38,GTGGCCATCAGACATT-1
GRCh38,GTGGCCGGTAGCGGAG-1
GRCh38,GTGGCCGGTCGAAGGG-1
GRCh38,GTGGCGACACCAGATT-1
GRCh38,GTGGGCTGTAAGTCCG-1
GRCh38,GTGGGCTGTCCACGGG-1
GRCh38,GTGGGCTGTGCGAATT-1
GRCh38,GTGGGTAAGATTAAGG-1
GRCh38,GTGGGTAAGCTCGTAA-1
GRCh38,GTGGGTTTCAGTGGCT-1
GRCh38,GTGGGTTTCGCTTCCA-1
GRCh38,GTGGTAACAAATACAA-1
GRCh38,GTGGTAACACCATTAA-1
GRCh38,GTGGTCAGTACGCTGA-1
GRCh38,GTGGTGCGTACACCCT-1
GRCh38,GTGGTGCGTAGGCCGT-1
GRCh38,GTGGTGCGTGGAAATG-1
GRCh38,GTGGTTATCATCAGGC-1
GRCh38,GTGGTTATCATGAAAG-1
GRCh38,GTGTAATTCGGTTACA-1
GRCh38,GTGTAGTGTCACACTC-1
GRCh38,GTGTATAGTCACACCT-1
GRCh38,GTGTATGTCGGGTCAT-1
GRCh38,GTGTATTAGCCCAACG-1
GRCh38,GTGTATTAGGCCATGT-1
GRCh38,GTGTATTAGGGACGTA-1
GRCh38,GTGTCAATCCAAACCA-1
GRCh38,GTGTCAATCGGCTTAA-1
GRCh38,GTGTCAGGTCCGTTTA-1
GRCh38,GTGTCATCAACCCGTA-1
GRCh38,GTGTCATCAATTAAAG-1
GRCh38,GTGTCCTGTCGCTAAG-1
GRCh38,GTGTCGGTCACGTATG-1
GRCh38,GTGTCGTAGATGCGGA-1
GRCh38,GTGTCTCGTCCAAGAT-1
GRCh38,GTGTCTCGTCTTGTAT-1
GRCh38,GTGTGATGTCAATCCC-1
GRCh38,GTGTGCAGTACGTCAG-1
GRCh38,GTGTGCAGTGCGTCTT-1
GRCh38,GTGTTAAGTAAGGTCT-1
GRCh38,GTGTTATAGAGTGTAA-1
GRCh38,GTGTTGGGTAAAGTGG-1
GRCh38,GTTAAGCGTCAGGTGC-1
GRCh38,GTTAATATCCAGGGTT-1
GRCh38,GTTAATCAGACTAATC-1
GRCh38,GTTAATCAGCAGCCAT-1
GRCh38,GTTAATCAGGTCATCA-1
GRCh38,GTTAATGGTATGAGCT-1
GRCh38,GTTACCCGTAGCGGTC-1
GRCh38,GTTACCCGTCAATCGG-1
GRCh38,GTTACCCGTGCATTCC-1
GRCh38,GTTACCGCAATGGCCC-1
GRCh38,GTTACCTTCACCACTT-1
GRCh38,GTTACCTTCAGCCGTG-1
GRCh38,GTTACGGGTAGACTCG-1
GRCh38,GTTACGGGTCACGTAG-1
GRCh38,GTTACGGGTCACTCCG-1
GRCh38,GTTACTCTCACTATAA-1
GRCh38,GTTACTCTCAGTTGCA-1
GRCh38,GTTACTCTCATGTCAG-1
GRCh38,GTTACTTGTGTGTTAA-1
GRCh38,GTTAGAGCAGGGTCAG-1
GRCh38,GTTAGCCAGCATAGGG-1
GRCh38,GTTAGCTCAAACGAGC-1
GRCh38,GTTAGCTCAGTGATTC-1
GRCh38,GTTAGGCTCAGTAAAG-1
GRCh38,GTTAGGCTCCGCTTGC-1
GRCh38,GTTAGGGAGCCATAAT-1
GRCh38,GTTAGGGAGGGTTGTC-1
GRCh38,GTTAGGTGTCCGGTAA-1
GRCh38,GTTAGGTGTCTATCCA-1
GRCh38,GTTAGTAGTACCCATC-1
GRCh38,GTTAGTAGTCTATTCG-1
GRCh38,GTTAGTTAGAACCCCG-1
GRCh38,GTTAGTTAGGCAACAG-1
GRCh38,GTTAGTTAGGCTTCCC-1
GRCh38,GTTATAATCCACAGGT-1
GRCh38,GTTATAATCCACCCGT-1
GRCh38,GTTATAATCCTGATTC-1
GRCh38,GTTATAGGTGCAATCG-1
GRCh38,GTTATCGAGATACAAG-1
GRCh38,GTTATCGAGGCTCGAT-1
GRCh38,GTTATCGAGGTAAATG-1
GRCh38,GTTATGAGTAAGCGTT-1
GRCh38,GTTATGAGTATTATGG-1
GRCh38,GTTATGGTCGTCTTAC-1
GRCh38,GTTATGTAGAACCATT-1
GRCh38,GTTATGTAGAGTTTCG-1
GRCh38,GTTATGTAGCGAGTCT-1
GRCh38,GTTATGTAGCTTAGCA-1
GRCh38,GTTATGTAGGCCTATA-1
GRCh38,GTTATGTAGGTCGAAG-1
GRCh38,GTTCACGCACCTAGGC-1
GRCh38,GTTCACTTCATCGGGT-1
GRCh38,GTTCACTTCGTATGTG-1
GRCh38,GTTCAGCAGACGCGAA-1
GRCh38,GTTCAGGGTCGATGAT-1
GRCh38,GTTCAGGGTGTGGTGC-1
GRCh38,GTTCATGAGACCCAAC-1
GRCh38,GTTCATGAGAGTATAG-1
GRCh38,GTTCATTGTAGGAGGT-1
GRCh38,GTTCATTGTCAAACGT-1
GRCh38,GTTCATTGTCCGGCCT-1
GRCh38,GTTCGACAGCTGGTCG-1
GRCh38,GTTCGACAGCTTGTGA-1
GRCh38,GTTCGAGGTACTCCCG-1
GRCh38,GTTCGAGGTCACTCCG-1
GRCh38,GTTCGAGGTCGGTATG-1
GRCh38,GTTCGCACAGCAAGAC-1
GRCh38,GTTCGCCTCCGGCACA-1
GRCh38,GTTCGCGAGGCAACGA-1
GRCh38,GTTCGCTGTCAATCGG-1
GRCh38,GTTCGGGTCCCTTCCT-1
GRCh38,GTTCGTCGTAACTCGG-1
GRCh38,GTTCTATGTACTACCC-1
GRCh38,GTTCTCAGTACCCCTG-1
GRCh38,GTTCTCAGTCAAGTTA-1
GRCh38,GTTCTCAGTCACTTAT-1
GRCh38,GTTGAAGCAACTTCAA-1
GRCh38,GTTGACATCATACCCT-1
GRCh38,GTTGATCCAAATCCCG-1
GRCh38,GTTGATCCACATTCCC-1
GRCh38,GTTGATCCACCTTGAG-1
GRCh38,GTTGATTAGCAATACT-1
GRCh38,GTTGATTAGCAGGCTT-1
GRCh38,GTTGATTAGCCGGATT-1
GRCh38,GTTGCAATCAAGCATT-1
GRCh38,GTTGCAGGTCCTTATG-1
GRCh38,GTTGCCCTCATGACCA-1
GRCh38,GTTGCCCTCATTGTGG-1
GRCh38,GTTGCCGAGAAACGGT-1
GRCh38,GTTGCCGAGAACTTGT-1
GRCh38,GTTGCGCCAAGGGCAT-1
GRCh38,GTTGCGCCAATAAGTA-1
GRCh38,GTTGCGCCAGTTGAGA-1
GRCh38,GTTGCGTAGCATTTGG-1
GRCh38,GTTGCGTAGGTAGCAG-1
GRCh38,GTTGCTTTCAACAGCC-1
GRCh38,GTTGCTTTCCATAGCA-1
GRCh38,GTTGGAACACAGGACG-1
GRCh38,GTTGGAGAGGTTCGAC-1
GRCh38,GTTGGATGTGTGTCGA-1
GRCh38,GTTGGGCGTATGATGC-1
GRCh38,GTTGGGCGTCCTGATC-1
GRCh38,GTTGGGGCAATCCGGC-1
GRCh38,GTTGGGGCAATCTGAC-1
GRCh38,GTTGGGTTCGTCAACA-1
GRCh38,GTTGGTCAGACGCCAT-1
GRCh38,GTTGGTCAGACTGTTG-1
GRCh38,GTTGGTCAGGTACCCG-1
GRCh38,GTTGGTTCAGTAGCGG-1
GRCh38,GTTGTAAGTATGCTGG-1
GRCh38,GTTGTAAGTGTCGTAG-1
GRCh38,GTTGTATAGGTAAGGT-1
GRCh38,GTTGTATAGGTATGGG-1
GRCh38,GTTGTCCGTAACATGC-1
GRCh38,GTTGTGGGTCCGTTTA-1
GRCh38,GTTGTGGGTCTTCTAG-1
